[2026-05-19T13:25:22.542+0000] {processor.py:161} INFO - Started process (PID=96) to work on /home/airflow/.local/lib/python3.12/site-packages/airflow/example_dags/example_bash_decorator.py
[2026-05-19T13:25:22.549+0000] {processor.py:830} INFO - Processing file /home/airflow/.local/lib/python3.12/site-packages/airflow/example_dags/example_bash_decorator.py for tasks to queue
[2026-05-19T13:25:22.558+0000] {logging_mixin.py:188} INFO - [2026-05-19T13:25:22.557+0000] {dagbag.py:545} INFO - Filling up the DagBag from /home/airflow/.local/lib/python3.12/site-packages/airflow/example_dags/example_bash_decorator.py
[2026-05-19T13:25:22.666+0000] {processor.py:840} INFO - DAG(s) 'example_bash_decorator' retrieved from /home/airflow/.local/lib/python3.12/site-packages/airflow/example_dags/example_bash_decorator.py
[2026-05-19T13:25:23.181+0000] {logging_mixin.py:188} INFO - [2026-05-19T13:25:23.179+0000] {override.py:1829} INFO - Created Permission View: can read on DAG:example_bash_decorator
[2026-05-19T13:25:23.228+0000] {logging_mixin.py:188} INFO - [2026-05-19T13:25:23.224+0000] {override.py:1829} INFO - Created Permission View: can edit on DAG:example_bash_decorator
[2026-05-19T13:25:23.259+0000] {logging_mixin.py:188} INFO - [2026-05-19T13:25:23.258+0000] {override.py:1829} INFO - Created Permission View: can delete on DAG:example_bash_decorator
[2026-05-19T13:25:23.261+0000] {logging_mixin.py:188} INFO - [2026-05-19T13:25:23.260+0000] {dag.py:3096} INFO - Sync 1 DAGs
[2026-05-19T13:25:23.305+0000] {logging_mixin.py:188} INFO - [2026-05-19T13:25:23.304+0000] {dag.py:3118} INFO - Creating ORM DAG for example_bash_decorator
[2026-05-19T13:25:23.308+0000] {logging_mixin.py:188} INFO - [2026-05-19T13:25:23.307+0000] {dag.py:3954} INFO - Setting next_dagrun for example_bash_decorator to None, run_after=None
[2026-05-19T13:25:23.368+0000] {processor.py:183} INFO - Processing /home/airflow/.local/lib/python3.12/site-packages/airflow/example_dags/example_bash_decorator.py took 0.856 seconds
[2026-05-19T13:25:53.722+0000] {processor.py:161} INFO - Started process (PID=154) to work on /home/airflow/.local/lib/python3.12/site-packages/airflow/example_dags/example_bash_decorator.py
[2026-05-19T13:25:53.725+0000] {processor.py:830} INFO - Processing file /home/airflow/.local/lib/python3.12/site-packages/airflow/example_dags/example_bash_decorator.py for tasks to queue
[2026-05-19T13:25:53.732+0000] {logging_mixin.py:188} INFO - [2026-05-19T13:25:53.731+0000] {dagbag.py:545} INFO - Filling up the DagBag from /home/airflow/.local/lib/python3.12/site-packages/airflow/example_dags/example_bash_decorator.py
[2026-05-19T13:25:53.785+0000] {processor.py:840} INFO - DAG(s) 'example_bash_decorator' retrieved from /home/airflow/.local/lib/python3.12/site-packages/airflow/example_dags/example_bash_decorator.py
[2026-05-19T13:25:53.847+0000] {logging_mixin.py:188} INFO - [2026-05-19T13:25:53.846+0000] {dag.py:3096} INFO - Sync 1 DAGs
[2026-05-19T13:25:53.870+0000] {logging_mixin.py:188} INFO - [2026-05-19T13:25:53.870+0000] {dag.py:3954} INFO - Setting next_dagrun for example_bash_decorator to None, run_after=None
[2026-05-19T13:25:53.919+0000] {processor.py:183} INFO - Processing /home/airflow/.local/lib/python3.12/site-packages/airflow/example_dags/example_bash_decorator.py took 0.216 seconds
[2026-05-19T13:26:24.055+0000] {processor.py:161} INFO - Started process (PID=212) to work on /home/airflow/.local/lib/python3.12/site-packages/airflow/example_dags/example_bash_decorator.py
[2026-05-19T13:26:24.057+0000] {processor.py:830} INFO - Processing file /home/airflow/.local/lib/python3.12/site-packages/airflow/example_dags/example_bash_decorator.py for tasks to queue
[2026-05-19T13:26:24.061+0000] {logging_mixin.py:188} INFO - [2026-05-19T13:26:24.061+0000] {dagbag.py:545} INFO - Filling up the DagBag from /home/airflow/.local/lib/python3.12/site-packages/airflow/example_dags/example_bash_decorator.py
[2026-05-19T13:26:24.079+0000] {processor.py:840} INFO - DAG(s) 'example_bash_decorator' retrieved from /home/airflow/.local/lib/python3.12/site-packages/airflow/example_dags/example_bash_decorator.py
[2026-05-19T13:26:24.107+0000] {logging_mixin.py:188} INFO - [2026-05-19T13:26:24.107+0000] {dag.py:3096} INFO - Sync 1 DAGs
[2026-05-19T13:26:24.119+0000] {logging_mixin.py:188} INFO - [2026-05-19T13:26:24.118+0000] {dag.py:3954} INFO - Setting next_dagrun for example_bash_decorator to None, run_after=None
[2026-05-19T13:26:24.137+0000] {processor.py:183} INFO - Processing /home/airflow/.local/lib/python3.12/site-packages/airflow/example_dags/example_bash_decorator.py took 0.087 seconds
[2026-05-19T13:26:54.425+0000] {processor.py:161} INFO - Started process (PID=270) to work on /home/airflow/.local/lib/python3.12/site-packages/airflow/example_dags/example_bash_decorator.py
[2026-05-19T13:26:54.427+0000] {processor.py:830} INFO - Processing file /home/airflow/.local/lib/python3.12/site-packages/airflow/example_dags/example_bash_decorator.py for tasks to queue
[2026-05-19T13:26:54.429+0000] {logging_mixin.py:188} INFO - [2026-05-19T13:26:54.428+0000] {dagbag.py:545} INFO - Filling up the DagBag from /home/airflow/.local/lib/python3.12/site-packages/airflow/example_dags/example_bash_decorator.py
[2026-05-19T13:26:54.446+0000] {processor.py:840} INFO - DAG(s) 'example_bash_decorator' retrieved from /home/airflow/.local/lib/python3.12/site-packages/airflow/example_dags/example_bash_decorator.py
[2026-05-19T13:26:54.475+0000] {logging_mixin.py:188} INFO - [2026-05-19T13:26:54.474+0000] {dag.py:3096} INFO - Sync 1 DAGs
[2026-05-19T13:26:54.489+0000] {logging_mixin.py:188} INFO - [2026-05-19T13:26:54.489+0000] {dag.py:3954} INFO - Setting next_dagrun for example_bash_decorator to None, run_after=None
[2026-05-19T13:26:54.516+0000] {processor.py:183} INFO - Processing /home/airflow/.local/lib/python3.12/site-packages/airflow/example_dags/example_bash_decorator.py took 0.099 seconds
[2026-05-19T13:27:24.936+0000] {processor.py:161} INFO - Started process (PID=328) to work on /home/airflow/.local/lib/python3.12/site-packages/airflow/example_dags/example_bash_decorator.py
[2026-05-19T13:27:24.938+0000] {processor.py:830} INFO - Processing file /home/airflow/.local/lib/python3.12/site-packages/airflow/example_dags/example_bash_decorator.py for tasks to queue
[2026-05-19T13:27:24.943+0000] {logging_mixin.py:188} INFO - [2026-05-19T13:27:24.942+0000] {dagbag.py:545} INFO - Filling up the DagBag from /home/airflow/.local/lib/python3.12/site-packages/airflow/example_dags/example_bash_decorator.py
[2026-05-19T13:27:24.969+0000] {processor.py:840} INFO - DAG(s) 'example_bash_decorator' retrieved from /home/airflow/.local/lib/python3.12/site-packages/airflow/example_dags/example_bash_decorator.py
[2026-05-19T13:27:25.012+0000] {logging_mixin.py:188} INFO - [2026-05-19T13:27:25.012+0000] {dag.py:3096} INFO - Sync 1 DAGs
[2026-05-19T13:27:25.030+0000] {logging_mixin.py:188} INFO - [2026-05-19T13:27:25.030+0000] {dag.py:3954} INFO - Setting next_dagrun for example_bash_decorator to None, run_after=None
[2026-05-19T13:27:25.060+0000] {processor.py:183} INFO - Processing /home/airflow/.local/lib/python3.12/site-packages/airflow/example_dags/example_bash_decorator.py took 0.134 seconds
[2026-05-19T13:27:55.531+0000] {processor.py:161} INFO - Started process (PID=385) to work on /home/airflow/.local/lib/python3.12/site-packages/airflow/example_dags/example_bash_decorator.py
[2026-05-19T13:27:55.533+0000] {processor.py:830} INFO - Processing file /home/airflow/.local/lib/python3.12/site-packages/airflow/example_dags/example_bash_decorator.py for tasks to queue
[2026-05-19T13:27:55.538+0000] {logging_mixin.py:188} INFO - [2026-05-19T13:27:55.537+0000] {dagbag.py:545} INFO - Filling up the DagBag from /home/airflow/.local/lib/python3.12/site-packages/airflow/example_dags/example_bash_decorator.py
[2026-05-19T13:27:55.559+0000] {processor.py:840} INFO - DAG(s) 'example_bash_decorator' retrieved from /home/airflow/.local/lib/python3.12/site-packages/airflow/example_dags/example_bash_decorator.py
[2026-05-19T13:27:55.617+0000] {logging_mixin.py:188} INFO - [2026-05-19T13:27:55.617+0000] {dag.py:3096} INFO - Sync 1 DAGs
[2026-05-19T13:27:55.638+0000] {logging_mixin.py:188} INFO - [2026-05-19T13:27:55.638+0000] {dag.py:3954} INFO - Setting next_dagrun for example_bash_decorator to None, run_after=None
[2026-05-19T13:27:55.685+0000] {processor.py:183} INFO - Processing /home/airflow/.local/lib/python3.12/site-packages/airflow/example_dags/example_bash_decorator.py took 0.166 seconds
[2026-05-19T13:28:26.573+0000] {processor.py:161} INFO - Started process (PID=443) to work on /home/airflow/.local/lib/python3.12/site-packages/airflow/example_dags/example_bash_decorator.py
[2026-05-19T13:28:26.575+0000] {processor.py:830} INFO - Processing file /home/airflow/.local/lib/python3.12/site-packages/airflow/example_dags/example_bash_decorator.py for tasks to queue
[2026-05-19T13:28:26.576+0000] {logging_mixin.py:188} INFO - [2026-05-19T13:28:26.576+0000] {dagbag.py:545} INFO - Filling up the DagBag from /home/airflow/.local/lib/python3.12/site-packages/airflow/example_dags/example_bash_decorator.py
[2026-05-19T13:28:26.589+0000] {processor.py:840} INFO - DAG(s) 'example_bash_decorator' retrieved from /home/airflow/.local/lib/python3.12/site-packages/airflow/example_dags/example_bash_decorator.py
[2026-05-19T13:28:26.614+0000] {logging_mixin.py:188} INFO - [2026-05-19T13:28:26.614+0000] {dag.py:3096} INFO - Sync 1 DAGs
[2026-05-19T13:28:26.630+0000] {logging_mixin.py:188} INFO - [2026-05-19T13:28:26.629+0000] {dag.py:3954} INFO - Setting next_dagrun for example_bash_decorator to None, run_after=None
[2026-05-19T13:28:26.658+0000] {processor.py:183} INFO - Processing /home/airflow/.local/lib/python3.12/site-packages/airflow/example_dags/example_bash_decorator.py took 0.091 seconds
[2026-05-19T13:28:56.940+0000] {processor.py:161} INFO - Started process (PID=501) to work on /home/airflow/.local/lib/python3.12/site-packages/airflow/example_dags/example_bash_decorator.py
[2026-05-19T13:28:56.942+0000] {processor.py:830} INFO - Processing file /home/airflow/.local/lib/python3.12/site-packages/airflow/example_dags/example_bash_decorator.py for tasks to queue
[2026-05-19T13:28:56.946+0000] {logging_mixin.py:188} INFO - [2026-05-19T13:28:56.945+0000] {dagbag.py:545} INFO - Filling up the DagBag from /home/airflow/.local/lib/python3.12/site-packages/airflow/example_dags/example_bash_decorator.py
[2026-05-19T13:28:56.966+0000] {processor.py:840} INFO - DAG(s) 'example_bash_decorator' retrieved from /home/airflow/.local/lib/python3.12/site-packages/airflow/example_dags/example_bash_decorator.py
[2026-05-19T13:28:56.998+0000] {logging_mixin.py:188} INFO - [2026-05-19T13:28:56.998+0000] {dag.py:3096} INFO - Sync 1 DAGs
[2026-05-19T13:28:57.014+0000] {logging_mixin.py:188} INFO - [2026-05-19T13:28:57.013+0000] {dag.py:3954} INFO - Setting next_dagrun for example_bash_decorator to None, run_after=None
[2026-05-19T13:28:57.053+0000] {processor.py:183} INFO - Processing /home/airflow/.local/lib/python3.12/site-packages/airflow/example_dags/example_bash_decorator.py took 0.119 seconds
[2026-05-19T13:29:27.127+0000] {processor.py:161} INFO - Started process (PID=558) to work on /home/airflow/.local/lib/python3.12/site-packages/airflow/example_dags/example_bash_decorator.py
[2026-05-19T13:29:27.129+0000] {processor.py:830} INFO - Processing file /home/airflow/.local/lib/python3.12/site-packages/airflow/example_dags/example_bash_decorator.py for tasks to queue
[2026-05-19T13:29:27.133+0000] {logging_mixin.py:188} INFO - [2026-05-19T13:29:27.133+0000] {dagbag.py:545} INFO - Filling up the DagBag from /home/airflow/.local/lib/python3.12/site-packages/airflow/example_dags/example_bash_decorator.py
[2026-05-19T13:29:27.147+0000] {processor.py:840} INFO - DAG(s) 'example_bash_decorator' retrieved from /home/airflow/.local/lib/python3.12/site-packages/airflow/example_dags/example_bash_decorator.py
[2026-05-19T13:29:27.185+0000] {logging_mixin.py:188} INFO - [2026-05-19T13:29:27.185+0000] {dag.py:3096} INFO - Sync 1 DAGs
[2026-05-19T13:29:27.202+0000] {logging_mixin.py:188} INFO - [2026-05-19T13:29:27.202+0000] {dag.py:3954} INFO - Setting next_dagrun for example_bash_decorator to None, run_after=None
[2026-05-19T13:29:27.231+0000] {processor.py:183} INFO - Processing /home/airflow/.local/lib/python3.12/site-packages/airflow/example_dags/example_bash_decorator.py took 0.111 seconds
[2026-05-19T13:30:55.485+0000] {processor.py:161} INFO - Started process (PID=92) to work on /home/airflow/.local/lib/python3.12/site-packages/airflow/example_dags/example_bash_decorator.py
[2026-05-19T13:30:55.487+0000] {processor.py:830} INFO - Processing file /home/airflow/.local/lib/python3.12/site-packages/airflow/example_dags/example_bash_decorator.py for tasks to queue
[2026-05-19T13:30:55.490+0000] {logging_mixin.py:188} INFO - [2026-05-19T13:30:55.489+0000] {dagbag.py:545} INFO - Filling up the DagBag from /home/airflow/.local/lib/python3.12/site-packages/airflow/example_dags/example_bash_decorator.py
[2026-05-19T13:30:55.515+0000] {processor.py:840} INFO - DAG(s) 'example_bash_decorator' retrieved from /home/airflow/.local/lib/python3.12/site-packages/airflow/example_dags/example_bash_decorator.py
[2026-05-19T13:30:55.809+0000] {logging_mixin.py:188} INFO - [2026-05-19T13:30:55.808+0000] {dag.py:3096} INFO - Sync 1 DAGs
[2026-05-19T13:30:55.836+0000] {logging_mixin.py:188} INFO - [2026-05-19T13:30:55.835+0000] {dag.py:3954} INFO - Setting next_dagrun for example_bash_decorator to None, run_after=None
[2026-05-19T13:30:55.881+0000] {processor.py:183} INFO - Processing /home/airflow/.local/lib/python3.12/site-packages/airflow/example_dags/example_bash_decorator.py took 0.407 seconds
[2026-05-19T13:31:26.579+0000] {processor.py:161} INFO - Started process (PID=151) to work on /home/airflow/.local/lib/python3.12/site-packages/airflow/example_dags/example_bash_decorator.py
[2026-05-19T13:31:26.580+0000] {processor.py:830} INFO - Processing file /home/airflow/.local/lib/python3.12/site-packages/airflow/example_dags/example_bash_decorator.py for tasks to queue
[2026-05-19T13:31:26.582+0000] {logging_mixin.py:188} INFO - [2026-05-19T13:31:26.582+0000] {dagbag.py:545} INFO - Filling up the DagBag from /home/airflow/.local/lib/python3.12/site-packages/airflow/example_dags/example_bash_decorator.py
[2026-05-19T13:31:26.602+0000] {processor.py:840} INFO - DAG(s) 'example_bash_decorator' retrieved from /home/airflow/.local/lib/python3.12/site-packages/airflow/example_dags/example_bash_decorator.py
[2026-05-19T13:31:26.641+0000] {logging_mixin.py:188} INFO - [2026-05-19T13:31:26.641+0000] {dag.py:3096} INFO - Sync 1 DAGs
[2026-05-19T13:31:26.659+0000] {logging_mixin.py:188} INFO - [2026-05-19T13:31:26.659+0000] {dag.py:3954} INFO - Setting next_dagrun for example_bash_decorator to None, run_after=None
[2026-05-19T13:31:26.695+0000] {processor.py:183} INFO - Processing /home/airflow/.local/lib/python3.12/site-packages/airflow/example_dags/example_bash_decorator.py took 0.123 seconds
[2026-05-19T13:31:56.886+0000] {processor.py:161} INFO - Started process (PID=210) to work on /home/airflow/.local/lib/python3.12/site-packages/airflow/example_dags/example_bash_decorator.py
[2026-05-19T13:31:56.889+0000] {processor.py:830} INFO - Processing file /home/airflow/.local/lib/python3.12/site-packages/airflow/example_dags/example_bash_decorator.py for tasks to queue
[2026-05-19T13:31:56.896+0000] {logging_mixin.py:188} INFO - [2026-05-19T13:31:56.895+0000] {dagbag.py:545} INFO - Filling up the DagBag from /home/airflow/.local/lib/python3.12/site-packages/airflow/example_dags/example_bash_decorator.py
[2026-05-19T13:31:56.941+0000] {processor.py:840} INFO - DAG(s) 'example_bash_decorator' retrieved from /home/airflow/.local/lib/python3.12/site-packages/airflow/example_dags/example_bash_decorator.py
[2026-05-19T13:31:57.005+0000] {logging_mixin.py:188} INFO - [2026-05-19T13:31:57.005+0000] {dag.py:3096} INFO - Sync 1 DAGs
[2026-05-19T13:31:57.050+0000] {logging_mixin.py:188} INFO - [2026-05-19T13:31:57.050+0000] {dag.py:3954} INFO - Setting next_dagrun for example_bash_decorator to None, run_after=None
[2026-05-19T13:31:57.105+0000] {processor.py:183} INFO - Processing /home/airflow/.local/lib/python3.12/site-packages/airflow/example_dags/example_bash_decorator.py took 0.230 seconds
[2026-05-19T13:32:28.057+0000] {processor.py:161} INFO - Started process (PID=269) to work on /home/airflow/.local/lib/python3.12/site-packages/airflow/example_dags/example_bash_decorator.py
[2026-05-19T13:32:28.058+0000] {processor.py:830} INFO - Processing file /home/airflow/.local/lib/python3.12/site-packages/airflow/example_dags/example_bash_decorator.py for tasks to queue
[2026-05-19T13:32:28.061+0000] {logging_mixin.py:188} INFO - [2026-05-19T13:32:28.060+0000] {dagbag.py:545} INFO - Filling up the DagBag from /home/airflow/.local/lib/python3.12/site-packages/airflow/example_dags/example_bash_decorator.py
[2026-05-19T13:32:28.075+0000] {processor.py:840} INFO - DAG(s) 'example_bash_decorator' retrieved from /home/airflow/.local/lib/python3.12/site-packages/airflow/example_dags/example_bash_decorator.py
[2026-05-19T13:32:28.108+0000] {logging_mixin.py:188} INFO - [2026-05-19T13:32:28.108+0000] {dag.py:3096} INFO - Sync 1 DAGs
[2026-05-19T13:32:28.129+0000] {logging_mixin.py:188} INFO - [2026-05-19T13:32:28.129+0000] {dag.py:3954} INFO - Setting next_dagrun for example_bash_decorator to None, run_after=None
[2026-05-19T13:32:28.156+0000] {processor.py:183} INFO - Processing /home/airflow/.local/lib/python3.12/site-packages/airflow/example_dags/example_bash_decorator.py took 0.107 seconds
[2026-05-19T13:32:58.621+0000] {processor.py:161} INFO - Started process (PID=328) to work on /home/airflow/.local/lib/python3.12/site-packages/airflow/example_dags/example_bash_decorator.py
[2026-05-19T13:32:58.624+0000] {processor.py:830} INFO - Processing file /home/airflow/.local/lib/python3.12/site-packages/airflow/example_dags/example_bash_decorator.py for tasks to queue
[2026-05-19T13:32:58.629+0000] {logging_mixin.py:188} INFO - [2026-05-19T13:32:58.628+0000] {dagbag.py:545} INFO - Filling up the DagBag from /home/airflow/.local/lib/python3.12/site-packages/airflow/example_dags/example_bash_decorator.py
[2026-05-19T13:32:58.666+0000] {processor.py:840} INFO - DAG(s) 'example_bash_decorator' retrieved from /home/airflow/.local/lib/python3.12/site-packages/airflow/example_dags/example_bash_decorator.py
[2026-05-19T13:32:58.759+0000] {logging_mixin.py:188} INFO - [2026-05-19T13:32:58.758+0000] {dag.py:3096} INFO - Sync 1 DAGs
[2026-05-19T13:32:58.808+0000] {logging_mixin.py:188} INFO - [2026-05-19T13:32:58.808+0000] {dag.py:3954} INFO - Setting next_dagrun for example_bash_decorator to None, run_after=None
[2026-05-19T13:32:58.867+0000] {processor.py:183} INFO - Processing /home/airflow/.local/lib/python3.12/site-packages/airflow/example_dags/example_bash_decorator.py took 0.267 seconds
[2026-05-19T13:33:29.542+0000] {processor.py:161} INFO - Started process (PID=387) to work on /home/airflow/.local/lib/python3.12/site-packages/airflow/example_dags/example_bash_decorator.py
[2026-05-19T13:33:29.548+0000] {processor.py:830} INFO - Processing file /home/airflow/.local/lib/python3.12/site-packages/airflow/example_dags/example_bash_decorator.py for tasks to queue
[2026-05-19T13:33:29.576+0000] {logging_mixin.py:188} INFO - [2026-05-19T13:33:29.575+0000] {dagbag.py:545} INFO - Filling up the DagBag from /home/airflow/.local/lib/python3.12/site-packages/airflow/example_dags/example_bash_decorator.py
[2026-05-19T13:33:29.647+0000] {processor.py:840} INFO - DAG(s) 'example_bash_decorator' retrieved from /home/airflow/.local/lib/python3.12/site-packages/airflow/example_dags/example_bash_decorator.py
[2026-05-19T13:33:29.796+0000] {logging_mixin.py:188} INFO - [2026-05-19T13:33:29.796+0000] {dag.py:3096} INFO - Sync 1 DAGs
[2026-05-19T13:33:29.852+0000] {logging_mixin.py:188} INFO - [2026-05-19T13:33:29.852+0000] {dag.py:3954} INFO - Setting next_dagrun for example_bash_decorator to None, run_after=None
[2026-05-19T13:33:29.920+0000] {processor.py:183} INFO - Processing /home/airflow/.local/lib/python3.12/site-packages/airflow/example_dags/example_bash_decorator.py took 0.397 seconds
[2026-05-19T13:34:00.811+0000] {processor.py:161} INFO - Started process (PID=446) to work on /home/airflow/.local/lib/python3.12/site-packages/airflow/example_dags/example_bash_decorator.py
[2026-05-19T13:34:00.813+0000] {processor.py:830} INFO - Processing file /home/airflow/.local/lib/python3.12/site-packages/airflow/example_dags/example_bash_decorator.py for tasks to queue
[2026-05-19T13:34:00.818+0000] {logging_mixin.py:188} INFO - [2026-05-19T13:34:00.816+0000] {dagbag.py:545} INFO - Filling up the DagBag from /home/airflow/.local/lib/python3.12/site-packages/airflow/example_dags/example_bash_decorator.py
[2026-05-19T13:34:00.837+0000] {processor.py:840} INFO - DAG(s) 'example_bash_decorator' retrieved from /home/airflow/.local/lib/python3.12/site-packages/airflow/example_dags/example_bash_decorator.py
[2026-05-19T13:34:00.875+0000] {logging_mixin.py:188} INFO - [2026-05-19T13:34:00.874+0000] {dag.py:3096} INFO - Sync 1 DAGs
[2026-05-19T13:34:00.897+0000] {logging_mixin.py:188} INFO - [2026-05-19T13:34:00.897+0000] {dag.py:3954} INFO - Setting next_dagrun for example_bash_decorator to None, run_after=None
[2026-05-19T13:34:00.925+0000] {processor.py:183} INFO - Processing /home/airflow/.local/lib/python3.12/site-packages/airflow/example_dags/example_bash_decorator.py took 0.128 seconds
[2026-05-19T13:34:31.002+0000] {processor.py:161} INFO - Started process (PID=504) to work on /home/airflow/.local/lib/python3.12/site-packages/airflow/example_dags/example_bash_decorator.py
[2026-05-19T13:34:31.003+0000] {processor.py:830} INFO - Processing file /home/airflow/.local/lib/python3.12/site-packages/airflow/example_dags/example_bash_decorator.py for tasks to queue
[2026-05-19T13:34:31.006+0000] {logging_mixin.py:188} INFO - [2026-05-19T13:34:31.006+0000] {dagbag.py:545} INFO - Filling up the DagBag from /home/airflow/.local/lib/python3.12/site-packages/airflow/example_dags/example_bash_decorator.py
[2026-05-19T13:34:31.023+0000] {processor.py:840} INFO - DAG(s) 'example_bash_decorator' retrieved from /home/airflow/.local/lib/python3.12/site-packages/airflow/example_dags/example_bash_decorator.py
[2026-05-19T13:34:31.051+0000] {logging_mixin.py:188} INFO - [2026-05-19T13:34:31.050+0000] {dag.py:3096} INFO - Sync 1 DAGs
[2026-05-19T13:34:31.062+0000] {logging_mixin.py:188} INFO - [2026-05-19T13:34:31.062+0000] {dag.py:3954} INFO - Setting next_dagrun for example_bash_decorator to None, run_after=None
[2026-05-19T13:34:31.091+0000] {processor.py:183} INFO - Processing /home/airflow/.local/lib/python3.12/site-packages/airflow/example_dags/example_bash_decorator.py took 0.094 seconds
[2026-05-19T13:35:01.698+0000] {processor.py:161} INFO - Started process (PID=563) to work on /home/airflow/.local/lib/python3.12/site-packages/airflow/example_dags/example_bash_decorator.py
[2026-05-19T13:35:01.700+0000] {processor.py:830} INFO - Processing file /home/airflow/.local/lib/python3.12/site-packages/airflow/example_dags/example_bash_decorator.py for tasks to queue
[2026-05-19T13:35:01.704+0000] {logging_mixin.py:188} INFO - [2026-05-19T13:35:01.704+0000] {dagbag.py:545} INFO - Filling up the DagBag from /home/airflow/.local/lib/python3.12/site-packages/airflow/example_dags/example_bash_decorator.py
[2026-05-19T13:35:01.719+0000] {processor.py:840} INFO - DAG(s) 'example_bash_decorator' retrieved from /home/airflow/.local/lib/python3.12/site-packages/airflow/example_dags/example_bash_decorator.py
[2026-05-19T13:35:01.744+0000] {logging_mixin.py:188} INFO - [2026-05-19T13:35:01.744+0000] {dag.py:3096} INFO - Sync 1 DAGs
[2026-05-19T13:35:01.755+0000] {logging_mixin.py:188} INFO - [2026-05-19T13:35:01.755+0000] {dag.py:3954} INFO - Setting next_dagrun for example_bash_decorator to None, run_after=None
[2026-05-19T13:35:01.780+0000] {processor.py:183} INFO - Processing /home/airflow/.local/lib/python3.12/site-packages/airflow/example_dags/example_bash_decorator.py took 0.088 seconds
[2026-05-19T13:35:32.422+0000] {processor.py:161} INFO - Started process (PID=622) to work on /home/airflow/.local/lib/python3.12/site-packages/airflow/example_dags/example_bash_decorator.py
[2026-05-19T13:35:32.423+0000] {processor.py:830} INFO - Processing file /home/airflow/.local/lib/python3.12/site-packages/airflow/example_dags/example_bash_decorator.py for tasks to queue
[2026-05-19T13:35:32.425+0000] {logging_mixin.py:188} INFO - [2026-05-19T13:35:32.425+0000] {dagbag.py:545} INFO - Filling up the DagBag from /home/airflow/.local/lib/python3.12/site-packages/airflow/example_dags/example_bash_decorator.py
[2026-05-19T13:35:32.436+0000] {processor.py:840} INFO - DAG(s) 'example_bash_decorator' retrieved from /home/airflow/.local/lib/python3.12/site-packages/airflow/example_dags/example_bash_decorator.py
[2026-05-19T13:35:32.464+0000] {logging_mixin.py:188} INFO - [2026-05-19T13:35:32.464+0000] {dag.py:3096} INFO - Sync 1 DAGs
[2026-05-19T13:35:32.479+0000] {logging_mixin.py:188} INFO - [2026-05-19T13:35:32.478+0000] {dag.py:3954} INFO - Setting next_dagrun for example_bash_decorator to None, run_after=None
[2026-05-19T13:35:32.499+0000] {processor.py:183} INFO - Processing /home/airflow/.local/lib/python3.12/site-packages/airflow/example_dags/example_bash_decorator.py took 0.082 seconds
[2026-05-19T13:36:03.361+0000] {processor.py:161} INFO - Started process (PID=681) to work on /home/airflow/.local/lib/python3.12/site-packages/airflow/example_dags/example_bash_decorator.py
[2026-05-19T13:36:03.364+0000] {processor.py:830} INFO - Processing file /home/airflow/.local/lib/python3.12/site-packages/airflow/example_dags/example_bash_decorator.py for tasks to queue
[2026-05-19T13:36:03.368+0000] {logging_mixin.py:188} INFO - [2026-05-19T13:36:03.367+0000] {dagbag.py:545} INFO - Filling up the DagBag from /home/airflow/.local/lib/python3.12/site-packages/airflow/example_dags/example_bash_decorator.py
[2026-05-19T13:36:03.389+0000] {processor.py:840} INFO - DAG(s) 'example_bash_decorator' retrieved from /home/airflow/.local/lib/python3.12/site-packages/airflow/example_dags/example_bash_decorator.py
[2026-05-19T13:36:03.435+0000] {logging_mixin.py:188} INFO - [2026-05-19T13:36:03.434+0000] {dag.py:3096} INFO - Sync 1 DAGs
[2026-05-19T13:36:03.458+0000] {logging_mixin.py:188} INFO - [2026-05-19T13:36:03.457+0000] {dag.py:3954} INFO - Setting next_dagrun for example_bash_decorator to None, run_after=None
[2026-05-19T13:36:03.497+0000] {processor.py:183} INFO - Processing /home/airflow/.local/lib/python3.12/site-packages/airflow/example_dags/example_bash_decorator.py took 0.145 seconds
[2026-05-19T13:36:33.906+0000] {processor.py:161} INFO - Started process (PID=740) to work on /home/airflow/.local/lib/python3.12/site-packages/airflow/example_dags/example_bash_decorator.py
[2026-05-19T13:36:33.908+0000] {processor.py:830} INFO - Processing file /home/airflow/.local/lib/python3.12/site-packages/airflow/example_dags/example_bash_decorator.py for tasks to queue
[2026-05-19T13:36:33.911+0000] {logging_mixin.py:188} INFO - [2026-05-19T13:36:33.910+0000] {dagbag.py:545} INFO - Filling up the DagBag from /home/airflow/.local/lib/python3.12/site-packages/airflow/example_dags/example_bash_decorator.py
[2026-05-19T13:36:33.925+0000] {processor.py:840} INFO - DAG(s) 'example_bash_decorator' retrieved from /home/airflow/.local/lib/python3.12/site-packages/airflow/example_dags/example_bash_decorator.py
[2026-05-19T13:36:33.959+0000] {logging_mixin.py:188} INFO - [2026-05-19T13:36:33.959+0000] {dag.py:3096} INFO - Sync 1 DAGs
[2026-05-19T13:36:33.978+0000] {logging_mixin.py:188} INFO - [2026-05-19T13:36:33.977+0000] {dag.py:3954} INFO - Setting next_dagrun for example_bash_decorator to None, run_after=None
[2026-05-19T13:36:34.008+0000] {processor.py:183} INFO - Processing /home/airflow/.local/lib/python3.12/site-packages/airflow/example_dags/example_bash_decorator.py took 0.113 seconds
[2026-05-19T13:37:04.647+0000] {processor.py:161} INFO - Started process (PID=799) to work on /home/airflow/.local/lib/python3.12/site-packages/airflow/example_dags/example_bash_decorator.py
[2026-05-19T13:37:04.648+0000] {processor.py:830} INFO - Processing file /home/airflow/.local/lib/python3.12/site-packages/airflow/example_dags/example_bash_decorator.py for tasks to queue
[2026-05-19T13:37:04.650+0000] {logging_mixin.py:188} INFO - [2026-05-19T13:37:04.650+0000] {dagbag.py:545} INFO - Filling up the DagBag from /home/airflow/.local/lib/python3.12/site-packages/airflow/example_dags/example_bash_decorator.py
[2026-05-19T13:37:04.666+0000] {processor.py:840} INFO - DAG(s) 'example_bash_decorator' retrieved from /home/airflow/.local/lib/python3.12/site-packages/airflow/example_dags/example_bash_decorator.py
[2026-05-19T13:37:04.716+0000] {logging_mixin.py:188} INFO - [2026-05-19T13:37:04.716+0000] {dag.py:3096} INFO - Sync 1 DAGs
[2026-05-19T13:37:04.738+0000] {logging_mixin.py:188} INFO - [2026-05-19T13:37:04.738+0000] {dag.py:3954} INFO - Setting next_dagrun for example_bash_decorator to None, run_after=None
[2026-05-19T13:37:04.767+0000] {processor.py:183} INFO - Processing /home/airflow/.local/lib/python3.12/site-packages/airflow/example_dags/example_bash_decorator.py took 0.126 seconds
[2026-05-19T13:37:35.299+0000] {processor.py:161} INFO - Started process (PID=858) to work on /home/airflow/.local/lib/python3.12/site-packages/airflow/example_dags/example_bash_decorator.py
[2026-05-19T13:37:35.300+0000] {processor.py:830} INFO - Processing file /home/airflow/.local/lib/python3.12/site-packages/airflow/example_dags/example_bash_decorator.py for tasks to queue
[2026-05-19T13:37:35.306+0000] {logging_mixin.py:188} INFO - [2026-05-19T13:37:35.305+0000] {dagbag.py:545} INFO - Filling up the DagBag from /home/airflow/.local/lib/python3.12/site-packages/airflow/example_dags/example_bash_decorator.py
[2026-05-19T13:37:35.324+0000] {processor.py:840} INFO - DAG(s) 'example_bash_decorator' retrieved from /home/airflow/.local/lib/python3.12/site-packages/airflow/example_dags/example_bash_decorator.py
[2026-05-19T13:37:35.355+0000] {logging_mixin.py:188} INFO - [2026-05-19T13:37:35.354+0000] {dag.py:3096} INFO - Sync 1 DAGs
[2026-05-19T13:37:35.377+0000] {logging_mixin.py:188} INFO - [2026-05-19T13:37:35.377+0000] {dag.py:3954} INFO - Setting next_dagrun for example_bash_decorator to None, run_after=None
[2026-05-19T13:37:35.409+0000] {processor.py:183} INFO - Processing /home/airflow/.local/lib/python3.12/site-packages/airflow/example_dags/example_bash_decorator.py took 0.119 seconds
[2026-05-19T13:38:05.610+0000] {processor.py:161} INFO - Started process (PID=917) to work on /home/airflow/.local/lib/python3.12/site-packages/airflow/example_dags/example_bash_decorator.py
[2026-05-19T13:38:05.613+0000] {processor.py:830} INFO - Processing file /home/airflow/.local/lib/python3.12/site-packages/airflow/example_dags/example_bash_decorator.py for tasks to queue
[2026-05-19T13:38:05.619+0000] {logging_mixin.py:188} INFO - [2026-05-19T13:38:05.618+0000] {dagbag.py:545} INFO - Filling up the DagBag from /home/airflow/.local/lib/python3.12/site-packages/airflow/example_dags/example_bash_decorator.py
[2026-05-19T13:38:05.654+0000] {processor.py:840} INFO - DAG(s) 'example_bash_decorator' retrieved from /home/airflow/.local/lib/python3.12/site-packages/airflow/example_dags/example_bash_decorator.py
[2026-05-19T13:38:05.724+0000] {logging_mixin.py:188} INFO - [2026-05-19T13:38:05.724+0000] {dag.py:3096} INFO - Sync 1 DAGs
[2026-05-19T13:38:05.753+0000] {logging_mixin.py:188} INFO - [2026-05-19T13:38:05.752+0000] {dag.py:3954} INFO - Setting next_dagrun for example_bash_decorator to None, run_after=None
[2026-05-19T13:38:05.808+0000] {processor.py:183} INFO - Processing /home/airflow/.local/lib/python3.12/site-packages/airflow/example_dags/example_bash_decorator.py took 0.212 seconds
[2026-05-19T13:38:35.979+0000] {processor.py:161} INFO - Started process (PID=977) to work on /home/airflow/.local/lib/python3.12/site-packages/airflow/example_dags/example_bash_decorator.py
[2026-05-19T13:38:35.980+0000] {processor.py:830} INFO - Processing file /home/airflow/.local/lib/python3.12/site-packages/airflow/example_dags/example_bash_decorator.py for tasks to queue
[2026-05-19T13:38:35.983+0000] {logging_mixin.py:188} INFO - [2026-05-19T13:38:35.982+0000] {dagbag.py:545} INFO - Filling up the DagBag from /home/airflow/.local/lib/python3.12/site-packages/airflow/example_dags/example_bash_decorator.py
[2026-05-19T13:38:35.997+0000] {processor.py:840} INFO - DAG(s) 'example_bash_decorator' retrieved from /home/airflow/.local/lib/python3.12/site-packages/airflow/example_dags/example_bash_decorator.py
[2026-05-19T13:38:36.021+0000] {logging_mixin.py:188} INFO - [2026-05-19T13:38:36.021+0000] {dag.py:3096} INFO - Sync 1 DAGs
[2026-05-19T13:38:36.032+0000] {logging_mixin.py:188} INFO - [2026-05-19T13:38:36.032+0000] {dag.py:3954} INFO - Setting next_dagrun for example_bash_decorator to None, run_after=None
[2026-05-19T13:38:36.061+0000] {processor.py:183} INFO - Processing /home/airflow/.local/lib/python3.12/site-packages/airflow/example_dags/example_bash_decorator.py took 0.087 seconds
[2026-05-19T13:39:06.545+0000] {processor.py:161} INFO - Started process (PID=1037) to work on /home/airflow/.local/lib/python3.12/site-packages/airflow/example_dags/example_bash_decorator.py
[2026-05-19T13:39:06.548+0000] {processor.py:830} INFO - Processing file /home/airflow/.local/lib/python3.12/site-packages/airflow/example_dags/example_bash_decorator.py for tasks to queue
[2026-05-19T13:39:06.555+0000] {logging_mixin.py:188} INFO - [2026-05-19T13:39:06.553+0000] {dagbag.py:545} INFO - Filling up the DagBag from /home/airflow/.local/lib/python3.12/site-packages/airflow/example_dags/example_bash_decorator.py
[2026-05-19T13:39:06.587+0000] {processor.py:840} INFO - DAG(s) 'example_bash_decorator' retrieved from /home/airflow/.local/lib/python3.12/site-packages/airflow/example_dags/example_bash_decorator.py
[2026-05-19T13:39:06.662+0000] {logging_mixin.py:188} INFO - [2026-05-19T13:39:06.662+0000] {dag.py:3096} INFO - Sync 1 DAGs
[2026-05-19T13:39:06.686+0000] {logging_mixin.py:188} INFO - [2026-05-19T13:39:06.685+0000] {dag.py:3954} INFO - Setting next_dagrun for example_bash_decorator to None, run_after=None
[2026-05-19T13:39:06.723+0000] {processor.py:183} INFO - Processing /home/airflow/.local/lib/python3.12/site-packages/airflow/example_dags/example_bash_decorator.py took 0.185 seconds
[2026-05-19T13:39:37.168+0000] {processor.py:161} INFO - Started process (PID=1096) to work on /home/airflow/.local/lib/python3.12/site-packages/airflow/example_dags/example_bash_decorator.py
[2026-05-19T13:39:37.169+0000] {processor.py:830} INFO - Processing file /home/airflow/.local/lib/python3.12/site-packages/airflow/example_dags/example_bash_decorator.py for tasks to queue
[2026-05-19T13:39:37.173+0000] {logging_mixin.py:188} INFO - [2026-05-19T13:39:37.172+0000] {dagbag.py:545} INFO - Filling up the DagBag from /home/airflow/.local/lib/python3.12/site-packages/airflow/example_dags/example_bash_decorator.py
[2026-05-19T13:39:37.184+0000] {processor.py:840} INFO - DAG(s) 'example_bash_decorator' retrieved from /home/airflow/.local/lib/python3.12/site-packages/airflow/example_dags/example_bash_decorator.py
[2026-05-19T13:39:37.215+0000] {logging_mixin.py:188} INFO - [2026-05-19T13:39:37.215+0000] {dag.py:3096} INFO - Sync 1 DAGs
[2026-05-19T13:39:37.230+0000] {logging_mixin.py:188} INFO - [2026-05-19T13:39:37.230+0000] {dag.py:3954} INFO - Setting next_dagrun for example_bash_decorator to None, run_after=None
[2026-05-19T13:39:37.249+0000] {processor.py:183} INFO - Processing /home/airflow/.local/lib/python3.12/site-packages/airflow/example_dags/example_bash_decorator.py took 0.087 seconds
[2026-05-19T13:40:07.384+0000] {processor.py:161} INFO - Started process (PID=1155) to work on /home/airflow/.local/lib/python3.12/site-packages/airflow/example_dags/example_bash_decorator.py
[2026-05-19T13:40:07.386+0000] {processor.py:830} INFO - Processing file /home/airflow/.local/lib/python3.12/site-packages/airflow/example_dags/example_bash_decorator.py for tasks to queue
[2026-05-19T13:40:07.388+0000] {logging_mixin.py:188} INFO - [2026-05-19T13:40:07.388+0000] {dagbag.py:545} INFO - Filling up the DagBag from /home/airflow/.local/lib/python3.12/site-packages/airflow/example_dags/example_bash_decorator.py
[2026-05-19T13:40:07.407+0000] {processor.py:840} INFO - DAG(s) 'example_bash_decorator' retrieved from /home/airflow/.local/lib/python3.12/site-packages/airflow/example_dags/example_bash_decorator.py
[2026-05-19T13:40:07.453+0000] {logging_mixin.py:188} INFO - [2026-05-19T13:40:07.452+0000] {dag.py:3096} INFO - Sync 1 DAGs
[2026-05-19T13:40:07.482+0000] {logging_mixin.py:188} INFO - [2026-05-19T13:40:07.481+0000] {dag.py:3954} INFO - Setting next_dagrun for example_bash_decorator to None, run_after=None
[2026-05-19T13:40:07.527+0000] {processor.py:183} INFO - Processing /home/airflow/.local/lib/python3.12/site-packages/airflow/example_dags/example_bash_decorator.py took 0.153 seconds
[2026-05-19T13:40:38.071+0000] {processor.py:161} INFO - Started process (PID=1214) to work on /home/airflow/.local/lib/python3.12/site-packages/airflow/example_dags/example_bash_decorator.py
[2026-05-19T13:40:38.073+0000] {processor.py:830} INFO - Processing file /home/airflow/.local/lib/python3.12/site-packages/airflow/example_dags/example_bash_decorator.py for tasks to queue
[2026-05-19T13:40:38.075+0000] {logging_mixin.py:188} INFO - [2026-05-19T13:40:38.075+0000] {dagbag.py:545} INFO - Filling up the DagBag from /home/airflow/.local/lib/python3.12/site-packages/airflow/example_dags/example_bash_decorator.py
[2026-05-19T13:40:38.090+0000] {processor.py:840} INFO - DAG(s) 'example_bash_decorator' retrieved from /home/airflow/.local/lib/python3.12/site-packages/airflow/example_dags/example_bash_decorator.py
[2026-05-19T13:40:38.119+0000] {logging_mixin.py:188} INFO - [2026-05-19T13:40:38.119+0000] {dag.py:3096} INFO - Sync 1 DAGs
[2026-05-19T13:40:38.135+0000] {logging_mixin.py:188} INFO - [2026-05-19T13:40:38.135+0000] {dag.py:3954} INFO - Setting next_dagrun for example_bash_decorator to None, run_after=None
[2026-05-19T13:40:38.158+0000] {processor.py:183} INFO - Processing /home/airflow/.local/lib/python3.12/site-packages/airflow/example_dags/example_bash_decorator.py took 0.092 seconds
[2026-05-19T13:41:08.295+0000] {processor.py:161} INFO - Started process (PID=1273) to work on /home/airflow/.local/lib/python3.12/site-packages/airflow/example_dags/example_bash_decorator.py
[2026-05-19T13:41:08.296+0000] {processor.py:830} INFO - Processing file /home/airflow/.local/lib/python3.12/site-packages/airflow/example_dags/example_bash_decorator.py for tasks to queue
[2026-05-19T13:41:08.298+0000] {logging_mixin.py:188} INFO - [2026-05-19T13:41:08.298+0000] {dagbag.py:545} INFO - Filling up the DagBag from /home/airflow/.local/lib/python3.12/site-packages/airflow/example_dags/example_bash_decorator.py
[2026-05-19T13:41:08.320+0000] {processor.py:840} INFO - DAG(s) 'example_bash_decorator' retrieved from /home/airflow/.local/lib/python3.12/site-packages/airflow/example_dags/example_bash_decorator.py
[2026-05-19T13:41:08.348+0000] {logging_mixin.py:188} INFO - [2026-05-19T13:41:08.347+0000] {dag.py:3096} INFO - Sync 1 DAGs
[2026-05-19T13:41:08.361+0000] {logging_mixin.py:188} INFO - [2026-05-19T13:41:08.360+0000] {dag.py:3954} INFO - Setting next_dagrun for example_bash_decorator to None, run_after=None
[2026-05-19T13:41:08.394+0000] {processor.py:183} INFO - Processing /home/airflow/.local/lib/python3.12/site-packages/airflow/example_dags/example_bash_decorator.py took 0.105 seconds
[2026-05-19T13:41:38.522+0000] {processor.py:161} INFO - Started process (PID=1332) to work on /home/airflow/.local/lib/python3.12/site-packages/airflow/example_dags/example_bash_decorator.py
[2026-05-19T13:41:38.526+0000] {processor.py:830} INFO - Processing file /home/airflow/.local/lib/python3.12/site-packages/airflow/example_dags/example_bash_decorator.py for tasks to queue
[2026-05-19T13:41:38.534+0000] {logging_mixin.py:188} INFO - [2026-05-19T13:41:38.532+0000] {dagbag.py:545} INFO - Filling up the DagBag from /home/airflow/.local/lib/python3.12/site-packages/airflow/example_dags/example_bash_decorator.py
[2026-05-19T13:41:38.564+0000] {processor.py:840} INFO - DAG(s) 'example_bash_decorator' retrieved from /home/airflow/.local/lib/python3.12/site-packages/airflow/example_dags/example_bash_decorator.py
[2026-05-19T13:41:38.624+0000] {logging_mixin.py:188} INFO - [2026-05-19T13:41:38.624+0000] {dag.py:3096} INFO - Sync 1 DAGs
[2026-05-19T13:41:38.648+0000] {logging_mixin.py:188} INFO - [2026-05-19T13:41:38.647+0000] {dag.py:3954} INFO - Setting next_dagrun for example_bash_decorator to None, run_after=None
[2026-05-19T13:41:38.710+0000] {processor.py:183} INFO - Processing /home/airflow/.local/lib/python3.12/site-packages/airflow/example_dags/example_bash_decorator.py took 0.204 seconds
[2026-05-19T13:42:09.465+0000] {processor.py:161} INFO - Started process (PID=1391) to work on /home/airflow/.local/lib/python3.12/site-packages/airflow/example_dags/example_bash_decorator.py
[2026-05-19T13:42:09.467+0000] {processor.py:830} INFO - Processing file /home/airflow/.local/lib/python3.12/site-packages/airflow/example_dags/example_bash_decorator.py for tasks to queue
[2026-05-19T13:42:09.470+0000] {logging_mixin.py:188} INFO - [2026-05-19T13:42:09.469+0000] {dagbag.py:545} INFO - Filling up the DagBag from /home/airflow/.local/lib/python3.12/site-packages/airflow/example_dags/example_bash_decorator.py
[2026-05-19T13:42:09.485+0000] {processor.py:840} INFO - DAG(s) 'example_bash_decorator' retrieved from /home/airflow/.local/lib/python3.12/site-packages/airflow/example_dags/example_bash_decorator.py
[2026-05-19T13:42:09.512+0000] {logging_mixin.py:188} INFO - [2026-05-19T13:42:09.511+0000] {dag.py:3096} INFO - Sync 1 DAGs
[2026-05-19T13:42:09.526+0000] {logging_mixin.py:188} INFO - [2026-05-19T13:42:09.526+0000] {dag.py:3954} INFO - Setting next_dagrun for example_bash_decorator to None, run_after=None
[2026-05-19T13:42:09.552+0000] {processor.py:183} INFO - Processing /home/airflow/.local/lib/python3.12/site-packages/airflow/example_dags/example_bash_decorator.py took 0.096 seconds
[2026-05-19T13:42:39.736+0000] {processor.py:161} INFO - Started process (PID=1450) to work on /home/airflow/.local/lib/python3.12/site-packages/airflow/example_dags/example_bash_decorator.py
[2026-05-19T13:42:39.737+0000] {processor.py:830} INFO - Processing file /home/airflow/.local/lib/python3.12/site-packages/airflow/example_dags/example_bash_decorator.py for tasks to queue
[2026-05-19T13:42:39.740+0000] {logging_mixin.py:188} INFO - [2026-05-19T13:42:39.739+0000] {dagbag.py:545} INFO - Filling up the DagBag from /home/airflow/.local/lib/python3.12/site-packages/airflow/example_dags/example_bash_decorator.py
[2026-05-19T13:42:39.760+0000] {processor.py:840} INFO - DAG(s) 'example_bash_decorator' retrieved from /home/airflow/.local/lib/python3.12/site-packages/airflow/example_dags/example_bash_decorator.py
[2026-05-19T13:42:39.841+0000] {logging_mixin.py:188} INFO - [2026-05-19T13:42:39.840+0000] {dag.py:3096} INFO - Sync 1 DAGs
[2026-05-19T13:42:39.875+0000] {logging_mixin.py:188} INFO - [2026-05-19T13:42:39.874+0000] {dag.py:3954} INFO - Setting next_dagrun for example_bash_decorator to None, run_after=None
[2026-05-19T13:42:39.914+0000] {processor.py:183} INFO - Processing /home/airflow/.local/lib/python3.12/site-packages/airflow/example_dags/example_bash_decorator.py took 0.185 seconds
[2026-05-19T13:43:10.195+0000] {processor.py:161} INFO - Started process (PID=1509) to work on /home/airflow/.local/lib/python3.12/site-packages/airflow/example_dags/example_bash_decorator.py
[2026-05-19T13:43:10.197+0000] {processor.py:830} INFO - Processing file /home/airflow/.local/lib/python3.12/site-packages/airflow/example_dags/example_bash_decorator.py for tasks to queue
[2026-05-19T13:43:10.202+0000] {logging_mixin.py:188} INFO - [2026-05-19T13:43:10.201+0000] {dagbag.py:545} INFO - Filling up the DagBag from /home/airflow/.local/lib/python3.12/site-packages/airflow/example_dags/example_bash_decorator.py
[2026-05-19T13:43:10.217+0000] {processor.py:840} INFO - DAG(s) 'example_bash_decorator' retrieved from /home/airflow/.local/lib/python3.12/site-packages/airflow/example_dags/example_bash_decorator.py
[2026-05-19T13:43:10.252+0000] {logging_mixin.py:188} INFO - [2026-05-19T13:43:10.252+0000] {dag.py:3096} INFO - Sync 1 DAGs
[2026-05-19T13:43:10.266+0000] {logging_mixin.py:188} INFO - [2026-05-19T13:43:10.266+0000] {dag.py:3954} INFO - Setting next_dagrun for example_bash_decorator to None, run_after=None
[2026-05-19T13:43:10.295+0000] {processor.py:183} INFO - Processing /home/airflow/.local/lib/python3.12/site-packages/airflow/example_dags/example_bash_decorator.py took 0.106 seconds
[2026-05-19T13:43:41.015+0000] {processor.py:161} INFO - Started process (PID=1569) to work on /home/airflow/.local/lib/python3.12/site-packages/airflow/example_dags/example_bash_decorator.py
[2026-05-19T13:43:41.017+0000] {processor.py:830} INFO - Processing file /home/airflow/.local/lib/python3.12/site-packages/airflow/example_dags/example_bash_decorator.py for tasks to queue
[2026-05-19T13:43:41.019+0000] {logging_mixin.py:188} INFO - [2026-05-19T13:43:41.019+0000] {dagbag.py:545} INFO - Filling up the DagBag from /home/airflow/.local/lib/python3.12/site-packages/airflow/example_dags/example_bash_decorator.py
[2026-05-19T13:43:41.035+0000] {processor.py:840} INFO - DAG(s) 'example_bash_decorator' retrieved from /home/airflow/.local/lib/python3.12/site-packages/airflow/example_dags/example_bash_decorator.py
[2026-05-19T13:43:41.064+0000] {logging_mixin.py:188} INFO - [2026-05-19T13:43:41.064+0000] {dag.py:3096} INFO - Sync 1 DAGs
[2026-05-19T13:43:41.076+0000] {logging_mixin.py:188} INFO - [2026-05-19T13:43:41.076+0000] {dag.py:3954} INFO - Setting next_dagrun for example_bash_decorator to None, run_after=None
[2026-05-19T13:43:41.096+0000] {processor.py:183} INFO - Processing /home/airflow/.local/lib/python3.12/site-packages/airflow/example_dags/example_bash_decorator.py took 0.086 seconds
[2026-05-19T13:44:11.476+0000] {processor.py:161} INFO - Started process (PID=1628) to work on /home/airflow/.local/lib/python3.12/site-packages/airflow/example_dags/example_bash_decorator.py
[2026-05-19T13:44:11.477+0000] {processor.py:830} INFO - Processing file /home/airflow/.local/lib/python3.12/site-packages/airflow/example_dags/example_bash_decorator.py for tasks to queue
[2026-05-19T13:44:11.480+0000] {logging_mixin.py:188} INFO - [2026-05-19T13:44:11.479+0000] {dagbag.py:545} INFO - Filling up the DagBag from /home/airflow/.local/lib/python3.12/site-packages/airflow/example_dags/example_bash_decorator.py
[2026-05-19T13:44:11.495+0000] {processor.py:840} INFO - DAG(s) 'example_bash_decorator' retrieved from /home/airflow/.local/lib/python3.12/site-packages/airflow/example_dags/example_bash_decorator.py
[2026-05-19T13:44:11.528+0000] {logging_mixin.py:188} INFO - [2026-05-19T13:44:11.527+0000] {dag.py:3096} INFO - Sync 1 DAGs
[2026-05-19T13:44:11.545+0000] {logging_mixin.py:188} INFO - [2026-05-19T13:44:11.544+0000] {dag.py:3954} INFO - Setting next_dagrun for example_bash_decorator to None, run_after=None
[2026-05-19T13:44:11.570+0000] {processor.py:183} INFO - Processing /home/airflow/.local/lib/python3.12/site-packages/airflow/example_dags/example_bash_decorator.py took 0.100 seconds
[2026-05-19T13:44:41.930+0000] {processor.py:161} INFO - Started process (PID=1687) to work on /home/airflow/.local/lib/python3.12/site-packages/airflow/example_dags/example_bash_decorator.py
[2026-05-19T13:44:41.932+0000] {processor.py:830} INFO - Processing file /home/airflow/.local/lib/python3.12/site-packages/airflow/example_dags/example_bash_decorator.py for tasks to queue
[2026-05-19T13:44:41.935+0000] {logging_mixin.py:188} INFO - [2026-05-19T13:44:41.934+0000] {dagbag.py:545} INFO - Filling up the DagBag from /home/airflow/.local/lib/python3.12/site-packages/airflow/example_dags/example_bash_decorator.py
[2026-05-19T13:44:41.957+0000] {processor.py:840} INFO - DAG(s) 'example_bash_decorator' retrieved from /home/airflow/.local/lib/python3.12/site-packages/airflow/example_dags/example_bash_decorator.py
[2026-05-19T13:44:41.987+0000] {logging_mixin.py:188} INFO - [2026-05-19T13:44:41.987+0000] {dag.py:3096} INFO - Sync 1 DAGs
[2026-05-19T13:44:42.007+0000] {logging_mixin.py:188} INFO - [2026-05-19T13:44:42.006+0000] {dag.py:3954} INFO - Setting next_dagrun for example_bash_decorator to None, run_after=None
[2026-05-19T13:44:42.035+0000] {processor.py:183} INFO - Processing /home/airflow/.local/lib/python3.12/site-packages/airflow/example_dags/example_bash_decorator.py took 0.115 seconds
[2026-05-19T13:45:12.328+0000] {processor.py:161} INFO - Started process (PID=1746) to work on /home/airflow/.local/lib/python3.12/site-packages/airflow/example_dags/example_bash_decorator.py
[2026-05-19T13:45:12.329+0000] {processor.py:830} INFO - Processing file /home/airflow/.local/lib/python3.12/site-packages/airflow/example_dags/example_bash_decorator.py for tasks to queue
[2026-05-19T13:45:12.334+0000] {logging_mixin.py:188} INFO - [2026-05-19T13:45:12.333+0000] {dagbag.py:545} INFO - Filling up the DagBag from /home/airflow/.local/lib/python3.12/site-packages/airflow/example_dags/example_bash_decorator.py
[2026-05-19T13:45:12.350+0000] {processor.py:840} INFO - DAG(s) 'example_bash_decorator' retrieved from /home/airflow/.local/lib/python3.12/site-packages/airflow/example_dags/example_bash_decorator.py
[2026-05-19T13:45:12.379+0000] {logging_mixin.py:188} INFO - [2026-05-19T13:45:12.379+0000] {dag.py:3096} INFO - Sync 1 DAGs
[2026-05-19T13:45:12.393+0000] {logging_mixin.py:188} INFO - [2026-05-19T13:45:12.392+0000] {dag.py:3954} INFO - Setting next_dagrun for example_bash_decorator to None, run_after=None
[2026-05-19T13:45:12.429+0000] {processor.py:183} INFO - Processing /home/airflow/.local/lib/python3.12/site-packages/airflow/example_dags/example_bash_decorator.py took 0.107 seconds
[2026-05-19T13:45:43.072+0000] {processor.py:161} INFO - Started process (PID=1805) to work on /home/airflow/.local/lib/python3.12/site-packages/airflow/example_dags/example_bash_decorator.py
[2026-05-19T13:45:43.074+0000] {processor.py:830} INFO - Processing file /home/airflow/.local/lib/python3.12/site-packages/airflow/example_dags/example_bash_decorator.py for tasks to queue
[2026-05-19T13:45:43.076+0000] {logging_mixin.py:188} INFO - [2026-05-19T13:45:43.076+0000] {dagbag.py:545} INFO - Filling up the DagBag from /home/airflow/.local/lib/python3.12/site-packages/airflow/example_dags/example_bash_decorator.py
[2026-05-19T13:45:43.096+0000] {processor.py:840} INFO - DAG(s) 'example_bash_decorator' retrieved from /home/airflow/.local/lib/python3.12/site-packages/airflow/example_dags/example_bash_decorator.py
[2026-05-19T13:45:43.126+0000] {logging_mixin.py:188} INFO - [2026-05-19T13:45:43.126+0000] {dag.py:3096} INFO - Sync 1 DAGs
[2026-05-19T13:45:43.150+0000] {logging_mixin.py:188} INFO - [2026-05-19T13:45:43.149+0000] {dag.py:3954} INFO - Setting next_dagrun for example_bash_decorator to None, run_after=None
[2026-05-19T13:45:43.184+0000] {processor.py:183} INFO - Processing /home/airflow/.local/lib/python3.12/site-packages/airflow/example_dags/example_bash_decorator.py took 0.120 seconds
[2026-05-19T13:46:13.427+0000] {processor.py:161} INFO - Started process (PID=1864) to work on /home/airflow/.local/lib/python3.12/site-packages/airflow/example_dags/example_bash_decorator.py
[2026-05-19T13:46:13.431+0000] {processor.py:830} INFO - Processing file /home/airflow/.local/lib/python3.12/site-packages/airflow/example_dags/example_bash_decorator.py for tasks to queue
[2026-05-19T13:46:13.436+0000] {logging_mixin.py:188} INFO - [2026-05-19T13:46:13.435+0000] {dagbag.py:545} INFO - Filling up the DagBag from /home/airflow/.local/lib/python3.12/site-packages/airflow/example_dags/example_bash_decorator.py
[2026-05-19T13:46:13.461+0000] {processor.py:840} INFO - DAG(s) 'example_bash_decorator' retrieved from /home/airflow/.local/lib/python3.12/site-packages/airflow/example_dags/example_bash_decorator.py
[2026-05-19T13:46:13.503+0000] {logging_mixin.py:188} INFO - [2026-05-19T13:46:13.503+0000] {dag.py:3096} INFO - Sync 1 DAGs
[2026-05-19T13:46:13.520+0000] {logging_mixin.py:188} INFO - [2026-05-19T13:46:13.519+0000] {dag.py:3954} INFO - Setting next_dagrun for example_bash_decorator to None, run_after=None
[2026-05-19T13:46:13.553+0000] {processor.py:183} INFO - Processing /home/airflow/.local/lib/python3.12/site-packages/airflow/example_dags/example_bash_decorator.py took 0.138 seconds
[2026-05-19T13:46:43.787+0000] {processor.py:161} INFO - Started process (PID=1924) to work on /home/airflow/.local/lib/python3.12/site-packages/airflow/example_dags/example_bash_decorator.py
[2026-05-19T13:46:43.790+0000] {processor.py:830} INFO - Processing file /home/airflow/.local/lib/python3.12/site-packages/airflow/example_dags/example_bash_decorator.py for tasks to queue
[2026-05-19T13:46:43.796+0000] {logging_mixin.py:188} INFO - [2026-05-19T13:46:43.794+0000] {dagbag.py:545} INFO - Filling up the DagBag from /home/airflow/.local/lib/python3.12/site-packages/airflow/example_dags/example_bash_decorator.py
[2026-05-19T13:46:43.838+0000] {processor.py:840} INFO - DAG(s) 'example_bash_decorator' retrieved from /home/airflow/.local/lib/python3.12/site-packages/airflow/example_dags/example_bash_decorator.py
[2026-05-19T13:46:43.884+0000] {logging_mixin.py:188} INFO - [2026-05-19T13:46:43.884+0000] {dag.py:3096} INFO - Sync 1 DAGs
[2026-05-19T13:46:43.905+0000] {logging_mixin.py:188} INFO - [2026-05-19T13:46:43.904+0000] {dag.py:3954} INFO - Setting next_dagrun for example_bash_decorator to None, run_after=None
[2026-05-19T13:46:43.939+0000] {processor.py:183} INFO - Processing /home/airflow/.local/lib/python3.12/site-packages/airflow/example_dags/example_bash_decorator.py took 0.169 seconds
[2026-05-19T13:47:14.516+0000] {processor.py:161} INFO - Started process (PID=1983) to work on /home/airflow/.local/lib/python3.12/site-packages/airflow/example_dags/example_bash_decorator.py
[2026-05-19T13:47:14.517+0000] {processor.py:830} INFO - Processing file /home/airflow/.local/lib/python3.12/site-packages/airflow/example_dags/example_bash_decorator.py for tasks to queue
[2026-05-19T13:47:14.520+0000] {logging_mixin.py:188} INFO - [2026-05-19T13:47:14.520+0000] {dagbag.py:545} INFO - Filling up the DagBag from /home/airflow/.local/lib/python3.12/site-packages/airflow/example_dags/example_bash_decorator.py
[2026-05-19T13:47:14.537+0000] {processor.py:840} INFO - DAG(s) 'example_bash_decorator' retrieved from /home/airflow/.local/lib/python3.12/site-packages/airflow/example_dags/example_bash_decorator.py
[2026-05-19T13:47:14.565+0000] {logging_mixin.py:188} INFO - [2026-05-19T13:47:14.565+0000] {dag.py:3096} INFO - Sync 1 DAGs
[2026-05-19T13:47:14.581+0000] {logging_mixin.py:188} INFO - [2026-05-19T13:47:14.581+0000] {dag.py:3954} INFO - Setting next_dagrun for example_bash_decorator to None, run_after=None
[2026-05-19T13:47:14.607+0000] {processor.py:183} INFO - Processing /home/airflow/.local/lib/python3.12/site-packages/airflow/example_dags/example_bash_decorator.py took 0.099 seconds
[2026-05-19T13:47:44.914+0000] {processor.py:161} INFO - Started process (PID=2042) to work on /home/airflow/.local/lib/python3.12/site-packages/airflow/example_dags/example_bash_decorator.py
[2026-05-19T13:47:44.915+0000] {processor.py:830} INFO - Processing file /home/airflow/.local/lib/python3.12/site-packages/airflow/example_dags/example_bash_decorator.py for tasks to queue
[2026-05-19T13:47:44.919+0000] {logging_mixin.py:188} INFO - [2026-05-19T13:47:44.918+0000] {dagbag.py:545} INFO - Filling up the DagBag from /home/airflow/.local/lib/python3.12/site-packages/airflow/example_dags/example_bash_decorator.py
[2026-05-19T13:47:44.943+0000] {processor.py:840} INFO - DAG(s) 'example_bash_decorator' retrieved from /home/airflow/.local/lib/python3.12/site-packages/airflow/example_dags/example_bash_decorator.py
[2026-05-19T13:47:44.976+0000] {logging_mixin.py:188} INFO - [2026-05-19T13:47:44.976+0000] {dag.py:3096} INFO - Sync 1 DAGs
[2026-05-19T13:47:44.989+0000] {logging_mixin.py:188} INFO - [2026-05-19T13:47:44.989+0000] {dag.py:3954} INFO - Setting next_dagrun for example_bash_decorator to None, run_after=None
[2026-05-19T13:47:45.025+0000] {processor.py:183} INFO - Processing /home/airflow/.local/lib/python3.12/site-packages/airflow/example_dags/example_bash_decorator.py took 0.118 seconds
[2026-05-19T13:48:15.631+0000] {processor.py:161} INFO - Started process (PID=2101) to work on /home/airflow/.local/lib/python3.12/site-packages/airflow/example_dags/example_bash_decorator.py
[2026-05-19T13:48:15.633+0000] {processor.py:830} INFO - Processing file /home/airflow/.local/lib/python3.12/site-packages/airflow/example_dags/example_bash_decorator.py for tasks to queue
[2026-05-19T13:48:15.637+0000] {logging_mixin.py:188} INFO - [2026-05-19T13:48:15.636+0000] {dagbag.py:545} INFO - Filling up the DagBag from /home/airflow/.local/lib/python3.12/site-packages/airflow/example_dags/example_bash_decorator.py
[2026-05-19T13:48:15.654+0000] {processor.py:840} INFO - DAG(s) 'example_bash_decorator' retrieved from /home/airflow/.local/lib/python3.12/site-packages/airflow/example_dags/example_bash_decorator.py
[2026-05-19T13:48:15.698+0000] {logging_mixin.py:188} INFO - [2026-05-19T13:48:15.697+0000] {dag.py:3096} INFO - Sync 1 DAGs
[2026-05-19T13:48:15.720+0000] {logging_mixin.py:188} INFO - [2026-05-19T13:48:15.720+0000] {dag.py:3954} INFO - Setting next_dagrun for example_bash_decorator to None, run_after=None
[2026-05-19T13:48:15.753+0000] {processor.py:183} INFO - Processing /home/airflow/.local/lib/python3.12/site-packages/airflow/example_dags/example_bash_decorator.py took 0.138 seconds
[2026-05-19T13:48:46.108+0000] {processor.py:161} INFO - Started process (PID=2166) to work on /home/airflow/.local/lib/python3.12/site-packages/airflow/example_dags/example_bash_decorator.py
[2026-05-19T13:48:46.110+0000] {processor.py:830} INFO - Processing file /home/airflow/.local/lib/python3.12/site-packages/airflow/example_dags/example_bash_decorator.py for tasks to queue
[2026-05-19T13:48:46.113+0000] {logging_mixin.py:188} INFO - [2026-05-19T13:48:46.113+0000] {dagbag.py:545} INFO - Filling up the DagBag from /home/airflow/.local/lib/python3.12/site-packages/airflow/example_dags/example_bash_decorator.py
[2026-05-19T13:48:46.134+0000] {processor.py:840} INFO - DAG(s) 'example_bash_decorator' retrieved from /home/airflow/.local/lib/python3.12/site-packages/airflow/example_dags/example_bash_decorator.py
[2026-05-19T13:48:46.177+0000] {logging_mixin.py:188} INFO - [2026-05-19T13:48:46.177+0000] {dag.py:3096} INFO - Sync 1 DAGs
[2026-05-19T13:48:46.197+0000] {logging_mixin.py:188} INFO - [2026-05-19T13:48:46.197+0000] {dag.py:3954} INFO - Setting next_dagrun for example_bash_decorator to None, run_after=None
[2026-05-19T13:48:46.237+0000] {processor.py:183} INFO - Processing /home/airflow/.local/lib/python3.12/site-packages/airflow/example_dags/example_bash_decorator.py took 0.139 seconds
[2026-05-19T13:49:16.768+0000] {processor.py:161} INFO - Started process (PID=2225) to work on /home/airflow/.local/lib/python3.12/site-packages/airflow/example_dags/example_bash_decorator.py
[2026-05-19T13:49:16.770+0000] {processor.py:830} INFO - Processing file /home/airflow/.local/lib/python3.12/site-packages/airflow/example_dags/example_bash_decorator.py for tasks to queue
[2026-05-19T13:49:16.777+0000] {logging_mixin.py:188} INFO - [2026-05-19T13:49:16.776+0000] {dagbag.py:545} INFO - Filling up the DagBag from /home/airflow/.local/lib/python3.12/site-packages/airflow/example_dags/example_bash_decorator.py
[2026-05-19T13:49:16.805+0000] {processor.py:840} INFO - DAG(s) 'example_bash_decorator' retrieved from /home/airflow/.local/lib/python3.12/site-packages/airflow/example_dags/example_bash_decorator.py
[2026-05-19T13:49:16.850+0000] {logging_mixin.py:188} INFO - [2026-05-19T13:49:16.849+0000] {dag.py:3096} INFO - Sync 1 DAGs
[2026-05-19T13:49:16.871+0000] {logging_mixin.py:188} INFO - [2026-05-19T13:49:16.870+0000] {dag.py:3954} INFO - Setting next_dagrun for example_bash_decorator to None, run_after=None
[2026-05-19T13:49:16.910+0000] {processor.py:183} INFO - Processing /home/airflow/.local/lib/python3.12/site-packages/airflow/example_dags/example_bash_decorator.py took 0.151 seconds
[2026-05-19T13:49:47.402+0000] {processor.py:161} INFO - Started process (PID=2282) to work on /home/airflow/.local/lib/python3.12/site-packages/airflow/example_dags/example_bash_decorator.py
[2026-05-19T13:49:47.403+0000] {processor.py:830} INFO - Processing file /home/airflow/.local/lib/python3.12/site-packages/airflow/example_dags/example_bash_decorator.py for tasks to queue
[2026-05-19T13:49:47.406+0000] {logging_mixin.py:188} INFO - [2026-05-19T13:49:47.405+0000] {dagbag.py:545} INFO - Filling up the DagBag from /home/airflow/.local/lib/python3.12/site-packages/airflow/example_dags/example_bash_decorator.py
[2026-05-19T13:49:47.422+0000] {processor.py:840} INFO - DAG(s) 'example_bash_decorator' retrieved from /home/airflow/.local/lib/python3.12/site-packages/airflow/example_dags/example_bash_decorator.py
[2026-05-19T13:49:47.458+0000] {logging_mixin.py:188} INFO - [2026-05-19T13:49:47.458+0000] {dag.py:3096} INFO - Sync 1 DAGs
[2026-05-19T13:49:47.481+0000] {logging_mixin.py:188} INFO - [2026-05-19T13:49:47.480+0000] {dag.py:3954} INFO - Setting next_dagrun for example_bash_decorator to None, run_after=None
[2026-05-19T13:49:47.511+0000] {processor.py:183} INFO - Processing /home/airflow/.local/lib/python3.12/site-packages/airflow/example_dags/example_bash_decorator.py took 0.116 seconds
[2026-05-19T13:50:17.876+0000] {processor.py:161} INFO - Started process (PID=2341) to work on /home/airflow/.local/lib/python3.12/site-packages/airflow/example_dags/example_bash_decorator.py
[2026-05-19T13:50:17.877+0000] {processor.py:830} INFO - Processing file /home/airflow/.local/lib/python3.12/site-packages/airflow/example_dags/example_bash_decorator.py for tasks to queue
[2026-05-19T13:50:17.882+0000] {logging_mixin.py:188} INFO - [2026-05-19T13:50:17.881+0000] {dagbag.py:545} INFO - Filling up the DagBag from /home/airflow/.local/lib/python3.12/site-packages/airflow/example_dags/example_bash_decorator.py
[2026-05-19T13:50:17.896+0000] {processor.py:840} INFO - DAG(s) 'example_bash_decorator' retrieved from /home/airflow/.local/lib/python3.12/site-packages/airflow/example_dags/example_bash_decorator.py
[2026-05-19T13:50:17.923+0000] {logging_mixin.py:188} INFO - [2026-05-19T13:50:17.923+0000] {dag.py:3096} INFO - Sync 1 DAGs
[2026-05-19T13:50:17.944+0000] {logging_mixin.py:188} INFO - [2026-05-19T13:50:17.944+0000] {dag.py:3954} INFO - Setting next_dagrun for example_bash_decorator to None, run_after=None
[2026-05-19T13:50:17.969+0000] {processor.py:183} INFO - Processing /home/airflow/.local/lib/python3.12/site-packages/airflow/example_dags/example_bash_decorator.py took 0.100 seconds
[2026-05-19T13:50:48.416+0000] {processor.py:161} INFO - Started process (PID=2400) to work on /home/airflow/.local/lib/python3.12/site-packages/airflow/example_dags/example_bash_decorator.py
[2026-05-19T13:50:48.418+0000] {processor.py:830} INFO - Processing file /home/airflow/.local/lib/python3.12/site-packages/airflow/example_dags/example_bash_decorator.py for tasks to queue
[2026-05-19T13:50:48.423+0000] {logging_mixin.py:188} INFO - [2026-05-19T13:50:48.423+0000] {dagbag.py:545} INFO - Filling up the DagBag from /home/airflow/.local/lib/python3.12/site-packages/airflow/example_dags/example_bash_decorator.py
[2026-05-19T13:50:48.444+0000] {processor.py:840} INFO - DAG(s) 'example_bash_decorator' retrieved from /home/airflow/.local/lib/python3.12/site-packages/airflow/example_dags/example_bash_decorator.py
[2026-05-19T13:50:48.478+0000] {logging_mixin.py:188} INFO - [2026-05-19T13:50:48.477+0000] {dag.py:3096} INFO - Sync 1 DAGs
[2026-05-19T13:50:48.495+0000] {logging_mixin.py:188} INFO - [2026-05-19T13:50:48.495+0000] {dag.py:3954} INFO - Setting next_dagrun for example_bash_decorator to None, run_after=None
[2026-05-19T13:50:48.523+0000] {processor.py:183} INFO - Processing /home/airflow/.local/lib/python3.12/site-packages/airflow/example_dags/example_bash_decorator.py took 0.115 seconds
[2026-05-19T13:51:18.673+0000] {processor.py:161} INFO - Started process (PID=2459) to work on /home/airflow/.local/lib/python3.12/site-packages/airflow/example_dags/example_bash_decorator.py
[2026-05-19T13:51:18.675+0000] {processor.py:830} INFO - Processing file /home/airflow/.local/lib/python3.12/site-packages/airflow/example_dags/example_bash_decorator.py for tasks to queue
[2026-05-19T13:51:18.678+0000] {logging_mixin.py:188} INFO - [2026-05-19T13:51:18.678+0000] {dagbag.py:545} INFO - Filling up the DagBag from /home/airflow/.local/lib/python3.12/site-packages/airflow/example_dags/example_bash_decorator.py
[2026-05-19T13:51:18.704+0000] {processor.py:840} INFO - DAG(s) 'example_bash_decorator' retrieved from /home/airflow/.local/lib/python3.12/site-packages/airflow/example_dags/example_bash_decorator.py
[2026-05-19T13:51:18.729+0000] {logging_mixin.py:188} INFO - [2026-05-19T13:51:18.729+0000] {dag.py:3096} INFO - Sync 1 DAGs
[2026-05-19T13:51:18.757+0000] {logging_mixin.py:188} INFO - [2026-05-19T13:51:18.756+0000] {dag.py:3954} INFO - Setting next_dagrun for example_bash_decorator to None, run_after=None
[2026-05-19T13:51:18.795+0000] {processor.py:183} INFO - Processing /home/airflow/.local/lib/python3.12/site-packages/airflow/example_dags/example_bash_decorator.py took 0.133 seconds
[2026-05-19T13:51:49.177+0000] {processor.py:161} INFO - Started process (PID=2518) to work on /home/airflow/.local/lib/python3.12/site-packages/airflow/example_dags/example_bash_decorator.py
[2026-05-19T13:51:49.178+0000] {processor.py:830} INFO - Processing file /home/airflow/.local/lib/python3.12/site-packages/airflow/example_dags/example_bash_decorator.py for tasks to queue
[2026-05-19T13:51:49.180+0000] {logging_mixin.py:188} INFO - [2026-05-19T13:51:49.180+0000] {dagbag.py:545} INFO - Filling up the DagBag from /home/airflow/.local/lib/python3.12/site-packages/airflow/example_dags/example_bash_decorator.py
[2026-05-19T13:51:49.194+0000] {processor.py:840} INFO - DAG(s) 'example_bash_decorator' retrieved from /home/airflow/.local/lib/python3.12/site-packages/airflow/example_dags/example_bash_decorator.py
[2026-05-19T13:51:49.224+0000] {logging_mixin.py:188} INFO - [2026-05-19T13:51:49.223+0000] {dag.py:3096} INFO - Sync 1 DAGs
[2026-05-19T13:51:49.242+0000] {logging_mixin.py:188} INFO - [2026-05-19T13:51:49.242+0000] {dag.py:3954} INFO - Setting next_dagrun for example_bash_decorator to None, run_after=None
[2026-05-19T13:51:49.262+0000] {processor.py:183} INFO - Processing /home/airflow/.local/lib/python3.12/site-packages/airflow/example_dags/example_bash_decorator.py took 0.094 seconds
[2026-05-19T13:52:19.515+0000] {processor.py:161} INFO - Started process (PID=2577) to work on /home/airflow/.local/lib/python3.12/site-packages/airflow/example_dags/example_bash_decorator.py
[2026-05-19T13:52:19.517+0000] {processor.py:830} INFO - Processing file /home/airflow/.local/lib/python3.12/site-packages/airflow/example_dags/example_bash_decorator.py for tasks to queue
[2026-05-19T13:52:19.520+0000] {logging_mixin.py:188} INFO - [2026-05-19T13:52:19.520+0000] {dagbag.py:545} INFO - Filling up the DagBag from /home/airflow/.local/lib/python3.12/site-packages/airflow/example_dags/example_bash_decorator.py
[2026-05-19T13:52:19.536+0000] {processor.py:840} INFO - DAG(s) 'example_bash_decorator' retrieved from /home/airflow/.local/lib/python3.12/site-packages/airflow/example_dags/example_bash_decorator.py
[2026-05-19T13:52:19.560+0000] {logging_mixin.py:188} INFO - [2026-05-19T13:52:19.559+0000] {dag.py:3096} INFO - Sync 1 DAGs
[2026-05-19T13:52:19.576+0000] {logging_mixin.py:188} INFO - [2026-05-19T13:52:19.576+0000] {dag.py:3954} INFO - Setting next_dagrun for example_bash_decorator to None, run_after=None
[2026-05-19T13:52:19.604+0000] {processor.py:183} INFO - Processing /home/airflow/.local/lib/python3.12/site-packages/airflow/example_dags/example_bash_decorator.py took 0.098 seconds
[2026-05-19T13:52:49.724+0000] {processor.py:161} INFO - Started process (PID=2636) to work on /home/airflow/.local/lib/python3.12/site-packages/airflow/example_dags/example_bash_decorator.py
[2026-05-19T13:52:49.726+0000] {processor.py:830} INFO - Processing file /home/airflow/.local/lib/python3.12/site-packages/airflow/example_dags/example_bash_decorator.py for tasks to queue
[2026-05-19T13:52:49.729+0000] {logging_mixin.py:188} INFO - [2026-05-19T13:52:49.729+0000] {dagbag.py:545} INFO - Filling up the DagBag from /home/airflow/.local/lib/python3.12/site-packages/airflow/example_dags/example_bash_decorator.py
[2026-05-19T13:52:49.753+0000] {processor.py:840} INFO - DAG(s) 'example_bash_decorator' retrieved from /home/airflow/.local/lib/python3.12/site-packages/airflow/example_dags/example_bash_decorator.py
[2026-05-19T13:52:49.791+0000] {logging_mixin.py:188} INFO - [2026-05-19T13:52:49.790+0000] {dag.py:3096} INFO - Sync 1 DAGs
[2026-05-19T13:52:49.812+0000] {logging_mixin.py:188} INFO - [2026-05-19T13:52:49.811+0000] {dag.py:3954} INFO - Setting next_dagrun for example_bash_decorator to None, run_after=None
[2026-05-19T13:52:49.843+0000] {processor.py:183} INFO - Processing /home/airflow/.local/lib/python3.12/site-packages/airflow/example_dags/example_bash_decorator.py took 0.130 seconds
[2026-05-19T13:53:20.094+0000] {processor.py:161} INFO - Started process (PID=2695) to work on /home/airflow/.local/lib/python3.12/site-packages/airflow/example_dags/example_bash_decorator.py
[2026-05-19T13:53:20.095+0000] {processor.py:830} INFO - Processing file /home/airflow/.local/lib/python3.12/site-packages/airflow/example_dags/example_bash_decorator.py for tasks to queue
[2026-05-19T13:53:20.097+0000] {logging_mixin.py:188} INFO - [2026-05-19T13:53:20.096+0000] {dagbag.py:545} INFO - Filling up the DagBag from /home/airflow/.local/lib/python3.12/site-packages/airflow/example_dags/example_bash_decorator.py
[2026-05-19T13:53:20.110+0000] {processor.py:840} INFO - DAG(s) 'example_bash_decorator' retrieved from /home/airflow/.local/lib/python3.12/site-packages/airflow/example_dags/example_bash_decorator.py
[2026-05-19T13:53:20.141+0000] {logging_mixin.py:188} INFO - [2026-05-19T13:53:20.140+0000] {dag.py:3096} INFO - Sync 1 DAGs
[2026-05-19T13:53:20.159+0000] {logging_mixin.py:188} INFO - [2026-05-19T13:53:20.159+0000] {dag.py:3954} INFO - Setting next_dagrun for example_bash_decorator to None, run_after=None
[2026-05-19T13:53:20.182+0000] {processor.py:183} INFO - Processing /home/airflow/.local/lib/python3.12/site-packages/airflow/example_dags/example_bash_decorator.py took 0.095 seconds
[2026-05-19T13:53:50.384+0000] {processor.py:161} INFO - Started process (PID=2754) to work on /home/airflow/.local/lib/python3.12/site-packages/airflow/example_dags/example_bash_decorator.py
[2026-05-19T13:53:50.385+0000] {processor.py:830} INFO - Processing file /home/airflow/.local/lib/python3.12/site-packages/airflow/example_dags/example_bash_decorator.py for tasks to queue
[2026-05-19T13:53:50.387+0000] {logging_mixin.py:188} INFO - [2026-05-19T13:53:50.387+0000] {dagbag.py:545} INFO - Filling up the DagBag from /home/airflow/.local/lib/python3.12/site-packages/airflow/example_dags/example_bash_decorator.py
[2026-05-19T13:53:50.401+0000] {processor.py:840} INFO - DAG(s) 'example_bash_decorator' retrieved from /home/airflow/.local/lib/python3.12/site-packages/airflow/example_dags/example_bash_decorator.py
[2026-05-19T13:53:50.430+0000] {logging_mixin.py:188} INFO - [2026-05-19T13:53:50.430+0000] {dag.py:3096} INFO - Sync 1 DAGs
[2026-05-19T13:53:50.443+0000] {logging_mixin.py:188} INFO - [2026-05-19T13:53:50.443+0000] {dag.py:3954} INFO - Setting next_dagrun for example_bash_decorator to None, run_after=None
[2026-05-19T13:53:50.466+0000] {processor.py:183} INFO - Processing /home/airflow/.local/lib/python3.12/site-packages/airflow/example_dags/example_bash_decorator.py took 0.088 seconds
[2026-05-19T13:54:21.083+0000] {processor.py:161} INFO - Started process (PID=2813) to work on /home/airflow/.local/lib/python3.12/site-packages/airflow/example_dags/example_bash_decorator.py
[2026-05-19T13:54:21.085+0000] {processor.py:830} INFO - Processing file /home/airflow/.local/lib/python3.12/site-packages/airflow/example_dags/example_bash_decorator.py for tasks to queue
[2026-05-19T13:54:21.091+0000] {logging_mixin.py:188} INFO - [2026-05-19T13:54:21.090+0000] {dagbag.py:545} INFO - Filling up the DagBag from /home/airflow/.local/lib/python3.12/site-packages/airflow/example_dags/example_bash_decorator.py
[2026-05-19T13:54:21.108+0000] {processor.py:840} INFO - DAG(s) 'example_bash_decorator' retrieved from /home/airflow/.local/lib/python3.12/site-packages/airflow/example_dags/example_bash_decorator.py
[2026-05-19T13:54:21.133+0000] {logging_mixin.py:188} INFO - [2026-05-19T13:54:21.132+0000] {dag.py:3096} INFO - Sync 1 DAGs
[2026-05-19T13:54:21.146+0000] {logging_mixin.py:188} INFO - [2026-05-19T13:54:21.146+0000] {dag.py:3954} INFO - Setting next_dagrun for example_bash_decorator to None, run_after=None
[2026-05-19T13:54:21.177+0000] {processor.py:183} INFO - Processing /home/airflow/.local/lib/python3.12/site-packages/airflow/example_dags/example_bash_decorator.py took 0.104 seconds
[2026-05-19T13:54:51.670+0000] {processor.py:161} INFO - Started process (PID=2872) to work on /home/airflow/.local/lib/python3.12/site-packages/airflow/example_dags/example_bash_decorator.py
[2026-05-19T13:54:51.672+0000] {processor.py:830} INFO - Processing file /home/airflow/.local/lib/python3.12/site-packages/airflow/example_dags/example_bash_decorator.py for tasks to queue
[2026-05-19T13:54:51.674+0000] {logging_mixin.py:188} INFO - [2026-05-19T13:54:51.674+0000] {dagbag.py:545} INFO - Filling up the DagBag from /home/airflow/.local/lib/python3.12/site-packages/airflow/example_dags/example_bash_decorator.py
[2026-05-19T13:54:51.690+0000] {processor.py:840} INFO - DAG(s) 'example_bash_decorator' retrieved from /home/airflow/.local/lib/python3.12/site-packages/airflow/example_dags/example_bash_decorator.py
[2026-05-19T13:54:51.729+0000] {logging_mixin.py:188} INFO - [2026-05-19T13:54:51.728+0000] {dag.py:3096} INFO - Sync 1 DAGs
[2026-05-19T13:54:51.745+0000] {logging_mixin.py:188} INFO - [2026-05-19T13:54:51.744+0000] {dag.py:3954} INFO - Setting next_dagrun for example_bash_decorator to None, run_after=None
[2026-05-19T13:54:51.776+0000] {processor.py:183} INFO - Processing /home/airflow/.local/lib/python3.12/site-packages/airflow/example_dags/example_bash_decorator.py took 0.113 seconds
[2026-05-19T13:55:22.438+0000] {processor.py:161} INFO - Started process (PID=2931) to work on /home/airflow/.local/lib/python3.12/site-packages/airflow/example_dags/example_bash_decorator.py
[2026-05-19T13:55:22.440+0000] {processor.py:830} INFO - Processing file /home/airflow/.local/lib/python3.12/site-packages/airflow/example_dags/example_bash_decorator.py for tasks to queue
[2026-05-19T13:55:22.442+0000] {logging_mixin.py:188} INFO - [2026-05-19T13:55:22.441+0000] {dagbag.py:545} INFO - Filling up the DagBag from /home/airflow/.local/lib/python3.12/site-packages/airflow/example_dags/example_bash_decorator.py
[2026-05-19T13:55:22.456+0000] {processor.py:840} INFO - DAG(s) 'example_bash_decorator' retrieved from /home/airflow/.local/lib/python3.12/site-packages/airflow/example_dags/example_bash_decorator.py
[2026-05-19T13:55:22.484+0000] {logging_mixin.py:188} INFO - [2026-05-19T13:55:22.484+0000] {dag.py:3096} INFO - Sync 1 DAGs
[2026-05-19T13:55:22.498+0000] {logging_mixin.py:188} INFO - [2026-05-19T13:55:22.498+0000] {dag.py:3954} INFO - Setting next_dagrun for example_bash_decorator to None, run_after=None
[2026-05-19T13:55:22.520+0000] {processor.py:183} INFO - Processing /home/airflow/.local/lib/python3.12/site-packages/airflow/example_dags/example_bash_decorator.py took 0.088 seconds
[2026-05-19T13:55:52.936+0000] {processor.py:161} INFO - Started process (PID=2990) to work on /home/airflow/.local/lib/python3.12/site-packages/airflow/example_dags/example_bash_decorator.py
[2026-05-19T13:55:52.938+0000] {processor.py:830} INFO - Processing file /home/airflow/.local/lib/python3.12/site-packages/airflow/example_dags/example_bash_decorator.py for tasks to queue
[2026-05-19T13:55:52.940+0000] {logging_mixin.py:188} INFO - [2026-05-19T13:55:52.939+0000] {dagbag.py:545} INFO - Filling up the DagBag from /home/airflow/.local/lib/python3.12/site-packages/airflow/example_dags/example_bash_decorator.py
[2026-05-19T13:55:52.954+0000] {processor.py:840} INFO - DAG(s) 'example_bash_decorator' retrieved from /home/airflow/.local/lib/python3.12/site-packages/airflow/example_dags/example_bash_decorator.py
[2026-05-19T13:55:52.992+0000] {logging_mixin.py:188} INFO - [2026-05-19T13:55:52.991+0000] {dag.py:3096} INFO - Sync 1 DAGs
[2026-05-19T13:55:53.006+0000] {logging_mixin.py:188} INFO - [2026-05-19T13:55:53.005+0000] {dag.py:3954} INFO - Setting next_dagrun for example_bash_decorator to None, run_after=None
[2026-05-19T13:55:53.029+0000] {processor.py:183} INFO - Processing /home/airflow/.local/lib/python3.12/site-packages/airflow/example_dags/example_bash_decorator.py took 0.100 seconds
[2026-05-19T13:56:23.212+0000] {processor.py:161} INFO - Started process (PID=3048) to work on /home/airflow/.local/lib/python3.12/site-packages/airflow/example_dags/example_bash_decorator.py
[2026-05-19T13:56:23.214+0000] {processor.py:830} INFO - Processing file /home/airflow/.local/lib/python3.12/site-packages/airflow/example_dags/example_bash_decorator.py for tasks to queue
[2026-05-19T13:56:23.217+0000] {logging_mixin.py:188} INFO - [2026-05-19T13:56:23.217+0000] {dagbag.py:545} INFO - Filling up the DagBag from /home/airflow/.local/lib/python3.12/site-packages/airflow/example_dags/example_bash_decorator.py
[2026-05-19T13:56:23.238+0000] {processor.py:840} INFO - DAG(s) 'example_bash_decorator' retrieved from /home/airflow/.local/lib/python3.12/site-packages/airflow/example_dags/example_bash_decorator.py
[2026-05-19T13:56:23.282+0000] {logging_mixin.py:188} INFO - [2026-05-19T13:56:23.281+0000] {dag.py:3096} INFO - Sync 1 DAGs
[2026-05-19T13:56:23.301+0000] {logging_mixin.py:188} INFO - [2026-05-19T13:56:23.301+0000] {dag.py:3954} INFO - Setting next_dagrun for example_bash_decorator to None, run_after=None
[2026-05-19T13:56:23.340+0000] {processor.py:183} INFO - Processing /home/airflow/.local/lib/python3.12/site-packages/airflow/example_dags/example_bash_decorator.py took 0.137 seconds
[2026-05-19T13:56:53.801+0000] {processor.py:161} INFO - Started process (PID=3107) to work on /home/airflow/.local/lib/python3.12/site-packages/airflow/example_dags/example_bash_decorator.py
[2026-05-19T13:56:53.803+0000] {processor.py:830} INFO - Processing file /home/airflow/.local/lib/python3.12/site-packages/airflow/example_dags/example_bash_decorator.py for tasks to queue
[2026-05-19T13:56:53.806+0000] {logging_mixin.py:188} INFO - [2026-05-19T13:56:53.805+0000] {dagbag.py:545} INFO - Filling up the DagBag from /home/airflow/.local/lib/python3.12/site-packages/airflow/example_dags/example_bash_decorator.py
[2026-05-19T13:56:53.821+0000] {processor.py:840} INFO - DAG(s) 'example_bash_decorator' retrieved from /home/airflow/.local/lib/python3.12/site-packages/airflow/example_dags/example_bash_decorator.py
[2026-05-19T13:56:53.848+0000] {logging_mixin.py:188} INFO - [2026-05-19T13:56:53.848+0000] {dag.py:3096} INFO - Sync 1 DAGs
[2026-05-19T13:56:53.862+0000] {logging_mixin.py:188} INFO - [2026-05-19T13:56:53.862+0000] {dag.py:3954} INFO - Setting next_dagrun for example_bash_decorator to None, run_after=None
[2026-05-19T13:56:53.886+0000] {processor.py:183} INFO - Processing /home/airflow/.local/lib/python3.12/site-packages/airflow/example_dags/example_bash_decorator.py took 0.092 seconds
[2026-05-19T13:57:24.030+0000] {processor.py:161} INFO - Started process (PID=3166) to work on /home/airflow/.local/lib/python3.12/site-packages/airflow/example_dags/example_bash_decorator.py
[2026-05-19T13:57:24.032+0000] {processor.py:830} INFO - Processing file /home/airflow/.local/lib/python3.12/site-packages/airflow/example_dags/example_bash_decorator.py for tasks to queue
[2026-05-19T13:57:24.034+0000] {logging_mixin.py:188} INFO - [2026-05-19T13:57:24.034+0000] {dagbag.py:545} INFO - Filling up the DagBag from /home/airflow/.local/lib/python3.12/site-packages/airflow/example_dags/example_bash_decorator.py
[2026-05-19T13:57:24.047+0000] {processor.py:840} INFO - DAG(s) 'example_bash_decorator' retrieved from /home/airflow/.local/lib/python3.12/site-packages/airflow/example_dags/example_bash_decorator.py
[2026-05-19T13:57:24.076+0000] {logging_mixin.py:188} INFO - [2026-05-19T13:57:24.076+0000] {dag.py:3096} INFO - Sync 1 DAGs
[2026-05-19T13:57:24.104+0000] {logging_mixin.py:188} INFO - [2026-05-19T13:57:24.103+0000] {dag.py:3954} INFO - Setting next_dagrun for example_bash_decorator to None, run_after=None
[2026-05-19T13:57:24.141+0000] {processor.py:183} INFO - Processing /home/airflow/.local/lib/python3.12/site-packages/airflow/example_dags/example_bash_decorator.py took 0.117 seconds
[2026-05-19T13:57:54.577+0000] {processor.py:161} INFO - Started process (PID=3225) to work on /home/airflow/.local/lib/python3.12/site-packages/airflow/example_dags/example_bash_decorator.py
[2026-05-19T13:57:54.579+0000] {processor.py:830} INFO - Processing file /home/airflow/.local/lib/python3.12/site-packages/airflow/example_dags/example_bash_decorator.py for tasks to queue
[2026-05-19T13:57:54.581+0000] {logging_mixin.py:188} INFO - [2026-05-19T13:57:54.581+0000] {dagbag.py:545} INFO - Filling up the DagBag from /home/airflow/.local/lib/python3.12/site-packages/airflow/example_dags/example_bash_decorator.py
[2026-05-19T13:57:54.593+0000] {processor.py:840} INFO - DAG(s) 'example_bash_decorator' retrieved from /home/airflow/.local/lib/python3.12/site-packages/airflow/example_dags/example_bash_decorator.py
[2026-05-19T13:57:54.619+0000] {logging_mixin.py:188} INFO - [2026-05-19T13:57:54.619+0000] {dag.py:3096} INFO - Sync 1 DAGs
[2026-05-19T13:57:54.634+0000] {logging_mixin.py:188} INFO - [2026-05-19T13:57:54.634+0000] {dag.py:3954} INFO - Setting next_dagrun for example_bash_decorator to None, run_after=None
[2026-05-19T13:57:54.654+0000] {processor.py:183} INFO - Processing /home/airflow/.local/lib/python3.12/site-packages/airflow/example_dags/example_bash_decorator.py took 0.083 seconds
[2026-05-19T13:58:25.374+0000] {processor.py:161} INFO - Started process (PID=3284) to work on /home/airflow/.local/lib/python3.12/site-packages/airflow/example_dags/example_bash_decorator.py
[2026-05-19T13:58:25.376+0000] {processor.py:830} INFO - Processing file /home/airflow/.local/lib/python3.12/site-packages/airflow/example_dags/example_bash_decorator.py for tasks to queue
[2026-05-19T13:58:25.380+0000] {logging_mixin.py:188} INFO - [2026-05-19T13:58:25.379+0000] {dagbag.py:545} INFO - Filling up the DagBag from /home/airflow/.local/lib/python3.12/site-packages/airflow/example_dags/example_bash_decorator.py
[2026-05-19T13:58:25.396+0000] {processor.py:840} INFO - DAG(s) 'example_bash_decorator' retrieved from /home/airflow/.local/lib/python3.12/site-packages/airflow/example_dags/example_bash_decorator.py
[2026-05-19T13:58:25.425+0000] {logging_mixin.py:188} INFO - [2026-05-19T13:58:25.424+0000] {dag.py:3096} INFO - Sync 1 DAGs
[2026-05-19T13:58:25.453+0000] {logging_mixin.py:188} INFO - [2026-05-19T13:58:25.452+0000] {dag.py:3954} INFO - Setting next_dagrun for example_bash_decorator to None, run_after=None
[2026-05-19T13:58:25.493+0000] {processor.py:183} INFO - Processing /home/airflow/.local/lib/python3.12/site-packages/airflow/example_dags/example_bash_decorator.py took 0.128 seconds
[2026-05-19T13:58:55.746+0000] {processor.py:161} INFO - Started process (PID=3343) to work on /home/airflow/.local/lib/python3.12/site-packages/airflow/example_dags/example_bash_decorator.py
[2026-05-19T13:58:55.747+0000] {processor.py:830} INFO - Processing file /home/airflow/.local/lib/python3.12/site-packages/airflow/example_dags/example_bash_decorator.py for tasks to queue
[2026-05-19T13:58:55.749+0000] {logging_mixin.py:188} INFO - [2026-05-19T13:58:55.748+0000] {dagbag.py:545} INFO - Filling up the DagBag from /home/airflow/.local/lib/python3.12/site-packages/airflow/example_dags/example_bash_decorator.py
[2026-05-19T13:58:55.775+0000] {processor.py:840} INFO - DAG(s) 'example_bash_decorator' retrieved from /home/airflow/.local/lib/python3.12/site-packages/airflow/example_dags/example_bash_decorator.py
[2026-05-19T13:58:55.817+0000] {logging_mixin.py:188} INFO - [2026-05-19T13:58:55.817+0000] {dag.py:3096} INFO - Sync 1 DAGs
[2026-05-19T13:58:55.832+0000] {logging_mixin.py:188} INFO - [2026-05-19T13:58:55.832+0000] {dag.py:3954} INFO - Setting next_dagrun for example_bash_decorator to None, run_after=None
[2026-05-19T13:58:55.866+0000] {processor.py:183} INFO - Processing /home/airflow/.local/lib/python3.12/site-packages/airflow/example_dags/example_bash_decorator.py took 0.126 seconds
[2026-05-19T13:59:26.116+0000] {processor.py:161} INFO - Started process (PID=3402) to work on /home/airflow/.local/lib/python3.12/site-packages/airflow/example_dags/example_bash_decorator.py
[2026-05-19T13:59:26.118+0000] {processor.py:830} INFO - Processing file /home/airflow/.local/lib/python3.12/site-packages/airflow/example_dags/example_bash_decorator.py for tasks to queue
[2026-05-19T13:59:26.122+0000] {logging_mixin.py:188} INFO - [2026-05-19T13:59:26.121+0000] {dagbag.py:545} INFO - Filling up the DagBag from /home/airflow/.local/lib/python3.12/site-packages/airflow/example_dags/example_bash_decorator.py
[2026-05-19T13:59:26.138+0000] {processor.py:840} INFO - DAG(s) 'example_bash_decorator' retrieved from /home/airflow/.local/lib/python3.12/site-packages/airflow/example_dags/example_bash_decorator.py
[2026-05-19T13:59:26.163+0000] {logging_mixin.py:188} INFO - [2026-05-19T13:59:26.163+0000] {dag.py:3096} INFO - Sync 1 DAGs
[2026-05-19T13:59:26.177+0000] {logging_mixin.py:188} INFO - [2026-05-19T13:59:26.177+0000] {dag.py:3954} INFO - Setting next_dagrun for example_bash_decorator to None, run_after=None
[2026-05-19T13:59:26.205+0000] {processor.py:183} INFO - Processing /home/airflow/.local/lib/python3.12/site-packages/airflow/example_dags/example_bash_decorator.py took 0.095 seconds
[2026-05-19T13:59:57.153+0000] {processor.py:161} INFO - Started process (PID=3462) to work on /home/airflow/.local/lib/python3.12/site-packages/airflow/example_dags/example_bash_decorator.py
[2026-05-19T13:59:57.155+0000] {processor.py:830} INFO - Processing file /home/airflow/.local/lib/python3.12/site-packages/airflow/example_dags/example_bash_decorator.py for tasks to queue
[2026-05-19T13:59:57.160+0000] {logging_mixin.py:188} INFO - [2026-05-19T13:59:57.159+0000] {dagbag.py:545} INFO - Filling up the DagBag from /home/airflow/.local/lib/python3.12/site-packages/airflow/example_dags/example_bash_decorator.py
[2026-05-19T13:59:57.197+0000] {processor.py:840} INFO - DAG(s) 'example_bash_decorator' retrieved from /home/airflow/.local/lib/python3.12/site-packages/airflow/example_dags/example_bash_decorator.py
[2026-05-19T13:59:57.260+0000] {logging_mixin.py:188} INFO - [2026-05-19T13:59:57.259+0000] {dag.py:3096} INFO - Sync 1 DAGs
[2026-05-19T13:59:57.293+0000] {logging_mixin.py:188} INFO - [2026-05-19T13:59:57.293+0000] {dag.py:3954} INFO - Setting next_dagrun for example_bash_decorator to None, run_after=None
[2026-05-19T13:59:57.343+0000] {processor.py:183} INFO - Processing /home/airflow/.local/lib/python3.12/site-packages/airflow/example_dags/example_bash_decorator.py took 0.206 seconds
[2026-05-19T14:00:27.473+0000] {processor.py:161} INFO - Started process (PID=3521) to work on /home/airflow/.local/lib/python3.12/site-packages/airflow/example_dags/example_bash_decorator.py
[2026-05-19T14:00:27.475+0000] {processor.py:830} INFO - Processing file /home/airflow/.local/lib/python3.12/site-packages/airflow/example_dags/example_bash_decorator.py for tasks to queue
[2026-05-19T14:00:27.479+0000] {logging_mixin.py:188} INFO - [2026-05-19T14:00:27.479+0000] {dagbag.py:545} INFO - Filling up the DagBag from /home/airflow/.local/lib/python3.12/site-packages/airflow/example_dags/example_bash_decorator.py
[2026-05-19T14:00:27.499+0000] {processor.py:840} INFO - DAG(s) 'example_bash_decorator' retrieved from /home/airflow/.local/lib/python3.12/site-packages/airflow/example_dags/example_bash_decorator.py
[2026-05-19T14:00:27.533+0000] {logging_mixin.py:188} INFO - [2026-05-19T14:00:27.532+0000] {dag.py:3096} INFO - Sync 1 DAGs
[2026-05-19T14:00:27.555+0000] {logging_mixin.py:188} INFO - [2026-05-19T14:00:27.555+0000] {dag.py:3954} INFO - Setting next_dagrun for example_bash_decorator to None, run_after=None
[2026-05-19T14:00:27.583+0000] {processor.py:183} INFO - Processing /home/airflow/.local/lib/python3.12/site-packages/airflow/example_dags/example_bash_decorator.py took 0.117 seconds
[2026-05-19T14:00:58.625+0000] {processor.py:161} INFO - Started process (PID=3581) to work on /home/airflow/.local/lib/python3.12/site-packages/airflow/example_dags/example_bash_decorator.py
[2026-05-19T14:00:58.638+0000] {processor.py:830} INFO - Processing file /home/airflow/.local/lib/python3.12/site-packages/airflow/example_dags/example_bash_decorator.py for tasks to queue
[2026-05-19T14:00:58.647+0000] {logging_mixin.py:188} INFO - [2026-05-19T14:00:58.646+0000] {dagbag.py:545} INFO - Filling up the DagBag from /home/airflow/.local/lib/python3.12/site-packages/airflow/example_dags/example_bash_decorator.py
[2026-05-19T14:00:58.795+0000] {processor.py:840} INFO - DAG(s) 'example_bash_decorator' retrieved from /home/airflow/.local/lib/python3.12/site-packages/airflow/example_dags/example_bash_decorator.py
[2026-05-19T14:00:58.918+0000] {logging_mixin.py:188} INFO - [2026-05-19T14:00:58.917+0000] {dag.py:3096} INFO - Sync 1 DAGs
[2026-05-19T14:00:59.062+0000] {logging_mixin.py:188} INFO - [2026-05-19T14:00:59.062+0000] {dag.py:3954} INFO - Setting next_dagrun for example_bash_decorator to None, run_after=None
[2026-05-19T14:00:59.197+0000] {processor.py:183} INFO - Processing /home/airflow/.local/lib/python3.12/site-packages/airflow/example_dags/example_bash_decorator.py took 0.660 seconds
[2026-05-19T14:01:30.178+0000] {processor.py:161} INFO - Started process (PID=3640) to work on /home/airflow/.local/lib/python3.12/site-packages/airflow/example_dags/example_bash_decorator.py
[2026-05-19T14:01:30.180+0000] {processor.py:830} INFO - Processing file /home/airflow/.local/lib/python3.12/site-packages/airflow/example_dags/example_bash_decorator.py for tasks to queue
[2026-05-19T14:01:30.184+0000] {logging_mixin.py:188} INFO - [2026-05-19T14:01:30.184+0000] {dagbag.py:545} INFO - Filling up the DagBag from /home/airflow/.local/lib/python3.12/site-packages/airflow/example_dags/example_bash_decorator.py
[2026-05-19T14:01:30.201+0000] {processor.py:840} INFO - DAG(s) 'example_bash_decorator' retrieved from /home/airflow/.local/lib/python3.12/site-packages/airflow/example_dags/example_bash_decorator.py
[2026-05-19T14:01:30.230+0000] {logging_mixin.py:188} INFO - [2026-05-19T14:01:30.229+0000] {dag.py:3096} INFO - Sync 1 DAGs
[2026-05-19T14:01:30.251+0000] {logging_mixin.py:188} INFO - [2026-05-19T14:01:30.250+0000] {dag.py:3954} INFO - Setting next_dagrun for example_bash_decorator to None, run_after=None
[2026-05-19T14:01:30.275+0000] {processor.py:183} INFO - Processing /home/airflow/.local/lib/python3.12/site-packages/airflow/example_dags/example_bash_decorator.py took 0.105 seconds
[2026-05-19T14:02:01.214+0000] {processor.py:161} INFO - Started process (PID=3699) to work on /home/airflow/.local/lib/python3.12/site-packages/airflow/example_dags/example_bash_decorator.py
[2026-05-19T14:02:01.216+0000] {processor.py:830} INFO - Processing file /home/airflow/.local/lib/python3.12/site-packages/airflow/example_dags/example_bash_decorator.py for tasks to queue
[2026-05-19T14:02:01.224+0000] {logging_mixin.py:188} INFO - [2026-05-19T14:02:01.223+0000] {dagbag.py:545} INFO - Filling up the DagBag from /home/airflow/.local/lib/python3.12/site-packages/airflow/example_dags/example_bash_decorator.py
[2026-05-19T14:02:01.277+0000] {processor.py:840} INFO - DAG(s) 'example_bash_decorator' retrieved from /home/airflow/.local/lib/python3.12/site-packages/airflow/example_dags/example_bash_decorator.py
[2026-05-19T14:02:01.360+0000] {logging_mixin.py:188} INFO - [2026-05-19T14:02:01.359+0000] {dag.py:3096} INFO - Sync 1 DAGs
[2026-05-19T14:02:01.409+0000] {logging_mixin.py:188} INFO - [2026-05-19T14:02:01.408+0000] {dag.py:3954} INFO - Setting next_dagrun for example_bash_decorator to None, run_after=None
[2026-05-19T14:02:01.495+0000] {processor.py:183} INFO - Processing /home/airflow/.local/lib/python3.12/site-packages/airflow/example_dags/example_bash_decorator.py took 0.298 seconds
[2026-05-19T14:02:32.056+0000] {processor.py:161} INFO - Started process (PID=3758) to work on /home/airflow/.local/lib/python3.12/site-packages/airflow/example_dags/example_bash_decorator.py
[2026-05-19T14:02:32.057+0000] {processor.py:830} INFO - Processing file /home/airflow/.local/lib/python3.12/site-packages/airflow/example_dags/example_bash_decorator.py for tasks to queue
[2026-05-19T14:02:32.059+0000] {logging_mixin.py:188} INFO - [2026-05-19T14:02:32.059+0000] {dagbag.py:545} INFO - Filling up the DagBag from /home/airflow/.local/lib/python3.12/site-packages/airflow/example_dags/example_bash_decorator.py
[2026-05-19T14:02:32.073+0000] {processor.py:840} INFO - DAG(s) 'example_bash_decorator' retrieved from /home/airflow/.local/lib/python3.12/site-packages/airflow/example_dags/example_bash_decorator.py
[2026-05-19T14:02:32.100+0000] {logging_mixin.py:188} INFO - [2026-05-19T14:02:32.099+0000] {dag.py:3096} INFO - Sync 1 DAGs
[2026-05-19T14:02:32.112+0000] {logging_mixin.py:188} INFO - [2026-05-19T14:02:32.112+0000] {dag.py:3954} INFO - Setting next_dagrun for example_bash_decorator to None, run_after=None
[2026-05-19T14:02:32.133+0000] {processor.py:183} INFO - Processing /home/airflow/.local/lib/python3.12/site-packages/airflow/example_dags/example_bash_decorator.py took 0.082 seconds
[2026-05-19T14:03:02.415+0000] {processor.py:161} INFO - Started process (PID=3817) to work on /home/airflow/.local/lib/python3.12/site-packages/airflow/example_dags/example_bash_decorator.py
[2026-05-19T14:03:02.417+0000] {processor.py:830} INFO - Processing file /home/airflow/.local/lib/python3.12/site-packages/airflow/example_dags/example_bash_decorator.py for tasks to queue
[2026-05-19T14:03:02.421+0000] {logging_mixin.py:188} INFO - [2026-05-19T14:03:02.420+0000] {dagbag.py:545} INFO - Filling up the DagBag from /home/airflow/.local/lib/python3.12/site-packages/airflow/example_dags/example_bash_decorator.py
[2026-05-19T14:03:02.436+0000] {processor.py:840} INFO - DAG(s) 'example_bash_decorator' retrieved from /home/airflow/.local/lib/python3.12/site-packages/airflow/example_dags/example_bash_decorator.py
[2026-05-19T14:03:02.459+0000] {logging_mixin.py:188} INFO - [2026-05-19T14:03:02.458+0000] {dag.py:3096} INFO - Sync 1 DAGs
[2026-05-19T14:03:02.480+0000] {logging_mixin.py:188} INFO - [2026-05-19T14:03:02.479+0000] {dag.py:3954} INFO - Setting next_dagrun for example_bash_decorator to None, run_after=None
[2026-05-19T14:03:02.501+0000] {processor.py:183} INFO - Processing /home/airflow/.local/lib/python3.12/site-packages/airflow/example_dags/example_bash_decorator.py took 0.098 seconds
[2026-05-19T14:03:33.406+0000] {processor.py:161} INFO - Started process (PID=3876) to work on /home/airflow/.local/lib/python3.12/site-packages/airflow/example_dags/example_bash_decorator.py
[2026-05-19T14:03:33.408+0000] {processor.py:830} INFO - Processing file /home/airflow/.local/lib/python3.12/site-packages/airflow/example_dags/example_bash_decorator.py for tasks to queue
[2026-05-19T14:03:33.411+0000] {logging_mixin.py:188} INFO - [2026-05-19T14:03:33.410+0000] {dagbag.py:545} INFO - Filling up the DagBag from /home/airflow/.local/lib/python3.12/site-packages/airflow/example_dags/example_bash_decorator.py
[2026-05-19T14:03:33.430+0000] {processor.py:840} INFO - DAG(s) 'example_bash_decorator' retrieved from /home/airflow/.local/lib/python3.12/site-packages/airflow/example_dags/example_bash_decorator.py
[2026-05-19T14:03:33.455+0000] {logging_mixin.py:188} INFO - [2026-05-19T14:03:33.455+0000] {dag.py:3096} INFO - Sync 1 DAGs
[2026-05-19T14:03:33.467+0000] {logging_mixin.py:188} INFO - [2026-05-19T14:03:33.466+0000] {dag.py:3954} INFO - Setting next_dagrun for example_bash_decorator to None, run_after=None
[2026-05-19T14:03:33.488+0000] {processor.py:183} INFO - Processing /home/airflow/.local/lib/python3.12/site-packages/airflow/example_dags/example_bash_decorator.py took 0.089 seconds
[2026-05-19T14:04:03.756+0000] {processor.py:161} INFO - Started process (PID=3935) to work on /home/airflow/.local/lib/python3.12/site-packages/airflow/example_dags/example_bash_decorator.py
[2026-05-19T14:04:03.759+0000] {processor.py:830} INFO - Processing file /home/airflow/.local/lib/python3.12/site-packages/airflow/example_dags/example_bash_decorator.py for tasks to queue
[2026-05-19T14:04:03.762+0000] {logging_mixin.py:188} INFO - [2026-05-19T14:04:03.761+0000] {dagbag.py:545} INFO - Filling up the DagBag from /home/airflow/.local/lib/python3.12/site-packages/airflow/example_dags/example_bash_decorator.py
[2026-05-19T14:04:03.785+0000] {processor.py:840} INFO - DAG(s) 'example_bash_decorator' retrieved from /home/airflow/.local/lib/python3.12/site-packages/airflow/example_dags/example_bash_decorator.py
[2026-05-19T14:04:03.813+0000] {logging_mixin.py:188} INFO - [2026-05-19T14:04:03.813+0000] {dag.py:3096} INFO - Sync 1 DAGs
[2026-05-19T14:04:03.828+0000] {logging_mixin.py:188} INFO - [2026-05-19T14:04:03.828+0000] {dag.py:3954} INFO - Setting next_dagrun for example_bash_decorator to None, run_after=None
[2026-05-19T14:04:03.854+0000] {processor.py:183} INFO - Processing /home/airflow/.local/lib/python3.12/site-packages/airflow/example_dags/example_bash_decorator.py took 0.104 seconds
[2026-05-19T14:04:33.955+0000] {processor.py:161} INFO - Started process (PID=3994) to work on /home/airflow/.local/lib/python3.12/site-packages/airflow/example_dags/example_bash_decorator.py
[2026-05-19T14:04:33.956+0000] {processor.py:830} INFO - Processing file /home/airflow/.local/lib/python3.12/site-packages/airflow/example_dags/example_bash_decorator.py for tasks to queue
[2026-05-19T14:04:33.959+0000] {logging_mixin.py:188} INFO - [2026-05-19T14:04:33.958+0000] {dagbag.py:545} INFO - Filling up the DagBag from /home/airflow/.local/lib/python3.12/site-packages/airflow/example_dags/example_bash_decorator.py
[2026-05-19T14:04:33.973+0000] {processor.py:840} INFO - DAG(s) 'example_bash_decorator' retrieved from /home/airflow/.local/lib/python3.12/site-packages/airflow/example_dags/example_bash_decorator.py
[2026-05-19T14:04:34.000+0000] {logging_mixin.py:188} INFO - [2026-05-19T14:04:34.000+0000] {dag.py:3096} INFO - Sync 1 DAGs
[2026-05-19T14:04:34.013+0000] {logging_mixin.py:188} INFO - [2026-05-19T14:04:34.013+0000] {dag.py:3954} INFO - Setting next_dagrun for example_bash_decorator to None, run_after=None
[2026-05-19T14:04:34.036+0000] {processor.py:183} INFO - Processing /home/airflow/.local/lib/python3.12/site-packages/airflow/example_dags/example_bash_decorator.py took 0.087 seconds
[2026-05-19T14:05:04.567+0000] {processor.py:161} INFO - Started process (PID=4053) to work on /home/airflow/.local/lib/python3.12/site-packages/airflow/example_dags/example_bash_decorator.py
[2026-05-19T14:05:04.570+0000] {processor.py:830} INFO - Processing file /home/airflow/.local/lib/python3.12/site-packages/airflow/example_dags/example_bash_decorator.py for tasks to queue
[2026-05-19T14:05:04.576+0000] {logging_mixin.py:188} INFO - [2026-05-19T14:05:04.575+0000] {dagbag.py:545} INFO - Filling up the DagBag from /home/airflow/.local/lib/python3.12/site-packages/airflow/example_dags/example_bash_decorator.py
[2026-05-19T14:05:04.627+0000] {processor.py:840} INFO - DAG(s) 'example_bash_decorator' retrieved from /home/airflow/.local/lib/python3.12/site-packages/airflow/example_dags/example_bash_decorator.py
[2026-05-19T14:05:04.709+0000] {logging_mixin.py:188} INFO - [2026-05-19T14:05:04.709+0000] {dag.py:3096} INFO - Sync 1 DAGs
[2026-05-19T14:05:04.785+0000] {logging_mixin.py:188} INFO - [2026-05-19T14:05:04.785+0000] {dag.py:3954} INFO - Setting next_dagrun for example_bash_decorator to None, run_after=None
[2026-05-19T14:05:04.865+0000] {processor.py:183} INFO - Processing /home/airflow/.local/lib/python3.12/site-packages/airflow/example_dags/example_bash_decorator.py took 0.313 seconds
[2026-05-19T14:05:35.562+0000] {processor.py:161} INFO - Started process (PID=4112) to work on /home/airflow/.local/lib/python3.12/site-packages/airflow/example_dags/example_bash_decorator.py
[2026-05-19T14:05:35.564+0000] {processor.py:830} INFO - Processing file /home/airflow/.local/lib/python3.12/site-packages/airflow/example_dags/example_bash_decorator.py for tasks to queue
[2026-05-19T14:05:35.566+0000] {logging_mixin.py:188} INFO - [2026-05-19T14:05:35.566+0000] {dagbag.py:545} INFO - Filling up the DagBag from /home/airflow/.local/lib/python3.12/site-packages/airflow/example_dags/example_bash_decorator.py
[2026-05-19T14:05:35.577+0000] {processor.py:840} INFO - DAG(s) 'example_bash_decorator' retrieved from /home/airflow/.local/lib/python3.12/site-packages/airflow/example_dags/example_bash_decorator.py
[2026-05-19T14:05:35.601+0000] {logging_mixin.py:188} INFO - [2026-05-19T14:05:35.601+0000] {dag.py:3096} INFO - Sync 1 DAGs
[2026-05-19T14:05:35.616+0000] {logging_mixin.py:188} INFO - [2026-05-19T14:05:35.616+0000] {dag.py:3954} INFO - Setting next_dagrun for example_bash_decorator to None, run_after=None
[2026-05-19T14:05:35.643+0000] {processor.py:183} INFO - Processing /home/airflow/.local/lib/python3.12/site-packages/airflow/example_dags/example_bash_decorator.py took 0.086 seconds
[2026-05-19T14:06:05.915+0000] {processor.py:161} INFO - Started process (PID=4172) to work on /home/airflow/.local/lib/python3.12/site-packages/airflow/example_dags/example_bash_decorator.py
[2026-05-19T14:06:05.916+0000] {processor.py:830} INFO - Processing file /home/airflow/.local/lib/python3.12/site-packages/airflow/example_dags/example_bash_decorator.py for tasks to queue
[2026-05-19T14:06:05.918+0000] {logging_mixin.py:188} INFO - [2026-05-19T14:06:05.918+0000] {dagbag.py:545} INFO - Filling up the DagBag from /home/airflow/.local/lib/python3.12/site-packages/airflow/example_dags/example_bash_decorator.py
[2026-05-19T14:06:05.931+0000] {processor.py:840} INFO - DAG(s) 'example_bash_decorator' retrieved from /home/airflow/.local/lib/python3.12/site-packages/airflow/example_dags/example_bash_decorator.py
[2026-05-19T14:06:05.959+0000] {logging_mixin.py:188} INFO - [2026-05-19T14:06:05.959+0000] {dag.py:3096} INFO - Sync 1 DAGs
[2026-05-19T14:06:05.971+0000] {logging_mixin.py:188} INFO - [2026-05-19T14:06:05.971+0000] {dag.py:3954} INFO - Setting next_dagrun for example_bash_decorator to None, run_after=None
[2026-05-19T14:06:05.988+0000] {processor.py:183} INFO - Processing /home/airflow/.local/lib/python3.12/site-packages/airflow/example_dags/example_bash_decorator.py took 0.078 seconds
[2026-05-19T14:06:36.844+0000] {processor.py:161} INFO - Started process (PID=4231) to work on /home/airflow/.local/lib/python3.12/site-packages/airflow/example_dags/example_bash_decorator.py
[2026-05-19T14:06:36.846+0000] {processor.py:830} INFO - Processing file /home/airflow/.local/lib/python3.12/site-packages/airflow/example_dags/example_bash_decorator.py for tasks to queue
[2026-05-19T14:06:36.849+0000] {logging_mixin.py:188} INFO - [2026-05-19T14:06:36.849+0000] {dagbag.py:545} INFO - Filling up the DagBag from /home/airflow/.local/lib/python3.12/site-packages/airflow/example_dags/example_bash_decorator.py
[2026-05-19T14:06:36.865+0000] {processor.py:840} INFO - DAG(s) 'example_bash_decorator' retrieved from /home/airflow/.local/lib/python3.12/site-packages/airflow/example_dags/example_bash_decorator.py
[2026-05-19T14:06:36.899+0000] {logging_mixin.py:188} INFO - [2026-05-19T14:06:36.899+0000] {dag.py:3096} INFO - Sync 1 DAGs
[2026-05-19T14:06:36.912+0000] {logging_mixin.py:188} INFO - [2026-05-19T14:06:36.911+0000] {dag.py:3954} INFO - Setting next_dagrun for example_bash_decorator to None, run_after=None
[2026-05-19T14:06:36.936+0000] {processor.py:183} INFO - Processing /home/airflow/.local/lib/python3.12/site-packages/airflow/example_dags/example_bash_decorator.py took 0.101 seconds
[2026-05-19T14:07:07.393+0000] {processor.py:161} INFO - Started process (PID=4290) to work on /home/airflow/.local/lib/python3.12/site-packages/airflow/example_dags/example_bash_decorator.py
[2026-05-19T14:07:07.394+0000] {processor.py:830} INFO - Processing file /home/airflow/.local/lib/python3.12/site-packages/airflow/example_dags/example_bash_decorator.py for tasks to queue
[2026-05-19T14:07:07.397+0000] {logging_mixin.py:188} INFO - [2026-05-19T14:07:07.397+0000] {dagbag.py:545} INFO - Filling up the DagBag from /home/airflow/.local/lib/python3.12/site-packages/airflow/example_dags/example_bash_decorator.py
[2026-05-19T14:07:07.410+0000] {processor.py:840} INFO - DAG(s) 'example_bash_decorator' retrieved from /home/airflow/.local/lib/python3.12/site-packages/airflow/example_dags/example_bash_decorator.py
[2026-05-19T14:07:07.440+0000] {logging_mixin.py:188} INFO - [2026-05-19T14:07:07.440+0000] {dag.py:3096} INFO - Sync 1 DAGs
[2026-05-19T14:07:07.451+0000] {logging_mixin.py:188} INFO - [2026-05-19T14:07:07.451+0000] {dag.py:3954} INFO - Setting next_dagrun for example_bash_decorator to None, run_after=None
[2026-05-19T14:07:07.473+0000] {processor.py:183} INFO - Processing /home/airflow/.local/lib/python3.12/site-packages/airflow/example_dags/example_bash_decorator.py took 0.087 seconds
[2026-05-19T14:07:38.335+0000] {processor.py:161} INFO - Started process (PID=4349) to work on /home/airflow/.local/lib/python3.12/site-packages/airflow/example_dags/example_bash_decorator.py
[2026-05-19T14:07:38.337+0000] {processor.py:830} INFO - Processing file /home/airflow/.local/lib/python3.12/site-packages/airflow/example_dags/example_bash_decorator.py for tasks to queue
[2026-05-19T14:07:38.344+0000] {logging_mixin.py:188} INFO - [2026-05-19T14:07:38.343+0000] {dagbag.py:545} INFO - Filling up the DagBag from /home/airflow/.local/lib/python3.12/site-packages/airflow/example_dags/example_bash_decorator.py
[2026-05-19T14:07:38.373+0000] {processor.py:840} INFO - DAG(s) 'example_bash_decorator' retrieved from /home/airflow/.local/lib/python3.12/site-packages/airflow/example_dags/example_bash_decorator.py
[2026-05-19T14:07:38.434+0000] {logging_mixin.py:188} INFO - [2026-05-19T14:07:38.433+0000] {dag.py:3096} INFO - Sync 1 DAGs
[2026-05-19T14:07:38.479+0000] {logging_mixin.py:188} INFO - [2026-05-19T14:07:38.478+0000] {dag.py:3954} INFO - Setting next_dagrun for example_bash_decorator to None, run_after=None
[2026-05-19T14:07:38.533+0000] {processor.py:183} INFO - Processing /home/airflow/.local/lib/python3.12/site-packages/airflow/example_dags/example_bash_decorator.py took 0.209 seconds
[2026-05-19T14:08:08.759+0000] {processor.py:161} INFO - Started process (PID=4408) to work on /home/airflow/.local/lib/python3.12/site-packages/airflow/example_dags/example_bash_decorator.py
[2026-05-19T14:08:08.761+0000] {processor.py:830} INFO - Processing file /home/airflow/.local/lib/python3.12/site-packages/airflow/example_dags/example_bash_decorator.py for tasks to queue
[2026-05-19T14:08:08.765+0000] {logging_mixin.py:188} INFO - [2026-05-19T14:08:08.765+0000] {dagbag.py:545} INFO - Filling up the DagBag from /home/airflow/.local/lib/python3.12/site-packages/airflow/example_dags/example_bash_decorator.py
[2026-05-19T14:08:08.778+0000] {processor.py:840} INFO - DAG(s) 'example_bash_decorator' retrieved from /home/airflow/.local/lib/python3.12/site-packages/airflow/example_dags/example_bash_decorator.py
[2026-05-19T14:08:08.810+0000] {logging_mixin.py:188} INFO - [2026-05-19T14:08:08.810+0000] {dag.py:3096} INFO - Sync 1 DAGs
[2026-05-19T14:08:08.821+0000] {logging_mixin.py:188} INFO - [2026-05-19T14:08:08.821+0000] {dag.py:3954} INFO - Setting next_dagrun for example_bash_decorator to None, run_after=None
[2026-05-19T14:08:08.844+0000] {processor.py:183} INFO - Processing /home/airflow/.local/lib/python3.12/site-packages/airflow/example_dags/example_bash_decorator.py took 0.090 seconds
[2026-05-19T14:08:39.245+0000] {processor.py:161} INFO - Started process (PID=4467) to work on /home/airflow/.local/lib/python3.12/site-packages/airflow/example_dags/example_bash_decorator.py
[2026-05-19T14:08:39.246+0000] {processor.py:830} INFO - Processing file /home/airflow/.local/lib/python3.12/site-packages/airflow/example_dags/example_bash_decorator.py for tasks to queue
[2026-05-19T14:08:39.249+0000] {logging_mixin.py:188} INFO - [2026-05-19T14:08:39.249+0000] {dagbag.py:545} INFO - Filling up the DagBag from /home/airflow/.local/lib/python3.12/site-packages/airflow/example_dags/example_bash_decorator.py
[2026-05-19T14:08:39.259+0000] {processor.py:840} INFO - DAG(s) 'example_bash_decorator' retrieved from /home/airflow/.local/lib/python3.12/site-packages/airflow/example_dags/example_bash_decorator.py
[2026-05-19T14:08:39.288+0000] {logging_mixin.py:188} INFO - [2026-05-19T14:08:39.287+0000] {dag.py:3096} INFO - Sync 1 DAGs
[2026-05-19T14:08:39.299+0000] {logging_mixin.py:188} INFO - [2026-05-19T14:08:39.298+0000] {dag.py:3954} INFO - Setting next_dagrun for example_bash_decorator to None, run_after=None
[2026-05-19T14:08:39.317+0000] {processor.py:183} INFO - Processing /home/airflow/.local/lib/python3.12/site-packages/airflow/example_dags/example_bash_decorator.py took 0.076 seconds
[2026-05-19T14:09:09.646+0000] {processor.py:161} INFO - Started process (PID=4526) to work on /home/airflow/.local/lib/python3.12/site-packages/airflow/example_dags/example_bash_decorator.py
[2026-05-19T14:09:09.649+0000] {processor.py:830} INFO - Processing file /home/airflow/.local/lib/python3.12/site-packages/airflow/example_dags/example_bash_decorator.py for tasks to queue
[2026-05-19T14:09:09.656+0000] {logging_mixin.py:188} INFO - [2026-05-19T14:09:09.654+0000] {dagbag.py:545} INFO - Filling up the DagBag from /home/airflow/.local/lib/python3.12/site-packages/airflow/example_dags/example_bash_decorator.py
[2026-05-19T14:09:09.687+0000] {processor.py:840} INFO - DAG(s) 'example_bash_decorator' retrieved from /home/airflow/.local/lib/python3.12/site-packages/airflow/example_dags/example_bash_decorator.py
[2026-05-19T14:09:09.743+0000] {logging_mixin.py:188} INFO - [2026-05-19T14:09:09.743+0000] {dag.py:3096} INFO - Sync 1 DAGs
[2026-05-19T14:09:09.773+0000] {logging_mixin.py:188} INFO - [2026-05-19T14:09:09.773+0000] {dag.py:3954} INFO - Setting next_dagrun for example_bash_decorator to None, run_after=None
[2026-05-19T14:09:09.807+0000] {processor.py:183} INFO - Processing /home/airflow/.local/lib/python3.12/site-packages/airflow/example_dags/example_bash_decorator.py took 0.173 seconds
[2026-05-19T14:09:39.888+0000] {processor.py:161} INFO - Started process (PID=4586) to work on /home/airflow/.local/lib/python3.12/site-packages/airflow/example_dags/example_bash_decorator.py
[2026-05-19T14:09:39.890+0000] {processor.py:830} INFO - Processing file /home/airflow/.local/lib/python3.12/site-packages/airflow/example_dags/example_bash_decorator.py for tasks to queue
[2026-05-19T14:09:39.894+0000] {logging_mixin.py:188} INFO - [2026-05-19T14:09:39.893+0000] {dagbag.py:545} INFO - Filling up the DagBag from /home/airflow/.local/lib/python3.12/site-packages/airflow/example_dags/example_bash_decorator.py
[2026-05-19T14:09:39.910+0000] {processor.py:840} INFO - DAG(s) 'example_bash_decorator' retrieved from /home/airflow/.local/lib/python3.12/site-packages/airflow/example_dags/example_bash_decorator.py
[2026-05-19T14:09:39.938+0000] {logging_mixin.py:188} INFO - [2026-05-19T14:09:39.938+0000] {dag.py:3096} INFO - Sync 1 DAGs
[2026-05-19T14:09:39.962+0000] {logging_mixin.py:188} INFO - [2026-05-19T14:09:39.961+0000] {dag.py:3954} INFO - Setting next_dagrun for example_bash_decorator to None, run_after=None
[2026-05-19T14:09:39.987+0000] {processor.py:183} INFO - Processing /home/airflow/.local/lib/python3.12/site-packages/airflow/example_dags/example_bash_decorator.py took 0.106 seconds
[2026-05-19T14:10:10.074+0000] {processor.py:161} INFO - Started process (PID=4645) to work on /home/airflow/.local/lib/python3.12/site-packages/airflow/example_dags/example_bash_decorator.py
[2026-05-19T14:10:10.075+0000] {processor.py:830} INFO - Processing file /home/airflow/.local/lib/python3.12/site-packages/airflow/example_dags/example_bash_decorator.py for tasks to queue
[2026-05-19T14:10:10.078+0000] {logging_mixin.py:188} INFO - [2026-05-19T14:10:10.077+0000] {dagbag.py:545} INFO - Filling up the DagBag from /home/airflow/.local/lib/python3.12/site-packages/airflow/example_dags/example_bash_decorator.py
[2026-05-19T14:10:10.088+0000] {processor.py:840} INFO - DAG(s) 'example_bash_decorator' retrieved from /home/airflow/.local/lib/python3.12/site-packages/airflow/example_dags/example_bash_decorator.py
[2026-05-19T14:10:10.117+0000] {logging_mixin.py:188} INFO - [2026-05-19T14:10:10.116+0000] {dag.py:3096} INFO - Sync 1 DAGs
[2026-05-19T14:10:10.127+0000] {logging_mixin.py:188} INFO - [2026-05-19T14:10:10.127+0000] {dag.py:3954} INFO - Setting next_dagrun for example_bash_decorator to None, run_after=None
[2026-05-19T14:10:10.146+0000] {processor.py:183} INFO - Processing /home/airflow/.local/lib/python3.12/site-packages/airflow/example_dags/example_bash_decorator.py took 0.077 seconds
[2026-05-19T14:10:40.291+0000] {processor.py:161} INFO - Started process (PID=4704) to work on /home/airflow/.local/lib/python3.12/site-packages/airflow/example_dags/example_bash_decorator.py
[2026-05-19T14:10:40.293+0000] {processor.py:830} INFO - Processing file /home/airflow/.local/lib/python3.12/site-packages/airflow/example_dags/example_bash_decorator.py for tasks to queue
[2026-05-19T14:10:40.295+0000] {logging_mixin.py:188} INFO - [2026-05-19T14:10:40.294+0000] {dagbag.py:545} INFO - Filling up the DagBag from /home/airflow/.local/lib/python3.12/site-packages/airflow/example_dags/example_bash_decorator.py
[2026-05-19T14:10:40.306+0000] {processor.py:840} INFO - DAG(s) 'example_bash_decorator' retrieved from /home/airflow/.local/lib/python3.12/site-packages/airflow/example_dags/example_bash_decorator.py
[2026-05-19T14:10:40.331+0000] {logging_mixin.py:188} INFO - [2026-05-19T14:10:40.331+0000] {dag.py:3096} INFO - Sync 1 DAGs
[2026-05-19T14:10:40.345+0000] {logging_mixin.py:188} INFO - [2026-05-19T14:10:40.345+0000] {dag.py:3954} INFO - Setting next_dagrun for example_bash_decorator to None, run_after=None
[2026-05-19T14:10:40.365+0000] {processor.py:183} INFO - Processing /home/airflow/.local/lib/python3.12/site-packages/airflow/example_dags/example_bash_decorator.py took 0.079 seconds
[2026-05-19T14:11:10.464+0000] {processor.py:161} INFO - Started process (PID=4763) to work on /home/airflow/.local/lib/python3.12/site-packages/airflow/example_dags/example_bash_decorator.py
[2026-05-19T14:11:10.466+0000] {processor.py:830} INFO - Processing file /home/airflow/.local/lib/python3.12/site-packages/airflow/example_dags/example_bash_decorator.py for tasks to queue
[2026-05-19T14:11:10.469+0000] {logging_mixin.py:188} INFO - [2026-05-19T14:11:10.468+0000] {dagbag.py:545} INFO - Filling up the DagBag from /home/airflow/.local/lib/python3.12/site-packages/airflow/example_dags/example_bash_decorator.py
[2026-05-19T14:11:10.485+0000] {processor.py:840} INFO - DAG(s) 'example_bash_decorator' retrieved from /home/airflow/.local/lib/python3.12/site-packages/airflow/example_dags/example_bash_decorator.py
[2026-05-19T14:11:10.506+0000] {logging_mixin.py:188} INFO - [2026-05-19T14:11:10.506+0000] {dag.py:3096} INFO - Sync 1 DAGs
[2026-05-19T14:11:10.518+0000] {logging_mixin.py:188} INFO - [2026-05-19T14:11:10.517+0000] {dag.py:3954} INFO - Setting next_dagrun for example_bash_decorator to None, run_after=None
[2026-05-19T14:11:10.539+0000] {processor.py:183} INFO - Processing /home/airflow/.local/lib/python3.12/site-packages/airflow/example_dags/example_bash_decorator.py took 0.081 seconds
[2026-05-19T14:11:41.015+0000] {processor.py:161} INFO - Started process (PID=4822) to work on /home/airflow/.local/lib/python3.12/site-packages/airflow/example_dags/example_bash_decorator.py
[2026-05-19T14:11:41.017+0000] {processor.py:830} INFO - Processing file /home/airflow/.local/lib/python3.12/site-packages/airflow/example_dags/example_bash_decorator.py for tasks to queue
[2026-05-19T14:11:41.020+0000] {logging_mixin.py:188} INFO - [2026-05-19T14:11:41.020+0000] {dagbag.py:545} INFO - Filling up the DagBag from /home/airflow/.local/lib/python3.12/site-packages/airflow/example_dags/example_bash_decorator.py
[2026-05-19T14:11:41.036+0000] {processor.py:840} INFO - DAG(s) 'example_bash_decorator' retrieved from /home/airflow/.local/lib/python3.12/site-packages/airflow/example_dags/example_bash_decorator.py
[2026-05-19T14:11:41.061+0000] {logging_mixin.py:188} INFO - [2026-05-19T14:11:41.061+0000] {dag.py:3096} INFO - Sync 1 DAGs
[2026-05-19T14:11:41.073+0000] {logging_mixin.py:188} INFO - [2026-05-19T14:11:41.073+0000] {dag.py:3954} INFO - Setting next_dagrun for example_bash_decorator to None, run_after=None
[2026-05-19T14:11:41.103+0000] {processor.py:183} INFO - Processing /home/airflow/.local/lib/python3.12/site-packages/airflow/example_dags/example_bash_decorator.py took 0.093 seconds
[2026-05-19T14:12:11.549+0000] {processor.py:161} INFO - Started process (PID=4881) to work on /home/airflow/.local/lib/python3.12/site-packages/airflow/example_dags/example_bash_decorator.py
[2026-05-19T14:12:11.550+0000] {processor.py:830} INFO - Processing file /home/airflow/.local/lib/python3.12/site-packages/airflow/example_dags/example_bash_decorator.py for tasks to queue
[2026-05-19T14:12:11.553+0000] {logging_mixin.py:188} INFO - [2026-05-19T14:12:11.553+0000] {dagbag.py:545} INFO - Filling up the DagBag from /home/airflow/.local/lib/python3.12/site-packages/airflow/example_dags/example_bash_decorator.py
[2026-05-19T14:12:11.572+0000] {processor.py:840} INFO - DAG(s) 'example_bash_decorator' retrieved from /home/airflow/.local/lib/python3.12/site-packages/airflow/example_dags/example_bash_decorator.py
[2026-05-19T14:12:11.597+0000] {logging_mixin.py:188} INFO - [2026-05-19T14:12:11.596+0000] {dag.py:3096} INFO - Sync 1 DAGs
[2026-05-19T14:12:11.610+0000] {logging_mixin.py:188} INFO - [2026-05-19T14:12:11.610+0000] {dag.py:3954} INFO - Setting next_dagrun for example_bash_decorator to None, run_after=None
[2026-05-19T14:12:11.638+0000] {processor.py:183} INFO - Processing /home/airflow/.local/lib/python3.12/site-packages/airflow/example_dags/example_bash_decorator.py took 0.094 seconds
[2026-05-19T14:12:42.091+0000] {processor.py:161} INFO - Started process (PID=4940) to work on /home/airflow/.local/lib/python3.12/site-packages/airflow/example_dags/example_bash_decorator.py
[2026-05-19T14:12:42.093+0000] {processor.py:830} INFO - Processing file /home/airflow/.local/lib/python3.12/site-packages/airflow/example_dags/example_bash_decorator.py for tasks to queue
[2026-05-19T14:12:42.097+0000] {logging_mixin.py:188} INFO - [2026-05-19T14:12:42.096+0000] {dagbag.py:545} INFO - Filling up the DagBag from /home/airflow/.local/lib/python3.12/site-packages/airflow/example_dags/example_bash_decorator.py
[2026-05-19T14:12:42.119+0000] {processor.py:840} INFO - DAG(s) 'example_bash_decorator' retrieved from /home/airflow/.local/lib/python3.12/site-packages/airflow/example_dags/example_bash_decorator.py
[2026-05-19T14:12:42.148+0000] {logging_mixin.py:188} INFO - [2026-05-19T14:12:42.148+0000] {dag.py:3096} INFO - Sync 1 DAGs
[2026-05-19T14:12:42.163+0000] {logging_mixin.py:188} INFO - [2026-05-19T14:12:42.163+0000] {dag.py:3954} INFO - Setting next_dagrun for example_bash_decorator to None, run_after=None
[2026-05-19T14:12:42.192+0000] {processor.py:183} INFO - Processing /home/airflow/.local/lib/python3.12/site-packages/airflow/example_dags/example_bash_decorator.py took 0.107 seconds
[2026-05-19T14:13:12.603+0000] {processor.py:161} INFO - Started process (PID=4999) to work on /home/airflow/.local/lib/python3.12/site-packages/airflow/example_dags/example_bash_decorator.py
[2026-05-19T14:13:12.611+0000] {processor.py:830} INFO - Processing file /home/airflow/.local/lib/python3.12/site-packages/airflow/example_dags/example_bash_decorator.py for tasks to queue
[2026-05-19T14:13:12.619+0000] {logging_mixin.py:188} INFO - [2026-05-19T14:13:12.618+0000] {dagbag.py:545} INFO - Filling up the DagBag from /home/airflow/.local/lib/python3.12/site-packages/airflow/example_dags/example_bash_decorator.py
[2026-05-19T14:13:12.690+0000] {processor.py:840} INFO - DAG(s) 'example_bash_decorator' retrieved from /home/airflow/.local/lib/python3.12/site-packages/airflow/example_dags/example_bash_decorator.py
[2026-05-19T14:13:12.848+0000] {logging_mixin.py:188} INFO - [2026-05-19T14:13:12.847+0000] {dag.py:3096} INFO - Sync 1 DAGs
[2026-05-19T14:13:12.885+0000] {logging_mixin.py:188} INFO - [2026-05-19T14:13:12.884+0000] {dag.py:3954} INFO - Setting next_dagrun for example_bash_decorator to None, run_after=None
[2026-05-19T14:13:12.942+0000] {processor.py:183} INFO - Processing /home/airflow/.local/lib/python3.12/site-packages/airflow/example_dags/example_bash_decorator.py took 0.363 seconds
[2026-05-19T14:13:43.973+0000] {processor.py:161} INFO - Started process (PID=5058) to work on /home/airflow/.local/lib/python3.12/site-packages/airflow/example_dags/example_bash_decorator.py
[2026-05-19T14:13:43.974+0000] {processor.py:830} INFO - Processing file /home/airflow/.local/lib/python3.12/site-packages/airflow/example_dags/example_bash_decorator.py for tasks to queue
[2026-05-19T14:13:43.976+0000] {logging_mixin.py:188} INFO - [2026-05-19T14:13:43.976+0000] {dagbag.py:545} INFO - Filling up the DagBag from /home/airflow/.local/lib/python3.12/site-packages/airflow/example_dags/example_bash_decorator.py
[2026-05-19T14:13:43.994+0000] {processor.py:840} INFO - DAG(s) 'example_bash_decorator' retrieved from /home/airflow/.local/lib/python3.12/site-packages/airflow/example_dags/example_bash_decorator.py
[2026-05-19T14:13:44.021+0000] {logging_mixin.py:188} INFO - [2026-05-19T14:13:44.021+0000] {dag.py:3096} INFO - Sync 1 DAGs
[2026-05-19T14:13:44.033+0000] {logging_mixin.py:188} INFO - [2026-05-19T14:13:44.033+0000] {dag.py:3954} INFO - Setting next_dagrun for example_bash_decorator to None, run_after=None
[2026-05-19T14:13:44.056+0000] {processor.py:183} INFO - Processing /home/airflow/.local/lib/python3.12/site-packages/airflow/example_dags/example_bash_decorator.py took 0.090 seconds
[2026-05-19T14:14:14.248+0000] {processor.py:161} INFO - Started process (PID=5117) to work on /home/airflow/.local/lib/python3.12/site-packages/airflow/example_dags/example_bash_decorator.py
[2026-05-19T14:14:14.249+0000] {processor.py:830} INFO - Processing file /home/airflow/.local/lib/python3.12/site-packages/airflow/example_dags/example_bash_decorator.py for tasks to queue
[2026-05-19T14:14:14.251+0000] {logging_mixin.py:188} INFO - [2026-05-19T14:14:14.251+0000] {dagbag.py:545} INFO - Filling up the DagBag from /home/airflow/.local/lib/python3.12/site-packages/airflow/example_dags/example_bash_decorator.py
[2026-05-19T14:14:14.272+0000] {processor.py:840} INFO - DAG(s) 'example_bash_decorator' retrieved from /home/airflow/.local/lib/python3.12/site-packages/airflow/example_dags/example_bash_decorator.py
[2026-05-19T14:14:14.304+0000] {logging_mixin.py:188} INFO - [2026-05-19T14:14:14.304+0000] {dag.py:3096} INFO - Sync 1 DAGs
[2026-05-19T14:14:14.317+0000] {logging_mixin.py:188} INFO - [2026-05-19T14:14:14.317+0000] {dag.py:3954} INFO - Setting next_dagrun for example_bash_decorator to None, run_after=None
[2026-05-19T14:14:14.348+0000] {processor.py:183} INFO - Processing /home/airflow/.local/lib/python3.12/site-packages/airflow/example_dags/example_bash_decorator.py took 0.108 seconds
[2026-05-19T14:14:44.976+0000] {processor.py:161} INFO - Started process (PID=5174) to work on /home/airflow/.local/lib/python3.12/site-packages/airflow/example_dags/example_bash_decorator.py
[2026-05-19T14:14:44.979+0000] {processor.py:830} INFO - Processing file /home/airflow/.local/lib/python3.12/site-packages/airflow/example_dags/example_bash_decorator.py for tasks to queue
[2026-05-19T14:14:44.983+0000] {logging_mixin.py:188} INFO - [2026-05-19T14:14:44.983+0000] {dagbag.py:545} INFO - Filling up the DagBag from /home/airflow/.local/lib/python3.12/site-packages/airflow/example_dags/example_bash_decorator.py
[2026-05-19T14:14:45.017+0000] {processor.py:840} INFO - DAG(s) 'example_bash_decorator' retrieved from /home/airflow/.local/lib/python3.12/site-packages/airflow/example_dags/example_bash_decorator.py
[2026-05-19T14:14:45.077+0000] {logging_mixin.py:188} INFO - [2026-05-19T14:14:45.076+0000] {dag.py:3096} INFO - Sync 1 DAGs
[2026-05-19T14:14:45.115+0000] {logging_mixin.py:188} INFO - [2026-05-19T14:14:45.115+0000] {dag.py:3954} INFO - Setting next_dagrun for example_bash_decorator to None, run_after=None
[2026-05-19T14:14:45.174+0000] {processor.py:183} INFO - Processing /home/airflow/.local/lib/python3.12/site-packages/airflow/example_dags/example_bash_decorator.py took 0.220 seconds
[2026-05-19T14:15:15.688+0000] {processor.py:161} INFO - Started process (PID=5233) to work on /home/airflow/.local/lib/python3.12/site-packages/airflow/example_dags/example_bash_decorator.py
[2026-05-19T14:15:15.690+0000] {processor.py:830} INFO - Processing file /home/airflow/.local/lib/python3.12/site-packages/airflow/example_dags/example_bash_decorator.py for tasks to queue
[2026-05-19T14:15:15.693+0000] {logging_mixin.py:188} INFO - [2026-05-19T14:15:15.692+0000] {dagbag.py:545} INFO - Filling up the DagBag from /home/airflow/.local/lib/python3.12/site-packages/airflow/example_dags/example_bash_decorator.py
[2026-05-19T14:15:15.708+0000] {processor.py:840} INFO - DAG(s) 'example_bash_decorator' retrieved from /home/airflow/.local/lib/python3.12/site-packages/airflow/example_dags/example_bash_decorator.py
[2026-05-19T14:15:15.733+0000] {logging_mixin.py:188} INFO - [2026-05-19T14:15:15.733+0000] {dag.py:3096} INFO - Sync 1 DAGs
[2026-05-19T14:15:15.747+0000] {logging_mixin.py:188} INFO - [2026-05-19T14:15:15.746+0000] {dag.py:3954} INFO - Setting next_dagrun for example_bash_decorator to None, run_after=None
[2026-05-19T14:15:15.773+0000] {processor.py:183} INFO - Processing /home/airflow/.local/lib/python3.12/site-packages/airflow/example_dags/example_bash_decorator.py took 0.091 seconds
[2026-05-19T14:15:46.094+0000] {processor.py:161} INFO - Started process (PID=5292) to work on /home/airflow/.local/lib/python3.12/site-packages/airflow/example_dags/example_bash_decorator.py
[2026-05-19T14:15:46.097+0000] {processor.py:830} INFO - Processing file /home/airflow/.local/lib/python3.12/site-packages/airflow/example_dags/example_bash_decorator.py for tasks to queue
[2026-05-19T14:15:46.116+0000] {logging_mixin.py:188} INFO - [2026-05-19T14:15:46.114+0000] {dagbag.py:545} INFO - Filling up the DagBag from /home/airflow/.local/lib/python3.12/site-packages/airflow/example_dags/example_bash_decorator.py
[2026-05-19T14:15:46.155+0000] {processor.py:840} INFO - DAG(s) 'example_bash_decorator' retrieved from /home/airflow/.local/lib/python3.12/site-packages/airflow/example_dags/example_bash_decorator.py
[2026-05-19T14:15:46.222+0000] {logging_mixin.py:188} INFO - [2026-05-19T14:15:46.221+0000] {dag.py:3096} INFO - Sync 1 DAGs
[2026-05-19T14:15:46.262+0000] {logging_mixin.py:188} INFO - [2026-05-19T14:15:46.261+0000] {dag.py:3954} INFO - Setting next_dagrun for example_bash_decorator to None, run_after=None
[2026-05-19T14:15:46.322+0000] {processor.py:183} INFO - Processing /home/airflow/.local/lib/python3.12/site-packages/airflow/example_dags/example_bash_decorator.py took 0.246 seconds
[2026-05-19T14:16:17.787+0000] {processor.py:161} INFO - Started process (PID=5355) to work on /home/airflow/.local/lib/python3.12/site-packages/airflow/example_dags/example_bash_decorator.py
[2026-05-19T14:16:17.792+0000] {processor.py:830} INFO - Processing file /home/airflow/.local/lib/python3.12/site-packages/airflow/example_dags/example_bash_decorator.py for tasks to queue
[2026-05-19T14:16:17.804+0000] {logging_mixin.py:188} INFO - [2026-05-19T14:16:17.800+0000] {dagbag.py:545} INFO - Filling up the DagBag from /home/airflow/.local/lib/python3.12/site-packages/airflow/example_dags/example_bash_decorator.py
[2026-05-19T14:16:17.959+0000] {processor.py:840} INFO - DAG(s) 'example_bash_decorator' retrieved from /home/airflow/.local/lib/python3.12/site-packages/airflow/example_dags/example_bash_decorator.py
[2026-05-19T14:16:18.148+0000] {logging_mixin.py:188} INFO - [2026-05-19T14:16:18.146+0000] {dag.py:3096} INFO - Sync 1 DAGs
[2026-05-19T14:16:18.197+0000] {logging_mixin.py:188} INFO - [2026-05-19T14:16:18.196+0000] {dag.py:3954} INFO - Setting next_dagrun for example_bash_decorator to None, run_after=None
[2026-05-19T14:16:18.285+0000] {processor.py:183} INFO - Processing /home/airflow/.local/lib/python3.12/site-packages/airflow/example_dags/example_bash_decorator.py took 0.580 seconds
[2026-05-19T14:16:49.141+0000] {processor.py:161} INFO - Started process (PID=5413) to work on /home/airflow/.local/lib/python3.12/site-packages/airflow/example_dags/example_bash_decorator.py
[2026-05-19T14:16:49.144+0000] {processor.py:830} INFO - Processing file /home/airflow/.local/lib/python3.12/site-packages/airflow/example_dags/example_bash_decorator.py for tasks to queue
[2026-05-19T14:16:49.151+0000] {logging_mixin.py:188} INFO - [2026-05-19T14:16:49.149+0000] {dagbag.py:545} INFO - Filling up the DagBag from /home/airflow/.local/lib/python3.12/site-packages/airflow/example_dags/example_bash_decorator.py
[2026-05-19T14:16:49.185+0000] {processor.py:840} INFO - DAG(s) 'example_bash_decorator' retrieved from /home/airflow/.local/lib/python3.12/site-packages/airflow/example_dags/example_bash_decorator.py
[2026-05-19T14:16:49.242+0000] {logging_mixin.py:188} INFO - [2026-05-19T14:16:49.242+0000] {dag.py:3096} INFO - Sync 1 DAGs
[2026-05-19T14:16:49.285+0000] {logging_mixin.py:188} INFO - [2026-05-19T14:16:49.285+0000] {dag.py:3954} INFO - Setting next_dagrun for example_bash_decorator to None, run_after=None
[2026-05-19T14:16:49.347+0000] {processor.py:183} INFO - Processing /home/airflow/.local/lib/python3.12/site-packages/airflow/example_dags/example_bash_decorator.py took 0.219 seconds
[2026-05-19T14:17:20.378+0000] {processor.py:161} INFO - Started process (PID=5472) to work on /home/airflow/.local/lib/python3.12/site-packages/airflow/example_dags/example_bash_decorator.py
[2026-05-19T14:17:20.380+0000] {processor.py:830} INFO - Processing file /home/airflow/.local/lib/python3.12/site-packages/airflow/example_dags/example_bash_decorator.py for tasks to queue
[2026-05-19T14:17:20.383+0000] {logging_mixin.py:188} INFO - [2026-05-19T14:17:20.382+0000] {dagbag.py:545} INFO - Filling up the DagBag from /home/airflow/.local/lib/python3.12/site-packages/airflow/example_dags/example_bash_decorator.py
[2026-05-19T14:17:20.396+0000] {processor.py:840} INFO - DAG(s) 'example_bash_decorator' retrieved from /home/airflow/.local/lib/python3.12/site-packages/airflow/example_dags/example_bash_decorator.py
[2026-05-19T14:17:20.424+0000] {logging_mixin.py:188} INFO - [2026-05-19T14:17:20.424+0000] {dag.py:3096} INFO - Sync 1 DAGs
[2026-05-19T14:17:20.445+0000] {logging_mixin.py:188} INFO - [2026-05-19T14:17:20.445+0000] {dag.py:3954} INFO - Setting next_dagrun for example_bash_decorator to None, run_after=None
[2026-05-19T14:17:20.468+0000] {processor.py:183} INFO - Processing /home/airflow/.local/lib/python3.12/site-packages/airflow/example_dags/example_bash_decorator.py took 0.097 seconds
[2026-05-19T14:17:50.630+0000] {processor.py:161} INFO - Started process (PID=5531) to work on /home/airflow/.local/lib/python3.12/site-packages/airflow/example_dags/example_bash_decorator.py
[2026-05-19T14:17:50.633+0000] {processor.py:830} INFO - Processing file /home/airflow/.local/lib/python3.12/site-packages/airflow/example_dags/example_bash_decorator.py for tasks to queue
[2026-05-19T14:17:50.638+0000] {logging_mixin.py:188} INFO - [2026-05-19T14:17:50.638+0000] {dagbag.py:545} INFO - Filling up the DagBag from /home/airflow/.local/lib/python3.12/site-packages/airflow/example_dags/example_bash_decorator.py
[2026-05-19T14:17:50.657+0000] {processor.py:840} INFO - DAG(s) 'example_bash_decorator' retrieved from /home/airflow/.local/lib/python3.12/site-packages/airflow/example_dags/example_bash_decorator.py
[2026-05-19T14:17:50.695+0000] {logging_mixin.py:188} INFO - [2026-05-19T14:17:50.694+0000] {dag.py:3096} INFO - Sync 1 DAGs
[2026-05-19T14:17:50.719+0000] {logging_mixin.py:188} INFO - [2026-05-19T14:17:50.719+0000] {dag.py:3954} INFO - Setting next_dagrun for example_bash_decorator to None, run_after=None
[2026-05-19T14:17:50.748+0000] {processor.py:183} INFO - Processing /home/airflow/.local/lib/python3.12/site-packages/airflow/example_dags/example_bash_decorator.py took 0.126 seconds
[2026-05-19T14:18:21.264+0000] {processor.py:161} INFO - Started process (PID=5590) to work on /home/airflow/.local/lib/python3.12/site-packages/airflow/example_dags/example_bash_decorator.py
[2026-05-19T14:18:21.266+0000] {processor.py:830} INFO - Processing file /home/airflow/.local/lib/python3.12/site-packages/airflow/example_dags/example_bash_decorator.py for tasks to queue
[2026-05-19T14:18:21.271+0000] {logging_mixin.py:188} INFO - [2026-05-19T14:18:21.271+0000] {dagbag.py:545} INFO - Filling up the DagBag from /home/airflow/.local/lib/python3.12/site-packages/airflow/example_dags/example_bash_decorator.py
[2026-05-19T14:18:21.296+0000] {processor.py:840} INFO - DAG(s) 'example_bash_decorator' retrieved from /home/airflow/.local/lib/python3.12/site-packages/airflow/example_dags/example_bash_decorator.py
[2026-05-19T14:18:21.349+0000] {logging_mixin.py:188} INFO - [2026-05-19T14:18:21.347+0000] {dag.py:3096} INFO - Sync 1 DAGs
[2026-05-19T14:18:21.375+0000] {logging_mixin.py:188} INFO - [2026-05-19T14:18:21.375+0000] {dag.py:3954} INFO - Setting next_dagrun for example_bash_decorator to None, run_after=None
[2026-05-19T14:18:21.413+0000] {processor.py:183} INFO - Processing /home/airflow/.local/lib/python3.12/site-packages/airflow/example_dags/example_bash_decorator.py took 0.161 seconds
[2026-05-19T14:18:51.629+0000] {processor.py:161} INFO - Started process (PID=5649) to work on /home/airflow/.local/lib/python3.12/site-packages/airflow/example_dags/example_bash_decorator.py
[2026-05-19T14:18:51.631+0000] {processor.py:830} INFO - Processing file /home/airflow/.local/lib/python3.12/site-packages/airflow/example_dags/example_bash_decorator.py for tasks to queue
[2026-05-19T14:18:51.634+0000] {logging_mixin.py:188} INFO - [2026-05-19T14:18:51.634+0000] {dagbag.py:545} INFO - Filling up the DagBag from /home/airflow/.local/lib/python3.12/site-packages/airflow/example_dags/example_bash_decorator.py
[2026-05-19T14:18:51.650+0000] {processor.py:840} INFO - DAG(s) 'example_bash_decorator' retrieved from /home/airflow/.local/lib/python3.12/site-packages/airflow/example_dags/example_bash_decorator.py
[2026-05-19T14:18:51.688+0000] {logging_mixin.py:188} INFO - [2026-05-19T14:18:51.688+0000] {dag.py:3096} INFO - Sync 1 DAGs
[2026-05-19T14:18:51.701+0000] {logging_mixin.py:188} INFO - [2026-05-19T14:18:51.700+0000] {dag.py:3954} INFO - Setting next_dagrun for example_bash_decorator to None, run_after=None
[2026-05-19T14:18:51.734+0000] {processor.py:183} INFO - Processing /home/airflow/.local/lib/python3.12/site-packages/airflow/example_dags/example_bash_decorator.py took 0.109 seconds
[2026-05-19T14:19:22.075+0000] {processor.py:161} INFO - Started process (PID=5708) to work on /home/airflow/.local/lib/python3.12/site-packages/airflow/example_dags/example_bash_decorator.py
[2026-05-19T14:19:22.076+0000] {processor.py:830} INFO - Processing file /home/airflow/.local/lib/python3.12/site-packages/airflow/example_dags/example_bash_decorator.py for tasks to queue
[2026-05-19T14:19:22.079+0000] {logging_mixin.py:188} INFO - [2026-05-19T14:19:22.079+0000] {dagbag.py:545} INFO - Filling up the DagBag from /home/airflow/.local/lib/python3.12/site-packages/airflow/example_dags/example_bash_decorator.py
[2026-05-19T14:19:22.097+0000] {processor.py:840} INFO - DAG(s) 'example_bash_decorator' retrieved from /home/airflow/.local/lib/python3.12/site-packages/airflow/example_dags/example_bash_decorator.py
[2026-05-19T14:19:22.133+0000] {logging_mixin.py:188} INFO - [2026-05-19T14:19:22.133+0000] {dag.py:3096} INFO - Sync 1 DAGs
[2026-05-19T14:19:22.156+0000] {logging_mixin.py:188} INFO - [2026-05-19T14:19:22.155+0000] {dag.py:3954} INFO - Setting next_dagrun for example_bash_decorator to None, run_after=None
[2026-05-19T14:19:22.185+0000] {processor.py:183} INFO - Processing /home/airflow/.local/lib/python3.12/site-packages/airflow/example_dags/example_bash_decorator.py took 0.121 seconds
[2026-05-19T14:19:52.689+0000] {processor.py:161} INFO - Started process (PID=5767) to work on /home/airflow/.local/lib/python3.12/site-packages/airflow/example_dags/example_bash_decorator.py
[2026-05-19T14:19:52.691+0000] {processor.py:830} INFO - Processing file /home/airflow/.local/lib/python3.12/site-packages/airflow/example_dags/example_bash_decorator.py for tasks to queue
[2026-05-19T14:19:52.698+0000] {logging_mixin.py:188} INFO - [2026-05-19T14:19:52.696+0000] {dagbag.py:545} INFO - Filling up the DagBag from /home/airflow/.local/lib/python3.12/site-packages/airflow/example_dags/example_bash_decorator.py
[2026-05-19T14:19:52.742+0000] {processor.py:840} INFO - DAG(s) 'example_bash_decorator' retrieved from /home/airflow/.local/lib/python3.12/site-packages/airflow/example_dags/example_bash_decorator.py
[2026-05-19T14:19:52.795+0000] {logging_mixin.py:188} INFO - [2026-05-19T14:19:52.795+0000] {dag.py:3096} INFO - Sync 1 DAGs
[2026-05-19T14:19:52.820+0000] {logging_mixin.py:188} INFO - [2026-05-19T14:19:52.820+0000] {dag.py:3954} INFO - Setting next_dagrun for example_bash_decorator to None, run_after=None
[2026-05-19T14:19:52.853+0000] {processor.py:183} INFO - Processing /home/airflow/.local/lib/python3.12/site-packages/airflow/example_dags/example_bash_decorator.py took 0.175 seconds
[2026-05-19T14:20:23.042+0000] {processor.py:161} INFO - Started process (PID=5832) to work on /home/airflow/.local/lib/python3.12/site-packages/airflow/example_dags/example_bash_decorator.py
[2026-05-19T14:20:23.045+0000] {processor.py:830} INFO - Processing file /home/airflow/.local/lib/python3.12/site-packages/airflow/example_dags/example_bash_decorator.py for tasks to queue
[2026-05-19T14:20:23.051+0000] {logging_mixin.py:188} INFO - [2026-05-19T14:20:23.050+0000] {dagbag.py:545} INFO - Filling up the DagBag from /home/airflow/.local/lib/python3.12/site-packages/airflow/example_dags/example_bash_decorator.py
[2026-05-19T14:20:23.073+0000] {processor.py:840} INFO - DAG(s) 'example_bash_decorator' retrieved from /home/airflow/.local/lib/python3.12/site-packages/airflow/example_dags/example_bash_decorator.py
[2026-05-19T14:20:23.111+0000] {logging_mixin.py:188} INFO - [2026-05-19T14:20:23.110+0000] {dag.py:3096} INFO - Sync 1 DAGs
[2026-05-19T14:20:23.131+0000] {logging_mixin.py:188} INFO - [2026-05-19T14:20:23.131+0000] {dag.py:3954} INFO - Setting next_dagrun for example_bash_decorator to None, run_after=None
[2026-05-19T14:20:23.163+0000] {processor.py:183} INFO - Processing /home/airflow/.local/lib/python3.12/site-packages/airflow/example_dags/example_bash_decorator.py took 0.138 seconds
[2026-05-19T14:20:53.424+0000] {processor.py:161} INFO - Started process (PID=5891) to work on /home/airflow/.local/lib/python3.12/site-packages/airflow/example_dags/example_bash_decorator.py
[2026-05-19T14:20:53.426+0000] {processor.py:830} INFO - Processing file /home/airflow/.local/lib/python3.12/site-packages/airflow/example_dags/example_bash_decorator.py for tasks to queue
[2026-05-19T14:20:53.428+0000] {logging_mixin.py:188} INFO - [2026-05-19T14:20:53.428+0000] {dagbag.py:545} INFO - Filling up the DagBag from /home/airflow/.local/lib/python3.12/site-packages/airflow/example_dags/example_bash_decorator.py
[2026-05-19T14:20:53.441+0000] {processor.py:840} INFO - DAG(s) 'example_bash_decorator' retrieved from /home/airflow/.local/lib/python3.12/site-packages/airflow/example_dags/example_bash_decorator.py
[2026-05-19T14:20:53.466+0000] {logging_mixin.py:188} INFO - [2026-05-19T14:20:53.466+0000] {dag.py:3096} INFO - Sync 1 DAGs
[2026-05-19T14:20:53.481+0000] {logging_mixin.py:188} INFO - [2026-05-19T14:20:53.481+0000] {dag.py:3954} INFO - Setting next_dagrun for example_bash_decorator to None, run_after=None
[2026-05-19T14:20:53.499+0000] {processor.py:183} INFO - Processing /home/airflow/.local/lib/python3.12/site-packages/airflow/example_dags/example_bash_decorator.py took 0.080 seconds
[2026-05-19T14:21:23.916+0000] {processor.py:161} INFO - Started process (PID=5950) to work on /home/airflow/.local/lib/python3.12/site-packages/airflow/example_dags/example_bash_decorator.py
[2026-05-19T14:21:23.917+0000] {processor.py:830} INFO - Processing file /home/airflow/.local/lib/python3.12/site-packages/airflow/example_dags/example_bash_decorator.py for tasks to queue
[2026-05-19T14:21:23.919+0000] {logging_mixin.py:188} INFO - [2026-05-19T14:21:23.919+0000] {dagbag.py:545} INFO - Filling up the DagBag from /home/airflow/.local/lib/python3.12/site-packages/airflow/example_dags/example_bash_decorator.py
[2026-05-19T14:21:23.933+0000] {processor.py:840} INFO - DAG(s) 'example_bash_decorator' retrieved from /home/airflow/.local/lib/python3.12/site-packages/airflow/example_dags/example_bash_decorator.py
[2026-05-19T14:21:23.961+0000] {logging_mixin.py:188} INFO - [2026-05-19T14:21:23.961+0000] {dag.py:3096} INFO - Sync 1 DAGs
[2026-05-19T14:21:23.972+0000] {logging_mixin.py:188} INFO - [2026-05-19T14:21:23.972+0000] {dag.py:3954} INFO - Setting next_dagrun for example_bash_decorator to None, run_after=None
[2026-05-19T14:21:23.987+0000] {processor.py:183} INFO - Processing /home/airflow/.local/lib/python3.12/site-packages/airflow/example_dags/example_bash_decorator.py took 0.077 seconds
[2026-05-19T17:35:41.261+0000] {processor.py:161} INFO - Started process (PID=6007) to work on /home/airflow/.local/lib/python3.12/site-packages/airflow/example_dags/example_bash_decorator.py
[2026-05-19T17:35:41.263+0000] {processor.py:830} INFO - Processing file /home/airflow/.local/lib/python3.12/site-packages/airflow/example_dags/example_bash_decorator.py for tasks to queue
[2026-05-19T17:35:41.268+0000] {logging_mixin.py:188} INFO - [2026-05-19T17:35:41.267+0000] {dagbag.py:545} INFO - Filling up the DagBag from /home/airflow/.local/lib/python3.12/site-packages/airflow/example_dags/example_bash_decorator.py
[2026-05-19T17:35:41.301+0000] {processor.py:840} INFO - DAG(s) 'example_bash_decorator' retrieved from /home/airflow/.local/lib/python3.12/site-packages/airflow/example_dags/example_bash_decorator.py
[2026-05-19T17:35:41.356+0000] {logging_mixin.py:188} INFO - [2026-05-19T17:35:41.356+0000] {dag.py:3096} INFO - Sync 1 DAGs
[2026-05-19T17:35:41.389+0000] {logging_mixin.py:188} INFO - [2026-05-19T17:35:41.389+0000] {dag.py:3954} INFO - Setting next_dagrun for example_bash_decorator to None, run_after=None
[2026-05-19T17:35:41.443+0000] {processor.py:183} INFO - Processing /home/airflow/.local/lib/python3.12/site-packages/airflow/example_dags/example_bash_decorator.py took 0.194 seconds
[2026-05-19T17:36:11.792+0000] {processor.py:161} INFO - Started process (PID=6065) to work on /home/airflow/.local/lib/python3.12/site-packages/airflow/example_dags/example_bash_decorator.py
[2026-05-19T17:36:11.793+0000] {processor.py:830} INFO - Processing file /home/airflow/.local/lib/python3.12/site-packages/airflow/example_dags/example_bash_decorator.py for tasks to queue
[2026-05-19T17:36:11.795+0000] {logging_mixin.py:188} INFO - [2026-05-19T17:36:11.795+0000] {dagbag.py:545} INFO - Filling up the DagBag from /home/airflow/.local/lib/python3.12/site-packages/airflow/example_dags/example_bash_decorator.py
[2026-05-19T17:36:11.806+0000] {processor.py:840} INFO - DAG(s) 'example_bash_decorator' retrieved from /home/airflow/.local/lib/python3.12/site-packages/airflow/example_dags/example_bash_decorator.py
[2026-05-19T17:36:11.981+0000] {logging_mixin.py:188} INFO - [2026-05-19T17:36:11.981+0000] {dag.py:3096} INFO - Sync 1 DAGs
[2026-05-19T17:36:12.001+0000] {logging_mixin.py:188} INFO - [2026-05-19T17:36:12.001+0000] {dag.py:3954} INFO - Setting next_dagrun for example_bash_decorator to None, run_after=None
[2026-05-19T17:36:12.035+0000] {processor.py:183} INFO - Processing /home/airflow/.local/lib/python3.12/site-packages/airflow/example_dags/example_bash_decorator.py took 0.250 seconds
[2026-05-19T17:36:42.264+0000] {processor.py:161} INFO - Started process (PID=6125) to work on /home/airflow/.local/lib/python3.12/site-packages/airflow/example_dags/example_bash_decorator.py
[2026-05-19T17:36:42.265+0000] {processor.py:830} INFO - Processing file /home/airflow/.local/lib/python3.12/site-packages/airflow/example_dags/example_bash_decorator.py for tasks to queue
[2026-05-19T17:36:42.267+0000] {logging_mixin.py:188} INFO - [2026-05-19T17:36:42.267+0000] {dagbag.py:545} INFO - Filling up the DagBag from /home/airflow/.local/lib/python3.12/site-packages/airflow/example_dags/example_bash_decorator.py
[2026-05-19T17:36:42.278+0000] {processor.py:840} INFO - DAG(s) 'example_bash_decorator' retrieved from /home/airflow/.local/lib/python3.12/site-packages/airflow/example_dags/example_bash_decorator.py
[2026-05-19T17:36:42.300+0000] {logging_mixin.py:188} INFO - [2026-05-19T17:36:42.300+0000] {dag.py:3096} INFO - Sync 1 DAGs
[2026-05-19T17:36:42.313+0000] {logging_mixin.py:188} INFO - [2026-05-19T17:36:42.312+0000] {dag.py:3954} INFO - Setting next_dagrun for example_bash_decorator to None, run_after=None
[2026-05-19T17:36:42.332+0000] {processor.py:183} INFO - Processing /home/airflow/.local/lib/python3.12/site-packages/airflow/example_dags/example_bash_decorator.py took 0.072 seconds
[2026-05-19T17:37:13.247+0000] {processor.py:161} INFO - Started process (PID=6191) to work on /home/airflow/.local/lib/python3.12/site-packages/airflow/example_dags/example_bash_decorator.py
[2026-05-19T17:37:13.248+0000] {processor.py:830} INFO - Processing file /home/airflow/.local/lib/python3.12/site-packages/airflow/example_dags/example_bash_decorator.py for tasks to queue
[2026-05-19T17:37:13.250+0000] {logging_mixin.py:188} INFO - [2026-05-19T17:37:13.250+0000] {dagbag.py:545} INFO - Filling up the DagBag from /home/airflow/.local/lib/python3.12/site-packages/airflow/example_dags/example_bash_decorator.py
[2026-05-19T17:37:13.264+0000] {processor.py:840} INFO - DAG(s) 'example_bash_decorator' retrieved from /home/airflow/.local/lib/python3.12/site-packages/airflow/example_dags/example_bash_decorator.py
[2026-05-19T17:37:13.286+0000] {logging_mixin.py:188} INFO - [2026-05-19T17:37:13.286+0000] {dag.py:3096} INFO - Sync 1 DAGs
[2026-05-19T17:37:13.298+0000] {logging_mixin.py:188} INFO - [2026-05-19T17:37:13.297+0000] {dag.py:3954} INFO - Setting next_dagrun for example_bash_decorator to None, run_after=None
[2026-05-19T17:37:13.314+0000] {processor.py:183} INFO - Processing /home/airflow/.local/lib/python3.12/site-packages/airflow/example_dags/example_bash_decorator.py took 0.075 seconds
[2026-05-19T17:37:43.694+0000] {processor.py:161} INFO - Started process (PID=6250) to work on /home/airflow/.local/lib/python3.12/site-packages/airflow/example_dags/example_bash_decorator.py
[2026-05-19T17:37:43.695+0000] {processor.py:830} INFO - Processing file /home/airflow/.local/lib/python3.12/site-packages/airflow/example_dags/example_bash_decorator.py for tasks to queue
[2026-05-19T17:37:43.697+0000] {logging_mixin.py:188} INFO - [2026-05-19T17:37:43.697+0000] {dagbag.py:545} INFO - Filling up the DagBag from /home/airflow/.local/lib/python3.12/site-packages/airflow/example_dags/example_bash_decorator.py
[2026-05-19T17:37:43.707+0000] {processor.py:840} INFO - DAG(s) 'example_bash_decorator' retrieved from /home/airflow/.local/lib/python3.12/site-packages/airflow/example_dags/example_bash_decorator.py
[2026-05-19T17:37:43.725+0000] {logging_mixin.py:188} INFO - [2026-05-19T17:37:43.725+0000] {dag.py:3096} INFO - Sync 1 DAGs
[2026-05-19T17:37:43.735+0000] {logging_mixin.py:188} INFO - [2026-05-19T17:37:43.735+0000] {dag.py:3954} INFO - Setting next_dagrun for example_bash_decorator to None, run_after=None
[2026-05-19T17:37:43.749+0000] {processor.py:183} INFO - Processing /home/airflow/.local/lib/python3.12/site-packages/airflow/example_dags/example_bash_decorator.py took 0.060 seconds
[2026-05-19T17:38:14.237+0000] {processor.py:161} INFO - Started process (PID=6309) to work on /home/airflow/.local/lib/python3.12/site-packages/airflow/example_dags/example_bash_decorator.py
[2026-05-19T17:38:14.238+0000] {processor.py:830} INFO - Processing file /home/airflow/.local/lib/python3.12/site-packages/airflow/example_dags/example_bash_decorator.py for tasks to queue
[2026-05-19T17:38:14.241+0000] {logging_mixin.py:188} INFO - [2026-05-19T17:38:14.241+0000] {dagbag.py:545} INFO - Filling up the DagBag from /home/airflow/.local/lib/python3.12/site-packages/airflow/example_dags/example_bash_decorator.py
[2026-05-19T17:38:14.255+0000] {processor.py:840} INFO - DAG(s) 'example_bash_decorator' retrieved from /home/airflow/.local/lib/python3.12/site-packages/airflow/example_dags/example_bash_decorator.py
[2026-05-19T17:38:14.285+0000] {logging_mixin.py:188} INFO - [2026-05-19T17:38:14.284+0000] {dag.py:3096} INFO - Sync 1 DAGs
[2026-05-19T17:38:14.301+0000] {logging_mixin.py:188} INFO - [2026-05-19T17:38:14.301+0000] {dag.py:3954} INFO - Setting next_dagrun for example_bash_decorator to None, run_after=None
[2026-05-19T17:38:14.326+0000] {processor.py:183} INFO - Processing /home/airflow/.local/lib/python3.12/site-packages/airflow/example_dags/example_bash_decorator.py took 0.097 seconds
[2026-05-19T17:38:45.247+0000] {processor.py:161} INFO - Started process (PID=6368) to work on /home/airflow/.local/lib/python3.12/site-packages/airflow/example_dags/example_bash_decorator.py
[2026-05-19T17:38:45.248+0000] {processor.py:830} INFO - Processing file /home/airflow/.local/lib/python3.12/site-packages/airflow/example_dags/example_bash_decorator.py for tasks to queue
[2026-05-19T17:38:45.250+0000] {logging_mixin.py:188} INFO - [2026-05-19T17:38:45.250+0000] {dagbag.py:545} INFO - Filling up the DagBag from /home/airflow/.local/lib/python3.12/site-packages/airflow/example_dags/example_bash_decorator.py
[2026-05-19T17:38:45.261+0000] {processor.py:840} INFO - DAG(s) 'example_bash_decorator' retrieved from /home/airflow/.local/lib/python3.12/site-packages/airflow/example_dags/example_bash_decorator.py
[2026-05-19T17:38:45.283+0000] {logging_mixin.py:188} INFO - [2026-05-19T17:38:45.282+0000] {dag.py:3096} INFO - Sync 1 DAGs
[2026-05-19T17:38:45.295+0000] {logging_mixin.py:188} INFO - [2026-05-19T17:38:45.294+0000] {dag.py:3954} INFO - Setting next_dagrun for example_bash_decorator to None, run_after=None
[2026-05-19T17:38:45.314+0000] {processor.py:183} INFO - Processing /home/airflow/.local/lib/python3.12/site-packages/airflow/example_dags/example_bash_decorator.py took 0.072 seconds
[2026-05-19T17:39:15.668+0000] {processor.py:161} INFO - Started process (PID=6427) to work on /home/airflow/.local/lib/python3.12/site-packages/airflow/example_dags/example_bash_decorator.py
[2026-05-19T17:39:15.669+0000] {processor.py:830} INFO - Processing file /home/airflow/.local/lib/python3.12/site-packages/airflow/example_dags/example_bash_decorator.py for tasks to queue
[2026-05-19T17:39:15.671+0000] {logging_mixin.py:188} INFO - [2026-05-19T17:39:15.670+0000] {dagbag.py:545} INFO - Filling up the DagBag from /home/airflow/.local/lib/python3.12/site-packages/airflow/example_dags/example_bash_decorator.py
[2026-05-19T17:39:15.682+0000] {processor.py:840} INFO - DAG(s) 'example_bash_decorator' retrieved from /home/airflow/.local/lib/python3.12/site-packages/airflow/example_dags/example_bash_decorator.py
[2026-05-19T17:39:15.705+0000] {logging_mixin.py:188} INFO - [2026-05-19T17:39:15.705+0000] {dag.py:3096} INFO - Sync 1 DAGs
[2026-05-19T17:39:15.717+0000] {logging_mixin.py:188} INFO - [2026-05-19T17:39:15.716+0000] {dag.py:3954} INFO - Setting next_dagrun for example_bash_decorator to None, run_after=None
[2026-05-19T17:39:15.733+0000] {processor.py:183} INFO - Processing /home/airflow/.local/lib/python3.12/site-packages/airflow/example_dags/example_bash_decorator.py took 0.070 seconds
[2026-05-19T17:39:45.998+0000] {processor.py:161} INFO - Started process (PID=6486) to work on /home/airflow/.local/lib/python3.12/site-packages/airflow/example_dags/example_bash_decorator.py
[2026-05-19T17:39:45.999+0000] {processor.py:830} INFO - Processing file /home/airflow/.local/lib/python3.12/site-packages/airflow/example_dags/example_bash_decorator.py for tasks to queue
[2026-05-19T17:39:46.000+0000] {logging_mixin.py:188} INFO - [2026-05-19T17:39:46.000+0000] {dagbag.py:545} INFO - Filling up the DagBag from /home/airflow/.local/lib/python3.12/site-packages/airflow/example_dags/example_bash_decorator.py
[2026-05-19T17:39:46.013+0000] {processor.py:840} INFO - DAG(s) 'example_bash_decorator' retrieved from /home/airflow/.local/lib/python3.12/site-packages/airflow/example_dags/example_bash_decorator.py
[2026-05-19T17:39:46.036+0000] {logging_mixin.py:188} INFO - [2026-05-19T17:39:46.036+0000] {dag.py:3096} INFO - Sync 1 DAGs
[2026-05-19T17:39:46.048+0000] {logging_mixin.py:188} INFO - [2026-05-19T17:39:46.048+0000] {dag.py:3954} INFO - Setting next_dagrun for example_bash_decorator to None, run_after=None
[2026-05-19T17:39:46.066+0000] {processor.py:183} INFO - Processing /home/airflow/.local/lib/python3.12/site-packages/airflow/example_dags/example_bash_decorator.py took 0.074 seconds
[2026-05-19T17:40:16.126+0000] {processor.py:161} INFO - Started process (PID=6545) to work on /home/airflow/.local/lib/python3.12/site-packages/airflow/example_dags/example_bash_decorator.py
[2026-05-19T17:40:16.127+0000] {processor.py:830} INFO - Processing file /home/airflow/.local/lib/python3.12/site-packages/airflow/example_dags/example_bash_decorator.py for tasks to queue
[2026-05-19T17:40:16.129+0000] {logging_mixin.py:188} INFO - [2026-05-19T17:40:16.129+0000] {dagbag.py:545} INFO - Filling up the DagBag from /home/airflow/.local/lib/python3.12/site-packages/airflow/example_dags/example_bash_decorator.py
[2026-05-19T17:40:16.143+0000] {processor.py:840} INFO - DAG(s) 'example_bash_decorator' retrieved from /home/airflow/.local/lib/python3.12/site-packages/airflow/example_dags/example_bash_decorator.py
[2026-05-19T17:40:16.164+0000] {logging_mixin.py:188} INFO - [2026-05-19T17:40:16.164+0000] {dag.py:3096} INFO - Sync 1 DAGs
[2026-05-19T17:40:16.175+0000] {logging_mixin.py:188} INFO - [2026-05-19T17:40:16.175+0000] {dag.py:3954} INFO - Setting next_dagrun for example_bash_decorator to None, run_after=None
[2026-05-19T17:40:16.191+0000] {processor.py:183} INFO - Processing /home/airflow/.local/lib/python3.12/site-packages/airflow/example_dags/example_bash_decorator.py took 0.071 seconds
[2026-05-19T17:40:46.357+0000] {processor.py:161} INFO - Started process (PID=6603) to work on /home/airflow/.local/lib/python3.12/site-packages/airflow/example_dags/example_bash_decorator.py
[2026-05-19T17:40:46.359+0000] {processor.py:830} INFO - Processing file /home/airflow/.local/lib/python3.12/site-packages/airflow/example_dags/example_bash_decorator.py for tasks to queue
[2026-05-19T17:40:46.362+0000] {logging_mixin.py:188} INFO - [2026-05-19T17:40:46.361+0000] {dagbag.py:545} INFO - Filling up the DagBag from /home/airflow/.local/lib/python3.12/site-packages/airflow/example_dags/example_bash_decorator.py
[2026-05-19T17:40:46.374+0000] {processor.py:840} INFO - DAG(s) 'example_bash_decorator' retrieved from /home/airflow/.local/lib/python3.12/site-packages/airflow/example_dags/example_bash_decorator.py
[2026-05-19T17:40:46.399+0000] {logging_mixin.py:188} INFO - [2026-05-19T17:40:46.399+0000] {dag.py:3096} INFO - Sync 1 DAGs
[2026-05-19T17:40:46.410+0000] {logging_mixin.py:188} INFO - [2026-05-19T17:40:46.410+0000] {dag.py:3954} INFO - Setting next_dagrun for example_bash_decorator to None, run_after=None
[2026-05-19T17:40:46.428+0000] {processor.py:183} INFO - Processing /home/airflow/.local/lib/python3.12/site-packages/airflow/example_dags/example_bash_decorator.py took 0.076 seconds
[2026-05-19T17:41:16.755+0000] {processor.py:161} INFO - Started process (PID=6662) to work on /home/airflow/.local/lib/python3.12/site-packages/airflow/example_dags/example_bash_decorator.py
[2026-05-19T17:41:16.756+0000] {processor.py:830} INFO - Processing file /home/airflow/.local/lib/python3.12/site-packages/airflow/example_dags/example_bash_decorator.py for tasks to queue
[2026-05-19T17:41:16.758+0000] {logging_mixin.py:188} INFO - [2026-05-19T17:41:16.758+0000] {dagbag.py:545} INFO - Filling up the DagBag from /home/airflow/.local/lib/python3.12/site-packages/airflow/example_dags/example_bash_decorator.py
[2026-05-19T17:41:16.768+0000] {processor.py:840} INFO - DAG(s) 'example_bash_decorator' retrieved from /home/airflow/.local/lib/python3.12/site-packages/airflow/example_dags/example_bash_decorator.py
[2026-05-19T17:41:16.787+0000] {logging_mixin.py:188} INFO - [2026-05-19T17:41:16.787+0000] {dag.py:3096} INFO - Sync 1 DAGs
[2026-05-19T17:41:16.797+0000] {logging_mixin.py:188} INFO - [2026-05-19T17:41:16.797+0000] {dag.py:3954} INFO - Setting next_dagrun for example_bash_decorator to None, run_after=None
[2026-05-19T17:41:16.812+0000] {processor.py:183} INFO - Processing /home/airflow/.local/lib/python3.12/site-packages/airflow/example_dags/example_bash_decorator.py took 0.061 seconds
[2026-05-19T17:41:46.873+0000] {processor.py:161} INFO - Started process (PID=6721) to work on /home/airflow/.local/lib/python3.12/site-packages/airflow/example_dags/example_bash_decorator.py
[2026-05-19T17:41:46.874+0000] {processor.py:830} INFO - Processing file /home/airflow/.local/lib/python3.12/site-packages/airflow/example_dags/example_bash_decorator.py for tasks to queue
[2026-05-19T17:41:46.875+0000] {logging_mixin.py:188} INFO - [2026-05-19T17:41:46.875+0000] {dagbag.py:545} INFO - Filling up the DagBag from /home/airflow/.local/lib/python3.12/site-packages/airflow/example_dags/example_bash_decorator.py
[2026-05-19T17:41:46.885+0000] {processor.py:840} INFO - DAG(s) 'example_bash_decorator' retrieved from /home/airflow/.local/lib/python3.12/site-packages/airflow/example_dags/example_bash_decorator.py
[2026-05-19T17:41:46.902+0000] {logging_mixin.py:188} INFO - [2026-05-19T17:41:46.902+0000] {dag.py:3096} INFO - Sync 1 DAGs
[2026-05-19T17:41:46.911+0000] {logging_mixin.py:188} INFO - [2026-05-19T17:41:46.911+0000] {dag.py:3954} INFO - Setting next_dagrun for example_bash_decorator to None, run_after=None
[2026-05-19T17:41:46.926+0000] {processor.py:183} INFO - Processing /home/airflow/.local/lib/python3.12/site-packages/airflow/example_dags/example_bash_decorator.py took 0.058 seconds
[2026-05-19T17:42:17.107+0000] {processor.py:161} INFO - Started process (PID=6780) to work on /home/airflow/.local/lib/python3.12/site-packages/airflow/example_dags/example_bash_decorator.py
[2026-05-19T17:42:17.108+0000] {processor.py:830} INFO - Processing file /home/airflow/.local/lib/python3.12/site-packages/airflow/example_dags/example_bash_decorator.py for tasks to queue
[2026-05-19T17:42:17.110+0000] {logging_mixin.py:188} INFO - [2026-05-19T17:42:17.110+0000] {dagbag.py:545} INFO - Filling up the DagBag from /home/airflow/.local/lib/python3.12/site-packages/airflow/example_dags/example_bash_decorator.py
[2026-05-19T17:42:17.120+0000] {processor.py:840} INFO - DAG(s) 'example_bash_decorator' retrieved from /home/airflow/.local/lib/python3.12/site-packages/airflow/example_dags/example_bash_decorator.py
[2026-05-19T17:42:17.140+0000] {logging_mixin.py:188} INFO - [2026-05-19T17:42:17.140+0000] {dag.py:3096} INFO - Sync 1 DAGs
[2026-05-19T17:42:17.150+0000] {logging_mixin.py:188} INFO - [2026-05-19T17:42:17.150+0000] {dag.py:3954} INFO - Setting next_dagrun for example_bash_decorator to None, run_after=None
[2026-05-19T17:42:17.165+0000] {processor.py:183} INFO - Processing /home/airflow/.local/lib/python3.12/site-packages/airflow/example_dags/example_bash_decorator.py took 0.062 seconds
[2026-05-19T17:42:47.288+0000] {processor.py:161} INFO - Started process (PID=6839) to work on /home/airflow/.local/lib/python3.12/site-packages/airflow/example_dags/example_bash_decorator.py
[2026-05-19T17:42:47.289+0000] {processor.py:830} INFO - Processing file /home/airflow/.local/lib/python3.12/site-packages/airflow/example_dags/example_bash_decorator.py for tasks to queue
[2026-05-19T17:42:47.291+0000] {logging_mixin.py:188} INFO - [2026-05-19T17:42:47.291+0000] {dagbag.py:545} INFO - Filling up the DagBag from /home/airflow/.local/lib/python3.12/site-packages/airflow/example_dags/example_bash_decorator.py
[2026-05-19T17:42:47.306+0000] {processor.py:840} INFO - DAG(s) 'example_bash_decorator' retrieved from /home/airflow/.local/lib/python3.12/site-packages/airflow/example_dags/example_bash_decorator.py
[2026-05-19T17:42:47.333+0000] {logging_mixin.py:188} INFO - [2026-05-19T17:42:47.333+0000] {dag.py:3096} INFO - Sync 1 DAGs
[2026-05-19T17:42:47.345+0000] {logging_mixin.py:188} INFO - [2026-05-19T17:42:47.345+0000] {dag.py:3954} INFO - Setting next_dagrun for example_bash_decorator to None, run_after=None
[2026-05-19T17:42:47.371+0000] {processor.py:183} INFO - Processing /home/airflow/.local/lib/python3.12/site-packages/airflow/example_dags/example_bash_decorator.py took 0.091 seconds
[2026-05-19T17:43:17.984+0000] {processor.py:161} INFO - Started process (PID=6899) to work on /home/airflow/.local/lib/python3.12/site-packages/airflow/example_dags/example_bash_decorator.py
[2026-05-19T17:43:17.985+0000] {processor.py:830} INFO - Processing file /home/airflow/.local/lib/python3.12/site-packages/airflow/example_dags/example_bash_decorator.py for tasks to queue
[2026-05-19T17:43:17.988+0000] {logging_mixin.py:188} INFO - [2026-05-19T17:43:17.987+0000] {dagbag.py:545} INFO - Filling up the DagBag from /home/airflow/.local/lib/python3.12/site-packages/airflow/example_dags/example_bash_decorator.py
[2026-05-19T17:43:18.000+0000] {processor.py:840} INFO - DAG(s) 'example_bash_decorator' retrieved from /home/airflow/.local/lib/python3.12/site-packages/airflow/example_dags/example_bash_decorator.py
[2026-05-19T17:43:18.032+0000] {logging_mixin.py:188} INFO - [2026-05-19T17:43:18.032+0000] {dag.py:3096} INFO - Sync 1 DAGs
[2026-05-19T17:43:18.051+0000] {logging_mixin.py:188} INFO - [2026-05-19T17:43:18.051+0000] {dag.py:3954} INFO - Setting next_dagrun for example_bash_decorator to None, run_after=None
[2026-05-19T17:43:18.079+0000] {processor.py:183} INFO - Processing /home/airflow/.local/lib/python3.12/site-packages/airflow/example_dags/example_bash_decorator.py took 0.102 seconds
[2026-05-19T17:43:48.614+0000] {processor.py:161} INFO - Started process (PID=6957) to work on /home/airflow/.local/lib/python3.12/site-packages/airflow/example_dags/example_bash_decorator.py
[2026-05-19T17:43:48.616+0000] {processor.py:830} INFO - Processing file /home/airflow/.local/lib/python3.12/site-packages/airflow/example_dags/example_bash_decorator.py for tasks to queue
[2026-05-19T17:43:48.619+0000] {logging_mixin.py:188} INFO - [2026-05-19T17:43:48.619+0000] {dagbag.py:545} INFO - Filling up the DagBag from /home/airflow/.local/lib/python3.12/site-packages/airflow/example_dags/example_bash_decorator.py
[2026-05-19T17:43:48.649+0000] {processor.py:840} INFO - DAG(s) 'example_bash_decorator' retrieved from /home/airflow/.local/lib/python3.12/site-packages/airflow/example_dags/example_bash_decorator.py
[2026-05-19T17:43:48.708+0000] {logging_mixin.py:188} INFO - [2026-05-19T17:43:48.707+0000] {dag.py:3096} INFO - Sync 1 DAGs
[2026-05-19T17:43:48.736+0000] {logging_mixin.py:188} INFO - [2026-05-19T17:43:48.735+0000] {dag.py:3954} INFO - Setting next_dagrun for example_bash_decorator to None, run_after=None
[2026-05-19T17:43:48.794+0000] {processor.py:183} INFO - Processing /home/airflow/.local/lib/python3.12/site-packages/airflow/example_dags/example_bash_decorator.py took 0.202 seconds
[2026-05-19T17:44:19.459+0000] {processor.py:161} INFO - Started process (PID=7016) to work on /home/airflow/.local/lib/python3.12/site-packages/airflow/example_dags/example_bash_decorator.py
[2026-05-19T17:44:19.460+0000] {processor.py:830} INFO - Processing file /home/airflow/.local/lib/python3.12/site-packages/airflow/example_dags/example_bash_decorator.py for tasks to queue
[2026-05-19T17:44:19.463+0000] {logging_mixin.py:188} INFO - [2026-05-19T17:44:19.463+0000] {dagbag.py:545} INFO - Filling up the DagBag from /home/airflow/.local/lib/python3.12/site-packages/airflow/example_dags/example_bash_decorator.py
[2026-05-19T17:44:19.476+0000] {processor.py:840} INFO - DAG(s) 'example_bash_decorator' retrieved from /home/airflow/.local/lib/python3.12/site-packages/airflow/example_dags/example_bash_decorator.py
[2026-05-19T17:44:19.506+0000] {logging_mixin.py:188} INFO - [2026-05-19T17:44:19.506+0000] {dag.py:3096} INFO - Sync 1 DAGs
[2026-05-19T17:44:19.520+0000] {logging_mixin.py:188} INFO - [2026-05-19T17:44:19.519+0000] {dag.py:3954} INFO - Setting next_dagrun for example_bash_decorator to None, run_after=None
[2026-05-19T17:44:19.542+0000] {processor.py:183} INFO - Processing /home/airflow/.local/lib/python3.12/site-packages/airflow/example_dags/example_bash_decorator.py took 0.090 seconds
[2026-05-19T17:44:50.423+0000] {processor.py:161} INFO - Started process (PID=7075) to work on /home/airflow/.local/lib/python3.12/site-packages/airflow/example_dags/example_bash_decorator.py
[2026-05-19T17:44:50.424+0000] {processor.py:830} INFO - Processing file /home/airflow/.local/lib/python3.12/site-packages/airflow/example_dags/example_bash_decorator.py for tasks to queue
[2026-05-19T17:44:50.425+0000] {logging_mixin.py:188} INFO - [2026-05-19T17:44:50.425+0000] {dagbag.py:545} INFO - Filling up the DagBag from /home/airflow/.local/lib/python3.12/site-packages/airflow/example_dags/example_bash_decorator.py
[2026-05-19T17:44:50.439+0000] {processor.py:840} INFO - DAG(s) 'example_bash_decorator' retrieved from /home/airflow/.local/lib/python3.12/site-packages/airflow/example_dags/example_bash_decorator.py
[2026-05-19T17:44:50.460+0000] {logging_mixin.py:188} INFO - [2026-05-19T17:44:50.460+0000] {dag.py:3096} INFO - Sync 1 DAGs
[2026-05-19T17:44:50.471+0000] {logging_mixin.py:188} INFO - [2026-05-19T17:44:50.471+0000] {dag.py:3954} INFO - Setting next_dagrun for example_bash_decorator to None, run_after=None
[2026-05-19T17:44:50.490+0000] {processor.py:183} INFO - Processing /home/airflow/.local/lib/python3.12/site-packages/airflow/example_dags/example_bash_decorator.py took 0.073 seconds
[2026-05-19T17:45:20.761+0000] {processor.py:161} INFO - Started process (PID=7134) to work on /home/airflow/.local/lib/python3.12/site-packages/airflow/example_dags/example_bash_decorator.py
[2026-05-19T17:45:20.762+0000] {processor.py:830} INFO - Processing file /home/airflow/.local/lib/python3.12/site-packages/airflow/example_dags/example_bash_decorator.py for tasks to queue
[2026-05-19T17:45:20.765+0000] {logging_mixin.py:188} INFO - [2026-05-19T17:45:20.765+0000] {dagbag.py:545} INFO - Filling up the DagBag from /home/airflow/.local/lib/python3.12/site-packages/airflow/example_dags/example_bash_decorator.py
[2026-05-19T17:45:20.775+0000] {processor.py:840} INFO - DAG(s) 'example_bash_decorator' retrieved from /home/airflow/.local/lib/python3.12/site-packages/airflow/example_dags/example_bash_decorator.py
[2026-05-19T17:45:20.794+0000] {logging_mixin.py:188} INFO - [2026-05-19T17:45:20.794+0000] {dag.py:3096} INFO - Sync 1 DAGs
[2026-05-19T17:45:20.805+0000] {logging_mixin.py:188} INFO - [2026-05-19T17:45:20.805+0000] {dag.py:3954} INFO - Setting next_dagrun for example_bash_decorator to None, run_after=None
[2026-05-19T17:45:20.820+0000] {processor.py:183} INFO - Processing /home/airflow/.local/lib/python3.12/site-packages/airflow/example_dags/example_bash_decorator.py took 0.064 seconds
[2026-05-19T17:45:51.761+0000] {processor.py:161} INFO - Started process (PID=7194) to work on /home/airflow/.local/lib/python3.12/site-packages/airflow/example_dags/example_bash_decorator.py
[2026-05-19T17:45:51.763+0000] {processor.py:830} INFO - Processing file /home/airflow/.local/lib/python3.12/site-packages/airflow/example_dags/example_bash_decorator.py for tasks to queue
[2026-05-19T17:45:51.769+0000] {logging_mixin.py:188} INFO - [2026-05-19T17:45:51.767+0000] {dagbag.py:545} INFO - Filling up the DagBag from /home/airflow/.local/lib/python3.12/site-packages/airflow/example_dags/example_bash_decorator.py
[2026-05-19T17:45:51.791+0000] {processor.py:840} INFO - DAG(s) 'example_bash_decorator' retrieved from /home/airflow/.local/lib/python3.12/site-packages/airflow/example_dags/example_bash_decorator.py
[2026-05-19T17:45:51.837+0000] {logging_mixin.py:188} INFO - [2026-05-19T17:45:51.836+0000] {dag.py:3096} INFO - Sync 1 DAGs
[2026-05-19T17:45:51.857+0000] {logging_mixin.py:188} INFO - [2026-05-19T17:45:51.857+0000] {dag.py:3954} INFO - Setting next_dagrun for example_bash_decorator to None, run_after=None
[2026-05-19T17:45:51.882+0000] {processor.py:183} INFO - Processing /home/airflow/.local/lib/python3.12/site-packages/airflow/example_dags/example_bash_decorator.py took 0.128 seconds
[2026-05-19T17:47:19.341+0000] {processor.py:161} INFO - Started process (PID=92) to work on /home/airflow/.local/lib/python3.12/site-packages/airflow/example_dags/example_bash_decorator.py
[2026-05-19T17:47:19.343+0000] {processor.py:830} INFO - Processing file /home/airflow/.local/lib/python3.12/site-packages/airflow/example_dags/example_bash_decorator.py for tasks to queue
[2026-05-19T17:47:19.349+0000] {logging_mixin.py:188} INFO - [2026-05-19T17:47:19.348+0000] {dagbag.py:545} INFO - Filling up the DagBag from /home/airflow/.local/lib/python3.12/site-packages/airflow/example_dags/example_bash_decorator.py
[2026-05-19T17:47:19.393+0000] {processor.py:840} INFO - DAG(s) 'example_bash_decorator' retrieved from /home/airflow/.local/lib/python3.12/site-packages/airflow/example_dags/example_bash_decorator.py
[2026-05-19T17:47:19.725+0000] {logging_mixin.py:188} INFO - [2026-05-19T17:47:19.725+0000] {dag.py:3096} INFO - Sync 1 DAGs
[2026-05-19T17:47:19.752+0000] {logging_mixin.py:188} INFO - [2026-05-19T17:47:19.751+0000] {dag.py:3954} INFO - Setting next_dagrun for example_bash_decorator to None, run_after=None
[2026-05-19T17:47:19.799+0000] {processor.py:183} INFO - Processing /home/airflow/.local/lib/python3.12/site-packages/airflow/example_dags/example_bash_decorator.py took 0.473 seconds
[2026-05-19T17:47:49.858+0000] {processor.py:161} INFO - Started process (PID=150) to work on /home/airflow/.local/lib/python3.12/site-packages/airflow/example_dags/example_bash_decorator.py
[2026-05-19T17:47:49.859+0000] {processor.py:830} INFO - Processing file /home/airflow/.local/lib/python3.12/site-packages/airflow/example_dags/example_bash_decorator.py for tasks to queue
[2026-05-19T17:47:49.861+0000] {logging_mixin.py:188} INFO - [2026-05-19T17:47:49.860+0000] {dagbag.py:545} INFO - Filling up the DagBag from /home/airflow/.local/lib/python3.12/site-packages/airflow/example_dags/example_bash_decorator.py
[2026-05-19T17:47:49.874+0000] {processor.py:840} INFO - DAG(s) 'example_bash_decorator' retrieved from /home/airflow/.local/lib/python3.12/site-packages/airflow/example_dags/example_bash_decorator.py
[2026-05-19T17:47:49.894+0000] {logging_mixin.py:188} INFO - [2026-05-19T17:47:49.893+0000] {dag.py:3096} INFO - Sync 1 DAGs
[2026-05-19T17:47:49.904+0000] {logging_mixin.py:188} INFO - [2026-05-19T17:47:49.904+0000] {dag.py:3954} INFO - Setting next_dagrun for example_bash_decorator to None, run_after=None
[2026-05-19T17:47:49.918+0000] {processor.py:183} INFO - Processing /home/airflow/.local/lib/python3.12/site-packages/airflow/example_dags/example_bash_decorator.py took 0.066 seconds
[2026-05-19T17:48:20.039+0000] {processor.py:161} INFO - Started process (PID=208) to work on /home/airflow/.local/lib/python3.12/site-packages/airflow/example_dags/example_bash_decorator.py
[2026-05-19T17:48:20.040+0000] {processor.py:830} INFO - Processing file /home/airflow/.local/lib/python3.12/site-packages/airflow/example_dags/example_bash_decorator.py for tasks to queue
[2026-05-19T17:48:20.042+0000] {logging_mixin.py:188} INFO - [2026-05-19T17:48:20.042+0000] {dagbag.py:545} INFO - Filling up the DagBag from /home/airflow/.local/lib/python3.12/site-packages/airflow/example_dags/example_bash_decorator.py
[2026-05-19T17:48:20.059+0000] {processor.py:840} INFO - DAG(s) 'example_bash_decorator' retrieved from /home/airflow/.local/lib/python3.12/site-packages/airflow/example_dags/example_bash_decorator.py
[2026-05-19T17:48:20.103+0000] {logging_mixin.py:188} INFO - [2026-05-19T17:48:20.102+0000] {dag.py:3096} INFO - Sync 1 DAGs
[2026-05-19T17:48:20.126+0000] {logging_mixin.py:188} INFO - [2026-05-19T17:48:20.126+0000] {dag.py:3954} INFO - Setting next_dagrun for example_bash_decorator to None, run_after=None
[2026-05-19T17:48:20.163+0000] {processor.py:183} INFO - Processing /home/airflow/.local/lib/python3.12/site-packages/airflow/example_dags/example_bash_decorator.py took 0.131 seconds
[2026-05-19T17:48:50.661+0000] {processor.py:161} INFO - Started process (PID=267) to work on /home/airflow/.local/lib/python3.12/site-packages/airflow/example_dags/example_bash_decorator.py
[2026-05-19T17:48:50.662+0000] {processor.py:830} INFO - Processing file /home/airflow/.local/lib/python3.12/site-packages/airflow/example_dags/example_bash_decorator.py for tasks to queue
[2026-05-19T17:48:50.663+0000] {logging_mixin.py:188} INFO - [2026-05-19T17:48:50.663+0000] {dagbag.py:545} INFO - Filling up the DagBag from /home/airflow/.local/lib/python3.12/site-packages/airflow/example_dags/example_bash_decorator.py
[2026-05-19T17:48:50.676+0000] {processor.py:840} INFO - DAG(s) 'example_bash_decorator' retrieved from /home/airflow/.local/lib/python3.12/site-packages/airflow/example_dags/example_bash_decorator.py
[2026-05-19T17:48:50.697+0000] {logging_mixin.py:188} INFO - [2026-05-19T17:48:50.697+0000] {dag.py:3096} INFO - Sync 1 DAGs
[2026-05-19T17:48:50.707+0000] {logging_mixin.py:188} INFO - [2026-05-19T17:48:50.707+0000] {dag.py:3954} INFO - Setting next_dagrun for example_bash_decorator to None, run_after=None
[2026-05-19T17:48:50.721+0000] {processor.py:183} INFO - Processing /home/airflow/.local/lib/python3.12/site-packages/airflow/example_dags/example_bash_decorator.py took 0.066 seconds
[2026-05-19T17:49:21.059+0000] {processor.py:161} INFO - Started process (PID=325) to work on /home/airflow/.local/lib/python3.12/site-packages/airflow/example_dags/example_bash_decorator.py
[2026-05-19T17:49:21.060+0000] {processor.py:830} INFO - Processing file /home/airflow/.local/lib/python3.12/site-packages/airflow/example_dags/example_bash_decorator.py for tasks to queue
[2026-05-19T17:49:21.062+0000] {logging_mixin.py:188} INFO - [2026-05-19T17:49:21.062+0000] {dagbag.py:545} INFO - Filling up the DagBag from /home/airflow/.local/lib/python3.12/site-packages/airflow/example_dags/example_bash_decorator.py
[2026-05-19T17:49:21.072+0000] {processor.py:840} INFO - DAG(s) 'example_bash_decorator' retrieved from /home/airflow/.local/lib/python3.12/site-packages/airflow/example_dags/example_bash_decorator.py
[2026-05-19T17:49:21.091+0000] {logging_mixin.py:188} INFO - [2026-05-19T17:49:21.091+0000] {dag.py:3096} INFO - Sync 1 DAGs
[2026-05-19T17:49:21.103+0000] {logging_mixin.py:188} INFO - [2026-05-19T17:49:21.103+0000] {dag.py:3954} INFO - Setting next_dagrun for example_bash_decorator to None, run_after=None
[2026-05-19T17:49:21.118+0000] {processor.py:183} INFO - Processing /home/airflow/.local/lib/python3.12/site-packages/airflow/example_dags/example_bash_decorator.py took 0.064 seconds
[2026-05-19T17:49:51.892+0000] {processor.py:161} INFO - Started process (PID=383) to work on /home/airflow/.local/lib/python3.12/site-packages/airflow/example_dags/example_bash_decorator.py
[2026-05-19T17:49:51.894+0000] {processor.py:830} INFO - Processing file /home/airflow/.local/lib/python3.12/site-packages/airflow/example_dags/example_bash_decorator.py for tasks to queue
[2026-05-19T17:49:51.896+0000] {logging_mixin.py:188} INFO - [2026-05-19T17:49:51.896+0000] {dagbag.py:545} INFO - Filling up the DagBag from /home/airflow/.local/lib/python3.12/site-packages/airflow/example_dags/example_bash_decorator.py
[2026-05-19T17:49:51.906+0000] {processor.py:840} INFO - DAG(s) 'example_bash_decorator' retrieved from /home/airflow/.local/lib/python3.12/site-packages/airflow/example_dags/example_bash_decorator.py
[2026-05-19T17:49:51.928+0000] {logging_mixin.py:188} INFO - [2026-05-19T17:49:51.928+0000] {dag.py:3096} INFO - Sync 1 DAGs
[2026-05-19T17:49:51.940+0000] {logging_mixin.py:188} INFO - [2026-05-19T17:49:51.939+0000] {dag.py:3954} INFO - Setting next_dagrun for example_bash_decorator to None, run_after=None
[2026-05-19T17:49:51.980+0000] {processor.py:183} INFO - Processing /home/airflow/.local/lib/python3.12/site-packages/airflow/example_dags/example_bash_decorator.py took 0.092 seconds
[2026-05-19T17:50:22.231+0000] {processor.py:161} INFO - Started process (PID=442) to work on /home/airflow/.local/lib/python3.12/site-packages/airflow/example_dags/example_bash_decorator.py
[2026-05-19T17:50:22.232+0000] {processor.py:830} INFO - Processing file /home/airflow/.local/lib/python3.12/site-packages/airflow/example_dags/example_bash_decorator.py for tasks to queue
[2026-05-19T17:50:22.235+0000] {logging_mixin.py:188} INFO - [2026-05-19T17:50:22.234+0000] {dagbag.py:545} INFO - Filling up the DagBag from /home/airflow/.local/lib/python3.12/site-packages/airflow/example_dags/example_bash_decorator.py
[2026-05-19T17:50:22.248+0000] {processor.py:840} INFO - DAG(s) 'example_bash_decorator' retrieved from /home/airflow/.local/lib/python3.12/site-packages/airflow/example_dags/example_bash_decorator.py
[2026-05-19T17:50:22.276+0000] {logging_mixin.py:188} INFO - [2026-05-19T17:50:22.276+0000] {dag.py:3096} INFO - Sync 1 DAGs
[2026-05-19T17:50:22.287+0000] {logging_mixin.py:188} INFO - [2026-05-19T17:50:22.287+0000] {dag.py:3954} INFO - Setting next_dagrun for example_bash_decorator to None, run_after=None
[2026-05-19T17:50:22.328+0000] {processor.py:183} INFO - Processing /home/airflow/.local/lib/python3.12/site-packages/airflow/example_dags/example_bash_decorator.py took 0.102 seconds
[2026-05-19T17:50:52.473+0000] {processor.py:161} INFO - Started process (PID=499) to work on /home/airflow/.local/lib/python3.12/site-packages/airflow/example_dags/example_bash_decorator.py
[2026-05-19T17:50:52.475+0000] {processor.py:830} INFO - Processing file /home/airflow/.local/lib/python3.12/site-packages/airflow/example_dags/example_bash_decorator.py for tasks to queue
[2026-05-19T17:50:52.482+0000] {logging_mixin.py:188} INFO - [2026-05-19T17:50:52.482+0000] {dagbag.py:545} INFO - Filling up the DagBag from /home/airflow/.local/lib/python3.12/site-packages/airflow/example_dags/example_bash_decorator.py
[2026-05-19T17:50:52.497+0000] {processor.py:840} INFO - DAG(s) 'example_bash_decorator' retrieved from /home/airflow/.local/lib/python3.12/site-packages/airflow/example_dags/example_bash_decorator.py
[2026-05-19T17:50:52.523+0000] {logging_mixin.py:188} INFO - [2026-05-19T17:50:52.523+0000] {dag.py:3096} INFO - Sync 1 DAGs
[2026-05-19T17:50:52.535+0000] {logging_mixin.py:188} INFO - [2026-05-19T17:50:52.535+0000] {dag.py:3954} INFO - Setting next_dagrun for example_bash_decorator to None, run_after=None
[2026-05-19T17:50:52.554+0000] {processor.py:183} INFO - Processing /home/airflow/.local/lib/python3.12/site-packages/airflow/example_dags/example_bash_decorator.py took 0.093 seconds
[2026-05-19T17:51:23.186+0000] {processor.py:161} INFO - Started process (PID=558) to work on /home/airflow/.local/lib/python3.12/site-packages/airflow/example_dags/example_bash_decorator.py
[2026-05-19T17:51:23.191+0000] {processor.py:830} INFO - Processing file /home/airflow/.local/lib/python3.12/site-packages/airflow/example_dags/example_bash_decorator.py for tasks to queue
[2026-05-19T17:51:23.214+0000] {logging_mixin.py:188} INFO - [2026-05-19T17:51:23.213+0000] {dagbag.py:545} INFO - Filling up the DagBag from /home/airflow/.local/lib/python3.12/site-packages/airflow/example_dags/example_bash_decorator.py
[2026-05-19T17:51:23.248+0000] {processor.py:840} INFO - DAG(s) 'example_bash_decorator' retrieved from /home/airflow/.local/lib/python3.12/site-packages/airflow/example_dags/example_bash_decorator.py
[2026-05-19T17:51:23.307+0000] {logging_mixin.py:188} INFO - [2026-05-19T17:51:23.307+0000] {dag.py:3096} INFO - Sync 1 DAGs
[2026-05-19T17:51:23.371+0000] {logging_mixin.py:188} INFO - [2026-05-19T17:51:23.371+0000] {dag.py:3954} INFO - Setting next_dagrun for example_bash_decorator to None, run_after=None
[2026-05-19T17:51:23.440+0000] {processor.py:183} INFO - Processing /home/airflow/.local/lib/python3.12/site-packages/airflow/example_dags/example_bash_decorator.py took 0.310 seconds
[2026-05-19T17:51:54.011+0000] {processor.py:161} INFO - Started process (PID=616) to work on /home/airflow/.local/lib/python3.12/site-packages/airflow/example_dags/example_bash_decorator.py
[2026-05-19T17:51:54.012+0000] {processor.py:830} INFO - Processing file /home/airflow/.local/lib/python3.12/site-packages/airflow/example_dags/example_bash_decorator.py for tasks to queue
[2026-05-19T17:51:54.015+0000] {logging_mixin.py:188} INFO - [2026-05-19T17:51:54.014+0000] {dagbag.py:545} INFO - Filling up the DagBag from /home/airflow/.local/lib/python3.12/site-packages/airflow/example_dags/example_bash_decorator.py
[2026-05-19T17:51:54.025+0000] {processor.py:840} INFO - DAG(s) 'example_bash_decorator' retrieved from /home/airflow/.local/lib/python3.12/site-packages/airflow/example_dags/example_bash_decorator.py
[2026-05-19T17:51:54.046+0000] {logging_mixin.py:188} INFO - [2026-05-19T17:51:54.046+0000] {dag.py:3096} INFO - Sync 1 DAGs
[2026-05-19T17:51:54.059+0000] {logging_mixin.py:188} INFO - [2026-05-19T17:51:54.059+0000] {dag.py:3954} INFO - Setting next_dagrun for example_bash_decorator to None, run_after=None
[2026-05-19T17:51:54.078+0000] {processor.py:183} INFO - Processing /home/airflow/.local/lib/python3.12/site-packages/airflow/example_dags/example_bash_decorator.py took 0.072 seconds
[2026-05-19T17:52:24.783+0000] {processor.py:161} INFO - Started process (PID=674) to work on /home/airflow/.local/lib/python3.12/site-packages/airflow/example_dags/example_bash_decorator.py
[2026-05-19T17:52:24.785+0000] {processor.py:830} INFO - Processing file /home/airflow/.local/lib/python3.12/site-packages/airflow/example_dags/example_bash_decorator.py for tasks to queue
[2026-05-19T17:52:24.787+0000] {logging_mixin.py:188} INFO - [2026-05-19T17:52:24.787+0000] {dagbag.py:545} INFO - Filling up the DagBag from /home/airflow/.local/lib/python3.12/site-packages/airflow/example_dags/example_bash_decorator.py
[2026-05-19T17:52:24.797+0000] {processor.py:840} INFO - DAG(s) 'example_bash_decorator' retrieved from /home/airflow/.local/lib/python3.12/site-packages/airflow/example_dags/example_bash_decorator.py
[2026-05-19T17:52:24.822+0000] {logging_mixin.py:188} INFO - [2026-05-19T17:52:24.822+0000] {dag.py:3096} INFO - Sync 1 DAGs
[2026-05-19T17:52:24.835+0000] {logging_mixin.py:188} INFO - [2026-05-19T17:52:24.835+0000] {dag.py:3954} INFO - Setting next_dagrun for example_bash_decorator to None, run_after=None
[2026-05-19T17:52:24.874+0000] {processor.py:183} INFO - Processing /home/airflow/.local/lib/python3.12/site-packages/airflow/example_dags/example_bash_decorator.py took 0.097 seconds
[2026-05-19T17:52:55.094+0000] {processor.py:161} INFO - Started process (PID=731) to work on /home/airflow/.local/lib/python3.12/site-packages/airflow/example_dags/example_bash_decorator.py
[2026-05-19T17:52:55.096+0000] {processor.py:830} INFO - Processing file /home/airflow/.local/lib/python3.12/site-packages/airflow/example_dags/example_bash_decorator.py for tasks to queue
[2026-05-19T17:52:55.099+0000] {logging_mixin.py:188} INFO - [2026-05-19T17:52:55.098+0000] {dagbag.py:545} INFO - Filling up the DagBag from /home/airflow/.local/lib/python3.12/site-packages/airflow/example_dags/example_bash_decorator.py
[2026-05-19T17:52:55.120+0000] {processor.py:840} INFO - DAG(s) 'example_bash_decorator' retrieved from /home/airflow/.local/lib/python3.12/site-packages/airflow/example_dags/example_bash_decorator.py
[2026-05-19T17:52:55.151+0000] {logging_mixin.py:188} INFO - [2026-05-19T17:52:55.151+0000] {dag.py:3096} INFO - Sync 1 DAGs
[2026-05-19T17:52:55.173+0000] {logging_mixin.py:188} INFO - [2026-05-19T17:52:55.173+0000] {dag.py:3954} INFO - Setting next_dagrun for example_bash_decorator to None, run_after=None
[2026-05-19T17:52:55.203+0000] {processor.py:183} INFO - Processing /home/airflow/.local/lib/python3.12/site-packages/airflow/example_dags/example_bash_decorator.py took 0.120 seconds
[2026-05-19T17:53:25.812+0000] {processor.py:161} INFO - Started process (PID=789) to work on /home/airflow/.local/lib/python3.12/site-packages/airflow/example_dags/example_bash_decorator.py
[2026-05-19T17:53:25.814+0000] {processor.py:830} INFO - Processing file /home/airflow/.local/lib/python3.12/site-packages/airflow/example_dags/example_bash_decorator.py for tasks to queue
[2026-05-19T17:53:25.817+0000] {logging_mixin.py:188} INFO - [2026-05-19T17:53:25.816+0000] {dagbag.py:545} INFO - Filling up the DagBag from /home/airflow/.local/lib/python3.12/site-packages/airflow/example_dags/example_bash_decorator.py
[2026-05-19T17:53:25.833+0000] {processor.py:840} INFO - DAG(s) 'example_bash_decorator' retrieved from /home/airflow/.local/lib/python3.12/site-packages/airflow/example_dags/example_bash_decorator.py
[2026-05-19T17:53:25.865+0000] {logging_mixin.py:188} INFO - [2026-05-19T17:53:25.864+0000] {dag.py:3096} INFO - Sync 1 DAGs
[2026-05-19T17:53:25.881+0000] {logging_mixin.py:188} INFO - [2026-05-19T17:53:25.880+0000] {dag.py:3954} INFO - Setting next_dagrun for example_bash_decorator to None, run_after=None
[2026-05-19T17:53:25.913+0000] {processor.py:183} INFO - Processing /home/airflow/.local/lib/python3.12/site-packages/airflow/example_dags/example_bash_decorator.py took 0.111 seconds
[2026-05-19T17:53:56.153+0000] {processor.py:161} INFO - Started process (PID=847) to work on /home/airflow/.local/lib/python3.12/site-packages/airflow/example_dags/example_bash_decorator.py
[2026-05-19T17:53:56.154+0000] {processor.py:830} INFO - Processing file /home/airflow/.local/lib/python3.12/site-packages/airflow/example_dags/example_bash_decorator.py for tasks to queue
[2026-05-19T17:53:56.156+0000] {logging_mixin.py:188} INFO - [2026-05-19T17:53:56.155+0000] {dagbag.py:545} INFO - Filling up the DagBag from /home/airflow/.local/lib/python3.12/site-packages/airflow/example_dags/example_bash_decorator.py
[2026-05-19T17:53:56.169+0000] {processor.py:840} INFO - DAG(s) 'example_bash_decorator' retrieved from /home/airflow/.local/lib/python3.12/site-packages/airflow/example_dags/example_bash_decorator.py
[2026-05-19T17:53:56.192+0000] {logging_mixin.py:188} INFO - [2026-05-19T17:53:56.192+0000] {dag.py:3096} INFO - Sync 1 DAGs
[2026-05-19T17:53:56.206+0000] {logging_mixin.py:188} INFO - [2026-05-19T17:53:56.206+0000] {dag.py:3954} INFO - Setting next_dagrun for example_bash_decorator to None, run_after=None
[2026-05-19T17:53:56.226+0000] {processor.py:183} INFO - Processing /home/airflow/.local/lib/python3.12/site-packages/airflow/example_dags/example_bash_decorator.py took 0.081 seconds
[2026-05-19T17:54:26.720+0000] {processor.py:161} INFO - Started process (PID=905) to work on /home/airflow/.local/lib/python3.12/site-packages/airflow/example_dags/example_bash_decorator.py
[2026-05-19T17:54:26.721+0000] {processor.py:830} INFO - Processing file /home/airflow/.local/lib/python3.12/site-packages/airflow/example_dags/example_bash_decorator.py for tasks to queue
[2026-05-19T17:54:26.724+0000] {logging_mixin.py:188} INFO - [2026-05-19T17:54:26.723+0000] {dagbag.py:545} INFO - Filling up the DagBag from /home/airflow/.local/lib/python3.12/site-packages/airflow/example_dags/example_bash_decorator.py
[2026-05-19T17:54:26.738+0000] {processor.py:840} INFO - DAG(s) 'example_bash_decorator' retrieved from /home/airflow/.local/lib/python3.12/site-packages/airflow/example_dags/example_bash_decorator.py
[2026-05-19T17:54:26.761+0000] {logging_mixin.py:188} INFO - [2026-05-19T17:54:26.761+0000] {dag.py:3096} INFO - Sync 1 DAGs
[2026-05-19T17:54:26.778+0000] {logging_mixin.py:188} INFO - [2026-05-19T17:54:26.778+0000] {dag.py:3954} INFO - Setting next_dagrun for example_bash_decorator to None, run_after=None
[2026-05-19T17:54:26.802+0000] {processor.py:183} INFO - Processing /home/airflow/.local/lib/python3.12/site-packages/airflow/example_dags/example_bash_decorator.py took 0.091 seconds
[2026-05-19T17:54:57.231+0000] {processor.py:161} INFO - Started process (PID=962) to work on /home/airflow/.local/lib/python3.12/site-packages/airflow/example_dags/example_bash_decorator.py
[2026-05-19T17:54:57.232+0000] {processor.py:830} INFO - Processing file /home/airflow/.local/lib/python3.12/site-packages/airflow/example_dags/example_bash_decorator.py for tasks to queue
[2026-05-19T17:54:57.236+0000] {logging_mixin.py:188} INFO - [2026-05-19T17:54:57.236+0000] {dagbag.py:545} INFO - Filling up the DagBag from /home/airflow/.local/lib/python3.12/site-packages/airflow/example_dags/example_bash_decorator.py
[2026-05-19T17:54:57.254+0000] {processor.py:840} INFO - DAG(s) 'example_bash_decorator' retrieved from /home/airflow/.local/lib/python3.12/site-packages/airflow/example_dags/example_bash_decorator.py
[2026-05-19T17:54:57.282+0000] {logging_mixin.py:188} INFO - [2026-05-19T17:54:57.282+0000] {dag.py:3096} INFO - Sync 1 DAGs
[2026-05-19T17:54:57.295+0000] {logging_mixin.py:188} INFO - [2026-05-19T17:54:57.294+0000] {dag.py:3954} INFO - Setting next_dagrun for example_bash_decorator to None, run_after=None
[2026-05-19T17:54:57.316+0000] {processor.py:183} INFO - Processing /home/airflow/.local/lib/python3.12/site-packages/airflow/example_dags/example_bash_decorator.py took 0.091 seconds
[2026-05-19T17:55:27.447+0000] {processor.py:161} INFO - Started process (PID=1020) to work on /home/airflow/.local/lib/python3.12/site-packages/airflow/example_dags/example_bash_decorator.py
[2026-05-19T17:55:27.449+0000] {processor.py:830} INFO - Processing file /home/airflow/.local/lib/python3.12/site-packages/airflow/example_dags/example_bash_decorator.py for tasks to queue
[2026-05-19T17:55:27.452+0000] {logging_mixin.py:188} INFO - [2026-05-19T17:55:27.451+0000] {dagbag.py:545} INFO - Filling up the DagBag from /home/airflow/.local/lib/python3.12/site-packages/airflow/example_dags/example_bash_decorator.py
[2026-05-19T17:55:27.468+0000] {processor.py:840} INFO - DAG(s) 'example_bash_decorator' retrieved from /home/airflow/.local/lib/python3.12/site-packages/airflow/example_dags/example_bash_decorator.py
[2026-05-19T17:55:27.514+0000] {logging_mixin.py:188} INFO - [2026-05-19T17:55:27.513+0000] {dag.py:3096} INFO - Sync 1 DAGs
[2026-05-19T17:55:27.535+0000] {logging_mixin.py:188} INFO - [2026-05-19T17:55:27.534+0000] {dag.py:3954} INFO - Setting next_dagrun for example_bash_decorator to None, run_after=None
[2026-05-19T17:55:27.556+0000] {processor.py:183} INFO - Processing /home/airflow/.local/lib/python3.12/site-packages/airflow/example_dags/example_bash_decorator.py took 0.123 seconds
[2026-05-19T17:55:57.619+0000] {processor.py:161} INFO - Started process (PID=1078) to work on /home/airflow/.local/lib/python3.12/site-packages/airflow/example_dags/example_bash_decorator.py
[2026-05-19T17:55:57.620+0000] {processor.py:830} INFO - Processing file /home/airflow/.local/lib/python3.12/site-packages/airflow/example_dags/example_bash_decorator.py for tasks to queue
[2026-05-19T17:55:57.625+0000] {logging_mixin.py:188} INFO - [2026-05-19T17:55:57.625+0000] {dagbag.py:545} INFO - Filling up the DagBag from /home/airflow/.local/lib/python3.12/site-packages/airflow/example_dags/example_bash_decorator.py
[2026-05-19T17:55:57.637+0000] {processor.py:840} INFO - DAG(s) 'example_bash_decorator' retrieved from /home/airflow/.local/lib/python3.12/site-packages/airflow/example_dags/example_bash_decorator.py
[2026-05-19T17:55:57.659+0000] {logging_mixin.py:188} INFO - [2026-05-19T17:55:57.659+0000] {dag.py:3096} INFO - Sync 1 DAGs
[2026-05-19T17:55:57.671+0000] {logging_mixin.py:188} INFO - [2026-05-19T17:55:57.671+0000] {dag.py:3954} INFO - Setting next_dagrun for example_bash_decorator to None, run_after=None
[2026-05-19T17:55:57.689+0000] {processor.py:183} INFO - Processing /home/airflow/.local/lib/python3.12/site-packages/airflow/example_dags/example_bash_decorator.py took 0.075 seconds
[2026-05-19T17:56:27.763+0000] {processor.py:161} INFO - Started process (PID=1136) to work on /home/airflow/.local/lib/python3.12/site-packages/airflow/example_dags/example_bash_decorator.py
[2026-05-19T17:56:27.765+0000] {processor.py:830} INFO - Processing file /home/airflow/.local/lib/python3.12/site-packages/airflow/example_dags/example_bash_decorator.py for tasks to queue
[2026-05-19T17:56:27.768+0000] {logging_mixin.py:188} INFO - [2026-05-19T17:56:27.767+0000] {dagbag.py:545} INFO - Filling up the DagBag from /home/airflow/.local/lib/python3.12/site-packages/airflow/example_dags/example_bash_decorator.py
[2026-05-19T17:56:27.781+0000] {processor.py:840} INFO - DAG(s) 'example_bash_decorator' retrieved from /home/airflow/.local/lib/python3.12/site-packages/airflow/example_dags/example_bash_decorator.py
[2026-05-19T17:56:27.808+0000] {logging_mixin.py:188} INFO - [2026-05-19T17:56:27.808+0000] {dag.py:3096} INFO - Sync 1 DAGs
[2026-05-19T17:56:27.821+0000] {logging_mixin.py:188} INFO - [2026-05-19T17:56:27.820+0000] {dag.py:3954} INFO - Setting next_dagrun for example_bash_decorator to None, run_after=None
[2026-05-19T17:56:27.838+0000] {processor.py:183} INFO - Processing /home/airflow/.local/lib/python3.12/site-packages/airflow/example_dags/example_bash_decorator.py took 0.080 seconds
[2026-05-19T17:57:59.852+0000] {processor.py:161} INFO - Started process (PID=91) to work on /home/airflow/.local/lib/python3.12/site-packages/airflow/example_dags/example_bash_decorator.py
[2026-05-19T17:57:59.854+0000] {processor.py:830} INFO - Processing file /home/airflow/.local/lib/python3.12/site-packages/airflow/example_dags/example_bash_decorator.py for tasks to queue
[2026-05-19T17:57:59.858+0000] {logging_mixin.py:188} INFO - [2026-05-19T17:57:59.857+0000] {dagbag.py:545} INFO - Filling up the DagBag from /home/airflow/.local/lib/python3.12/site-packages/airflow/example_dags/example_bash_decorator.py
[2026-05-19T17:57:59.891+0000] {processor.py:840} INFO - DAG(s) 'example_bash_decorator' retrieved from /home/airflow/.local/lib/python3.12/site-packages/airflow/example_dags/example_bash_decorator.py
[2026-05-19T17:58:00.092+0000] {logging_mixin.py:188} INFO - [2026-05-19T17:58:00.092+0000] {dag.py:3096} INFO - Sync 1 DAGs
[2026-05-19T17:58:00.110+0000] {logging_mixin.py:188} INFO - [2026-05-19T17:58:00.109+0000] {dag.py:3954} INFO - Setting next_dagrun for example_bash_decorator to None, run_after=None
[2026-05-19T17:58:00.143+0000] {processor.py:183} INFO - Processing /home/airflow/.local/lib/python3.12/site-packages/airflow/example_dags/example_bash_decorator.py took 0.304 seconds
[2026-05-19T17:58:30.517+0000] {processor.py:161} INFO - Started process (PID=149) to work on /home/airflow/.local/lib/python3.12/site-packages/airflow/example_dags/example_bash_decorator.py
[2026-05-19T17:58:30.518+0000] {processor.py:830} INFO - Processing file /home/airflow/.local/lib/python3.12/site-packages/airflow/example_dags/example_bash_decorator.py for tasks to queue
[2026-05-19T17:58:30.521+0000] {logging_mixin.py:188} INFO - [2026-05-19T17:58:30.521+0000] {dagbag.py:545} INFO - Filling up the DagBag from /home/airflow/.local/lib/python3.12/site-packages/airflow/example_dags/example_bash_decorator.py
[2026-05-19T17:58:30.537+0000] {processor.py:840} INFO - DAG(s) 'example_bash_decorator' retrieved from /home/airflow/.local/lib/python3.12/site-packages/airflow/example_dags/example_bash_decorator.py
[2026-05-19T17:58:30.574+0000] {logging_mixin.py:188} INFO - [2026-05-19T17:58:30.573+0000] {dag.py:3096} INFO - Sync 1 DAGs
[2026-05-19T17:58:30.596+0000] {logging_mixin.py:188} INFO - [2026-05-19T17:58:30.596+0000] {dag.py:3954} INFO - Setting next_dagrun for example_bash_decorator to None, run_after=None
[2026-05-19T17:58:30.632+0000] {processor.py:183} INFO - Processing /home/airflow/.local/lib/python3.12/site-packages/airflow/example_dags/example_bash_decorator.py took 0.122 seconds
