[2026-05-19T13:25:26.764+0000] {processor.py:161} INFO - Started process (PID=104) to work on /home/airflow/.local/lib/python3.12/site-packages/airflow/example_dags/example_setup_teardown_taskflow.py
[2026-05-19T13:25:26.768+0000] {processor.py:830} INFO - Processing file /home/airflow/.local/lib/python3.12/site-packages/airflow/example_dags/example_setup_teardown_taskflow.py for tasks to queue
[2026-05-19T13:25:26.773+0000] {logging_mixin.py:188} INFO - [2026-05-19T13:25:26.772+0000] {dagbag.py:545} INFO - Filling up the DagBag from /home/airflow/.local/lib/python3.12/site-packages/airflow/example_dags/example_setup_teardown_taskflow.py
[2026-05-19T13:25:26.812+0000] {processor.py:840} INFO - DAG(s) 'example_setup_teardown_taskflow' retrieved from /home/airflow/.local/lib/python3.12/site-packages/airflow/example_dags/example_setup_teardown_taskflow.py
[2026-05-19T13:25:27.129+0000] {logging_mixin.py:188} INFO - [2026-05-19T13:25:27.124+0000] {override.py:1829} INFO - Created Permission View: can read on DAG:example_setup_teardown_taskflow
[2026-05-19T13:25:27.167+0000] {logging_mixin.py:188} INFO - [2026-05-19T13:25:27.166+0000] {override.py:1829} INFO - Created Permission View: can edit on DAG:example_setup_teardown_taskflow
[2026-05-19T13:25:27.188+0000] {logging_mixin.py:188} INFO - [2026-05-19T13:25:27.187+0000] {override.py:1829} INFO - Created Permission View: can delete on DAG:example_setup_teardown_taskflow
[2026-05-19T13:25:27.189+0000] {logging_mixin.py:188} INFO - [2026-05-19T13:25:27.189+0000] {dag.py:3096} INFO - Sync 1 DAGs
[2026-05-19T13:25:27.247+0000] {logging_mixin.py:188} INFO - [2026-05-19T13:25:27.247+0000] {dag.py:3118} INFO - Creating ORM DAG for example_setup_teardown_taskflow
[2026-05-19T13:25:27.350+0000] {logging_mixin.py:188} INFO - [2026-05-19T13:25:27.349+0000] {dag.py:3954} INFO - Setting next_dagrun for example_setup_teardown_taskflow to 2026-05-18 00:00:00+00:00, run_after=2026-05-19 00:00:00+00:00
[2026-05-19T13:25:27.433+0000] {processor.py:183} INFO - Processing /home/airflow/.local/lib/python3.12/site-packages/airflow/example_dags/example_setup_teardown_taskflow.py took 0.686 seconds
[2026-05-19T13:25:57.816+0000] {processor.py:161} INFO - Started process (PID=162) to work on /home/airflow/.local/lib/python3.12/site-packages/airflow/example_dags/example_setup_teardown_taskflow.py
[2026-05-19T13:25:57.817+0000] {processor.py:830} INFO - Processing file /home/airflow/.local/lib/python3.12/site-packages/airflow/example_dags/example_setup_teardown_taskflow.py for tasks to queue
[2026-05-19T13:25:57.820+0000] {logging_mixin.py:188} INFO - [2026-05-19T13:25:57.819+0000] {dagbag.py:545} INFO - Filling up the DagBag from /home/airflow/.local/lib/python3.12/site-packages/airflow/example_dags/example_setup_teardown_taskflow.py
[2026-05-19T13:25:57.842+0000] {processor.py:840} INFO - DAG(s) 'example_setup_teardown_taskflow' retrieved from /home/airflow/.local/lib/python3.12/site-packages/airflow/example_dags/example_setup_teardown_taskflow.py
[2026-05-19T13:25:57.881+0000] {logging_mixin.py:188} INFO - [2026-05-19T13:25:57.881+0000] {dag.py:3096} INFO - Sync 1 DAGs
[2026-05-19T13:25:57.924+0000] {logging_mixin.py:188} INFO - [2026-05-19T13:25:57.924+0000] {dag.py:3954} INFO - Setting next_dagrun for example_setup_teardown_taskflow to 2026-05-18 00:00:00+00:00, run_after=2026-05-19 00:00:00+00:00
[2026-05-19T13:25:57.960+0000] {processor.py:183} INFO - Processing /home/airflow/.local/lib/python3.12/site-packages/airflow/example_dags/example_setup_teardown_taskflow.py took 0.155 seconds
[2026-05-19T13:26:28.514+0000] {processor.py:161} INFO - Started process (PID=220) to work on /home/airflow/.local/lib/python3.12/site-packages/airflow/example_dags/example_setup_teardown_taskflow.py
[2026-05-19T13:26:28.516+0000] {processor.py:830} INFO - Processing file /home/airflow/.local/lib/python3.12/site-packages/airflow/example_dags/example_setup_teardown_taskflow.py for tasks to queue
[2026-05-19T13:26:28.519+0000] {logging_mixin.py:188} INFO - [2026-05-19T13:26:28.519+0000] {dagbag.py:545} INFO - Filling up the DagBag from /home/airflow/.local/lib/python3.12/site-packages/airflow/example_dags/example_setup_teardown_taskflow.py
[2026-05-19T13:26:28.529+0000] {processor.py:840} INFO - DAG(s) 'example_setup_teardown_taskflow' retrieved from /home/airflow/.local/lib/python3.12/site-packages/airflow/example_dags/example_setup_teardown_taskflow.py
[2026-05-19T13:26:28.551+0000] {logging_mixin.py:188} INFO - [2026-05-19T13:26:28.551+0000] {dag.py:3096} INFO - Sync 1 DAGs
[2026-05-19T13:26:28.588+0000] {logging_mixin.py:188} INFO - [2026-05-19T13:26:28.588+0000] {dag.py:3954} INFO - Setting next_dagrun for example_setup_teardown_taskflow to 2026-05-18 00:00:00+00:00, run_after=2026-05-19 00:00:00+00:00
[2026-05-19T13:26:28.610+0000] {processor.py:183} INFO - Processing /home/airflow/.local/lib/python3.12/site-packages/airflow/example_dags/example_setup_teardown_taskflow.py took 0.105 seconds
[2026-05-19T13:26:58.944+0000] {processor.py:161} INFO - Started process (PID=278) to work on /home/airflow/.local/lib/python3.12/site-packages/airflow/example_dags/example_setup_teardown_taskflow.py
[2026-05-19T13:26:58.946+0000] {processor.py:830} INFO - Processing file /home/airflow/.local/lib/python3.12/site-packages/airflow/example_dags/example_setup_teardown_taskflow.py for tasks to queue
[2026-05-19T13:26:58.948+0000] {logging_mixin.py:188} INFO - [2026-05-19T13:26:58.948+0000] {dagbag.py:545} INFO - Filling up the DagBag from /home/airflow/.local/lib/python3.12/site-packages/airflow/example_dags/example_setup_teardown_taskflow.py
[2026-05-19T13:26:58.957+0000] {processor.py:840} INFO - DAG(s) 'example_setup_teardown_taskflow' retrieved from /home/airflow/.local/lib/python3.12/site-packages/airflow/example_dags/example_setup_teardown_taskflow.py
[2026-05-19T13:26:58.978+0000] {logging_mixin.py:188} INFO - [2026-05-19T13:26:58.978+0000] {dag.py:3096} INFO - Sync 1 DAGs
[2026-05-19T13:26:59.009+0000] {logging_mixin.py:188} INFO - [2026-05-19T13:26:59.009+0000] {dag.py:3954} INFO - Setting next_dagrun for example_setup_teardown_taskflow to 2026-05-18 00:00:00+00:00, run_after=2026-05-19 00:00:00+00:00
[2026-05-19T13:26:59.042+0000] {processor.py:183} INFO - Processing /home/airflow/.local/lib/python3.12/site-packages/airflow/example_dags/example_setup_teardown_taskflow.py took 0.105 seconds
[2026-05-19T13:27:29.572+0000] {processor.py:161} INFO - Started process (PID=336) to work on /home/airflow/.local/lib/python3.12/site-packages/airflow/example_dags/example_setup_teardown_taskflow.py
[2026-05-19T13:27:29.573+0000] {processor.py:830} INFO - Processing file /home/airflow/.local/lib/python3.12/site-packages/airflow/example_dags/example_setup_teardown_taskflow.py for tasks to queue
[2026-05-19T13:27:29.575+0000] {logging_mixin.py:188} INFO - [2026-05-19T13:27:29.575+0000] {dagbag.py:545} INFO - Filling up the DagBag from /home/airflow/.local/lib/python3.12/site-packages/airflow/example_dags/example_setup_teardown_taskflow.py
[2026-05-19T13:27:29.585+0000] {processor.py:840} INFO - DAG(s) 'example_setup_teardown_taskflow' retrieved from /home/airflow/.local/lib/python3.12/site-packages/airflow/example_dags/example_setup_teardown_taskflow.py
[2026-05-19T13:27:29.614+0000] {logging_mixin.py:188} INFO - [2026-05-19T13:27:29.614+0000] {dag.py:3096} INFO - Sync 1 DAGs
[2026-05-19T13:27:29.640+0000] {logging_mixin.py:188} INFO - [2026-05-19T13:27:29.640+0000] {dag.py:3954} INFO - Setting next_dagrun for example_setup_teardown_taskflow to 2026-05-18 00:00:00+00:00, run_after=2026-05-19 00:00:00+00:00
[2026-05-19T13:27:29.665+0000] {processor.py:183} INFO - Processing /home/airflow/.local/lib/python3.12/site-packages/airflow/example_dags/example_setup_teardown_taskflow.py took 0.099 seconds
[2026-05-19T13:28:00.429+0000] {processor.py:161} INFO - Started process (PID=393) to work on /home/airflow/.local/lib/python3.12/site-packages/airflow/example_dags/example_setup_teardown_taskflow.py
[2026-05-19T13:28:00.431+0000] {processor.py:830} INFO - Processing file /home/airflow/.local/lib/python3.12/site-packages/airflow/example_dags/example_setup_teardown_taskflow.py for tasks to queue
[2026-05-19T13:28:00.436+0000] {logging_mixin.py:188} INFO - [2026-05-19T13:28:00.435+0000] {dagbag.py:545} INFO - Filling up the DagBag from /home/airflow/.local/lib/python3.12/site-packages/airflow/example_dags/example_setup_teardown_taskflow.py
[2026-05-19T13:28:00.449+0000] {processor.py:840} INFO - DAG(s) 'example_setup_teardown_taskflow' retrieved from /home/airflow/.local/lib/python3.12/site-packages/airflow/example_dags/example_setup_teardown_taskflow.py
[2026-05-19T13:28:00.479+0000] {logging_mixin.py:188} INFO - [2026-05-19T13:28:00.478+0000] {dag.py:3096} INFO - Sync 1 DAGs
[2026-05-19T13:28:00.509+0000] {logging_mixin.py:188} INFO - [2026-05-19T13:28:00.509+0000] {dag.py:3954} INFO - Setting next_dagrun for example_setup_teardown_taskflow to 2026-05-18 00:00:00+00:00, run_after=2026-05-19 00:00:00+00:00
[2026-05-19T13:28:00.535+0000] {processor.py:183} INFO - Processing /home/airflow/.local/lib/python3.12/site-packages/airflow/example_dags/example_setup_teardown_taskflow.py took 0.118 seconds
[2026-05-19T13:28:31.369+0000] {processor.py:161} INFO - Started process (PID=451) to work on /home/airflow/.local/lib/python3.12/site-packages/airflow/example_dags/example_setup_teardown_taskflow.py
[2026-05-19T13:28:31.371+0000] {processor.py:830} INFO - Processing file /home/airflow/.local/lib/python3.12/site-packages/airflow/example_dags/example_setup_teardown_taskflow.py for tasks to queue
[2026-05-19T13:28:31.374+0000] {logging_mixin.py:188} INFO - [2026-05-19T13:28:31.374+0000] {dagbag.py:545} INFO - Filling up the DagBag from /home/airflow/.local/lib/python3.12/site-packages/airflow/example_dags/example_setup_teardown_taskflow.py
[2026-05-19T13:28:31.388+0000] {processor.py:840} INFO - DAG(s) 'example_setup_teardown_taskflow' retrieved from /home/airflow/.local/lib/python3.12/site-packages/airflow/example_dags/example_setup_teardown_taskflow.py
[2026-05-19T13:28:31.426+0000] {logging_mixin.py:188} INFO - [2026-05-19T13:28:31.425+0000] {dag.py:3096} INFO - Sync 1 DAGs
[2026-05-19T13:28:31.461+0000] {logging_mixin.py:188} INFO - [2026-05-19T13:28:31.461+0000] {dag.py:3954} INFO - Setting next_dagrun for example_setup_teardown_taskflow to 2026-05-18 00:00:00+00:00, run_after=2026-05-19 00:00:00+00:00
[2026-05-19T13:28:31.494+0000] {processor.py:183} INFO - Processing /home/airflow/.local/lib/python3.12/site-packages/airflow/example_dags/example_setup_teardown_taskflow.py took 0.140 seconds
[2026-05-19T13:29:01.788+0000] {processor.py:161} INFO - Started process (PID=509) to work on /home/airflow/.local/lib/python3.12/site-packages/airflow/example_dags/example_setup_teardown_taskflow.py
[2026-05-19T13:29:01.791+0000] {processor.py:830} INFO - Processing file /home/airflow/.local/lib/python3.12/site-packages/airflow/example_dags/example_setup_teardown_taskflow.py for tasks to queue
[2026-05-19T13:29:01.795+0000] {logging_mixin.py:188} INFO - [2026-05-19T13:29:01.795+0000] {dagbag.py:545} INFO - Filling up the DagBag from /home/airflow/.local/lib/python3.12/site-packages/airflow/example_dags/example_setup_teardown_taskflow.py
[2026-05-19T13:29:01.808+0000] {processor.py:840} INFO - DAG(s) 'example_setup_teardown_taskflow' retrieved from /home/airflow/.local/lib/python3.12/site-packages/airflow/example_dags/example_setup_teardown_taskflow.py
[2026-05-19T13:29:01.845+0000] {logging_mixin.py:188} INFO - [2026-05-19T13:29:01.844+0000] {dag.py:3096} INFO - Sync 1 DAGs
[2026-05-19T13:29:01.885+0000] {logging_mixin.py:188} INFO - [2026-05-19T13:29:01.885+0000] {dag.py:3954} INFO - Setting next_dagrun for example_setup_teardown_taskflow to 2026-05-18 00:00:00+00:00, run_after=2026-05-19 00:00:00+00:00
[2026-05-19T13:29:01.926+0000] {processor.py:183} INFO - Processing /home/airflow/.local/lib/python3.12/site-packages/airflow/example_dags/example_setup_teardown_taskflow.py took 0.151 seconds
[2026-05-19T13:30:57.233+0000] {processor.py:161} INFO - Started process (PID=100) to work on /home/airflow/.local/lib/python3.12/site-packages/airflow/example_dags/example_setup_teardown_taskflow.py
[2026-05-19T13:30:57.236+0000] {processor.py:830} INFO - Processing file /home/airflow/.local/lib/python3.12/site-packages/airflow/example_dags/example_setup_teardown_taskflow.py for tasks to queue
[2026-05-19T13:30:57.242+0000] {logging_mixin.py:188} INFO - [2026-05-19T13:30:57.241+0000] {dagbag.py:545} INFO - Filling up the DagBag from /home/airflow/.local/lib/python3.12/site-packages/airflow/example_dags/example_setup_teardown_taskflow.py
[2026-05-19T13:30:57.271+0000] {processor.py:840} INFO - DAG(s) 'example_setup_teardown_taskflow' retrieved from /home/airflow/.local/lib/python3.12/site-packages/airflow/example_dags/example_setup_teardown_taskflow.py
[2026-05-19T13:30:57.517+0000] {logging_mixin.py:188} INFO - [2026-05-19T13:30:57.516+0000] {dag.py:3096} INFO - Sync 1 DAGs
[2026-05-19T13:30:57.584+0000] {logging_mixin.py:188} INFO - [2026-05-19T13:30:57.582+0000] {dag.py:3954} INFO - Setting next_dagrun for example_setup_teardown_taskflow to 2026-05-18 00:00:00+00:00, run_after=2026-05-19 00:00:00+00:00
[2026-05-19T13:30:57.640+0000] {processor.py:183} INFO - Processing /home/airflow/.local/lib/python3.12/site-packages/airflow/example_dags/example_setup_teardown_taskflow.py took 0.424 seconds
[2026-05-19T13:31:28.263+0000] {processor.py:161} INFO - Started process (PID=159) to work on /home/airflow/.local/lib/python3.12/site-packages/airflow/example_dags/example_setup_teardown_taskflow.py
[2026-05-19T13:31:28.264+0000] {processor.py:830} INFO - Processing file /home/airflow/.local/lib/python3.12/site-packages/airflow/example_dags/example_setup_teardown_taskflow.py for tasks to queue
[2026-05-19T13:31:28.267+0000] {logging_mixin.py:188} INFO - [2026-05-19T13:31:28.266+0000] {dagbag.py:545} INFO - Filling up the DagBag from /home/airflow/.local/lib/python3.12/site-packages/airflow/example_dags/example_setup_teardown_taskflow.py
[2026-05-19T13:31:28.277+0000] {processor.py:840} INFO - DAG(s) 'example_setup_teardown_taskflow' retrieved from /home/airflow/.local/lib/python3.12/site-packages/airflow/example_dags/example_setup_teardown_taskflow.py
[2026-05-19T13:31:28.309+0000] {logging_mixin.py:188} INFO - [2026-05-19T13:31:28.309+0000] {dag.py:3096} INFO - Sync 1 DAGs
[2026-05-19T13:31:28.333+0000] {logging_mixin.py:188} INFO - [2026-05-19T13:31:28.333+0000] {dag.py:3954} INFO - Setting next_dagrun for example_setup_teardown_taskflow to 2026-05-18 00:00:00+00:00, run_after=2026-05-19 00:00:00+00:00
[2026-05-19T13:31:28.363+0000] {processor.py:183} INFO - Processing /home/airflow/.local/lib/python3.12/site-packages/airflow/example_dags/example_setup_teardown_taskflow.py took 0.105 seconds
[2026-05-19T13:31:59.204+0000] {processor.py:161} INFO - Started process (PID=218) to work on /home/airflow/.local/lib/python3.12/site-packages/airflow/example_dags/example_setup_teardown_taskflow.py
[2026-05-19T13:31:59.206+0000] {processor.py:830} INFO - Processing file /home/airflow/.local/lib/python3.12/site-packages/airflow/example_dags/example_setup_teardown_taskflow.py for tasks to queue
[2026-05-19T13:31:59.209+0000] {logging_mixin.py:188} INFO - [2026-05-19T13:31:59.208+0000] {dagbag.py:545} INFO - Filling up the DagBag from /home/airflow/.local/lib/python3.12/site-packages/airflow/example_dags/example_setup_teardown_taskflow.py
[2026-05-19T13:31:59.219+0000] {processor.py:840} INFO - DAG(s) 'example_setup_teardown_taskflow' retrieved from /home/airflow/.local/lib/python3.12/site-packages/airflow/example_dags/example_setup_teardown_taskflow.py
[2026-05-19T13:31:59.261+0000] {logging_mixin.py:188} INFO - [2026-05-19T13:31:59.261+0000] {dag.py:3096} INFO - Sync 1 DAGs
[2026-05-19T13:31:59.291+0000] {logging_mixin.py:188} INFO - [2026-05-19T13:31:59.291+0000] {dag.py:3954} INFO - Setting next_dagrun for example_setup_teardown_taskflow to 2026-05-18 00:00:00+00:00, run_after=2026-05-19 00:00:00+00:00
[2026-05-19T13:31:59.327+0000] {processor.py:183} INFO - Processing /home/airflow/.local/lib/python3.12/site-packages/airflow/example_dags/example_setup_teardown_taskflow.py took 0.129 seconds
[2026-05-19T13:32:29.844+0000] {processor.py:161} INFO - Started process (PID=277) to work on /home/airflow/.local/lib/python3.12/site-packages/airflow/example_dags/example_setup_teardown_taskflow.py
[2026-05-19T13:32:29.846+0000] {processor.py:830} INFO - Processing file /home/airflow/.local/lib/python3.12/site-packages/airflow/example_dags/example_setup_teardown_taskflow.py for tasks to queue
[2026-05-19T13:32:29.849+0000] {logging_mixin.py:188} INFO - [2026-05-19T13:32:29.848+0000] {dagbag.py:545} INFO - Filling up the DagBag from /home/airflow/.local/lib/python3.12/site-packages/airflow/example_dags/example_setup_teardown_taskflow.py
[2026-05-19T13:32:29.861+0000] {processor.py:840} INFO - DAG(s) 'example_setup_teardown_taskflow' retrieved from /home/airflow/.local/lib/python3.12/site-packages/airflow/example_dags/example_setup_teardown_taskflow.py
[2026-05-19T13:32:29.883+0000] {logging_mixin.py:188} INFO - [2026-05-19T13:32:29.883+0000] {dag.py:3096} INFO - Sync 1 DAGs
[2026-05-19T13:32:29.914+0000] {logging_mixin.py:188} INFO - [2026-05-19T13:32:29.914+0000] {dag.py:3954} INFO - Setting next_dagrun for example_setup_teardown_taskflow to 2026-05-18 00:00:00+00:00, run_after=2026-05-19 00:00:00+00:00
[2026-05-19T13:32:29.937+0000] {processor.py:183} INFO - Processing /home/airflow/.local/lib/python3.12/site-packages/airflow/example_dags/example_setup_teardown_taskflow.py took 0.101 seconds
[2026-05-19T13:33:00.023+0000] {processor.py:161} INFO - Started process (PID=336) to work on /home/airflow/.local/lib/python3.12/site-packages/airflow/example_dags/example_setup_teardown_taskflow.py
[2026-05-19T13:33:00.024+0000] {processor.py:830} INFO - Processing file /home/airflow/.local/lib/python3.12/site-packages/airflow/example_dags/example_setup_teardown_taskflow.py for tasks to queue
[2026-05-19T13:33:00.028+0000] {logging_mixin.py:188} INFO - [2026-05-19T13:33:00.027+0000] {dagbag.py:545} INFO - Filling up the DagBag from /home/airflow/.local/lib/python3.12/site-packages/airflow/example_dags/example_setup_teardown_taskflow.py
[2026-05-19T13:33:00.041+0000] {processor.py:840} INFO - DAG(s) 'example_setup_teardown_taskflow' retrieved from /home/airflow/.local/lib/python3.12/site-packages/airflow/example_dags/example_setup_teardown_taskflow.py
[2026-05-19T13:33:00.071+0000] {logging_mixin.py:188} INFO - [2026-05-19T13:33:00.071+0000] {dag.py:3096} INFO - Sync 1 DAGs
[2026-05-19T13:33:00.097+0000] {logging_mixin.py:188} INFO - [2026-05-19T13:33:00.097+0000] {dag.py:3954} INFO - Setting next_dagrun for example_setup_teardown_taskflow to 2026-05-18 00:00:00+00:00, run_after=2026-05-19 00:00:00+00:00
[2026-05-19T13:33:00.120+0000] {processor.py:183} INFO - Processing /home/airflow/.local/lib/python3.12/site-packages/airflow/example_dags/example_setup_teardown_taskflow.py took 0.106 seconds
[2026-05-19T13:33:31.241+0000] {processor.py:161} INFO - Started process (PID=395) to work on /home/airflow/.local/lib/python3.12/site-packages/airflow/example_dags/example_setup_teardown_taskflow.py
[2026-05-19T13:33:31.243+0000] {processor.py:830} INFO - Processing file /home/airflow/.local/lib/python3.12/site-packages/airflow/example_dags/example_setup_teardown_taskflow.py for tasks to queue
[2026-05-19T13:33:31.248+0000] {logging_mixin.py:188} INFO - [2026-05-19T13:33:31.247+0000] {dagbag.py:545} INFO - Filling up the DagBag from /home/airflow/.local/lib/python3.12/site-packages/airflow/example_dags/example_setup_teardown_taskflow.py
[2026-05-19T13:33:31.275+0000] {processor.py:840} INFO - DAG(s) 'example_setup_teardown_taskflow' retrieved from /home/airflow/.local/lib/python3.12/site-packages/airflow/example_dags/example_setup_teardown_taskflow.py
[2026-05-19T13:33:31.356+0000] {logging_mixin.py:188} INFO - [2026-05-19T13:33:31.355+0000] {dag.py:3096} INFO - Sync 1 DAGs
[2026-05-19T13:33:31.407+0000] {logging_mixin.py:188} INFO - [2026-05-19T13:33:31.407+0000] {dag.py:3954} INFO - Setting next_dagrun for example_setup_teardown_taskflow to 2026-05-18 00:00:00+00:00, run_after=2026-05-19 00:00:00+00:00
[2026-05-19T13:33:31.475+0000] {processor.py:183} INFO - Processing /home/airflow/.local/lib/python3.12/site-packages/airflow/example_dags/example_setup_teardown_taskflow.py took 0.250 seconds
[2026-05-19T13:34:01.660+0000] {processor.py:161} INFO - Started process (PID=454) to work on /home/airflow/.local/lib/python3.12/site-packages/airflow/example_dags/example_setup_teardown_taskflow.py
[2026-05-19T13:34:01.662+0000] {processor.py:830} INFO - Processing file /home/airflow/.local/lib/python3.12/site-packages/airflow/example_dags/example_setup_teardown_taskflow.py for tasks to queue
[2026-05-19T13:34:01.664+0000] {logging_mixin.py:188} INFO - [2026-05-19T13:34:01.664+0000] {dagbag.py:545} INFO - Filling up the DagBag from /home/airflow/.local/lib/python3.12/site-packages/airflow/example_dags/example_setup_teardown_taskflow.py
[2026-05-19T13:34:01.676+0000] {processor.py:840} INFO - DAG(s) 'example_setup_teardown_taskflow' retrieved from /home/airflow/.local/lib/python3.12/site-packages/airflow/example_dags/example_setup_teardown_taskflow.py
[2026-05-19T13:34:01.705+0000] {logging_mixin.py:188} INFO - [2026-05-19T13:34:01.704+0000] {dag.py:3096} INFO - Sync 1 DAGs
[2026-05-19T13:34:01.742+0000] {logging_mixin.py:188} INFO - [2026-05-19T13:34:01.741+0000] {dag.py:3954} INFO - Setting next_dagrun for example_setup_teardown_taskflow to 2026-05-18 00:00:00+00:00, run_after=2026-05-19 00:00:00+00:00
[2026-05-19T13:34:01.767+0000] {processor.py:183} INFO - Processing /home/airflow/.local/lib/python3.12/site-packages/airflow/example_dags/example_setup_teardown_taskflow.py took 0.113 seconds
[2026-05-19T13:34:33.148+0000] {processor.py:161} INFO - Started process (PID=513) to work on /home/airflow/.local/lib/python3.12/site-packages/airflow/example_dags/example_setup_teardown_taskflow.py
[2026-05-19T13:34:33.151+0000] {processor.py:830} INFO - Processing file /home/airflow/.local/lib/python3.12/site-packages/airflow/example_dags/example_setup_teardown_taskflow.py for tasks to queue
[2026-05-19T13:34:33.160+0000] {logging_mixin.py:188} INFO - [2026-05-19T13:34:33.159+0000] {dagbag.py:545} INFO - Filling up the DagBag from /home/airflow/.local/lib/python3.12/site-packages/airflow/example_dags/example_setup_teardown_taskflow.py
[2026-05-19T13:34:33.181+0000] {processor.py:840} INFO - DAG(s) 'example_setup_teardown_taskflow' retrieved from /home/airflow/.local/lib/python3.12/site-packages/airflow/example_dags/example_setup_teardown_taskflow.py
[2026-05-19T13:34:33.238+0000] {logging_mixin.py:188} INFO - [2026-05-19T13:34:33.237+0000] {dag.py:3096} INFO - Sync 1 DAGs
[2026-05-19T13:34:33.294+0000] {logging_mixin.py:188} INFO - [2026-05-19T13:34:33.294+0000] {dag.py:3954} INFO - Setting next_dagrun for example_setup_teardown_taskflow to 2026-05-18 00:00:00+00:00, run_after=2026-05-19 00:00:00+00:00
[2026-05-19T13:34:33.338+0000] {processor.py:183} INFO - Processing /home/airflow/.local/lib/python3.12/site-packages/airflow/example_dags/example_setup_teardown_taskflow.py took 0.212 seconds
[2026-05-19T13:35:03.548+0000] {processor.py:161} INFO - Started process (PID=572) to work on /home/airflow/.local/lib/python3.12/site-packages/airflow/example_dags/example_setup_teardown_taskflow.py
[2026-05-19T13:35:03.549+0000] {processor.py:830} INFO - Processing file /home/airflow/.local/lib/python3.12/site-packages/airflow/example_dags/example_setup_teardown_taskflow.py for tasks to queue
[2026-05-19T13:35:03.552+0000] {logging_mixin.py:188} INFO - [2026-05-19T13:35:03.551+0000] {dagbag.py:545} INFO - Filling up the DagBag from /home/airflow/.local/lib/python3.12/site-packages/airflow/example_dags/example_setup_teardown_taskflow.py
[2026-05-19T13:35:03.560+0000] {processor.py:840} INFO - DAG(s) 'example_setup_teardown_taskflow' retrieved from /home/airflow/.local/lib/python3.12/site-packages/airflow/example_dags/example_setup_teardown_taskflow.py
[2026-05-19T13:35:03.593+0000] {logging_mixin.py:188} INFO - [2026-05-19T13:35:03.593+0000] {dag.py:3096} INFO - Sync 1 DAGs
[2026-05-19T13:35:03.616+0000] {logging_mixin.py:188} INFO - [2026-05-19T13:35:03.616+0000] {dag.py:3954} INFO - Setting next_dagrun for example_setup_teardown_taskflow to 2026-05-18 00:00:00+00:00, run_after=2026-05-19 00:00:00+00:00
[2026-05-19T13:35:03.638+0000] {processor.py:183} INFO - Processing /home/airflow/.local/lib/python3.12/site-packages/airflow/example_dags/example_setup_teardown_taskflow.py took 0.098 seconds
[2026-05-19T13:35:34.296+0000] {processor.py:161} INFO - Started process (PID=631) to work on /home/airflow/.local/lib/python3.12/site-packages/airflow/example_dags/example_setup_teardown_taskflow.py
[2026-05-19T13:35:34.297+0000] {processor.py:830} INFO - Processing file /home/airflow/.local/lib/python3.12/site-packages/airflow/example_dags/example_setup_teardown_taskflow.py for tasks to queue
[2026-05-19T13:35:34.299+0000] {logging_mixin.py:188} INFO - [2026-05-19T13:35:34.299+0000] {dagbag.py:545} INFO - Filling up the DagBag from /home/airflow/.local/lib/python3.12/site-packages/airflow/example_dags/example_setup_teardown_taskflow.py
[2026-05-19T13:35:34.308+0000] {processor.py:840} INFO - DAG(s) 'example_setup_teardown_taskflow' retrieved from /home/airflow/.local/lib/python3.12/site-packages/airflow/example_dags/example_setup_teardown_taskflow.py
[2026-05-19T13:35:34.336+0000] {logging_mixin.py:188} INFO - [2026-05-19T13:35:34.335+0000] {dag.py:3096} INFO - Sync 1 DAGs
[2026-05-19T13:35:34.366+0000] {logging_mixin.py:188} INFO - [2026-05-19T13:35:34.366+0000] {dag.py:3954} INFO - Setting next_dagrun for example_setup_teardown_taskflow to 2026-05-18 00:00:00+00:00, run_after=2026-05-19 00:00:00+00:00
[2026-05-19T13:35:34.393+0000] {processor.py:183} INFO - Processing /home/airflow/.local/lib/python3.12/site-packages/airflow/example_dags/example_setup_teardown_taskflow.py took 0.102 seconds
[2026-05-19T13:36:05.272+0000] {processor.py:161} INFO - Started process (PID=690) to work on /home/airflow/.local/lib/python3.12/site-packages/airflow/example_dags/example_setup_teardown_taskflow.py
[2026-05-19T13:36:05.274+0000] {processor.py:830} INFO - Processing file /home/airflow/.local/lib/python3.12/site-packages/airflow/example_dags/example_setup_teardown_taskflow.py for tasks to queue
[2026-05-19T13:36:05.279+0000] {logging_mixin.py:188} INFO - [2026-05-19T13:36:05.278+0000] {dagbag.py:545} INFO - Filling up the DagBag from /home/airflow/.local/lib/python3.12/site-packages/airflow/example_dags/example_setup_teardown_taskflow.py
[2026-05-19T13:36:05.300+0000] {processor.py:840} INFO - DAG(s) 'example_setup_teardown_taskflow' retrieved from /home/airflow/.local/lib/python3.12/site-packages/airflow/example_dags/example_setup_teardown_taskflow.py
[2026-05-19T13:36:05.340+0000] {logging_mixin.py:188} INFO - [2026-05-19T13:36:05.340+0000] {dag.py:3096} INFO - Sync 1 DAGs
[2026-05-19T13:36:05.377+0000] {logging_mixin.py:188} INFO - [2026-05-19T13:36:05.377+0000] {dag.py:3954} INFO - Setting next_dagrun for example_setup_teardown_taskflow to 2026-05-18 00:00:00+00:00, run_after=2026-05-19 00:00:00+00:00
[2026-05-19T13:36:05.413+0000] {processor.py:183} INFO - Processing /home/airflow/.local/lib/python3.12/site-packages/airflow/example_dags/example_setup_teardown_taskflow.py took 0.149 seconds
[2026-05-19T13:36:36.341+0000] {processor.py:161} INFO - Started process (PID=749) to work on /home/airflow/.local/lib/python3.12/site-packages/airflow/example_dags/example_setup_teardown_taskflow.py
[2026-05-19T13:36:36.344+0000] {processor.py:830} INFO - Processing file /home/airflow/.local/lib/python3.12/site-packages/airflow/example_dags/example_setup_teardown_taskflow.py for tasks to queue
[2026-05-19T13:36:36.349+0000] {logging_mixin.py:188} INFO - [2026-05-19T13:36:36.348+0000] {dagbag.py:545} INFO - Filling up the DagBag from /home/airflow/.local/lib/python3.12/site-packages/airflow/example_dags/example_setup_teardown_taskflow.py
[2026-05-19T13:36:36.369+0000] {processor.py:840} INFO - DAG(s) 'example_setup_teardown_taskflow' retrieved from /home/airflow/.local/lib/python3.12/site-packages/airflow/example_dags/example_setup_teardown_taskflow.py
[2026-05-19T13:36:36.419+0000] {logging_mixin.py:188} INFO - [2026-05-19T13:36:36.418+0000] {dag.py:3096} INFO - Sync 1 DAGs
[2026-05-19T13:36:36.461+0000] {logging_mixin.py:188} INFO - [2026-05-19T13:36:36.460+0000] {dag.py:3954} INFO - Setting next_dagrun for example_setup_teardown_taskflow to 2026-05-18 00:00:00+00:00, run_after=2026-05-19 00:00:00+00:00
[2026-05-19T13:36:36.501+0000] {processor.py:183} INFO - Processing /home/airflow/.local/lib/python3.12/site-packages/airflow/example_dags/example_setup_teardown_taskflow.py took 0.171 seconds
[2026-05-19T13:37:07.326+0000] {processor.py:161} INFO - Started process (PID=808) to work on /home/airflow/.local/lib/python3.12/site-packages/airflow/example_dags/example_setup_teardown_taskflow.py
[2026-05-19T13:37:07.328+0000] {processor.py:830} INFO - Processing file /home/airflow/.local/lib/python3.12/site-packages/airflow/example_dags/example_setup_teardown_taskflow.py for tasks to queue
[2026-05-19T13:37:07.330+0000] {logging_mixin.py:188} INFO - [2026-05-19T13:37:07.330+0000] {dagbag.py:545} INFO - Filling up the DagBag from /home/airflow/.local/lib/python3.12/site-packages/airflow/example_dags/example_setup_teardown_taskflow.py
[2026-05-19T13:37:07.341+0000] {processor.py:840} INFO - DAG(s) 'example_setup_teardown_taskflow' retrieved from /home/airflow/.local/lib/python3.12/site-packages/airflow/example_dags/example_setup_teardown_taskflow.py
[2026-05-19T13:37:07.373+0000] {logging_mixin.py:188} INFO - [2026-05-19T13:37:07.373+0000] {dag.py:3096} INFO - Sync 1 DAGs
[2026-05-19T13:37:07.408+0000] {logging_mixin.py:188} INFO - [2026-05-19T13:37:07.408+0000] {dag.py:3954} INFO - Setting next_dagrun for example_setup_teardown_taskflow to 2026-05-18 00:00:00+00:00, run_after=2026-05-19 00:00:00+00:00
[2026-05-19T13:37:07.443+0000] {processor.py:183} INFO - Processing /home/airflow/.local/lib/python3.12/site-packages/airflow/example_dags/example_setup_teardown_taskflow.py took 0.123 seconds
[2026-05-19T13:37:38.468+0000] {processor.py:161} INFO - Started process (PID=867) to work on /home/airflow/.local/lib/python3.12/site-packages/airflow/example_dags/example_setup_teardown_taskflow.py
[2026-05-19T13:37:38.471+0000] {processor.py:830} INFO - Processing file /home/airflow/.local/lib/python3.12/site-packages/airflow/example_dags/example_setup_teardown_taskflow.py for tasks to queue
[2026-05-19T13:37:38.477+0000] {logging_mixin.py:188} INFO - [2026-05-19T13:37:38.476+0000] {dagbag.py:545} INFO - Filling up the DagBag from /home/airflow/.local/lib/python3.12/site-packages/airflow/example_dags/example_setup_teardown_taskflow.py
[2026-05-19T13:37:38.501+0000] {processor.py:840} INFO - DAG(s) 'example_setup_teardown_taskflow' retrieved from /home/airflow/.local/lib/python3.12/site-packages/airflow/example_dags/example_setup_teardown_taskflow.py
[2026-05-19T13:37:38.574+0000] {logging_mixin.py:188} INFO - [2026-05-19T13:37:38.573+0000] {dag.py:3096} INFO - Sync 1 DAGs
[2026-05-19T13:37:38.621+0000] {logging_mixin.py:188} INFO - [2026-05-19T13:37:38.621+0000] {dag.py:3954} INFO - Setting next_dagrun for example_setup_teardown_taskflow to 2026-05-18 00:00:00+00:00, run_after=2026-05-19 00:00:00+00:00
[2026-05-19T13:37:38.675+0000] {processor.py:183} INFO - Processing /home/airflow/.local/lib/python3.12/site-packages/airflow/example_dags/example_setup_teardown_taskflow.py took 0.221 seconds
[2026-05-19T13:38:09.373+0000] {processor.py:161} INFO - Started process (PID=926) to work on /home/airflow/.local/lib/python3.12/site-packages/airflow/example_dags/example_setup_teardown_taskflow.py
[2026-05-19T13:38:09.374+0000] {processor.py:830} INFO - Processing file /home/airflow/.local/lib/python3.12/site-packages/airflow/example_dags/example_setup_teardown_taskflow.py for tasks to queue
[2026-05-19T13:38:09.379+0000] {logging_mixin.py:188} INFO - [2026-05-19T13:38:09.378+0000] {dagbag.py:545} INFO - Filling up the DagBag from /home/airflow/.local/lib/python3.12/site-packages/airflow/example_dags/example_setup_teardown_taskflow.py
[2026-05-19T13:38:09.391+0000] {processor.py:840} INFO - DAG(s) 'example_setup_teardown_taskflow' retrieved from /home/airflow/.local/lib/python3.12/site-packages/airflow/example_dags/example_setup_teardown_taskflow.py
[2026-05-19T13:38:09.417+0000] {logging_mixin.py:188} INFO - [2026-05-19T13:38:09.417+0000] {dag.py:3096} INFO - Sync 1 DAGs
[2026-05-19T13:38:09.444+0000] {logging_mixin.py:188} INFO - [2026-05-19T13:38:09.444+0000] {dag.py:3954} INFO - Setting next_dagrun for example_setup_teardown_taskflow to 2026-05-18 00:00:00+00:00, run_after=2026-05-19 00:00:00+00:00
[2026-05-19T13:38:09.469+0000] {processor.py:183} INFO - Processing /home/airflow/.local/lib/python3.12/site-packages/airflow/example_dags/example_setup_teardown_taskflow.py took 0.102 seconds
[2026-05-19T13:38:40.098+0000] {processor.py:161} INFO - Started process (PID=986) to work on /home/airflow/.local/lib/python3.12/site-packages/airflow/example_dags/example_setup_teardown_taskflow.py
[2026-05-19T13:38:40.101+0000] {processor.py:830} INFO - Processing file /home/airflow/.local/lib/python3.12/site-packages/airflow/example_dags/example_setup_teardown_taskflow.py for tasks to queue
[2026-05-19T13:38:40.111+0000] {logging_mixin.py:188} INFO - [2026-05-19T13:38:40.109+0000] {dagbag.py:545} INFO - Filling up the DagBag from /home/airflow/.local/lib/python3.12/site-packages/airflow/example_dags/example_setup_teardown_taskflow.py
[2026-05-19T13:38:40.137+0000] {processor.py:840} INFO - DAG(s) 'example_setup_teardown_taskflow' retrieved from /home/airflow/.local/lib/python3.12/site-packages/airflow/example_dags/example_setup_teardown_taskflow.py
[2026-05-19T13:38:40.212+0000] {logging_mixin.py:188} INFO - [2026-05-19T13:38:40.212+0000] {dag.py:3096} INFO - Sync 1 DAGs
[2026-05-19T13:38:40.276+0000] {logging_mixin.py:188} INFO - [2026-05-19T13:38:40.276+0000] {dag.py:3954} INFO - Setting next_dagrun for example_setup_teardown_taskflow to 2026-05-18 00:00:00+00:00, run_after=2026-05-19 00:00:00+00:00
[2026-05-19T13:38:40.324+0000] {processor.py:183} INFO - Processing /home/airflow/.local/lib/python3.12/site-packages/airflow/example_dags/example_setup_teardown_taskflow.py took 0.254 seconds
[2026-05-19T13:39:10.420+0000] {processor.py:161} INFO - Started process (PID=1045) to work on /home/airflow/.local/lib/python3.12/site-packages/airflow/example_dags/example_setup_teardown_taskflow.py
[2026-05-19T13:39:10.423+0000] {processor.py:830} INFO - Processing file /home/airflow/.local/lib/python3.12/site-packages/airflow/example_dags/example_setup_teardown_taskflow.py for tasks to queue
[2026-05-19T13:39:10.434+0000] {logging_mixin.py:188} INFO - [2026-05-19T13:39:10.434+0000] {dagbag.py:545} INFO - Filling up the DagBag from /home/airflow/.local/lib/python3.12/site-packages/airflow/example_dags/example_setup_teardown_taskflow.py
[2026-05-19T13:39:10.453+0000] {processor.py:840} INFO - DAG(s) 'example_setup_teardown_taskflow' retrieved from /home/airflow/.local/lib/python3.12/site-packages/airflow/example_dags/example_setup_teardown_taskflow.py
[2026-05-19T13:39:10.507+0000] {logging_mixin.py:188} INFO - [2026-05-19T13:39:10.506+0000] {dag.py:3096} INFO - Sync 1 DAGs
[2026-05-19T13:39:10.550+0000] {logging_mixin.py:188} INFO - [2026-05-19T13:39:10.549+0000] {dag.py:3954} INFO - Setting next_dagrun for example_setup_teardown_taskflow to 2026-05-18 00:00:00+00:00, run_after=2026-05-19 00:00:00+00:00
[2026-05-19T13:39:10.603+0000] {processor.py:183} INFO - Processing /home/airflow/.local/lib/python3.12/site-packages/airflow/example_dags/example_setup_teardown_taskflow.py took 0.194 seconds
[2026-05-19T13:39:40.903+0000] {processor.py:161} INFO - Started process (PID=1104) to work on /home/airflow/.local/lib/python3.12/site-packages/airflow/example_dags/example_setup_teardown_taskflow.py
[2026-05-19T13:39:40.905+0000] {processor.py:830} INFO - Processing file /home/airflow/.local/lib/python3.12/site-packages/airflow/example_dags/example_setup_teardown_taskflow.py for tasks to queue
[2026-05-19T13:39:40.909+0000] {logging_mixin.py:188} INFO - [2026-05-19T13:39:40.908+0000] {dagbag.py:545} INFO - Filling up the DagBag from /home/airflow/.local/lib/python3.12/site-packages/airflow/example_dags/example_setup_teardown_taskflow.py
[2026-05-19T13:39:40.920+0000] {processor.py:840} INFO - DAG(s) 'example_setup_teardown_taskflow' retrieved from /home/airflow/.local/lib/python3.12/site-packages/airflow/example_dags/example_setup_teardown_taskflow.py
[2026-05-19T13:39:40.954+0000] {logging_mixin.py:188} INFO - [2026-05-19T13:39:40.953+0000] {dag.py:3096} INFO - Sync 1 DAGs
[2026-05-19T13:39:40.990+0000] {logging_mixin.py:188} INFO - [2026-05-19T13:39:40.989+0000] {dag.py:3954} INFO - Setting next_dagrun for example_setup_teardown_taskflow to 2026-05-18 00:00:00+00:00, run_after=2026-05-19 00:00:00+00:00
[2026-05-19T13:39:41.019+0000] {processor.py:183} INFO - Processing /home/airflow/.local/lib/python3.12/site-packages/airflow/example_dags/example_setup_teardown_taskflow.py took 0.123 seconds
[2026-05-19T13:40:11.173+0000] {processor.py:161} INFO - Started process (PID=1163) to work on /home/airflow/.local/lib/python3.12/site-packages/airflow/example_dags/example_setup_teardown_taskflow.py
[2026-05-19T13:40:11.176+0000] {processor.py:830} INFO - Processing file /home/airflow/.local/lib/python3.12/site-packages/airflow/example_dags/example_setup_teardown_taskflow.py for tasks to queue
[2026-05-19T13:40:11.179+0000] {logging_mixin.py:188} INFO - [2026-05-19T13:40:11.179+0000] {dagbag.py:545} INFO - Filling up the DagBag from /home/airflow/.local/lib/python3.12/site-packages/airflow/example_dags/example_setup_teardown_taskflow.py
[2026-05-19T13:40:11.200+0000] {processor.py:840} INFO - DAG(s) 'example_setup_teardown_taskflow' retrieved from /home/airflow/.local/lib/python3.12/site-packages/airflow/example_dags/example_setup_teardown_taskflow.py
[2026-05-19T13:40:11.266+0000] {logging_mixin.py:188} INFO - [2026-05-19T13:40:11.266+0000] {dag.py:3096} INFO - Sync 1 DAGs
[2026-05-19T13:40:11.314+0000] {logging_mixin.py:188} INFO - [2026-05-19T13:40:11.313+0000] {dag.py:3954} INFO - Setting next_dagrun for example_setup_teardown_taskflow to 2026-05-18 00:00:00+00:00, run_after=2026-05-19 00:00:00+00:00
[2026-05-19T13:40:11.358+0000] {processor.py:183} INFO - Processing /home/airflow/.local/lib/python3.12/site-packages/airflow/example_dags/example_setup_teardown_taskflow.py took 0.194 seconds
[2026-05-19T13:40:41.762+0000] {processor.py:161} INFO - Started process (PID=1222) to work on /home/airflow/.local/lib/python3.12/site-packages/airflow/example_dags/example_setup_teardown_taskflow.py
[2026-05-19T13:40:41.764+0000] {processor.py:830} INFO - Processing file /home/airflow/.local/lib/python3.12/site-packages/airflow/example_dags/example_setup_teardown_taskflow.py for tasks to queue
[2026-05-19T13:40:41.767+0000] {logging_mixin.py:188} INFO - [2026-05-19T13:40:41.767+0000] {dagbag.py:545} INFO - Filling up the DagBag from /home/airflow/.local/lib/python3.12/site-packages/airflow/example_dags/example_setup_teardown_taskflow.py
[2026-05-19T13:40:41.782+0000] {processor.py:840} INFO - DAG(s) 'example_setup_teardown_taskflow' retrieved from /home/airflow/.local/lib/python3.12/site-packages/airflow/example_dags/example_setup_teardown_taskflow.py
[2026-05-19T13:40:41.817+0000] {logging_mixin.py:188} INFO - [2026-05-19T13:40:41.817+0000] {dag.py:3096} INFO - Sync 1 DAGs
[2026-05-19T13:40:41.845+0000] {logging_mixin.py:188} INFO - [2026-05-19T13:40:41.845+0000] {dag.py:3954} INFO - Setting next_dagrun for example_setup_teardown_taskflow to 2026-05-18 00:00:00+00:00, run_after=2026-05-19 00:00:00+00:00
[2026-05-19T13:40:41.873+0000] {processor.py:183} INFO - Processing /home/airflow/.local/lib/python3.12/site-packages/airflow/example_dags/example_setup_teardown_taskflow.py took 0.118 seconds
[2026-05-19T13:41:12.144+0000] {processor.py:161} INFO - Started process (PID=1281) to work on /home/airflow/.local/lib/python3.12/site-packages/airflow/example_dags/example_setup_teardown_taskflow.py
[2026-05-19T13:41:12.146+0000] {processor.py:830} INFO - Processing file /home/airflow/.local/lib/python3.12/site-packages/airflow/example_dags/example_setup_teardown_taskflow.py for tasks to queue
[2026-05-19T13:41:12.149+0000] {logging_mixin.py:188} INFO - [2026-05-19T13:41:12.149+0000] {dagbag.py:545} INFO - Filling up the DagBag from /home/airflow/.local/lib/python3.12/site-packages/airflow/example_dags/example_setup_teardown_taskflow.py
[2026-05-19T13:41:12.159+0000] {processor.py:840} INFO - DAG(s) 'example_setup_teardown_taskflow' retrieved from /home/airflow/.local/lib/python3.12/site-packages/airflow/example_dags/example_setup_teardown_taskflow.py
[2026-05-19T13:41:12.188+0000] {logging_mixin.py:188} INFO - [2026-05-19T13:41:12.187+0000] {dag.py:3096} INFO - Sync 1 DAGs
[2026-05-19T13:41:12.216+0000] {logging_mixin.py:188} INFO - [2026-05-19T13:41:12.216+0000] {dag.py:3954} INFO - Setting next_dagrun for example_setup_teardown_taskflow to 2026-05-18 00:00:00+00:00, run_after=2026-05-19 00:00:00+00:00
[2026-05-19T13:41:12.241+0000] {processor.py:183} INFO - Processing /home/airflow/.local/lib/python3.12/site-packages/airflow/example_dags/example_setup_teardown_taskflow.py took 0.105 seconds
[2026-05-19T13:41:43.173+0000] {processor.py:161} INFO - Started process (PID=1340) to work on /home/airflow/.local/lib/python3.12/site-packages/airflow/example_dags/example_setup_teardown_taskflow.py
[2026-05-19T13:41:43.176+0000] {processor.py:830} INFO - Processing file /home/airflow/.local/lib/python3.12/site-packages/airflow/example_dags/example_setup_teardown_taskflow.py for tasks to queue
[2026-05-19T13:41:43.186+0000] {logging_mixin.py:188} INFO - [2026-05-19T13:41:43.183+0000] {dagbag.py:545} INFO - Filling up the DagBag from /home/airflow/.local/lib/python3.12/site-packages/airflow/example_dags/example_setup_teardown_taskflow.py
[2026-05-19T13:41:43.232+0000] {processor.py:840} INFO - DAG(s) 'example_setup_teardown_taskflow' retrieved from /home/airflow/.local/lib/python3.12/site-packages/airflow/example_dags/example_setup_teardown_taskflow.py
[2026-05-19T13:41:43.331+0000] {logging_mixin.py:188} INFO - [2026-05-19T13:41:43.330+0000] {dag.py:3096} INFO - Sync 1 DAGs
[2026-05-19T13:41:43.420+0000] {logging_mixin.py:188} INFO - [2026-05-19T13:41:43.420+0000] {dag.py:3954} INFO - Setting next_dagrun for example_setup_teardown_taskflow to 2026-05-18 00:00:00+00:00, run_after=2026-05-19 00:00:00+00:00
[2026-05-19T13:41:43.894+0000] {processor.py:183} INFO - Processing /home/airflow/.local/lib/python3.12/site-packages/airflow/example_dags/example_setup_teardown_taskflow.py took 0.740 seconds
[2026-05-19T13:42:14.114+0000] {processor.py:161} INFO - Started process (PID=1399) to work on /home/airflow/.local/lib/python3.12/site-packages/airflow/example_dags/example_setup_teardown_taskflow.py
[2026-05-19T13:42:14.133+0000] {processor.py:830} INFO - Processing file /home/airflow/.local/lib/python3.12/site-packages/airflow/example_dags/example_setup_teardown_taskflow.py for tasks to queue
[2026-05-19T13:42:14.152+0000] {logging_mixin.py:188} INFO - [2026-05-19T13:42:14.151+0000] {dagbag.py:545} INFO - Filling up the DagBag from /home/airflow/.local/lib/python3.12/site-packages/airflow/example_dags/example_setup_teardown_taskflow.py
[2026-05-19T13:42:14.214+0000] {processor.py:840} INFO - DAG(s) 'example_setup_teardown_taskflow' retrieved from /home/airflow/.local/lib/python3.12/site-packages/airflow/example_dags/example_setup_teardown_taskflow.py
[2026-05-19T13:42:14.307+0000] {logging_mixin.py:188} INFO - [2026-05-19T13:42:14.302+0000] {dag.py:3096} INFO - Sync 1 DAGs
[2026-05-19T13:42:14.382+0000] {logging_mixin.py:188} INFO - [2026-05-19T13:42:14.382+0000] {dag.py:3954} INFO - Setting next_dagrun for example_setup_teardown_taskflow to 2026-05-18 00:00:00+00:00, run_after=2026-05-19 00:00:00+00:00
[2026-05-19T13:42:14.441+0000] {processor.py:183} INFO - Processing /home/airflow/.local/lib/python3.12/site-packages/airflow/example_dags/example_setup_teardown_taskflow.py took 0.361 seconds
[2026-05-19T13:42:44.512+0000] {processor.py:161} INFO - Started process (PID=1464) to work on /home/airflow/.local/lib/python3.12/site-packages/airflow/example_dags/example_setup_teardown_taskflow.py
[2026-05-19T13:42:44.514+0000] {processor.py:830} INFO - Processing file /home/airflow/.local/lib/python3.12/site-packages/airflow/example_dags/example_setup_teardown_taskflow.py for tasks to queue
[2026-05-19T13:42:44.517+0000] {logging_mixin.py:188} INFO - [2026-05-19T13:42:44.517+0000] {dagbag.py:545} INFO - Filling up the DagBag from /home/airflow/.local/lib/python3.12/site-packages/airflow/example_dags/example_setup_teardown_taskflow.py
[2026-05-19T13:42:44.525+0000] {processor.py:840} INFO - DAG(s) 'example_setup_teardown_taskflow' retrieved from /home/airflow/.local/lib/python3.12/site-packages/airflow/example_dags/example_setup_teardown_taskflow.py
[2026-05-19T13:42:44.546+0000] {logging_mixin.py:188} INFO - [2026-05-19T13:42:44.545+0000] {dag.py:3096} INFO - Sync 1 DAGs
[2026-05-19T13:42:44.568+0000] {logging_mixin.py:188} INFO - [2026-05-19T13:42:44.568+0000] {dag.py:3954} INFO - Setting next_dagrun for example_setup_teardown_taskflow to 2026-05-18 00:00:00+00:00, run_after=2026-05-19 00:00:00+00:00
[2026-05-19T13:42:44.591+0000] {processor.py:183} INFO - Processing /home/airflow/.local/lib/python3.12/site-packages/airflow/example_dags/example_setup_teardown_taskflow.py took 0.085 seconds
[2026-05-19T13:43:15.382+0000] {processor.py:161} INFO - Started process (PID=1524) to work on /home/airflow/.local/lib/python3.12/site-packages/airflow/example_dags/example_setup_teardown_taskflow.py
[2026-05-19T13:43:15.385+0000] {processor.py:830} INFO - Processing file /home/airflow/.local/lib/python3.12/site-packages/airflow/example_dags/example_setup_teardown_taskflow.py for tasks to queue
[2026-05-19T13:43:15.390+0000] {logging_mixin.py:188} INFO - [2026-05-19T13:43:15.390+0000] {dagbag.py:545} INFO - Filling up the DagBag from /home/airflow/.local/lib/python3.12/site-packages/airflow/example_dags/example_setup_teardown_taskflow.py
[2026-05-19T13:43:15.417+0000] {processor.py:840} INFO - DAG(s) 'example_setup_teardown_taskflow' retrieved from /home/airflow/.local/lib/python3.12/site-packages/airflow/example_dags/example_setup_teardown_taskflow.py
[2026-05-19T13:43:15.468+0000] {logging_mixin.py:188} INFO - [2026-05-19T13:43:15.468+0000] {dag.py:3096} INFO - Sync 1 DAGs
[2026-05-19T13:43:15.530+0000] {logging_mixin.py:188} INFO - [2026-05-19T13:43:15.529+0000] {dag.py:3954} INFO - Setting next_dagrun for example_setup_teardown_taskflow to 2026-05-18 00:00:00+00:00, run_after=2026-05-19 00:00:00+00:00
[2026-05-19T13:43:15.589+0000] {processor.py:183} INFO - Processing /home/airflow/.local/lib/python3.12/site-packages/airflow/example_dags/example_setup_teardown_taskflow.py took 0.221 seconds
[2026-05-19T13:43:46.176+0000] {processor.py:161} INFO - Started process (PID=1583) to work on /home/airflow/.local/lib/python3.12/site-packages/airflow/example_dags/example_setup_teardown_taskflow.py
[2026-05-19T13:43:46.179+0000] {processor.py:830} INFO - Processing file /home/airflow/.local/lib/python3.12/site-packages/airflow/example_dags/example_setup_teardown_taskflow.py for tasks to queue
[2026-05-19T13:43:46.187+0000] {logging_mixin.py:188} INFO - [2026-05-19T13:43:46.186+0000] {dagbag.py:545} INFO - Filling up the DagBag from /home/airflow/.local/lib/python3.12/site-packages/airflow/example_dags/example_setup_teardown_taskflow.py
[2026-05-19T13:43:46.212+0000] {processor.py:840} INFO - DAG(s) 'example_setup_teardown_taskflow' retrieved from /home/airflow/.local/lib/python3.12/site-packages/airflow/example_dags/example_setup_teardown_taskflow.py
[2026-05-19T13:43:46.268+0000] {logging_mixin.py:188} INFO - [2026-05-19T13:43:46.267+0000] {dag.py:3096} INFO - Sync 1 DAGs
[2026-05-19T13:43:46.307+0000] {logging_mixin.py:188} INFO - [2026-05-19T13:43:46.307+0000] {dag.py:3954} INFO - Setting next_dagrun for example_setup_teardown_taskflow to 2026-05-18 00:00:00+00:00, run_after=2026-05-19 00:00:00+00:00
[2026-05-19T13:43:46.351+0000] {processor.py:183} INFO - Processing /home/airflow/.local/lib/python3.12/site-packages/airflow/example_dags/example_setup_teardown_taskflow.py took 0.185 seconds
[2026-05-19T13:44:17.103+0000] {processor.py:161} INFO - Started process (PID=1642) to work on /home/airflow/.local/lib/python3.12/site-packages/airflow/example_dags/example_setup_teardown_taskflow.py
[2026-05-19T13:44:17.104+0000] {processor.py:830} INFO - Processing file /home/airflow/.local/lib/python3.12/site-packages/airflow/example_dags/example_setup_teardown_taskflow.py for tasks to queue
[2026-05-19T13:44:17.106+0000] {logging_mixin.py:188} INFO - [2026-05-19T13:44:17.106+0000] {dagbag.py:545} INFO - Filling up the DagBag from /home/airflow/.local/lib/python3.12/site-packages/airflow/example_dags/example_setup_teardown_taskflow.py
[2026-05-19T13:44:17.114+0000] {processor.py:840} INFO - DAG(s) 'example_setup_teardown_taskflow' retrieved from /home/airflow/.local/lib/python3.12/site-packages/airflow/example_dags/example_setup_teardown_taskflow.py
[2026-05-19T13:44:17.142+0000] {logging_mixin.py:188} INFO - [2026-05-19T13:44:17.142+0000] {dag.py:3096} INFO - Sync 1 DAGs
[2026-05-19T13:44:17.163+0000] {logging_mixin.py:188} INFO - [2026-05-19T13:44:17.163+0000] {dag.py:3954} INFO - Setting next_dagrun for example_setup_teardown_taskflow to 2026-05-18 00:00:00+00:00, run_after=2026-05-19 00:00:00+00:00
[2026-05-19T13:44:17.180+0000] {processor.py:183} INFO - Processing /home/airflow/.local/lib/python3.12/site-packages/airflow/example_dags/example_setup_teardown_taskflow.py took 0.083 seconds
[2026-05-19T13:44:47.316+0000] {processor.py:161} INFO - Started process (PID=1701) to work on /home/airflow/.local/lib/python3.12/site-packages/airflow/example_dags/example_setup_teardown_taskflow.py
[2026-05-19T13:44:47.317+0000] {processor.py:830} INFO - Processing file /home/airflow/.local/lib/python3.12/site-packages/airflow/example_dags/example_setup_teardown_taskflow.py for tasks to queue
[2026-05-19T13:44:47.319+0000] {logging_mixin.py:188} INFO - [2026-05-19T13:44:47.318+0000] {dagbag.py:545} INFO - Filling up the DagBag from /home/airflow/.local/lib/python3.12/site-packages/airflow/example_dags/example_setup_teardown_taskflow.py
[2026-05-19T13:44:47.329+0000] {processor.py:840} INFO - DAG(s) 'example_setup_teardown_taskflow' retrieved from /home/airflow/.local/lib/python3.12/site-packages/airflow/example_dags/example_setup_teardown_taskflow.py
[2026-05-19T13:44:47.351+0000] {logging_mixin.py:188} INFO - [2026-05-19T13:44:47.351+0000] {dag.py:3096} INFO - Sync 1 DAGs
[2026-05-19T13:44:47.375+0000] {logging_mixin.py:188} INFO - [2026-05-19T13:44:47.375+0000] {dag.py:3954} INFO - Setting next_dagrun for example_setup_teardown_taskflow to 2026-05-18 00:00:00+00:00, run_after=2026-05-19 00:00:00+00:00
[2026-05-19T13:44:47.393+0000] {processor.py:183} INFO - Processing /home/airflow/.local/lib/python3.12/site-packages/airflow/example_dags/example_setup_teardown_taskflow.py took 0.084 seconds
[2026-05-19T13:45:17.875+0000] {processor.py:161} INFO - Started process (PID=1760) to work on /home/airflow/.local/lib/python3.12/site-packages/airflow/example_dags/example_setup_teardown_taskflow.py
[2026-05-19T13:45:17.877+0000] {processor.py:830} INFO - Processing file /home/airflow/.local/lib/python3.12/site-packages/airflow/example_dags/example_setup_teardown_taskflow.py for tasks to queue
[2026-05-19T13:45:17.880+0000] {logging_mixin.py:188} INFO - [2026-05-19T13:45:17.879+0000] {dagbag.py:545} INFO - Filling up the DagBag from /home/airflow/.local/lib/python3.12/site-packages/airflow/example_dags/example_setup_teardown_taskflow.py
[2026-05-19T13:45:17.905+0000] {processor.py:840} INFO - DAG(s) 'example_setup_teardown_taskflow' retrieved from /home/airflow/.local/lib/python3.12/site-packages/airflow/example_dags/example_setup_teardown_taskflow.py
[2026-05-19T13:45:17.942+0000] {logging_mixin.py:188} INFO - [2026-05-19T13:45:17.941+0000] {dag.py:3096} INFO - Sync 1 DAGs
[2026-05-19T13:45:17.970+0000] {logging_mixin.py:188} INFO - [2026-05-19T13:45:17.970+0000] {dag.py:3954} INFO - Setting next_dagrun for example_setup_teardown_taskflow to 2026-05-18 00:00:00+00:00, run_after=2026-05-19 00:00:00+00:00
[2026-05-19T13:45:18.002+0000] {processor.py:183} INFO - Processing /home/airflow/.local/lib/python3.12/site-packages/airflow/example_dags/example_setup_teardown_taskflow.py took 0.135 seconds
[2026-05-19T13:45:48.612+0000] {processor.py:161} INFO - Started process (PID=1819) to work on /home/airflow/.local/lib/python3.12/site-packages/airflow/example_dags/example_setup_teardown_taskflow.py
[2026-05-19T13:45:48.614+0000] {processor.py:830} INFO - Processing file /home/airflow/.local/lib/python3.12/site-packages/airflow/example_dags/example_setup_teardown_taskflow.py for tasks to queue
[2026-05-19T13:45:48.616+0000] {logging_mixin.py:188} INFO - [2026-05-19T13:45:48.616+0000] {dagbag.py:545} INFO - Filling up the DagBag from /home/airflow/.local/lib/python3.12/site-packages/airflow/example_dags/example_setup_teardown_taskflow.py
[2026-05-19T13:45:48.630+0000] {processor.py:840} INFO - DAG(s) 'example_setup_teardown_taskflow' retrieved from /home/airflow/.local/lib/python3.12/site-packages/airflow/example_dags/example_setup_teardown_taskflow.py
[2026-05-19T13:45:48.655+0000] {logging_mixin.py:188} INFO - [2026-05-19T13:45:48.655+0000] {dag.py:3096} INFO - Sync 1 DAGs
[2026-05-19T13:45:48.674+0000] {logging_mixin.py:188} INFO - [2026-05-19T13:45:48.674+0000] {dag.py:3954} INFO - Setting next_dagrun for example_setup_teardown_taskflow to 2026-05-18 00:00:00+00:00, run_after=2026-05-19 00:00:00+00:00
[2026-05-19T13:45:48.699+0000] {processor.py:183} INFO - Processing /home/airflow/.local/lib/python3.12/site-packages/airflow/example_dags/example_setup_teardown_taskflow.py took 0.094 seconds
[2026-05-19T13:46:19.117+0000] {processor.py:161} INFO - Started process (PID=1879) to work on /home/airflow/.local/lib/python3.12/site-packages/airflow/example_dags/example_setup_teardown_taskflow.py
[2026-05-19T13:46:19.119+0000] {processor.py:830} INFO - Processing file /home/airflow/.local/lib/python3.12/site-packages/airflow/example_dags/example_setup_teardown_taskflow.py for tasks to queue
[2026-05-19T13:46:19.122+0000] {logging_mixin.py:188} INFO - [2026-05-19T13:46:19.122+0000] {dagbag.py:545} INFO - Filling up the DagBag from /home/airflow/.local/lib/python3.12/site-packages/airflow/example_dags/example_setup_teardown_taskflow.py
[2026-05-19T13:46:19.130+0000] {processor.py:840} INFO - DAG(s) 'example_setup_teardown_taskflow' retrieved from /home/airflow/.local/lib/python3.12/site-packages/airflow/example_dags/example_setup_teardown_taskflow.py
[2026-05-19T13:46:19.152+0000] {logging_mixin.py:188} INFO - [2026-05-19T13:46:19.152+0000] {dag.py:3096} INFO - Sync 1 DAGs
[2026-05-19T13:46:19.176+0000] {logging_mixin.py:188} INFO - [2026-05-19T13:46:19.176+0000] {dag.py:3954} INFO - Setting next_dagrun for example_setup_teardown_taskflow to 2026-05-18 00:00:00+00:00, run_after=2026-05-19 00:00:00+00:00
[2026-05-19T13:46:19.199+0000] {processor.py:183} INFO - Processing /home/airflow/.local/lib/python3.12/site-packages/airflow/example_dags/example_setup_teardown_taskflow.py took 0.091 seconds
[2026-05-19T13:46:49.499+0000] {processor.py:161} INFO - Started process (PID=1938) to work on /home/airflow/.local/lib/python3.12/site-packages/airflow/example_dags/example_setup_teardown_taskflow.py
[2026-05-19T13:46:49.501+0000] {processor.py:830} INFO - Processing file /home/airflow/.local/lib/python3.12/site-packages/airflow/example_dags/example_setup_teardown_taskflow.py for tasks to queue
[2026-05-19T13:46:49.504+0000] {logging_mixin.py:188} INFO - [2026-05-19T13:46:49.504+0000] {dagbag.py:545} INFO - Filling up the DagBag from /home/airflow/.local/lib/python3.12/site-packages/airflow/example_dags/example_setup_teardown_taskflow.py
[2026-05-19T13:46:49.518+0000] {processor.py:840} INFO - DAG(s) 'example_setup_teardown_taskflow' retrieved from /home/airflow/.local/lib/python3.12/site-packages/airflow/example_dags/example_setup_teardown_taskflow.py
[2026-05-19T13:46:49.557+0000] {logging_mixin.py:188} INFO - [2026-05-19T13:46:49.556+0000] {dag.py:3096} INFO - Sync 1 DAGs
[2026-05-19T13:46:49.591+0000] {logging_mixin.py:188} INFO - [2026-05-19T13:46:49.590+0000] {dag.py:3954} INFO - Setting next_dagrun for example_setup_teardown_taskflow to 2026-05-18 00:00:00+00:00, run_after=2026-05-19 00:00:00+00:00
[2026-05-19T13:46:49.627+0000] {processor.py:183} INFO - Processing /home/airflow/.local/lib/python3.12/site-packages/airflow/example_dags/example_setup_teardown_taskflow.py took 0.137 seconds
[2026-05-19T13:47:20.162+0000] {processor.py:161} INFO - Started process (PID=1997) to work on /home/airflow/.local/lib/python3.12/site-packages/airflow/example_dags/example_setup_teardown_taskflow.py
[2026-05-19T13:47:20.163+0000] {processor.py:830} INFO - Processing file /home/airflow/.local/lib/python3.12/site-packages/airflow/example_dags/example_setup_teardown_taskflow.py for tasks to queue
[2026-05-19T13:47:20.165+0000] {logging_mixin.py:188} INFO - [2026-05-19T13:47:20.165+0000] {dagbag.py:545} INFO - Filling up the DagBag from /home/airflow/.local/lib/python3.12/site-packages/airflow/example_dags/example_setup_teardown_taskflow.py
[2026-05-19T13:47:20.175+0000] {processor.py:840} INFO - DAG(s) 'example_setup_teardown_taskflow' retrieved from /home/airflow/.local/lib/python3.12/site-packages/airflow/example_dags/example_setup_teardown_taskflow.py
[2026-05-19T13:47:20.200+0000] {logging_mixin.py:188} INFO - [2026-05-19T13:47:20.199+0000] {dag.py:3096} INFO - Sync 1 DAGs
[2026-05-19T13:47:20.227+0000] {logging_mixin.py:188} INFO - [2026-05-19T13:47:20.226+0000] {dag.py:3954} INFO - Setting next_dagrun for example_setup_teardown_taskflow to 2026-05-18 00:00:00+00:00, run_after=2026-05-19 00:00:00+00:00
[2026-05-19T13:47:20.259+0000] {processor.py:183} INFO - Processing /home/airflow/.local/lib/python3.12/site-packages/airflow/example_dags/example_setup_teardown_taskflow.py took 0.106 seconds
[2026-05-19T13:47:50.663+0000] {processor.py:161} INFO - Started process (PID=2056) to work on /home/airflow/.local/lib/python3.12/site-packages/airflow/example_dags/example_setup_teardown_taskflow.py
[2026-05-19T13:47:50.664+0000] {processor.py:830} INFO - Processing file /home/airflow/.local/lib/python3.12/site-packages/airflow/example_dags/example_setup_teardown_taskflow.py for tasks to queue
[2026-05-19T13:47:50.667+0000] {logging_mixin.py:188} INFO - [2026-05-19T13:47:50.666+0000] {dagbag.py:545} INFO - Filling up the DagBag from /home/airflow/.local/lib/python3.12/site-packages/airflow/example_dags/example_setup_teardown_taskflow.py
[2026-05-19T13:47:50.677+0000] {processor.py:840} INFO - DAG(s) 'example_setup_teardown_taskflow' retrieved from /home/airflow/.local/lib/python3.12/site-packages/airflow/example_dags/example_setup_teardown_taskflow.py
[2026-05-19T13:47:50.705+0000] {logging_mixin.py:188} INFO - [2026-05-19T13:47:50.705+0000] {dag.py:3096} INFO - Sync 1 DAGs
[2026-05-19T13:47:50.731+0000] {logging_mixin.py:188} INFO - [2026-05-19T13:47:50.730+0000] {dag.py:3954} INFO - Setting next_dagrun for example_setup_teardown_taskflow to 2026-05-18 00:00:00+00:00, run_after=2026-05-19 00:00:00+00:00
[2026-05-19T13:47:50.778+0000] {processor.py:183} INFO - Processing /home/airflow/.local/lib/python3.12/site-packages/airflow/example_dags/example_setup_teardown_taskflow.py took 0.121 seconds
[2026-05-19T13:48:21.068+0000] {processor.py:161} INFO - Started process (PID=2115) to work on /home/airflow/.local/lib/python3.12/site-packages/airflow/example_dags/example_setup_teardown_taskflow.py
[2026-05-19T13:48:21.069+0000] {processor.py:830} INFO - Processing file /home/airflow/.local/lib/python3.12/site-packages/airflow/example_dags/example_setup_teardown_taskflow.py for tasks to queue
[2026-05-19T13:48:21.072+0000] {logging_mixin.py:188} INFO - [2026-05-19T13:48:21.072+0000] {dagbag.py:545} INFO - Filling up the DagBag from /home/airflow/.local/lib/python3.12/site-packages/airflow/example_dags/example_setup_teardown_taskflow.py
[2026-05-19T13:48:21.087+0000] {processor.py:840} INFO - DAG(s) 'example_setup_teardown_taskflow' retrieved from /home/airflow/.local/lib/python3.12/site-packages/airflow/example_dags/example_setup_teardown_taskflow.py
[2026-05-19T13:48:21.129+0000] {logging_mixin.py:188} INFO - [2026-05-19T13:48:21.128+0000] {dag.py:3096} INFO - Sync 1 DAGs
[2026-05-19T13:48:21.176+0000] {logging_mixin.py:188} INFO - [2026-05-19T13:48:21.176+0000] {dag.py:3954} INFO - Setting next_dagrun for example_setup_teardown_taskflow to 2026-05-18 00:00:00+00:00, run_after=2026-05-19 00:00:00+00:00
[2026-05-19T13:48:21.204+0000] {processor.py:183} INFO - Processing /home/airflow/.local/lib/python3.12/site-packages/airflow/example_dags/example_setup_teardown_taskflow.py took 0.145 seconds
[2026-05-19T13:48:51.710+0000] {processor.py:161} INFO - Started process (PID=2174) to work on /home/airflow/.local/lib/python3.12/site-packages/airflow/example_dags/example_setup_teardown_taskflow.py
[2026-05-19T13:48:51.711+0000] {processor.py:830} INFO - Processing file /home/airflow/.local/lib/python3.12/site-packages/airflow/example_dags/example_setup_teardown_taskflow.py for tasks to queue
[2026-05-19T13:48:51.715+0000] {logging_mixin.py:188} INFO - [2026-05-19T13:48:51.715+0000] {dagbag.py:545} INFO - Filling up the DagBag from /home/airflow/.local/lib/python3.12/site-packages/airflow/example_dags/example_setup_teardown_taskflow.py
[2026-05-19T13:48:51.739+0000] {processor.py:840} INFO - DAG(s) 'example_setup_teardown_taskflow' retrieved from /home/airflow/.local/lib/python3.12/site-packages/airflow/example_dags/example_setup_teardown_taskflow.py
[2026-05-19T13:48:51.783+0000] {logging_mixin.py:188} INFO - [2026-05-19T13:48:51.783+0000] {dag.py:3096} INFO - Sync 1 DAGs
[2026-05-19T13:48:51.823+0000] {logging_mixin.py:188} INFO - [2026-05-19T13:48:51.822+0000] {dag.py:3954} INFO - Setting next_dagrun for example_setup_teardown_taskflow to 2026-05-18 00:00:00+00:00, run_after=2026-05-19 00:00:00+00:00
[2026-05-19T13:48:51.860+0000] {processor.py:183} INFO - Processing /home/airflow/.local/lib/python3.12/site-packages/airflow/example_dags/example_setup_teardown_taskflow.py took 0.159 seconds
[2026-05-19T13:49:22.806+0000] {processor.py:161} INFO - Started process (PID=2233) to work on /home/airflow/.local/lib/python3.12/site-packages/airflow/example_dags/example_setup_teardown_taskflow.py
[2026-05-19T13:49:22.808+0000] {processor.py:830} INFO - Processing file /home/airflow/.local/lib/python3.12/site-packages/airflow/example_dags/example_setup_teardown_taskflow.py for tasks to queue
[2026-05-19T13:49:22.815+0000] {logging_mixin.py:188} INFO - [2026-05-19T13:49:22.814+0000] {dagbag.py:545} INFO - Filling up the DagBag from /home/airflow/.local/lib/python3.12/site-packages/airflow/example_dags/example_setup_teardown_taskflow.py
[2026-05-19T13:49:22.842+0000] {processor.py:840} INFO - DAG(s) 'example_setup_teardown_taskflow' retrieved from /home/airflow/.local/lib/python3.12/site-packages/airflow/example_dags/example_setup_teardown_taskflow.py
[2026-05-19T13:49:22.920+0000] {logging_mixin.py:188} INFO - [2026-05-19T13:49:22.919+0000] {dag.py:3096} INFO - Sync 1 DAGs
[2026-05-19T13:49:23.016+0000] {logging_mixin.py:188} INFO - [2026-05-19T13:49:23.015+0000] {dag.py:3954} INFO - Setting next_dagrun for example_setup_teardown_taskflow to 2026-05-18 00:00:00+00:00, run_after=2026-05-19 00:00:00+00:00
[2026-05-19T13:49:23.094+0000] {processor.py:183} INFO - Processing /home/airflow/.local/lib/python3.12/site-packages/airflow/example_dags/example_setup_teardown_taskflow.py took 0.300 seconds
[2026-05-19T13:49:53.968+0000] {processor.py:161} INFO - Started process (PID=2292) to work on /home/airflow/.local/lib/python3.12/site-packages/airflow/example_dags/example_setup_teardown_taskflow.py
[2026-05-19T13:49:53.970+0000] {processor.py:830} INFO - Processing file /home/airflow/.local/lib/python3.12/site-packages/airflow/example_dags/example_setup_teardown_taskflow.py for tasks to queue
[2026-05-19T13:49:53.973+0000] {logging_mixin.py:188} INFO - [2026-05-19T13:49:53.973+0000] {dagbag.py:545} INFO - Filling up the DagBag from /home/airflow/.local/lib/python3.12/site-packages/airflow/example_dags/example_setup_teardown_taskflow.py
[2026-05-19T13:49:53.991+0000] {processor.py:840} INFO - DAG(s) 'example_setup_teardown_taskflow' retrieved from /home/airflow/.local/lib/python3.12/site-packages/airflow/example_dags/example_setup_teardown_taskflow.py
[2026-05-19T13:49:54.028+0000] {logging_mixin.py:188} INFO - [2026-05-19T13:49:54.027+0000] {dag.py:3096} INFO - Sync 1 DAGs
[2026-05-19T13:49:54.064+0000] {logging_mixin.py:188} INFO - [2026-05-19T13:49:54.063+0000] {dag.py:3954} INFO - Setting next_dagrun for example_setup_teardown_taskflow to 2026-05-18 00:00:00+00:00, run_after=2026-05-19 00:00:00+00:00
[2026-05-19T13:49:54.098+0000] {processor.py:183} INFO - Processing /home/airflow/.local/lib/python3.12/site-packages/airflow/example_dags/example_setup_teardown_taskflow.py took 0.140 seconds
[2026-05-19T13:50:24.389+0000] {processor.py:161} INFO - Started process (PID=2351) to work on /home/airflow/.local/lib/python3.12/site-packages/airflow/example_dags/example_setup_teardown_taskflow.py
[2026-05-19T13:50:24.391+0000] {processor.py:830} INFO - Processing file /home/airflow/.local/lib/python3.12/site-packages/airflow/example_dags/example_setup_teardown_taskflow.py for tasks to queue
[2026-05-19T13:50:24.394+0000] {logging_mixin.py:188} INFO - [2026-05-19T13:50:24.393+0000] {dagbag.py:545} INFO - Filling up the DagBag from /home/airflow/.local/lib/python3.12/site-packages/airflow/example_dags/example_setup_teardown_taskflow.py
[2026-05-19T13:50:24.406+0000] {processor.py:840} INFO - DAG(s) 'example_setup_teardown_taskflow' retrieved from /home/airflow/.local/lib/python3.12/site-packages/airflow/example_dags/example_setup_teardown_taskflow.py
[2026-05-19T13:50:24.436+0000] {logging_mixin.py:188} INFO - [2026-05-19T13:50:24.436+0000] {dag.py:3096} INFO - Sync 1 DAGs
[2026-05-19T13:50:24.460+0000] {logging_mixin.py:188} INFO - [2026-05-19T13:50:24.459+0000] {dag.py:3954} INFO - Setting next_dagrun for example_setup_teardown_taskflow to 2026-05-18 00:00:00+00:00, run_after=2026-05-19 00:00:00+00:00
[2026-05-19T13:50:24.493+0000] {processor.py:183} INFO - Processing /home/airflow/.local/lib/python3.12/site-packages/airflow/example_dags/example_setup_teardown_taskflow.py took 0.110 seconds
[2026-05-19T13:50:55.184+0000] {processor.py:161} INFO - Started process (PID=2410) to work on /home/airflow/.local/lib/python3.12/site-packages/airflow/example_dags/example_setup_teardown_taskflow.py
[2026-05-19T13:50:55.186+0000] {processor.py:830} INFO - Processing file /home/airflow/.local/lib/python3.12/site-packages/airflow/example_dags/example_setup_teardown_taskflow.py for tasks to queue
[2026-05-19T13:50:55.189+0000] {logging_mixin.py:188} INFO - [2026-05-19T13:50:55.188+0000] {dagbag.py:545} INFO - Filling up the DagBag from /home/airflow/.local/lib/python3.12/site-packages/airflow/example_dags/example_setup_teardown_taskflow.py
[2026-05-19T13:50:55.199+0000] {processor.py:840} INFO - DAG(s) 'example_setup_teardown_taskflow' retrieved from /home/airflow/.local/lib/python3.12/site-packages/airflow/example_dags/example_setup_teardown_taskflow.py
[2026-05-19T13:50:55.227+0000] {logging_mixin.py:188} INFO - [2026-05-19T13:50:55.227+0000] {dag.py:3096} INFO - Sync 1 DAGs
[2026-05-19T13:50:55.259+0000] {logging_mixin.py:188} INFO - [2026-05-19T13:50:55.258+0000] {dag.py:3954} INFO - Setting next_dagrun for example_setup_teardown_taskflow to 2026-05-18 00:00:00+00:00, run_after=2026-05-19 00:00:00+00:00
[2026-05-19T13:50:55.289+0000] {processor.py:183} INFO - Processing /home/airflow/.local/lib/python3.12/site-packages/airflow/example_dags/example_setup_teardown_taskflow.py took 0.111 seconds
[2026-05-19T13:51:25.502+0000] {processor.py:161} INFO - Started process (PID=2469) to work on /home/airflow/.local/lib/python3.12/site-packages/airflow/example_dags/example_setup_teardown_taskflow.py
[2026-05-19T13:51:25.504+0000] {processor.py:830} INFO - Processing file /home/airflow/.local/lib/python3.12/site-packages/airflow/example_dags/example_setup_teardown_taskflow.py for tasks to queue
[2026-05-19T13:51:25.508+0000] {logging_mixin.py:188} INFO - [2026-05-19T13:51:25.508+0000] {dagbag.py:545} INFO - Filling up the DagBag from /home/airflow/.local/lib/python3.12/site-packages/airflow/example_dags/example_setup_teardown_taskflow.py
[2026-05-19T13:51:25.521+0000] {processor.py:840} INFO - DAG(s) 'example_setup_teardown_taskflow' retrieved from /home/airflow/.local/lib/python3.12/site-packages/airflow/example_dags/example_setup_teardown_taskflow.py
[2026-05-19T13:51:25.549+0000] {logging_mixin.py:188} INFO - [2026-05-19T13:51:25.549+0000] {dag.py:3096} INFO - Sync 1 DAGs
[2026-05-19T13:51:25.577+0000] {logging_mixin.py:188} INFO - [2026-05-19T13:51:25.577+0000] {dag.py:3954} INFO - Setting next_dagrun for example_setup_teardown_taskflow to 2026-05-18 00:00:00+00:00, run_after=2026-05-19 00:00:00+00:00
[2026-05-19T13:51:25.608+0000] {processor.py:183} INFO - Processing /home/airflow/.local/lib/python3.12/site-packages/airflow/example_dags/example_setup_teardown_taskflow.py took 0.113 seconds
[2026-05-19T13:51:56.123+0000] {processor.py:161} INFO - Started process (PID=2528) to work on /home/airflow/.local/lib/python3.12/site-packages/airflow/example_dags/example_setup_teardown_taskflow.py
[2026-05-19T13:51:56.125+0000] {processor.py:830} INFO - Processing file /home/airflow/.local/lib/python3.12/site-packages/airflow/example_dags/example_setup_teardown_taskflow.py for tasks to queue
[2026-05-19T13:51:56.129+0000] {logging_mixin.py:188} INFO - [2026-05-19T13:51:56.129+0000] {dagbag.py:545} INFO - Filling up the DagBag from /home/airflow/.local/lib/python3.12/site-packages/airflow/example_dags/example_setup_teardown_taskflow.py
[2026-05-19T13:51:56.146+0000] {processor.py:840} INFO - DAG(s) 'example_setup_teardown_taskflow' retrieved from /home/airflow/.local/lib/python3.12/site-packages/airflow/example_dags/example_setup_teardown_taskflow.py
[2026-05-19T13:51:56.175+0000] {logging_mixin.py:188} INFO - [2026-05-19T13:51:56.174+0000] {dag.py:3096} INFO - Sync 1 DAGs
[2026-05-19T13:51:56.218+0000] {logging_mixin.py:188} INFO - [2026-05-19T13:51:56.218+0000] {dag.py:3954} INFO - Setting next_dagrun for example_setup_teardown_taskflow to 2026-05-18 00:00:00+00:00, run_after=2026-05-19 00:00:00+00:00
[2026-05-19T13:51:56.251+0000] {processor.py:183} INFO - Processing /home/airflow/.local/lib/python3.12/site-packages/airflow/example_dags/example_setup_teardown_taskflow.py took 0.134 seconds
[2026-05-19T13:52:26.363+0000] {processor.py:161} INFO - Started process (PID=2587) to work on /home/airflow/.local/lib/python3.12/site-packages/airflow/example_dags/example_setup_teardown_taskflow.py
[2026-05-19T13:52:26.364+0000] {processor.py:830} INFO - Processing file /home/airflow/.local/lib/python3.12/site-packages/airflow/example_dags/example_setup_teardown_taskflow.py for tasks to queue
[2026-05-19T13:52:26.368+0000] {logging_mixin.py:188} INFO - [2026-05-19T13:52:26.367+0000] {dagbag.py:545} INFO - Filling up the DagBag from /home/airflow/.local/lib/python3.12/site-packages/airflow/example_dags/example_setup_teardown_taskflow.py
[2026-05-19T13:52:26.381+0000] {processor.py:840} INFO - DAG(s) 'example_setup_teardown_taskflow' retrieved from /home/airflow/.local/lib/python3.12/site-packages/airflow/example_dags/example_setup_teardown_taskflow.py
[2026-05-19T13:52:26.424+0000] {logging_mixin.py:188} INFO - [2026-05-19T13:52:26.424+0000] {dag.py:3096} INFO - Sync 1 DAGs
[2026-05-19T13:52:26.463+0000] {logging_mixin.py:188} INFO - [2026-05-19T13:52:26.463+0000] {dag.py:3954} INFO - Setting next_dagrun for example_setup_teardown_taskflow to 2026-05-18 00:00:00+00:00, run_after=2026-05-19 00:00:00+00:00
[2026-05-19T13:52:26.508+0000] {processor.py:183} INFO - Processing /home/airflow/.local/lib/python3.12/site-packages/airflow/example_dags/example_setup_teardown_taskflow.py took 0.153 seconds
[2026-05-19T13:52:56.572+0000] {processor.py:161} INFO - Started process (PID=2646) to work on /home/airflow/.local/lib/python3.12/site-packages/airflow/example_dags/example_setup_teardown_taskflow.py
[2026-05-19T13:52:56.574+0000] {processor.py:830} INFO - Processing file /home/airflow/.local/lib/python3.12/site-packages/airflow/example_dags/example_setup_teardown_taskflow.py for tasks to queue
[2026-05-19T13:52:56.577+0000] {logging_mixin.py:188} INFO - [2026-05-19T13:52:56.577+0000] {dagbag.py:545} INFO - Filling up the DagBag from /home/airflow/.local/lib/python3.12/site-packages/airflow/example_dags/example_setup_teardown_taskflow.py
[2026-05-19T13:52:56.587+0000] {processor.py:840} INFO - DAG(s) 'example_setup_teardown_taskflow' retrieved from /home/airflow/.local/lib/python3.12/site-packages/airflow/example_dags/example_setup_teardown_taskflow.py
[2026-05-19T13:52:56.624+0000] {logging_mixin.py:188} INFO - [2026-05-19T13:52:56.624+0000] {dag.py:3096} INFO - Sync 1 DAGs
[2026-05-19T13:52:56.659+0000] {logging_mixin.py:188} INFO - [2026-05-19T13:52:56.659+0000] {dag.py:3954} INFO - Setting next_dagrun for example_setup_teardown_taskflow to 2026-05-18 00:00:00+00:00, run_after=2026-05-19 00:00:00+00:00
[2026-05-19T13:52:56.699+0000] {processor.py:183} INFO - Processing /home/airflow/.local/lib/python3.12/site-packages/airflow/example_dags/example_setup_teardown_taskflow.py took 0.132 seconds
[2026-05-19T13:53:27.048+0000] {processor.py:161} INFO - Started process (PID=2705) to work on /home/airflow/.local/lib/python3.12/site-packages/airflow/example_dags/example_setup_teardown_taskflow.py
[2026-05-19T13:53:27.050+0000] {processor.py:830} INFO - Processing file /home/airflow/.local/lib/python3.12/site-packages/airflow/example_dags/example_setup_teardown_taskflow.py for tasks to queue
[2026-05-19T13:53:27.052+0000] {logging_mixin.py:188} INFO - [2026-05-19T13:53:27.052+0000] {dagbag.py:545} INFO - Filling up the DagBag from /home/airflow/.local/lib/python3.12/site-packages/airflow/example_dags/example_setup_teardown_taskflow.py
[2026-05-19T13:53:27.062+0000] {processor.py:840} INFO - DAG(s) 'example_setup_teardown_taskflow' retrieved from /home/airflow/.local/lib/python3.12/site-packages/airflow/example_dags/example_setup_teardown_taskflow.py
[2026-05-19T13:53:27.099+0000] {logging_mixin.py:188} INFO - [2026-05-19T13:53:27.099+0000] {dag.py:3096} INFO - Sync 1 DAGs
[2026-05-19T13:53:27.124+0000] {logging_mixin.py:188} INFO - [2026-05-19T13:53:27.124+0000] {dag.py:3954} INFO - Setting next_dagrun for example_setup_teardown_taskflow to 2026-05-18 00:00:00+00:00, run_after=2026-05-19 00:00:00+00:00
[2026-05-19T13:53:27.157+0000] {processor.py:183} INFO - Processing /home/airflow/.local/lib/python3.12/site-packages/airflow/example_dags/example_setup_teardown_taskflow.py took 0.114 seconds
[2026-05-19T13:53:57.611+0000] {processor.py:161} INFO - Started process (PID=2764) to work on /home/airflow/.local/lib/python3.12/site-packages/airflow/example_dags/example_setup_teardown_taskflow.py
[2026-05-19T13:53:57.613+0000] {processor.py:830} INFO - Processing file /home/airflow/.local/lib/python3.12/site-packages/airflow/example_dags/example_setup_teardown_taskflow.py for tasks to queue
[2026-05-19T13:53:57.616+0000] {logging_mixin.py:188} INFO - [2026-05-19T13:53:57.615+0000] {dagbag.py:545} INFO - Filling up the DagBag from /home/airflow/.local/lib/python3.12/site-packages/airflow/example_dags/example_setup_teardown_taskflow.py
[2026-05-19T13:53:57.629+0000] {processor.py:840} INFO - DAG(s) 'example_setup_teardown_taskflow' retrieved from /home/airflow/.local/lib/python3.12/site-packages/airflow/example_dags/example_setup_teardown_taskflow.py
[2026-05-19T13:53:57.656+0000] {logging_mixin.py:188} INFO - [2026-05-19T13:53:57.656+0000] {dag.py:3096} INFO - Sync 1 DAGs
[2026-05-19T13:53:57.686+0000] {logging_mixin.py:188} INFO - [2026-05-19T13:53:57.686+0000] {dag.py:3954} INFO - Setting next_dagrun for example_setup_teardown_taskflow to 2026-05-18 00:00:00+00:00, run_after=2026-05-19 00:00:00+00:00
[2026-05-19T13:53:57.722+0000] {processor.py:183} INFO - Processing /home/airflow/.local/lib/python3.12/site-packages/airflow/example_dags/example_setup_teardown_taskflow.py took 0.116 seconds
[2026-05-19T13:54:28.232+0000] {processor.py:161} INFO - Started process (PID=2823) to work on /home/airflow/.local/lib/python3.12/site-packages/airflow/example_dags/example_setup_teardown_taskflow.py
[2026-05-19T13:54:28.235+0000] {processor.py:830} INFO - Processing file /home/airflow/.local/lib/python3.12/site-packages/airflow/example_dags/example_setup_teardown_taskflow.py for tasks to queue
[2026-05-19T13:54:28.240+0000] {logging_mixin.py:188} INFO - [2026-05-19T13:54:28.239+0000] {dagbag.py:545} INFO - Filling up the DagBag from /home/airflow/.local/lib/python3.12/site-packages/airflow/example_dags/example_setup_teardown_taskflow.py
[2026-05-19T13:54:28.258+0000] {processor.py:840} INFO - DAG(s) 'example_setup_teardown_taskflow' retrieved from /home/airflow/.local/lib/python3.12/site-packages/airflow/example_dags/example_setup_teardown_taskflow.py
[2026-05-19T13:54:28.293+0000] {logging_mixin.py:188} INFO - [2026-05-19T13:54:28.293+0000] {dag.py:3096} INFO - Sync 1 DAGs
[2026-05-19T13:54:28.333+0000] {logging_mixin.py:188} INFO - [2026-05-19T13:54:28.333+0000] {dag.py:3954} INFO - Setting next_dagrun for example_setup_teardown_taskflow to 2026-05-18 00:00:00+00:00, run_after=2026-05-19 00:00:00+00:00
[2026-05-19T13:54:28.366+0000] {processor.py:183} INFO - Processing /home/airflow/.local/lib/python3.12/site-packages/airflow/example_dags/example_setup_teardown_taskflow.py took 0.144 seconds
[2026-05-19T13:54:59.163+0000] {processor.py:161} INFO - Started process (PID=2882) to work on /home/airflow/.local/lib/python3.12/site-packages/airflow/example_dags/example_setup_teardown_taskflow.py
[2026-05-19T13:54:59.165+0000] {processor.py:830} INFO - Processing file /home/airflow/.local/lib/python3.12/site-packages/airflow/example_dags/example_setup_teardown_taskflow.py for tasks to queue
[2026-05-19T13:54:59.167+0000] {logging_mixin.py:188} INFO - [2026-05-19T13:54:59.167+0000] {dagbag.py:545} INFO - Filling up the DagBag from /home/airflow/.local/lib/python3.12/site-packages/airflow/example_dags/example_setup_teardown_taskflow.py
[2026-05-19T13:54:59.177+0000] {processor.py:840} INFO - DAG(s) 'example_setup_teardown_taskflow' retrieved from /home/airflow/.local/lib/python3.12/site-packages/airflow/example_dags/example_setup_teardown_taskflow.py
[2026-05-19T13:54:59.210+0000] {logging_mixin.py:188} INFO - [2026-05-19T13:54:59.210+0000] {dag.py:3096} INFO - Sync 1 DAGs
[2026-05-19T13:54:59.243+0000] {logging_mixin.py:188} INFO - [2026-05-19T13:54:59.242+0000] {dag.py:3954} INFO - Setting next_dagrun for example_setup_teardown_taskflow to 2026-05-18 00:00:00+00:00, run_after=2026-05-19 00:00:00+00:00
[2026-05-19T13:54:59.277+0000] {processor.py:183} INFO - Processing /home/airflow/.local/lib/python3.12/site-packages/airflow/example_dags/example_setup_teardown_taskflow.py took 0.122 seconds
[2026-05-19T13:55:29.562+0000] {processor.py:161} INFO - Started process (PID=2941) to work on /home/airflow/.local/lib/python3.12/site-packages/airflow/example_dags/example_setup_teardown_taskflow.py
[2026-05-19T13:55:29.563+0000] {processor.py:830} INFO - Processing file /home/airflow/.local/lib/python3.12/site-packages/airflow/example_dags/example_setup_teardown_taskflow.py for tasks to queue
[2026-05-19T13:55:29.566+0000] {logging_mixin.py:188} INFO - [2026-05-19T13:55:29.565+0000] {dagbag.py:545} INFO - Filling up the DagBag from /home/airflow/.local/lib/python3.12/site-packages/airflow/example_dags/example_setup_teardown_taskflow.py
[2026-05-19T13:55:29.576+0000] {processor.py:840} INFO - DAG(s) 'example_setup_teardown_taskflow' retrieved from /home/airflow/.local/lib/python3.12/site-packages/airflow/example_dags/example_setup_teardown_taskflow.py
[2026-05-19T13:55:29.605+0000] {logging_mixin.py:188} INFO - [2026-05-19T13:55:29.604+0000] {dag.py:3096} INFO - Sync 1 DAGs
[2026-05-19T13:55:29.627+0000] {logging_mixin.py:188} INFO - [2026-05-19T13:55:29.627+0000] {dag.py:3954} INFO - Setting next_dagrun for example_setup_teardown_taskflow to 2026-05-18 00:00:00+00:00, run_after=2026-05-19 00:00:00+00:00
[2026-05-19T13:55:29.659+0000] {processor.py:183} INFO - Processing /home/airflow/.local/lib/python3.12/site-packages/airflow/example_dags/example_setup_teardown_taskflow.py took 0.103 seconds
[2026-05-19T13:56:00.073+0000] {processor.py:161} INFO - Started process (PID=3000) to work on /home/airflow/.local/lib/python3.12/site-packages/airflow/example_dags/example_setup_teardown_taskflow.py
[2026-05-19T13:56:00.074+0000] {processor.py:830} INFO - Processing file /home/airflow/.local/lib/python3.12/site-packages/airflow/example_dags/example_setup_teardown_taskflow.py for tasks to queue
[2026-05-19T13:56:00.079+0000] {logging_mixin.py:188} INFO - [2026-05-19T13:56:00.078+0000] {dagbag.py:545} INFO - Filling up the DagBag from /home/airflow/.local/lib/python3.12/site-packages/airflow/example_dags/example_setup_teardown_taskflow.py
[2026-05-19T13:56:00.090+0000] {processor.py:840} INFO - DAG(s) 'example_setup_teardown_taskflow' retrieved from /home/airflow/.local/lib/python3.12/site-packages/airflow/example_dags/example_setup_teardown_taskflow.py
[2026-05-19T13:56:00.123+0000] {logging_mixin.py:188} INFO - [2026-05-19T13:56:00.122+0000] {dag.py:3096} INFO - Sync 1 DAGs
[2026-05-19T13:56:00.154+0000] {logging_mixin.py:188} INFO - [2026-05-19T13:56:00.154+0000] {dag.py:3954} INFO - Setting next_dagrun for example_setup_teardown_taskflow to 2026-05-18 00:00:00+00:00, run_after=2026-05-19 00:00:00+00:00
[2026-05-19T13:56:00.174+0000] {processor.py:183} INFO - Processing /home/airflow/.local/lib/python3.12/site-packages/airflow/example_dags/example_setup_teardown_taskflow.py took 0.109 seconds
[2026-05-19T13:56:30.264+0000] {processor.py:161} INFO - Started process (PID=3056) to work on /home/airflow/.local/lib/python3.12/site-packages/airflow/example_dags/example_setup_teardown_taskflow.py
[2026-05-19T13:56:30.268+0000] {processor.py:830} INFO - Processing file /home/airflow/.local/lib/python3.12/site-packages/airflow/example_dags/example_setup_teardown_taskflow.py for tasks to queue
[2026-05-19T13:56:30.272+0000] {logging_mixin.py:188} INFO - [2026-05-19T13:56:30.272+0000] {dagbag.py:545} INFO - Filling up the DagBag from /home/airflow/.local/lib/python3.12/site-packages/airflow/example_dags/example_setup_teardown_taskflow.py
[2026-05-19T13:56:30.291+0000] {processor.py:840} INFO - DAG(s) 'example_setup_teardown_taskflow' retrieved from /home/airflow/.local/lib/python3.12/site-packages/airflow/example_dags/example_setup_teardown_taskflow.py
[2026-05-19T13:56:30.339+0000] {logging_mixin.py:188} INFO - [2026-05-19T13:56:30.338+0000] {dag.py:3096} INFO - Sync 1 DAGs
[2026-05-19T13:56:30.384+0000] {logging_mixin.py:188} INFO - [2026-05-19T13:56:30.384+0000] {dag.py:3954} INFO - Setting next_dagrun for example_setup_teardown_taskflow to 2026-05-18 00:00:00+00:00, run_after=2026-05-19 00:00:00+00:00
[2026-05-19T13:56:30.428+0000] {processor.py:183} INFO - Processing /home/airflow/.local/lib/python3.12/site-packages/airflow/example_dags/example_setup_teardown_taskflow.py took 0.178 seconds
[2026-05-19T13:57:00.611+0000] {processor.py:161} INFO - Started process (PID=3115) to work on /home/airflow/.local/lib/python3.12/site-packages/airflow/example_dags/example_setup_teardown_taskflow.py
[2026-05-19T13:57:00.612+0000] {processor.py:830} INFO - Processing file /home/airflow/.local/lib/python3.12/site-packages/airflow/example_dags/example_setup_teardown_taskflow.py for tasks to queue
[2026-05-19T13:57:00.615+0000] {logging_mixin.py:188} INFO - [2026-05-19T13:57:00.614+0000] {dagbag.py:545} INFO - Filling up the DagBag from /home/airflow/.local/lib/python3.12/site-packages/airflow/example_dags/example_setup_teardown_taskflow.py
[2026-05-19T13:57:00.627+0000] {processor.py:840} INFO - DAG(s) 'example_setup_teardown_taskflow' retrieved from /home/airflow/.local/lib/python3.12/site-packages/airflow/example_dags/example_setup_teardown_taskflow.py
[2026-05-19T13:57:00.655+0000] {logging_mixin.py:188} INFO - [2026-05-19T13:57:00.655+0000] {dag.py:3096} INFO - Sync 1 DAGs
[2026-05-19T13:57:00.686+0000] {logging_mixin.py:188} INFO - [2026-05-19T13:57:00.686+0000] {dag.py:3954} INFO - Setting next_dagrun for example_setup_teardown_taskflow to 2026-05-18 00:00:00+00:00, run_after=2026-05-19 00:00:00+00:00
[2026-05-19T13:57:00.724+0000] {processor.py:183} INFO - Processing /home/airflow/.local/lib/python3.12/site-packages/airflow/example_dags/example_setup_teardown_taskflow.py took 0.120 seconds
[2026-05-19T13:57:30.919+0000] {processor.py:161} INFO - Started process (PID=3174) to work on /home/airflow/.local/lib/python3.12/site-packages/airflow/example_dags/example_setup_teardown_taskflow.py
[2026-05-19T13:57:30.921+0000] {processor.py:830} INFO - Processing file /home/airflow/.local/lib/python3.12/site-packages/airflow/example_dags/example_setup_teardown_taskflow.py for tasks to queue
[2026-05-19T13:57:30.925+0000] {logging_mixin.py:188} INFO - [2026-05-19T13:57:30.924+0000] {dagbag.py:545} INFO - Filling up the DagBag from /home/airflow/.local/lib/python3.12/site-packages/airflow/example_dags/example_setup_teardown_taskflow.py
[2026-05-19T13:57:30.938+0000] {processor.py:840} INFO - DAG(s) 'example_setup_teardown_taskflow' retrieved from /home/airflow/.local/lib/python3.12/site-packages/airflow/example_dags/example_setup_teardown_taskflow.py
[2026-05-19T13:57:30.976+0000] {logging_mixin.py:188} INFO - [2026-05-19T13:57:30.975+0000] {dag.py:3096} INFO - Sync 1 DAGs
[2026-05-19T13:57:31.010+0000] {logging_mixin.py:188} INFO - [2026-05-19T13:57:31.009+0000] {dag.py:3954} INFO - Setting next_dagrun for example_setup_teardown_taskflow to 2026-05-18 00:00:00+00:00, run_after=2026-05-19 00:00:00+00:00
[2026-05-19T13:57:31.048+0000] {processor.py:183} INFO - Processing /home/airflow/.local/lib/python3.12/site-packages/airflow/example_dags/example_setup_teardown_taskflow.py took 0.137 seconds
[2026-05-19T13:58:01.304+0000] {processor.py:161} INFO - Started process (PID=3233) to work on /home/airflow/.local/lib/python3.12/site-packages/airflow/example_dags/example_setup_teardown_taskflow.py
[2026-05-19T13:58:01.305+0000] {processor.py:830} INFO - Processing file /home/airflow/.local/lib/python3.12/site-packages/airflow/example_dags/example_setup_teardown_taskflow.py for tasks to queue
[2026-05-19T13:58:01.308+0000] {logging_mixin.py:188} INFO - [2026-05-19T13:58:01.307+0000] {dagbag.py:545} INFO - Filling up the DagBag from /home/airflow/.local/lib/python3.12/site-packages/airflow/example_dags/example_setup_teardown_taskflow.py
[2026-05-19T13:58:01.323+0000] {processor.py:840} INFO - DAG(s) 'example_setup_teardown_taskflow' retrieved from /home/airflow/.local/lib/python3.12/site-packages/airflow/example_dags/example_setup_teardown_taskflow.py
[2026-05-19T13:58:01.346+0000] {logging_mixin.py:188} INFO - [2026-05-19T13:58:01.345+0000] {dag.py:3096} INFO - Sync 1 DAGs
[2026-05-19T13:58:01.370+0000] {logging_mixin.py:188} INFO - [2026-05-19T13:58:01.370+0000] {dag.py:3954} INFO - Setting next_dagrun for example_setup_teardown_taskflow to 2026-05-18 00:00:00+00:00, run_after=2026-05-19 00:00:00+00:00
[2026-05-19T13:58:01.394+0000] {processor.py:183} INFO - Processing /home/airflow/.local/lib/python3.12/site-packages/airflow/example_dags/example_setup_teardown_taskflow.py took 0.099 seconds
[2026-05-19T13:58:32.072+0000] {processor.py:161} INFO - Started process (PID=3292) to work on /home/airflow/.local/lib/python3.12/site-packages/airflow/example_dags/example_setup_teardown_taskflow.py
[2026-05-19T13:58:32.074+0000] {processor.py:830} INFO - Processing file /home/airflow/.local/lib/python3.12/site-packages/airflow/example_dags/example_setup_teardown_taskflow.py for tasks to queue
[2026-05-19T13:58:32.076+0000] {logging_mixin.py:188} INFO - [2026-05-19T13:58:32.076+0000] {dagbag.py:545} INFO - Filling up the DagBag from /home/airflow/.local/lib/python3.12/site-packages/airflow/example_dags/example_setup_teardown_taskflow.py
[2026-05-19T13:58:32.088+0000] {processor.py:840} INFO - DAG(s) 'example_setup_teardown_taskflow' retrieved from /home/airflow/.local/lib/python3.12/site-packages/airflow/example_dags/example_setup_teardown_taskflow.py
[2026-05-19T13:58:32.113+0000] {logging_mixin.py:188} INFO - [2026-05-19T13:58:32.112+0000] {dag.py:3096} INFO - Sync 1 DAGs
[2026-05-19T13:58:32.142+0000] {logging_mixin.py:188} INFO - [2026-05-19T13:58:32.142+0000] {dag.py:3954} INFO - Setting next_dagrun for example_setup_teardown_taskflow to 2026-05-18 00:00:00+00:00, run_after=2026-05-19 00:00:00+00:00
[2026-05-19T13:58:32.163+0000] {processor.py:183} INFO - Processing /home/airflow/.local/lib/python3.12/site-packages/airflow/example_dags/example_setup_teardown_taskflow.py took 0.098 seconds
[2026-05-19T13:59:02.459+0000] {processor.py:161} INFO - Started process (PID=3351) to work on /home/airflow/.local/lib/python3.12/site-packages/airflow/example_dags/example_setup_teardown_taskflow.py
[2026-05-19T13:59:02.462+0000] {processor.py:830} INFO - Processing file /home/airflow/.local/lib/python3.12/site-packages/airflow/example_dags/example_setup_teardown_taskflow.py for tasks to queue
[2026-05-19T13:59:02.465+0000] {logging_mixin.py:188} INFO - [2026-05-19T13:59:02.464+0000] {dagbag.py:545} INFO - Filling up the DagBag from /home/airflow/.local/lib/python3.12/site-packages/airflow/example_dags/example_setup_teardown_taskflow.py
[2026-05-19T13:59:02.474+0000] {processor.py:840} INFO - DAG(s) 'example_setup_teardown_taskflow' retrieved from /home/airflow/.local/lib/python3.12/site-packages/airflow/example_dags/example_setup_teardown_taskflow.py
[2026-05-19T13:59:02.493+0000] {logging_mixin.py:188} INFO - [2026-05-19T13:59:02.493+0000] {dag.py:3096} INFO - Sync 1 DAGs
[2026-05-19T13:59:02.518+0000] {logging_mixin.py:188} INFO - [2026-05-19T13:59:02.518+0000] {dag.py:3954} INFO - Setting next_dagrun for example_setup_teardown_taskflow to 2026-05-18 00:00:00+00:00, run_after=2026-05-19 00:00:00+00:00
[2026-05-19T13:59:02.542+0000] {processor.py:183} INFO - Processing /home/airflow/.local/lib/python3.12/site-packages/airflow/example_dags/example_setup_teardown_taskflow.py took 0.090 seconds
[2026-05-19T13:59:33.044+0000] {processor.py:161} INFO - Started process (PID=3410) to work on /home/airflow/.local/lib/python3.12/site-packages/airflow/example_dags/example_setup_teardown_taskflow.py
[2026-05-19T13:59:33.045+0000] {processor.py:830} INFO - Processing file /home/airflow/.local/lib/python3.12/site-packages/airflow/example_dags/example_setup_teardown_taskflow.py for tasks to queue
[2026-05-19T13:59:33.050+0000] {logging_mixin.py:188} INFO - [2026-05-19T13:59:33.049+0000] {dagbag.py:545} INFO - Filling up the DagBag from /home/airflow/.local/lib/python3.12/site-packages/airflow/example_dags/example_setup_teardown_taskflow.py
[2026-05-19T13:59:33.063+0000] {processor.py:840} INFO - DAG(s) 'example_setup_teardown_taskflow' retrieved from /home/airflow/.local/lib/python3.12/site-packages/airflow/example_dags/example_setup_teardown_taskflow.py
[2026-05-19T13:59:33.091+0000] {logging_mixin.py:188} INFO - [2026-05-19T13:59:33.091+0000] {dag.py:3096} INFO - Sync 1 DAGs
[2026-05-19T13:59:33.114+0000] {logging_mixin.py:188} INFO - [2026-05-19T13:59:33.113+0000] {dag.py:3954} INFO - Setting next_dagrun for example_setup_teardown_taskflow to 2026-05-18 00:00:00+00:00, run_after=2026-05-19 00:00:00+00:00
[2026-05-19T13:59:33.138+0000] {processor.py:183} INFO - Processing /home/airflow/.local/lib/python3.12/site-packages/airflow/example_dags/example_setup_teardown_taskflow.py took 0.101 seconds
[2026-05-19T14:00:03.992+0000] {processor.py:161} INFO - Started process (PID=3470) to work on /home/airflow/.local/lib/python3.12/site-packages/airflow/example_dags/example_setup_teardown_taskflow.py
[2026-05-19T14:00:04.001+0000] {processor.py:830} INFO - Processing file /home/airflow/.local/lib/python3.12/site-packages/airflow/example_dags/example_setup_teardown_taskflow.py for tasks to queue
[2026-05-19T14:00:04.017+0000] {logging_mixin.py:188} INFO - [2026-05-19T14:00:04.016+0000] {dagbag.py:545} INFO - Filling up the DagBag from /home/airflow/.local/lib/python3.12/site-packages/airflow/example_dags/example_setup_teardown_taskflow.py
[2026-05-19T14:00:04.060+0000] {processor.py:840} INFO - DAG(s) 'example_setup_teardown_taskflow' retrieved from /home/airflow/.local/lib/python3.12/site-packages/airflow/example_dags/example_setup_teardown_taskflow.py
[2026-05-19T14:00:04.136+0000] {logging_mixin.py:188} INFO - [2026-05-19T14:00:04.135+0000] {dag.py:3096} INFO - Sync 1 DAGs
[2026-05-19T14:00:04.249+0000] {logging_mixin.py:188} INFO - [2026-05-19T14:00:04.248+0000] {dag.py:3954} INFO - Setting next_dagrun for example_setup_teardown_taskflow to 2026-05-18 00:00:00+00:00, run_after=2026-05-19 00:00:00+00:00
[2026-05-19T14:00:04.351+0000] {processor.py:183} INFO - Processing /home/airflow/.local/lib/python3.12/site-packages/airflow/example_dags/example_setup_teardown_taskflow.py took 0.383 seconds
[2026-05-19T14:00:34.767+0000] {processor.py:161} INFO - Started process (PID=3529) to work on /home/airflow/.local/lib/python3.12/site-packages/airflow/example_dags/example_setup_teardown_taskflow.py
[2026-05-19T14:00:34.770+0000] {processor.py:830} INFO - Processing file /home/airflow/.local/lib/python3.12/site-packages/airflow/example_dags/example_setup_teardown_taskflow.py for tasks to queue
[2026-05-19T14:00:34.775+0000] {logging_mixin.py:188} INFO - [2026-05-19T14:00:34.775+0000] {dagbag.py:545} INFO - Filling up the DagBag from /home/airflow/.local/lib/python3.12/site-packages/airflow/example_dags/example_setup_teardown_taskflow.py
[2026-05-19T14:00:34.806+0000] {processor.py:840} INFO - DAG(s) 'example_setup_teardown_taskflow' retrieved from /home/airflow/.local/lib/python3.12/site-packages/airflow/example_dags/example_setup_teardown_taskflow.py
[2026-05-19T14:00:34.879+0000] {logging_mixin.py:188} INFO - [2026-05-19T14:00:34.878+0000] {dag.py:3096} INFO - Sync 1 DAGs
[2026-05-19T14:00:34.969+0000] {logging_mixin.py:188} INFO - [2026-05-19T14:00:34.968+0000] {dag.py:3954} INFO - Setting next_dagrun for example_setup_teardown_taskflow to 2026-05-18 00:00:00+00:00, run_after=2026-05-19 00:00:00+00:00
[2026-05-19T14:00:35.032+0000] {processor.py:183} INFO - Processing /home/airflow/.local/lib/python3.12/site-packages/airflow/example_dags/example_setup_teardown_taskflow.py took 0.282 seconds
[2026-05-19T14:01:06.204+0000] {processor.py:161} INFO - Started process (PID=3589) to work on /home/airflow/.local/lib/python3.12/site-packages/airflow/example_dags/example_setup_teardown_taskflow.py
[2026-05-19T14:01:06.207+0000] {processor.py:830} INFO - Processing file /home/airflow/.local/lib/python3.12/site-packages/airflow/example_dags/example_setup_teardown_taskflow.py for tasks to queue
[2026-05-19T14:01:06.216+0000] {logging_mixin.py:188} INFO - [2026-05-19T14:01:06.214+0000] {dagbag.py:545} INFO - Filling up the DagBag from /home/airflow/.local/lib/python3.12/site-packages/airflow/example_dags/example_setup_teardown_taskflow.py
[2026-05-19T14:01:06.249+0000] {processor.py:840} INFO - DAG(s) 'example_setup_teardown_taskflow' retrieved from /home/airflow/.local/lib/python3.12/site-packages/airflow/example_dags/example_setup_teardown_taskflow.py
[2026-05-19T14:01:06.357+0000] {logging_mixin.py:188} INFO - [2026-05-19T14:01:06.356+0000] {dag.py:3096} INFO - Sync 1 DAGs
[2026-05-19T14:01:06.466+0000] {logging_mixin.py:188} INFO - [2026-05-19T14:01:06.465+0000] {dag.py:3954} INFO - Setting next_dagrun for example_setup_teardown_taskflow to 2026-05-18 00:00:00+00:00, run_after=2026-05-19 00:00:00+00:00
[2026-05-19T14:01:06.540+0000] {processor.py:183} INFO - Processing /home/airflow/.local/lib/python3.12/site-packages/airflow/example_dags/example_setup_teardown_taskflow.py took 0.367 seconds
[2026-05-19T14:01:37.010+0000] {processor.py:161} INFO - Started process (PID=3648) to work on /home/airflow/.local/lib/python3.12/site-packages/airflow/example_dags/example_setup_teardown_taskflow.py
[2026-05-19T14:01:37.012+0000] {processor.py:830} INFO - Processing file /home/airflow/.local/lib/python3.12/site-packages/airflow/example_dags/example_setup_teardown_taskflow.py for tasks to queue
[2026-05-19T14:01:37.016+0000] {logging_mixin.py:188} INFO - [2026-05-19T14:01:37.015+0000] {dagbag.py:545} INFO - Filling up the DagBag from /home/airflow/.local/lib/python3.12/site-packages/airflow/example_dags/example_setup_teardown_taskflow.py
[2026-05-19T14:01:37.030+0000] {processor.py:840} INFO - DAG(s) 'example_setup_teardown_taskflow' retrieved from /home/airflow/.local/lib/python3.12/site-packages/airflow/example_dags/example_setup_teardown_taskflow.py
[2026-05-19T14:01:37.081+0000] {logging_mixin.py:188} INFO - [2026-05-19T14:01:37.081+0000] {dag.py:3096} INFO - Sync 1 DAGs
[2026-05-19T14:01:37.124+0000] {logging_mixin.py:188} INFO - [2026-05-19T14:01:37.124+0000] {dag.py:3954} INFO - Setting next_dagrun for example_setup_teardown_taskflow to 2026-05-18 00:00:00+00:00, run_after=2026-05-19 00:00:00+00:00
[2026-05-19T14:01:37.168+0000] {processor.py:183} INFO - Processing /home/airflow/.local/lib/python3.12/site-packages/airflow/example_dags/example_setup_teardown_taskflow.py took 0.168 seconds
[2026-05-19T14:02:07.890+0000] {processor.py:161} INFO - Started process (PID=3707) to work on /home/airflow/.local/lib/python3.12/site-packages/airflow/example_dags/example_setup_teardown_taskflow.py
[2026-05-19T14:02:07.894+0000] {processor.py:830} INFO - Processing file /home/airflow/.local/lib/python3.12/site-packages/airflow/example_dags/example_setup_teardown_taskflow.py for tasks to queue
[2026-05-19T14:02:07.908+0000] {logging_mixin.py:188} INFO - [2026-05-19T14:02:07.901+0000] {dagbag.py:545} INFO - Filling up the DagBag from /home/airflow/.local/lib/python3.12/site-packages/airflow/example_dags/example_setup_teardown_taskflow.py
[2026-05-19T14:02:07.959+0000] {processor.py:840} INFO - DAG(s) 'example_setup_teardown_taskflow' retrieved from /home/airflow/.local/lib/python3.12/site-packages/airflow/example_dags/example_setup_teardown_taskflow.py
[2026-05-19T14:02:08.047+0000] {logging_mixin.py:188} INFO - [2026-05-19T14:02:08.046+0000] {dag.py:3096} INFO - Sync 1 DAGs
[2026-05-19T14:02:08.131+0000] {logging_mixin.py:188} INFO - [2026-05-19T14:02:08.130+0000] {dag.py:3954} INFO - Setting next_dagrun for example_setup_teardown_taskflow to 2026-05-18 00:00:00+00:00, run_after=2026-05-19 00:00:00+00:00
[2026-05-19T14:02:08.231+0000] {processor.py:183} INFO - Processing /home/airflow/.local/lib/python3.12/site-packages/airflow/example_dags/example_setup_teardown_taskflow.py took 0.366 seconds
[2026-05-19T14:02:38.534+0000] {processor.py:161} INFO - Started process (PID=3766) to work on /home/airflow/.local/lib/python3.12/site-packages/airflow/example_dags/example_setup_teardown_taskflow.py
[2026-05-19T14:02:38.536+0000] {processor.py:830} INFO - Processing file /home/airflow/.local/lib/python3.12/site-packages/airflow/example_dags/example_setup_teardown_taskflow.py for tasks to queue
[2026-05-19T14:02:38.538+0000] {logging_mixin.py:188} INFO - [2026-05-19T14:02:38.538+0000] {dagbag.py:545} INFO - Filling up the DagBag from /home/airflow/.local/lib/python3.12/site-packages/airflow/example_dags/example_setup_teardown_taskflow.py
[2026-05-19T14:02:38.548+0000] {processor.py:840} INFO - DAG(s) 'example_setup_teardown_taskflow' retrieved from /home/airflow/.local/lib/python3.12/site-packages/airflow/example_dags/example_setup_teardown_taskflow.py
[2026-05-19T14:02:38.582+0000] {logging_mixin.py:188} INFO - [2026-05-19T14:02:38.581+0000] {dag.py:3096} INFO - Sync 1 DAGs
[2026-05-19T14:02:38.618+0000] {logging_mixin.py:188} INFO - [2026-05-19T14:02:38.617+0000] {dag.py:3954} INFO - Setting next_dagrun for example_setup_teardown_taskflow to 2026-05-18 00:00:00+00:00, run_after=2026-05-19 00:00:00+00:00
[2026-05-19T14:02:38.648+0000] {processor.py:183} INFO - Processing /home/airflow/.local/lib/python3.12/site-packages/airflow/example_dags/example_setup_teardown_taskflow.py took 0.120 seconds
[2026-05-19T14:03:08.826+0000] {processor.py:161} INFO - Started process (PID=3825) to work on /home/airflow/.local/lib/python3.12/site-packages/airflow/example_dags/example_setup_teardown_taskflow.py
[2026-05-19T14:03:08.828+0000] {processor.py:830} INFO - Processing file /home/airflow/.local/lib/python3.12/site-packages/airflow/example_dags/example_setup_teardown_taskflow.py for tasks to queue
[2026-05-19T14:03:08.830+0000] {logging_mixin.py:188} INFO - [2026-05-19T14:03:08.830+0000] {dagbag.py:545} INFO - Filling up the DagBag from /home/airflow/.local/lib/python3.12/site-packages/airflow/example_dags/example_setup_teardown_taskflow.py
[2026-05-19T14:03:08.843+0000] {processor.py:840} INFO - DAG(s) 'example_setup_teardown_taskflow' retrieved from /home/airflow/.local/lib/python3.12/site-packages/airflow/example_dags/example_setup_teardown_taskflow.py
[2026-05-19T14:03:08.866+0000] {logging_mixin.py:188} INFO - [2026-05-19T14:03:08.866+0000] {dag.py:3096} INFO - Sync 1 DAGs
[2026-05-19T14:03:08.893+0000] {logging_mixin.py:188} INFO - [2026-05-19T14:03:08.893+0000] {dag.py:3954} INFO - Setting next_dagrun for example_setup_teardown_taskflow to 2026-05-18 00:00:00+00:00, run_after=2026-05-19 00:00:00+00:00
[2026-05-19T14:03:08.916+0000] {processor.py:183} INFO - Processing /home/airflow/.local/lib/python3.12/site-packages/airflow/example_dags/example_setup_teardown_taskflow.py took 0.098 seconds
[2026-05-19T14:03:39.745+0000] {processor.py:161} INFO - Started process (PID=3884) to work on /home/airflow/.local/lib/python3.12/site-packages/airflow/example_dags/example_setup_teardown_taskflow.py
[2026-05-19T14:03:39.746+0000] {processor.py:830} INFO - Processing file /home/airflow/.local/lib/python3.12/site-packages/airflow/example_dags/example_setup_teardown_taskflow.py for tasks to queue
[2026-05-19T14:03:39.750+0000] {logging_mixin.py:188} INFO - [2026-05-19T14:03:39.749+0000] {dagbag.py:545} INFO - Filling up the DagBag from /home/airflow/.local/lib/python3.12/site-packages/airflow/example_dags/example_setup_teardown_taskflow.py
[2026-05-19T14:03:39.760+0000] {processor.py:840} INFO - DAG(s) 'example_setup_teardown_taskflow' retrieved from /home/airflow/.local/lib/python3.12/site-packages/airflow/example_dags/example_setup_teardown_taskflow.py
[2026-05-19T14:03:39.790+0000] {logging_mixin.py:188} INFO - [2026-05-19T14:03:39.790+0000] {dag.py:3096} INFO - Sync 1 DAGs
[2026-05-19T14:03:39.810+0000] {logging_mixin.py:188} INFO - [2026-05-19T14:03:39.810+0000] {dag.py:3954} INFO - Setting next_dagrun for example_setup_teardown_taskflow to 2026-05-18 00:00:00+00:00, run_after=2026-05-19 00:00:00+00:00
[2026-05-19T14:03:39.835+0000] {processor.py:183} INFO - Processing /home/airflow/.local/lib/python3.12/site-packages/airflow/example_dags/example_setup_teardown_taskflow.py took 0.096 seconds
[2026-05-19T14:04:10.174+0000] {processor.py:161} INFO - Started process (PID=3943) to work on /home/airflow/.local/lib/python3.12/site-packages/airflow/example_dags/example_setup_teardown_taskflow.py
[2026-05-19T14:04:10.176+0000] {processor.py:830} INFO - Processing file /home/airflow/.local/lib/python3.12/site-packages/airflow/example_dags/example_setup_teardown_taskflow.py for tasks to queue
[2026-05-19T14:04:10.179+0000] {logging_mixin.py:188} INFO - [2026-05-19T14:04:10.178+0000] {dagbag.py:545} INFO - Filling up the DagBag from /home/airflow/.local/lib/python3.12/site-packages/airflow/example_dags/example_setup_teardown_taskflow.py
[2026-05-19T14:04:10.192+0000] {processor.py:840} INFO - DAG(s) 'example_setup_teardown_taskflow' retrieved from /home/airflow/.local/lib/python3.12/site-packages/airflow/example_dags/example_setup_teardown_taskflow.py
[2026-05-19T14:04:10.213+0000] {logging_mixin.py:188} INFO - [2026-05-19T14:04:10.213+0000] {dag.py:3096} INFO - Sync 1 DAGs
[2026-05-19T14:04:10.233+0000] {logging_mixin.py:188} INFO - [2026-05-19T14:04:10.233+0000] {dag.py:3954} INFO - Setting next_dagrun for example_setup_teardown_taskflow to 2026-05-18 00:00:00+00:00, run_after=2026-05-19 00:00:00+00:00
[2026-05-19T14:04:10.261+0000] {processor.py:183} INFO - Processing /home/airflow/.local/lib/python3.12/site-packages/airflow/example_dags/example_setup_teardown_taskflow.py took 0.093 seconds
[2026-05-19T14:04:40.728+0000] {processor.py:161} INFO - Started process (PID=4002) to work on /home/airflow/.local/lib/python3.12/site-packages/airflow/example_dags/example_setup_teardown_taskflow.py
[2026-05-19T14:04:40.730+0000] {processor.py:830} INFO - Processing file /home/airflow/.local/lib/python3.12/site-packages/airflow/example_dags/example_setup_teardown_taskflow.py for tasks to queue
[2026-05-19T14:04:40.733+0000] {logging_mixin.py:188} INFO - [2026-05-19T14:04:40.732+0000] {dagbag.py:545} INFO - Filling up the DagBag from /home/airflow/.local/lib/python3.12/site-packages/airflow/example_dags/example_setup_teardown_taskflow.py
[2026-05-19T14:04:40.750+0000] {processor.py:840} INFO - DAG(s) 'example_setup_teardown_taskflow' retrieved from /home/airflow/.local/lib/python3.12/site-packages/airflow/example_dags/example_setup_teardown_taskflow.py
[2026-05-19T14:04:40.775+0000] {logging_mixin.py:188} INFO - [2026-05-19T14:04:40.774+0000] {dag.py:3096} INFO - Sync 1 DAGs
[2026-05-19T14:04:40.805+0000] {logging_mixin.py:188} INFO - [2026-05-19T14:04:40.805+0000] {dag.py:3954} INFO - Setting next_dagrun for example_setup_teardown_taskflow to 2026-05-18 00:00:00+00:00, run_after=2026-05-19 00:00:00+00:00
[2026-05-19T14:04:40.828+0000] {processor.py:183} INFO - Processing /home/airflow/.local/lib/python3.12/site-packages/airflow/example_dags/example_setup_teardown_taskflow.py took 0.110 seconds
[2026-05-19T14:05:11.005+0000] {processor.py:161} INFO - Started process (PID=4061) to work on /home/airflow/.local/lib/python3.12/site-packages/airflow/example_dags/example_setup_teardown_taskflow.py
[2026-05-19T14:05:11.006+0000] {processor.py:830} INFO - Processing file /home/airflow/.local/lib/python3.12/site-packages/airflow/example_dags/example_setup_teardown_taskflow.py for tasks to queue
[2026-05-19T14:05:11.009+0000] {logging_mixin.py:188} INFO - [2026-05-19T14:05:11.009+0000] {dagbag.py:545} INFO - Filling up the DagBag from /home/airflow/.local/lib/python3.12/site-packages/airflow/example_dags/example_setup_teardown_taskflow.py
[2026-05-19T14:05:11.023+0000] {processor.py:840} INFO - DAG(s) 'example_setup_teardown_taskflow' retrieved from /home/airflow/.local/lib/python3.12/site-packages/airflow/example_dags/example_setup_teardown_taskflow.py
[2026-05-19T14:05:11.060+0000] {logging_mixin.py:188} INFO - [2026-05-19T14:05:11.060+0000] {dag.py:3096} INFO - Sync 1 DAGs
[2026-05-19T14:05:11.102+0000] {logging_mixin.py:188} INFO - [2026-05-19T14:05:11.101+0000] {dag.py:3954} INFO - Setting next_dagrun for example_setup_teardown_taskflow to 2026-05-18 00:00:00+00:00, run_after=2026-05-19 00:00:00+00:00
[2026-05-19T14:05:11.139+0000] {processor.py:183} INFO - Processing /home/airflow/.local/lib/python3.12/site-packages/airflow/example_dags/example_setup_teardown_taskflow.py took 0.144 seconds
[2026-05-19T14:05:41.983+0000] {processor.py:161} INFO - Started process (PID=4120) to work on /home/airflow/.local/lib/python3.12/site-packages/airflow/example_dags/example_setup_teardown_taskflow.py
[2026-05-19T14:05:41.986+0000] {processor.py:830} INFO - Processing file /home/airflow/.local/lib/python3.12/site-packages/airflow/example_dags/example_setup_teardown_taskflow.py for tasks to queue
[2026-05-19T14:05:41.990+0000] {logging_mixin.py:188} INFO - [2026-05-19T14:05:41.990+0000] {dagbag.py:545} INFO - Filling up the DagBag from /home/airflow/.local/lib/python3.12/site-packages/airflow/example_dags/example_setup_teardown_taskflow.py
[2026-05-19T14:05:42.002+0000] {processor.py:840} INFO - DAG(s) 'example_setup_teardown_taskflow' retrieved from /home/airflow/.local/lib/python3.12/site-packages/airflow/example_dags/example_setup_teardown_taskflow.py
[2026-05-19T14:05:42.046+0000] {logging_mixin.py:188} INFO - [2026-05-19T14:05:42.046+0000] {dag.py:3096} INFO - Sync 1 DAGs
[2026-05-19T14:05:42.085+0000] {logging_mixin.py:188} INFO - [2026-05-19T14:05:42.085+0000] {dag.py:3954} INFO - Setting next_dagrun for example_setup_teardown_taskflow to 2026-05-18 00:00:00+00:00, run_after=2026-05-19 00:00:00+00:00
[2026-05-19T14:05:42.117+0000] {processor.py:183} INFO - Processing /home/airflow/.local/lib/python3.12/site-packages/airflow/example_dags/example_setup_teardown_taskflow.py took 0.147 seconds
[2026-05-19T14:06:12.475+0000] {processor.py:161} INFO - Started process (PID=4180) to work on /home/airflow/.local/lib/python3.12/site-packages/airflow/example_dags/example_setup_teardown_taskflow.py
[2026-05-19T14:06:12.476+0000] {processor.py:830} INFO - Processing file /home/airflow/.local/lib/python3.12/site-packages/airflow/example_dags/example_setup_teardown_taskflow.py for tasks to queue
[2026-05-19T14:06:12.477+0000] {logging_mixin.py:188} INFO - [2026-05-19T14:06:12.477+0000] {dagbag.py:545} INFO - Filling up the DagBag from /home/airflow/.local/lib/python3.12/site-packages/airflow/example_dags/example_setup_teardown_taskflow.py
[2026-05-19T14:06:12.488+0000] {processor.py:840} INFO - DAG(s) 'example_setup_teardown_taskflow' retrieved from /home/airflow/.local/lib/python3.12/site-packages/airflow/example_dags/example_setup_teardown_taskflow.py
[2026-05-19T14:06:12.512+0000] {logging_mixin.py:188} INFO - [2026-05-19T14:06:12.511+0000] {dag.py:3096} INFO - Sync 1 DAGs
[2026-05-19T14:06:12.538+0000] {logging_mixin.py:188} INFO - [2026-05-19T14:06:12.538+0000] {dag.py:3954} INFO - Setting next_dagrun for example_setup_teardown_taskflow to 2026-05-18 00:00:00+00:00, run_after=2026-05-19 00:00:00+00:00
[2026-05-19T14:06:12.566+0000] {processor.py:183} INFO - Processing /home/airflow/.local/lib/python3.12/site-packages/airflow/example_dags/example_setup_teardown_taskflow.py took 0.096 seconds
[2026-05-19T14:06:43.273+0000] {processor.py:161} INFO - Started process (PID=4239) to work on /home/airflow/.local/lib/python3.12/site-packages/airflow/example_dags/example_setup_teardown_taskflow.py
[2026-05-19T14:06:43.275+0000] {processor.py:830} INFO - Processing file /home/airflow/.local/lib/python3.12/site-packages/airflow/example_dags/example_setup_teardown_taskflow.py for tasks to queue
[2026-05-19T14:06:43.278+0000] {logging_mixin.py:188} INFO - [2026-05-19T14:06:43.277+0000] {dagbag.py:545} INFO - Filling up the DagBag from /home/airflow/.local/lib/python3.12/site-packages/airflow/example_dags/example_setup_teardown_taskflow.py
[2026-05-19T14:06:43.289+0000] {processor.py:840} INFO - DAG(s) 'example_setup_teardown_taskflow' retrieved from /home/airflow/.local/lib/python3.12/site-packages/airflow/example_dags/example_setup_teardown_taskflow.py
[2026-05-19T14:06:43.333+0000] {logging_mixin.py:188} INFO - [2026-05-19T14:06:43.332+0000] {dag.py:3096} INFO - Sync 1 DAGs
[2026-05-19T14:06:43.370+0000] {logging_mixin.py:188} INFO - [2026-05-19T14:06:43.370+0000] {dag.py:3954} INFO - Setting next_dagrun for example_setup_teardown_taskflow to 2026-05-18 00:00:00+00:00, run_after=2026-05-19 00:00:00+00:00
[2026-05-19T14:06:43.406+0000] {processor.py:183} INFO - Processing /home/airflow/.local/lib/python3.12/site-packages/airflow/example_dags/example_setup_teardown_taskflow.py took 0.139 seconds
[2026-05-19T14:07:13.706+0000] {processor.py:161} INFO - Started process (PID=4298) to work on /home/airflow/.local/lib/python3.12/site-packages/airflow/example_dags/example_setup_teardown_taskflow.py
[2026-05-19T14:07:13.707+0000] {processor.py:830} INFO - Processing file /home/airflow/.local/lib/python3.12/site-packages/airflow/example_dags/example_setup_teardown_taskflow.py for tasks to queue
[2026-05-19T14:07:13.709+0000] {logging_mixin.py:188} INFO - [2026-05-19T14:07:13.709+0000] {dagbag.py:545} INFO - Filling up the DagBag from /home/airflow/.local/lib/python3.12/site-packages/airflow/example_dags/example_setup_teardown_taskflow.py
[2026-05-19T14:07:13.723+0000] {processor.py:840} INFO - DAG(s) 'example_setup_teardown_taskflow' retrieved from /home/airflow/.local/lib/python3.12/site-packages/airflow/example_dags/example_setup_teardown_taskflow.py
[2026-05-19T14:07:13.750+0000] {logging_mixin.py:188} INFO - [2026-05-19T14:07:13.750+0000] {dag.py:3096} INFO - Sync 1 DAGs
[2026-05-19T14:07:13.771+0000] {logging_mixin.py:188} INFO - [2026-05-19T14:07:13.771+0000] {dag.py:3954} INFO - Setting next_dagrun for example_setup_teardown_taskflow to 2026-05-18 00:00:00+00:00, run_after=2026-05-19 00:00:00+00:00
[2026-05-19T14:07:13.805+0000] {processor.py:183} INFO - Processing /home/airflow/.local/lib/python3.12/site-packages/airflow/example_dags/example_setup_teardown_taskflow.py took 0.104 seconds
[2026-05-19T14:07:44.396+0000] {processor.py:161} INFO - Started process (PID=4357) to work on /home/airflow/.local/lib/python3.12/site-packages/airflow/example_dags/example_setup_teardown_taskflow.py
[2026-05-19T14:07:44.401+0000] {processor.py:830} INFO - Processing file /home/airflow/.local/lib/python3.12/site-packages/airflow/example_dags/example_setup_teardown_taskflow.py for tasks to queue
[2026-05-19T14:07:44.405+0000] {logging_mixin.py:188} INFO - [2026-05-19T14:07:44.405+0000] {dagbag.py:545} INFO - Filling up the DagBag from /home/airflow/.local/lib/python3.12/site-packages/airflow/example_dags/example_setup_teardown_taskflow.py
[2026-05-19T14:07:44.425+0000] {processor.py:840} INFO - DAG(s) 'example_setup_teardown_taskflow' retrieved from /home/airflow/.local/lib/python3.12/site-packages/airflow/example_dags/example_setup_teardown_taskflow.py
[2026-05-19T14:07:44.452+0000] {logging_mixin.py:188} INFO - [2026-05-19T14:07:44.452+0000] {dag.py:3096} INFO - Sync 1 DAGs
[2026-05-19T14:07:44.481+0000] {logging_mixin.py:188} INFO - [2026-05-19T14:07:44.480+0000] {dag.py:3954} INFO - Setting next_dagrun for example_setup_teardown_taskflow to 2026-05-18 00:00:00+00:00, run_after=2026-05-19 00:00:00+00:00
[2026-05-19T14:07:44.513+0000] {processor.py:183} INFO - Processing /home/airflow/.local/lib/python3.12/site-packages/airflow/example_dags/example_setup_teardown_taskflow.py took 0.126 seconds
[2026-05-19T14:08:15.111+0000] {processor.py:161} INFO - Started process (PID=4416) to work on /home/airflow/.local/lib/python3.12/site-packages/airflow/example_dags/example_setup_teardown_taskflow.py
[2026-05-19T14:08:15.112+0000] {processor.py:830} INFO - Processing file /home/airflow/.local/lib/python3.12/site-packages/airflow/example_dags/example_setup_teardown_taskflow.py for tasks to queue
[2026-05-19T14:08:15.115+0000] {logging_mixin.py:188} INFO - [2026-05-19T14:08:15.114+0000] {dagbag.py:545} INFO - Filling up the DagBag from /home/airflow/.local/lib/python3.12/site-packages/airflow/example_dags/example_setup_teardown_taskflow.py
[2026-05-19T14:08:15.125+0000] {processor.py:840} INFO - DAG(s) 'example_setup_teardown_taskflow' retrieved from /home/airflow/.local/lib/python3.12/site-packages/airflow/example_dags/example_setup_teardown_taskflow.py
[2026-05-19T14:08:15.153+0000] {logging_mixin.py:188} INFO - [2026-05-19T14:08:15.152+0000] {dag.py:3096} INFO - Sync 1 DAGs
[2026-05-19T14:08:15.179+0000] {logging_mixin.py:188} INFO - [2026-05-19T14:08:15.178+0000] {dag.py:3954} INFO - Setting next_dagrun for example_setup_teardown_taskflow to 2026-05-18 00:00:00+00:00, run_after=2026-05-19 00:00:00+00:00
[2026-05-19T14:08:15.214+0000] {processor.py:183} INFO - Processing /home/airflow/.local/lib/python3.12/site-packages/airflow/example_dags/example_setup_teardown_taskflow.py took 0.108 seconds
[2026-05-19T14:08:45.591+0000] {processor.py:161} INFO - Started process (PID=4475) to work on /home/airflow/.local/lib/python3.12/site-packages/airflow/example_dags/example_setup_teardown_taskflow.py
[2026-05-19T14:08:45.592+0000] {processor.py:830} INFO - Processing file /home/airflow/.local/lib/python3.12/site-packages/airflow/example_dags/example_setup_teardown_taskflow.py for tasks to queue
[2026-05-19T14:08:45.595+0000] {logging_mixin.py:188} INFO - [2026-05-19T14:08:45.594+0000] {dagbag.py:545} INFO - Filling up the DagBag from /home/airflow/.local/lib/python3.12/site-packages/airflow/example_dags/example_setup_teardown_taskflow.py
[2026-05-19T14:08:45.606+0000] {processor.py:840} INFO - DAG(s) 'example_setup_teardown_taskflow' retrieved from /home/airflow/.local/lib/python3.12/site-packages/airflow/example_dags/example_setup_teardown_taskflow.py
[2026-05-19T14:08:45.640+0000] {logging_mixin.py:188} INFO - [2026-05-19T14:08:45.640+0000] {dag.py:3096} INFO - Sync 1 DAGs
[2026-05-19T14:08:45.665+0000] {logging_mixin.py:188} INFO - [2026-05-19T14:08:45.664+0000] {dag.py:3954} INFO - Setting next_dagrun for example_setup_teardown_taskflow to 2026-05-18 00:00:00+00:00, run_after=2026-05-19 00:00:00+00:00
[2026-05-19T14:08:45.688+0000] {processor.py:183} INFO - Processing /home/airflow/.local/lib/python3.12/site-packages/airflow/example_dags/example_setup_teardown_taskflow.py took 0.104 seconds
[2026-05-19T14:09:15.949+0000] {processor.py:161} INFO - Started process (PID=4534) to work on /home/airflow/.local/lib/python3.12/site-packages/airflow/example_dags/example_setup_teardown_taskflow.py
[2026-05-19T14:09:15.951+0000] {processor.py:830} INFO - Processing file /home/airflow/.local/lib/python3.12/site-packages/airflow/example_dags/example_setup_teardown_taskflow.py for tasks to queue
[2026-05-19T14:09:15.954+0000] {logging_mixin.py:188} INFO - [2026-05-19T14:09:15.953+0000] {dagbag.py:545} INFO - Filling up the DagBag from /home/airflow/.local/lib/python3.12/site-packages/airflow/example_dags/example_setup_teardown_taskflow.py
[2026-05-19T14:09:15.968+0000] {processor.py:840} INFO - DAG(s) 'example_setup_teardown_taskflow' retrieved from /home/airflow/.local/lib/python3.12/site-packages/airflow/example_dags/example_setup_teardown_taskflow.py
[2026-05-19T14:09:16.005+0000] {logging_mixin.py:188} INFO - [2026-05-19T14:09:16.005+0000] {dag.py:3096} INFO - Sync 1 DAGs
[2026-05-19T14:09:16.032+0000] {logging_mixin.py:188} INFO - [2026-05-19T14:09:16.031+0000] {dag.py:3954} INFO - Setting next_dagrun for example_setup_teardown_taskflow to 2026-05-18 00:00:00+00:00, run_after=2026-05-19 00:00:00+00:00
[2026-05-19T14:09:16.063+0000] {processor.py:183} INFO - Processing /home/airflow/.local/lib/python3.12/site-packages/airflow/example_dags/example_setup_teardown_taskflow.py took 0.124 seconds
[2026-05-19T14:09:46.205+0000] {processor.py:161} INFO - Started process (PID=4594) to work on /home/airflow/.local/lib/python3.12/site-packages/airflow/example_dags/example_setup_teardown_taskflow.py
[2026-05-19T14:09:46.206+0000] {processor.py:830} INFO - Processing file /home/airflow/.local/lib/python3.12/site-packages/airflow/example_dags/example_setup_teardown_taskflow.py for tasks to queue
[2026-05-19T14:09:46.212+0000] {logging_mixin.py:188} INFO - [2026-05-19T14:09:46.212+0000] {dagbag.py:545} INFO - Filling up the DagBag from /home/airflow/.local/lib/python3.12/site-packages/airflow/example_dags/example_setup_teardown_taskflow.py
[2026-05-19T14:09:46.222+0000] {processor.py:840} INFO - DAG(s) 'example_setup_teardown_taskflow' retrieved from /home/airflow/.local/lib/python3.12/site-packages/airflow/example_dags/example_setup_teardown_taskflow.py
[2026-05-19T14:09:46.255+0000] {logging_mixin.py:188} INFO - [2026-05-19T14:09:46.255+0000] {dag.py:3096} INFO - Sync 1 DAGs
[2026-05-19T14:09:46.296+0000] {logging_mixin.py:188} INFO - [2026-05-19T14:09:46.296+0000] {dag.py:3954} INFO - Setting next_dagrun for example_setup_teardown_taskflow to 2026-05-18 00:00:00+00:00, run_after=2026-05-19 00:00:00+00:00
[2026-05-19T14:09:46.340+0000] {processor.py:183} INFO - Processing /home/airflow/.local/lib/python3.12/site-packages/airflow/example_dags/example_setup_teardown_taskflow.py took 0.141 seconds
[2026-05-19T14:10:16.454+0000] {processor.py:161} INFO - Started process (PID=4653) to work on /home/airflow/.local/lib/python3.12/site-packages/airflow/example_dags/example_setup_teardown_taskflow.py
[2026-05-19T14:10:16.456+0000] {processor.py:830} INFO - Processing file /home/airflow/.local/lib/python3.12/site-packages/airflow/example_dags/example_setup_teardown_taskflow.py for tasks to queue
[2026-05-19T14:10:16.459+0000] {logging_mixin.py:188} INFO - [2026-05-19T14:10:16.458+0000] {dagbag.py:545} INFO - Filling up the DagBag from /home/airflow/.local/lib/python3.12/site-packages/airflow/example_dags/example_setup_teardown_taskflow.py
[2026-05-19T14:10:16.471+0000] {processor.py:840} INFO - DAG(s) 'example_setup_teardown_taskflow' retrieved from /home/airflow/.local/lib/python3.12/site-packages/airflow/example_dags/example_setup_teardown_taskflow.py
[2026-05-19T14:10:16.496+0000] {logging_mixin.py:188} INFO - [2026-05-19T14:10:16.496+0000] {dag.py:3096} INFO - Sync 1 DAGs
[2026-05-19T14:10:16.526+0000] {logging_mixin.py:188} INFO - [2026-05-19T14:10:16.525+0000] {dag.py:3954} INFO - Setting next_dagrun for example_setup_teardown_taskflow to 2026-05-18 00:00:00+00:00, run_after=2026-05-19 00:00:00+00:00
[2026-05-19T14:10:16.554+0000] {processor.py:183} INFO - Processing /home/airflow/.local/lib/python3.12/site-packages/airflow/example_dags/example_setup_teardown_taskflow.py took 0.107 seconds
[2026-05-19T14:10:46.804+0000] {processor.py:161} INFO - Started process (PID=4712) to work on /home/airflow/.local/lib/python3.12/site-packages/airflow/example_dags/example_setup_teardown_taskflow.py
[2026-05-19T14:10:46.806+0000] {processor.py:830} INFO - Processing file /home/airflow/.local/lib/python3.12/site-packages/airflow/example_dags/example_setup_teardown_taskflow.py for tasks to queue
[2026-05-19T14:10:46.809+0000] {logging_mixin.py:188} INFO - [2026-05-19T14:10:46.809+0000] {dagbag.py:545} INFO - Filling up the DagBag from /home/airflow/.local/lib/python3.12/site-packages/airflow/example_dags/example_setup_teardown_taskflow.py
[2026-05-19T14:10:46.823+0000] {processor.py:840} INFO - DAG(s) 'example_setup_teardown_taskflow' retrieved from /home/airflow/.local/lib/python3.12/site-packages/airflow/example_dags/example_setup_teardown_taskflow.py
[2026-05-19T14:10:46.847+0000] {logging_mixin.py:188} INFO - [2026-05-19T14:10:46.846+0000] {dag.py:3096} INFO - Sync 1 DAGs
[2026-05-19T14:10:46.874+0000] {logging_mixin.py:188} INFO - [2026-05-19T14:10:46.873+0000] {dag.py:3954} INFO - Setting next_dagrun for example_setup_teardown_taskflow to 2026-05-18 00:00:00+00:00, run_after=2026-05-19 00:00:00+00:00
[2026-05-19T14:10:46.902+0000] {processor.py:183} INFO - Processing /home/airflow/.local/lib/python3.12/site-packages/airflow/example_dags/example_setup_teardown_taskflow.py took 0.104 seconds
[2026-05-19T14:11:17.126+0000] {processor.py:161} INFO - Started process (PID=4771) to work on /home/airflow/.local/lib/python3.12/site-packages/airflow/example_dags/example_setup_teardown_taskflow.py
[2026-05-19T14:11:17.127+0000] {processor.py:830} INFO - Processing file /home/airflow/.local/lib/python3.12/site-packages/airflow/example_dags/example_setup_teardown_taskflow.py for tasks to queue
[2026-05-19T14:11:17.130+0000] {logging_mixin.py:188} INFO - [2026-05-19T14:11:17.129+0000] {dagbag.py:545} INFO - Filling up the DagBag from /home/airflow/.local/lib/python3.12/site-packages/airflow/example_dags/example_setup_teardown_taskflow.py
[2026-05-19T14:11:17.146+0000] {processor.py:840} INFO - DAG(s) 'example_setup_teardown_taskflow' retrieved from /home/airflow/.local/lib/python3.12/site-packages/airflow/example_dags/example_setup_teardown_taskflow.py
[2026-05-19T14:11:17.178+0000] {logging_mixin.py:188} INFO - [2026-05-19T14:11:17.177+0000] {dag.py:3096} INFO - Sync 1 DAGs
[2026-05-19T14:11:17.203+0000] {logging_mixin.py:188} INFO - [2026-05-19T14:11:17.203+0000] {dag.py:3954} INFO - Setting next_dagrun for example_setup_teardown_taskflow to 2026-05-18 00:00:00+00:00, run_after=2026-05-19 00:00:00+00:00
[2026-05-19T14:11:17.233+0000] {processor.py:183} INFO - Processing /home/airflow/.local/lib/python3.12/site-packages/airflow/example_dags/example_setup_teardown_taskflow.py took 0.113 seconds
[2026-05-19T14:11:47.381+0000] {processor.py:161} INFO - Started process (PID=4830) to work on /home/airflow/.local/lib/python3.12/site-packages/airflow/example_dags/example_setup_teardown_taskflow.py
[2026-05-19T14:11:47.383+0000] {processor.py:830} INFO - Processing file /home/airflow/.local/lib/python3.12/site-packages/airflow/example_dags/example_setup_teardown_taskflow.py for tasks to queue
[2026-05-19T14:11:47.385+0000] {logging_mixin.py:188} INFO - [2026-05-19T14:11:47.385+0000] {dagbag.py:545} INFO - Filling up the DagBag from /home/airflow/.local/lib/python3.12/site-packages/airflow/example_dags/example_setup_teardown_taskflow.py
[2026-05-19T14:11:47.396+0000] {processor.py:840} INFO - DAG(s) 'example_setup_teardown_taskflow' retrieved from /home/airflow/.local/lib/python3.12/site-packages/airflow/example_dags/example_setup_teardown_taskflow.py
[2026-05-19T14:11:47.421+0000] {logging_mixin.py:188} INFO - [2026-05-19T14:11:47.420+0000] {dag.py:3096} INFO - Sync 1 DAGs
[2026-05-19T14:11:47.454+0000] {logging_mixin.py:188} INFO - [2026-05-19T14:11:47.454+0000] {dag.py:3954} INFO - Setting next_dagrun for example_setup_teardown_taskflow to 2026-05-18 00:00:00+00:00, run_after=2026-05-19 00:00:00+00:00
[2026-05-19T14:11:47.473+0000] {processor.py:183} INFO - Processing /home/airflow/.local/lib/python3.12/site-packages/airflow/example_dags/example_setup_teardown_taskflow.py took 0.099 seconds
[2026-05-19T14:12:17.996+0000] {processor.py:161} INFO - Started process (PID=4889) to work on /home/airflow/.local/lib/python3.12/site-packages/airflow/example_dags/example_setup_teardown_taskflow.py
[2026-05-19T14:12:17.998+0000] {processor.py:830} INFO - Processing file /home/airflow/.local/lib/python3.12/site-packages/airflow/example_dags/example_setup_teardown_taskflow.py for tasks to queue
[2026-05-19T14:12:18.002+0000] {logging_mixin.py:188} INFO - [2026-05-19T14:12:18.001+0000] {dagbag.py:545} INFO - Filling up the DagBag from /home/airflow/.local/lib/python3.12/site-packages/airflow/example_dags/example_setup_teardown_taskflow.py
[2026-05-19T14:12:18.015+0000] {processor.py:840} INFO - DAG(s) 'example_setup_teardown_taskflow' retrieved from /home/airflow/.local/lib/python3.12/site-packages/airflow/example_dags/example_setup_teardown_taskflow.py
[2026-05-19T14:12:18.043+0000] {logging_mixin.py:188} INFO - [2026-05-19T14:12:18.043+0000] {dag.py:3096} INFO - Sync 1 DAGs
[2026-05-19T14:12:18.073+0000] {logging_mixin.py:188} INFO - [2026-05-19T14:12:18.073+0000] {dag.py:3954} INFO - Setting next_dagrun for example_setup_teardown_taskflow to 2026-05-18 00:00:00+00:00, run_after=2026-05-19 00:00:00+00:00
[2026-05-19T14:12:18.104+0000] {processor.py:183} INFO - Processing /home/airflow/.local/lib/python3.12/site-packages/airflow/example_dags/example_setup_teardown_taskflow.py took 0.116 seconds
[2026-05-19T14:12:48.785+0000] {processor.py:161} INFO - Started process (PID=4948) to work on /home/airflow/.local/lib/python3.12/site-packages/airflow/example_dags/example_setup_teardown_taskflow.py
[2026-05-19T14:12:48.788+0000] {processor.py:830} INFO - Processing file /home/airflow/.local/lib/python3.12/site-packages/airflow/example_dags/example_setup_teardown_taskflow.py for tasks to queue
[2026-05-19T14:12:48.794+0000] {logging_mixin.py:188} INFO - [2026-05-19T14:12:48.793+0000] {dagbag.py:545} INFO - Filling up the DagBag from /home/airflow/.local/lib/python3.12/site-packages/airflow/example_dags/example_setup_teardown_taskflow.py
[2026-05-19T14:12:48.844+0000] {processor.py:840} INFO - DAG(s) 'example_setup_teardown_taskflow' retrieved from /home/airflow/.local/lib/python3.12/site-packages/airflow/example_dags/example_setup_teardown_taskflow.py
[2026-05-19T14:12:48.955+0000] {logging_mixin.py:188} INFO - [2026-05-19T14:12:48.954+0000] {dag.py:3096} INFO - Sync 1 DAGs
[2026-05-19T14:12:49.055+0000] {logging_mixin.py:188} INFO - [2026-05-19T14:12:49.054+0000] {dag.py:3954} INFO - Setting next_dagrun for example_setup_teardown_taskflow to 2026-05-18 00:00:00+00:00, run_after=2026-05-19 00:00:00+00:00
[2026-05-19T14:12:49.122+0000] {processor.py:183} INFO - Processing /home/airflow/.local/lib/python3.12/site-packages/airflow/example_dags/example_setup_teardown_taskflow.py took 0.351 seconds
[2026-05-19T14:13:19.398+0000] {processor.py:161} INFO - Started process (PID=5007) to work on /home/airflow/.local/lib/python3.12/site-packages/airflow/example_dags/example_setup_teardown_taskflow.py
[2026-05-19T14:13:19.401+0000] {processor.py:830} INFO - Processing file /home/airflow/.local/lib/python3.12/site-packages/airflow/example_dags/example_setup_teardown_taskflow.py for tasks to queue
[2026-05-19T14:13:19.404+0000] {logging_mixin.py:188} INFO - [2026-05-19T14:13:19.403+0000] {dagbag.py:545} INFO - Filling up the DagBag from /home/airflow/.local/lib/python3.12/site-packages/airflow/example_dags/example_setup_teardown_taskflow.py
[2026-05-19T14:13:19.418+0000] {processor.py:840} INFO - DAG(s) 'example_setup_teardown_taskflow' retrieved from /home/airflow/.local/lib/python3.12/site-packages/airflow/example_dags/example_setup_teardown_taskflow.py
[2026-05-19T14:13:19.445+0000] {logging_mixin.py:188} INFO - [2026-05-19T14:13:19.445+0000] {dag.py:3096} INFO - Sync 1 DAGs
[2026-05-19T14:13:19.476+0000] {logging_mixin.py:188} INFO - [2026-05-19T14:13:19.476+0000] {dag.py:3954} INFO - Setting next_dagrun for example_setup_teardown_taskflow to 2026-05-18 00:00:00+00:00, run_after=2026-05-19 00:00:00+00:00
[2026-05-19T14:13:19.504+0000] {processor.py:183} INFO - Processing /home/airflow/.local/lib/python3.12/site-packages/airflow/example_dags/example_setup_teardown_taskflow.py took 0.115 seconds
[2026-05-19T14:13:49.573+0000] {processor.py:161} INFO - Started process (PID=5066) to work on /home/airflow/.local/lib/python3.12/site-packages/airflow/example_dags/example_setup_teardown_taskflow.py
[2026-05-19T14:13:49.574+0000] {processor.py:830} INFO - Processing file /home/airflow/.local/lib/python3.12/site-packages/airflow/example_dags/example_setup_teardown_taskflow.py for tasks to queue
[2026-05-19T14:13:49.577+0000] {logging_mixin.py:188} INFO - [2026-05-19T14:13:49.576+0000] {dagbag.py:545} INFO - Filling up the DagBag from /home/airflow/.local/lib/python3.12/site-packages/airflow/example_dags/example_setup_teardown_taskflow.py
[2026-05-19T14:13:49.588+0000] {processor.py:840} INFO - DAG(s) 'example_setup_teardown_taskflow' retrieved from /home/airflow/.local/lib/python3.12/site-packages/airflow/example_dags/example_setup_teardown_taskflow.py
[2026-05-19T14:13:49.624+0000] {logging_mixin.py:188} INFO - [2026-05-19T14:13:49.623+0000] {dag.py:3096} INFO - Sync 1 DAGs
[2026-05-19T14:13:49.646+0000] {logging_mixin.py:188} INFO - [2026-05-19T14:13:49.646+0000] {dag.py:3954} INFO - Setting next_dagrun for example_setup_teardown_taskflow to 2026-05-18 00:00:00+00:00, run_after=2026-05-19 00:00:00+00:00
[2026-05-19T14:13:49.674+0000] {processor.py:183} INFO - Processing /home/airflow/.local/lib/python3.12/site-packages/airflow/example_dags/example_setup_teardown_taskflow.py took 0.108 seconds
[2026-05-19T14:14:19.862+0000] {processor.py:161} INFO - Started process (PID=5125) to work on /home/airflow/.local/lib/python3.12/site-packages/airflow/example_dags/example_setup_teardown_taskflow.py
[2026-05-19T14:14:19.863+0000] {processor.py:830} INFO - Processing file /home/airflow/.local/lib/python3.12/site-packages/airflow/example_dags/example_setup_teardown_taskflow.py for tasks to queue
[2026-05-19T14:14:19.866+0000] {logging_mixin.py:188} INFO - [2026-05-19T14:14:19.866+0000] {dagbag.py:545} INFO - Filling up the DagBag from /home/airflow/.local/lib/python3.12/site-packages/airflow/example_dags/example_setup_teardown_taskflow.py
[2026-05-19T14:14:19.880+0000] {processor.py:840} INFO - DAG(s) 'example_setup_teardown_taskflow' retrieved from /home/airflow/.local/lib/python3.12/site-packages/airflow/example_dags/example_setup_teardown_taskflow.py
[2026-05-19T14:14:19.907+0000] {logging_mixin.py:188} INFO - [2026-05-19T14:14:19.906+0000] {dag.py:3096} INFO - Sync 1 DAGs
[2026-05-19T14:14:19.929+0000] {logging_mixin.py:188} INFO - [2026-05-19T14:14:19.928+0000] {dag.py:3954} INFO - Setting next_dagrun for example_setup_teardown_taskflow to 2026-05-18 00:00:00+00:00, run_after=2026-05-19 00:00:00+00:00
[2026-05-19T14:14:19.952+0000] {processor.py:183} INFO - Processing /home/airflow/.local/lib/python3.12/site-packages/airflow/example_dags/example_setup_teardown_taskflow.py took 0.096 seconds
[2026-05-19T14:14:50.111+0000] {processor.py:161} INFO - Started process (PID=5184) to work on /home/airflow/.local/lib/python3.12/site-packages/airflow/example_dags/example_setup_teardown_taskflow.py
[2026-05-19T14:14:50.112+0000] {processor.py:830} INFO - Processing file /home/airflow/.local/lib/python3.12/site-packages/airflow/example_dags/example_setup_teardown_taskflow.py for tasks to queue
[2026-05-19T14:14:50.115+0000] {logging_mixin.py:188} INFO - [2026-05-19T14:14:50.114+0000] {dagbag.py:545} INFO - Filling up the DagBag from /home/airflow/.local/lib/python3.12/site-packages/airflow/example_dags/example_setup_teardown_taskflow.py
[2026-05-19T14:14:50.126+0000] {processor.py:840} INFO - DAG(s) 'example_setup_teardown_taskflow' retrieved from /home/airflow/.local/lib/python3.12/site-packages/airflow/example_dags/example_setup_teardown_taskflow.py
[2026-05-19T14:14:50.150+0000] {logging_mixin.py:188} INFO - [2026-05-19T14:14:50.149+0000] {dag.py:3096} INFO - Sync 1 DAGs
[2026-05-19T14:14:50.176+0000] {logging_mixin.py:188} INFO - [2026-05-19T14:14:50.176+0000] {dag.py:3954} INFO - Setting next_dagrun for example_setup_teardown_taskflow to 2026-05-18 00:00:00+00:00, run_after=2026-05-19 00:00:00+00:00
[2026-05-19T14:14:50.197+0000] {processor.py:183} INFO - Processing /home/airflow/.local/lib/python3.12/site-packages/airflow/example_dags/example_setup_teardown_taskflow.py took 0.093 seconds
[2026-05-19T14:15:20.803+0000] {processor.py:161} INFO - Started process (PID=5243) to work on /home/airflow/.local/lib/python3.12/site-packages/airflow/example_dags/example_setup_teardown_taskflow.py
[2026-05-19T14:15:20.804+0000] {processor.py:830} INFO - Processing file /home/airflow/.local/lib/python3.12/site-packages/airflow/example_dags/example_setup_teardown_taskflow.py for tasks to queue
[2026-05-19T14:15:20.806+0000] {logging_mixin.py:188} INFO - [2026-05-19T14:15:20.805+0000] {dagbag.py:545} INFO - Filling up the DagBag from /home/airflow/.local/lib/python3.12/site-packages/airflow/example_dags/example_setup_teardown_taskflow.py
[2026-05-19T14:15:20.815+0000] {processor.py:840} INFO - DAG(s) 'example_setup_teardown_taskflow' retrieved from /home/airflow/.local/lib/python3.12/site-packages/airflow/example_dags/example_setup_teardown_taskflow.py
[2026-05-19T14:15:20.839+0000] {logging_mixin.py:188} INFO - [2026-05-19T14:15:20.838+0000] {dag.py:3096} INFO - Sync 1 DAGs
[2026-05-19T14:15:20.869+0000] {logging_mixin.py:188} INFO - [2026-05-19T14:15:20.869+0000] {dag.py:3954} INFO - Setting next_dagrun for example_setup_teardown_taskflow to 2026-05-18 00:00:00+00:00, run_after=2026-05-19 00:00:00+00:00
[2026-05-19T14:15:20.897+0000] {processor.py:183} INFO - Processing /home/airflow/.local/lib/python3.12/site-packages/airflow/example_dags/example_setup_teardown_taskflow.py took 0.100 seconds
[2026-05-19T14:15:52.293+0000] {processor.py:161} INFO - Started process (PID=5312) to work on /home/airflow/.local/lib/python3.12/site-packages/airflow/example_dags/example_setup_teardown_taskflow.py
[2026-05-19T14:15:52.296+0000] {processor.py:830} INFO - Processing file /home/airflow/.local/lib/python3.12/site-packages/airflow/example_dags/example_setup_teardown_taskflow.py for tasks to queue
[2026-05-19T14:15:52.301+0000] {logging_mixin.py:188} INFO - [2026-05-19T14:15:52.300+0000] {dagbag.py:545} INFO - Filling up the DagBag from /home/airflow/.local/lib/python3.12/site-packages/airflow/example_dags/example_setup_teardown_taskflow.py
[2026-05-19T14:15:52.334+0000] {processor.py:840} INFO - DAG(s) 'example_setup_teardown_taskflow' retrieved from /home/airflow/.local/lib/python3.12/site-packages/airflow/example_dags/example_setup_teardown_taskflow.py
[2026-05-19T14:15:52.434+0000] {logging_mixin.py:188} INFO - [2026-05-19T14:15:52.434+0000] {dag.py:3096} INFO - Sync 1 DAGs
[2026-05-19T14:15:52.511+0000] {logging_mixin.py:188} INFO - [2026-05-19T14:15:52.510+0000] {dag.py:3954} INFO - Setting next_dagrun for example_setup_teardown_taskflow to 2026-05-18 00:00:00+00:00, run_after=2026-05-19 00:00:00+00:00
[2026-05-19T14:15:52.594+0000] {processor.py:183} INFO - Processing /home/airflow/.local/lib/python3.12/site-packages/airflow/example_dags/example_setup_teardown_taskflow.py took 0.316 seconds
[2026-05-19T14:16:22.951+0000] {processor.py:161} INFO - Started process (PID=5370) to work on /home/airflow/.local/lib/python3.12/site-packages/airflow/example_dags/example_setup_teardown_taskflow.py
[2026-05-19T14:16:22.954+0000] {processor.py:830} INFO - Processing file /home/airflow/.local/lib/python3.12/site-packages/airflow/example_dags/example_setup_teardown_taskflow.py for tasks to queue
[2026-05-19T14:16:22.963+0000] {logging_mixin.py:188} INFO - [2026-05-19T14:16:22.960+0000] {dagbag.py:545} INFO - Filling up the DagBag from /home/airflow/.local/lib/python3.12/site-packages/airflow/example_dags/example_setup_teardown_taskflow.py
[2026-05-19T14:16:22.988+0000] {processor.py:840} INFO - DAG(s) 'example_setup_teardown_taskflow' retrieved from /home/airflow/.local/lib/python3.12/site-packages/airflow/example_dags/example_setup_teardown_taskflow.py
[2026-05-19T14:16:23.059+0000] {logging_mixin.py:188} INFO - [2026-05-19T14:16:23.054+0000] {dag.py:3096} INFO - Sync 1 DAGs
[2026-05-19T14:16:23.128+0000] {logging_mixin.py:188} INFO - [2026-05-19T14:16:23.127+0000] {dag.py:3954} INFO - Setting next_dagrun for example_setup_teardown_taskflow to 2026-05-18 00:00:00+00:00, run_after=2026-05-19 00:00:00+00:00
[2026-05-19T14:16:23.191+0000] {processor.py:183} INFO - Processing /home/airflow/.local/lib/python3.12/site-packages/airflow/example_dags/example_setup_teardown_taskflow.py took 0.261 seconds
[2026-05-19T14:16:54.213+0000] {processor.py:161} INFO - Started process (PID=5429) to work on /home/airflow/.local/lib/python3.12/site-packages/airflow/example_dags/example_setup_teardown_taskflow.py
[2026-05-19T14:16:54.217+0000] {processor.py:830} INFO - Processing file /home/airflow/.local/lib/python3.12/site-packages/airflow/example_dags/example_setup_teardown_taskflow.py for tasks to queue
[2026-05-19T14:16:54.225+0000] {logging_mixin.py:188} INFO - [2026-05-19T14:16:54.224+0000] {dagbag.py:545} INFO - Filling up the DagBag from /home/airflow/.local/lib/python3.12/site-packages/airflow/example_dags/example_setup_teardown_taskflow.py
[2026-05-19T14:16:54.255+0000] {processor.py:840} INFO - DAG(s) 'example_setup_teardown_taskflow' retrieved from /home/airflow/.local/lib/python3.12/site-packages/airflow/example_dags/example_setup_teardown_taskflow.py
[2026-05-19T14:16:54.340+0000] {logging_mixin.py:188} INFO - [2026-05-19T14:16:54.340+0000] {dag.py:3096} INFO - Sync 1 DAGs
[2026-05-19T14:16:54.475+0000] {logging_mixin.py:188} INFO - [2026-05-19T14:16:54.473+0000] {dag.py:3954} INFO - Setting next_dagrun for example_setup_teardown_taskflow to 2026-05-18 00:00:00+00:00, run_after=2026-05-19 00:00:00+00:00
[2026-05-19T14:16:54.574+0000] {processor.py:183} INFO - Processing /home/airflow/.local/lib/python3.12/site-packages/airflow/example_dags/example_setup_teardown_taskflow.py took 0.385 seconds
[2026-05-19T14:17:24.867+0000] {processor.py:161} INFO - Started process (PID=5486) to work on /home/airflow/.local/lib/python3.12/site-packages/airflow/example_dags/example_setup_teardown_taskflow.py
[2026-05-19T14:17:24.868+0000] {processor.py:830} INFO - Processing file /home/airflow/.local/lib/python3.12/site-packages/airflow/example_dags/example_setup_teardown_taskflow.py for tasks to queue
[2026-05-19T14:17:24.871+0000] {logging_mixin.py:188} INFO - [2026-05-19T14:17:24.870+0000] {dagbag.py:545} INFO - Filling up the DagBag from /home/airflow/.local/lib/python3.12/site-packages/airflow/example_dags/example_setup_teardown_taskflow.py
[2026-05-19T14:17:24.884+0000] {processor.py:840} INFO - DAG(s) 'example_setup_teardown_taskflow' retrieved from /home/airflow/.local/lib/python3.12/site-packages/airflow/example_dags/example_setup_teardown_taskflow.py
[2026-05-19T14:17:24.920+0000] {logging_mixin.py:188} INFO - [2026-05-19T14:17:24.920+0000] {dag.py:3096} INFO - Sync 1 DAGs
[2026-05-19T14:17:24.951+0000] {logging_mixin.py:188} INFO - [2026-05-19T14:17:24.951+0000] {dag.py:3954} INFO - Setting next_dagrun for example_setup_teardown_taskflow to 2026-05-18 00:00:00+00:00, run_after=2026-05-19 00:00:00+00:00
[2026-05-19T14:17:24.988+0000] {processor.py:183} INFO - Processing /home/airflow/.local/lib/python3.12/site-packages/airflow/example_dags/example_setup_teardown_taskflow.py took 0.128 seconds
[2026-05-19T14:17:55.257+0000] {processor.py:161} INFO - Started process (PID=5545) to work on /home/airflow/.local/lib/python3.12/site-packages/airflow/example_dags/example_setup_teardown_taskflow.py
[2026-05-19T14:17:55.259+0000] {processor.py:830} INFO - Processing file /home/airflow/.local/lib/python3.12/site-packages/airflow/example_dags/example_setup_teardown_taskflow.py for tasks to queue
[2026-05-19T14:17:55.265+0000] {logging_mixin.py:188} INFO - [2026-05-19T14:17:55.263+0000] {dagbag.py:545} INFO - Filling up the DagBag from /home/airflow/.local/lib/python3.12/site-packages/airflow/example_dags/example_setup_teardown_taskflow.py
[2026-05-19T14:17:55.279+0000] {processor.py:840} INFO - DAG(s) 'example_setup_teardown_taskflow' retrieved from /home/airflow/.local/lib/python3.12/site-packages/airflow/example_dags/example_setup_teardown_taskflow.py
[2026-05-19T14:17:55.323+0000] {logging_mixin.py:188} INFO - [2026-05-19T14:17:55.323+0000] {dag.py:3096} INFO - Sync 1 DAGs
[2026-05-19T14:17:55.352+0000] {logging_mixin.py:188} INFO - [2026-05-19T14:17:55.352+0000] {dag.py:3954} INFO - Setting next_dagrun for example_setup_teardown_taskflow to 2026-05-18 00:00:00+00:00, run_after=2026-05-19 00:00:00+00:00
[2026-05-19T14:17:55.388+0000] {processor.py:183} INFO - Processing /home/airflow/.local/lib/python3.12/site-packages/airflow/example_dags/example_setup_teardown_taskflow.py took 0.146 seconds
[2026-05-19T14:18:25.683+0000] {processor.py:161} INFO - Started process (PID=5604) to work on /home/airflow/.local/lib/python3.12/site-packages/airflow/example_dags/example_setup_teardown_taskflow.py
[2026-05-19T14:18:25.684+0000] {processor.py:830} INFO - Processing file /home/airflow/.local/lib/python3.12/site-packages/airflow/example_dags/example_setup_teardown_taskflow.py for tasks to queue
[2026-05-19T14:18:25.686+0000] {logging_mixin.py:188} INFO - [2026-05-19T14:18:25.686+0000] {dagbag.py:545} INFO - Filling up the DagBag from /home/airflow/.local/lib/python3.12/site-packages/airflow/example_dags/example_setup_teardown_taskflow.py
[2026-05-19T14:18:25.696+0000] {processor.py:840} INFO - DAG(s) 'example_setup_teardown_taskflow' retrieved from /home/airflow/.local/lib/python3.12/site-packages/airflow/example_dags/example_setup_teardown_taskflow.py
[2026-05-19T14:18:25.726+0000] {logging_mixin.py:188} INFO - [2026-05-19T14:18:25.725+0000] {dag.py:3096} INFO - Sync 1 DAGs
[2026-05-19T14:18:25.755+0000] {logging_mixin.py:188} INFO - [2026-05-19T14:18:25.755+0000] {dag.py:3954} INFO - Setting next_dagrun for example_setup_teardown_taskflow to 2026-05-18 00:00:00+00:00, run_after=2026-05-19 00:00:00+00:00
[2026-05-19T14:18:25.776+0000] {processor.py:183} INFO - Processing /home/airflow/.local/lib/python3.12/site-packages/airflow/example_dags/example_setup_teardown_taskflow.py took 0.099 seconds
[2026-05-19T14:18:56.119+0000] {processor.py:161} INFO - Started process (PID=5663) to work on /home/airflow/.local/lib/python3.12/site-packages/airflow/example_dags/example_setup_teardown_taskflow.py
[2026-05-19T14:18:56.121+0000] {processor.py:830} INFO - Processing file /home/airflow/.local/lib/python3.12/site-packages/airflow/example_dags/example_setup_teardown_taskflow.py for tasks to queue
[2026-05-19T14:18:56.125+0000] {logging_mixin.py:188} INFO - [2026-05-19T14:18:56.124+0000] {dagbag.py:545} INFO - Filling up the DagBag from /home/airflow/.local/lib/python3.12/site-packages/airflow/example_dags/example_setup_teardown_taskflow.py
[2026-05-19T14:18:56.138+0000] {processor.py:840} INFO - DAG(s) 'example_setup_teardown_taskflow' retrieved from /home/airflow/.local/lib/python3.12/site-packages/airflow/example_dags/example_setup_teardown_taskflow.py
[2026-05-19T14:18:56.172+0000] {logging_mixin.py:188} INFO - [2026-05-19T14:18:56.171+0000] {dag.py:3096} INFO - Sync 1 DAGs
[2026-05-19T14:18:56.196+0000] {logging_mixin.py:188} INFO - [2026-05-19T14:18:56.195+0000] {dag.py:3954} INFO - Setting next_dagrun for example_setup_teardown_taskflow to 2026-05-18 00:00:00+00:00, run_after=2026-05-19 00:00:00+00:00
[2026-05-19T14:18:56.225+0000] {processor.py:183} INFO - Processing /home/airflow/.local/lib/python3.12/site-packages/airflow/example_dags/example_setup_teardown_taskflow.py took 0.113 seconds
[2026-05-19T14:19:26.657+0000] {processor.py:161} INFO - Started process (PID=5722) to work on /home/airflow/.local/lib/python3.12/site-packages/airflow/example_dags/example_setup_teardown_taskflow.py
[2026-05-19T14:19:26.659+0000] {processor.py:830} INFO - Processing file /home/airflow/.local/lib/python3.12/site-packages/airflow/example_dags/example_setup_teardown_taskflow.py for tasks to queue
[2026-05-19T14:19:26.662+0000] {logging_mixin.py:188} INFO - [2026-05-19T14:19:26.661+0000] {dagbag.py:545} INFO - Filling up the DagBag from /home/airflow/.local/lib/python3.12/site-packages/airflow/example_dags/example_setup_teardown_taskflow.py
[2026-05-19T14:19:26.673+0000] {processor.py:840} INFO - DAG(s) 'example_setup_teardown_taskflow' retrieved from /home/airflow/.local/lib/python3.12/site-packages/airflow/example_dags/example_setup_teardown_taskflow.py
[2026-05-19T14:19:26.709+0000] {logging_mixin.py:188} INFO - [2026-05-19T14:19:26.709+0000] {dag.py:3096} INFO - Sync 1 DAGs
[2026-05-19T14:19:26.731+0000] {logging_mixin.py:188} INFO - [2026-05-19T14:19:26.731+0000] {dag.py:3954} INFO - Setting next_dagrun for example_setup_teardown_taskflow to 2026-05-18 00:00:00+00:00, run_after=2026-05-19 00:00:00+00:00
[2026-05-19T14:19:26.766+0000] {processor.py:183} INFO - Processing /home/airflow/.local/lib/python3.12/site-packages/airflow/example_dags/example_setup_teardown_taskflow.py took 0.114 seconds
[2026-05-19T14:19:57.261+0000] {processor.py:161} INFO - Started process (PID=5781) to work on /home/airflow/.local/lib/python3.12/site-packages/airflow/example_dags/example_setup_teardown_taskflow.py
[2026-05-19T14:19:57.262+0000] {processor.py:830} INFO - Processing file /home/airflow/.local/lib/python3.12/site-packages/airflow/example_dags/example_setup_teardown_taskflow.py for tasks to queue
[2026-05-19T14:19:57.265+0000] {logging_mixin.py:188} INFO - [2026-05-19T14:19:57.264+0000] {dagbag.py:545} INFO - Filling up the DagBag from /home/airflow/.local/lib/python3.12/site-packages/airflow/example_dags/example_setup_teardown_taskflow.py
[2026-05-19T14:19:57.278+0000] {processor.py:840} INFO - DAG(s) 'example_setup_teardown_taskflow' retrieved from /home/airflow/.local/lib/python3.12/site-packages/airflow/example_dags/example_setup_teardown_taskflow.py
[2026-05-19T14:19:57.321+0000] {logging_mixin.py:188} INFO - [2026-05-19T14:19:57.320+0000] {dag.py:3096} INFO - Sync 1 DAGs
[2026-05-19T14:19:57.367+0000] {logging_mixin.py:188} INFO - [2026-05-19T14:19:57.367+0000] {dag.py:3954} INFO - Setting next_dagrun for example_setup_teardown_taskflow to 2026-05-18 00:00:00+00:00, run_after=2026-05-19 00:00:00+00:00
[2026-05-19T14:19:57.412+0000] {processor.py:183} INFO - Processing /home/airflow/.local/lib/python3.12/site-packages/airflow/example_dags/example_setup_teardown_taskflow.py took 0.159 seconds
[2026-05-19T14:20:27.570+0000] {processor.py:161} INFO - Started process (PID=5840) to work on /home/airflow/.local/lib/python3.12/site-packages/airflow/example_dags/example_setup_teardown_taskflow.py
[2026-05-19T14:20:27.572+0000] {processor.py:830} INFO - Processing file /home/airflow/.local/lib/python3.12/site-packages/airflow/example_dags/example_setup_teardown_taskflow.py for tasks to queue
[2026-05-19T14:20:27.576+0000] {logging_mixin.py:188} INFO - [2026-05-19T14:20:27.575+0000] {dagbag.py:545} INFO - Filling up the DagBag from /home/airflow/.local/lib/python3.12/site-packages/airflow/example_dags/example_setup_teardown_taskflow.py
[2026-05-19T14:20:27.593+0000] {processor.py:840} INFO - DAG(s) 'example_setup_teardown_taskflow' retrieved from /home/airflow/.local/lib/python3.12/site-packages/airflow/example_dags/example_setup_teardown_taskflow.py
[2026-05-19T14:20:27.622+0000] {logging_mixin.py:188} INFO - [2026-05-19T14:20:27.621+0000] {dag.py:3096} INFO - Sync 1 DAGs
[2026-05-19T14:20:27.660+0000] {logging_mixin.py:188} INFO - [2026-05-19T14:20:27.660+0000] {dag.py:3954} INFO - Setting next_dagrun for example_setup_teardown_taskflow to 2026-05-18 00:00:00+00:00, run_after=2026-05-19 00:00:00+00:00
[2026-05-19T14:20:27.695+0000] {processor.py:183} INFO - Processing /home/airflow/.local/lib/python3.12/site-packages/airflow/example_dags/example_setup_teardown_taskflow.py took 0.132 seconds
[2026-05-19T14:20:57.909+0000] {processor.py:161} INFO - Started process (PID=5899) to work on /home/airflow/.local/lib/python3.12/site-packages/airflow/example_dags/example_setup_teardown_taskflow.py
[2026-05-19T14:20:57.910+0000] {processor.py:830} INFO - Processing file /home/airflow/.local/lib/python3.12/site-packages/airflow/example_dags/example_setup_teardown_taskflow.py for tasks to queue
[2026-05-19T14:20:57.912+0000] {logging_mixin.py:188} INFO - [2026-05-19T14:20:57.911+0000] {dagbag.py:545} INFO - Filling up the DagBag from /home/airflow/.local/lib/python3.12/site-packages/airflow/example_dags/example_setup_teardown_taskflow.py
[2026-05-19T14:20:57.920+0000] {processor.py:840} INFO - DAG(s) 'example_setup_teardown_taskflow' retrieved from /home/airflow/.local/lib/python3.12/site-packages/airflow/example_dags/example_setup_teardown_taskflow.py
[2026-05-19T14:20:57.941+0000] {logging_mixin.py:188} INFO - [2026-05-19T14:20:57.941+0000] {dag.py:3096} INFO - Sync 1 DAGs
[2026-05-19T14:20:57.957+0000] {logging_mixin.py:188} INFO - [2026-05-19T14:20:57.957+0000] {dag.py:3954} INFO - Setting next_dagrun for example_setup_teardown_taskflow to 2026-05-18 00:00:00+00:00, run_after=2026-05-19 00:00:00+00:00
[2026-05-19T14:20:57.974+0000] {processor.py:183} INFO - Processing /home/airflow/.local/lib/python3.12/site-packages/airflow/example_dags/example_setup_teardown_taskflow.py took 0.070 seconds
[2026-05-19T14:21:28.284+0000] {processor.py:161} INFO - Started process (PID=5958) to work on /home/airflow/.local/lib/python3.12/site-packages/airflow/example_dags/example_setup_teardown_taskflow.py
[2026-05-19T14:21:28.285+0000] {processor.py:830} INFO - Processing file /home/airflow/.local/lib/python3.12/site-packages/airflow/example_dags/example_setup_teardown_taskflow.py for tasks to queue
[2026-05-19T14:21:28.289+0000] {logging_mixin.py:188} INFO - [2026-05-19T14:21:28.288+0000] {dagbag.py:545} INFO - Filling up the DagBag from /home/airflow/.local/lib/python3.12/site-packages/airflow/example_dags/example_setup_teardown_taskflow.py
[2026-05-19T14:21:28.299+0000] {processor.py:840} INFO - DAG(s) 'example_setup_teardown_taskflow' retrieved from /home/airflow/.local/lib/python3.12/site-packages/airflow/example_dags/example_setup_teardown_taskflow.py
[2026-05-19T14:21:28.328+0000] {logging_mixin.py:188} INFO - [2026-05-19T14:21:28.327+0000] {dag.py:3096} INFO - Sync 1 DAGs
[2026-05-19T14:21:28.352+0000] {logging_mixin.py:188} INFO - [2026-05-19T14:21:28.352+0000] {dag.py:3954} INFO - Setting next_dagrun for example_setup_teardown_taskflow to 2026-05-18 00:00:00+00:00, run_after=2026-05-19 00:00:00+00:00
[2026-05-19T14:21:28.378+0000] {processor.py:183} INFO - Processing /home/airflow/.local/lib/python3.12/site-packages/airflow/example_dags/example_setup_teardown_taskflow.py took 0.101 seconds
[2026-05-19T17:35:42.494+0000] {processor.py:161} INFO - Started process (PID=6021) to work on /home/airflow/.local/lib/python3.12/site-packages/airflow/example_dags/example_setup_teardown_taskflow.py
[2026-05-19T17:35:42.496+0000] {processor.py:830} INFO - Processing file /home/airflow/.local/lib/python3.12/site-packages/airflow/example_dags/example_setup_teardown_taskflow.py for tasks to queue
[2026-05-19T17:35:42.501+0000] {logging_mixin.py:188} INFO - [2026-05-19T17:35:42.501+0000] {dagbag.py:545} INFO - Filling up the DagBag from /home/airflow/.local/lib/python3.12/site-packages/airflow/example_dags/example_setup_teardown_taskflow.py
[2026-05-19T17:35:42.518+0000] {processor.py:840} INFO - DAG(s) 'example_setup_teardown_taskflow' retrieved from /home/airflow/.local/lib/python3.12/site-packages/airflow/example_dags/example_setup_teardown_taskflow.py
[2026-05-19T17:35:42.561+0000] {logging_mixin.py:188} INFO - [2026-05-19T17:35:42.560+0000] {dag.py:3096} INFO - Sync 1 DAGs
[2026-05-19T17:35:42.601+0000] {logging_mixin.py:188} INFO - [2026-05-19T17:35:42.601+0000] {dag.py:3954} INFO - Setting next_dagrun for example_setup_teardown_taskflow to 2026-05-18 00:00:00+00:00, run_after=2026-05-19 00:00:00+00:00
[2026-05-19T17:35:42.642+0000] {processor.py:183} INFO - Processing /home/airflow/.local/lib/python3.12/site-packages/airflow/example_dags/example_setup_teardown_taskflow.py took 0.157 seconds
[2026-05-19T17:36:12.803+0000] {processor.py:161} INFO - Started process (PID=6081) to work on /home/airflow/.local/lib/python3.12/site-packages/airflow/example_dags/example_setup_teardown_taskflow.py
[2026-05-19T17:36:12.805+0000] {processor.py:830} INFO - Processing file /home/airflow/.local/lib/python3.12/site-packages/airflow/example_dags/example_setup_teardown_taskflow.py for tasks to queue
[2026-05-19T17:36:12.808+0000] {logging_mixin.py:188} INFO - [2026-05-19T17:36:12.808+0000] {dagbag.py:545} INFO - Filling up the DagBag from /home/airflow/.local/lib/python3.12/site-packages/airflow/example_dags/example_setup_teardown_taskflow.py
[2026-05-19T17:36:12.823+0000] {processor.py:840} INFO - DAG(s) 'example_setup_teardown_taskflow' retrieved from /home/airflow/.local/lib/python3.12/site-packages/airflow/example_dags/example_setup_teardown_taskflow.py
[2026-05-19T17:36:12.854+0000] {logging_mixin.py:188} INFO - [2026-05-19T17:36:12.853+0000] {dag.py:3096} INFO - Sync 1 DAGs
[2026-05-19T17:36:12.883+0000] {logging_mixin.py:188} INFO - [2026-05-19T17:36:12.883+0000] {dag.py:3954} INFO - Setting next_dagrun for example_setup_teardown_taskflow to 2026-05-18 00:00:00+00:00, run_after=2026-05-19 00:00:00+00:00
[2026-05-19T17:36:12.914+0000] {processor.py:183} INFO - Processing /home/airflow/.local/lib/python3.12/site-packages/airflow/example_dags/example_setup_teardown_taskflow.py took 0.119 seconds
[2026-05-19T17:36:42.995+0000] {processor.py:161} INFO - Started process (PID=6140) to work on /home/airflow/.local/lib/python3.12/site-packages/airflow/example_dags/example_setup_teardown_taskflow.py
[2026-05-19T17:36:42.996+0000] {processor.py:830} INFO - Processing file /home/airflow/.local/lib/python3.12/site-packages/airflow/example_dags/example_setup_teardown_taskflow.py for tasks to queue
[2026-05-19T17:36:42.999+0000] {logging_mixin.py:188} INFO - [2026-05-19T17:36:42.999+0000] {dagbag.py:545} INFO - Filling up the DagBag from /home/airflow/.local/lib/python3.12/site-packages/airflow/example_dags/example_setup_teardown_taskflow.py
[2026-05-19T17:36:43.009+0000] {processor.py:840} INFO - DAG(s) 'example_setup_teardown_taskflow' retrieved from /home/airflow/.local/lib/python3.12/site-packages/airflow/example_dags/example_setup_teardown_taskflow.py
[2026-05-19T17:36:43.035+0000] {logging_mixin.py:188} INFO - [2026-05-19T17:36:43.035+0000] {dag.py:3096} INFO - Sync 1 DAGs
[2026-05-19T17:36:43.056+0000] {logging_mixin.py:188} INFO - [2026-05-19T17:36:43.056+0000] {dag.py:3954} INFO - Setting next_dagrun for example_setup_teardown_taskflow to 2026-05-18 00:00:00+00:00, run_after=2026-05-19 00:00:00+00:00
[2026-05-19T17:36:43.075+0000] {processor.py:183} INFO - Processing /home/airflow/.local/lib/python3.12/site-packages/airflow/example_dags/example_setup_teardown_taskflow.py took 0.088 seconds
[2026-05-19T17:37:13.707+0000] {processor.py:161} INFO - Started process (PID=6199) to work on /home/airflow/.local/lib/python3.12/site-packages/airflow/example_dags/example_setup_teardown_taskflow.py
[2026-05-19T17:37:13.710+0000] {processor.py:830} INFO - Processing file /home/airflow/.local/lib/python3.12/site-packages/airflow/example_dags/example_setup_teardown_taskflow.py for tasks to queue
[2026-05-19T17:37:13.713+0000] {logging_mixin.py:188} INFO - [2026-05-19T17:37:13.712+0000] {dagbag.py:545} INFO - Filling up the DagBag from /home/airflow/.local/lib/python3.12/site-packages/airflow/example_dags/example_setup_teardown_taskflow.py
[2026-05-19T17:37:13.723+0000] {processor.py:840} INFO - DAG(s) 'example_setup_teardown_taskflow' retrieved from /home/airflow/.local/lib/python3.12/site-packages/airflow/example_dags/example_setup_teardown_taskflow.py
[2026-05-19T17:37:13.750+0000] {logging_mixin.py:188} INFO - [2026-05-19T17:37:13.749+0000] {dag.py:3096} INFO - Sync 1 DAGs
[2026-05-19T17:37:13.770+0000] {logging_mixin.py:188} INFO - [2026-05-19T17:37:13.770+0000] {dag.py:3954} INFO - Setting next_dagrun for example_setup_teardown_taskflow to 2026-05-18 00:00:00+00:00, run_after=2026-05-19 00:00:00+00:00
[2026-05-19T17:37:13.787+0000] {processor.py:183} INFO - Processing /home/airflow/.local/lib/python3.12/site-packages/airflow/example_dags/example_setup_teardown_taskflow.py took 0.087 seconds
[2026-05-19T17:37:44.389+0000] {processor.py:161} INFO - Started process (PID=6258) to work on /home/airflow/.local/lib/python3.12/site-packages/airflow/example_dags/example_setup_teardown_taskflow.py
[2026-05-19T17:37:44.391+0000] {processor.py:830} INFO - Processing file /home/airflow/.local/lib/python3.12/site-packages/airflow/example_dags/example_setup_teardown_taskflow.py for tasks to queue
[2026-05-19T17:37:44.394+0000] {logging_mixin.py:188} INFO - [2026-05-19T17:37:44.394+0000] {dagbag.py:545} INFO - Filling up the DagBag from /home/airflow/.local/lib/python3.12/site-packages/airflow/example_dags/example_setup_teardown_taskflow.py
[2026-05-19T17:37:44.405+0000] {processor.py:840} INFO - DAG(s) 'example_setup_teardown_taskflow' retrieved from /home/airflow/.local/lib/python3.12/site-packages/airflow/example_dags/example_setup_teardown_taskflow.py
[2026-05-19T17:37:44.426+0000] {logging_mixin.py:188} INFO - [2026-05-19T17:37:44.426+0000] {dag.py:3096} INFO - Sync 1 DAGs
[2026-05-19T17:37:44.459+0000] {logging_mixin.py:188} INFO - [2026-05-19T17:37:44.458+0000] {dag.py:3954} INFO - Setting next_dagrun for example_setup_teardown_taskflow to 2026-05-18 00:00:00+00:00, run_after=2026-05-19 00:00:00+00:00
[2026-05-19T17:37:44.503+0000] {processor.py:183} INFO - Processing /home/airflow/.local/lib/python3.12/site-packages/airflow/example_dags/example_setup_teardown_taskflow.py took 0.121 seconds
[2026-05-19T17:38:14.735+0000] {processor.py:161} INFO - Started process (PID=6317) to work on /home/airflow/.local/lib/python3.12/site-packages/airflow/example_dags/example_setup_teardown_taskflow.py
[2026-05-19T17:38:14.736+0000] {processor.py:830} INFO - Processing file /home/airflow/.local/lib/python3.12/site-packages/airflow/example_dags/example_setup_teardown_taskflow.py for tasks to queue
[2026-05-19T17:38:14.738+0000] {logging_mixin.py:188} INFO - [2026-05-19T17:38:14.738+0000] {dagbag.py:545} INFO - Filling up the DagBag from /home/airflow/.local/lib/python3.12/site-packages/airflow/example_dags/example_setup_teardown_taskflow.py
[2026-05-19T17:38:14.749+0000] {processor.py:840} INFO - DAG(s) 'example_setup_teardown_taskflow' retrieved from /home/airflow/.local/lib/python3.12/site-packages/airflow/example_dags/example_setup_teardown_taskflow.py
[2026-05-19T17:38:14.772+0000] {logging_mixin.py:188} INFO - [2026-05-19T17:38:14.772+0000] {dag.py:3096} INFO - Sync 1 DAGs
[2026-05-19T17:38:14.796+0000] {logging_mixin.py:188} INFO - [2026-05-19T17:38:14.796+0000] {dag.py:3954} INFO - Setting next_dagrun for example_setup_teardown_taskflow to 2026-05-18 00:00:00+00:00, run_after=2026-05-19 00:00:00+00:00
[2026-05-19T17:38:14.814+0000] {processor.py:183} INFO - Processing /home/airflow/.local/lib/python3.12/site-packages/airflow/example_dags/example_setup_teardown_taskflow.py took 0.084 seconds
[2026-05-19T17:38:45.748+0000] {processor.py:161} INFO - Started process (PID=6376) to work on /home/airflow/.local/lib/python3.12/site-packages/airflow/example_dags/example_setup_teardown_taskflow.py
[2026-05-19T17:38:45.749+0000] {processor.py:830} INFO - Processing file /home/airflow/.local/lib/python3.12/site-packages/airflow/example_dags/example_setup_teardown_taskflow.py for tasks to queue
[2026-05-19T17:38:45.751+0000] {logging_mixin.py:188} INFO - [2026-05-19T17:38:45.751+0000] {dagbag.py:545} INFO - Filling up the DagBag from /home/airflow/.local/lib/python3.12/site-packages/airflow/example_dags/example_setup_teardown_taskflow.py
[2026-05-19T17:38:45.758+0000] {processor.py:840} INFO - DAG(s) 'example_setup_teardown_taskflow' retrieved from /home/airflow/.local/lib/python3.12/site-packages/airflow/example_dags/example_setup_teardown_taskflow.py
[2026-05-19T17:38:45.779+0000] {logging_mixin.py:188} INFO - [2026-05-19T17:38:45.779+0000] {dag.py:3096} INFO - Sync 1 DAGs
[2026-05-19T17:38:45.800+0000] {logging_mixin.py:188} INFO - [2026-05-19T17:38:45.799+0000] {dag.py:3954} INFO - Setting next_dagrun for example_setup_teardown_taskflow to 2026-05-18 00:00:00+00:00, run_after=2026-05-19 00:00:00+00:00
[2026-05-19T17:38:45.820+0000] {processor.py:183} INFO - Processing /home/airflow/.local/lib/python3.12/site-packages/airflow/example_dags/example_setup_teardown_taskflow.py took 0.076 seconds
[2026-05-19T17:39:16.077+0000] {processor.py:161} INFO - Started process (PID=6435) to work on /home/airflow/.local/lib/python3.12/site-packages/airflow/example_dags/example_setup_teardown_taskflow.py
[2026-05-19T17:39:16.078+0000] {processor.py:830} INFO - Processing file /home/airflow/.local/lib/python3.12/site-packages/airflow/example_dags/example_setup_teardown_taskflow.py for tasks to queue
[2026-05-19T17:39:16.081+0000] {logging_mixin.py:188} INFO - [2026-05-19T17:39:16.081+0000] {dagbag.py:545} INFO - Filling up the DagBag from /home/airflow/.local/lib/python3.12/site-packages/airflow/example_dags/example_setup_teardown_taskflow.py
[2026-05-19T17:39:16.090+0000] {processor.py:840} INFO - DAG(s) 'example_setup_teardown_taskflow' retrieved from /home/airflow/.local/lib/python3.12/site-packages/airflow/example_dags/example_setup_teardown_taskflow.py
[2026-05-19T17:39:16.111+0000] {logging_mixin.py:188} INFO - [2026-05-19T17:39:16.111+0000] {dag.py:3096} INFO - Sync 1 DAGs
[2026-05-19T17:39:16.133+0000] {logging_mixin.py:188} INFO - [2026-05-19T17:39:16.133+0000] {dag.py:3954} INFO - Setting next_dagrun for example_setup_teardown_taskflow to 2026-05-18 00:00:00+00:00, run_after=2026-05-19 00:00:00+00:00
[2026-05-19T17:39:16.153+0000] {processor.py:183} INFO - Processing /home/airflow/.local/lib/python3.12/site-packages/airflow/example_dags/example_setup_teardown_taskflow.py took 0.081 seconds
[2026-05-19T17:39:46.477+0000] {processor.py:161} INFO - Started process (PID=6494) to work on /home/airflow/.local/lib/python3.12/site-packages/airflow/example_dags/example_setup_teardown_taskflow.py
[2026-05-19T17:39:46.479+0000] {processor.py:830} INFO - Processing file /home/airflow/.local/lib/python3.12/site-packages/airflow/example_dags/example_setup_teardown_taskflow.py for tasks to queue
[2026-05-19T17:39:46.481+0000] {logging_mixin.py:188} INFO - [2026-05-19T17:39:46.481+0000] {dagbag.py:545} INFO - Filling up the DagBag from /home/airflow/.local/lib/python3.12/site-packages/airflow/example_dags/example_setup_teardown_taskflow.py
[2026-05-19T17:39:46.491+0000] {processor.py:840} INFO - DAG(s) 'example_setup_teardown_taskflow' retrieved from /home/airflow/.local/lib/python3.12/site-packages/airflow/example_dags/example_setup_teardown_taskflow.py
[2026-05-19T17:39:46.514+0000] {logging_mixin.py:188} INFO - [2026-05-19T17:39:46.514+0000] {dag.py:3096} INFO - Sync 1 DAGs
[2026-05-19T17:39:46.541+0000] {logging_mixin.py:188} INFO - [2026-05-19T17:39:46.541+0000] {dag.py:3954} INFO - Setting next_dagrun for example_setup_teardown_taskflow to 2026-05-18 00:00:00+00:00, run_after=2026-05-19 00:00:00+00:00
[2026-05-19T17:39:46.564+0000] {processor.py:183} INFO - Processing /home/airflow/.local/lib/python3.12/site-packages/airflow/example_dags/example_setup_teardown_taskflow.py took 0.093 seconds
[2026-05-19T17:40:16.719+0000] {processor.py:161} INFO - Started process (PID=6553) to work on /home/airflow/.local/lib/python3.12/site-packages/airflow/example_dags/example_setup_teardown_taskflow.py
[2026-05-19T17:40:16.720+0000] {processor.py:830} INFO - Processing file /home/airflow/.local/lib/python3.12/site-packages/airflow/example_dags/example_setup_teardown_taskflow.py for tasks to queue
[2026-05-19T17:40:16.723+0000] {logging_mixin.py:188} INFO - [2026-05-19T17:40:16.723+0000] {dagbag.py:545} INFO - Filling up the DagBag from /home/airflow/.local/lib/python3.12/site-packages/airflow/example_dags/example_setup_teardown_taskflow.py
[2026-05-19T17:40:16.733+0000] {processor.py:840} INFO - DAG(s) 'example_setup_teardown_taskflow' retrieved from /home/airflow/.local/lib/python3.12/site-packages/airflow/example_dags/example_setup_teardown_taskflow.py
[2026-05-19T17:40:16.755+0000] {logging_mixin.py:188} INFO - [2026-05-19T17:40:16.754+0000] {dag.py:3096} INFO - Sync 1 DAGs
[2026-05-19T17:40:16.774+0000] {logging_mixin.py:188} INFO - [2026-05-19T17:40:16.773+0000] {dag.py:3954} INFO - Setting next_dagrun for example_setup_teardown_taskflow to 2026-05-18 00:00:00+00:00, run_after=2026-05-19 00:00:00+00:00
[2026-05-19T17:40:16.795+0000] {processor.py:183} INFO - Processing /home/airflow/.local/lib/python3.12/site-packages/airflow/example_dags/example_setup_teardown_taskflow.py took 0.083 seconds
[2026-05-19T17:40:47.145+0000] {processor.py:161} INFO - Started process (PID=6612) to work on /home/airflow/.local/lib/python3.12/site-packages/airflow/example_dags/example_setup_teardown_taskflow.py
[2026-05-19T17:40:47.146+0000] {processor.py:830} INFO - Processing file /home/airflow/.local/lib/python3.12/site-packages/airflow/example_dags/example_setup_teardown_taskflow.py for tasks to queue
[2026-05-19T17:40:47.148+0000] {logging_mixin.py:188} INFO - [2026-05-19T17:40:47.148+0000] {dagbag.py:545} INFO - Filling up the DagBag from /home/airflow/.local/lib/python3.12/site-packages/airflow/example_dags/example_setup_teardown_taskflow.py
[2026-05-19T17:40:47.158+0000] {processor.py:840} INFO - DAG(s) 'example_setup_teardown_taskflow' retrieved from /home/airflow/.local/lib/python3.12/site-packages/airflow/example_dags/example_setup_teardown_taskflow.py
[2026-05-19T17:40:47.184+0000] {logging_mixin.py:188} INFO - [2026-05-19T17:40:47.183+0000] {dag.py:3096} INFO - Sync 1 DAGs
[2026-05-19T17:40:47.204+0000] {logging_mixin.py:188} INFO - [2026-05-19T17:40:47.204+0000] {dag.py:3954} INFO - Setting next_dagrun for example_setup_teardown_taskflow to 2026-05-18 00:00:00+00:00, run_after=2026-05-19 00:00:00+00:00
[2026-05-19T17:40:47.230+0000] {processor.py:183} INFO - Processing /home/airflow/.local/lib/python3.12/site-packages/airflow/example_dags/example_setup_teardown_taskflow.py took 0.094 seconds
[2026-05-19T17:41:18.272+0000] {processor.py:161} INFO - Started process (PID=6671) to work on /home/airflow/.local/lib/python3.12/site-packages/airflow/example_dags/example_setup_teardown_taskflow.py
[2026-05-19T17:41:18.273+0000] {processor.py:830} INFO - Processing file /home/airflow/.local/lib/python3.12/site-packages/airflow/example_dags/example_setup_teardown_taskflow.py for tasks to queue
[2026-05-19T17:41:18.275+0000] {logging_mixin.py:188} INFO - [2026-05-19T17:41:18.275+0000] {dagbag.py:545} INFO - Filling up the DagBag from /home/airflow/.local/lib/python3.12/site-packages/airflow/example_dags/example_setup_teardown_taskflow.py
[2026-05-19T17:41:18.282+0000] {processor.py:840} INFO - DAG(s) 'example_setup_teardown_taskflow' retrieved from /home/airflow/.local/lib/python3.12/site-packages/airflow/example_dags/example_setup_teardown_taskflow.py
[2026-05-19T17:41:18.298+0000] {logging_mixin.py:188} INFO - [2026-05-19T17:41:18.298+0000] {dag.py:3096} INFO - Sync 1 DAGs
[2026-05-19T17:41:18.314+0000] {logging_mixin.py:188} INFO - [2026-05-19T17:41:18.314+0000] {dag.py:3954} INFO - Setting next_dagrun for example_setup_teardown_taskflow to 2026-05-18 00:00:00+00:00, run_after=2026-05-19 00:00:00+00:00
[2026-05-19T17:41:18.333+0000] {processor.py:183} INFO - Processing /home/airflow/.local/lib/python3.12/site-packages/airflow/example_dags/example_setup_teardown_taskflow.py took 0.065 seconds
[2026-05-19T17:41:48.522+0000] {processor.py:161} INFO - Started process (PID=6730) to work on /home/airflow/.local/lib/python3.12/site-packages/airflow/example_dags/example_setup_teardown_taskflow.py
[2026-05-19T17:41:48.523+0000] {processor.py:830} INFO - Processing file /home/airflow/.local/lib/python3.12/site-packages/airflow/example_dags/example_setup_teardown_taskflow.py for tasks to queue
[2026-05-19T17:41:48.525+0000] {logging_mixin.py:188} INFO - [2026-05-19T17:41:48.525+0000] {dagbag.py:545} INFO - Filling up the DagBag from /home/airflow/.local/lib/python3.12/site-packages/airflow/example_dags/example_setup_teardown_taskflow.py
[2026-05-19T17:41:48.534+0000] {processor.py:840} INFO - DAG(s) 'example_setup_teardown_taskflow' retrieved from /home/airflow/.local/lib/python3.12/site-packages/airflow/example_dags/example_setup_teardown_taskflow.py
[2026-05-19T17:41:48.553+0000] {logging_mixin.py:188} INFO - [2026-05-19T17:41:48.553+0000] {dag.py:3096} INFO - Sync 1 DAGs
[2026-05-19T17:41:48.570+0000] {logging_mixin.py:188} INFO - [2026-05-19T17:41:48.570+0000] {dag.py:3954} INFO - Setting next_dagrun for example_setup_teardown_taskflow to 2026-05-18 00:00:00+00:00, run_after=2026-05-19 00:00:00+00:00
[2026-05-19T17:41:48.588+0000] {processor.py:183} INFO - Processing /home/airflow/.local/lib/python3.12/site-packages/airflow/example_dags/example_setup_teardown_taskflow.py took 0.072 seconds
[2026-05-19T17:42:18.682+0000] {processor.py:161} INFO - Started process (PID=6789) to work on /home/airflow/.local/lib/python3.12/site-packages/airflow/example_dags/example_setup_teardown_taskflow.py
[2026-05-19T17:42:18.683+0000] {processor.py:830} INFO - Processing file /home/airflow/.local/lib/python3.12/site-packages/airflow/example_dags/example_setup_teardown_taskflow.py for tasks to queue
[2026-05-19T17:42:18.685+0000] {logging_mixin.py:188} INFO - [2026-05-19T17:42:18.684+0000] {dagbag.py:545} INFO - Filling up the DagBag from /home/airflow/.local/lib/python3.12/site-packages/airflow/example_dags/example_setup_teardown_taskflow.py
[2026-05-19T17:42:18.691+0000] {processor.py:840} INFO - DAG(s) 'example_setup_teardown_taskflow' retrieved from /home/airflow/.local/lib/python3.12/site-packages/airflow/example_dags/example_setup_teardown_taskflow.py
[2026-05-19T17:42:18.711+0000] {logging_mixin.py:188} INFO - [2026-05-19T17:42:18.710+0000] {dag.py:3096} INFO - Sync 1 DAGs
[2026-05-19T17:42:18.728+0000] {logging_mixin.py:188} INFO - [2026-05-19T17:42:18.728+0000] {dag.py:3954} INFO - Setting next_dagrun for example_setup_teardown_taskflow to 2026-05-18 00:00:00+00:00, run_after=2026-05-19 00:00:00+00:00
[2026-05-19T17:42:18.746+0000] {processor.py:183} INFO - Processing /home/airflow/.local/lib/python3.12/site-packages/airflow/example_dags/example_setup_teardown_taskflow.py took 0.069 seconds
[2026-05-19T17:42:48.987+0000] {processor.py:161} INFO - Started process (PID=6848) to work on /home/airflow/.local/lib/python3.12/site-packages/airflow/example_dags/example_setup_teardown_taskflow.py
[2026-05-19T17:42:48.988+0000] {processor.py:830} INFO - Processing file /home/airflow/.local/lib/python3.12/site-packages/airflow/example_dags/example_setup_teardown_taskflow.py for tasks to queue
[2026-05-19T17:42:48.989+0000] {logging_mixin.py:188} INFO - [2026-05-19T17:42:48.989+0000] {dagbag.py:545} INFO - Filling up the DagBag from /home/airflow/.local/lib/python3.12/site-packages/airflow/example_dags/example_setup_teardown_taskflow.py
[2026-05-19T17:42:48.997+0000] {processor.py:840} INFO - DAG(s) 'example_setup_teardown_taskflow' retrieved from /home/airflow/.local/lib/python3.12/site-packages/airflow/example_dags/example_setup_teardown_taskflow.py
[2026-05-19T17:42:49.018+0000] {logging_mixin.py:188} INFO - [2026-05-19T17:42:49.018+0000] {dag.py:3096} INFO - Sync 1 DAGs
[2026-05-19T17:42:49.035+0000] {logging_mixin.py:188} INFO - [2026-05-19T17:42:49.035+0000] {dag.py:3954} INFO - Setting next_dagrun for example_setup_teardown_taskflow to 2026-05-18 00:00:00+00:00, run_after=2026-05-19 00:00:00+00:00
[2026-05-19T17:42:49.050+0000] {processor.py:183} INFO - Processing /home/airflow/.local/lib/python3.12/site-packages/airflow/example_dags/example_setup_teardown_taskflow.py took 0.068 seconds
[2026-05-19T17:43:19.838+0000] {processor.py:161} INFO - Started process (PID=6907) to work on /home/airflow/.local/lib/python3.12/site-packages/airflow/example_dags/example_setup_teardown_taskflow.py
[2026-05-19T17:43:19.840+0000] {processor.py:830} INFO - Processing file /home/airflow/.local/lib/python3.12/site-packages/airflow/example_dags/example_setup_teardown_taskflow.py for tasks to queue
[2026-05-19T17:43:19.844+0000] {logging_mixin.py:188} INFO - [2026-05-19T17:43:19.843+0000] {dagbag.py:545} INFO - Filling up the DagBag from /home/airflow/.local/lib/python3.12/site-packages/airflow/example_dags/example_setup_teardown_taskflow.py
[2026-05-19T17:43:19.858+0000] {processor.py:840} INFO - DAG(s) 'example_setup_teardown_taskflow' retrieved from /home/airflow/.local/lib/python3.12/site-packages/airflow/example_dags/example_setup_teardown_taskflow.py
[2026-05-19T17:43:19.913+0000] {logging_mixin.py:188} INFO - [2026-05-19T17:43:19.913+0000] {dag.py:3096} INFO - Sync 1 DAGs
[2026-05-19T17:43:19.958+0000] {logging_mixin.py:188} INFO - [2026-05-19T17:43:19.958+0000] {dag.py:3954} INFO - Setting next_dagrun for example_setup_teardown_taskflow to 2026-05-18 00:00:00+00:00, run_after=2026-05-19 00:00:00+00:00
[2026-05-19T17:43:20.005+0000] {processor.py:183} INFO - Processing /home/airflow/.local/lib/python3.12/site-packages/airflow/example_dags/example_setup_teardown_taskflow.py took 0.176 seconds
[2026-05-19T17:43:50.714+0000] {processor.py:161} INFO - Started process (PID=6966) to work on /home/airflow/.local/lib/python3.12/site-packages/airflow/example_dags/example_setup_teardown_taskflow.py
[2026-05-19T17:43:50.715+0000] {processor.py:830} INFO - Processing file /home/airflow/.local/lib/python3.12/site-packages/airflow/example_dags/example_setup_teardown_taskflow.py for tasks to queue
[2026-05-19T17:43:50.719+0000] {logging_mixin.py:188} INFO - [2026-05-19T17:43:50.718+0000] {dagbag.py:545} INFO - Filling up the DagBag from /home/airflow/.local/lib/python3.12/site-packages/airflow/example_dags/example_setup_teardown_taskflow.py
[2026-05-19T17:43:50.734+0000] {processor.py:840} INFO - DAG(s) 'example_setup_teardown_taskflow' retrieved from /home/airflow/.local/lib/python3.12/site-packages/airflow/example_dags/example_setup_teardown_taskflow.py
[2026-05-19T17:43:50.773+0000] {logging_mixin.py:188} INFO - [2026-05-19T17:43:50.772+0000] {dag.py:3096} INFO - Sync 1 DAGs
[2026-05-19T17:43:50.809+0000] {logging_mixin.py:188} INFO - [2026-05-19T17:43:50.808+0000] {dag.py:3954} INFO - Setting next_dagrun for example_setup_teardown_taskflow to 2026-05-18 00:00:00+00:00, run_after=2026-05-19 00:00:00+00:00
[2026-05-19T17:43:50.842+0000] {processor.py:183} INFO - Processing /home/airflow/.local/lib/python3.12/site-packages/airflow/example_dags/example_setup_teardown_taskflow.py took 0.136 seconds
[2026-05-19T17:44:21.495+0000] {processor.py:161} INFO - Started process (PID=7025) to work on /home/airflow/.local/lib/python3.12/site-packages/airflow/example_dags/example_setup_teardown_taskflow.py
[2026-05-19T17:44:21.496+0000] {processor.py:830} INFO - Processing file /home/airflow/.local/lib/python3.12/site-packages/airflow/example_dags/example_setup_teardown_taskflow.py for tasks to queue
[2026-05-19T17:44:21.499+0000] {logging_mixin.py:188} INFO - [2026-05-19T17:44:21.498+0000] {dagbag.py:545} INFO - Filling up the DagBag from /home/airflow/.local/lib/python3.12/site-packages/airflow/example_dags/example_setup_teardown_taskflow.py
[2026-05-19T17:44:21.511+0000] {processor.py:840} INFO - DAG(s) 'example_setup_teardown_taskflow' retrieved from /home/airflow/.local/lib/python3.12/site-packages/airflow/example_dags/example_setup_teardown_taskflow.py
[2026-05-19T17:44:21.540+0000] {logging_mixin.py:188} INFO - [2026-05-19T17:44:21.540+0000] {dag.py:3096} INFO - Sync 1 DAGs
[2026-05-19T17:44:21.565+0000] {logging_mixin.py:188} INFO - [2026-05-19T17:44:21.564+0000] {dag.py:3954} INFO - Setting next_dagrun for example_setup_teardown_taskflow to 2026-05-18 00:00:00+00:00, run_after=2026-05-19 00:00:00+00:00
[2026-05-19T17:44:21.593+0000] {processor.py:183} INFO - Processing /home/airflow/.local/lib/python3.12/site-packages/airflow/example_dags/example_setup_teardown_taskflow.py took 0.103 seconds
[2026-05-19T17:44:51.999+0000] {processor.py:161} INFO - Started process (PID=7084) to work on /home/airflow/.local/lib/python3.12/site-packages/airflow/example_dags/example_setup_teardown_taskflow.py
[2026-05-19T17:44:52.001+0000] {processor.py:830} INFO - Processing file /home/airflow/.local/lib/python3.12/site-packages/airflow/example_dags/example_setup_teardown_taskflow.py for tasks to queue
[2026-05-19T17:44:52.003+0000] {logging_mixin.py:188} INFO - [2026-05-19T17:44:52.003+0000] {dagbag.py:545} INFO - Filling up the DagBag from /home/airflow/.local/lib/python3.12/site-packages/airflow/example_dags/example_setup_teardown_taskflow.py
[2026-05-19T17:44:52.014+0000] {processor.py:840} INFO - DAG(s) 'example_setup_teardown_taskflow' retrieved from /home/airflow/.local/lib/python3.12/site-packages/airflow/example_dags/example_setup_teardown_taskflow.py
[2026-05-19T17:44:52.047+0000] {logging_mixin.py:188} INFO - [2026-05-19T17:44:52.047+0000] {dag.py:3096} INFO - Sync 1 DAGs
[2026-05-19T17:44:52.087+0000] {logging_mixin.py:188} INFO - [2026-05-19T17:44:52.086+0000] {dag.py:3954} INFO - Setting next_dagrun for example_setup_teardown_taskflow to 2026-05-18 00:00:00+00:00, run_after=2026-05-19 00:00:00+00:00
[2026-05-19T17:44:52.126+0000] {processor.py:183} INFO - Processing /home/airflow/.local/lib/python3.12/site-packages/airflow/example_dags/example_setup_teardown_taskflow.py took 0.135 seconds
[2026-05-19T17:45:22.406+0000] {processor.py:161} INFO - Started process (PID=7143) to work on /home/airflow/.local/lib/python3.12/site-packages/airflow/example_dags/example_setup_teardown_taskflow.py
[2026-05-19T17:45:22.407+0000] {processor.py:830} INFO - Processing file /home/airflow/.local/lib/python3.12/site-packages/airflow/example_dags/example_setup_teardown_taskflow.py for tasks to queue
[2026-05-19T17:45:22.408+0000] {logging_mixin.py:188} INFO - [2026-05-19T17:45:22.408+0000] {dagbag.py:545} INFO - Filling up the DagBag from /home/airflow/.local/lib/python3.12/site-packages/airflow/example_dags/example_setup_teardown_taskflow.py
[2026-05-19T17:45:22.416+0000] {processor.py:840} INFO - DAG(s) 'example_setup_teardown_taskflow' retrieved from /home/airflow/.local/lib/python3.12/site-packages/airflow/example_dags/example_setup_teardown_taskflow.py
[2026-05-19T17:45:22.435+0000] {logging_mixin.py:188} INFO - [2026-05-19T17:45:22.435+0000] {dag.py:3096} INFO - Sync 1 DAGs
[2026-05-19T17:45:22.451+0000] {logging_mixin.py:188} INFO - [2026-05-19T17:45:22.451+0000] {dag.py:3954} INFO - Setting next_dagrun for example_setup_teardown_taskflow to 2026-05-18 00:00:00+00:00, run_after=2026-05-19 00:00:00+00:00
[2026-05-19T17:45:22.470+0000] {processor.py:183} INFO - Processing /home/airflow/.local/lib/python3.12/site-packages/airflow/example_dags/example_setup_teardown_taskflow.py took 0.069 seconds
[2026-05-19T17:45:53.482+0000] {processor.py:161} INFO - Started process (PID=7202) to work on /home/airflow/.local/lib/python3.12/site-packages/airflow/example_dags/example_setup_teardown_taskflow.py
[2026-05-19T17:45:53.484+0000] {processor.py:830} INFO - Processing file /home/airflow/.local/lib/python3.12/site-packages/airflow/example_dags/example_setup_teardown_taskflow.py for tasks to queue
[2026-05-19T17:45:53.486+0000] {logging_mixin.py:188} INFO - [2026-05-19T17:45:53.486+0000] {dagbag.py:545} INFO - Filling up the DagBag from /home/airflow/.local/lib/python3.12/site-packages/airflow/example_dags/example_setup_teardown_taskflow.py
[2026-05-19T17:45:53.494+0000] {processor.py:840} INFO - DAG(s) 'example_setup_teardown_taskflow' retrieved from /home/airflow/.local/lib/python3.12/site-packages/airflow/example_dags/example_setup_teardown_taskflow.py
[2026-05-19T17:45:53.521+0000] {logging_mixin.py:188} INFO - [2026-05-19T17:45:53.521+0000] {dag.py:3096} INFO - Sync 1 DAGs
[2026-05-19T17:45:53.552+0000] {logging_mixin.py:188} INFO - [2026-05-19T17:45:53.552+0000] {dag.py:3954} INFO - Setting next_dagrun for example_setup_teardown_taskflow to 2026-05-18 00:00:00+00:00, run_after=2026-05-19 00:00:00+00:00
[2026-05-19T17:45:53.575+0000] {processor.py:183} INFO - Processing /home/airflow/.local/lib/python3.12/site-packages/airflow/example_dags/example_setup_teardown_taskflow.py took 0.100 seconds
[2026-05-19T17:47:21.309+0000] {processor.py:161} INFO - Started process (PID=100) to work on /home/airflow/.local/lib/python3.12/site-packages/airflow/example_dags/example_setup_teardown_taskflow.py
[2026-05-19T17:47:21.311+0000] {processor.py:830} INFO - Processing file /home/airflow/.local/lib/python3.12/site-packages/airflow/example_dags/example_setup_teardown_taskflow.py for tasks to queue
[2026-05-19T17:47:21.316+0000] {logging_mixin.py:188} INFO - [2026-05-19T17:47:21.315+0000] {dagbag.py:545} INFO - Filling up the DagBag from /home/airflow/.local/lib/python3.12/site-packages/airflow/example_dags/example_setup_teardown_taskflow.py
[2026-05-19T17:47:21.337+0000] {processor.py:840} INFO - DAG(s) 'example_setup_teardown_taskflow' retrieved from /home/airflow/.local/lib/python3.12/site-packages/airflow/example_dags/example_setup_teardown_taskflow.py
[2026-05-19T17:47:21.531+0000] {logging_mixin.py:188} INFO - [2026-05-19T17:47:21.530+0000] {dag.py:3096} INFO - Sync 1 DAGs
[2026-05-19T17:47:21.580+0000] {logging_mixin.py:188} INFO - [2026-05-19T17:47:21.580+0000] {dag.py:3954} INFO - Setting next_dagrun for example_setup_teardown_taskflow to 2026-05-18 00:00:00+00:00, run_after=2026-05-19 00:00:00+00:00
[2026-05-19T17:47:21.629+0000] {processor.py:183} INFO - Processing /home/airflow/.local/lib/python3.12/site-packages/airflow/example_dags/example_setup_teardown_taskflow.py took 0.328 seconds
[2026-05-19T17:47:52.320+0000] {processor.py:161} INFO - Started process (PID=158) to work on /home/airflow/.local/lib/python3.12/site-packages/airflow/example_dags/example_setup_teardown_taskflow.py
[2026-05-19T17:47:52.321+0000] {processor.py:830} INFO - Processing file /home/airflow/.local/lib/python3.12/site-packages/airflow/example_dags/example_setup_teardown_taskflow.py for tasks to queue
[2026-05-19T17:47:52.324+0000] {logging_mixin.py:188} INFO - [2026-05-19T17:47:52.323+0000] {dagbag.py:545} INFO - Filling up the DagBag from /home/airflow/.local/lib/python3.12/site-packages/airflow/example_dags/example_setup_teardown_taskflow.py
[2026-05-19T17:47:52.333+0000] {processor.py:840} INFO - DAG(s) 'example_setup_teardown_taskflow' retrieved from /home/airflow/.local/lib/python3.12/site-packages/airflow/example_dags/example_setup_teardown_taskflow.py
[2026-05-19T17:47:52.357+0000] {logging_mixin.py:188} INFO - [2026-05-19T17:47:52.357+0000] {dag.py:3096} INFO - Sync 1 DAGs
[2026-05-19T17:47:52.384+0000] {logging_mixin.py:188} INFO - [2026-05-19T17:47:52.384+0000] {dag.py:3954} INFO - Setting next_dagrun for example_setup_teardown_taskflow to 2026-05-18 00:00:00+00:00, run_after=2026-05-19 00:00:00+00:00
[2026-05-19T17:47:52.404+0000] {processor.py:183} INFO - Processing /home/airflow/.local/lib/python3.12/site-packages/airflow/example_dags/example_setup_teardown_taskflow.py took 0.091 seconds
[2026-05-19T17:48:22.577+0000] {processor.py:161} INFO - Started process (PID=216) to work on /home/airflow/.local/lib/python3.12/site-packages/airflow/example_dags/example_setup_teardown_taskflow.py
[2026-05-19T17:48:22.578+0000] {processor.py:830} INFO - Processing file /home/airflow/.local/lib/python3.12/site-packages/airflow/example_dags/example_setup_teardown_taskflow.py for tasks to queue
[2026-05-19T17:48:22.579+0000] {logging_mixin.py:188} INFO - [2026-05-19T17:48:22.579+0000] {dagbag.py:545} INFO - Filling up the DagBag from /home/airflow/.local/lib/python3.12/site-packages/airflow/example_dags/example_setup_teardown_taskflow.py
[2026-05-19T17:48:22.587+0000] {processor.py:840} INFO - DAG(s) 'example_setup_teardown_taskflow' retrieved from /home/airflow/.local/lib/python3.12/site-packages/airflow/example_dags/example_setup_teardown_taskflow.py
[2026-05-19T17:48:22.608+0000] {logging_mixin.py:188} INFO - [2026-05-19T17:48:22.608+0000] {dag.py:3096} INFO - Sync 1 DAGs
[2026-05-19T17:48:22.628+0000] {logging_mixin.py:188} INFO - [2026-05-19T17:48:22.628+0000] {dag.py:3954} INFO - Setting next_dagrun for example_setup_teardown_taskflow to 2026-05-18 00:00:00+00:00, run_after=2026-05-19 00:00:00+00:00
[2026-05-19T17:48:22.645+0000] {processor.py:183} INFO - Processing /home/airflow/.local/lib/python3.12/site-packages/airflow/example_dags/example_setup_teardown_taskflow.py took 0.074 seconds
[2026-05-19T17:48:53.116+0000] {processor.py:161} INFO - Started process (PID=275) to work on /home/airflow/.local/lib/python3.12/site-packages/airflow/example_dags/example_setup_teardown_taskflow.py
[2026-05-19T17:48:53.117+0000] {processor.py:830} INFO - Processing file /home/airflow/.local/lib/python3.12/site-packages/airflow/example_dags/example_setup_teardown_taskflow.py for tasks to queue
[2026-05-19T17:48:53.119+0000] {logging_mixin.py:188} INFO - [2026-05-19T17:48:53.119+0000] {dagbag.py:545} INFO - Filling up the DagBag from /home/airflow/.local/lib/python3.12/site-packages/airflow/example_dags/example_setup_teardown_taskflow.py
[2026-05-19T17:48:53.126+0000] {processor.py:840} INFO - DAG(s) 'example_setup_teardown_taskflow' retrieved from /home/airflow/.local/lib/python3.12/site-packages/airflow/example_dags/example_setup_teardown_taskflow.py
[2026-05-19T17:48:53.143+0000] {logging_mixin.py:188} INFO - [2026-05-19T17:48:53.143+0000] {dag.py:3096} INFO - Sync 1 DAGs
[2026-05-19T17:48:53.159+0000] {logging_mixin.py:188} INFO - [2026-05-19T17:48:53.159+0000] {dag.py:3954} INFO - Setting next_dagrun for example_setup_teardown_taskflow to 2026-05-18 00:00:00+00:00, run_after=2026-05-19 00:00:00+00:00
[2026-05-19T17:48:53.173+0000] {processor.py:183} INFO - Processing /home/airflow/.local/lib/python3.12/site-packages/airflow/example_dags/example_setup_teardown_taskflow.py took 0.062 seconds
[2026-05-19T17:49:23.501+0000] {processor.py:161} INFO - Started process (PID=333) to work on /home/airflow/.local/lib/python3.12/site-packages/airflow/example_dags/example_setup_teardown_taskflow.py
[2026-05-19T17:49:23.502+0000] {processor.py:830} INFO - Processing file /home/airflow/.local/lib/python3.12/site-packages/airflow/example_dags/example_setup_teardown_taskflow.py for tasks to queue
[2026-05-19T17:49:23.504+0000] {logging_mixin.py:188} INFO - [2026-05-19T17:49:23.504+0000] {dagbag.py:545} INFO - Filling up the DagBag from /home/airflow/.local/lib/python3.12/site-packages/airflow/example_dags/example_setup_teardown_taskflow.py
[2026-05-19T17:49:23.513+0000] {processor.py:840} INFO - DAG(s) 'example_setup_teardown_taskflow' retrieved from /home/airflow/.local/lib/python3.12/site-packages/airflow/example_dags/example_setup_teardown_taskflow.py
[2026-05-19T17:49:23.533+0000] {logging_mixin.py:188} INFO - [2026-05-19T17:49:23.532+0000] {dag.py:3096} INFO - Sync 1 DAGs
[2026-05-19T17:49:23.553+0000] {logging_mixin.py:188} INFO - [2026-05-19T17:49:23.552+0000] {dag.py:3954} INFO - Setting next_dagrun for example_setup_teardown_taskflow to 2026-05-18 00:00:00+00:00, run_after=2026-05-19 00:00:00+00:00
[2026-05-19T17:49:23.571+0000] {processor.py:183} INFO - Processing /home/airflow/.local/lib/python3.12/site-packages/airflow/example_dags/example_setup_teardown_taskflow.py took 0.075 seconds
[2026-05-19T17:49:54.379+0000] {processor.py:161} INFO - Started process (PID=391) to work on /home/airflow/.local/lib/python3.12/site-packages/airflow/example_dags/example_setup_teardown_taskflow.py
[2026-05-19T17:49:54.380+0000] {processor.py:830} INFO - Processing file /home/airflow/.local/lib/python3.12/site-packages/airflow/example_dags/example_setup_teardown_taskflow.py for tasks to queue
[2026-05-19T17:49:54.381+0000] {logging_mixin.py:188} INFO - [2026-05-19T17:49:54.381+0000] {dagbag.py:545} INFO - Filling up the DagBag from /home/airflow/.local/lib/python3.12/site-packages/airflow/example_dags/example_setup_teardown_taskflow.py
[2026-05-19T17:49:54.388+0000] {processor.py:840} INFO - DAG(s) 'example_setup_teardown_taskflow' retrieved from /home/airflow/.local/lib/python3.12/site-packages/airflow/example_dags/example_setup_teardown_taskflow.py
[2026-05-19T17:49:54.405+0000] {logging_mixin.py:188} INFO - [2026-05-19T17:49:54.405+0000] {dag.py:3096} INFO - Sync 1 DAGs
[2026-05-19T17:49:54.421+0000] {logging_mixin.py:188} INFO - [2026-05-19T17:49:54.421+0000] {dag.py:3954} INFO - Setting next_dagrun for example_setup_teardown_taskflow to 2026-05-18 00:00:00+00:00, run_after=2026-05-19 00:00:00+00:00
[2026-05-19T17:49:54.439+0000] {processor.py:183} INFO - Processing /home/airflow/.local/lib/python3.12/site-packages/airflow/example_dags/example_setup_teardown_taskflow.py took 0.065 seconds
[2026-05-19T17:50:24.782+0000] {processor.py:161} INFO - Started process (PID=450) to work on /home/airflow/.local/lib/python3.12/site-packages/airflow/example_dags/example_setup_teardown_taskflow.py
[2026-05-19T17:50:24.784+0000] {processor.py:830} INFO - Processing file /home/airflow/.local/lib/python3.12/site-packages/airflow/example_dags/example_setup_teardown_taskflow.py for tasks to queue
[2026-05-19T17:50:24.786+0000] {logging_mixin.py:188} INFO - [2026-05-19T17:50:24.786+0000] {dagbag.py:545} INFO - Filling up the DagBag from /home/airflow/.local/lib/python3.12/site-packages/airflow/example_dags/example_setup_teardown_taskflow.py
[2026-05-19T17:50:24.794+0000] {processor.py:840} INFO - DAG(s) 'example_setup_teardown_taskflow' retrieved from /home/airflow/.local/lib/python3.12/site-packages/airflow/example_dags/example_setup_teardown_taskflow.py
[2026-05-19T17:50:24.816+0000] {logging_mixin.py:188} INFO - [2026-05-19T17:50:24.816+0000] {dag.py:3096} INFO - Sync 1 DAGs
[2026-05-19T17:50:24.838+0000] {logging_mixin.py:188} INFO - [2026-05-19T17:50:24.838+0000] {dag.py:3954} INFO - Setting next_dagrun for example_setup_teardown_taskflow to 2026-05-18 00:00:00+00:00, run_after=2026-05-19 00:00:00+00:00
[2026-05-19T17:50:24.855+0000] {processor.py:183} INFO - Processing /home/airflow/.local/lib/python3.12/site-packages/airflow/example_dags/example_setup_teardown_taskflow.py took 0.079 seconds
[2026-05-19T17:50:54.999+0000] {processor.py:161} INFO - Started process (PID=508) to work on /home/airflow/.local/lib/python3.12/site-packages/airflow/example_dags/example_setup_teardown_taskflow.py
[2026-05-19T17:50:55.000+0000] {processor.py:830} INFO - Processing file /home/airflow/.local/lib/python3.12/site-packages/airflow/example_dags/example_setup_teardown_taskflow.py for tasks to queue
[2026-05-19T17:50:55.001+0000] {logging_mixin.py:188} INFO - [2026-05-19T17:50:55.001+0000] {dagbag.py:545} INFO - Filling up the DagBag from /home/airflow/.local/lib/python3.12/site-packages/airflow/example_dags/example_setup_teardown_taskflow.py
[2026-05-19T17:50:55.009+0000] {processor.py:840} INFO - DAG(s) 'example_setup_teardown_taskflow' retrieved from /home/airflow/.local/lib/python3.12/site-packages/airflow/example_dags/example_setup_teardown_taskflow.py
[2026-05-19T17:50:55.026+0000] {logging_mixin.py:188} INFO - [2026-05-19T17:50:55.026+0000] {dag.py:3096} INFO - Sync 1 DAGs
[2026-05-19T17:50:55.042+0000] {logging_mixin.py:188} INFO - [2026-05-19T17:50:55.042+0000] {dag.py:3954} INFO - Setting next_dagrun for example_setup_teardown_taskflow to 2026-05-18 00:00:00+00:00, run_after=2026-05-19 00:00:00+00:00
[2026-05-19T17:50:55.055+0000] {processor.py:183} INFO - Processing /home/airflow/.local/lib/python3.12/site-packages/airflow/example_dags/example_setup_teardown_taskflow.py took 0.061 seconds
[2026-05-19T17:51:25.776+0000] {processor.py:161} INFO - Started process (PID=566) to work on /home/airflow/.local/lib/python3.12/site-packages/airflow/example_dags/example_setup_teardown_taskflow.py
[2026-05-19T17:51:25.786+0000] {processor.py:830} INFO - Processing file /home/airflow/.local/lib/python3.12/site-packages/airflow/example_dags/example_setup_teardown_taskflow.py for tasks to queue
[2026-05-19T17:51:25.794+0000] {logging_mixin.py:188} INFO - [2026-05-19T17:51:25.794+0000] {dagbag.py:545} INFO - Filling up the DagBag from /home/airflow/.local/lib/python3.12/site-packages/airflow/example_dags/example_setup_teardown_taskflow.py
[2026-05-19T17:51:25.815+0000] {processor.py:840} INFO - DAG(s) 'example_setup_teardown_taskflow' retrieved from /home/airflow/.local/lib/python3.12/site-packages/airflow/example_dags/example_setup_teardown_taskflow.py
[2026-05-19T17:51:25.869+0000] {logging_mixin.py:188} INFO - [2026-05-19T17:51:25.869+0000] {dag.py:3096} INFO - Sync 1 DAGs
[2026-05-19T17:51:25.911+0000] {logging_mixin.py:188} INFO - [2026-05-19T17:51:25.911+0000] {dag.py:3954} INFO - Setting next_dagrun for example_setup_teardown_taskflow to 2026-05-18 00:00:00+00:00, run_after=2026-05-19 00:00:00+00:00
[2026-05-19T17:51:25.941+0000] {processor.py:183} INFO - Processing /home/airflow/.local/lib/python3.12/site-packages/airflow/example_dags/example_setup_teardown_taskflow.py took 0.173 seconds
[2026-05-19T17:51:56.639+0000] {processor.py:161} INFO - Started process (PID=624) to work on /home/airflow/.local/lib/python3.12/site-packages/airflow/example_dags/example_setup_teardown_taskflow.py
[2026-05-19T17:51:56.641+0000] {processor.py:830} INFO - Processing file /home/airflow/.local/lib/python3.12/site-packages/airflow/example_dags/example_setup_teardown_taskflow.py for tasks to queue
[2026-05-19T17:51:56.643+0000] {logging_mixin.py:188} INFO - [2026-05-19T17:51:56.643+0000] {dagbag.py:545} INFO - Filling up the DagBag from /home/airflow/.local/lib/python3.12/site-packages/airflow/example_dags/example_setup_teardown_taskflow.py
[2026-05-19T17:51:56.655+0000] {processor.py:840} INFO - DAG(s) 'example_setup_teardown_taskflow' retrieved from /home/airflow/.local/lib/python3.12/site-packages/airflow/example_dags/example_setup_teardown_taskflow.py
[2026-05-19T17:51:56.680+0000] {logging_mixin.py:188} INFO - [2026-05-19T17:51:56.679+0000] {dag.py:3096} INFO - Sync 1 DAGs
[2026-05-19T17:51:56.712+0000] {logging_mixin.py:188} INFO - [2026-05-19T17:51:56.712+0000] {dag.py:3954} INFO - Setting next_dagrun for example_setup_teardown_taskflow to 2026-05-18 00:00:00+00:00, run_after=2026-05-19 00:00:00+00:00
[2026-05-19T17:51:56.737+0000] {processor.py:183} INFO - Processing /home/airflow/.local/lib/python3.12/site-packages/airflow/example_dags/example_setup_teardown_taskflow.py took 0.106 seconds
[2026-05-19T17:52:27.430+0000] {processor.py:161} INFO - Started process (PID=682) to work on /home/airflow/.local/lib/python3.12/site-packages/airflow/example_dags/example_setup_teardown_taskflow.py
[2026-05-19T17:52:27.431+0000] {processor.py:830} INFO - Processing file /home/airflow/.local/lib/python3.12/site-packages/airflow/example_dags/example_setup_teardown_taskflow.py for tasks to queue
[2026-05-19T17:52:27.433+0000] {logging_mixin.py:188} INFO - [2026-05-19T17:52:27.432+0000] {dagbag.py:545} INFO - Filling up the DagBag from /home/airflow/.local/lib/python3.12/site-packages/airflow/example_dags/example_setup_teardown_taskflow.py
[2026-05-19T17:52:27.440+0000] {processor.py:840} INFO - DAG(s) 'example_setup_teardown_taskflow' retrieved from /home/airflow/.local/lib/python3.12/site-packages/airflow/example_dags/example_setup_teardown_taskflow.py
[2026-05-19T17:52:27.457+0000] {logging_mixin.py:188} INFO - [2026-05-19T17:52:27.457+0000] {dag.py:3096} INFO - Sync 1 DAGs
[2026-05-19T17:52:27.474+0000] {logging_mixin.py:188} INFO - [2026-05-19T17:52:27.474+0000] {dag.py:3954} INFO - Setting next_dagrun for example_setup_teardown_taskflow to 2026-05-18 00:00:00+00:00, run_after=2026-05-19 00:00:00+00:00
[2026-05-19T17:52:27.491+0000] {processor.py:183} INFO - Processing /home/airflow/.local/lib/python3.12/site-packages/airflow/example_dags/example_setup_teardown_taskflow.py took 0.067 seconds
[2026-05-19T17:52:58.164+0000] {processor.py:161} INFO - Started process (PID=740) to work on /home/airflow/.local/lib/python3.12/site-packages/airflow/example_dags/example_setup_teardown_taskflow.py
[2026-05-19T17:52:58.166+0000] {processor.py:830} INFO - Processing file /home/airflow/.local/lib/python3.12/site-packages/airflow/example_dags/example_setup_teardown_taskflow.py for tasks to queue
[2026-05-19T17:52:58.169+0000] {logging_mixin.py:188} INFO - [2026-05-19T17:52:58.168+0000] {dagbag.py:545} INFO - Filling up the DagBag from /home/airflow/.local/lib/python3.12/site-packages/airflow/example_dags/example_setup_teardown_taskflow.py
[2026-05-19T17:52:58.179+0000] {processor.py:840} INFO - DAG(s) 'example_setup_teardown_taskflow' retrieved from /home/airflow/.local/lib/python3.12/site-packages/airflow/example_dags/example_setup_teardown_taskflow.py
[2026-05-19T17:52:58.204+0000] {logging_mixin.py:188} INFO - [2026-05-19T17:52:58.204+0000] {dag.py:3096} INFO - Sync 1 DAGs
[2026-05-19T17:52:58.223+0000] {logging_mixin.py:188} INFO - [2026-05-19T17:52:58.223+0000] {dag.py:3954} INFO - Setting next_dagrun for example_setup_teardown_taskflow to 2026-05-18 00:00:00+00:00, run_after=2026-05-19 00:00:00+00:00
[2026-05-19T17:52:58.245+0000] {processor.py:183} INFO - Processing /home/airflow/.local/lib/python3.12/site-packages/airflow/example_dags/example_setup_teardown_taskflow.py took 0.085 seconds
[2026-05-19T17:53:28.649+0000] {processor.py:161} INFO - Started process (PID=798) to work on /home/airflow/.local/lib/python3.12/site-packages/airflow/example_dags/example_setup_teardown_taskflow.py
[2026-05-19T17:53:28.651+0000] {processor.py:830} INFO - Processing file /home/airflow/.local/lib/python3.12/site-packages/airflow/example_dags/example_setup_teardown_taskflow.py for tasks to queue
[2026-05-19T17:53:28.654+0000] {logging_mixin.py:188} INFO - [2026-05-19T17:53:28.653+0000] {dagbag.py:545} INFO - Filling up the DagBag from /home/airflow/.local/lib/python3.12/site-packages/airflow/example_dags/example_setup_teardown_taskflow.py
[2026-05-19T17:53:28.671+0000] {processor.py:840} INFO - DAG(s) 'example_setup_teardown_taskflow' retrieved from /home/airflow/.local/lib/python3.12/site-packages/airflow/example_dags/example_setup_teardown_taskflow.py
[2026-05-19T17:53:28.708+0000] {logging_mixin.py:188} INFO - [2026-05-19T17:53:28.707+0000] {dag.py:3096} INFO - Sync 1 DAGs
[2026-05-19T17:53:28.746+0000] {logging_mixin.py:188} INFO - [2026-05-19T17:53:28.746+0000] {dag.py:3954} INFO - Setting next_dagrun for example_setup_teardown_taskflow to 2026-05-18 00:00:00+00:00, run_after=2026-05-19 00:00:00+00:00
[2026-05-19T17:53:28.775+0000] {processor.py:183} INFO - Processing /home/airflow/.local/lib/python3.12/site-packages/airflow/example_dags/example_setup_teardown_taskflow.py took 0.134 seconds
[2026-05-19T17:53:58.886+0000] {processor.py:161} INFO - Started process (PID=856) to work on /home/airflow/.local/lib/python3.12/site-packages/airflow/example_dags/example_setup_teardown_taskflow.py
[2026-05-19T17:53:58.888+0000] {processor.py:830} INFO - Processing file /home/airflow/.local/lib/python3.12/site-packages/airflow/example_dags/example_setup_teardown_taskflow.py for tasks to queue
[2026-05-19T17:53:58.890+0000] {logging_mixin.py:188} INFO - [2026-05-19T17:53:58.889+0000] {dagbag.py:545} INFO - Filling up the DagBag from /home/airflow/.local/lib/python3.12/site-packages/airflow/example_dags/example_setup_teardown_taskflow.py
[2026-05-19T17:53:58.897+0000] {processor.py:840} INFO - DAG(s) 'example_setup_teardown_taskflow' retrieved from /home/airflow/.local/lib/python3.12/site-packages/airflow/example_dags/example_setup_teardown_taskflow.py
[2026-05-19T17:53:58.915+0000] {logging_mixin.py:188} INFO - [2026-05-19T17:53:58.915+0000] {dag.py:3096} INFO - Sync 1 DAGs
[2026-05-19T17:53:58.935+0000] {logging_mixin.py:188} INFO - [2026-05-19T17:53:58.935+0000] {dag.py:3954} INFO - Setting next_dagrun for example_setup_teardown_taskflow to 2026-05-18 00:00:00+00:00, run_after=2026-05-19 00:00:00+00:00
[2026-05-19T17:53:58.956+0000] {processor.py:183} INFO - Processing /home/airflow/.local/lib/python3.12/site-packages/airflow/example_dags/example_setup_teardown_taskflow.py took 0.074 seconds
[2026-05-19T17:54:29.319+0000] {processor.py:161} INFO - Started process (PID=914) to work on /home/airflow/.local/lib/python3.12/site-packages/airflow/example_dags/example_setup_teardown_taskflow.py
[2026-05-19T17:54:29.321+0000] {processor.py:830} INFO - Processing file /home/airflow/.local/lib/python3.12/site-packages/airflow/example_dags/example_setup_teardown_taskflow.py for tasks to queue
[2026-05-19T17:54:29.324+0000] {logging_mixin.py:188} INFO - [2026-05-19T17:54:29.323+0000] {dagbag.py:545} INFO - Filling up the DagBag from /home/airflow/.local/lib/python3.12/site-packages/airflow/example_dags/example_setup_teardown_taskflow.py
[2026-05-19T17:54:29.333+0000] {processor.py:840} INFO - DAG(s) 'example_setup_teardown_taskflow' retrieved from /home/airflow/.local/lib/python3.12/site-packages/airflow/example_dags/example_setup_teardown_taskflow.py
[2026-05-19T17:54:29.369+0000] {logging_mixin.py:188} INFO - [2026-05-19T17:54:29.369+0000] {dag.py:3096} INFO - Sync 1 DAGs
[2026-05-19T17:54:29.397+0000] {logging_mixin.py:188} INFO - [2026-05-19T17:54:29.396+0000] {dag.py:3954} INFO - Setting next_dagrun for example_setup_teardown_taskflow to 2026-05-18 00:00:00+00:00, run_after=2026-05-19 00:00:00+00:00
[2026-05-19T17:54:29.434+0000] {processor.py:183} INFO - Processing /home/airflow/.local/lib/python3.12/site-packages/airflow/example_dags/example_setup_teardown_taskflow.py took 0.121 seconds
[2026-05-19T17:54:59.788+0000] {processor.py:161} INFO - Started process (PID=971) to work on /home/airflow/.local/lib/python3.12/site-packages/airflow/example_dags/example_setup_teardown_taskflow.py
[2026-05-19T17:54:59.789+0000] {processor.py:830} INFO - Processing file /home/airflow/.local/lib/python3.12/site-packages/airflow/example_dags/example_setup_teardown_taskflow.py for tasks to queue
[2026-05-19T17:54:59.791+0000] {logging_mixin.py:188} INFO - [2026-05-19T17:54:59.790+0000] {dagbag.py:545} INFO - Filling up the DagBag from /home/airflow/.local/lib/python3.12/site-packages/airflow/example_dags/example_setup_teardown_taskflow.py
[2026-05-19T17:54:59.799+0000] {processor.py:840} INFO - DAG(s) 'example_setup_teardown_taskflow' retrieved from /home/airflow/.local/lib/python3.12/site-packages/airflow/example_dags/example_setup_teardown_taskflow.py
[2026-05-19T17:54:59.819+0000] {logging_mixin.py:188} INFO - [2026-05-19T17:54:59.818+0000] {dag.py:3096} INFO - Sync 1 DAGs
[2026-05-19T17:54:59.844+0000] {logging_mixin.py:188} INFO - [2026-05-19T17:54:59.844+0000] {dag.py:3954} INFO - Setting next_dagrun for example_setup_teardown_taskflow to 2026-05-18 00:00:00+00:00, run_after=2026-05-19 00:00:00+00:00
[2026-05-19T17:54:59.866+0000] {processor.py:183} INFO - Processing /home/airflow/.local/lib/python3.12/site-packages/airflow/example_dags/example_setup_teardown_taskflow.py took 0.084 seconds
[2026-05-19T17:55:29.987+0000] {processor.py:161} INFO - Started process (PID=1029) to work on /home/airflow/.local/lib/python3.12/site-packages/airflow/example_dags/example_setup_teardown_taskflow.py
[2026-05-19T17:55:29.988+0000] {processor.py:830} INFO - Processing file /home/airflow/.local/lib/python3.12/site-packages/airflow/example_dags/example_setup_teardown_taskflow.py for tasks to queue
[2026-05-19T17:55:29.990+0000] {logging_mixin.py:188} INFO - [2026-05-19T17:55:29.990+0000] {dagbag.py:545} INFO - Filling up the DagBag from /home/airflow/.local/lib/python3.12/site-packages/airflow/example_dags/example_setup_teardown_taskflow.py
[2026-05-19T17:55:29.999+0000] {processor.py:840} INFO - DAG(s) 'example_setup_teardown_taskflow' retrieved from /home/airflow/.local/lib/python3.12/site-packages/airflow/example_dags/example_setup_teardown_taskflow.py
[2026-05-19T17:55:30.018+0000] {logging_mixin.py:188} INFO - [2026-05-19T17:55:30.018+0000] {dag.py:3096} INFO - Sync 1 DAGs
[2026-05-19T17:55:30.038+0000] {logging_mixin.py:188} INFO - [2026-05-19T17:55:30.038+0000] {dag.py:3954} INFO - Setting next_dagrun for example_setup_teardown_taskflow to 2026-05-18 00:00:00+00:00, run_after=2026-05-19 00:00:00+00:00
[2026-05-19T17:55:30.056+0000] {processor.py:183} INFO - Processing /home/airflow/.local/lib/python3.12/site-packages/airflow/example_dags/example_setup_teardown_taskflow.py took 0.075 seconds
[2026-05-19T17:56:00.245+0000] {processor.py:161} INFO - Started process (PID=1087) to work on /home/airflow/.local/lib/python3.12/site-packages/airflow/example_dags/example_setup_teardown_taskflow.py
[2026-05-19T17:56:00.247+0000] {processor.py:830} INFO - Processing file /home/airflow/.local/lib/python3.12/site-packages/airflow/example_dags/example_setup_teardown_taskflow.py for tasks to queue
[2026-05-19T17:56:00.249+0000] {logging_mixin.py:188} INFO - [2026-05-19T17:56:00.248+0000] {dagbag.py:545} INFO - Filling up the DagBag from /home/airflow/.local/lib/python3.12/site-packages/airflow/example_dags/example_setup_teardown_taskflow.py
[2026-05-19T17:56:00.258+0000] {processor.py:840} INFO - DAG(s) 'example_setup_teardown_taskflow' retrieved from /home/airflow/.local/lib/python3.12/site-packages/airflow/example_dags/example_setup_teardown_taskflow.py
[2026-05-19T17:56:00.281+0000] {logging_mixin.py:188} INFO - [2026-05-19T17:56:00.280+0000] {dag.py:3096} INFO - Sync 1 DAGs
[2026-05-19T17:56:00.301+0000] {logging_mixin.py:188} INFO - [2026-05-19T17:56:00.301+0000] {dag.py:3954} INFO - Setting next_dagrun for example_setup_teardown_taskflow to 2026-05-18 00:00:00+00:00, run_after=2026-05-19 00:00:00+00:00
[2026-05-19T17:56:00.324+0000] {processor.py:183} INFO - Processing /home/airflow/.local/lib/python3.12/site-packages/airflow/example_dags/example_setup_teardown_taskflow.py took 0.085 seconds
[2026-05-19T17:56:30.377+0000] {processor.py:161} INFO - Started process (PID=1144) to work on /home/airflow/.local/lib/python3.12/site-packages/airflow/example_dags/example_setup_teardown_taskflow.py
[2026-05-19T17:56:30.378+0000] {processor.py:830} INFO - Processing file /home/airflow/.local/lib/python3.12/site-packages/airflow/example_dags/example_setup_teardown_taskflow.py for tasks to queue
[2026-05-19T17:56:30.380+0000] {logging_mixin.py:188} INFO - [2026-05-19T17:56:30.380+0000] {dagbag.py:545} INFO - Filling up the DagBag from /home/airflow/.local/lib/python3.12/site-packages/airflow/example_dags/example_setup_teardown_taskflow.py
[2026-05-19T17:56:30.387+0000] {processor.py:840} INFO - DAG(s) 'example_setup_teardown_taskflow' retrieved from /home/airflow/.local/lib/python3.12/site-packages/airflow/example_dags/example_setup_teardown_taskflow.py
[2026-05-19T17:56:30.407+0000] {logging_mixin.py:188} INFO - [2026-05-19T17:56:30.407+0000] {dag.py:3096} INFO - Sync 1 DAGs
[2026-05-19T17:56:30.427+0000] {logging_mixin.py:188} INFO - [2026-05-19T17:56:30.426+0000] {dag.py:3954} INFO - Setting next_dagrun for example_setup_teardown_taskflow to 2026-05-18 00:00:00+00:00, run_after=2026-05-19 00:00:00+00:00
[2026-05-19T17:56:30.451+0000] {processor.py:183} INFO - Processing /home/airflow/.local/lib/python3.12/site-packages/airflow/example_dags/example_setup_teardown_taskflow.py took 0.080 seconds
[2026-05-19T17:58:01.352+0000] {processor.py:161} INFO - Started process (PID=99) to work on /home/airflow/.local/lib/python3.12/site-packages/airflow/example_dags/example_setup_teardown_taskflow.py
[2026-05-19T17:58:01.354+0000] {processor.py:830} INFO - Processing file /home/airflow/.local/lib/python3.12/site-packages/airflow/example_dags/example_setup_teardown_taskflow.py for tasks to queue
[2026-05-19T17:58:01.357+0000] {logging_mixin.py:188} INFO - [2026-05-19T17:58:01.356+0000] {dagbag.py:545} INFO - Filling up the DagBag from /home/airflow/.local/lib/python3.12/site-packages/airflow/example_dags/example_setup_teardown_taskflow.py
[2026-05-19T17:58:01.373+0000] {processor.py:840} INFO - DAG(s) 'example_setup_teardown_taskflow' retrieved from /home/airflow/.local/lib/python3.12/site-packages/airflow/example_dags/example_setup_teardown_taskflow.py
[2026-05-19T17:58:01.542+0000] {logging_mixin.py:188} INFO - [2026-05-19T17:58:01.542+0000] {dag.py:3096} INFO - Sync 1 DAGs
[2026-05-19T17:58:01.573+0000] {logging_mixin.py:188} INFO - [2026-05-19T17:58:01.572+0000] {dag.py:3954} INFO - Setting next_dagrun for example_setup_teardown_taskflow to 2026-05-18 00:00:00+00:00, run_after=2026-05-19 00:00:00+00:00
[2026-05-19T17:58:01.604+0000] {processor.py:183} INFO - Processing /home/airflow/.local/lib/python3.12/site-packages/airflow/example_dags/example_setup_teardown_taskflow.py took 0.262 seconds
[2026-05-19T17:58:32.126+0000] {processor.py:161} INFO - Started process (PID=157) to work on /home/airflow/.local/lib/python3.12/site-packages/airflow/example_dags/example_setup_teardown_taskflow.py
[2026-05-19T17:58:32.128+0000] {processor.py:830} INFO - Processing file /home/airflow/.local/lib/python3.12/site-packages/airflow/example_dags/example_setup_teardown_taskflow.py for tasks to queue
[2026-05-19T17:58:32.132+0000] {logging_mixin.py:188} INFO - [2026-05-19T17:58:32.131+0000] {dagbag.py:545} INFO - Filling up the DagBag from /home/airflow/.local/lib/python3.12/site-packages/airflow/example_dags/example_setup_teardown_taskflow.py
[2026-05-19T17:58:32.146+0000] {processor.py:840} INFO - DAG(s) 'example_setup_teardown_taskflow' retrieved from /home/airflow/.local/lib/python3.12/site-packages/airflow/example_dags/example_setup_teardown_taskflow.py
[2026-05-19T17:58:32.181+0000] {logging_mixin.py:188} INFO - [2026-05-19T17:58:32.181+0000] {dag.py:3096} INFO - Sync 1 DAGs
[2026-05-19T17:58:32.206+0000] {logging_mixin.py:188} INFO - [2026-05-19T17:58:32.206+0000] {dag.py:3954} INFO - Setting next_dagrun for example_setup_teardown_taskflow to 2026-05-18 00:00:00+00:00, run_after=2026-05-19 00:00:00+00:00
[2026-05-19T17:58:32.241+0000] {processor.py:183} INFO - Processing /home/airflow/.local/lib/python3.12/site-packages/airflow/example_dags/example_setup_teardown_taskflow.py took 0.120 seconds
