[2026-05-19T13:25:31.871+0000] {processor.py:161} INFO - Started process (PID=118) to work on /home/airflow/.local/lib/python3.12/site-packages/airflow/example_dags/example_branch_day_of_week_operator.py
[2026-05-19T13:25:31.874+0000] {processor.py:830} INFO - Processing file /home/airflow/.local/lib/python3.12/site-packages/airflow/example_dags/example_branch_day_of_week_operator.py for tasks to queue
[2026-05-19T13:25:31.879+0000] {logging_mixin.py:188} INFO - [2026-05-19T13:25:31.878+0000] {dagbag.py:545} INFO - Filling up the DagBag from /home/airflow/.local/lib/python3.12/site-packages/airflow/example_dags/example_branch_day_of_week_operator.py
[2026-05-19T13:25:31.902+0000] {processor.py:840} INFO - DAG(s) 'example_weekday_branch_operator' retrieved from /home/airflow/.local/lib/python3.12/site-packages/airflow/example_dags/example_branch_day_of_week_operator.py
[2026-05-19T13:25:32.243+0000] {logging_mixin.py:188} INFO - [2026-05-19T13:25:32.242+0000] {override.py:1829} INFO - Created Permission View: can read on DAG:example_weekday_branch_operator
[2026-05-19T13:25:32.276+0000] {logging_mixin.py:188} INFO - [2026-05-19T13:25:32.276+0000] {override.py:1829} INFO - Created Permission View: can edit on DAG:example_weekday_branch_operator
[2026-05-19T13:25:32.298+0000] {logging_mixin.py:188} INFO - [2026-05-19T13:25:32.297+0000] {override.py:1829} INFO - Created Permission View: can delete on DAG:example_weekday_branch_operator
[2026-05-19T13:25:32.300+0000] {logging_mixin.py:188} INFO - [2026-05-19T13:25:32.300+0000] {dag.py:3096} INFO - Sync 1 DAGs
[2026-05-19T13:25:32.350+0000] {logging_mixin.py:188} INFO - [2026-05-19T13:25:32.349+0000] {dag.py:3118} INFO - Creating ORM DAG for example_weekday_branch_operator
[2026-05-19T13:25:32.396+0000] {logging_mixin.py:188} INFO - [2026-05-19T13:25:32.395+0000] {dag.py:3954} INFO - Setting next_dagrun for example_weekday_branch_operator to 2026-05-18 00:00:00+00:00, run_after=2026-05-19 00:00:00+00:00
[2026-05-19T13:25:32.498+0000] {processor.py:183} INFO - Processing /home/airflow/.local/lib/python3.12/site-packages/airflow/example_dags/example_branch_day_of_week_operator.py took 0.645 seconds
[2026-05-19T13:26:03.244+0000] {processor.py:161} INFO - Started process (PID=176) to work on /home/airflow/.local/lib/python3.12/site-packages/airflow/example_dags/example_branch_day_of_week_operator.py
[2026-05-19T13:26:03.247+0000] {processor.py:830} INFO - Processing file /home/airflow/.local/lib/python3.12/site-packages/airflow/example_dags/example_branch_day_of_week_operator.py for tasks to queue
[2026-05-19T13:26:03.251+0000] {logging_mixin.py:188} INFO - [2026-05-19T13:26:03.251+0000] {dagbag.py:545} INFO - Filling up the DagBag from /home/airflow/.local/lib/python3.12/site-packages/airflow/example_dags/example_branch_day_of_week_operator.py
[2026-05-19T13:26:03.265+0000] {processor.py:840} INFO - DAG(s) 'example_weekday_branch_operator' retrieved from /home/airflow/.local/lib/python3.12/site-packages/airflow/example_dags/example_branch_day_of_week_operator.py
[2026-05-19T13:26:03.302+0000] {logging_mixin.py:188} INFO - [2026-05-19T13:26:03.302+0000] {dag.py:3096} INFO - Sync 1 DAGs
[2026-05-19T13:26:03.361+0000] {logging_mixin.py:188} INFO - [2026-05-19T13:26:03.361+0000] {dag.py:3954} INFO - Setting next_dagrun for example_weekday_branch_operator to 2026-05-18 00:00:00+00:00, run_after=2026-05-19 00:00:00+00:00
[2026-05-19T13:26:03.402+0000] {processor.py:183} INFO - Processing /home/airflow/.local/lib/python3.12/site-packages/airflow/example_dags/example_branch_day_of_week_operator.py took 0.172 seconds
[2026-05-19T13:26:33.583+0000] {processor.py:161} INFO - Started process (PID=234) to work on /home/airflow/.local/lib/python3.12/site-packages/airflow/example_dags/example_branch_day_of_week_operator.py
[2026-05-19T13:26:33.586+0000] {processor.py:830} INFO - Processing file /home/airflow/.local/lib/python3.12/site-packages/airflow/example_dags/example_branch_day_of_week_operator.py for tasks to queue
[2026-05-19T13:26:33.598+0000] {logging_mixin.py:188} INFO - [2026-05-19T13:26:33.597+0000] {dagbag.py:545} INFO - Filling up the DagBag from /home/airflow/.local/lib/python3.12/site-packages/airflow/example_dags/example_branch_day_of_week_operator.py
[2026-05-19T13:26:33.632+0000] {processor.py:840} INFO - DAG(s) 'example_weekday_branch_operator' retrieved from /home/airflow/.local/lib/python3.12/site-packages/airflow/example_dags/example_branch_day_of_week_operator.py
[2026-05-19T13:26:33.720+0000] {logging_mixin.py:188} INFO - [2026-05-19T13:26:33.720+0000] {dag.py:3096} INFO - Sync 1 DAGs
[2026-05-19T13:26:33.808+0000] {logging_mixin.py:188} INFO - [2026-05-19T13:26:33.807+0000] {dag.py:3954} INFO - Setting next_dagrun for example_weekday_branch_operator to 2026-05-18 00:00:00+00:00, run_after=2026-05-19 00:00:00+00:00
[2026-05-19T13:26:33.850+0000] {processor.py:183} INFO - Processing /home/airflow/.local/lib/python3.12/site-packages/airflow/example_dags/example_branch_day_of_week_operator.py took 0.283 seconds
[2026-05-19T13:27:04.205+0000] {processor.py:161} INFO - Started process (PID=292) to work on /home/airflow/.local/lib/python3.12/site-packages/airflow/example_dags/example_branch_day_of_week_operator.py
[2026-05-19T13:27:04.208+0000] {processor.py:830} INFO - Processing file /home/airflow/.local/lib/python3.12/site-packages/airflow/example_dags/example_branch_day_of_week_operator.py for tasks to queue
[2026-05-19T13:27:04.211+0000] {logging_mixin.py:188} INFO - [2026-05-19T13:27:04.210+0000] {dagbag.py:545} INFO - Filling up the DagBag from /home/airflow/.local/lib/python3.12/site-packages/airflow/example_dags/example_branch_day_of_week_operator.py
[2026-05-19T13:27:04.223+0000] {processor.py:840} INFO - DAG(s) 'example_weekday_branch_operator' retrieved from /home/airflow/.local/lib/python3.12/site-packages/airflow/example_dags/example_branch_day_of_week_operator.py
[2026-05-19T13:27:04.250+0000] {logging_mixin.py:188} INFO - [2026-05-19T13:27:04.250+0000] {dag.py:3096} INFO - Sync 1 DAGs
[2026-05-19T13:27:04.284+0000] {logging_mixin.py:188} INFO - [2026-05-19T13:27:04.283+0000] {dag.py:3954} INFO - Setting next_dagrun for example_weekday_branch_operator to 2026-05-18 00:00:00+00:00, run_after=2026-05-19 00:00:00+00:00
[2026-05-19T13:27:04.308+0000] {processor.py:183} INFO - Processing /home/airflow/.local/lib/python3.12/site-packages/airflow/example_dags/example_branch_day_of_week_operator.py took 0.109 seconds
[2026-05-19T13:27:34.758+0000] {processor.py:161} INFO - Started process (PID=350) to work on /home/airflow/.local/lib/python3.12/site-packages/airflow/example_dags/example_branch_day_of_week_operator.py
[2026-05-19T13:27:34.760+0000] {processor.py:830} INFO - Processing file /home/airflow/.local/lib/python3.12/site-packages/airflow/example_dags/example_branch_day_of_week_operator.py for tasks to queue
[2026-05-19T13:27:34.764+0000] {logging_mixin.py:188} INFO - [2026-05-19T13:27:34.764+0000] {dagbag.py:545} INFO - Filling up the DagBag from /home/airflow/.local/lib/python3.12/site-packages/airflow/example_dags/example_branch_day_of_week_operator.py
[2026-05-19T13:27:34.777+0000] {processor.py:840} INFO - DAG(s) 'example_weekday_branch_operator' retrieved from /home/airflow/.local/lib/python3.12/site-packages/airflow/example_dags/example_branch_day_of_week_operator.py
[2026-05-19T13:27:34.816+0000] {logging_mixin.py:188} INFO - [2026-05-19T13:27:34.816+0000] {dag.py:3096} INFO - Sync 1 DAGs
[2026-05-19T13:27:34.852+0000] {logging_mixin.py:188} INFO - [2026-05-19T13:27:34.852+0000] {dag.py:3954} INFO - Setting next_dagrun for example_weekday_branch_operator to 2026-05-18 00:00:00+00:00, run_after=2026-05-19 00:00:00+00:00
[2026-05-19T13:27:34.885+0000] {processor.py:183} INFO - Processing /home/airflow/.local/lib/python3.12/site-packages/airflow/example_dags/example_branch_day_of_week_operator.py took 0.136 seconds
[2026-05-19T13:28:05.513+0000] {processor.py:161} INFO - Started process (PID=407) to work on /home/airflow/.local/lib/python3.12/site-packages/airflow/example_dags/example_branch_day_of_week_operator.py
[2026-05-19T13:28:05.515+0000] {processor.py:830} INFO - Processing file /home/airflow/.local/lib/python3.12/site-packages/airflow/example_dags/example_branch_day_of_week_operator.py for tasks to queue
[2026-05-19T13:28:05.518+0000] {logging_mixin.py:188} INFO - [2026-05-19T13:28:05.517+0000] {dagbag.py:545} INFO - Filling up the DagBag from /home/airflow/.local/lib/python3.12/site-packages/airflow/example_dags/example_branch_day_of_week_operator.py
[2026-05-19T13:28:05.528+0000] {processor.py:840} INFO - DAG(s) 'example_weekday_branch_operator' retrieved from /home/airflow/.local/lib/python3.12/site-packages/airflow/example_dags/example_branch_day_of_week_operator.py
[2026-05-19T13:28:05.560+0000] {logging_mixin.py:188} INFO - [2026-05-19T13:28:05.560+0000] {dag.py:3096} INFO - Sync 1 DAGs
[2026-05-19T13:28:05.593+0000] {logging_mixin.py:188} INFO - [2026-05-19T13:28:05.593+0000] {dag.py:3954} INFO - Setting next_dagrun for example_weekday_branch_operator to 2026-05-18 00:00:00+00:00, run_after=2026-05-19 00:00:00+00:00
[2026-05-19T13:28:05.620+0000] {processor.py:183} INFO - Processing /home/airflow/.local/lib/python3.12/site-packages/airflow/example_dags/example_branch_day_of_week_operator.py took 0.119 seconds
[2026-05-19T13:28:36.594+0000] {processor.py:161} INFO - Started process (PID=465) to work on /home/airflow/.local/lib/python3.12/site-packages/airflow/example_dags/example_branch_day_of_week_operator.py
[2026-05-19T13:28:36.596+0000] {processor.py:830} INFO - Processing file /home/airflow/.local/lib/python3.12/site-packages/airflow/example_dags/example_branch_day_of_week_operator.py for tasks to queue
[2026-05-19T13:28:36.598+0000] {logging_mixin.py:188} INFO - [2026-05-19T13:28:36.598+0000] {dagbag.py:545} INFO - Filling up the DagBag from /home/airflow/.local/lib/python3.12/site-packages/airflow/example_dags/example_branch_day_of_week_operator.py
[2026-05-19T13:28:36.612+0000] {processor.py:840} INFO - DAG(s) 'example_weekday_branch_operator' retrieved from /home/airflow/.local/lib/python3.12/site-packages/airflow/example_dags/example_branch_day_of_week_operator.py
[2026-05-19T13:28:36.647+0000] {logging_mixin.py:188} INFO - [2026-05-19T13:28:36.646+0000] {dag.py:3096} INFO - Sync 1 DAGs
[2026-05-19T13:28:36.679+0000] {logging_mixin.py:188} INFO - [2026-05-19T13:28:36.679+0000] {dag.py:3954} INFO - Setting next_dagrun for example_weekday_branch_operator to 2026-05-18 00:00:00+00:00, run_after=2026-05-19 00:00:00+00:00
[2026-05-19T13:28:36.719+0000] {processor.py:183} INFO - Processing /home/airflow/.local/lib/python3.12/site-packages/airflow/example_dags/example_branch_day_of_week_operator.py took 0.134 seconds
[2026-05-19T13:29:06.981+0000] {processor.py:161} INFO - Started process (PID=523) to work on /home/airflow/.local/lib/python3.12/site-packages/airflow/example_dags/example_branch_day_of_week_operator.py
[2026-05-19T13:29:06.983+0000] {processor.py:830} INFO - Processing file /home/airflow/.local/lib/python3.12/site-packages/airflow/example_dags/example_branch_day_of_week_operator.py for tasks to queue
[2026-05-19T13:29:06.986+0000] {logging_mixin.py:188} INFO - [2026-05-19T13:29:06.985+0000] {dagbag.py:545} INFO - Filling up the DagBag from /home/airflow/.local/lib/python3.12/site-packages/airflow/example_dags/example_branch_day_of_week_operator.py
[2026-05-19T13:29:06.999+0000] {processor.py:840} INFO - DAG(s) 'example_weekday_branch_operator' retrieved from /home/airflow/.local/lib/python3.12/site-packages/airflow/example_dags/example_branch_day_of_week_operator.py
[2026-05-19T13:29:07.034+0000] {logging_mixin.py:188} INFO - [2026-05-19T13:29:07.034+0000] {dag.py:3096} INFO - Sync 1 DAGs
[2026-05-19T13:29:07.074+0000] {logging_mixin.py:188} INFO - [2026-05-19T13:29:07.074+0000] {dag.py:3954} INFO - Setting next_dagrun for example_weekday_branch_operator to 2026-05-18 00:00:00+00:00, run_after=2026-05-19 00:00:00+00:00
[2026-05-19T13:29:07.103+0000] {processor.py:183} INFO - Processing /home/airflow/.local/lib/python3.12/site-packages/airflow/example_dags/example_branch_day_of_week_operator.py took 0.129 seconds
[2026-05-19T13:31:04.417+0000] {processor.py:161} INFO - Started process (PID=114) to work on /home/airflow/.local/lib/python3.12/site-packages/airflow/example_dags/example_branch_day_of_week_operator.py
[2026-05-19T13:31:04.418+0000] {processor.py:830} INFO - Processing file /home/airflow/.local/lib/python3.12/site-packages/airflow/example_dags/example_branch_day_of_week_operator.py for tasks to queue
[2026-05-19T13:31:04.421+0000] {logging_mixin.py:188} INFO - [2026-05-19T13:31:04.421+0000] {dagbag.py:545} INFO - Filling up the DagBag from /home/airflow/.local/lib/python3.12/site-packages/airflow/example_dags/example_branch_day_of_week_operator.py
[2026-05-19T13:31:04.431+0000] {processor.py:840} INFO - DAG(s) 'example_weekday_branch_operator' retrieved from /home/airflow/.local/lib/python3.12/site-packages/airflow/example_dags/example_branch_day_of_week_operator.py
[2026-05-19T13:31:04.531+0000] {logging_mixin.py:188} INFO - [2026-05-19T13:31:04.531+0000] {dag.py:3096} INFO - Sync 1 DAGs
[2026-05-19T13:31:04.568+0000] {logging_mixin.py:188} INFO - [2026-05-19T13:31:04.568+0000] {dag.py:3954} INFO - Setting next_dagrun for example_weekday_branch_operator to 2026-05-18 00:00:00+00:00, run_after=2026-05-19 00:00:00+00:00
[2026-05-19T13:31:04.601+0000] {processor.py:183} INFO - Processing /home/airflow/.local/lib/python3.12/site-packages/airflow/example_dags/example_branch_day_of_week_operator.py took 0.191 seconds
[2026-05-19T13:31:35.440+0000] {processor.py:161} INFO - Started process (PID=173) to work on /home/airflow/.local/lib/python3.12/site-packages/airflow/example_dags/example_branch_day_of_week_operator.py
[2026-05-19T13:31:35.442+0000] {processor.py:830} INFO - Processing file /home/airflow/.local/lib/python3.12/site-packages/airflow/example_dags/example_branch_day_of_week_operator.py for tasks to queue
[2026-05-19T13:31:35.445+0000] {logging_mixin.py:188} INFO - [2026-05-19T13:31:35.444+0000] {dagbag.py:545} INFO - Filling up the DagBag from /home/airflow/.local/lib/python3.12/site-packages/airflow/example_dags/example_branch_day_of_week_operator.py
[2026-05-19T13:31:35.459+0000] {processor.py:840} INFO - DAG(s) 'example_weekday_branch_operator' retrieved from /home/airflow/.local/lib/python3.12/site-packages/airflow/example_dags/example_branch_day_of_week_operator.py
[2026-05-19T13:31:35.490+0000] {logging_mixin.py:188} INFO - [2026-05-19T13:31:35.489+0000] {dag.py:3096} INFO - Sync 1 DAGs
[2026-05-19T13:31:35.533+0000] {logging_mixin.py:188} INFO - [2026-05-19T13:31:35.532+0000] {dag.py:3954} INFO - Setting next_dagrun for example_weekday_branch_operator to 2026-05-18 00:00:00+00:00, run_after=2026-05-19 00:00:00+00:00
[2026-05-19T13:31:35.560+0000] {processor.py:183} INFO - Processing /home/airflow/.local/lib/python3.12/site-packages/airflow/example_dags/example_branch_day_of_week_operator.py took 0.127 seconds
[2026-05-19T13:32:06.554+0000] {processor.py:161} INFO - Started process (PID=232) to work on /home/airflow/.local/lib/python3.12/site-packages/airflow/example_dags/example_branch_day_of_week_operator.py
[2026-05-19T13:32:06.556+0000] {processor.py:830} INFO - Processing file /home/airflow/.local/lib/python3.12/site-packages/airflow/example_dags/example_branch_day_of_week_operator.py for tasks to queue
[2026-05-19T13:32:06.559+0000] {logging_mixin.py:188} INFO - [2026-05-19T13:32:06.559+0000] {dagbag.py:545} INFO - Filling up the DagBag from /home/airflow/.local/lib/python3.12/site-packages/airflow/example_dags/example_branch_day_of_week_operator.py
[2026-05-19T13:32:06.570+0000] {processor.py:840} INFO - DAG(s) 'example_weekday_branch_operator' retrieved from /home/airflow/.local/lib/python3.12/site-packages/airflow/example_dags/example_branch_day_of_week_operator.py
[2026-05-19T13:32:06.603+0000] {logging_mixin.py:188} INFO - [2026-05-19T13:32:06.603+0000] {dag.py:3096} INFO - Sync 1 DAGs
[2026-05-19T13:32:06.634+0000] {logging_mixin.py:188} INFO - [2026-05-19T13:32:06.634+0000] {dag.py:3954} INFO - Setting next_dagrun for example_weekday_branch_operator to 2026-05-18 00:00:00+00:00, run_after=2026-05-19 00:00:00+00:00
[2026-05-19T13:32:06.675+0000] {processor.py:183} INFO - Processing /home/airflow/.local/lib/python3.12/site-packages/airflow/example_dags/example_branch_day_of_week_operator.py took 0.126 seconds
[2026-05-19T13:32:37.700+0000] {processor.py:161} INFO - Started process (PID=291) to work on /home/airflow/.local/lib/python3.12/site-packages/airflow/example_dags/example_branch_day_of_week_operator.py
[2026-05-19T13:32:37.702+0000] {processor.py:830} INFO - Processing file /home/airflow/.local/lib/python3.12/site-packages/airflow/example_dags/example_branch_day_of_week_operator.py for tasks to queue
[2026-05-19T13:32:37.708+0000] {logging_mixin.py:188} INFO - [2026-05-19T13:32:37.707+0000] {dagbag.py:545} INFO - Filling up the DagBag from /home/airflow/.local/lib/python3.12/site-packages/airflow/example_dags/example_branch_day_of_week_operator.py
[2026-05-19T13:32:37.728+0000] {processor.py:840} INFO - DAG(s) 'example_weekday_branch_operator' retrieved from /home/airflow/.local/lib/python3.12/site-packages/airflow/example_dags/example_branch_day_of_week_operator.py
[2026-05-19T13:32:37.776+0000] {logging_mixin.py:188} INFO - [2026-05-19T13:32:37.775+0000] {dag.py:3096} INFO - Sync 1 DAGs
[2026-05-19T13:32:37.833+0000] {logging_mixin.py:188} INFO - [2026-05-19T13:32:37.833+0000] {dag.py:3954} INFO - Setting next_dagrun for example_weekday_branch_operator to 2026-05-18 00:00:00+00:00, run_after=2026-05-19 00:00:00+00:00
[2026-05-19T13:32:37.885+0000] {processor.py:183} INFO - Processing /home/airflow/.local/lib/python3.12/site-packages/airflow/example_dags/example_branch_day_of_week_operator.py took 0.197 seconds
[2026-05-19T13:33:08.487+0000] {processor.py:161} INFO - Started process (PID=350) to work on /home/airflow/.local/lib/python3.12/site-packages/airflow/example_dags/example_branch_day_of_week_operator.py
[2026-05-19T13:33:08.489+0000] {processor.py:830} INFO - Processing file /home/airflow/.local/lib/python3.12/site-packages/airflow/example_dags/example_branch_day_of_week_operator.py for tasks to queue
[2026-05-19T13:33:08.494+0000] {logging_mixin.py:188} INFO - [2026-05-19T13:33:08.493+0000] {dagbag.py:545} INFO - Filling up the DagBag from /home/airflow/.local/lib/python3.12/site-packages/airflow/example_dags/example_branch_day_of_week_operator.py
[2026-05-19T13:33:08.508+0000] {processor.py:840} INFO - DAG(s) 'example_weekday_branch_operator' retrieved from /home/airflow/.local/lib/python3.12/site-packages/airflow/example_dags/example_branch_day_of_week_operator.py
[2026-05-19T13:33:08.546+0000] {logging_mixin.py:188} INFO - [2026-05-19T13:33:08.546+0000] {dag.py:3096} INFO - Sync 1 DAGs
[2026-05-19T13:33:08.583+0000] {logging_mixin.py:188} INFO - [2026-05-19T13:33:08.583+0000] {dag.py:3954} INFO - Setting next_dagrun for example_weekday_branch_operator to 2026-05-18 00:00:00+00:00, run_after=2026-05-19 00:00:00+00:00
[2026-05-19T13:33:08.620+0000] {processor.py:183} INFO - Processing /home/airflow/.local/lib/python3.12/site-packages/airflow/example_dags/example_branch_day_of_week_operator.py took 0.144 seconds
[2026-05-19T13:33:39.111+0000] {processor.py:161} INFO - Started process (PID=409) to work on /home/airflow/.local/lib/python3.12/site-packages/airflow/example_dags/example_branch_day_of_week_operator.py
[2026-05-19T13:33:39.112+0000] {processor.py:830} INFO - Processing file /home/airflow/.local/lib/python3.12/site-packages/airflow/example_dags/example_branch_day_of_week_operator.py for tasks to queue
[2026-05-19T13:33:39.116+0000] {logging_mixin.py:188} INFO - [2026-05-19T13:33:39.115+0000] {dagbag.py:545} INFO - Filling up the DagBag from /home/airflow/.local/lib/python3.12/site-packages/airflow/example_dags/example_branch_day_of_week_operator.py
[2026-05-19T13:33:39.125+0000] {processor.py:840} INFO - DAG(s) 'example_weekday_branch_operator' retrieved from /home/airflow/.local/lib/python3.12/site-packages/airflow/example_dags/example_branch_day_of_week_operator.py
[2026-05-19T13:33:39.164+0000] {logging_mixin.py:188} INFO - [2026-05-19T13:33:39.163+0000] {dag.py:3096} INFO - Sync 1 DAGs
[2026-05-19T13:33:39.196+0000] {logging_mixin.py:188} INFO - [2026-05-19T13:33:39.196+0000] {dag.py:3954} INFO - Setting next_dagrun for example_weekday_branch_operator to 2026-05-18 00:00:00+00:00, run_after=2026-05-19 00:00:00+00:00
[2026-05-19T13:33:39.230+0000] {processor.py:183} INFO - Processing /home/airflow/.local/lib/python3.12/site-packages/airflow/example_dags/example_branch_day_of_week_operator.py took 0.127 seconds
[2026-05-19T13:34:10.006+0000] {processor.py:161} INFO - Started process (PID=468) to work on /home/airflow/.local/lib/python3.12/site-packages/airflow/example_dags/example_branch_day_of_week_operator.py
[2026-05-19T13:34:10.008+0000] {processor.py:830} INFO - Processing file /home/airflow/.local/lib/python3.12/site-packages/airflow/example_dags/example_branch_day_of_week_operator.py for tasks to queue
[2026-05-19T13:34:10.011+0000] {logging_mixin.py:188} INFO - [2026-05-19T13:34:10.011+0000] {dagbag.py:545} INFO - Filling up the DagBag from /home/airflow/.local/lib/python3.12/site-packages/airflow/example_dags/example_branch_day_of_week_operator.py
[2026-05-19T13:34:10.020+0000] {processor.py:840} INFO - DAG(s) 'example_weekday_branch_operator' retrieved from /home/airflow/.local/lib/python3.12/site-packages/airflow/example_dags/example_branch_day_of_week_operator.py
[2026-05-19T13:34:10.050+0000] {logging_mixin.py:188} INFO - [2026-05-19T13:34:10.050+0000] {dag.py:3096} INFO - Sync 1 DAGs
[2026-05-19T13:34:10.078+0000] {logging_mixin.py:188} INFO - [2026-05-19T13:34:10.078+0000] {dag.py:3954} INFO - Setting next_dagrun for example_weekday_branch_operator to 2026-05-18 00:00:00+00:00, run_after=2026-05-19 00:00:00+00:00
[2026-05-19T13:34:10.111+0000] {processor.py:183} INFO - Processing /home/airflow/.local/lib/python3.12/site-packages/airflow/example_dags/example_branch_day_of_week_operator.py took 0.112 seconds
[2026-05-19T13:34:40.582+0000] {processor.py:161} INFO - Started process (PID=527) to work on /home/airflow/.local/lib/python3.12/site-packages/airflow/example_dags/example_branch_day_of_week_operator.py
[2026-05-19T13:34:40.584+0000] {processor.py:830} INFO - Processing file /home/airflow/.local/lib/python3.12/site-packages/airflow/example_dags/example_branch_day_of_week_operator.py for tasks to queue
[2026-05-19T13:34:40.588+0000] {logging_mixin.py:188} INFO - [2026-05-19T13:34:40.587+0000] {dagbag.py:545} INFO - Filling up the DagBag from /home/airflow/.local/lib/python3.12/site-packages/airflow/example_dags/example_branch_day_of_week_operator.py
[2026-05-19T13:34:40.607+0000] {processor.py:840} INFO - DAG(s) 'example_weekday_branch_operator' retrieved from /home/airflow/.local/lib/python3.12/site-packages/airflow/example_dags/example_branch_day_of_week_operator.py
[2026-05-19T13:34:40.654+0000] {logging_mixin.py:188} INFO - [2026-05-19T13:34:40.653+0000] {dag.py:3096} INFO - Sync 1 DAGs
[2026-05-19T13:34:40.691+0000] {logging_mixin.py:188} INFO - [2026-05-19T13:34:40.691+0000] {dag.py:3954} INFO - Setting next_dagrun for example_weekday_branch_operator to 2026-05-18 00:00:00+00:00, run_after=2026-05-19 00:00:00+00:00
[2026-05-19T13:34:40.729+0000] {processor.py:183} INFO - Processing /home/airflow/.local/lib/python3.12/site-packages/airflow/example_dags/example_branch_day_of_week_operator.py took 0.158 seconds
[2026-05-19T13:35:10.820+0000] {processor.py:161} INFO - Started process (PID=586) to work on /home/airflow/.local/lib/python3.12/site-packages/airflow/example_dags/example_branch_day_of_week_operator.py
[2026-05-19T13:35:10.822+0000] {processor.py:830} INFO - Processing file /home/airflow/.local/lib/python3.12/site-packages/airflow/example_dags/example_branch_day_of_week_operator.py for tasks to queue
[2026-05-19T13:35:10.826+0000] {logging_mixin.py:188} INFO - [2026-05-19T13:35:10.825+0000] {dagbag.py:545} INFO - Filling up the DagBag from /home/airflow/.local/lib/python3.12/site-packages/airflow/example_dags/example_branch_day_of_week_operator.py
[2026-05-19T13:35:10.840+0000] {processor.py:840} INFO - DAG(s) 'example_weekday_branch_operator' retrieved from /home/airflow/.local/lib/python3.12/site-packages/airflow/example_dags/example_branch_day_of_week_operator.py
[2026-05-19T13:35:10.880+0000] {logging_mixin.py:188} INFO - [2026-05-19T13:35:10.880+0000] {dag.py:3096} INFO - Sync 1 DAGs
[2026-05-19T13:35:10.912+0000] {logging_mixin.py:188} INFO - [2026-05-19T13:35:10.911+0000] {dag.py:3954} INFO - Setting next_dagrun for example_weekday_branch_operator to 2026-05-18 00:00:00+00:00, run_after=2026-05-19 00:00:00+00:00
[2026-05-19T13:35:10.943+0000] {processor.py:183} INFO - Processing /home/airflow/.local/lib/python3.12/site-packages/airflow/example_dags/example_branch_day_of_week_operator.py took 0.130 seconds
[2026-05-19T13:35:41.057+0000] {processor.py:161} INFO - Started process (PID=645) to work on /home/airflow/.local/lib/python3.12/site-packages/airflow/example_dags/example_branch_day_of_week_operator.py
[2026-05-19T13:35:41.059+0000] {processor.py:830} INFO - Processing file /home/airflow/.local/lib/python3.12/site-packages/airflow/example_dags/example_branch_day_of_week_operator.py for tasks to queue
[2026-05-19T13:35:41.064+0000] {logging_mixin.py:188} INFO - [2026-05-19T13:35:41.063+0000] {dagbag.py:545} INFO - Filling up the DagBag from /home/airflow/.local/lib/python3.12/site-packages/airflow/example_dags/example_branch_day_of_week_operator.py
[2026-05-19T13:35:41.074+0000] {processor.py:840} INFO - DAG(s) 'example_weekday_branch_operator' retrieved from /home/airflow/.local/lib/python3.12/site-packages/airflow/example_dags/example_branch_day_of_week_operator.py
[2026-05-19T13:35:41.097+0000] {logging_mixin.py:188} INFO - [2026-05-19T13:35:41.096+0000] {dag.py:3096} INFO - Sync 1 DAGs
[2026-05-19T13:35:41.119+0000] {logging_mixin.py:188} INFO - [2026-05-19T13:35:41.119+0000] {dag.py:3954} INFO - Setting next_dagrun for example_weekday_branch_operator to 2026-05-18 00:00:00+00:00, run_after=2026-05-19 00:00:00+00:00
[2026-05-19T13:35:41.139+0000] {processor.py:183} INFO - Processing /home/airflow/.local/lib/python3.12/site-packages/airflow/example_dags/example_branch_day_of_week_operator.py took 0.089 seconds
[2026-05-19T13:36:11.412+0000] {processor.py:161} INFO - Started process (PID=704) to work on /home/airflow/.local/lib/python3.12/site-packages/airflow/example_dags/example_branch_day_of_week_operator.py
[2026-05-19T13:36:11.414+0000] {processor.py:830} INFO - Processing file /home/airflow/.local/lib/python3.12/site-packages/airflow/example_dags/example_branch_day_of_week_operator.py for tasks to queue
[2026-05-19T13:36:11.419+0000] {logging_mixin.py:188} INFO - [2026-05-19T13:36:11.418+0000] {dagbag.py:545} INFO - Filling up the DagBag from /home/airflow/.local/lib/python3.12/site-packages/airflow/example_dags/example_branch_day_of_week_operator.py
[2026-05-19T13:36:11.430+0000] {processor.py:840} INFO - DAG(s) 'example_weekday_branch_operator' retrieved from /home/airflow/.local/lib/python3.12/site-packages/airflow/example_dags/example_branch_day_of_week_operator.py
[2026-05-19T13:36:11.454+0000] {logging_mixin.py:188} INFO - [2026-05-19T13:36:11.453+0000] {dag.py:3096} INFO - Sync 1 DAGs
[2026-05-19T13:36:11.477+0000] {logging_mixin.py:188} INFO - [2026-05-19T13:36:11.477+0000] {dag.py:3954} INFO - Setting next_dagrun for example_weekday_branch_operator to 2026-05-18 00:00:00+00:00, run_after=2026-05-19 00:00:00+00:00
[2026-05-19T13:36:11.500+0000] {processor.py:183} INFO - Processing /home/airflow/.local/lib/python3.12/site-packages/airflow/example_dags/example_branch_day_of_week_operator.py took 0.096 seconds
[2026-05-19T13:36:42.881+0000] {processor.py:161} INFO - Started process (PID=769) to work on /home/airflow/.local/lib/python3.12/site-packages/airflow/example_dags/example_branch_day_of_week_operator.py
[2026-05-19T13:36:42.882+0000] {processor.py:830} INFO - Processing file /home/airflow/.local/lib/python3.12/site-packages/airflow/example_dags/example_branch_day_of_week_operator.py for tasks to queue
[2026-05-19T13:36:42.885+0000] {logging_mixin.py:188} INFO - [2026-05-19T13:36:42.884+0000] {dagbag.py:545} INFO - Filling up the DagBag from /home/airflow/.local/lib/python3.12/site-packages/airflow/example_dags/example_branch_day_of_week_operator.py
[2026-05-19T13:36:42.891+0000] {processor.py:840} INFO - DAG(s) 'example_weekday_branch_operator' retrieved from /home/airflow/.local/lib/python3.12/site-packages/airflow/example_dags/example_branch_day_of_week_operator.py
[2026-05-19T13:36:42.922+0000] {logging_mixin.py:188} INFO - [2026-05-19T13:36:42.922+0000] {dag.py:3096} INFO - Sync 1 DAGs
[2026-05-19T13:36:42.950+0000] {logging_mixin.py:188} INFO - [2026-05-19T13:36:42.950+0000] {dag.py:3954} INFO - Setting next_dagrun for example_weekday_branch_operator to 2026-05-18 00:00:00+00:00, run_after=2026-05-19 00:00:00+00:00
[2026-05-19T13:36:42.976+0000] {processor.py:183} INFO - Processing /home/airflow/.local/lib/python3.12/site-packages/airflow/example_dags/example_branch_day_of_week_operator.py took 0.104 seconds
[2026-05-19T13:37:13.534+0000] {processor.py:161} INFO - Started process (PID=828) to work on /home/airflow/.local/lib/python3.12/site-packages/airflow/example_dags/example_branch_day_of_week_operator.py
[2026-05-19T13:37:13.536+0000] {processor.py:830} INFO - Processing file /home/airflow/.local/lib/python3.12/site-packages/airflow/example_dags/example_branch_day_of_week_operator.py for tasks to queue
[2026-05-19T13:37:13.539+0000] {logging_mixin.py:188} INFO - [2026-05-19T13:37:13.538+0000] {dagbag.py:545} INFO - Filling up the DagBag from /home/airflow/.local/lib/python3.12/site-packages/airflow/example_dags/example_branch_day_of_week_operator.py
[2026-05-19T13:37:13.553+0000] {processor.py:840} INFO - DAG(s) 'example_weekday_branch_operator' retrieved from /home/airflow/.local/lib/python3.12/site-packages/airflow/example_dags/example_branch_day_of_week_operator.py
[2026-05-19T13:37:13.583+0000] {logging_mixin.py:188} INFO - [2026-05-19T13:37:13.582+0000] {dag.py:3096} INFO - Sync 1 DAGs
[2026-05-19T13:37:13.609+0000] {logging_mixin.py:188} INFO - [2026-05-19T13:37:13.609+0000] {dag.py:3954} INFO - Setting next_dagrun for example_weekday_branch_operator to 2026-05-18 00:00:00+00:00, run_after=2026-05-19 00:00:00+00:00
[2026-05-19T13:37:13.635+0000] {processor.py:183} INFO - Processing /home/airflow/.local/lib/python3.12/site-packages/airflow/example_dags/example_branch_day_of_week_operator.py took 0.111 seconds
[2026-05-19T13:37:44.286+0000] {processor.py:161} INFO - Started process (PID=887) to work on /home/airflow/.local/lib/python3.12/site-packages/airflow/example_dags/example_branch_day_of_week_operator.py
[2026-05-19T13:37:44.288+0000] {processor.py:830} INFO - Processing file /home/airflow/.local/lib/python3.12/site-packages/airflow/example_dags/example_branch_day_of_week_operator.py for tasks to queue
[2026-05-19T13:37:44.291+0000] {logging_mixin.py:188} INFO - [2026-05-19T13:37:44.290+0000] {dagbag.py:545} INFO - Filling up the DagBag from /home/airflow/.local/lib/python3.12/site-packages/airflow/example_dags/example_branch_day_of_week_operator.py
[2026-05-19T13:37:44.301+0000] {processor.py:840} INFO - DAG(s) 'example_weekday_branch_operator' retrieved from /home/airflow/.local/lib/python3.12/site-packages/airflow/example_dags/example_branch_day_of_week_operator.py
[2026-05-19T13:37:44.331+0000] {logging_mixin.py:188} INFO - [2026-05-19T13:37:44.330+0000] {dag.py:3096} INFO - Sync 1 DAGs
[2026-05-19T13:37:44.358+0000] {logging_mixin.py:188} INFO - [2026-05-19T13:37:44.358+0000] {dag.py:3954} INFO - Setting next_dagrun for example_weekday_branch_operator to 2026-05-18 00:00:00+00:00, run_after=2026-05-19 00:00:00+00:00
[2026-05-19T13:37:44.388+0000] {processor.py:183} INFO - Processing /home/airflow/.local/lib/python3.12/site-packages/airflow/example_dags/example_branch_day_of_week_operator.py took 0.110 seconds
[2026-05-19T13:38:14.895+0000] {processor.py:161} INFO - Started process (PID=947) to work on /home/airflow/.local/lib/python3.12/site-packages/airflow/example_dags/example_branch_day_of_week_operator.py
[2026-05-19T13:38:14.897+0000] {processor.py:830} INFO - Processing file /home/airflow/.local/lib/python3.12/site-packages/airflow/example_dags/example_branch_day_of_week_operator.py for tasks to queue
[2026-05-19T13:38:14.902+0000] {logging_mixin.py:188} INFO - [2026-05-19T13:38:14.901+0000] {dagbag.py:545} INFO - Filling up the DagBag from /home/airflow/.local/lib/python3.12/site-packages/airflow/example_dags/example_branch_day_of_week_operator.py
[2026-05-19T13:38:14.910+0000] {processor.py:840} INFO - DAG(s) 'example_weekday_branch_operator' retrieved from /home/airflow/.local/lib/python3.12/site-packages/airflow/example_dags/example_branch_day_of_week_operator.py
[2026-05-19T13:38:14.945+0000] {logging_mixin.py:188} INFO - [2026-05-19T13:38:14.944+0000] {dag.py:3096} INFO - Sync 1 DAGs
[2026-05-19T13:38:14.981+0000] {logging_mixin.py:188} INFO - [2026-05-19T13:38:14.980+0000] {dag.py:3954} INFO - Setting next_dagrun for example_weekday_branch_operator to 2026-05-18 00:00:00+00:00, run_after=2026-05-19 00:00:00+00:00
[2026-05-19T13:38:15.019+0000] {processor.py:183} INFO - Processing /home/airflow/.local/lib/python3.12/site-packages/airflow/example_dags/example_branch_day_of_week_operator.py took 0.131 seconds
[2026-05-19T13:38:45.118+0000] {processor.py:161} INFO - Started process (PID=1007) to work on /home/airflow/.local/lib/python3.12/site-packages/airflow/example_dags/example_branch_day_of_week_operator.py
[2026-05-19T13:38:45.120+0000] {processor.py:830} INFO - Processing file /home/airflow/.local/lib/python3.12/site-packages/airflow/example_dags/example_branch_day_of_week_operator.py for tasks to queue
[2026-05-19T13:38:45.123+0000] {logging_mixin.py:188} INFO - [2026-05-19T13:38:45.123+0000] {dagbag.py:545} INFO - Filling up the DagBag from /home/airflow/.local/lib/python3.12/site-packages/airflow/example_dags/example_branch_day_of_week_operator.py
[2026-05-19T13:38:45.131+0000] {processor.py:840} INFO - DAG(s) 'example_weekday_branch_operator' retrieved from /home/airflow/.local/lib/python3.12/site-packages/airflow/example_dags/example_branch_day_of_week_operator.py
[2026-05-19T13:38:45.165+0000] {logging_mixin.py:188} INFO - [2026-05-19T13:38:45.165+0000] {dag.py:3096} INFO - Sync 1 DAGs
[2026-05-19T13:38:45.193+0000] {logging_mixin.py:188} INFO - [2026-05-19T13:38:45.193+0000] {dag.py:3954} INFO - Setting next_dagrun for example_weekday_branch_operator to 2026-05-18 00:00:00+00:00, run_after=2026-05-19 00:00:00+00:00
[2026-05-19T13:38:45.225+0000] {processor.py:183} INFO - Processing /home/airflow/.local/lib/python3.12/site-packages/airflow/example_dags/example_branch_day_of_week_operator.py took 0.112 seconds
[2026-05-19T13:39:15.430+0000] {processor.py:161} INFO - Started process (PID=1066) to work on /home/airflow/.local/lib/python3.12/site-packages/airflow/example_dags/example_branch_day_of_week_operator.py
[2026-05-19T13:39:15.433+0000] {processor.py:830} INFO - Processing file /home/airflow/.local/lib/python3.12/site-packages/airflow/example_dags/example_branch_day_of_week_operator.py for tasks to queue
[2026-05-19T13:39:15.439+0000] {logging_mixin.py:188} INFO - [2026-05-19T13:39:15.437+0000] {dagbag.py:545} INFO - Filling up the DagBag from /home/airflow/.local/lib/python3.12/site-packages/airflow/example_dags/example_branch_day_of_week_operator.py
[2026-05-19T13:39:15.462+0000] {processor.py:840} INFO - DAG(s) 'example_weekday_branch_operator' retrieved from /home/airflow/.local/lib/python3.12/site-packages/airflow/example_dags/example_branch_day_of_week_operator.py
[2026-05-19T13:39:15.523+0000] {logging_mixin.py:188} INFO - [2026-05-19T13:39:15.522+0000] {dag.py:3096} INFO - Sync 1 DAGs
[2026-05-19T13:39:15.572+0000] {logging_mixin.py:188} INFO - [2026-05-19T13:39:15.572+0000] {dag.py:3954} INFO - Setting next_dagrun for example_weekday_branch_operator to 2026-05-18 00:00:00+00:00, run_after=2026-05-19 00:00:00+00:00
[2026-05-19T13:39:15.621+0000] {processor.py:183} INFO - Processing /home/airflow/.local/lib/python3.12/site-packages/airflow/example_dags/example_branch_day_of_week_operator.py took 0.202 seconds
[2026-05-19T13:39:45.739+0000] {processor.py:161} INFO - Started process (PID=1125) to work on /home/airflow/.local/lib/python3.12/site-packages/airflow/example_dags/example_branch_day_of_week_operator.py
[2026-05-19T13:39:45.741+0000] {processor.py:830} INFO - Processing file /home/airflow/.local/lib/python3.12/site-packages/airflow/example_dags/example_branch_day_of_week_operator.py for tasks to queue
[2026-05-19T13:39:45.743+0000] {logging_mixin.py:188} INFO - [2026-05-19T13:39:45.742+0000] {dagbag.py:545} INFO - Filling up the DagBag from /home/airflow/.local/lib/python3.12/site-packages/airflow/example_dags/example_branch_day_of_week_operator.py
[2026-05-19T13:39:45.753+0000] {processor.py:840} INFO - DAG(s) 'example_weekday_branch_operator' retrieved from /home/airflow/.local/lib/python3.12/site-packages/airflow/example_dags/example_branch_day_of_week_operator.py
[2026-05-19T13:39:45.783+0000] {logging_mixin.py:188} INFO - [2026-05-19T13:39:45.782+0000] {dag.py:3096} INFO - Sync 1 DAGs
[2026-05-19T13:39:45.810+0000] {logging_mixin.py:188} INFO - [2026-05-19T13:39:45.810+0000] {dag.py:3954} INFO - Setting next_dagrun for example_weekday_branch_operator to 2026-05-18 00:00:00+00:00, run_after=2026-05-19 00:00:00+00:00
[2026-05-19T13:39:45.837+0000] {processor.py:183} INFO - Processing /home/airflow/.local/lib/python3.12/site-packages/airflow/example_dags/example_branch_day_of_week_operator.py took 0.103 seconds
[2026-05-19T13:40:16.341+0000] {processor.py:161} INFO - Started process (PID=1184) to work on /home/airflow/.local/lib/python3.12/site-packages/airflow/example_dags/example_branch_day_of_week_operator.py
[2026-05-19T13:40:16.344+0000] {processor.py:830} INFO - Processing file /home/airflow/.local/lib/python3.12/site-packages/airflow/example_dags/example_branch_day_of_week_operator.py for tasks to queue
[2026-05-19T13:40:16.347+0000] {logging_mixin.py:188} INFO - [2026-05-19T13:40:16.347+0000] {dagbag.py:545} INFO - Filling up the DagBag from /home/airflow/.local/lib/python3.12/site-packages/airflow/example_dags/example_branch_day_of_week_operator.py
[2026-05-19T13:40:16.356+0000] {processor.py:840} INFO - DAG(s) 'example_weekday_branch_operator' retrieved from /home/airflow/.local/lib/python3.12/site-packages/airflow/example_dags/example_branch_day_of_week_operator.py
[2026-05-19T13:40:16.387+0000] {logging_mixin.py:188} INFO - [2026-05-19T13:40:16.387+0000] {dag.py:3096} INFO - Sync 1 DAGs
[2026-05-19T13:40:16.413+0000] {logging_mixin.py:188} INFO - [2026-05-19T13:40:16.413+0000] {dag.py:3954} INFO - Setting next_dagrun for example_weekday_branch_operator to 2026-05-18 00:00:00+00:00, run_after=2026-05-19 00:00:00+00:00
[2026-05-19T13:40:16.441+0000] {processor.py:183} INFO - Processing /home/airflow/.local/lib/python3.12/site-packages/airflow/example_dags/example_branch_day_of_week_operator.py took 0.108 seconds
[2026-05-19T13:40:46.581+0000] {processor.py:161} INFO - Started process (PID=1243) to work on /home/airflow/.local/lib/python3.12/site-packages/airflow/example_dags/example_branch_day_of_week_operator.py
[2026-05-19T13:40:46.585+0000] {processor.py:830} INFO - Processing file /home/airflow/.local/lib/python3.12/site-packages/airflow/example_dags/example_branch_day_of_week_operator.py for tasks to queue
[2026-05-19T13:40:46.588+0000] {logging_mixin.py:188} INFO - [2026-05-19T13:40:46.588+0000] {dagbag.py:545} INFO - Filling up the DagBag from /home/airflow/.local/lib/python3.12/site-packages/airflow/example_dags/example_branch_day_of_week_operator.py
[2026-05-19T13:40:46.597+0000] {processor.py:840} INFO - DAG(s) 'example_weekday_branch_operator' retrieved from /home/airflow/.local/lib/python3.12/site-packages/airflow/example_dags/example_branch_day_of_week_operator.py
[2026-05-19T13:40:46.626+0000] {logging_mixin.py:188} INFO - [2026-05-19T13:40:46.626+0000] {dag.py:3096} INFO - Sync 1 DAGs
[2026-05-19T13:40:46.651+0000] {logging_mixin.py:188} INFO - [2026-05-19T13:40:46.651+0000] {dag.py:3954} INFO - Setting next_dagrun for example_weekday_branch_operator to 2026-05-18 00:00:00+00:00, run_after=2026-05-19 00:00:00+00:00
[2026-05-19T13:40:46.683+0000] {processor.py:183} INFO - Processing /home/airflow/.local/lib/python3.12/site-packages/airflow/example_dags/example_branch_day_of_week_operator.py took 0.109 seconds
[2026-05-19T13:41:17.894+0000] {processor.py:161} INFO - Started process (PID=1302) to work on /home/airflow/.local/lib/python3.12/site-packages/airflow/example_dags/example_branch_day_of_week_operator.py
[2026-05-19T13:41:17.897+0000] {processor.py:830} INFO - Processing file /home/airflow/.local/lib/python3.12/site-packages/airflow/example_dags/example_branch_day_of_week_operator.py for tasks to queue
[2026-05-19T13:41:17.902+0000] {logging_mixin.py:188} INFO - [2026-05-19T13:41:17.901+0000] {dagbag.py:545} INFO - Filling up the DagBag from /home/airflow/.local/lib/python3.12/site-packages/airflow/example_dags/example_branch_day_of_week_operator.py
[2026-05-19T13:41:17.920+0000] {processor.py:840} INFO - DAG(s) 'example_weekday_branch_operator' retrieved from /home/airflow/.local/lib/python3.12/site-packages/airflow/example_dags/example_branch_day_of_week_operator.py
[2026-05-19T13:41:17.976+0000] {logging_mixin.py:188} INFO - [2026-05-19T13:41:17.975+0000] {dag.py:3096} INFO - Sync 1 DAGs
[2026-05-19T13:41:18.029+0000] {logging_mixin.py:188} INFO - [2026-05-19T13:41:18.028+0000] {dag.py:3954} INFO - Setting next_dagrun for example_weekday_branch_operator to 2026-05-18 00:00:00+00:00, run_after=2026-05-19 00:00:00+00:00
[2026-05-19T13:41:18.088+0000] {processor.py:183} INFO - Processing /home/airflow/.local/lib/python3.12/site-packages/airflow/example_dags/example_branch_day_of_week_operator.py took 0.206 seconds
[2026-05-19T13:41:50.828+0000] {processor.py:161} INFO - Started process (PID=1361) to work on /home/airflow/.local/lib/python3.12/site-packages/airflow/example_dags/example_branch_day_of_week_operator.py
[2026-05-19T13:41:50.837+0000] {processor.py:830} INFO - Processing file /home/airflow/.local/lib/python3.12/site-packages/airflow/example_dags/example_branch_day_of_week_operator.py for tasks to queue
[2026-05-19T13:41:50.847+0000] {logging_mixin.py:188} INFO - [2026-05-19T13:41:50.846+0000] {dagbag.py:545} INFO - Filling up the DagBag from /home/airflow/.local/lib/python3.12/site-packages/airflow/example_dags/example_branch_day_of_week_operator.py
[2026-05-19T13:41:50.885+0000] {processor.py:840} INFO - DAG(s) 'example_weekday_branch_operator' retrieved from /home/airflow/.local/lib/python3.12/site-packages/airflow/example_dags/example_branch_day_of_week_operator.py
[2026-05-19T13:41:51.005+0000] {logging_mixin.py:188} INFO - [2026-05-19T13:41:51.004+0000] {dag.py:3096} INFO - Sync 1 DAGs
[2026-05-19T13:41:51.174+0000] {logging_mixin.py:188} INFO - [2026-05-19T13:41:51.164+0000] {dag.py:3954} INFO - Setting next_dagrun for example_weekday_branch_operator to 2026-05-18 00:00:00+00:00, run_after=2026-05-19 00:00:00+00:00
[2026-05-19T13:41:51.338+0000] {processor.py:183} INFO - Processing /home/airflow/.local/lib/python3.12/site-packages/airflow/example_dags/example_branch_day_of_week_operator.py took 0.550 seconds
[2026-05-19T13:42:21.622+0000] {processor.py:161} INFO - Started process (PID=1420) to work on /home/airflow/.local/lib/python3.12/site-packages/airflow/example_dags/example_branch_day_of_week_operator.py
[2026-05-19T13:42:21.623+0000] {processor.py:830} INFO - Processing file /home/airflow/.local/lib/python3.12/site-packages/airflow/example_dags/example_branch_day_of_week_operator.py for tasks to queue
[2026-05-19T13:42:21.626+0000] {logging_mixin.py:188} INFO - [2026-05-19T13:42:21.626+0000] {dagbag.py:545} INFO - Filling up the DagBag from /home/airflow/.local/lib/python3.12/site-packages/airflow/example_dags/example_branch_day_of_week_operator.py
[2026-05-19T13:42:21.637+0000] {processor.py:840} INFO - DAG(s) 'example_weekday_branch_operator' retrieved from /home/airflow/.local/lib/python3.12/site-packages/airflow/example_dags/example_branch_day_of_week_operator.py
[2026-05-19T13:42:21.665+0000] {logging_mixin.py:188} INFO - [2026-05-19T13:42:21.665+0000] {dag.py:3096} INFO - Sync 1 DAGs
[2026-05-19T13:42:21.694+0000] {logging_mixin.py:188} INFO - [2026-05-19T13:42:21.693+0000] {dag.py:3954} INFO - Setting next_dagrun for example_weekday_branch_operator to 2026-05-18 00:00:00+00:00, run_after=2026-05-19 00:00:00+00:00
[2026-05-19T13:42:21.877+0000] {processor.py:183} INFO - Processing /home/airflow/.local/lib/python3.12/site-packages/airflow/example_dags/example_branch_day_of_week_operator.py took 0.262 seconds
[2026-05-19T13:42:52.750+0000] {processor.py:161} INFO - Started process (PID=1479) to work on /home/airflow/.local/lib/python3.12/site-packages/airflow/example_dags/example_branch_day_of_week_operator.py
[2026-05-19T13:42:52.752+0000] {processor.py:830} INFO - Processing file /home/airflow/.local/lib/python3.12/site-packages/airflow/example_dags/example_branch_day_of_week_operator.py for tasks to queue
[2026-05-19T13:42:52.756+0000] {logging_mixin.py:188} INFO - [2026-05-19T13:42:52.755+0000] {dagbag.py:545} INFO - Filling up the DagBag from /home/airflow/.local/lib/python3.12/site-packages/airflow/example_dags/example_branch_day_of_week_operator.py
[2026-05-19T13:42:52.770+0000] {processor.py:840} INFO - DAG(s) 'example_weekday_branch_operator' retrieved from /home/airflow/.local/lib/python3.12/site-packages/airflow/example_dags/example_branch_day_of_week_operator.py
[2026-05-19T13:42:52.807+0000] {logging_mixin.py:188} INFO - [2026-05-19T13:42:52.806+0000] {dag.py:3096} INFO - Sync 1 DAGs
[2026-05-19T13:42:52.839+0000] {logging_mixin.py:188} INFO - [2026-05-19T13:42:52.839+0000] {dag.py:3954} INFO - Setting next_dagrun for example_weekday_branch_operator to 2026-05-18 00:00:00+00:00, run_after=2026-05-19 00:00:00+00:00
[2026-05-19T13:42:53.072+0000] {processor.py:183} INFO - Processing /home/airflow/.local/lib/python3.12/site-packages/airflow/example_dags/example_branch_day_of_week_operator.py took 0.330 seconds
[2026-05-19T13:43:23.768+0000] {processor.py:161} INFO - Started process (PID=1539) to work on /home/airflow/.local/lib/python3.12/site-packages/airflow/example_dags/example_branch_day_of_week_operator.py
[2026-05-19T13:43:23.770+0000] {processor.py:830} INFO - Processing file /home/airflow/.local/lib/python3.12/site-packages/airflow/example_dags/example_branch_day_of_week_operator.py for tasks to queue
[2026-05-19T13:43:23.775+0000] {logging_mixin.py:188} INFO - [2026-05-19T13:43:23.774+0000] {dagbag.py:545} INFO - Filling up the DagBag from /home/airflow/.local/lib/python3.12/site-packages/airflow/example_dags/example_branch_day_of_week_operator.py
[2026-05-19T13:43:23.806+0000] {processor.py:840} INFO - DAG(s) 'example_weekday_branch_operator' retrieved from /home/airflow/.local/lib/python3.12/site-packages/airflow/example_dags/example_branch_day_of_week_operator.py
[2026-05-19T13:43:23.876+0000] {logging_mixin.py:188} INFO - [2026-05-19T13:43:23.874+0000] {dag.py:3096} INFO - Sync 1 DAGs
[2026-05-19T13:43:23.923+0000] {logging_mixin.py:188} INFO - [2026-05-19T13:43:23.923+0000] {dag.py:3954} INFO - Setting next_dagrun for example_weekday_branch_operator to 2026-05-18 00:00:00+00:00, run_after=2026-05-19 00:00:00+00:00
[2026-05-19T13:43:24.164+0000] {processor.py:183} INFO - Processing /home/airflow/.local/lib/python3.12/site-packages/airflow/example_dags/example_branch_day_of_week_operator.py took 0.412 seconds
[2026-05-19T13:43:54.779+0000] {processor.py:161} INFO - Started process (PID=1598) to work on /home/airflow/.local/lib/python3.12/site-packages/airflow/example_dags/example_branch_day_of_week_operator.py
[2026-05-19T13:43:54.780+0000] {processor.py:830} INFO - Processing file /home/airflow/.local/lib/python3.12/site-packages/airflow/example_dags/example_branch_day_of_week_operator.py for tasks to queue
[2026-05-19T13:43:54.784+0000] {logging_mixin.py:188} INFO - [2026-05-19T13:43:54.783+0000] {dagbag.py:545} INFO - Filling up the DagBag from /home/airflow/.local/lib/python3.12/site-packages/airflow/example_dags/example_branch_day_of_week_operator.py
[2026-05-19T13:43:54.793+0000] {processor.py:840} INFO - DAG(s) 'example_weekday_branch_operator' retrieved from /home/airflow/.local/lib/python3.12/site-packages/airflow/example_dags/example_branch_day_of_week_operator.py
[2026-05-19T13:43:54.828+0000] {logging_mixin.py:188} INFO - [2026-05-19T13:43:54.828+0000] {dag.py:3096} INFO - Sync 1 DAGs
[2026-05-19T13:43:54.865+0000] {logging_mixin.py:188} INFO - [2026-05-19T13:43:54.864+0000] {dag.py:3954} INFO - Setting next_dagrun for example_weekday_branch_operator to 2026-05-18 00:00:00+00:00, run_after=2026-05-19 00:00:00+00:00
[2026-05-19T13:43:54.904+0000] {processor.py:183} INFO - Processing /home/airflow/.local/lib/python3.12/site-packages/airflow/example_dags/example_branch_day_of_week_operator.py took 0.136 seconds
[2026-05-19T13:44:25.208+0000] {processor.py:161} INFO - Started process (PID=1657) to work on /home/airflow/.local/lib/python3.12/site-packages/airflow/example_dags/example_branch_day_of_week_operator.py
[2026-05-19T13:44:25.209+0000] {processor.py:830} INFO - Processing file /home/airflow/.local/lib/python3.12/site-packages/airflow/example_dags/example_branch_day_of_week_operator.py for tasks to queue
[2026-05-19T13:44:25.211+0000] {logging_mixin.py:188} INFO - [2026-05-19T13:44:25.211+0000] {dagbag.py:545} INFO - Filling up the DagBag from /home/airflow/.local/lib/python3.12/site-packages/airflow/example_dags/example_branch_day_of_week_operator.py
[2026-05-19T13:44:25.222+0000] {processor.py:840} INFO - DAG(s) 'example_weekday_branch_operator' retrieved from /home/airflow/.local/lib/python3.12/site-packages/airflow/example_dags/example_branch_day_of_week_operator.py
[2026-05-19T13:44:25.249+0000] {logging_mixin.py:188} INFO - [2026-05-19T13:44:25.248+0000] {dag.py:3096} INFO - Sync 1 DAGs
[2026-05-19T13:44:25.275+0000] {logging_mixin.py:188} INFO - [2026-05-19T13:44:25.275+0000] {dag.py:3954} INFO - Setting next_dagrun for example_weekday_branch_operator to 2026-05-18 00:00:00+00:00, run_after=2026-05-19 00:00:00+00:00
[2026-05-19T13:44:25.317+0000] {processor.py:183} INFO - Processing /home/airflow/.local/lib/python3.12/site-packages/airflow/example_dags/example_branch_day_of_week_operator.py took 0.115 seconds
[2026-05-19T13:44:55.737+0000] {processor.py:161} INFO - Started process (PID=1716) to work on /home/airflow/.local/lib/python3.12/site-packages/airflow/example_dags/example_branch_day_of_week_operator.py
[2026-05-19T13:44:55.738+0000] {processor.py:830} INFO - Processing file /home/airflow/.local/lib/python3.12/site-packages/airflow/example_dags/example_branch_day_of_week_operator.py for tasks to queue
[2026-05-19T13:44:55.741+0000] {logging_mixin.py:188} INFO - [2026-05-19T13:44:55.741+0000] {dagbag.py:545} INFO - Filling up the DagBag from /home/airflow/.local/lib/python3.12/site-packages/airflow/example_dags/example_branch_day_of_week_operator.py
[2026-05-19T13:44:55.750+0000] {processor.py:840} INFO - DAG(s) 'example_weekday_branch_operator' retrieved from /home/airflow/.local/lib/python3.12/site-packages/airflow/example_dags/example_branch_day_of_week_operator.py
[2026-05-19T13:44:55.794+0000] {logging_mixin.py:188} INFO - [2026-05-19T13:44:55.792+0000] {dag.py:3096} INFO - Sync 1 DAGs
[2026-05-19T13:44:55.824+0000] {logging_mixin.py:188} INFO - [2026-05-19T13:44:55.824+0000] {dag.py:3954} INFO - Setting next_dagrun for example_weekday_branch_operator to 2026-05-18 00:00:00+00:00, run_after=2026-05-19 00:00:00+00:00
[2026-05-19T13:44:55.865+0000] {processor.py:183} INFO - Processing /home/airflow/.local/lib/python3.12/site-packages/airflow/example_dags/example_branch_day_of_week_operator.py took 0.148 seconds
[2026-05-19T13:45:26.230+0000] {processor.py:161} INFO - Started process (PID=1775) to work on /home/airflow/.local/lib/python3.12/site-packages/airflow/example_dags/example_branch_day_of_week_operator.py
[2026-05-19T13:45:26.232+0000] {processor.py:830} INFO - Processing file /home/airflow/.local/lib/python3.12/site-packages/airflow/example_dags/example_branch_day_of_week_operator.py for tasks to queue
[2026-05-19T13:45:26.235+0000] {logging_mixin.py:188} INFO - [2026-05-19T13:45:26.235+0000] {dagbag.py:545} INFO - Filling up the DagBag from /home/airflow/.local/lib/python3.12/site-packages/airflow/example_dags/example_branch_day_of_week_operator.py
[2026-05-19T13:45:26.245+0000] {processor.py:840} INFO - DAG(s) 'example_weekday_branch_operator' retrieved from /home/airflow/.local/lib/python3.12/site-packages/airflow/example_dags/example_branch_day_of_week_operator.py
[2026-05-19T13:45:26.276+0000] {logging_mixin.py:188} INFO - [2026-05-19T13:45:26.276+0000] {dag.py:3096} INFO - Sync 1 DAGs
[2026-05-19T13:45:26.305+0000] {logging_mixin.py:188} INFO - [2026-05-19T13:45:26.304+0000] {dag.py:3954} INFO - Setting next_dagrun for example_weekday_branch_operator to 2026-05-18 00:00:00+00:00, run_after=2026-05-19 00:00:00+00:00
[2026-05-19T13:45:26.335+0000] {processor.py:183} INFO - Processing /home/airflow/.local/lib/python3.12/site-packages/airflow/example_dags/example_branch_day_of_week_operator.py took 0.113 seconds
[2026-05-19T13:45:56.720+0000] {processor.py:161} INFO - Started process (PID=1834) to work on /home/airflow/.local/lib/python3.12/site-packages/airflow/example_dags/example_branch_day_of_week_operator.py
[2026-05-19T13:45:56.722+0000] {processor.py:830} INFO - Processing file /home/airflow/.local/lib/python3.12/site-packages/airflow/example_dags/example_branch_day_of_week_operator.py for tasks to queue
[2026-05-19T13:45:56.724+0000] {logging_mixin.py:188} INFO - [2026-05-19T13:45:56.724+0000] {dagbag.py:545} INFO - Filling up the DagBag from /home/airflow/.local/lib/python3.12/site-packages/airflow/example_dags/example_branch_day_of_week_operator.py
[2026-05-19T13:45:56.735+0000] {processor.py:840} INFO - DAG(s) 'example_weekday_branch_operator' retrieved from /home/airflow/.local/lib/python3.12/site-packages/airflow/example_dags/example_branch_day_of_week_operator.py
[2026-05-19T13:45:56.759+0000] {logging_mixin.py:188} INFO - [2026-05-19T13:45:56.759+0000] {dag.py:3096} INFO - Sync 1 DAGs
[2026-05-19T13:45:56.787+0000] {logging_mixin.py:188} INFO - [2026-05-19T13:45:56.787+0000] {dag.py:3954} INFO - Setting next_dagrun for example_weekday_branch_operator to 2026-05-18 00:00:00+00:00, run_after=2026-05-19 00:00:00+00:00
[2026-05-19T13:45:56.813+0000] {processor.py:183} INFO - Processing /home/airflow/.local/lib/python3.12/site-packages/airflow/example_dags/example_branch_day_of_week_operator.py took 0.100 seconds
[2026-05-19T13:46:27.281+0000] {processor.py:161} INFO - Started process (PID=1894) to work on /home/airflow/.local/lib/python3.12/site-packages/airflow/example_dags/example_branch_day_of_week_operator.py
[2026-05-19T13:46:27.283+0000] {processor.py:830} INFO - Processing file /home/airflow/.local/lib/python3.12/site-packages/airflow/example_dags/example_branch_day_of_week_operator.py for tasks to queue
[2026-05-19T13:46:27.287+0000] {logging_mixin.py:188} INFO - [2026-05-19T13:46:27.286+0000] {dagbag.py:545} INFO - Filling up the DagBag from /home/airflow/.local/lib/python3.12/site-packages/airflow/example_dags/example_branch_day_of_week_operator.py
[2026-05-19T13:46:27.295+0000] {processor.py:840} INFO - DAG(s) 'example_weekday_branch_operator' retrieved from /home/airflow/.local/lib/python3.12/site-packages/airflow/example_dags/example_branch_day_of_week_operator.py
[2026-05-19T13:46:27.322+0000] {logging_mixin.py:188} INFO - [2026-05-19T13:46:27.322+0000] {dag.py:3096} INFO - Sync 1 DAGs
[2026-05-19T13:46:27.356+0000] {logging_mixin.py:188} INFO - [2026-05-19T13:46:27.355+0000] {dag.py:3954} INFO - Setting next_dagrun for example_weekday_branch_operator to 2026-05-18 00:00:00+00:00, run_after=2026-05-19 00:00:00+00:00
[2026-05-19T13:46:27.380+0000] {processor.py:183} INFO - Processing /home/airflow/.local/lib/python3.12/site-packages/airflow/example_dags/example_branch_day_of_week_operator.py took 0.107 seconds
[2026-05-19T13:46:57.873+0000] {processor.py:161} INFO - Started process (PID=1953) to work on /home/airflow/.local/lib/python3.12/site-packages/airflow/example_dags/example_branch_day_of_week_operator.py
[2026-05-19T13:46:57.875+0000] {processor.py:830} INFO - Processing file /home/airflow/.local/lib/python3.12/site-packages/airflow/example_dags/example_branch_day_of_week_operator.py for tasks to queue
[2026-05-19T13:46:57.878+0000] {logging_mixin.py:188} INFO - [2026-05-19T13:46:57.878+0000] {dagbag.py:545} INFO - Filling up the DagBag from /home/airflow/.local/lib/python3.12/site-packages/airflow/example_dags/example_branch_day_of_week_operator.py
[2026-05-19T13:46:57.890+0000] {processor.py:840} INFO - DAG(s) 'example_weekday_branch_operator' retrieved from /home/airflow/.local/lib/python3.12/site-packages/airflow/example_dags/example_branch_day_of_week_operator.py
[2026-05-19T13:46:57.924+0000] {logging_mixin.py:188} INFO - [2026-05-19T13:46:57.923+0000] {dag.py:3096} INFO - Sync 1 DAGs
[2026-05-19T13:46:57.956+0000] {logging_mixin.py:188} INFO - [2026-05-19T13:46:57.956+0000] {dag.py:3954} INFO - Setting next_dagrun for example_weekday_branch_operator to 2026-05-18 00:00:00+00:00, run_after=2026-05-19 00:00:00+00:00
[2026-05-19T13:46:57.978+0000] {processor.py:183} INFO - Processing /home/airflow/.local/lib/python3.12/site-packages/airflow/example_dags/example_branch_day_of_week_operator.py took 0.115 seconds
[2026-05-19T13:47:28.352+0000] {processor.py:161} INFO - Started process (PID=2012) to work on /home/airflow/.local/lib/python3.12/site-packages/airflow/example_dags/example_branch_day_of_week_operator.py
[2026-05-19T13:47:28.353+0000] {processor.py:830} INFO - Processing file /home/airflow/.local/lib/python3.12/site-packages/airflow/example_dags/example_branch_day_of_week_operator.py for tasks to queue
[2026-05-19T13:47:28.356+0000] {logging_mixin.py:188} INFO - [2026-05-19T13:47:28.355+0000] {dagbag.py:545} INFO - Filling up the DagBag from /home/airflow/.local/lib/python3.12/site-packages/airflow/example_dags/example_branch_day_of_week_operator.py
[2026-05-19T13:47:28.366+0000] {processor.py:840} INFO - DAG(s) 'example_weekday_branch_operator' retrieved from /home/airflow/.local/lib/python3.12/site-packages/airflow/example_dags/example_branch_day_of_week_operator.py
[2026-05-19T13:47:28.395+0000] {logging_mixin.py:188} INFO - [2026-05-19T13:47:28.394+0000] {dag.py:3096} INFO - Sync 1 DAGs
[2026-05-19T13:47:28.422+0000] {logging_mixin.py:188} INFO - [2026-05-19T13:47:28.422+0000] {dag.py:3954} INFO - Setting next_dagrun for example_weekday_branch_operator to 2026-05-18 00:00:00+00:00, run_after=2026-05-19 00:00:00+00:00
[2026-05-19T13:47:28.450+0000] {processor.py:183} INFO - Processing /home/airflow/.local/lib/python3.12/site-packages/airflow/example_dags/example_branch_day_of_week_operator.py took 0.106 seconds
[2026-05-19T13:47:59.059+0000] {processor.py:161} INFO - Started process (PID=2071) to work on /home/airflow/.local/lib/python3.12/site-packages/airflow/example_dags/example_branch_day_of_week_operator.py
[2026-05-19T13:47:59.060+0000] {processor.py:830} INFO - Processing file /home/airflow/.local/lib/python3.12/site-packages/airflow/example_dags/example_branch_day_of_week_operator.py for tasks to queue
[2026-05-19T13:47:59.063+0000] {logging_mixin.py:188} INFO - [2026-05-19T13:47:59.063+0000] {dagbag.py:545} INFO - Filling up the DagBag from /home/airflow/.local/lib/python3.12/site-packages/airflow/example_dags/example_branch_day_of_week_operator.py
[2026-05-19T13:47:59.075+0000] {processor.py:840} INFO - DAG(s) 'example_weekday_branch_operator' retrieved from /home/airflow/.local/lib/python3.12/site-packages/airflow/example_dags/example_branch_day_of_week_operator.py
[2026-05-19T13:47:59.101+0000] {logging_mixin.py:188} INFO - [2026-05-19T13:47:59.100+0000] {dag.py:3096} INFO - Sync 1 DAGs
[2026-05-19T13:47:59.129+0000] {logging_mixin.py:188} INFO - [2026-05-19T13:47:59.129+0000] {dag.py:3954} INFO - Setting next_dagrun for example_weekday_branch_operator to 2026-05-18 00:00:00+00:00, run_after=2026-05-19 00:00:00+00:00
[2026-05-19T13:47:59.152+0000] {processor.py:183} INFO - Processing /home/airflow/.local/lib/python3.12/site-packages/airflow/example_dags/example_branch_day_of_week_operator.py took 0.102 seconds
[2026-05-19T13:48:29.542+0000] {processor.py:161} INFO - Started process (PID=2130) to work on /home/airflow/.local/lib/python3.12/site-packages/airflow/example_dags/example_branch_day_of_week_operator.py
[2026-05-19T13:48:29.544+0000] {processor.py:830} INFO - Processing file /home/airflow/.local/lib/python3.12/site-packages/airflow/example_dags/example_branch_day_of_week_operator.py for tasks to queue
[2026-05-19T13:48:29.550+0000] {logging_mixin.py:188} INFO - [2026-05-19T13:48:29.549+0000] {dagbag.py:545} INFO - Filling up the DagBag from /home/airflow/.local/lib/python3.12/site-packages/airflow/example_dags/example_branch_day_of_week_operator.py
[2026-05-19T13:48:29.573+0000] {processor.py:840} INFO - DAG(s) 'example_weekday_branch_operator' retrieved from /home/airflow/.local/lib/python3.12/site-packages/airflow/example_dags/example_branch_day_of_week_operator.py
[2026-05-19T13:48:29.648+0000] {logging_mixin.py:188} INFO - [2026-05-19T13:48:29.647+0000] {dag.py:3096} INFO - Sync 1 DAGs
[2026-05-19T13:48:29.699+0000] {logging_mixin.py:188} INFO - [2026-05-19T13:48:29.699+0000] {dag.py:3954} INFO - Setting next_dagrun for example_weekday_branch_operator to 2026-05-18 00:00:00+00:00, run_after=2026-05-19 00:00:00+00:00
[2026-05-19T13:48:29.753+0000] {processor.py:183} INFO - Processing /home/airflow/.local/lib/python3.12/site-packages/airflow/example_dags/example_branch_day_of_week_operator.py took 0.230 seconds
[2026-05-19T13:49:00.153+0000] {processor.py:161} INFO - Started process (PID=2190) to work on /home/airflow/.local/lib/python3.12/site-packages/airflow/example_dags/example_branch_day_of_week_operator.py
[2026-05-19T13:49:00.155+0000] {processor.py:830} INFO - Processing file /home/airflow/.local/lib/python3.12/site-packages/airflow/example_dags/example_branch_day_of_week_operator.py for tasks to queue
[2026-05-19T13:49:00.158+0000] {logging_mixin.py:188} INFO - [2026-05-19T13:49:00.157+0000] {dagbag.py:545} INFO - Filling up the DagBag from /home/airflow/.local/lib/python3.12/site-packages/airflow/example_dags/example_branch_day_of_week_operator.py
[2026-05-19T13:49:00.166+0000] {processor.py:840} INFO - DAG(s) 'example_weekday_branch_operator' retrieved from /home/airflow/.local/lib/python3.12/site-packages/airflow/example_dags/example_branch_day_of_week_operator.py
[2026-05-19T13:49:00.193+0000] {logging_mixin.py:188} INFO - [2026-05-19T13:49:00.192+0000] {dag.py:3096} INFO - Sync 1 DAGs
[2026-05-19T13:49:00.226+0000] {logging_mixin.py:188} INFO - [2026-05-19T13:49:00.226+0000] {dag.py:3954} INFO - Setting next_dagrun for example_weekday_branch_operator to 2026-05-18 00:00:00+00:00, run_after=2026-05-19 00:00:00+00:00
[2026-05-19T13:49:00.252+0000] {processor.py:183} INFO - Processing /home/airflow/.local/lib/python3.12/site-packages/airflow/example_dags/example_branch_day_of_week_operator.py took 0.108 seconds
[2026-05-19T13:49:30.627+0000] {processor.py:161} INFO - Started process (PID=2249) to work on /home/airflow/.local/lib/python3.12/site-packages/airflow/example_dags/example_branch_day_of_week_operator.py
[2026-05-19T13:49:30.629+0000] {processor.py:830} INFO - Processing file /home/airflow/.local/lib/python3.12/site-packages/airflow/example_dags/example_branch_day_of_week_operator.py for tasks to queue
[2026-05-19T13:49:30.632+0000] {logging_mixin.py:188} INFO - [2026-05-19T13:49:30.631+0000] {dagbag.py:545} INFO - Filling up the DagBag from /home/airflow/.local/lib/python3.12/site-packages/airflow/example_dags/example_branch_day_of_week_operator.py
[2026-05-19T13:49:30.643+0000] {processor.py:840} INFO - DAG(s) 'example_weekday_branch_operator' retrieved from /home/airflow/.local/lib/python3.12/site-packages/airflow/example_dags/example_branch_day_of_week_operator.py
[2026-05-19T13:49:30.681+0000] {logging_mixin.py:188} INFO - [2026-05-19T13:49:30.681+0000] {dag.py:3096} INFO - Sync 1 DAGs
[2026-05-19T13:49:30.712+0000] {logging_mixin.py:188} INFO - [2026-05-19T13:49:30.711+0000] {dag.py:3954} INFO - Setting next_dagrun for example_weekday_branch_operator to 2026-05-18 00:00:00+00:00, run_after=2026-05-19 00:00:00+00:00
[2026-05-19T13:49:30.752+0000] {processor.py:183} INFO - Processing /home/airflow/.local/lib/python3.12/site-packages/airflow/example_dags/example_branch_day_of_week_operator.py took 0.135 seconds
[2026-05-19T13:50:01.755+0000] {processor.py:161} INFO - Started process (PID=2308) to work on /home/airflow/.local/lib/python3.12/site-packages/airflow/example_dags/example_branch_day_of_week_operator.py
[2026-05-19T13:50:01.757+0000] {processor.py:830} INFO - Processing file /home/airflow/.local/lib/python3.12/site-packages/airflow/example_dags/example_branch_day_of_week_operator.py for tasks to queue
[2026-05-19T13:50:01.763+0000] {logging_mixin.py:188} INFO - [2026-05-19T13:50:01.762+0000] {dagbag.py:545} INFO - Filling up the DagBag from /home/airflow/.local/lib/python3.12/site-packages/airflow/example_dags/example_branch_day_of_week_operator.py
[2026-05-19T13:50:01.778+0000] {processor.py:840} INFO - DAG(s) 'example_weekday_branch_operator' retrieved from /home/airflow/.local/lib/python3.12/site-packages/airflow/example_dags/example_branch_day_of_week_operator.py
[2026-05-19T13:50:01.823+0000] {logging_mixin.py:188} INFO - [2026-05-19T13:50:01.822+0000] {dag.py:3096} INFO - Sync 1 DAGs
[2026-05-19T13:50:01.870+0000] {logging_mixin.py:188} INFO - [2026-05-19T13:50:01.869+0000] {dag.py:3954} INFO - Setting next_dagrun for example_weekday_branch_operator to 2026-05-18 00:00:00+00:00, run_after=2026-05-19 00:00:00+00:00
[2026-05-19T13:50:01.916+0000] {processor.py:183} INFO - Processing /home/airflow/.local/lib/python3.12/site-packages/airflow/example_dags/example_branch_day_of_week_operator.py took 0.175 seconds
[2026-05-19T13:50:32.805+0000] {processor.py:161} INFO - Started process (PID=2367) to work on /home/airflow/.local/lib/python3.12/site-packages/airflow/example_dags/example_branch_day_of_week_operator.py
[2026-05-19T13:50:32.807+0000] {processor.py:830} INFO - Processing file /home/airflow/.local/lib/python3.12/site-packages/airflow/example_dags/example_branch_day_of_week_operator.py for tasks to queue
[2026-05-19T13:50:32.809+0000] {logging_mixin.py:188} INFO - [2026-05-19T13:50:32.809+0000] {dagbag.py:545} INFO - Filling up the DagBag from /home/airflow/.local/lib/python3.12/site-packages/airflow/example_dags/example_branch_day_of_week_operator.py
[2026-05-19T13:50:32.818+0000] {processor.py:840} INFO - DAG(s) 'example_weekday_branch_operator' retrieved from /home/airflow/.local/lib/python3.12/site-packages/airflow/example_dags/example_branch_day_of_week_operator.py
[2026-05-19T13:50:32.850+0000] {logging_mixin.py:188} INFO - [2026-05-19T13:50:32.849+0000] {dag.py:3096} INFO - Sync 1 DAGs
[2026-05-19T13:50:32.883+0000] {logging_mixin.py:188} INFO - [2026-05-19T13:50:32.883+0000] {dag.py:3954} INFO - Setting next_dagrun for example_weekday_branch_operator to 2026-05-18 00:00:00+00:00, run_after=2026-05-19 00:00:00+00:00
[2026-05-19T13:50:32.915+0000] {processor.py:183} INFO - Processing /home/airflow/.local/lib/python3.12/site-packages/airflow/example_dags/example_branch_day_of_week_operator.py took 0.118 seconds
[2026-05-19T13:51:03.490+0000] {processor.py:161} INFO - Started process (PID=2426) to work on /home/airflow/.local/lib/python3.12/site-packages/airflow/example_dags/example_branch_day_of_week_operator.py
[2026-05-19T13:51:03.492+0000] {processor.py:830} INFO - Processing file /home/airflow/.local/lib/python3.12/site-packages/airflow/example_dags/example_branch_day_of_week_operator.py for tasks to queue
[2026-05-19T13:51:03.495+0000] {logging_mixin.py:188} INFO - [2026-05-19T13:51:03.495+0000] {dagbag.py:545} INFO - Filling up the DagBag from /home/airflow/.local/lib/python3.12/site-packages/airflow/example_dags/example_branch_day_of_week_operator.py
[2026-05-19T13:51:03.507+0000] {processor.py:840} INFO - DAG(s) 'example_weekday_branch_operator' retrieved from /home/airflow/.local/lib/python3.12/site-packages/airflow/example_dags/example_branch_day_of_week_operator.py
[2026-05-19T13:51:03.537+0000] {logging_mixin.py:188} INFO - [2026-05-19T13:51:03.536+0000] {dag.py:3096} INFO - Sync 1 DAGs
[2026-05-19T13:51:03.558+0000] {logging_mixin.py:188} INFO - [2026-05-19T13:51:03.557+0000] {dag.py:3954} INFO - Setting next_dagrun for example_weekday_branch_operator to 2026-05-18 00:00:00+00:00, run_after=2026-05-19 00:00:00+00:00
[2026-05-19T13:51:03.586+0000] {processor.py:183} INFO - Processing /home/airflow/.local/lib/python3.12/site-packages/airflow/example_dags/example_branch_day_of_week_operator.py took 0.102 seconds
[2026-05-19T13:51:34.111+0000] {processor.py:161} INFO - Started process (PID=2485) to work on /home/airflow/.local/lib/python3.12/site-packages/airflow/example_dags/example_branch_day_of_week_operator.py
[2026-05-19T13:51:34.113+0000] {processor.py:830} INFO - Processing file /home/airflow/.local/lib/python3.12/site-packages/airflow/example_dags/example_branch_day_of_week_operator.py for tasks to queue
[2026-05-19T13:51:34.116+0000] {logging_mixin.py:188} INFO - [2026-05-19T13:51:34.116+0000] {dagbag.py:545} INFO - Filling up the DagBag from /home/airflow/.local/lib/python3.12/site-packages/airflow/example_dags/example_branch_day_of_week_operator.py
[2026-05-19T13:51:34.130+0000] {processor.py:840} INFO - DAG(s) 'example_weekday_branch_operator' retrieved from /home/airflow/.local/lib/python3.12/site-packages/airflow/example_dags/example_branch_day_of_week_operator.py
[2026-05-19T13:51:34.159+0000] {logging_mixin.py:188} INFO - [2026-05-19T13:51:34.158+0000] {dag.py:3096} INFO - Sync 1 DAGs
[2026-05-19T13:51:34.188+0000] {logging_mixin.py:188} INFO - [2026-05-19T13:51:34.188+0000] {dag.py:3954} INFO - Setting next_dagrun for example_weekday_branch_operator to 2026-05-18 00:00:00+00:00, run_after=2026-05-19 00:00:00+00:00
[2026-05-19T13:51:34.221+0000] {processor.py:183} INFO - Processing /home/airflow/.local/lib/python3.12/site-packages/airflow/example_dags/example_branch_day_of_week_operator.py took 0.118 seconds
[2026-05-19T13:52:04.322+0000] {processor.py:161} INFO - Started process (PID=2544) to work on /home/airflow/.local/lib/python3.12/site-packages/airflow/example_dags/example_branch_day_of_week_operator.py
[2026-05-19T13:52:04.324+0000] {processor.py:830} INFO - Processing file /home/airflow/.local/lib/python3.12/site-packages/airflow/example_dags/example_branch_day_of_week_operator.py for tasks to queue
[2026-05-19T13:52:04.329+0000] {logging_mixin.py:188} INFO - [2026-05-19T13:52:04.328+0000] {dagbag.py:545} INFO - Filling up the DagBag from /home/airflow/.local/lib/python3.12/site-packages/airflow/example_dags/example_branch_day_of_week_operator.py
[2026-05-19T13:52:04.338+0000] {processor.py:840} INFO - DAG(s) 'example_weekday_branch_operator' retrieved from /home/airflow/.local/lib/python3.12/site-packages/airflow/example_dags/example_branch_day_of_week_operator.py
[2026-05-19T13:52:04.362+0000] {logging_mixin.py:188} INFO - [2026-05-19T13:52:04.361+0000] {dag.py:3096} INFO - Sync 1 DAGs
[2026-05-19T13:52:04.387+0000] {logging_mixin.py:188} INFO - [2026-05-19T13:52:04.387+0000] {dag.py:3954} INFO - Setting next_dagrun for example_weekday_branch_operator to 2026-05-18 00:00:00+00:00, run_after=2026-05-19 00:00:00+00:00
[2026-05-19T13:52:04.418+0000] {processor.py:183} INFO - Processing /home/airflow/.local/lib/python3.12/site-packages/airflow/example_dags/example_branch_day_of_week_operator.py took 0.104 seconds
[2026-05-19T13:52:34.644+0000] {processor.py:161} INFO - Started process (PID=2603) to work on /home/airflow/.local/lib/python3.12/site-packages/airflow/example_dags/example_branch_day_of_week_operator.py
[2026-05-19T13:52:34.645+0000] {processor.py:830} INFO - Processing file /home/airflow/.local/lib/python3.12/site-packages/airflow/example_dags/example_branch_day_of_week_operator.py for tasks to queue
[2026-05-19T13:52:34.648+0000] {logging_mixin.py:188} INFO - [2026-05-19T13:52:34.648+0000] {dagbag.py:545} INFO - Filling up the DagBag from /home/airflow/.local/lib/python3.12/site-packages/airflow/example_dags/example_branch_day_of_week_operator.py
[2026-05-19T13:52:34.656+0000] {processor.py:840} INFO - DAG(s) 'example_weekday_branch_operator' retrieved from /home/airflow/.local/lib/python3.12/site-packages/airflow/example_dags/example_branch_day_of_week_operator.py
[2026-05-19T13:52:34.681+0000] {logging_mixin.py:188} INFO - [2026-05-19T13:52:34.681+0000] {dag.py:3096} INFO - Sync 1 DAGs
[2026-05-19T13:52:34.705+0000] {logging_mixin.py:188} INFO - [2026-05-19T13:52:34.705+0000] {dag.py:3954} INFO - Setting next_dagrun for example_weekday_branch_operator to 2026-05-18 00:00:00+00:00, run_after=2026-05-19 00:00:00+00:00
[2026-05-19T13:52:34.725+0000] {processor.py:183} INFO - Processing /home/airflow/.local/lib/python3.12/site-packages/airflow/example_dags/example_branch_day_of_week_operator.py took 0.088 seconds
[2026-05-19T13:53:05.001+0000] {processor.py:161} INFO - Started process (PID=2662) to work on /home/airflow/.local/lib/python3.12/site-packages/airflow/example_dags/example_branch_day_of_week_operator.py
[2026-05-19T13:53:05.003+0000] {processor.py:830} INFO - Processing file /home/airflow/.local/lib/python3.12/site-packages/airflow/example_dags/example_branch_day_of_week_operator.py for tasks to queue
[2026-05-19T13:53:05.005+0000] {logging_mixin.py:188} INFO - [2026-05-19T13:53:05.005+0000] {dagbag.py:545} INFO - Filling up the DagBag from /home/airflow/.local/lib/python3.12/site-packages/airflow/example_dags/example_branch_day_of_week_operator.py
[2026-05-19T13:53:05.012+0000] {processor.py:840} INFO - DAG(s) 'example_weekday_branch_operator' retrieved from /home/airflow/.local/lib/python3.12/site-packages/airflow/example_dags/example_branch_day_of_week_operator.py
[2026-05-19T13:53:05.040+0000] {logging_mixin.py:188} INFO - [2026-05-19T13:53:05.040+0000] {dag.py:3096} INFO - Sync 1 DAGs
[2026-05-19T13:53:05.066+0000] {logging_mixin.py:188} INFO - [2026-05-19T13:53:05.065+0000] {dag.py:3954} INFO - Setting next_dagrun for example_weekday_branch_operator to 2026-05-18 00:00:00+00:00, run_after=2026-05-19 00:00:00+00:00
[2026-05-19T13:53:05.084+0000] {processor.py:183} INFO - Processing /home/airflow/.local/lib/python3.12/site-packages/airflow/example_dags/example_branch_day_of_week_operator.py took 0.089 seconds
[2026-05-19T13:53:35.480+0000] {processor.py:161} INFO - Started process (PID=2721) to work on /home/airflow/.local/lib/python3.12/site-packages/airflow/example_dags/example_branch_day_of_week_operator.py
[2026-05-19T13:53:35.481+0000] {processor.py:830} INFO - Processing file /home/airflow/.local/lib/python3.12/site-packages/airflow/example_dags/example_branch_day_of_week_operator.py for tasks to queue
[2026-05-19T13:53:35.483+0000] {logging_mixin.py:188} INFO - [2026-05-19T13:53:35.483+0000] {dagbag.py:545} INFO - Filling up the DagBag from /home/airflow/.local/lib/python3.12/site-packages/airflow/example_dags/example_branch_day_of_week_operator.py
[2026-05-19T13:53:35.493+0000] {processor.py:840} INFO - DAG(s) 'example_weekday_branch_operator' retrieved from /home/airflow/.local/lib/python3.12/site-packages/airflow/example_dags/example_branch_day_of_week_operator.py
[2026-05-19T13:53:35.519+0000] {logging_mixin.py:188} INFO - [2026-05-19T13:53:35.519+0000] {dag.py:3096} INFO - Sync 1 DAGs
[2026-05-19T13:53:35.544+0000] {logging_mixin.py:188} INFO - [2026-05-19T13:53:35.544+0000] {dag.py:3954} INFO - Setting next_dagrun for example_weekday_branch_operator to 2026-05-18 00:00:00+00:00, run_after=2026-05-19 00:00:00+00:00
[2026-05-19T13:53:35.592+0000] {processor.py:183} INFO - Processing /home/airflow/.local/lib/python3.12/site-packages/airflow/example_dags/example_branch_day_of_week_operator.py took 0.119 seconds
[2026-05-19T13:54:05.856+0000] {processor.py:161} INFO - Started process (PID=2780) to work on /home/airflow/.local/lib/python3.12/site-packages/airflow/example_dags/example_branch_day_of_week_operator.py
[2026-05-19T13:54:05.859+0000] {processor.py:830} INFO - Processing file /home/airflow/.local/lib/python3.12/site-packages/airflow/example_dags/example_branch_day_of_week_operator.py for tasks to queue
[2026-05-19T13:54:05.863+0000] {logging_mixin.py:188} INFO - [2026-05-19T13:54:05.862+0000] {dagbag.py:545} INFO - Filling up the DagBag from /home/airflow/.local/lib/python3.12/site-packages/airflow/example_dags/example_branch_day_of_week_operator.py
[2026-05-19T13:54:05.872+0000] {processor.py:840} INFO - DAG(s) 'example_weekday_branch_operator' retrieved from /home/airflow/.local/lib/python3.12/site-packages/airflow/example_dags/example_branch_day_of_week_operator.py
[2026-05-19T13:54:05.900+0000] {logging_mixin.py:188} INFO - [2026-05-19T13:54:05.899+0000] {dag.py:3096} INFO - Sync 1 DAGs
[2026-05-19T13:54:05.934+0000] {logging_mixin.py:188} INFO - [2026-05-19T13:54:05.934+0000] {dag.py:3954} INFO - Setting next_dagrun for example_weekday_branch_operator to 2026-05-18 00:00:00+00:00, run_after=2026-05-19 00:00:00+00:00
[2026-05-19T13:54:05.960+0000] {processor.py:183} INFO - Processing /home/airflow/.local/lib/python3.12/site-packages/airflow/example_dags/example_branch_day_of_week_operator.py took 0.113 seconds
[2026-05-19T13:54:36.483+0000] {processor.py:161} INFO - Started process (PID=2839) to work on /home/airflow/.local/lib/python3.12/site-packages/airflow/example_dags/example_branch_day_of_week_operator.py
[2026-05-19T13:54:36.484+0000] {processor.py:830} INFO - Processing file /home/airflow/.local/lib/python3.12/site-packages/airflow/example_dags/example_branch_day_of_week_operator.py for tasks to queue
[2026-05-19T13:54:36.488+0000] {logging_mixin.py:188} INFO - [2026-05-19T13:54:36.487+0000] {dagbag.py:545} INFO - Filling up the DagBag from /home/airflow/.local/lib/python3.12/site-packages/airflow/example_dags/example_branch_day_of_week_operator.py
[2026-05-19T13:54:36.501+0000] {processor.py:840} INFO - DAG(s) 'example_weekday_branch_operator' retrieved from /home/airflow/.local/lib/python3.12/site-packages/airflow/example_dags/example_branch_day_of_week_operator.py
[2026-05-19T13:54:36.545+0000] {logging_mixin.py:188} INFO - [2026-05-19T13:54:36.545+0000] {dag.py:3096} INFO - Sync 1 DAGs
[2026-05-19T13:54:36.586+0000] {logging_mixin.py:188} INFO - [2026-05-19T13:54:36.586+0000] {dag.py:3954} INFO - Setting next_dagrun for example_weekday_branch_operator to 2026-05-18 00:00:00+00:00, run_after=2026-05-19 00:00:00+00:00
[2026-05-19T13:54:36.636+0000] {processor.py:183} INFO - Processing /home/airflow/.local/lib/python3.12/site-packages/airflow/example_dags/example_branch_day_of_week_operator.py took 0.167 seconds
[2026-05-19T13:55:07.598+0000] {processor.py:161} INFO - Started process (PID=2898) to work on /home/airflow/.local/lib/python3.12/site-packages/airflow/example_dags/example_branch_day_of_week_operator.py
[2026-05-19T13:55:07.600+0000] {processor.py:830} INFO - Processing file /home/airflow/.local/lib/python3.12/site-packages/airflow/example_dags/example_branch_day_of_week_operator.py for tasks to queue
[2026-05-19T13:55:07.604+0000] {logging_mixin.py:188} INFO - [2026-05-19T13:55:07.604+0000] {dagbag.py:545} INFO - Filling up the DagBag from /home/airflow/.local/lib/python3.12/site-packages/airflow/example_dags/example_branch_day_of_week_operator.py
[2026-05-19T13:55:07.618+0000] {processor.py:840} INFO - DAG(s) 'example_weekday_branch_operator' retrieved from /home/airflow/.local/lib/python3.12/site-packages/airflow/example_dags/example_branch_day_of_week_operator.py
[2026-05-19T13:55:07.656+0000] {logging_mixin.py:188} INFO - [2026-05-19T13:55:07.656+0000] {dag.py:3096} INFO - Sync 1 DAGs
[2026-05-19T13:55:07.703+0000] {logging_mixin.py:188} INFO - [2026-05-19T13:55:07.702+0000] {dag.py:3954} INFO - Setting next_dagrun for example_weekday_branch_operator to 2026-05-18 00:00:00+00:00, run_after=2026-05-19 00:00:00+00:00
[2026-05-19T13:55:07.753+0000] {processor.py:183} INFO - Processing /home/airflow/.local/lib/python3.12/site-packages/airflow/example_dags/example_branch_day_of_week_operator.py took 0.165 seconds
[2026-05-19T13:55:38.169+0000] {processor.py:161} INFO - Started process (PID=2957) to work on /home/airflow/.local/lib/python3.12/site-packages/airflow/example_dags/example_branch_day_of_week_operator.py
[2026-05-19T13:55:38.170+0000] {processor.py:830} INFO - Processing file /home/airflow/.local/lib/python3.12/site-packages/airflow/example_dags/example_branch_day_of_week_operator.py for tasks to queue
[2026-05-19T13:55:38.173+0000] {logging_mixin.py:188} INFO - [2026-05-19T13:55:38.173+0000] {dagbag.py:545} INFO - Filling up the DagBag from /home/airflow/.local/lib/python3.12/site-packages/airflow/example_dags/example_branch_day_of_week_operator.py
[2026-05-19T13:55:38.185+0000] {processor.py:840} INFO - DAG(s) 'example_weekday_branch_operator' retrieved from /home/airflow/.local/lib/python3.12/site-packages/airflow/example_dags/example_branch_day_of_week_operator.py
[2026-05-19T13:55:38.229+0000] {logging_mixin.py:188} INFO - [2026-05-19T13:55:38.229+0000] {dag.py:3096} INFO - Sync 1 DAGs
[2026-05-19T13:55:38.279+0000] {logging_mixin.py:188} INFO - [2026-05-19T13:55:38.278+0000] {dag.py:3954} INFO - Setting next_dagrun for example_weekday_branch_operator to 2026-05-18 00:00:00+00:00, run_after=2026-05-19 00:00:00+00:00
[2026-05-19T13:55:38.320+0000] {processor.py:183} INFO - Processing /home/airflow/.local/lib/python3.12/site-packages/airflow/example_dags/example_branch_day_of_week_operator.py took 0.160 seconds
[2026-05-19T13:56:08.495+0000] {processor.py:161} INFO - Started process (PID=3016) to work on /home/airflow/.local/lib/python3.12/site-packages/airflow/example_dags/example_branch_day_of_week_operator.py
[2026-05-19T13:56:08.496+0000] {processor.py:830} INFO - Processing file /home/airflow/.local/lib/python3.12/site-packages/airflow/example_dags/example_branch_day_of_week_operator.py for tasks to queue
[2026-05-19T13:56:08.498+0000] {logging_mixin.py:188} INFO - [2026-05-19T13:56:08.498+0000] {dagbag.py:545} INFO - Filling up the DagBag from /home/airflow/.local/lib/python3.12/site-packages/airflow/example_dags/example_branch_day_of_week_operator.py
[2026-05-19T13:56:08.506+0000] {processor.py:840} INFO - DAG(s) 'example_weekday_branch_operator' retrieved from /home/airflow/.local/lib/python3.12/site-packages/airflow/example_dags/example_branch_day_of_week_operator.py
[2026-05-19T13:56:08.526+0000] {logging_mixin.py:188} INFO - [2026-05-19T13:56:08.525+0000] {dag.py:3096} INFO - Sync 1 DAGs
[2026-05-19T13:56:08.575+0000] {logging_mixin.py:188} INFO - [2026-05-19T13:56:08.575+0000] {dag.py:3954} INFO - Setting next_dagrun for example_weekday_branch_operator to 2026-05-18 00:00:00+00:00, run_after=2026-05-19 00:00:00+00:00
[2026-05-19T13:56:08.600+0000] {processor.py:183} INFO - Processing /home/airflow/.local/lib/python3.12/site-packages/airflow/example_dags/example_branch_day_of_week_operator.py took 0.114 seconds
[2026-05-19T13:56:39.007+0000] {processor.py:161} INFO - Started process (PID=3074) to work on /home/airflow/.local/lib/python3.12/site-packages/airflow/example_dags/example_branch_day_of_week_operator.py
[2026-05-19T13:56:39.009+0000] {processor.py:830} INFO - Processing file /home/airflow/.local/lib/python3.12/site-packages/airflow/example_dags/example_branch_day_of_week_operator.py for tasks to queue
[2026-05-19T13:56:39.013+0000] {logging_mixin.py:188} INFO - [2026-05-19T13:56:39.012+0000] {dagbag.py:545} INFO - Filling up the DagBag from /home/airflow/.local/lib/python3.12/site-packages/airflow/example_dags/example_branch_day_of_week_operator.py
[2026-05-19T13:56:39.034+0000] {processor.py:840} INFO - DAG(s) 'example_weekday_branch_operator' retrieved from /home/airflow/.local/lib/python3.12/site-packages/airflow/example_dags/example_branch_day_of_week_operator.py
[2026-05-19T13:56:39.077+0000] {logging_mixin.py:188} INFO - [2026-05-19T13:56:39.077+0000] {dag.py:3096} INFO - Sync 1 DAGs
[2026-05-19T13:56:39.137+0000] {logging_mixin.py:188} INFO - [2026-05-19T13:56:39.136+0000] {dag.py:3954} INFO - Setting next_dagrun for example_weekday_branch_operator to 2026-05-18 00:00:00+00:00, run_after=2026-05-19 00:00:00+00:00
[2026-05-19T13:56:39.182+0000] {processor.py:183} INFO - Processing /home/airflow/.local/lib/python3.12/site-packages/airflow/example_dags/example_branch_day_of_week_operator.py took 0.192 seconds
[2026-05-19T13:57:09.318+0000] {processor.py:161} INFO - Started process (PID=3133) to work on /home/airflow/.local/lib/python3.12/site-packages/airflow/example_dags/example_branch_day_of_week_operator.py
[2026-05-19T13:57:09.321+0000] {processor.py:830} INFO - Processing file /home/airflow/.local/lib/python3.12/site-packages/airflow/example_dags/example_branch_day_of_week_operator.py for tasks to queue
[2026-05-19T13:57:09.326+0000] {logging_mixin.py:188} INFO - [2026-05-19T13:57:09.325+0000] {dagbag.py:545} INFO - Filling up the DagBag from /home/airflow/.local/lib/python3.12/site-packages/airflow/example_dags/example_branch_day_of_week_operator.py
[2026-05-19T13:57:09.338+0000] {processor.py:840} INFO - DAG(s) 'example_weekday_branch_operator' retrieved from /home/airflow/.local/lib/python3.12/site-packages/airflow/example_dags/example_branch_day_of_week_operator.py
[2026-05-19T13:57:09.380+0000] {logging_mixin.py:188} INFO - [2026-05-19T13:57:09.380+0000] {dag.py:3096} INFO - Sync 1 DAGs
[2026-05-19T13:57:09.419+0000] {logging_mixin.py:188} INFO - [2026-05-19T13:57:09.418+0000] {dag.py:3954} INFO - Setting next_dagrun for example_weekday_branch_operator to 2026-05-18 00:00:00+00:00, run_after=2026-05-19 00:00:00+00:00
[2026-05-19T13:57:09.455+0000] {processor.py:183} INFO - Processing /home/airflow/.local/lib/python3.12/site-packages/airflow/example_dags/example_branch_day_of_week_operator.py took 0.149 seconds
[2026-05-19T13:57:40.549+0000] {processor.py:161} INFO - Started process (PID=3192) to work on /home/airflow/.local/lib/python3.12/site-packages/airflow/example_dags/example_branch_day_of_week_operator.py
[2026-05-19T13:57:40.550+0000] {processor.py:830} INFO - Processing file /home/airflow/.local/lib/python3.12/site-packages/airflow/example_dags/example_branch_day_of_week_operator.py for tasks to queue
[2026-05-19T13:57:40.553+0000] {logging_mixin.py:188} INFO - [2026-05-19T13:57:40.553+0000] {dagbag.py:545} INFO - Filling up the DagBag from /home/airflow/.local/lib/python3.12/site-packages/airflow/example_dags/example_branch_day_of_week_operator.py
[2026-05-19T13:57:40.564+0000] {processor.py:840} INFO - DAG(s) 'example_weekday_branch_operator' retrieved from /home/airflow/.local/lib/python3.12/site-packages/airflow/example_dags/example_branch_day_of_week_operator.py
[2026-05-19T13:57:40.594+0000] {logging_mixin.py:188} INFO - [2026-05-19T13:57:40.593+0000] {dag.py:3096} INFO - Sync 1 DAGs
[2026-05-19T13:57:40.628+0000] {logging_mixin.py:188} INFO - [2026-05-19T13:57:40.628+0000] {dag.py:3954} INFO - Setting next_dagrun for example_weekday_branch_operator to 2026-05-18 00:00:00+00:00, run_after=2026-05-19 00:00:00+00:00
[2026-05-19T13:57:40.663+0000] {processor.py:183} INFO - Processing /home/airflow/.local/lib/python3.12/site-packages/airflow/example_dags/example_branch_day_of_week_operator.py took 0.124 seconds
[2026-05-19T13:58:10.963+0000] {processor.py:161} INFO - Started process (PID=3251) to work on /home/airflow/.local/lib/python3.12/site-packages/airflow/example_dags/example_branch_day_of_week_operator.py
[2026-05-19T13:58:10.965+0000] {processor.py:830} INFO - Processing file /home/airflow/.local/lib/python3.12/site-packages/airflow/example_dags/example_branch_day_of_week_operator.py for tasks to queue
[2026-05-19T13:58:10.969+0000] {logging_mixin.py:188} INFO - [2026-05-19T13:58:10.968+0000] {dagbag.py:545} INFO - Filling up the DagBag from /home/airflow/.local/lib/python3.12/site-packages/airflow/example_dags/example_branch_day_of_week_operator.py
[2026-05-19T13:58:10.979+0000] {processor.py:840} INFO - DAG(s) 'example_weekday_branch_operator' retrieved from /home/airflow/.local/lib/python3.12/site-packages/airflow/example_dags/example_branch_day_of_week_operator.py
[2026-05-19T13:58:11.016+0000] {logging_mixin.py:188} INFO - [2026-05-19T13:58:11.015+0000] {dag.py:3096} INFO - Sync 1 DAGs
[2026-05-19T13:58:11.052+0000] {logging_mixin.py:188} INFO - [2026-05-19T13:58:11.051+0000] {dag.py:3954} INFO - Setting next_dagrun for example_weekday_branch_operator to 2026-05-18 00:00:00+00:00, run_after=2026-05-19 00:00:00+00:00
[2026-05-19T13:58:11.089+0000] {processor.py:183} INFO - Processing /home/airflow/.local/lib/python3.12/site-packages/airflow/example_dags/example_branch_day_of_week_operator.py took 0.135 seconds
[2026-05-19T13:58:41.634+0000] {processor.py:161} INFO - Started process (PID=3310) to work on /home/airflow/.local/lib/python3.12/site-packages/airflow/example_dags/example_branch_day_of_week_operator.py
[2026-05-19T13:58:41.637+0000] {processor.py:830} INFO - Processing file /home/airflow/.local/lib/python3.12/site-packages/airflow/example_dags/example_branch_day_of_week_operator.py for tasks to queue
[2026-05-19T13:58:41.640+0000] {logging_mixin.py:188} INFO - [2026-05-19T13:58:41.639+0000] {dagbag.py:545} INFO - Filling up the DagBag from /home/airflow/.local/lib/python3.12/site-packages/airflow/example_dags/example_branch_day_of_week_operator.py
[2026-05-19T13:58:41.649+0000] {processor.py:840} INFO - DAG(s) 'example_weekday_branch_operator' retrieved from /home/airflow/.local/lib/python3.12/site-packages/airflow/example_dags/example_branch_day_of_week_operator.py
[2026-05-19T13:58:41.687+0000] {logging_mixin.py:188} INFO - [2026-05-19T13:58:41.686+0000] {dag.py:3096} INFO - Sync 1 DAGs
[2026-05-19T13:58:41.717+0000] {logging_mixin.py:188} INFO - [2026-05-19T13:58:41.717+0000] {dag.py:3954} INFO - Setting next_dagrun for example_weekday_branch_operator to 2026-05-18 00:00:00+00:00, run_after=2026-05-19 00:00:00+00:00
[2026-05-19T13:58:41.745+0000] {processor.py:183} INFO - Processing /home/airflow/.local/lib/python3.12/site-packages/airflow/example_dags/example_branch_day_of_week_operator.py took 0.120 seconds
[2026-05-19T13:59:12.024+0000] {processor.py:161} INFO - Started process (PID=3369) to work on /home/airflow/.local/lib/python3.12/site-packages/airflow/example_dags/example_branch_day_of_week_operator.py
[2026-05-19T13:59:12.026+0000] {processor.py:830} INFO - Processing file /home/airflow/.local/lib/python3.12/site-packages/airflow/example_dags/example_branch_day_of_week_operator.py for tasks to queue
[2026-05-19T13:59:12.031+0000] {logging_mixin.py:188} INFO - [2026-05-19T13:59:12.031+0000] {dagbag.py:545} INFO - Filling up the DagBag from /home/airflow/.local/lib/python3.12/site-packages/airflow/example_dags/example_branch_day_of_week_operator.py
[2026-05-19T13:59:12.050+0000] {processor.py:840} INFO - DAG(s) 'example_weekday_branch_operator' retrieved from /home/airflow/.local/lib/python3.12/site-packages/airflow/example_dags/example_branch_day_of_week_operator.py
[2026-05-19T13:59:12.112+0000] {logging_mixin.py:188} INFO - [2026-05-19T13:59:12.111+0000] {dag.py:3096} INFO - Sync 1 DAGs
[2026-05-19T13:59:12.168+0000] {logging_mixin.py:188} INFO - [2026-05-19T13:59:12.168+0000] {dag.py:3954} INFO - Setting next_dagrun for example_weekday_branch_operator to 2026-05-18 00:00:00+00:00, run_after=2026-05-19 00:00:00+00:00
[2026-05-19T13:59:12.216+0000] {processor.py:183} INFO - Processing /home/airflow/.local/lib/python3.12/site-packages/airflow/example_dags/example_branch_day_of_week_operator.py took 0.207 seconds
[2026-05-19T13:59:42.917+0000] {processor.py:161} INFO - Started process (PID=3428) to work on /home/airflow/.local/lib/python3.12/site-packages/airflow/example_dags/example_branch_day_of_week_operator.py
[2026-05-19T13:59:42.920+0000] {processor.py:830} INFO - Processing file /home/airflow/.local/lib/python3.12/site-packages/airflow/example_dags/example_branch_day_of_week_operator.py for tasks to queue
[2026-05-19T13:59:42.932+0000] {logging_mixin.py:188} INFO - [2026-05-19T13:59:42.931+0000] {dagbag.py:545} INFO - Filling up the DagBag from /home/airflow/.local/lib/python3.12/site-packages/airflow/example_dags/example_branch_day_of_week_operator.py
[2026-05-19T13:59:42.978+0000] {processor.py:840} INFO - DAG(s) 'example_weekday_branch_operator' retrieved from /home/airflow/.local/lib/python3.12/site-packages/airflow/example_dags/example_branch_day_of_week_operator.py
[2026-05-19T13:59:43.092+0000] {logging_mixin.py:188} INFO - [2026-05-19T13:59:43.091+0000] {dag.py:3096} INFO - Sync 1 DAGs
[2026-05-19T13:59:43.283+0000] {logging_mixin.py:188} INFO - [2026-05-19T13:59:43.282+0000] {dag.py:3954} INFO - Setting next_dagrun for example_weekday_branch_operator to 2026-05-18 00:00:00+00:00, run_after=2026-05-19 00:00:00+00:00
[2026-05-19T13:59:43.413+0000] {processor.py:183} INFO - Processing /home/airflow/.local/lib/python3.12/site-packages/airflow/example_dags/example_branch_day_of_week_operator.py took 0.533 seconds
[2026-05-19T14:00:13.930+0000] {processor.py:161} INFO - Started process (PID=3487) to work on /home/airflow/.local/lib/python3.12/site-packages/airflow/example_dags/example_branch_day_of_week_operator.py
[2026-05-19T14:00:13.931+0000] {processor.py:830} INFO - Processing file /home/airflow/.local/lib/python3.12/site-packages/airflow/example_dags/example_branch_day_of_week_operator.py for tasks to queue
[2026-05-19T14:00:13.933+0000] {logging_mixin.py:188} INFO - [2026-05-19T14:00:13.933+0000] {dagbag.py:545} INFO - Filling up the DagBag from /home/airflow/.local/lib/python3.12/site-packages/airflow/example_dags/example_branch_day_of_week_operator.py
[2026-05-19T14:00:13.945+0000] {processor.py:840} INFO - DAG(s) 'example_weekday_branch_operator' retrieved from /home/airflow/.local/lib/python3.12/site-packages/airflow/example_dags/example_branch_day_of_week_operator.py
[2026-05-19T14:00:13.979+0000] {logging_mixin.py:188} INFO - [2026-05-19T14:00:13.979+0000] {dag.py:3096} INFO - Sync 1 DAGs
[2026-05-19T14:00:14.014+0000] {logging_mixin.py:188} INFO - [2026-05-19T14:00:14.014+0000] {dag.py:3954} INFO - Setting next_dagrun for example_weekday_branch_operator to 2026-05-18 00:00:00+00:00, run_after=2026-05-19 00:00:00+00:00
[2026-05-19T14:00:14.059+0000] {processor.py:183} INFO - Processing /home/airflow/.local/lib/python3.12/site-packages/airflow/example_dags/example_branch_day_of_week_operator.py took 0.139 seconds
[2026-05-19T14:00:44.160+0000] {processor.py:161} INFO - Started process (PID=3546) to work on /home/airflow/.local/lib/python3.12/site-packages/airflow/example_dags/example_branch_day_of_week_operator.py
[2026-05-19T14:00:44.162+0000] {processor.py:830} INFO - Processing file /home/airflow/.local/lib/python3.12/site-packages/airflow/example_dags/example_branch_day_of_week_operator.py for tasks to queue
[2026-05-19T14:00:44.164+0000] {logging_mixin.py:188} INFO - [2026-05-19T14:00:44.164+0000] {dagbag.py:545} INFO - Filling up the DagBag from /home/airflow/.local/lib/python3.12/site-packages/airflow/example_dags/example_branch_day_of_week_operator.py
[2026-05-19T14:00:44.174+0000] {processor.py:840} INFO - DAG(s) 'example_weekday_branch_operator' retrieved from /home/airflow/.local/lib/python3.12/site-packages/airflow/example_dags/example_branch_day_of_week_operator.py
[2026-05-19T14:00:44.208+0000] {logging_mixin.py:188} INFO - [2026-05-19T14:00:44.208+0000] {dag.py:3096} INFO - Sync 1 DAGs
[2026-05-19T14:00:44.239+0000] {logging_mixin.py:188} INFO - [2026-05-19T14:00:44.239+0000] {dag.py:3954} INFO - Setting next_dagrun for example_weekday_branch_operator to 2026-05-18 00:00:00+00:00, run_after=2026-05-19 00:00:00+00:00
[2026-05-19T14:00:44.281+0000] {processor.py:183} INFO - Processing /home/airflow/.local/lib/python3.12/site-packages/airflow/example_dags/example_branch_day_of_week_operator.py took 0.126 seconds
[2026-05-19T14:01:14.542+0000] {processor.py:161} INFO - Started process (PID=3606) to work on /home/airflow/.local/lib/python3.12/site-packages/airflow/example_dags/example_branch_day_of_week_operator.py
[2026-05-19T14:01:14.566+0000] {processor.py:830} INFO - Processing file /home/airflow/.local/lib/python3.12/site-packages/airflow/example_dags/example_branch_day_of_week_operator.py for tasks to queue
[2026-05-19T14:01:14.579+0000] {logging_mixin.py:188} INFO - [2026-05-19T14:01:14.578+0000] {dagbag.py:545} INFO - Filling up the DagBag from /home/airflow/.local/lib/python3.12/site-packages/airflow/example_dags/example_branch_day_of_week_operator.py
[2026-05-19T14:01:14.627+0000] {processor.py:840} INFO - DAG(s) 'example_weekday_branch_operator' retrieved from /home/airflow/.local/lib/python3.12/site-packages/airflow/example_dags/example_branch_day_of_week_operator.py
[2026-05-19T14:01:15.048+0000] {logging_mixin.py:188} INFO - [2026-05-19T14:01:15.046+0000] {dag.py:3096} INFO - Sync 1 DAGs
[2026-05-19T14:01:15.194+0000] {logging_mixin.py:188} INFO - [2026-05-19T14:01:15.194+0000] {dag.py:3954} INFO - Setting next_dagrun for example_weekday_branch_operator to 2026-05-18 00:00:00+00:00, run_after=2026-05-19 00:00:00+00:00
[2026-05-19T14:01:15.286+0000] {processor.py:183} INFO - Processing /home/airflow/.local/lib/python3.12/site-packages/airflow/example_dags/example_branch_day_of_week_operator.py took 0.780 seconds
[2026-05-19T14:01:45.912+0000] {processor.py:161} INFO - Started process (PID=3665) to work on /home/airflow/.local/lib/python3.12/site-packages/airflow/example_dags/example_branch_day_of_week_operator.py
[2026-05-19T14:01:45.914+0000] {processor.py:830} INFO - Processing file /home/airflow/.local/lib/python3.12/site-packages/airflow/example_dags/example_branch_day_of_week_operator.py for tasks to queue
[2026-05-19T14:01:45.918+0000] {logging_mixin.py:188} INFO - [2026-05-19T14:01:45.917+0000] {dagbag.py:545} INFO - Filling up the DagBag from /home/airflow/.local/lib/python3.12/site-packages/airflow/example_dags/example_branch_day_of_week_operator.py
[2026-05-19T14:01:45.930+0000] {processor.py:840} INFO - DAG(s) 'example_weekday_branch_operator' retrieved from /home/airflow/.local/lib/python3.12/site-packages/airflow/example_dags/example_branch_day_of_week_operator.py
[2026-05-19T14:01:45.978+0000] {logging_mixin.py:188} INFO - [2026-05-19T14:01:45.977+0000] {dag.py:3096} INFO - Sync 1 DAGs
[2026-05-19T14:01:46.019+0000] {logging_mixin.py:188} INFO - [2026-05-19T14:01:46.018+0000] {dag.py:3954} INFO - Setting next_dagrun for example_weekday_branch_operator to 2026-05-18 00:00:00+00:00, run_after=2026-05-19 00:00:00+00:00
[2026-05-19T14:01:46.050+0000] {processor.py:183} INFO - Processing /home/airflow/.local/lib/python3.12/site-packages/airflow/example_dags/example_branch_day_of_week_operator.py took 0.147 seconds
[2026-05-19T14:02:16.936+0000] {processor.py:161} INFO - Started process (PID=3724) to work on /home/airflow/.local/lib/python3.12/site-packages/airflow/example_dags/example_branch_day_of_week_operator.py
[2026-05-19T14:02:16.939+0000] {processor.py:830} INFO - Processing file /home/airflow/.local/lib/python3.12/site-packages/airflow/example_dags/example_branch_day_of_week_operator.py for tasks to queue
[2026-05-19T14:02:16.945+0000] {logging_mixin.py:188} INFO - [2026-05-19T14:02:16.944+0000] {dagbag.py:545} INFO - Filling up the DagBag from /home/airflow/.local/lib/python3.12/site-packages/airflow/example_dags/example_branch_day_of_week_operator.py
[2026-05-19T14:02:16.970+0000] {processor.py:840} INFO - DAG(s) 'example_weekday_branch_operator' retrieved from /home/airflow/.local/lib/python3.12/site-packages/airflow/example_dags/example_branch_day_of_week_operator.py
[2026-05-19T14:02:17.096+0000] {logging_mixin.py:188} INFO - [2026-05-19T14:02:17.095+0000] {dag.py:3096} INFO - Sync 1 DAGs
[2026-05-19T14:02:17.190+0000] {logging_mixin.py:188} INFO - [2026-05-19T14:02:17.188+0000] {dag.py:3954} INFO - Setting next_dagrun for example_weekday_branch_operator to 2026-05-18 00:00:00+00:00, run_after=2026-05-19 00:00:00+00:00
[2026-05-19T14:02:17.250+0000] {processor.py:183} INFO - Processing /home/airflow/.local/lib/python3.12/site-packages/airflow/example_dags/example_branch_day_of_week_operator.py took 0.333 seconds
[2026-05-19T14:02:48.017+0000] {processor.py:161} INFO - Started process (PID=3783) to work on /home/airflow/.local/lib/python3.12/site-packages/airflow/example_dags/example_branch_day_of_week_operator.py
[2026-05-19T14:02:48.018+0000] {processor.py:830} INFO - Processing file /home/airflow/.local/lib/python3.12/site-packages/airflow/example_dags/example_branch_day_of_week_operator.py for tasks to queue
[2026-05-19T14:02:48.023+0000] {logging_mixin.py:188} INFO - [2026-05-19T14:02:48.022+0000] {dagbag.py:545} INFO - Filling up the DagBag from /home/airflow/.local/lib/python3.12/site-packages/airflow/example_dags/example_branch_day_of_week_operator.py
[2026-05-19T14:02:48.030+0000] {processor.py:840} INFO - DAG(s) 'example_weekday_branch_operator' retrieved from /home/airflow/.local/lib/python3.12/site-packages/airflow/example_dags/example_branch_day_of_week_operator.py
[2026-05-19T14:02:48.063+0000] {logging_mixin.py:188} INFO - [2026-05-19T14:02:48.063+0000] {dag.py:3096} INFO - Sync 1 DAGs
[2026-05-19T14:02:48.089+0000] {logging_mixin.py:188} INFO - [2026-05-19T14:02:48.089+0000] {dag.py:3954} INFO - Setting next_dagrun for example_weekday_branch_operator to 2026-05-18 00:00:00+00:00, run_after=2026-05-19 00:00:00+00:00
[2026-05-19T14:02:48.116+0000] {processor.py:183} INFO - Processing /home/airflow/.local/lib/python3.12/site-packages/airflow/example_dags/example_branch_day_of_week_operator.py took 0.104 seconds
[2026-05-19T14:03:18.332+0000] {processor.py:161} INFO - Started process (PID=3842) to work on /home/airflow/.local/lib/python3.12/site-packages/airflow/example_dags/example_branch_day_of_week_operator.py
[2026-05-19T14:03:18.334+0000] {processor.py:830} INFO - Processing file /home/airflow/.local/lib/python3.12/site-packages/airflow/example_dags/example_branch_day_of_week_operator.py for tasks to queue
[2026-05-19T14:03:18.336+0000] {logging_mixin.py:188} INFO - [2026-05-19T14:03:18.336+0000] {dagbag.py:545} INFO - Filling up the DagBag from /home/airflow/.local/lib/python3.12/site-packages/airflow/example_dags/example_branch_day_of_week_operator.py
[2026-05-19T14:03:18.344+0000] {processor.py:840} INFO - DAG(s) 'example_weekday_branch_operator' retrieved from /home/airflow/.local/lib/python3.12/site-packages/airflow/example_dags/example_branch_day_of_week_operator.py
[2026-05-19T14:03:18.369+0000] {logging_mixin.py:188} INFO - [2026-05-19T14:03:18.369+0000] {dag.py:3096} INFO - Sync 1 DAGs
[2026-05-19T14:03:18.399+0000] {logging_mixin.py:188} INFO - [2026-05-19T14:03:18.399+0000] {dag.py:3954} INFO - Setting next_dagrun for example_weekday_branch_operator to 2026-05-18 00:00:00+00:00, run_after=2026-05-19 00:00:00+00:00
[2026-05-19T14:03:18.423+0000] {processor.py:183} INFO - Processing /home/airflow/.local/lib/python3.12/site-packages/airflow/example_dags/example_branch_day_of_week_operator.py took 0.099 seconds
[2026-05-19T14:03:48.634+0000] {processor.py:161} INFO - Started process (PID=3901) to work on /home/airflow/.local/lib/python3.12/site-packages/airflow/example_dags/example_branch_day_of_week_operator.py
[2026-05-19T14:03:48.635+0000] {processor.py:830} INFO - Processing file /home/airflow/.local/lib/python3.12/site-packages/airflow/example_dags/example_branch_day_of_week_operator.py for tasks to queue
[2026-05-19T14:03:48.637+0000] {logging_mixin.py:188} INFO - [2026-05-19T14:03:48.637+0000] {dagbag.py:545} INFO - Filling up the DagBag from /home/airflow/.local/lib/python3.12/site-packages/airflow/example_dags/example_branch_day_of_week_operator.py
[2026-05-19T14:03:48.644+0000] {processor.py:840} INFO - DAG(s) 'example_weekday_branch_operator' retrieved from /home/airflow/.local/lib/python3.12/site-packages/airflow/example_dags/example_branch_day_of_week_operator.py
[2026-05-19T14:03:48.670+0000] {logging_mixin.py:188} INFO - [2026-05-19T14:03:48.669+0000] {dag.py:3096} INFO - Sync 1 DAGs
[2026-05-19T14:03:48.693+0000] {logging_mixin.py:188} INFO - [2026-05-19T14:03:48.693+0000] {dag.py:3954} INFO - Setting next_dagrun for example_weekday_branch_operator to 2026-05-18 00:00:00+00:00, run_after=2026-05-19 00:00:00+00:00
[2026-05-19T14:03:48.714+0000] {processor.py:183} INFO - Processing /home/airflow/.local/lib/python3.12/site-packages/airflow/example_dags/example_branch_day_of_week_operator.py took 0.085 seconds
[2026-05-19T14:04:19.236+0000] {processor.py:161} INFO - Started process (PID=3958) to work on /home/airflow/.local/lib/python3.12/site-packages/airflow/example_dags/example_branch_day_of_week_operator.py
[2026-05-19T14:04:19.238+0000] {processor.py:830} INFO - Processing file /home/airflow/.local/lib/python3.12/site-packages/airflow/example_dags/example_branch_day_of_week_operator.py for tasks to queue
[2026-05-19T14:04:19.241+0000] {logging_mixin.py:188} INFO - [2026-05-19T14:04:19.240+0000] {dagbag.py:545} INFO - Filling up the DagBag from /home/airflow/.local/lib/python3.12/site-packages/airflow/example_dags/example_branch_day_of_week_operator.py
[2026-05-19T14:04:19.248+0000] {processor.py:840} INFO - DAG(s) 'example_weekday_branch_operator' retrieved from /home/airflow/.local/lib/python3.12/site-packages/airflow/example_dags/example_branch_day_of_week_operator.py
[2026-05-19T14:04:19.276+0000] {logging_mixin.py:188} INFO - [2026-05-19T14:04:19.276+0000] {dag.py:3096} INFO - Sync 1 DAGs
[2026-05-19T14:04:19.304+0000] {logging_mixin.py:188} INFO - [2026-05-19T14:04:19.304+0000] {dag.py:3954} INFO - Setting next_dagrun for example_weekday_branch_operator to 2026-05-18 00:00:00+00:00, run_after=2026-05-19 00:00:00+00:00
[2026-05-19T14:04:19.325+0000] {processor.py:183} INFO - Processing /home/airflow/.local/lib/python3.12/site-packages/airflow/example_dags/example_branch_day_of_week_operator.py took 0.094 seconds
[2026-05-19T14:04:49.745+0000] {processor.py:161} INFO - Started process (PID=4023) to work on /home/airflow/.local/lib/python3.12/site-packages/airflow/example_dags/example_branch_day_of_week_operator.py
[2026-05-19T14:04:49.747+0000] {processor.py:830} INFO - Processing file /home/airflow/.local/lib/python3.12/site-packages/airflow/example_dags/example_branch_day_of_week_operator.py for tasks to queue
[2026-05-19T14:04:49.750+0000] {logging_mixin.py:188} INFO - [2026-05-19T14:04:49.750+0000] {dagbag.py:545} INFO - Filling up the DagBag from /home/airflow/.local/lib/python3.12/site-packages/airflow/example_dags/example_branch_day_of_week_operator.py
[2026-05-19T14:04:49.763+0000] {processor.py:840} INFO - DAG(s) 'example_weekday_branch_operator' retrieved from /home/airflow/.local/lib/python3.12/site-packages/airflow/example_dags/example_branch_day_of_week_operator.py
[2026-05-19T14:04:49.793+0000] {logging_mixin.py:188} INFO - [2026-05-19T14:04:49.793+0000] {dag.py:3096} INFO - Sync 1 DAGs
[2026-05-19T14:04:49.833+0000] {logging_mixin.py:188} INFO - [2026-05-19T14:04:49.832+0000] {dag.py:3954} INFO - Setting next_dagrun for example_weekday_branch_operator to 2026-05-18 00:00:00+00:00, run_after=2026-05-19 00:00:00+00:00
[2026-05-19T14:04:49.858+0000] {processor.py:183} INFO - Processing /home/airflow/.local/lib/python3.12/site-packages/airflow/example_dags/example_branch_day_of_week_operator.py took 0.121 seconds
[2026-05-19T14:05:20.232+0000] {processor.py:161} INFO - Started process (PID=4082) to work on /home/airflow/.local/lib/python3.12/site-packages/airflow/example_dags/example_branch_day_of_week_operator.py
[2026-05-19T14:05:20.235+0000] {processor.py:830} INFO - Processing file /home/airflow/.local/lib/python3.12/site-packages/airflow/example_dags/example_branch_day_of_week_operator.py for tasks to queue
[2026-05-19T14:05:20.238+0000] {logging_mixin.py:188} INFO - [2026-05-19T14:05:20.237+0000] {dagbag.py:545} INFO - Filling up the DagBag from /home/airflow/.local/lib/python3.12/site-packages/airflow/example_dags/example_branch_day_of_week_operator.py
[2026-05-19T14:05:20.248+0000] {processor.py:840} INFO - DAG(s) 'example_weekday_branch_operator' retrieved from /home/airflow/.local/lib/python3.12/site-packages/airflow/example_dags/example_branch_day_of_week_operator.py
[2026-05-19T14:05:20.271+0000] {logging_mixin.py:188} INFO - [2026-05-19T14:05:20.271+0000] {dag.py:3096} INFO - Sync 1 DAGs
[2026-05-19T14:05:20.300+0000] {logging_mixin.py:188} INFO - [2026-05-19T14:05:20.300+0000] {dag.py:3954} INFO - Setting next_dagrun for example_weekday_branch_operator to 2026-05-18 00:00:00+00:00, run_after=2026-05-19 00:00:00+00:00
[2026-05-19T14:05:20.328+0000] {processor.py:183} INFO - Processing /home/airflow/.local/lib/python3.12/site-packages/airflow/example_dags/example_branch_day_of_week_operator.py took 0.101 seconds
[2026-05-19T14:05:50.654+0000] {processor.py:161} INFO - Started process (PID=4142) to work on /home/airflow/.local/lib/python3.12/site-packages/airflow/example_dags/example_branch_day_of_week_operator.py
[2026-05-19T14:05:50.655+0000] {processor.py:830} INFO - Processing file /home/airflow/.local/lib/python3.12/site-packages/airflow/example_dags/example_branch_day_of_week_operator.py for tasks to queue
[2026-05-19T14:05:50.658+0000] {logging_mixin.py:188} INFO - [2026-05-19T14:05:50.658+0000] {dagbag.py:545} INFO - Filling up the DagBag from /home/airflow/.local/lib/python3.12/site-packages/airflow/example_dags/example_branch_day_of_week_operator.py
[2026-05-19T14:05:50.670+0000] {processor.py:840} INFO - DAG(s) 'example_weekday_branch_operator' retrieved from /home/airflow/.local/lib/python3.12/site-packages/airflow/example_dags/example_branch_day_of_week_operator.py
[2026-05-19T14:05:50.694+0000] {logging_mixin.py:188} INFO - [2026-05-19T14:05:50.693+0000] {dag.py:3096} INFO - Sync 1 DAGs
[2026-05-19T14:05:50.723+0000] {logging_mixin.py:188} INFO - [2026-05-19T14:05:50.722+0000] {dag.py:3954} INFO - Setting next_dagrun for example_weekday_branch_operator to 2026-05-18 00:00:00+00:00, run_after=2026-05-19 00:00:00+00:00
[2026-05-19T14:05:50.747+0000] {processor.py:183} INFO - Processing /home/airflow/.local/lib/python3.12/site-packages/airflow/example_dags/example_branch_day_of_week_operator.py took 0.098 seconds
[2026-05-19T14:06:21.083+0000] {processor.py:161} INFO - Started process (PID=4201) to work on /home/airflow/.local/lib/python3.12/site-packages/airflow/example_dags/example_branch_day_of_week_operator.py
[2026-05-19T14:06:21.087+0000] {processor.py:830} INFO - Processing file /home/airflow/.local/lib/python3.12/site-packages/airflow/example_dags/example_branch_day_of_week_operator.py for tasks to queue
[2026-05-19T14:06:21.093+0000] {logging_mixin.py:188} INFO - [2026-05-19T14:06:21.092+0000] {dagbag.py:545} INFO - Filling up the DagBag from /home/airflow/.local/lib/python3.12/site-packages/airflow/example_dags/example_branch_day_of_week_operator.py
[2026-05-19T14:06:21.124+0000] {processor.py:840} INFO - DAG(s) 'example_weekday_branch_operator' retrieved from /home/airflow/.local/lib/python3.12/site-packages/airflow/example_dags/example_branch_day_of_week_operator.py
[2026-05-19T14:06:21.199+0000] {logging_mixin.py:188} INFO - [2026-05-19T14:06:21.199+0000] {dag.py:3096} INFO - Sync 1 DAGs
[2026-05-19T14:06:21.296+0000] {logging_mixin.py:188} INFO - [2026-05-19T14:06:21.295+0000] {dag.py:3954} INFO - Setting next_dagrun for example_weekday_branch_operator to 2026-05-18 00:00:00+00:00, run_after=2026-05-19 00:00:00+00:00
[2026-05-19T14:06:21.370+0000] {processor.py:183} INFO - Processing /home/airflow/.local/lib/python3.12/site-packages/airflow/example_dags/example_branch_day_of_week_operator.py took 0.321 seconds
[2026-05-19T14:06:51.705+0000] {processor.py:161} INFO - Started process (PID=4260) to work on /home/airflow/.local/lib/python3.12/site-packages/airflow/example_dags/example_branch_day_of_week_operator.py
[2026-05-19T14:06:51.708+0000] {processor.py:830} INFO - Processing file /home/airflow/.local/lib/python3.12/site-packages/airflow/example_dags/example_branch_day_of_week_operator.py for tasks to queue
[2026-05-19T14:06:51.711+0000] {logging_mixin.py:188} INFO - [2026-05-19T14:06:51.711+0000] {dagbag.py:545} INFO - Filling up the DagBag from /home/airflow/.local/lib/python3.12/site-packages/airflow/example_dags/example_branch_day_of_week_operator.py
[2026-05-19T14:06:51.722+0000] {processor.py:840} INFO - DAG(s) 'example_weekday_branch_operator' retrieved from /home/airflow/.local/lib/python3.12/site-packages/airflow/example_dags/example_branch_day_of_week_operator.py
[2026-05-19T14:06:51.765+0000] {logging_mixin.py:188} INFO - [2026-05-19T14:06:51.765+0000] {dag.py:3096} INFO - Sync 1 DAGs
[2026-05-19T14:06:51.803+0000] {logging_mixin.py:188} INFO - [2026-05-19T14:06:51.802+0000] {dag.py:3954} INFO - Setting next_dagrun for example_weekday_branch_operator to 2026-05-18 00:00:00+00:00, run_after=2026-05-19 00:00:00+00:00
[2026-05-19T14:06:51.843+0000] {processor.py:183} INFO - Processing /home/airflow/.local/lib/python3.12/site-packages/airflow/example_dags/example_branch_day_of_week_operator.py took 0.147 seconds
[2026-05-19T14:07:22.743+0000] {processor.py:161} INFO - Started process (PID=4319) to work on /home/airflow/.local/lib/python3.12/site-packages/airflow/example_dags/example_branch_day_of_week_operator.py
[2026-05-19T14:07:22.746+0000] {processor.py:830} INFO - Processing file /home/airflow/.local/lib/python3.12/site-packages/airflow/example_dags/example_branch_day_of_week_operator.py for tasks to queue
[2026-05-19T14:07:22.751+0000] {logging_mixin.py:188} INFO - [2026-05-19T14:07:22.750+0000] {dagbag.py:545} INFO - Filling up the DagBag from /home/airflow/.local/lib/python3.12/site-packages/airflow/example_dags/example_branch_day_of_week_operator.py
[2026-05-19T14:07:22.777+0000] {processor.py:840} INFO - DAG(s) 'example_weekday_branch_operator' retrieved from /home/airflow/.local/lib/python3.12/site-packages/airflow/example_dags/example_branch_day_of_week_operator.py
[2026-05-19T14:07:22.858+0000] {logging_mixin.py:188} INFO - [2026-05-19T14:07:22.858+0000] {dag.py:3096} INFO - Sync 1 DAGs
[2026-05-19T14:07:22.953+0000] {logging_mixin.py:188} INFO - [2026-05-19T14:07:22.952+0000] {dag.py:3954} INFO - Setting next_dagrun for example_weekday_branch_operator to 2026-05-18 00:00:00+00:00, run_after=2026-05-19 00:00:00+00:00
[2026-05-19T14:07:23.024+0000] {processor.py:183} INFO - Processing /home/airflow/.local/lib/python3.12/site-packages/airflow/example_dags/example_branch_day_of_week_operator.py took 0.297 seconds
[2026-05-19T14:07:53.686+0000] {processor.py:161} INFO - Started process (PID=4378) to work on /home/airflow/.local/lib/python3.12/site-packages/airflow/example_dags/example_branch_day_of_week_operator.py
[2026-05-19T14:07:53.688+0000] {processor.py:830} INFO - Processing file /home/airflow/.local/lib/python3.12/site-packages/airflow/example_dags/example_branch_day_of_week_operator.py for tasks to queue
[2026-05-19T14:07:53.691+0000] {logging_mixin.py:188} INFO - [2026-05-19T14:07:53.691+0000] {dagbag.py:545} INFO - Filling up the DagBag from /home/airflow/.local/lib/python3.12/site-packages/airflow/example_dags/example_branch_day_of_week_operator.py
[2026-05-19T14:07:53.701+0000] {processor.py:840} INFO - DAG(s) 'example_weekday_branch_operator' retrieved from /home/airflow/.local/lib/python3.12/site-packages/airflow/example_dags/example_branch_day_of_week_operator.py
[2026-05-19T14:07:53.725+0000] {logging_mixin.py:188} INFO - [2026-05-19T14:07:53.724+0000] {dag.py:3096} INFO - Sync 1 DAGs
[2026-05-19T14:07:53.748+0000] {logging_mixin.py:188} INFO - [2026-05-19T14:07:53.748+0000] {dag.py:3954} INFO - Setting next_dagrun for example_weekday_branch_operator to 2026-05-18 00:00:00+00:00, run_after=2026-05-19 00:00:00+00:00
[2026-05-19T14:07:53.771+0000] {processor.py:183} INFO - Processing /home/airflow/.local/lib/python3.12/site-packages/airflow/example_dags/example_branch_day_of_week_operator.py took 0.093 seconds
[2026-05-19T14:08:24.335+0000] {processor.py:161} INFO - Started process (PID=4437) to work on /home/airflow/.local/lib/python3.12/site-packages/airflow/example_dags/example_branch_day_of_week_operator.py
[2026-05-19T14:08:24.336+0000] {processor.py:830} INFO - Processing file /home/airflow/.local/lib/python3.12/site-packages/airflow/example_dags/example_branch_day_of_week_operator.py for tasks to queue
[2026-05-19T14:08:24.338+0000] {logging_mixin.py:188} INFO - [2026-05-19T14:08:24.338+0000] {dagbag.py:545} INFO - Filling up the DagBag from /home/airflow/.local/lib/python3.12/site-packages/airflow/example_dags/example_branch_day_of_week_operator.py
[2026-05-19T14:08:24.345+0000] {processor.py:840} INFO - DAG(s) 'example_weekday_branch_operator' retrieved from /home/airflow/.local/lib/python3.12/site-packages/airflow/example_dags/example_branch_day_of_week_operator.py
[2026-05-19T14:08:24.369+0000] {logging_mixin.py:188} INFO - [2026-05-19T14:08:24.368+0000] {dag.py:3096} INFO - Sync 1 DAGs
[2026-05-19T14:08:24.398+0000] {logging_mixin.py:188} INFO - [2026-05-19T14:08:24.398+0000] {dag.py:3954} INFO - Setting next_dagrun for example_weekday_branch_operator to 2026-05-18 00:00:00+00:00, run_after=2026-05-19 00:00:00+00:00
[2026-05-19T14:08:24.418+0000] {processor.py:183} INFO - Processing /home/airflow/.local/lib/python3.12/site-packages/airflow/example_dags/example_branch_day_of_week_operator.py took 0.089 seconds
[2026-05-19T14:08:54.822+0000] {processor.py:161} INFO - Started process (PID=4496) to work on /home/airflow/.local/lib/python3.12/site-packages/airflow/example_dags/example_branch_day_of_week_operator.py
[2026-05-19T14:08:54.824+0000] {processor.py:830} INFO - Processing file /home/airflow/.local/lib/python3.12/site-packages/airflow/example_dags/example_branch_day_of_week_operator.py for tasks to queue
[2026-05-19T14:08:54.827+0000] {logging_mixin.py:188} INFO - [2026-05-19T14:08:54.827+0000] {dagbag.py:545} INFO - Filling up the DagBag from /home/airflow/.local/lib/python3.12/site-packages/airflow/example_dags/example_branch_day_of_week_operator.py
[2026-05-19T14:08:54.839+0000] {processor.py:840} INFO - DAG(s) 'example_weekday_branch_operator' retrieved from /home/airflow/.local/lib/python3.12/site-packages/airflow/example_dags/example_branch_day_of_week_operator.py
[2026-05-19T14:08:54.887+0000] {logging_mixin.py:188} INFO - [2026-05-19T14:08:54.886+0000] {dag.py:3096} INFO - Sync 1 DAGs
[2026-05-19T14:08:54.922+0000] {logging_mixin.py:188} INFO - [2026-05-19T14:08:54.922+0000] {dag.py:3954} INFO - Setting next_dagrun for example_weekday_branch_operator to 2026-05-18 00:00:00+00:00, run_after=2026-05-19 00:00:00+00:00
[2026-05-19T14:08:54.949+0000] {processor.py:183} INFO - Processing /home/airflow/.local/lib/python3.12/site-packages/airflow/example_dags/example_branch_day_of_week_operator.py took 0.135 seconds
[2026-05-19T14:09:25.178+0000] {processor.py:161} INFO - Started process (PID=4556) to work on /home/airflow/.local/lib/python3.12/site-packages/airflow/example_dags/example_branch_day_of_week_operator.py
[2026-05-19T14:09:25.180+0000] {processor.py:830} INFO - Processing file /home/airflow/.local/lib/python3.12/site-packages/airflow/example_dags/example_branch_day_of_week_operator.py for tasks to queue
[2026-05-19T14:09:25.183+0000] {logging_mixin.py:188} INFO - [2026-05-19T14:09:25.182+0000] {dagbag.py:545} INFO - Filling up the DagBag from /home/airflow/.local/lib/python3.12/site-packages/airflow/example_dags/example_branch_day_of_week_operator.py
[2026-05-19T14:09:25.192+0000] {processor.py:840} INFO - DAG(s) 'example_weekday_branch_operator' retrieved from /home/airflow/.local/lib/python3.12/site-packages/airflow/example_dags/example_branch_day_of_week_operator.py
[2026-05-19T14:09:25.217+0000] {logging_mixin.py:188} INFO - [2026-05-19T14:09:25.216+0000] {dag.py:3096} INFO - Sync 1 DAGs
[2026-05-19T14:09:25.237+0000] {logging_mixin.py:188} INFO - [2026-05-19T14:09:25.237+0000] {dag.py:3954} INFO - Setting next_dagrun for example_weekday_branch_operator to 2026-05-18 00:00:00+00:00, run_after=2026-05-19 00:00:00+00:00
[2026-05-19T14:09:25.270+0000] {processor.py:183} INFO - Processing /home/airflow/.local/lib/python3.12/site-packages/airflow/example_dags/example_branch_day_of_week_operator.py took 0.098 seconds
[2026-05-19T14:09:55.390+0000] {processor.py:161} INFO - Started process (PID=4615) to work on /home/airflow/.local/lib/python3.12/site-packages/airflow/example_dags/example_branch_day_of_week_operator.py
[2026-05-19T14:09:55.393+0000] {processor.py:830} INFO - Processing file /home/airflow/.local/lib/python3.12/site-packages/airflow/example_dags/example_branch_day_of_week_operator.py for tasks to queue
[2026-05-19T14:09:55.397+0000] {logging_mixin.py:188} INFO - [2026-05-19T14:09:55.396+0000] {dagbag.py:545} INFO - Filling up the DagBag from /home/airflow/.local/lib/python3.12/site-packages/airflow/example_dags/example_branch_day_of_week_operator.py
[2026-05-19T14:09:55.405+0000] {processor.py:840} INFO - DAG(s) 'example_weekday_branch_operator' retrieved from /home/airflow/.local/lib/python3.12/site-packages/airflow/example_dags/example_branch_day_of_week_operator.py
[2026-05-19T14:09:55.430+0000] {logging_mixin.py:188} INFO - [2026-05-19T14:09:55.430+0000] {dag.py:3096} INFO - Sync 1 DAGs
[2026-05-19T14:09:55.448+0000] {logging_mixin.py:188} INFO - [2026-05-19T14:09:55.448+0000] {dag.py:3954} INFO - Setting next_dagrun for example_weekday_branch_operator to 2026-05-18 00:00:00+00:00, run_after=2026-05-19 00:00:00+00:00
[2026-05-19T14:09:55.467+0000] {processor.py:183} INFO - Processing /home/airflow/.local/lib/python3.12/site-packages/airflow/example_dags/example_branch_day_of_week_operator.py took 0.083 seconds
[2026-05-19T14:10:25.613+0000] {processor.py:161} INFO - Started process (PID=4674) to work on /home/airflow/.local/lib/python3.12/site-packages/airflow/example_dags/example_branch_day_of_week_operator.py
[2026-05-19T14:10:25.615+0000] {processor.py:830} INFO - Processing file /home/airflow/.local/lib/python3.12/site-packages/airflow/example_dags/example_branch_day_of_week_operator.py for tasks to queue
[2026-05-19T14:10:25.617+0000] {logging_mixin.py:188} INFO - [2026-05-19T14:10:25.617+0000] {dagbag.py:545} INFO - Filling up the DagBag from /home/airflow/.local/lib/python3.12/site-packages/airflow/example_dags/example_branch_day_of_week_operator.py
[2026-05-19T14:10:25.627+0000] {processor.py:840} INFO - DAG(s) 'example_weekday_branch_operator' retrieved from /home/airflow/.local/lib/python3.12/site-packages/airflow/example_dags/example_branch_day_of_week_operator.py
[2026-05-19T14:10:25.651+0000] {logging_mixin.py:188} INFO - [2026-05-19T14:10:25.651+0000] {dag.py:3096} INFO - Sync 1 DAGs
[2026-05-19T14:10:25.670+0000] {logging_mixin.py:188} INFO - [2026-05-19T14:10:25.670+0000] {dag.py:3954} INFO - Setting next_dagrun for example_weekday_branch_operator to 2026-05-18 00:00:00+00:00, run_after=2026-05-19 00:00:00+00:00
[2026-05-19T14:10:25.694+0000] {processor.py:183} INFO - Processing /home/airflow/.local/lib/python3.12/site-packages/airflow/example_dags/example_branch_day_of_week_operator.py took 0.086 seconds
[2026-05-19T14:10:55.873+0000] {processor.py:161} INFO - Started process (PID=4733) to work on /home/airflow/.local/lib/python3.12/site-packages/airflow/example_dags/example_branch_day_of_week_operator.py
[2026-05-19T14:10:55.874+0000] {processor.py:830} INFO - Processing file /home/airflow/.local/lib/python3.12/site-packages/airflow/example_dags/example_branch_day_of_week_operator.py for tasks to queue
[2026-05-19T14:10:55.876+0000] {logging_mixin.py:188} INFO - [2026-05-19T14:10:55.875+0000] {dagbag.py:545} INFO - Filling up the DagBag from /home/airflow/.local/lib/python3.12/site-packages/airflow/example_dags/example_branch_day_of_week_operator.py
[2026-05-19T14:10:55.884+0000] {processor.py:840} INFO - DAG(s) 'example_weekday_branch_operator' retrieved from /home/airflow/.local/lib/python3.12/site-packages/airflow/example_dags/example_branch_day_of_week_operator.py
[2026-05-19T14:10:55.913+0000] {logging_mixin.py:188} INFO - [2026-05-19T14:10:55.912+0000] {dag.py:3096} INFO - Sync 1 DAGs
[2026-05-19T14:10:55.933+0000] {logging_mixin.py:188} INFO - [2026-05-19T14:10:55.932+0000] {dag.py:3954} INFO - Setting next_dagrun for example_weekday_branch_operator to 2026-05-18 00:00:00+00:00, run_after=2026-05-19 00:00:00+00:00
[2026-05-19T14:10:55.949+0000] {processor.py:183} INFO - Processing /home/airflow/.local/lib/python3.12/site-packages/airflow/example_dags/example_branch_day_of_week_operator.py took 0.082 seconds
[2026-05-19T14:11:26.334+0000] {processor.py:161} INFO - Started process (PID=4792) to work on /home/airflow/.local/lib/python3.12/site-packages/airflow/example_dags/example_branch_day_of_week_operator.py
[2026-05-19T14:11:26.335+0000] {processor.py:830} INFO - Processing file /home/airflow/.local/lib/python3.12/site-packages/airflow/example_dags/example_branch_day_of_week_operator.py for tasks to queue
[2026-05-19T14:11:26.337+0000] {logging_mixin.py:188} INFO - [2026-05-19T14:11:26.337+0000] {dagbag.py:545} INFO - Filling up the DagBag from /home/airflow/.local/lib/python3.12/site-packages/airflow/example_dags/example_branch_day_of_week_operator.py
[2026-05-19T14:11:26.344+0000] {processor.py:840} INFO - DAG(s) 'example_weekday_branch_operator' retrieved from /home/airflow/.local/lib/python3.12/site-packages/airflow/example_dags/example_branch_day_of_week_operator.py
[2026-05-19T14:11:26.370+0000] {logging_mixin.py:188} INFO - [2026-05-19T14:11:26.369+0000] {dag.py:3096} INFO - Sync 1 DAGs
[2026-05-19T14:11:26.413+0000] {logging_mixin.py:188} INFO - [2026-05-19T14:11:26.413+0000] {dag.py:3954} INFO - Setting next_dagrun for example_weekday_branch_operator to 2026-05-18 00:00:00+00:00, run_after=2026-05-19 00:00:00+00:00
[2026-05-19T14:11:26.444+0000] {processor.py:183} INFO - Processing /home/airflow/.local/lib/python3.12/site-packages/airflow/example_dags/example_branch_day_of_week_operator.py took 0.116 seconds
[2026-05-19T14:11:56.594+0000] {processor.py:161} INFO - Started process (PID=4851) to work on /home/airflow/.local/lib/python3.12/site-packages/airflow/example_dags/example_branch_day_of_week_operator.py
[2026-05-19T14:11:56.596+0000] {processor.py:830} INFO - Processing file /home/airflow/.local/lib/python3.12/site-packages/airflow/example_dags/example_branch_day_of_week_operator.py for tasks to queue
[2026-05-19T14:11:56.599+0000] {logging_mixin.py:188} INFO - [2026-05-19T14:11:56.599+0000] {dagbag.py:545} INFO - Filling up the DagBag from /home/airflow/.local/lib/python3.12/site-packages/airflow/example_dags/example_branch_day_of_week_operator.py
[2026-05-19T14:11:56.607+0000] {processor.py:840} INFO - DAG(s) 'example_weekday_branch_operator' retrieved from /home/airflow/.local/lib/python3.12/site-packages/airflow/example_dags/example_branch_day_of_week_operator.py
[2026-05-19T14:11:56.636+0000] {logging_mixin.py:188} INFO - [2026-05-19T14:11:56.636+0000] {dag.py:3096} INFO - Sync 1 DAGs
[2026-05-19T14:11:56.675+0000] {logging_mixin.py:188} INFO - [2026-05-19T14:11:56.675+0000] {dag.py:3954} INFO - Setting next_dagrun for example_weekday_branch_operator to 2026-05-18 00:00:00+00:00, run_after=2026-05-19 00:00:00+00:00
[2026-05-19T14:11:56.735+0000] {processor.py:183} INFO - Processing /home/airflow/.local/lib/python3.12/site-packages/airflow/example_dags/example_branch_day_of_week_operator.py took 0.151 seconds
[2026-05-19T14:12:27.306+0000] {processor.py:161} INFO - Started process (PID=4910) to work on /home/airflow/.local/lib/python3.12/site-packages/airflow/example_dags/example_branch_day_of_week_operator.py
[2026-05-19T14:12:27.307+0000] {processor.py:830} INFO - Processing file /home/airflow/.local/lib/python3.12/site-packages/airflow/example_dags/example_branch_day_of_week_operator.py for tasks to queue
[2026-05-19T14:12:27.309+0000] {logging_mixin.py:188} INFO - [2026-05-19T14:12:27.309+0000] {dagbag.py:545} INFO - Filling up the DagBag from /home/airflow/.local/lib/python3.12/site-packages/airflow/example_dags/example_branch_day_of_week_operator.py
[2026-05-19T14:12:27.315+0000] {processor.py:840} INFO - DAG(s) 'example_weekday_branch_operator' retrieved from /home/airflow/.local/lib/python3.12/site-packages/airflow/example_dags/example_branch_day_of_week_operator.py
[2026-05-19T14:12:27.343+0000] {logging_mixin.py:188} INFO - [2026-05-19T14:12:27.343+0000] {dag.py:3096} INFO - Sync 1 DAGs
[2026-05-19T14:12:27.371+0000] {logging_mixin.py:188} INFO - [2026-05-19T14:12:27.370+0000] {dag.py:3954} INFO - Setting next_dagrun for example_weekday_branch_operator to 2026-05-18 00:00:00+00:00, run_after=2026-05-19 00:00:00+00:00
[2026-05-19T14:12:27.394+0000] {processor.py:183} INFO - Processing /home/airflow/.local/lib/python3.12/site-packages/airflow/example_dags/example_branch_day_of_week_operator.py took 0.094 seconds
[2026-05-19T14:12:57.757+0000] {processor.py:161} INFO - Started process (PID=4969) to work on /home/airflow/.local/lib/python3.12/site-packages/airflow/example_dags/example_branch_day_of_week_operator.py
[2026-05-19T14:12:57.759+0000] {processor.py:830} INFO - Processing file /home/airflow/.local/lib/python3.12/site-packages/airflow/example_dags/example_branch_day_of_week_operator.py for tasks to queue
[2026-05-19T14:12:57.763+0000] {logging_mixin.py:188} INFO - [2026-05-19T14:12:57.762+0000] {dagbag.py:545} INFO - Filling up the DagBag from /home/airflow/.local/lib/python3.12/site-packages/airflow/example_dags/example_branch_day_of_week_operator.py
[2026-05-19T14:12:57.777+0000] {processor.py:840} INFO - DAG(s) 'example_weekday_branch_operator' retrieved from /home/airflow/.local/lib/python3.12/site-packages/airflow/example_dags/example_branch_day_of_week_operator.py
[2026-05-19T14:12:57.824+0000] {logging_mixin.py:188} INFO - [2026-05-19T14:12:57.824+0000] {dag.py:3096} INFO - Sync 1 DAGs
[2026-05-19T14:12:57.868+0000] {logging_mixin.py:188} INFO - [2026-05-19T14:12:57.867+0000] {dag.py:3954} INFO - Setting next_dagrun for example_weekday_branch_operator to 2026-05-18 00:00:00+00:00, run_after=2026-05-19 00:00:00+00:00
[2026-05-19T14:12:57.904+0000] {processor.py:183} INFO - Processing /home/airflow/.local/lib/python3.12/site-packages/airflow/example_dags/example_branch_day_of_week_operator.py took 0.156 seconds
[2026-05-19T14:13:28.699+0000] {processor.py:161} INFO - Started process (PID=5028) to work on /home/airflow/.local/lib/python3.12/site-packages/airflow/example_dags/example_branch_day_of_week_operator.py
[2026-05-19T14:13:28.701+0000] {processor.py:830} INFO - Processing file /home/airflow/.local/lib/python3.12/site-packages/airflow/example_dags/example_branch_day_of_week_operator.py for tasks to queue
[2026-05-19T14:13:28.705+0000] {logging_mixin.py:188} INFO - [2026-05-19T14:13:28.705+0000] {dagbag.py:545} INFO - Filling up the DagBag from /home/airflow/.local/lib/python3.12/site-packages/airflow/example_dags/example_branch_day_of_week_operator.py
[2026-05-19T14:13:28.711+0000] {processor.py:840} INFO - DAG(s) 'example_weekday_branch_operator' retrieved from /home/airflow/.local/lib/python3.12/site-packages/airflow/example_dags/example_branch_day_of_week_operator.py
[2026-05-19T14:13:28.733+0000] {logging_mixin.py:188} INFO - [2026-05-19T14:13:28.733+0000] {dag.py:3096} INFO - Sync 1 DAGs
[2026-05-19T14:13:28.758+0000] {logging_mixin.py:188} INFO - [2026-05-19T14:13:28.757+0000] {dag.py:3954} INFO - Setting next_dagrun for example_weekday_branch_operator to 2026-05-18 00:00:00+00:00, run_after=2026-05-19 00:00:00+00:00
[2026-05-19T14:13:28.788+0000] {processor.py:183} INFO - Processing /home/airflow/.local/lib/python3.12/site-packages/airflow/example_dags/example_branch_day_of_week_operator.py took 0.096 seconds
[2026-05-19T14:13:59.028+0000] {processor.py:161} INFO - Started process (PID=5087) to work on /home/airflow/.local/lib/python3.12/site-packages/airflow/example_dags/example_branch_day_of_week_operator.py
[2026-05-19T14:13:59.029+0000] {processor.py:830} INFO - Processing file /home/airflow/.local/lib/python3.12/site-packages/airflow/example_dags/example_branch_day_of_week_operator.py for tasks to queue
[2026-05-19T14:13:59.033+0000] {logging_mixin.py:188} INFO - [2026-05-19T14:13:59.033+0000] {dagbag.py:545} INFO - Filling up the DagBag from /home/airflow/.local/lib/python3.12/site-packages/airflow/example_dags/example_branch_day_of_week_operator.py
[2026-05-19T14:13:59.048+0000] {processor.py:840} INFO - DAG(s) 'example_weekday_branch_operator' retrieved from /home/airflow/.local/lib/python3.12/site-packages/airflow/example_dags/example_branch_day_of_week_operator.py
[2026-05-19T14:13:59.077+0000] {logging_mixin.py:188} INFO - [2026-05-19T14:13:59.077+0000] {dag.py:3096} INFO - Sync 1 DAGs
[2026-05-19T14:13:59.110+0000] {logging_mixin.py:188} INFO - [2026-05-19T14:13:59.109+0000] {dag.py:3954} INFO - Setting next_dagrun for example_weekday_branch_operator to 2026-05-18 00:00:00+00:00, run_after=2026-05-19 00:00:00+00:00
[2026-05-19T14:13:59.129+0000] {processor.py:183} INFO - Processing /home/airflow/.local/lib/python3.12/site-packages/airflow/example_dags/example_branch_day_of_week_operator.py took 0.116 seconds
[2026-05-19T14:14:30.136+0000] {processor.py:161} INFO - Started process (PID=5146) to work on /home/airflow/.local/lib/python3.12/site-packages/airflow/example_dags/example_branch_day_of_week_operator.py
[2026-05-19T14:14:30.137+0000] {processor.py:830} INFO - Processing file /home/airflow/.local/lib/python3.12/site-packages/airflow/example_dags/example_branch_day_of_week_operator.py for tasks to queue
[2026-05-19T14:14:30.139+0000] {logging_mixin.py:188} INFO - [2026-05-19T14:14:30.139+0000] {dagbag.py:545} INFO - Filling up the DagBag from /home/airflow/.local/lib/python3.12/site-packages/airflow/example_dags/example_branch_day_of_week_operator.py
[2026-05-19T14:14:30.148+0000] {processor.py:840} INFO - DAG(s) 'example_weekday_branch_operator' retrieved from /home/airflow/.local/lib/python3.12/site-packages/airflow/example_dags/example_branch_day_of_week_operator.py
[2026-05-19T14:14:30.175+0000] {logging_mixin.py:188} INFO - [2026-05-19T14:14:30.175+0000] {dag.py:3096} INFO - Sync 1 DAGs
[2026-05-19T14:14:30.212+0000] {logging_mixin.py:188} INFO - [2026-05-19T14:14:30.212+0000] {dag.py:3954} INFO - Setting next_dagrun for example_weekday_branch_operator to 2026-05-18 00:00:00+00:00, run_after=2026-05-19 00:00:00+00:00
[2026-05-19T14:14:30.254+0000] {processor.py:183} INFO - Processing /home/airflow/.local/lib/python3.12/site-packages/airflow/example_dags/example_branch_day_of_week_operator.py took 0.127 seconds
[2026-05-19T14:15:00.479+0000] {processor.py:161} INFO - Started process (PID=5205) to work on /home/airflow/.local/lib/python3.12/site-packages/airflow/example_dags/example_branch_day_of_week_operator.py
[2026-05-19T14:15:00.480+0000] {processor.py:830} INFO - Processing file /home/airflow/.local/lib/python3.12/site-packages/airflow/example_dags/example_branch_day_of_week_operator.py for tasks to queue
[2026-05-19T14:15:00.483+0000] {logging_mixin.py:188} INFO - [2026-05-19T14:15:00.482+0000] {dagbag.py:545} INFO - Filling up the DagBag from /home/airflow/.local/lib/python3.12/site-packages/airflow/example_dags/example_branch_day_of_week_operator.py
[2026-05-19T14:15:00.493+0000] {processor.py:840} INFO - DAG(s) 'example_weekday_branch_operator' retrieved from /home/airflow/.local/lib/python3.12/site-packages/airflow/example_dags/example_branch_day_of_week_operator.py
[2026-05-19T14:15:00.525+0000] {logging_mixin.py:188} INFO - [2026-05-19T14:15:00.525+0000] {dag.py:3096} INFO - Sync 1 DAGs
[2026-05-19T14:15:00.557+0000] {logging_mixin.py:188} INFO - [2026-05-19T14:15:00.557+0000] {dag.py:3954} INFO - Setting next_dagrun for example_weekday_branch_operator to 2026-05-18 00:00:00+00:00, run_after=2026-05-19 00:00:00+00:00
[2026-05-19T14:15:00.582+0000] {processor.py:183} INFO - Processing /home/airflow/.local/lib/python3.12/site-packages/airflow/example_dags/example_branch_day_of_week_operator.py took 0.114 seconds
[2026-05-19T14:15:30.911+0000] {processor.py:161} INFO - Started process (PID=5264) to work on /home/airflow/.local/lib/python3.12/site-packages/airflow/example_dags/example_branch_day_of_week_operator.py
[2026-05-19T14:15:30.912+0000] {processor.py:830} INFO - Processing file /home/airflow/.local/lib/python3.12/site-packages/airflow/example_dags/example_branch_day_of_week_operator.py for tasks to queue
[2026-05-19T14:15:30.914+0000] {logging_mixin.py:188} INFO - [2026-05-19T14:15:30.913+0000] {dagbag.py:545} INFO - Filling up the DagBag from /home/airflow/.local/lib/python3.12/site-packages/airflow/example_dags/example_branch_day_of_week_operator.py
[2026-05-19T14:15:30.921+0000] {processor.py:840} INFO - DAG(s) 'example_weekday_branch_operator' retrieved from /home/airflow/.local/lib/python3.12/site-packages/airflow/example_dags/example_branch_day_of_week_operator.py
[2026-05-19T14:15:30.949+0000] {logging_mixin.py:188} INFO - [2026-05-19T14:15:30.948+0000] {dag.py:3096} INFO - Sync 1 DAGs
[2026-05-19T14:15:30.971+0000] {logging_mixin.py:188} INFO - [2026-05-19T14:15:30.970+0000] {dag.py:3954} INFO - Setting next_dagrun for example_weekday_branch_operator to 2026-05-18 00:00:00+00:00, run_after=2026-05-19 00:00:00+00:00
[2026-05-19T14:15:30.987+0000] {processor.py:183} INFO - Processing /home/airflow/.local/lib/python3.12/site-packages/airflow/example_dags/example_branch_day_of_week_operator.py took 0.081 seconds
[2026-05-19T14:16:01.771+0000] {processor.py:161} INFO - Started process (PID=5327) to work on /home/airflow/.local/lib/python3.12/site-packages/airflow/example_dags/example_branch_day_of_week_operator.py
[2026-05-19T14:16:01.773+0000] {processor.py:830} INFO - Processing file /home/airflow/.local/lib/python3.12/site-packages/airflow/example_dags/example_branch_day_of_week_operator.py for tasks to queue
[2026-05-19T14:16:01.782+0000] {logging_mixin.py:188} INFO - [2026-05-19T14:16:01.778+0000] {dagbag.py:545} INFO - Filling up the DagBag from /home/airflow/.local/lib/python3.12/site-packages/airflow/example_dags/example_branch_day_of_week_operator.py
[2026-05-19T14:16:01.802+0000] {processor.py:840} INFO - DAG(s) 'example_weekday_branch_operator' retrieved from /home/airflow/.local/lib/python3.12/site-packages/airflow/example_dags/example_branch_day_of_week_operator.py
[2026-05-19T14:16:01.859+0000] {logging_mixin.py:188} INFO - [2026-05-19T14:16:01.857+0000] {dag.py:3096} INFO - Sync 1 DAGs
[2026-05-19T14:16:01.931+0000] {logging_mixin.py:188} INFO - [2026-05-19T14:16:01.930+0000] {dag.py:3954} INFO - Setting next_dagrun for example_weekday_branch_operator to 2026-05-18 00:00:00+00:00, run_after=2026-05-19 00:00:00+00:00
[2026-05-19T14:16:01.995+0000] {processor.py:183} INFO - Processing /home/airflow/.local/lib/python3.12/site-packages/airflow/example_dags/example_branch_day_of_week_operator.py took 0.237 seconds
[2026-05-19T14:16:32.183+0000] {processor.py:161} INFO - Started process (PID=5384) to work on /home/airflow/.local/lib/python3.12/site-packages/airflow/example_dags/example_branch_day_of_week_operator.py
[2026-05-19T14:16:32.186+0000] {processor.py:830} INFO - Processing file /home/airflow/.local/lib/python3.12/site-packages/airflow/example_dags/example_branch_day_of_week_operator.py for tasks to queue
[2026-05-19T14:16:32.193+0000] {logging_mixin.py:188} INFO - [2026-05-19T14:16:32.192+0000] {dagbag.py:545} INFO - Filling up the DagBag from /home/airflow/.local/lib/python3.12/site-packages/airflow/example_dags/example_branch_day_of_week_operator.py
[2026-05-19T14:16:32.215+0000] {processor.py:840} INFO - DAG(s) 'example_weekday_branch_operator' retrieved from /home/airflow/.local/lib/python3.12/site-packages/airflow/example_dags/example_branch_day_of_week_operator.py
[2026-05-19T14:16:32.283+0000] {logging_mixin.py:188} INFO - [2026-05-19T14:16:32.282+0000] {dag.py:3096} INFO - Sync 1 DAGs
[2026-05-19T14:16:32.346+0000] {logging_mixin.py:188} INFO - [2026-05-19T14:16:32.346+0000] {dag.py:3954} INFO - Setting next_dagrun for example_weekday_branch_operator to 2026-05-18 00:00:00+00:00, run_after=2026-05-19 00:00:00+00:00
[2026-05-19T14:16:32.397+0000] {processor.py:183} INFO - Processing /home/airflow/.local/lib/python3.12/site-packages/airflow/example_dags/example_branch_day_of_week_operator.py took 0.230 seconds
[2026-05-19T14:17:03.093+0000] {processor.py:161} INFO - Started process (PID=5443) to work on /home/airflow/.local/lib/python3.12/site-packages/airflow/example_dags/example_branch_day_of_week_operator.py
[2026-05-19T14:17:03.095+0000] {processor.py:830} INFO - Processing file /home/airflow/.local/lib/python3.12/site-packages/airflow/example_dags/example_branch_day_of_week_operator.py for tasks to queue
[2026-05-19T14:17:03.099+0000] {logging_mixin.py:188} INFO - [2026-05-19T14:17:03.098+0000] {dagbag.py:545} INFO - Filling up the DagBag from /home/airflow/.local/lib/python3.12/site-packages/airflow/example_dags/example_branch_day_of_week_operator.py
[2026-05-19T14:17:03.113+0000] {processor.py:840} INFO - DAG(s) 'example_weekday_branch_operator' retrieved from /home/airflow/.local/lib/python3.12/site-packages/airflow/example_dags/example_branch_day_of_week_operator.py
[2026-05-19T14:17:03.151+0000] {logging_mixin.py:188} INFO - [2026-05-19T14:17:03.151+0000] {dag.py:3096} INFO - Sync 1 DAGs
[2026-05-19T14:17:03.190+0000] {logging_mixin.py:188} INFO - [2026-05-19T14:17:03.190+0000] {dag.py:3954} INFO - Setting next_dagrun for example_weekday_branch_operator to 2026-05-18 00:00:00+00:00, run_after=2026-05-19 00:00:00+00:00
[2026-05-19T14:17:03.223+0000] {processor.py:183} INFO - Processing /home/airflow/.local/lib/python3.12/site-packages/airflow/example_dags/example_branch_day_of_week_operator.py took 0.141 seconds
[2026-05-19T14:17:33.504+0000] {processor.py:161} INFO - Started process (PID=5502) to work on /home/airflow/.local/lib/python3.12/site-packages/airflow/example_dags/example_branch_day_of_week_operator.py
[2026-05-19T14:17:33.506+0000] {processor.py:830} INFO - Processing file /home/airflow/.local/lib/python3.12/site-packages/airflow/example_dags/example_branch_day_of_week_operator.py for tasks to queue
[2026-05-19T14:17:33.510+0000] {logging_mixin.py:188} INFO - [2026-05-19T14:17:33.509+0000] {dagbag.py:545} INFO - Filling up the DagBag from /home/airflow/.local/lib/python3.12/site-packages/airflow/example_dags/example_branch_day_of_week_operator.py
[2026-05-19T14:17:33.526+0000] {processor.py:840} INFO - DAG(s) 'example_weekday_branch_operator' retrieved from /home/airflow/.local/lib/python3.12/site-packages/airflow/example_dags/example_branch_day_of_week_operator.py
[2026-05-19T14:17:33.556+0000] {logging_mixin.py:188} INFO - [2026-05-19T14:17:33.556+0000] {dag.py:3096} INFO - Sync 1 DAGs
[2026-05-19T14:17:33.594+0000] {logging_mixin.py:188} INFO - [2026-05-19T14:17:33.593+0000] {dag.py:3954} INFO - Setting next_dagrun for example_weekday_branch_operator to 2026-05-18 00:00:00+00:00, run_after=2026-05-19 00:00:00+00:00
[2026-05-19T14:17:33.624+0000] {processor.py:183} INFO - Processing /home/airflow/.local/lib/python3.12/site-packages/airflow/example_dags/example_branch_day_of_week_operator.py took 0.132 seconds
[2026-05-19T14:18:03.884+0000] {processor.py:161} INFO - Started process (PID=5561) to work on /home/airflow/.local/lib/python3.12/site-packages/airflow/example_dags/example_branch_day_of_week_operator.py
[2026-05-19T14:18:03.885+0000] {processor.py:830} INFO - Processing file /home/airflow/.local/lib/python3.12/site-packages/airflow/example_dags/example_branch_day_of_week_operator.py for tasks to queue
[2026-05-19T14:18:03.887+0000] {logging_mixin.py:188} INFO - [2026-05-19T14:18:03.886+0000] {dagbag.py:545} INFO - Filling up the DagBag from /home/airflow/.local/lib/python3.12/site-packages/airflow/example_dags/example_branch_day_of_week_operator.py
[2026-05-19T14:18:03.894+0000] {processor.py:840} INFO - DAG(s) 'example_weekday_branch_operator' retrieved from /home/airflow/.local/lib/python3.12/site-packages/airflow/example_dags/example_branch_day_of_week_operator.py
[2026-05-19T14:18:03.920+0000] {logging_mixin.py:188} INFO - [2026-05-19T14:18:03.920+0000] {dag.py:3096} INFO - Sync 1 DAGs
[2026-05-19T14:18:03.951+0000] {logging_mixin.py:188} INFO - [2026-05-19T14:18:03.951+0000] {dag.py:3954} INFO - Setting next_dagrun for example_weekday_branch_operator to 2026-05-18 00:00:00+00:00, run_after=2026-05-19 00:00:00+00:00
[2026-05-19T14:18:03.972+0000] {processor.py:183} INFO - Processing /home/airflow/.local/lib/python3.12/site-packages/airflow/example_dags/example_branch_day_of_week_operator.py took 0.098 seconds
[2026-05-19T14:18:34.546+0000] {processor.py:161} INFO - Started process (PID=5620) to work on /home/airflow/.local/lib/python3.12/site-packages/airflow/example_dags/example_branch_day_of_week_operator.py
[2026-05-19T14:18:34.548+0000] {processor.py:830} INFO - Processing file /home/airflow/.local/lib/python3.12/site-packages/airflow/example_dags/example_branch_day_of_week_operator.py for tasks to queue
[2026-05-19T14:18:34.554+0000] {logging_mixin.py:188} INFO - [2026-05-19T14:18:34.553+0000] {dagbag.py:545} INFO - Filling up the DagBag from /home/airflow/.local/lib/python3.12/site-packages/airflow/example_dags/example_branch_day_of_week_operator.py
[2026-05-19T14:18:34.564+0000] {processor.py:840} INFO - DAG(s) 'example_weekday_branch_operator' retrieved from /home/airflow/.local/lib/python3.12/site-packages/airflow/example_dags/example_branch_day_of_week_operator.py
[2026-05-19T14:18:34.594+0000] {logging_mixin.py:188} INFO - [2026-05-19T14:18:34.594+0000] {dag.py:3096} INFO - Sync 1 DAGs
[2026-05-19T14:18:34.625+0000] {logging_mixin.py:188} INFO - [2026-05-19T14:18:34.625+0000] {dag.py:3954} INFO - Setting next_dagrun for example_weekday_branch_operator to 2026-05-18 00:00:00+00:00, run_after=2026-05-19 00:00:00+00:00
[2026-05-19T14:18:34.647+0000] {processor.py:183} INFO - Processing /home/airflow/.local/lib/python3.12/site-packages/airflow/example_dags/example_branch_day_of_week_operator.py took 0.114 seconds
[2026-05-19T14:19:05.155+0000] {processor.py:161} INFO - Started process (PID=5679) to work on /home/airflow/.local/lib/python3.12/site-packages/airflow/example_dags/example_branch_day_of_week_operator.py
[2026-05-19T14:19:05.158+0000] {processor.py:830} INFO - Processing file /home/airflow/.local/lib/python3.12/site-packages/airflow/example_dags/example_branch_day_of_week_operator.py for tasks to queue
[2026-05-19T14:19:05.164+0000] {logging_mixin.py:188} INFO - [2026-05-19T14:19:05.163+0000] {dagbag.py:545} INFO - Filling up the DagBag from /home/airflow/.local/lib/python3.12/site-packages/airflow/example_dags/example_branch_day_of_week_operator.py
[2026-05-19T14:19:05.194+0000] {processor.py:840} INFO - DAG(s) 'example_weekday_branch_operator' retrieved from /home/airflow/.local/lib/python3.12/site-packages/airflow/example_dags/example_branch_day_of_week_operator.py
[2026-05-19T14:19:05.253+0000] {logging_mixin.py:188} INFO - [2026-05-19T14:19:05.252+0000] {dag.py:3096} INFO - Sync 1 DAGs
[2026-05-19T14:19:05.304+0000] {logging_mixin.py:188} INFO - [2026-05-19T14:19:05.303+0000] {dag.py:3954} INFO - Setting next_dagrun for example_weekday_branch_operator to 2026-05-18 00:00:00+00:00, run_after=2026-05-19 00:00:00+00:00
[2026-05-19T14:19:05.365+0000] {processor.py:183} INFO - Processing /home/airflow/.local/lib/python3.12/site-packages/airflow/example_dags/example_branch_day_of_week_operator.py took 0.222 seconds
[2026-05-19T14:19:36.152+0000] {processor.py:161} INFO - Started process (PID=5739) to work on /home/airflow/.local/lib/python3.12/site-packages/airflow/example_dags/example_branch_day_of_week_operator.py
[2026-05-19T14:19:36.154+0000] {processor.py:830} INFO - Processing file /home/airflow/.local/lib/python3.12/site-packages/airflow/example_dags/example_branch_day_of_week_operator.py for tasks to queue
[2026-05-19T14:19:36.166+0000] {logging_mixin.py:188} INFO - [2026-05-19T14:19:36.165+0000] {dagbag.py:545} INFO - Filling up the DagBag from /home/airflow/.local/lib/python3.12/site-packages/airflow/example_dags/example_branch_day_of_week_operator.py
[2026-05-19T14:19:36.190+0000] {processor.py:840} INFO - DAG(s) 'example_weekday_branch_operator' retrieved from /home/airflow/.local/lib/python3.12/site-packages/airflow/example_dags/example_branch_day_of_week_operator.py
[2026-05-19T14:19:36.239+0000] {logging_mixin.py:188} INFO - [2026-05-19T14:19:36.238+0000] {dag.py:3096} INFO - Sync 1 DAGs
[2026-05-19T14:19:36.294+0000] {logging_mixin.py:188} INFO - [2026-05-19T14:19:36.293+0000] {dag.py:3954} INFO - Setting next_dagrun for example_weekday_branch_operator to 2026-05-18 00:00:00+00:00, run_after=2026-05-19 00:00:00+00:00
[2026-05-19T14:19:36.344+0000] {processor.py:183} INFO - Processing /home/airflow/.local/lib/python3.12/site-packages/airflow/example_dags/example_branch_day_of_week_operator.py took 0.203 seconds
[2026-05-19T14:20:07.187+0000] {processor.py:161} INFO - Started process (PID=5798) to work on /home/airflow/.local/lib/python3.12/site-packages/airflow/example_dags/example_branch_day_of_week_operator.py
[2026-05-19T14:20:07.189+0000] {processor.py:830} INFO - Processing file /home/airflow/.local/lib/python3.12/site-packages/airflow/example_dags/example_branch_day_of_week_operator.py for tasks to queue
[2026-05-19T14:20:07.191+0000] {logging_mixin.py:188} INFO - [2026-05-19T14:20:07.191+0000] {dagbag.py:545} INFO - Filling up the DagBag from /home/airflow/.local/lib/python3.12/site-packages/airflow/example_dags/example_branch_day_of_week_operator.py
[2026-05-19T14:20:07.200+0000] {processor.py:840} INFO - DAG(s) 'example_weekday_branch_operator' retrieved from /home/airflow/.local/lib/python3.12/site-packages/airflow/example_dags/example_branch_day_of_week_operator.py
[2026-05-19T14:20:07.225+0000] {logging_mixin.py:188} INFO - [2026-05-19T14:20:07.225+0000] {dag.py:3096} INFO - Sync 1 DAGs
[2026-05-19T14:20:07.247+0000] {logging_mixin.py:188} INFO - [2026-05-19T14:20:07.246+0000] {dag.py:3954} INFO - Setting next_dagrun for example_weekday_branch_operator to 2026-05-18 00:00:00+00:00, run_after=2026-05-19 00:00:00+00:00
[2026-05-19T14:20:07.266+0000] {processor.py:183} INFO - Processing /home/airflow/.local/lib/python3.12/site-packages/airflow/example_dags/example_branch_day_of_week_operator.py took 0.084 seconds
[2026-05-19T14:20:38.055+0000] {processor.py:161} INFO - Started process (PID=5857) to work on /home/airflow/.local/lib/python3.12/site-packages/airflow/example_dags/example_branch_day_of_week_operator.py
[2026-05-19T14:20:38.056+0000] {processor.py:830} INFO - Processing file /home/airflow/.local/lib/python3.12/site-packages/airflow/example_dags/example_branch_day_of_week_operator.py for tasks to queue
[2026-05-19T14:20:38.058+0000] {logging_mixin.py:188} INFO - [2026-05-19T14:20:38.058+0000] {dagbag.py:545} INFO - Filling up the DagBag from /home/airflow/.local/lib/python3.12/site-packages/airflow/example_dags/example_branch_day_of_week_operator.py
[2026-05-19T14:20:38.065+0000] {processor.py:840} INFO - DAG(s) 'example_weekday_branch_operator' retrieved from /home/airflow/.local/lib/python3.12/site-packages/airflow/example_dags/example_branch_day_of_week_operator.py
[2026-05-19T14:20:38.083+0000] {logging_mixin.py:188} INFO - [2026-05-19T14:20:38.083+0000] {dag.py:3096} INFO - Sync 1 DAGs
[2026-05-19T14:20:38.216+0000] {logging_mixin.py:188} INFO - [2026-05-19T14:20:38.216+0000] {dag.py:3954} INFO - Setting next_dagrun for example_weekday_branch_operator to 2026-05-18 00:00:00+00:00, run_after=2026-05-19 00:00:00+00:00
[2026-05-19T14:20:38.234+0000] {processor.py:183} INFO - Processing /home/airflow/.local/lib/python3.12/site-packages/airflow/example_dags/example_branch_day_of_week_operator.py took 0.186 seconds
[2026-05-19T14:21:08.288+0000] {processor.py:161} INFO - Started process (PID=5916) to work on /home/airflow/.local/lib/python3.12/site-packages/airflow/example_dags/example_branch_day_of_week_operator.py
[2026-05-19T14:21:08.289+0000] {processor.py:830} INFO - Processing file /home/airflow/.local/lib/python3.12/site-packages/airflow/example_dags/example_branch_day_of_week_operator.py for tasks to queue
[2026-05-19T14:21:08.291+0000] {logging_mixin.py:188} INFO - [2026-05-19T14:21:08.290+0000] {dagbag.py:545} INFO - Filling up the DagBag from /home/airflow/.local/lib/python3.12/site-packages/airflow/example_dags/example_branch_day_of_week_operator.py
[2026-05-19T14:21:08.297+0000] {processor.py:840} INFO - DAG(s) 'example_weekday_branch_operator' retrieved from /home/airflow/.local/lib/python3.12/site-packages/airflow/example_dags/example_branch_day_of_week_operator.py
[2026-05-19T14:21:08.316+0000] {logging_mixin.py:188} INFO - [2026-05-19T14:21:08.316+0000] {dag.py:3096} INFO - Sync 1 DAGs
[2026-05-19T14:21:08.334+0000] {logging_mixin.py:188} INFO - [2026-05-19T14:21:08.334+0000] {dag.py:3954} INFO - Setting next_dagrun for example_weekday_branch_operator to 2026-05-18 00:00:00+00:00, run_after=2026-05-19 00:00:00+00:00
[2026-05-19T14:21:08.455+0000] {processor.py:183} INFO - Processing /home/airflow/.local/lib/python3.12/site-packages/airflow/example_dags/example_branch_day_of_week_operator.py took 0.172 seconds
[2026-05-19T14:21:39.216+0000] {processor.py:161} INFO - Started process (PID=5975) to work on /home/airflow/.local/lib/python3.12/site-packages/airflow/example_dags/example_branch_day_of_week_operator.py
[2026-05-19T14:21:39.216+0000] {processor.py:830} INFO - Processing file /home/airflow/.local/lib/python3.12/site-packages/airflow/example_dags/example_branch_day_of_week_operator.py for tasks to queue
[2026-05-19T14:21:39.218+0000] {logging_mixin.py:188} INFO - [2026-05-19T14:21:39.218+0000] {dagbag.py:545} INFO - Filling up the DagBag from /home/airflow/.local/lib/python3.12/site-packages/airflow/example_dags/example_branch_day_of_week_operator.py
[2026-05-19T14:21:39.224+0000] {processor.py:840} INFO - DAG(s) 'example_weekday_branch_operator' retrieved from /home/airflow/.local/lib/python3.12/site-packages/airflow/example_dags/example_branch_day_of_week_operator.py
[2026-05-19T14:21:39.240+0000] {logging_mixin.py:188} INFO - [2026-05-19T14:21:39.240+0000] {dag.py:3096} INFO - Sync 1 DAGs
[2026-05-19T14:21:39.256+0000] {logging_mixin.py:188} INFO - [2026-05-19T14:21:39.256+0000] {dag.py:3954} INFO - Setting next_dagrun for example_weekday_branch_operator to 2026-05-18 00:00:00+00:00, run_after=2026-05-19 00:00:00+00:00
[2026-05-19T14:21:39.271+0000] {processor.py:183} INFO - Processing /home/airflow/.local/lib/python3.12/site-packages/airflow/example_dags/example_branch_day_of_week_operator.py took 0.059 seconds
[2026-05-19T17:35:44.851+0000] {processor.py:161} INFO - Started process (PID=6035) to work on /home/airflow/.local/lib/python3.12/site-packages/airflow/example_dags/example_branch_day_of_week_operator.py
[2026-05-19T17:35:44.856+0000] {processor.py:830} INFO - Processing file /home/airflow/.local/lib/python3.12/site-packages/airflow/example_dags/example_branch_day_of_week_operator.py for tasks to queue
[2026-05-19T17:35:44.860+0000] {logging_mixin.py:188} INFO - [2026-05-19T17:35:44.860+0000] {dagbag.py:545} INFO - Filling up the DagBag from /home/airflow/.local/lib/python3.12/site-packages/airflow/example_dags/example_branch_day_of_week_operator.py
[2026-05-19T17:35:44.876+0000] {processor.py:840} INFO - DAG(s) 'example_weekday_branch_operator' retrieved from /home/airflow/.local/lib/python3.12/site-packages/airflow/example_dags/example_branch_day_of_week_operator.py
[2026-05-19T17:35:44.918+0000] {logging_mixin.py:188} INFO - [2026-05-19T17:35:44.917+0000] {dag.py:3096} INFO - Sync 1 DAGs
[2026-05-19T17:35:44.959+0000] {logging_mixin.py:188} INFO - [2026-05-19T17:35:44.958+0000] {dag.py:3954} INFO - Setting next_dagrun for example_weekday_branch_operator to 2026-05-18 00:00:00+00:00, run_after=2026-05-19 00:00:00+00:00
[2026-05-19T17:35:44.997+0000] {processor.py:183} INFO - Processing /home/airflow/.local/lib/python3.12/site-packages/airflow/example_dags/example_branch_day_of_week_operator.py took 0.156 seconds
[2026-05-19T17:36:15.423+0000] {processor.py:161} INFO - Started process (PID=6095) to work on /home/airflow/.local/lib/python3.12/site-packages/airflow/example_dags/example_branch_day_of_week_operator.py
[2026-05-19T17:36:15.425+0000] {processor.py:830} INFO - Processing file /home/airflow/.local/lib/python3.12/site-packages/airflow/example_dags/example_branch_day_of_week_operator.py for tasks to queue
[2026-05-19T17:36:15.428+0000] {logging_mixin.py:188} INFO - [2026-05-19T17:36:15.427+0000] {dagbag.py:545} INFO - Filling up the DagBag from /home/airflow/.local/lib/python3.12/site-packages/airflow/example_dags/example_branch_day_of_week_operator.py
[2026-05-19T17:36:15.440+0000] {processor.py:840} INFO - DAG(s) 'example_weekday_branch_operator' retrieved from /home/airflow/.local/lib/python3.12/site-packages/airflow/example_dags/example_branch_day_of_week_operator.py
[2026-05-19T17:36:15.470+0000] {logging_mixin.py:188} INFO - [2026-05-19T17:36:15.470+0000] {dag.py:3096} INFO - Sync 1 DAGs
[2026-05-19T17:36:15.500+0000] {logging_mixin.py:188} INFO - [2026-05-19T17:36:15.499+0000] {dag.py:3954} INFO - Setting next_dagrun for example_weekday_branch_operator to 2026-05-18 00:00:00+00:00, run_after=2026-05-19 00:00:00+00:00
[2026-05-19T17:36:15.527+0000] {processor.py:183} INFO - Processing /home/airflow/.local/lib/python3.12/site-packages/airflow/example_dags/example_branch_day_of_week_operator.py took 0.113 seconds
[2026-05-19T17:36:45.783+0000] {processor.py:161} INFO - Started process (PID=6154) to work on /home/airflow/.local/lib/python3.12/site-packages/airflow/example_dags/example_branch_day_of_week_operator.py
[2026-05-19T17:36:45.784+0000] {processor.py:830} INFO - Processing file /home/airflow/.local/lib/python3.12/site-packages/airflow/example_dags/example_branch_day_of_week_operator.py for tasks to queue
[2026-05-19T17:36:45.787+0000] {logging_mixin.py:188} INFO - [2026-05-19T17:36:45.787+0000] {dagbag.py:545} INFO - Filling up the DagBag from /home/airflow/.local/lib/python3.12/site-packages/airflow/example_dags/example_branch_day_of_week_operator.py
[2026-05-19T17:36:45.795+0000] {processor.py:840} INFO - DAG(s) 'example_weekday_branch_operator' retrieved from /home/airflow/.local/lib/python3.12/site-packages/airflow/example_dags/example_branch_day_of_week_operator.py
[2026-05-19T17:36:45.815+0000] {logging_mixin.py:188} INFO - [2026-05-19T17:36:45.815+0000] {dag.py:3096} INFO - Sync 1 DAGs
[2026-05-19T17:36:45.837+0000] {logging_mixin.py:188} INFO - [2026-05-19T17:36:45.837+0000] {dag.py:3954} INFO - Setting next_dagrun for example_weekday_branch_operator to 2026-05-18 00:00:00+00:00, run_after=2026-05-19 00:00:00+00:00
[2026-05-19T17:36:45.855+0000] {processor.py:183} INFO - Processing /home/airflow/.local/lib/python3.12/site-packages/airflow/example_dags/example_branch_day_of_week_operator.py took 0.079 seconds
[2026-05-19T17:37:16.699+0000] {processor.py:161} INFO - Started process (PID=6213) to work on /home/airflow/.local/lib/python3.12/site-packages/airflow/example_dags/example_branch_day_of_week_operator.py
[2026-05-19T17:37:16.700+0000] {processor.py:830} INFO - Processing file /home/airflow/.local/lib/python3.12/site-packages/airflow/example_dags/example_branch_day_of_week_operator.py for tasks to queue
[2026-05-19T17:37:16.703+0000] {logging_mixin.py:188} INFO - [2026-05-19T17:37:16.703+0000] {dagbag.py:545} INFO - Filling up the DagBag from /home/airflow/.local/lib/python3.12/site-packages/airflow/example_dags/example_branch_day_of_week_operator.py
[2026-05-19T17:37:16.715+0000] {processor.py:840} INFO - DAG(s) 'example_weekday_branch_operator' retrieved from /home/airflow/.local/lib/python3.12/site-packages/airflow/example_dags/example_branch_day_of_week_operator.py
[2026-05-19T17:37:16.737+0000] {logging_mixin.py:188} INFO - [2026-05-19T17:37:16.737+0000] {dag.py:3096} INFO - Sync 1 DAGs
[2026-05-19T17:37:16.758+0000] {logging_mixin.py:188} INFO - [2026-05-19T17:37:16.758+0000] {dag.py:3954} INFO - Setting next_dagrun for example_weekday_branch_operator to 2026-05-18 00:00:00+00:00, run_after=2026-05-19 00:00:00+00:00
[2026-05-19T17:37:16.777+0000] {processor.py:183} INFO - Processing /home/airflow/.local/lib/python3.12/site-packages/airflow/example_dags/example_branch_day_of_week_operator.py took 0.085 seconds
[2026-05-19T17:37:48.110+0000] {processor.py:161} INFO - Started process (PID=6272) to work on /home/airflow/.local/lib/python3.12/site-packages/airflow/example_dags/example_branch_day_of_week_operator.py
[2026-05-19T17:37:48.111+0000] {processor.py:830} INFO - Processing file /home/airflow/.local/lib/python3.12/site-packages/airflow/example_dags/example_branch_day_of_week_operator.py for tasks to queue
[2026-05-19T17:37:48.113+0000] {logging_mixin.py:188} INFO - [2026-05-19T17:37:48.113+0000] {dagbag.py:545} INFO - Filling up the DagBag from /home/airflow/.local/lib/python3.12/site-packages/airflow/example_dags/example_branch_day_of_week_operator.py
[2026-05-19T17:37:48.121+0000] {processor.py:840} INFO - DAG(s) 'example_weekday_branch_operator' retrieved from /home/airflow/.local/lib/python3.12/site-packages/airflow/example_dags/example_branch_day_of_week_operator.py
[2026-05-19T17:37:48.143+0000] {logging_mixin.py:188} INFO - [2026-05-19T17:37:48.143+0000] {dag.py:3096} INFO - Sync 1 DAGs
[2026-05-19T17:37:48.172+0000] {logging_mixin.py:188} INFO - [2026-05-19T17:37:48.172+0000] {dag.py:3954} INFO - Setting next_dagrun for example_weekday_branch_operator to 2026-05-18 00:00:00+00:00, run_after=2026-05-19 00:00:00+00:00
[2026-05-19T17:37:48.197+0000] {processor.py:183} INFO - Processing /home/airflow/.local/lib/python3.12/site-packages/airflow/example_dags/example_branch_day_of_week_operator.py took 0.095 seconds
[2026-05-19T17:38:18.494+0000] {processor.py:161} INFO - Started process (PID=6331) to work on /home/airflow/.local/lib/python3.12/site-packages/airflow/example_dags/example_branch_day_of_week_operator.py
[2026-05-19T17:38:18.495+0000] {processor.py:830} INFO - Processing file /home/airflow/.local/lib/python3.12/site-packages/airflow/example_dags/example_branch_day_of_week_operator.py for tasks to queue
[2026-05-19T17:38:18.498+0000] {logging_mixin.py:188} INFO - [2026-05-19T17:38:18.497+0000] {dagbag.py:545} INFO - Filling up the DagBag from /home/airflow/.local/lib/python3.12/site-packages/airflow/example_dags/example_branch_day_of_week_operator.py
[2026-05-19T17:38:18.507+0000] {processor.py:840} INFO - DAG(s) 'example_weekday_branch_operator' retrieved from /home/airflow/.local/lib/python3.12/site-packages/airflow/example_dags/example_branch_day_of_week_operator.py
[2026-05-19T17:38:18.528+0000] {logging_mixin.py:188} INFO - [2026-05-19T17:38:18.528+0000] {dag.py:3096} INFO - Sync 1 DAGs
[2026-05-19T17:38:18.549+0000] {logging_mixin.py:188} INFO - [2026-05-19T17:38:18.548+0000] {dag.py:3954} INFO - Setting next_dagrun for example_weekday_branch_operator to 2026-05-18 00:00:00+00:00, run_after=2026-05-19 00:00:00+00:00
[2026-05-19T17:38:18.569+0000] {processor.py:183} INFO - Processing /home/airflow/.local/lib/python3.12/site-packages/airflow/example_dags/example_branch_day_of_week_operator.py took 0.081 seconds
[2026-05-19T17:38:49.722+0000] {processor.py:161} INFO - Started process (PID=6390) to work on /home/airflow/.local/lib/python3.12/site-packages/airflow/example_dags/example_branch_day_of_week_operator.py
[2026-05-19T17:38:49.723+0000] {processor.py:830} INFO - Processing file /home/airflow/.local/lib/python3.12/site-packages/airflow/example_dags/example_branch_day_of_week_operator.py for tasks to queue
[2026-05-19T17:38:49.725+0000] {logging_mixin.py:188} INFO - [2026-05-19T17:38:49.725+0000] {dagbag.py:545} INFO - Filling up the DagBag from /home/airflow/.local/lib/python3.12/site-packages/airflow/example_dags/example_branch_day_of_week_operator.py
[2026-05-19T17:38:49.732+0000] {processor.py:840} INFO - DAG(s) 'example_weekday_branch_operator' retrieved from /home/airflow/.local/lib/python3.12/site-packages/airflow/example_dags/example_branch_day_of_week_operator.py
[2026-05-19T17:38:49.752+0000] {logging_mixin.py:188} INFO - [2026-05-19T17:38:49.751+0000] {dag.py:3096} INFO - Sync 1 DAGs
[2026-05-19T17:38:49.773+0000] {logging_mixin.py:188} INFO - [2026-05-19T17:38:49.772+0000] {dag.py:3954} INFO - Setting next_dagrun for example_weekday_branch_operator to 2026-05-18 00:00:00+00:00, run_after=2026-05-19 00:00:00+00:00
[2026-05-19T17:38:49.799+0000] {processor.py:183} INFO - Processing /home/airflow/.local/lib/python3.12/site-packages/airflow/example_dags/example_branch_day_of_week_operator.py took 0.082 seconds
[2026-05-19T17:39:20.054+0000] {processor.py:161} INFO - Started process (PID=6449) to work on /home/airflow/.local/lib/python3.12/site-packages/airflow/example_dags/example_branch_day_of_week_operator.py
[2026-05-19T17:39:20.055+0000] {processor.py:830} INFO - Processing file /home/airflow/.local/lib/python3.12/site-packages/airflow/example_dags/example_branch_day_of_week_operator.py for tasks to queue
[2026-05-19T17:39:20.056+0000] {logging_mixin.py:188} INFO - [2026-05-19T17:39:20.056+0000] {dagbag.py:545} INFO - Filling up the DagBag from /home/airflow/.local/lib/python3.12/site-packages/airflow/example_dags/example_branch_day_of_week_operator.py
[2026-05-19T17:39:20.063+0000] {processor.py:840} INFO - DAG(s) 'example_weekday_branch_operator' retrieved from /home/airflow/.local/lib/python3.12/site-packages/airflow/example_dags/example_branch_day_of_week_operator.py
[2026-05-19T17:39:20.081+0000] {logging_mixin.py:188} INFO - [2026-05-19T17:39:20.081+0000] {dag.py:3096} INFO - Sync 1 DAGs
[2026-05-19T17:39:20.099+0000] {logging_mixin.py:188} INFO - [2026-05-19T17:39:20.099+0000] {dag.py:3954} INFO - Setting next_dagrun for example_weekday_branch_operator to 2026-05-18 00:00:00+00:00, run_after=2026-05-19 00:00:00+00:00
[2026-05-19T17:39:20.115+0000] {processor.py:183} INFO - Processing /home/airflow/.local/lib/python3.12/site-packages/airflow/example_dags/example_branch_day_of_week_operator.py took 0.066 seconds
[2026-05-19T17:39:50.352+0000] {processor.py:161} INFO - Started process (PID=6508) to work on /home/airflow/.local/lib/python3.12/site-packages/airflow/example_dags/example_branch_day_of_week_operator.py
[2026-05-19T17:39:50.353+0000] {processor.py:830} INFO - Processing file /home/airflow/.local/lib/python3.12/site-packages/airflow/example_dags/example_branch_day_of_week_operator.py for tasks to queue
[2026-05-19T17:39:50.355+0000] {logging_mixin.py:188} INFO - [2026-05-19T17:39:50.355+0000] {dagbag.py:545} INFO - Filling up the DagBag from /home/airflow/.local/lib/python3.12/site-packages/airflow/example_dags/example_branch_day_of_week_operator.py
[2026-05-19T17:39:50.362+0000] {processor.py:840} INFO - DAG(s) 'example_weekday_branch_operator' retrieved from /home/airflow/.local/lib/python3.12/site-packages/airflow/example_dags/example_branch_day_of_week_operator.py
[2026-05-19T17:39:50.380+0000] {logging_mixin.py:188} INFO - [2026-05-19T17:39:50.380+0000] {dag.py:3096} INFO - Sync 1 DAGs
[2026-05-19T17:39:50.401+0000] {logging_mixin.py:188} INFO - [2026-05-19T17:39:50.400+0000] {dag.py:3954} INFO - Setting next_dagrun for example_weekday_branch_operator to 2026-05-18 00:00:00+00:00, run_after=2026-05-19 00:00:00+00:00
[2026-05-19T17:39:50.417+0000] {processor.py:183} INFO - Processing /home/airflow/.local/lib/python3.12/site-packages/airflow/example_dags/example_branch_day_of_week_operator.py took 0.070 seconds
[2026-05-19T17:40:20.543+0000] {processor.py:161} INFO - Started process (PID=6567) to work on /home/airflow/.local/lib/python3.12/site-packages/airflow/example_dags/example_branch_day_of_week_operator.py
[2026-05-19T17:40:20.544+0000] {processor.py:830} INFO - Processing file /home/airflow/.local/lib/python3.12/site-packages/airflow/example_dags/example_branch_day_of_week_operator.py for tasks to queue
[2026-05-19T17:40:20.545+0000] {logging_mixin.py:188} INFO - [2026-05-19T17:40:20.545+0000] {dagbag.py:545} INFO - Filling up the DagBag from /home/airflow/.local/lib/python3.12/site-packages/airflow/example_dags/example_branch_day_of_week_operator.py
[2026-05-19T17:40:20.552+0000] {processor.py:840} INFO - DAG(s) 'example_weekday_branch_operator' retrieved from /home/airflow/.local/lib/python3.12/site-packages/airflow/example_dags/example_branch_day_of_week_operator.py
[2026-05-19T17:40:20.572+0000] {logging_mixin.py:188} INFO - [2026-05-19T17:40:20.571+0000] {dag.py:3096} INFO - Sync 1 DAGs
[2026-05-19T17:40:20.595+0000] {logging_mixin.py:188} INFO - [2026-05-19T17:40:20.595+0000] {dag.py:3954} INFO - Setting next_dagrun for example_weekday_branch_operator to 2026-05-18 00:00:00+00:00, run_after=2026-05-19 00:00:00+00:00
[2026-05-19T17:40:20.615+0000] {processor.py:183} INFO - Processing /home/airflow/.local/lib/python3.12/site-packages/airflow/example_dags/example_branch_day_of_week_operator.py took 0.078 seconds
[2026-05-19T17:40:50.938+0000] {processor.py:161} INFO - Started process (PID=6626) to work on /home/airflow/.local/lib/python3.12/site-packages/airflow/example_dags/example_branch_day_of_week_operator.py
[2026-05-19T17:40:50.939+0000] {processor.py:830} INFO - Processing file /home/airflow/.local/lib/python3.12/site-packages/airflow/example_dags/example_branch_day_of_week_operator.py for tasks to queue
[2026-05-19T17:40:50.941+0000] {logging_mixin.py:188} INFO - [2026-05-19T17:40:50.940+0000] {dagbag.py:545} INFO - Filling up the DagBag from /home/airflow/.local/lib/python3.12/site-packages/airflow/example_dags/example_branch_day_of_week_operator.py
[2026-05-19T17:40:50.948+0000] {processor.py:840} INFO - DAG(s) 'example_weekday_branch_operator' retrieved from /home/airflow/.local/lib/python3.12/site-packages/airflow/example_dags/example_branch_day_of_week_operator.py
[2026-05-19T17:40:50.975+0000] {logging_mixin.py:188} INFO - [2026-05-19T17:40:50.975+0000] {dag.py:3096} INFO - Sync 1 DAGs
[2026-05-19T17:40:51.004+0000] {logging_mixin.py:188} INFO - [2026-05-19T17:40:51.004+0000] {dag.py:3954} INFO - Setting next_dagrun for example_weekday_branch_operator to 2026-05-18 00:00:00+00:00, run_after=2026-05-19 00:00:00+00:00
[2026-05-19T17:40:51.028+0000] {processor.py:183} INFO - Processing /home/airflow/.local/lib/python3.12/site-packages/airflow/example_dags/example_branch_day_of_week_operator.py took 0.097 seconds
[2026-05-19T17:41:21.236+0000] {processor.py:161} INFO - Started process (PID=6685) to work on /home/airflow/.local/lib/python3.12/site-packages/airflow/example_dags/example_branch_day_of_week_operator.py
[2026-05-19T17:41:21.237+0000] {processor.py:830} INFO - Processing file /home/airflow/.local/lib/python3.12/site-packages/airflow/example_dags/example_branch_day_of_week_operator.py for tasks to queue
[2026-05-19T17:41:21.239+0000] {logging_mixin.py:188} INFO - [2026-05-19T17:41:21.238+0000] {dagbag.py:545} INFO - Filling up the DagBag from /home/airflow/.local/lib/python3.12/site-packages/airflow/example_dags/example_branch_day_of_week_operator.py
[2026-05-19T17:41:21.245+0000] {processor.py:840} INFO - DAG(s) 'example_weekday_branch_operator' retrieved from /home/airflow/.local/lib/python3.12/site-packages/airflow/example_dags/example_branch_day_of_week_operator.py
[2026-05-19T17:41:21.262+0000] {logging_mixin.py:188} INFO - [2026-05-19T17:41:21.262+0000] {dag.py:3096} INFO - Sync 1 DAGs
[2026-05-19T17:41:21.280+0000] {logging_mixin.py:188} INFO - [2026-05-19T17:41:21.280+0000] {dag.py:3954} INFO - Setting next_dagrun for example_weekday_branch_operator to 2026-05-18 00:00:00+00:00, run_after=2026-05-19 00:00:00+00:00
[2026-05-19T17:41:21.298+0000] {processor.py:183} INFO - Processing /home/airflow/.local/lib/python3.12/site-packages/airflow/example_dags/example_branch_day_of_week_operator.py took 0.066 seconds
[2026-05-19T17:41:52.137+0000] {processor.py:161} INFO - Started process (PID=6744) to work on /home/airflow/.local/lib/python3.12/site-packages/airflow/example_dags/example_branch_day_of_week_operator.py
[2026-05-19T17:41:52.137+0000] {processor.py:830} INFO - Processing file /home/airflow/.local/lib/python3.12/site-packages/airflow/example_dags/example_branch_day_of_week_operator.py for tasks to queue
[2026-05-19T17:41:52.139+0000] {logging_mixin.py:188} INFO - [2026-05-19T17:41:52.139+0000] {dagbag.py:545} INFO - Filling up the DagBag from /home/airflow/.local/lib/python3.12/site-packages/airflow/example_dags/example_branch_day_of_week_operator.py
[2026-05-19T17:41:52.145+0000] {processor.py:840} INFO - DAG(s) 'example_weekday_branch_operator' retrieved from /home/airflow/.local/lib/python3.12/site-packages/airflow/example_dags/example_branch_day_of_week_operator.py
[2026-05-19T17:41:52.162+0000] {logging_mixin.py:188} INFO - [2026-05-19T17:41:52.162+0000] {dag.py:3096} INFO - Sync 1 DAGs
[2026-05-19T17:41:52.181+0000] {logging_mixin.py:188} INFO - [2026-05-19T17:41:52.181+0000] {dag.py:3954} INFO - Setting next_dagrun for example_weekday_branch_operator to 2026-05-18 00:00:00+00:00, run_after=2026-05-19 00:00:00+00:00
[2026-05-19T17:41:52.198+0000] {processor.py:183} INFO - Processing /home/airflow/.local/lib/python3.12/site-packages/airflow/example_dags/example_branch_day_of_week_operator.py took 0.066 seconds
[2026-05-19T17:42:22.400+0000] {processor.py:161} INFO - Started process (PID=6803) to work on /home/airflow/.local/lib/python3.12/site-packages/airflow/example_dags/example_branch_day_of_week_operator.py
[2026-05-19T17:42:22.401+0000] {processor.py:830} INFO - Processing file /home/airflow/.local/lib/python3.12/site-packages/airflow/example_dags/example_branch_day_of_week_operator.py for tasks to queue
[2026-05-19T17:42:22.404+0000] {logging_mixin.py:188} INFO - [2026-05-19T17:42:22.404+0000] {dagbag.py:545} INFO - Filling up the DagBag from /home/airflow/.local/lib/python3.12/site-packages/airflow/example_dags/example_branch_day_of_week_operator.py
[2026-05-19T17:42:22.410+0000] {processor.py:840} INFO - DAG(s) 'example_weekday_branch_operator' retrieved from /home/airflow/.local/lib/python3.12/site-packages/airflow/example_dags/example_branch_day_of_week_operator.py
[2026-05-19T17:42:22.426+0000] {logging_mixin.py:188} INFO - [2026-05-19T17:42:22.426+0000] {dag.py:3096} INFO - Sync 1 DAGs
[2026-05-19T17:42:22.442+0000] {logging_mixin.py:188} INFO - [2026-05-19T17:42:22.442+0000] {dag.py:3954} INFO - Setting next_dagrun for example_weekday_branch_operator to 2026-05-18 00:00:00+00:00, run_after=2026-05-19 00:00:00+00:00
[2026-05-19T17:42:22.457+0000] {processor.py:183} INFO - Processing /home/airflow/.local/lib/python3.12/site-packages/airflow/example_dags/example_branch_day_of_week_operator.py took 0.061 seconds
[2026-05-19T17:42:52.763+0000] {processor.py:161} INFO - Started process (PID=6862) to work on /home/airflow/.local/lib/python3.12/site-packages/airflow/example_dags/example_branch_day_of_week_operator.py
[2026-05-19T17:42:52.764+0000] {processor.py:830} INFO - Processing file /home/airflow/.local/lib/python3.12/site-packages/airflow/example_dags/example_branch_day_of_week_operator.py for tasks to queue
[2026-05-19T17:42:52.768+0000] {logging_mixin.py:188} INFO - [2026-05-19T17:42:52.767+0000] {dagbag.py:545} INFO - Filling up the DagBag from /home/airflow/.local/lib/python3.12/site-packages/airflow/example_dags/example_branch_day_of_week_operator.py
[2026-05-19T17:42:52.775+0000] {processor.py:840} INFO - DAG(s) 'example_weekday_branch_operator' retrieved from /home/airflow/.local/lib/python3.12/site-packages/airflow/example_dags/example_branch_day_of_week_operator.py
[2026-05-19T17:42:52.797+0000] {logging_mixin.py:188} INFO - [2026-05-19T17:42:52.797+0000] {dag.py:3096} INFO - Sync 1 DAGs
[2026-05-19T17:42:52.818+0000] {logging_mixin.py:188} INFO - [2026-05-19T17:42:52.818+0000] {dag.py:3954} INFO - Setting next_dagrun for example_weekday_branch_operator to 2026-05-18 00:00:00+00:00, run_after=2026-05-19 00:00:00+00:00
[2026-05-19T17:42:52.838+0000] {processor.py:183} INFO - Processing /home/airflow/.local/lib/python3.12/site-packages/airflow/example_dags/example_branch_day_of_week_operator.py took 0.082 seconds
[2026-05-19T17:43:23.657+0000] {processor.py:161} INFO - Started process (PID=6921) to work on /home/airflow/.local/lib/python3.12/site-packages/airflow/example_dags/example_branch_day_of_week_operator.py
[2026-05-19T17:43:23.658+0000] {processor.py:830} INFO - Processing file /home/airflow/.local/lib/python3.12/site-packages/airflow/example_dags/example_branch_day_of_week_operator.py for tasks to queue
[2026-05-19T17:43:23.660+0000] {logging_mixin.py:188} INFO - [2026-05-19T17:43:23.660+0000] {dagbag.py:545} INFO - Filling up the DagBag from /home/airflow/.local/lib/python3.12/site-packages/airflow/example_dags/example_branch_day_of_week_operator.py
[2026-05-19T17:43:23.669+0000] {processor.py:840} INFO - DAG(s) 'example_weekday_branch_operator' retrieved from /home/airflow/.local/lib/python3.12/site-packages/airflow/example_dags/example_branch_day_of_week_operator.py
[2026-05-19T17:43:23.691+0000] {logging_mixin.py:188} INFO - [2026-05-19T17:43:23.691+0000] {dag.py:3096} INFO - Sync 1 DAGs
[2026-05-19T17:43:23.721+0000] {logging_mixin.py:188} INFO - [2026-05-19T17:43:23.721+0000] {dag.py:3954} INFO - Setting next_dagrun for example_weekday_branch_operator to 2026-05-18 00:00:00+00:00, run_after=2026-05-19 00:00:00+00:00
[2026-05-19T17:43:23.742+0000] {processor.py:183} INFO - Processing /home/airflow/.local/lib/python3.12/site-packages/airflow/example_dags/example_branch_day_of_week_operator.py took 0.090 seconds
[2026-05-19T17:43:53.809+0000] {processor.py:161} INFO - Started process (PID=6980) to work on /home/airflow/.local/lib/python3.12/site-packages/airflow/example_dags/example_branch_day_of_week_operator.py
[2026-05-19T17:43:53.811+0000] {processor.py:830} INFO - Processing file /home/airflow/.local/lib/python3.12/site-packages/airflow/example_dags/example_branch_day_of_week_operator.py for tasks to queue
[2026-05-19T17:43:53.814+0000] {logging_mixin.py:188} INFO - [2026-05-19T17:43:53.814+0000] {dagbag.py:545} INFO - Filling up the DagBag from /home/airflow/.local/lib/python3.12/site-packages/airflow/example_dags/example_branch_day_of_week_operator.py
[2026-05-19T17:43:53.823+0000] {processor.py:840} INFO - DAG(s) 'example_weekday_branch_operator' retrieved from /home/airflow/.local/lib/python3.12/site-packages/airflow/example_dags/example_branch_day_of_week_operator.py
[2026-05-19T17:43:53.846+0000] {logging_mixin.py:188} INFO - [2026-05-19T17:43:53.845+0000] {dag.py:3096} INFO - Sync 1 DAGs
[2026-05-19T17:43:53.870+0000] {logging_mixin.py:188} INFO - [2026-05-19T17:43:53.870+0000] {dag.py:3954} INFO - Setting next_dagrun for example_weekday_branch_operator to 2026-05-18 00:00:00+00:00, run_after=2026-05-19 00:00:00+00:00
[2026-05-19T17:43:53.894+0000] {processor.py:183} INFO - Processing /home/airflow/.local/lib/python3.12/site-packages/airflow/example_dags/example_branch_day_of_week_operator.py took 0.091 seconds
[2026-05-19T17:44:24.617+0000] {processor.py:161} INFO - Started process (PID=7039) to work on /home/airflow/.local/lib/python3.12/site-packages/airflow/example_dags/example_branch_day_of_week_operator.py
[2026-05-19T17:44:24.619+0000] {processor.py:830} INFO - Processing file /home/airflow/.local/lib/python3.12/site-packages/airflow/example_dags/example_branch_day_of_week_operator.py for tasks to queue
[2026-05-19T17:44:24.621+0000] {logging_mixin.py:188} INFO - [2026-05-19T17:44:24.621+0000] {dagbag.py:545} INFO - Filling up the DagBag from /home/airflow/.local/lib/python3.12/site-packages/airflow/example_dags/example_branch_day_of_week_operator.py
[2026-05-19T17:44:24.629+0000] {processor.py:840} INFO - DAG(s) 'example_weekday_branch_operator' retrieved from /home/airflow/.local/lib/python3.12/site-packages/airflow/example_dags/example_branch_day_of_week_operator.py
[2026-05-19T17:44:24.662+0000] {logging_mixin.py:188} INFO - [2026-05-19T17:44:24.661+0000] {dag.py:3096} INFO - Sync 1 DAGs
[2026-05-19T17:44:24.697+0000] {logging_mixin.py:188} INFO - [2026-05-19T17:44:24.696+0000] {dag.py:3954} INFO - Setting next_dagrun for example_weekday_branch_operator to 2026-05-18 00:00:00+00:00, run_after=2026-05-19 00:00:00+00:00
[2026-05-19T17:44:24.725+0000] {processor.py:183} INFO - Processing /home/airflow/.local/lib/python3.12/site-packages/airflow/example_dags/example_branch_day_of_week_operator.py took 0.115 seconds
[2026-05-19T17:44:54.993+0000] {processor.py:161} INFO - Started process (PID=7098) to work on /home/airflow/.local/lib/python3.12/site-packages/airflow/example_dags/example_branch_day_of_week_operator.py
[2026-05-19T17:44:54.994+0000] {processor.py:830} INFO - Processing file /home/airflow/.local/lib/python3.12/site-packages/airflow/example_dags/example_branch_day_of_week_operator.py for tasks to queue
[2026-05-19T17:44:54.995+0000] {logging_mixin.py:188} INFO - [2026-05-19T17:44:54.995+0000] {dagbag.py:545} INFO - Filling up the DagBag from /home/airflow/.local/lib/python3.12/site-packages/airflow/example_dags/example_branch_day_of_week_operator.py
[2026-05-19T17:44:55.001+0000] {processor.py:840} INFO - DAG(s) 'example_weekday_branch_operator' retrieved from /home/airflow/.local/lib/python3.12/site-packages/airflow/example_dags/example_branch_day_of_week_operator.py
[2026-05-19T17:44:55.017+0000] {logging_mixin.py:188} INFO - [2026-05-19T17:44:55.017+0000] {dag.py:3096} INFO - Sync 1 DAGs
[2026-05-19T17:44:55.033+0000] {logging_mixin.py:188} INFO - [2026-05-19T17:44:55.033+0000] {dag.py:3954} INFO - Setting next_dagrun for example_weekday_branch_operator to 2026-05-18 00:00:00+00:00, run_after=2026-05-19 00:00:00+00:00
[2026-05-19T17:44:55.049+0000] {processor.py:183} INFO - Processing /home/airflow/.local/lib/python3.12/site-packages/airflow/example_dags/example_branch_day_of_week_operator.py took 0.060 seconds
[2026-05-19T17:45:25.370+0000] {processor.py:161} INFO - Started process (PID=7157) to work on /home/airflow/.local/lib/python3.12/site-packages/airflow/example_dags/example_branch_day_of_week_operator.py
[2026-05-19T17:45:25.371+0000] {processor.py:830} INFO - Processing file /home/airflow/.local/lib/python3.12/site-packages/airflow/example_dags/example_branch_day_of_week_operator.py for tasks to queue
[2026-05-19T17:45:25.373+0000] {logging_mixin.py:188} INFO - [2026-05-19T17:45:25.373+0000] {dagbag.py:545} INFO - Filling up the DagBag from /home/airflow/.local/lib/python3.12/site-packages/airflow/example_dags/example_branch_day_of_week_operator.py
[2026-05-19T17:45:25.385+0000] {processor.py:840} INFO - DAG(s) 'example_weekday_branch_operator' retrieved from /home/airflow/.local/lib/python3.12/site-packages/airflow/example_dags/example_branch_day_of_week_operator.py
[2026-05-19T17:45:25.422+0000] {logging_mixin.py:188} INFO - [2026-05-19T17:45:25.421+0000] {dag.py:3096} INFO - Sync 1 DAGs
[2026-05-19T17:45:25.453+0000] {logging_mixin.py:188} INFO - [2026-05-19T17:45:25.453+0000] {dag.py:3954} INFO - Setting next_dagrun for example_weekday_branch_operator to 2026-05-18 00:00:00+00:00, run_after=2026-05-19 00:00:00+00:00
[2026-05-19T17:45:25.498+0000] {processor.py:183} INFO - Processing /home/airflow/.local/lib/python3.12/site-packages/airflow/example_dags/example_branch_day_of_week_operator.py took 0.137 seconds
[2026-05-19T17:45:55.675+0000] {processor.py:161} INFO - Started process (PID=7216) to work on /home/airflow/.local/lib/python3.12/site-packages/airflow/example_dags/example_branch_day_of_week_operator.py
[2026-05-19T17:45:55.676+0000] {processor.py:830} INFO - Processing file /home/airflow/.local/lib/python3.12/site-packages/airflow/example_dags/example_branch_day_of_week_operator.py for tasks to queue
[2026-05-19T17:45:55.678+0000] {logging_mixin.py:188} INFO - [2026-05-19T17:45:55.678+0000] {dagbag.py:545} INFO - Filling up the DagBag from /home/airflow/.local/lib/python3.12/site-packages/airflow/example_dags/example_branch_day_of_week_operator.py
[2026-05-19T17:45:55.687+0000] {processor.py:840} INFO - DAG(s) 'example_weekday_branch_operator' retrieved from /home/airflow/.local/lib/python3.12/site-packages/airflow/example_dags/example_branch_day_of_week_operator.py
[2026-05-19T17:45:55.708+0000] {logging_mixin.py:188} INFO - [2026-05-19T17:45:55.708+0000] {dag.py:3096} INFO - Sync 1 DAGs
[2026-05-19T17:45:55.739+0000] {logging_mixin.py:188} INFO - [2026-05-19T17:45:55.739+0000] {dag.py:3954} INFO - Setting next_dagrun for example_weekday_branch_operator to 2026-05-18 00:00:00+00:00, run_after=2026-05-19 00:00:00+00:00
[2026-05-19T17:45:55.759+0000] {processor.py:183} INFO - Processing /home/airflow/.local/lib/python3.12/site-packages/airflow/example_dags/example_branch_day_of_week_operator.py took 0.089 seconds
[2026-05-19T17:47:23.650+0000] {processor.py:161} INFO - Started process (PID=114) to work on /home/airflow/.local/lib/python3.12/site-packages/airflow/example_dags/example_branch_day_of_week_operator.py
[2026-05-19T17:47:23.653+0000] {processor.py:830} INFO - Processing file /home/airflow/.local/lib/python3.12/site-packages/airflow/example_dags/example_branch_day_of_week_operator.py for tasks to queue
[2026-05-19T17:47:23.656+0000] {logging_mixin.py:188} INFO - [2026-05-19T17:47:23.655+0000] {dagbag.py:545} INFO - Filling up the DagBag from /home/airflow/.local/lib/python3.12/site-packages/airflow/example_dags/example_branch_day_of_week_operator.py
[2026-05-19T17:47:23.667+0000] {processor.py:840} INFO - DAG(s) 'example_weekday_branch_operator' retrieved from /home/airflow/.local/lib/python3.12/site-packages/airflow/example_dags/example_branch_day_of_week_operator.py
[2026-05-19T17:47:23.821+0000] {logging_mixin.py:188} INFO - [2026-05-19T17:47:23.820+0000] {dag.py:3096} INFO - Sync 1 DAGs
[2026-05-19T17:47:23.854+0000] {logging_mixin.py:188} INFO - [2026-05-19T17:47:23.853+0000] {dag.py:3954} INFO - Setting next_dagrun for example_weekday_branch_operator to 2026-05-18 00:00:00+00:00, run_after=2026-05-19 00:00:00+00:00
[2026-05-19T17:47:23.888+0000] {processor.py:183} INFO - Processing /home/airflow/.local/lib/python3.12/site-packages/airflow/example_dags/example_branch_day_of_week_operator.py took 0.249 seconds
[2026-05-19T17:47:54.125+0000] {processor.py:161} INFO - Started process (PID=172) to work on /home/airflow/.local/lib/python3.12/site-packages/airflow/example_dags/example_branch_day_of_week_operator.py
[2026-05-19T17:47:54.126+0000] {processor.py:830} INFO - Processing file /home/airflow/.local/lib/python3.12/site-packages/airflow/example_dags/example_branch_day_of_week_operator.py for tasks to queue
[2026-05-19T17:47:54.128+0000] {logging_mixin.py:188} INFO - [2026-05-19T17:47:54.128+0000] {dagbag.py:545} INFO - Filling up the DagBag from /home/airflow/.local/lib/python3.12/site-packages/airflow/example_dags/example_branch_day_of_week_operator.py
[2026-05-19T17:47:54.135+0000] {processor.py:840} INFO - DAG(s) 'example_weekday_branch_operator' retrieved from /home/airflow/.local/lib/python3.12/site-packages/airflow/example_dags/example_branch_day_of_week_operator.py
[2026-05-19T17:47:54.154+0000] {logging_mixin.py:188} INFO - [2026-05-19T17:47:54.153+0000] {dag.py:3096} INFO - Sync 1 DAGs
[2026-05-19T17:47:54.172+0000] {logging_mixin.py:188} INFO - [2026-05-19T17:47:54.172+0000] {dag.py:3954} INFO - Setting next_dagrun for example_weekday_branch_operator to 2026-05-18 00:00:00+00:00, run_after=2026-05-19 00:00:00+00:00
[2026-05-19T17:47:54.186+0000] {processor.py:183} INFO - Processing /home/airflow/.local/lib/python3.12/site-packages/airflow/example_dags/example_branch_day_of_week_operator.py took 0.066 seconds
[2026-05-19T17:48:24.407+0000] {processor.py:161} INFO - Started process (PID=230) to work on /home/airflow/.local/lib/python3.12/site-packages/airflow/example_dags/example_branch_day_of_week_operator.py
[2026-05-19T17:48:24.408+0000] {processor.py:830} INFO - Processing file /home/airflow/.local/lib/python3.12/site-packages/airflow/example_dags/example_branch_day_of_week_operator.py for tasks to queue
[2026-05-19T17:48:24.410+0000] {logging_mixin.py:188} INFO - [2026-05-19T17:48:24.410+0000] {dagbag.py:545} INFO - Filling up the DagBag from /home/airflow/.local/lib/python3.12/site-packages/airflow/example_dags/example_branch_day_of_week_operator.py
[2026-05-19T17:48:24.419+0000] {processor.py:840} INFO - DAG(s) 'example_weekday_branch_operator' retrieved from /home/airflow/.local/lib/python3.12/site-packages/airflow/example_dags/example_branch_day_of_week_operator.py
[2026-05-19T17:48:24.451+0000] {logging_mixin.py:188} INFO - [2026-05-19T17:48:24.451+0000] {dag.py:3096} INFO - Sync 1 DAGs
[2026-05-19T17:48:24.490+0000] {logging_mixin.py:188} INFO - [2026-05-19T17:48:24.490+0000] {dag.py:3954} INFO - Setting next_dagrun for example_weekday_branch_operator to 2026-05-18 00:00:00+00:00, run_after=2026-05-19 00:00:00+00:00
[2026-05-19T17:48:24.514+0000] {processor.py:183} INFO - Processing /home/airflow/.local/lib/python3.12/site-packages/airflow/example_dags/example_branch_day_of_week_operator.py took 0.114 seconds
[2026-05-19T17:48:54.872+0000] {processor.py:161} INFO - Started process (PID=289) to work on /home/airflow/.local/lib/python3.12/site-packages/airflow/example_dags/example_branch_day_of_week_operator.py
[2026-05-19T17:48:54.873+0000] {processor.py:830} INFO - Processing file /home/airflow/.local/lib/python3.12/site-packages/airflow/example_dags/example_branch_day_of_week_operator.py for tasks to queue
[2026-05-19T17:48:54.875+0000] {logging_mixin.py:188} INFO - [2026-05-19T17:48:54.875+0000] {dagbag.py:545} INFO - Filling up the DagBag from /home/airflow/.local/lib/python3.12/site-packages/airflow/example_dags/example_branch_day_of_week_operator.py
[2026-05-19T17:48:54.882+0000] {processor.py:840} INFO - DAG(s) 'example_weekday_branch_operator' retrieved from /home/airflow/.local/lib/python3.12/site-packages/airflow/example_dags/example_branch_day_of_week_operator.py
[2026-05-19T17:48:54.898+0000] {logging_mixin.py:188} INFO - [2026-05-19T17:48:54.897+0000] {dag.py:3096} INFO - Sync 1 DAGs
[2026-05-19T17:48:54.914+0000] {logging_mixin.py:188} INFO - [2026-05-19T17:48:54.914+0000] {dag.py:3954} INFO - Setting next_dagrun for example_weekday_branch_operator to 2026-05-18 00:00:00+00:00, run_after=2026-05-19 00:00:00+00:00
[2026-05-19T17:48:54.928+0000] {processor.py:183} INFO - Processing /home/airflow/.local/lib/python3.12/site-packages/airflow/example_dags/example_branch_day_of_week_operator.py took 0.062 seconds
[2026-05-19T17:49:25.348+0000] {processor.py:161} INFO - Started process (PID=347) to work on /home/airflow/.local/lib/python3.12/site-packages/airflow/example_dags/example_branch_day_of_week_operator.py
[2026-05-19T17:49:25.349+0000] {processor.py:830} INFO - Processing file /home/airflow/.local/lib/python3.12/site-packages/airflow/example_dags/example_branch_day_of_week_operator.py for tasks to queue
[2026-05-19T17:49:25.351+0000] {logging_mixin.py:188} INFO - [2026-05-19T17:49:25.351+0000] {dagbag.py:545} INFO - Filling up the DagBag from /home/airflow/.local/lib/python3.12/site-packages/airflow/example_dags/example_branch_day_of_week_operator.py
[2026-05-19T17:49:25.358+0000] {processor.py:840} INFO - DAG(s) 'example_weekday_branch_operator' retrieved from /home/airflow/.local/lib/python3.12/site-packages/airflow/example_dags/example_branch_day_of_week_operator.py
[2026-05-19T17:49:25.379+0000] {logging_mixin.py:188} INFO - [2026-05-19T17:49:25.379+0000] {dag.py:3096} INFO - Sync 1 DAGs
[2026-05-19T17:49:25.405+0000] {logging_mixin.py:188} INFO - [2026-05-19T17:49:25.405+0000] {dag.py:3954} INFO - Setting next_dagrun for example_weekday_branch_operator to 2026-05-18 00:00:00+00:00, run_after=2026-05-19 00:00:00+00:00
[2026-05-19T17:49:25.420+0000] {processor.py:183} INFO - Processing /home/airflow/.local/lib/python3.12/site-packages/airflow/example_dags/example_branch_day_of_week_operator.py took 0.078 seconds
[2026-05-19T17:49:56.451+0000] {processor.py:161} INFO - Started process (PID=405) to work on /home/airflow/.local/lib/python3.12/site-packages/airflow/example_dags/example_branch_day_of_week_operator.py
[2026-05-19T17:49:56.452+0000] {processor.py:830} INFO - Processing file /home/airflow/.local/lib/python3.12/site-packages/airflow/example_dags/example_branch_day_of_week_operator.py for tasks to queue
[2026-05-19T17:49:56.455+0000] {logging_mixin.py:188} INFO - [2026-05-19T17:49:56.454+0000] {dagbag.py:545} INFO - Filling up the DagBag from /home/airflow/.local/lib/python3.12/site-packages/airflow/example_dags/example_branch_day_of_week_operator.py
[2026-05-19T17:49:56.465+0000] {processor.py:840} INFO - DAG(s) 'example_weekday_branch_operator' retrieved from /home/airflow/.local/lib/python3.12/site-packages/airflow/example_dags/example_branch_day_of_week_operator.py
[2026-05-19T17:49:56.493+0000] {logging_mixin.py:188} INFO - [2026-05-19T17:49:56.493+0000] {dag.py:3096} INFO - Sync 1 DAGs
[2026-05-19T17:49:56.524+0000] {logging_mixin.py:188} INFO - [2026-05-19T17:49:56.524+0000] {dag.py:3954} INFO - Setting next_dagrun for example_weekday_branch_operator to 2026-05-18 00:00:00+00:00, run_after=2026-05-19 00:00:00+00:00
[2026-05-19T17:49:56.548+0000] {processor.py:183} INFO - Processing /home/airflow/.local/lib/python3.12/site-packages/airflow/example_dags/example_branch_day_of_week_operator.py took 0.105 seconds
[2026-05-19T17:50:26.787+0000] {processor.py:161} INFO - Started process (PID=464) to work on /home/airflow/.local/lib/python3.12/site-packages/airflow/example_dags/example_branch_day_of_week_operator.py
[2026-05-19T17:50:26.788+0000] {processor.py:830} INFO - Processing file /home/airflow/.local/lib/python3.12/site-packages/airflow/example_dags/example_branch_day_of_week_operator.py for tasks to queue
[2026-05-19T17:50:26.791+0000] {logging_mixin.py:188} INFO - [2026-05-19T17:50:26.790+0000] {dagbag.py:545} INFO - Filling up the DagBag from /home/airflow/.local/lib/python3.12/site-packages/airflow/example_dags/example_branch_day_of_week_operator.py
[2026-05-19T17:50:26.800+0000] {processor.py:840} INFO - DAG(s) 'example_weekday_branch_operator' retrieved from /home/airflow/.local/lib/python3.12/site-packages/airflow/example_dags/example_branch_day_of_week_operator.py
[2026-05-19T17:50:26.822+0000] {logging_mixin.py:188} INFO - [2026-05-19T17:50:26.822+0000] {dag.py:3096} INFO - Sync 1 DAGs
[2026-05-19T17:50:26.845+0000] {logging_mixin.py:188} INFO - [2026-05-19T17:50:26.844+0000] {dag.py:3954} INFO - Setting next_dagrun for example_weekday_branch_operator to 2026-05-18 00:00:00+00:00, run_after=2026-05-19 00:00:00+00:00
[2026-05-19T17:50:26.863+0000] {processor.py:183} INFO - Processing /home/airflow/.local/lib/python3.12/site-packages/airflow/example_dags/example_branch_day_of_week_operator.py took 0.082 seconds
[2026-05-19T17:50:57.148+0000] {processor.py:161} INFO - Started process (PID=522) to work on /home/airflow/.local/lib/python3.12/site-packages/airflow/example_dags/example_branch_day_of_week_operator.py
[2026-05-19T17:50:57.149+0000] {processor.py:830} INFO - Processing file /home/airflow/.local/lib/python3.12/site-packages/airflow/example_dags/example_branch_day_of_week_operator.py for tasks to queue
[2026-05-19T17:50:57.153+0000] {logging_mixin.py:188} INFO - [2026-05-19T17:50:57.152+0000] {dagbag.py:545} INFO - Filling up the DagBag from /home/airflow/.local/lib/python3.12/site-packages/airflow/example_dags/example_branch_day_of_week_operator.py
[2026-05-19T17:50:57.167+0000] {processor.py:840} INFO - DAG(s) 'example_weekday_branch_operator' retrieved from /home/airflow/.local/lib/python3.12/site-packages/airflow/example_dags/example_branch_day_of_week_operator.py
[2026-05-19T17:50:57.206+0000] {logging_mixin.py:188} INFO - [2026-05-19T17:50:57.205+0000] {dag.py:3096} INFO - Sync 1 DAGs
[2026-05-19T17:50:57.255+0000] {logging_mixin.py:188} INFO - [2026-05-19T17:50:57.255+0000] {dag.py:3954} INFO - Setting next_dagrun for example_weekday_branch_operator to 2026-05-18 00:00:00+00:00, run_after=2026-05-19 00:00:00+00:00
[2026-05-19T17:50:57.287+0000] {processor.py:183} INFO - Processing /home/airflow/.local/lib/python3.12/site-packages/airflow/example_dags/example_branch_day_of_week_operator.py took 0.148 seconds
[2026-05-19T17:51:27.749+0000] {processor.py:161} INFO - Started process (PID=580) to work on /home/airflow/.local/lib/python3.12/site-packages/airflow/example_dags/example_branch_day_of_week_operator.py
[2026-05-19T17:51:27.750+0000] {processor.py:830} INFO - Processing file /home/airflow/.local/lib/python3.12/site-packages/airflow/example_dags/example_branch_day_of_week_operator.py for tasks to queue
[2026-05-19T17:51:27.752+0000] {logging_mixin.py:188} INFO - [2026-05-19T17:51:27.752+0000] {dagbag.py:545} INFO - Filling up the DagBag from /home/airflow/.local/lib/python3.12/site-packages/airflow/example_dags/example_branch_day_of_week_operator.py
[2026-05-19T17:51:27.763+0000] {processor.py:840} INFO - DAG(s) 'example_weekday_branch_operator' retrieved from /home/airflow/.local/lib/python3.12/site-packages/airflow/example_dags/example_branch_day_of_week_operator.py
[2026-05-19T17:51:27.786+0000] {logging_mixin.py:188} INFO - [2026-05-19T17:51:27.785+0000] {dag.py:3096} INFO - Sync 1 DAGs
[2026-05-19T17:51:27.810+0000] {logging_mixin.py:188} INFO - [2026-05-19T17:51:27.810+0000] {dag.py:3954} INFO - Setting next_dagrun for example_weekday_branch_operator to 2026-05-18 00:00:00+00:00, run_after=2026-05-19 00:00:00+00:00
[2026-05-19T17:51:27.832+0000] {processor.py:183} INFO - Processing /home/airflow/.local/lib/python3.12/site-packages/airflow/example_dags/example_branch_day_of_week_operator.py took 0.089 seconds
[2026-05-19T17:51:58.646+0000] {processor.py:161} INFO - Started process (PID=638) to work on /home/airflow/.local/lib/python3.12/site-packages/airflow/example_dags/example_branch_day_of_week_operator.py
[2026-05-19T17:51:58.647+0000] {processor.py:830} INFO - Processing file /home/airflow/.local/lib/python3.12/site-packages/airflow/example_dags/example_branch_day_of_week_operator.py for tasks to queue
[2026-05-19T17:51:58.650+0000] {logging_mixin.py:188} INFO - [2026-05-19T17:51:58.650+0000] {dagbag.py:545} INFO - Filling up the DagBag from /home/airflow/.local/lib/python3.12/site-packages/airflow/example_dags/example_branch_day_of_week_operator.py
[2026-05-19T17:51:58.661+0000] {processor.py:840} INFO - DAG(s) 'example_weekday_branch_operator' retrieved from /home/airflow/.local/lib/python3.12/site-packages/airflow/example_dags/example_branch_day_of_week_operator.py
[2026-05-19T17:51:58.688+0000] {logging_mixin.py:188} INFO - [2026-05-19T17:51:58.688+0000] {dag.py:3096} INFO - Sync 1 DAGs
[2026-05-19T17:51:58.720+0000] {logging_mixin.py:188} INFO - [2026-05-19T17:51:58.720+0000] {dag.py:3954} INFO - Setting next_dagrun for example_weekday_branch_operator to 2026-05-18 00:00:00+00:00, run_after=2026-05-19 00:00:00+00:00
[2026-05-19T17:51:58.744+0000] {processor.py:183} INFO - Processing /home/airflow/.local/lib/python3.12/site-packages/airflow/example_dags/example_branch_day_of_week_operator.py took 0.106 seconds
[2026-05-19T17:52:29.196+0000] {processor.py:161} INFO - Started process (PID=696) to work on /home/airflow/.local/lib/python3.12/site-packages/airflow/example_dags/example_branch_day_of_week_operator.py
[2026-05-19T17:52:29.197+0000] {processor.py:830} INFO - Processing file /home/airflow/.local/lib/python3.12/site-packages/airflow/example_dags/example_branch_day_of_week_operator.py for tasks to queue
[2026-05-19T17:52:29.200+0000] {logging_mixin.py:188} INFO - [2026-05-19T17:52:29.199+0000] {dagbag.py:545} INFO - Filling up the DagBag from /home/airflow/.local/lib/python3.12/site-packages/airflow/example_dags/example_branch_day_of_week_operator.py
[2026-05-19T17:52:29.208+0000] {processor.py:840} INFO - DAG(s) 'example_weekday_branch_operator' retrieved from /home/airflow/.local/lib/python3.12/site-packages/airflow/example_dags/example_branch_day_of_week_operator.py
[2026-05-19T17:52:29.232+0000] {logging_mixin.py:188} INFO - [2026-05-19T17:52:29.232+0000] {dag.py:3096} INFO - Sync 1 DAGs
[2026-05-19T17:52:29.254+0000] {logging_mixin.py:188} INFO - [2026-05-19T17:52:29.254+0000] {dag.py:3954} INFO - Setting next_dagrun for example_weekday_branch_operator to 2026-05-18 00:00:00+00:00, run_after=2026-05-19 00:00:00+00:00
[2026-05-19T17:52:29.271+0000] {processor.py:183} INFO - Processing /home/airflow/.local/lib/python3.12/site-packages/airflow/example_dags/example_branch_day_of_week_operator.py took 0.082 seconds
[2026-05-19T17:53:00.060+0000] {processor.py:161} INFO - Started process (PID=754) to work on /home/airflow/.local/lib/python3.12/site-packages/airflow/example_dags/example_branch_day_of_week_operator.py
[2026-05-19T17:53:00.061+0000] {processor.py:830} INFO - Processing file /home/airflow/.local/lib/python3.12/site-packages/airflow/example_dags/example_branch_day_of_week_operator.py for tasks to queue
[2026-05-19T17:53:00.063+0000] {logging_mixin.py:188} INFO - [2026-05-19T17:53:00.063+0000] {dagbag.py:545} INFO - Filling up the DagBag from /home/airflow/.local/lib/python3.12/site-packages/airflow/example_dags/example_branch_day_of_week_operator.py
[2026-05-19T17:53:00.072+0000] {processor.py:840} INFO - DAG(s) 'example_weekday_branch_operator' retrieved from /home/airflow/.local/lib/python3.12/site-packages/airflow/example_dags/example_branch_day_of_week_operator.py
[2026-05-19T17:53:00.093+0000] {logging_mixin.py:188} INFO - [2026-05-19T17:53:00.093+0000] {dag.py:3096} INFO - Sync 1 DAGs
[2026-05-19T17:53:00.120+0000] {logging_mixin.py:188} INFO - [2026-05-19T17:53:00.120+0000] {dag.py:3954} INFO - Setting next_dagrun for example_weekday_branch_operator to 2026-05-18 00:00:00+00:00, run_after=2026-05-19 00:00:00+00:00
[2026-05-19T17:53:00.140+0000] {processor.py:183} INFO - Processing /home/airflow/.local/lib/python3.12/site-packages/airflow/example_dags/example_branch_day_of_week_operator.py took 0.088 seconds
[2026-05-19T17:53:30.665+0000] {processor.py:161} INFO - Started process (PID=812) to work on /home/airflow/.local/lib/python3.12/site-packages/airflow/example_dags/example_branch_day_of_week_operator.py
[2026-05-19T17:53:30.666+0000] {processor.py:830} INFO - Processing file /home/airflow/.local/lib/python3.12/site-packages/airflow/example_dags/example_branch_day_of_week_operator.py for tasks to queue
[2026-05-19T17:53:30.670+0000] {logging_mixin.py:188} INFO - [2026-05-19T17:53:30.669+0000] {dagbag.py:545} INFO - Filling up the DagBag from /home/airflow/.local/lib/python3.12/site-packages/airflow/example_dags/example_branch_day_of_week_operator.py
[2026-05-19T17:53:30.678+0000] {processor.py:840} INFO - DAG(s) 'example_weekday_branch_operator' retrieved from /home/airflow/.local/lib/python3.12/site-packages/airflow/example_dags/example_branch_day_of_week_operator.py
[2026-05-19T17:53:30.703+0000] {logging_mixin.py:188} INFO - [2026-05-19T17:53:30.703+0000] {dag.py:3096} INFO - Sync 1 DAGs
[2026-05-19T17:53:30.729+0000] {logging_mixin.py:188} INFO - [2026-05-19T17:53:30.729+0000] {dag.py:3954} INFO - Setting next_dagrun for example_weekday_branch_operator to 2026-05-18 00:00:00+00:00, run_after=2026-05-19 00:00:00+00:00
[2026-05-19T17:53:30.750+0000] {processor.py:183} INFO - Processing /home/airflow/.local/lib/python3.12/site-packages/airflow/example_dags/example_branch_day_of_week_operator.py took 0.091 seconds
[2026-05-19T17:54:01.182+0000] {processor.py:161} INFO - Started process (PID=870) to work on /home/airflow/.local/lib/python3.12/site-packages/airflow/example_dags/example_branch_day_of_week_operator.py
[2026-05-19T17:54:01.183+0000] {processor.py:830} INFO - Processing file /home/airflow/.local/lib/python3.12/site-packages/airflow/example_dags/example_branch_day_of_week_operator.py for tasks to queue
[2026-05-19T17:54:01.186+0000] {logging_mixin.py:188} INFO - [2026-05-19T17:54:01.186+0000] {dagbag.py:545} INFO - Filling up the DagBag from /home/airflow/.local/lib/python3.12/site-packages/airflow/example_dags/example_branch_day_of_week_operator.py
[2026-05-19T17:54:01.199+0000] {processor.py:840} INFO - DAG(s) 'example_weekday_branch_operator' retrieved from /home/airflow/.local/lib/python3.12/site-packages/airflow/example_dags/example_branch_day_of_week_operator.py
[2026-05-19T17:54:01.226+0000] {logging_mixin.py:188} INFO - [2026-05-19T17:54:01.225+0000] {dag.py:3096} INFO - Sync 1 DAGs
[2026-05-19T17:54:01.260+0000] {logging_mixin.py:188} INFO - [2026-05-19T17:54:01.259+0000] {dag.py:3954} INFO - Setting next_dagrun for example_weekday_branch_operator to 2026-05-18 00:00:00+00:00, run_after=2026-05-19 00:00:00+00:00
[2026-05-19T17:54:01.286+0000] {processor.py:183} INFO - Processing /home/airflow/.local/lib/python3.12/site-packages/airflow/example_dags/example_branch_day_of_week_operator.py took 0.112 seconds
[2026-05-19T17:54:31.536+0000] {processor.py:161} INFO - Started process (PID=928) to work on /home/airflow/.local/lib/python3.12/site-packages/airflow/example_dags/example_branch_day_of_week_operator.py
[2026-05-19T17:54:31.538+0000] {processor.py:830} INFO - Processing file /home/airflow/.local/lib/python3.12/site-packages/airflow/example_dags/example_branch_day_of_week_operator.py for tasks to queue
[2026-05-19T17:54:31.540+0000] {logging_mixin.py:188} INFO - [2026-05-19T17:54:31.540+0000] {dagbag.py:545} INFO - Filling up the DagBag from /home/airflow/.local/lib/python3.12/site-packages/airflow/example_dags/example_branch_day_of_week_operator.py
[2026-05-19T17:54:31.549+0000] {processor.py:840} INFO - DAG(s) 'example_weekday_branch_operator' retrieved from /home/airflow/.local/lib/python3.12/site-packages/airflow/example_dags/example_branch_day_of_week_operator.py
[2026-05-19T17:54:31.574+0000] {logging_mixin.py:188} INFO - [2026-05-19T17:54:31.573+0000] {dag.py:3096} INFO - Sync 1 DAGs
[2026-05-19T17:54:31.605+0000] {logging_mixin.py:188} INFO - [2026-05-19T17:54:31.605+0000] {dag.py:3954} INFO - Setting next_dagrun for example_weekday_branch_operator to 2026-05-18 00:00:00+00:00, run_after=2026-05-19 00:00:00+00:00
[2026-05-19T17:54:31.632+0000] {processor.py:183} INFO - Processing /home/airflow/.local/lib/python3.12/site-packages/airflow/example_dags/example_branch_day_of_week_operator.py took 0.102 seconds
[2026-05-19T17:55:01.764+0000] {processor.py:161} INFO - Started process (PID=985) to work on /home/airflow/.local/lib/python3.12/site-packages/airflow/example_dags/example_branch_day_of_week_operator.py
[2026-05-19T17:55:01.765+0000] {processor.py:830} INFO - Processing file /home/airflow/.local/lib/python3.12/site-packages/airflow/example_dags/example_branch_day_of_week_operator.py for tasks to queue
[2026-05-19T17:55:01.767+0000] {logging_mixin.py:188} INFO - [2026-05-19T17:55:01.767+0000] {dagbag.py:545} INFO - Filling up the DagBag from /home/airflow/.local/lib/python3.12/site-packages/airflow/example_dags/example_branch_day_of_week_operator.py
[2026-05-19T17:55:01.774+0000] {processor.py:840} INFO - DAG(s) 'example_weekday_branch_operator' retrieved from /home/airflow/.local/lib/python3.12/site-packages/airflow/example_dags/example_branch_day_of_week_operator.py
[2026-05-19T17:55:01.794+0000] {logging_mixin.py:188} INFO - [2026-05-19T17:55:01.794+0000] {dag.py:3096} INFO - Sync 1 DAGs
[2026-05-19T17:55:01.814+0000] {logging_mixin.py:188} INFO - [2026-05-19T17:55:01.813+0000] {dag.py:3954} INFO - Setting next_dagrun for example_weekday_branch_operator to 2026-05-18 00:00:00+00:00, run_after=2026-05-19 00:00:00+00:00
[2026-05-19T17:55:01.833+0000] {processor.py:183} INFO - Processing /home/airflow/.local/lib/python3.12/site-packages/airflow/example_dags/example_branch_day_of_week_operator.py took 0.074 seconds
[2026-05-19T17:55:31.926+0000] {processor.py:161} INFO - Started process (PID=1043) to work on /home/airflow/.local/lib/python3.12/site-packages/airflow/example_dags/example_branch_day_of_week_operator.py
[2026-05-19T17:55:31.927+0000] {processor.py:830} INFO - Processing file /home/airflow/.local/lib/python3.12/site-packages/airflow/example_dags/example_branch_day_of_week_operator.py for tasks to queue
[2026-05-19T17:55:31.929+0000] {logging_mixin.py:188} INFO - [2026-05-19T17:55:31.929+0000] {dagbag.py:545} INFO - Filling up the DagBag from /home/airflow/.local/lib/python3.12/site-packages/airflow/example_dags/example_branch_day_of_week_operator.py
[2026-05-19T17:55:31.936+0000] {processor.py:840} INFO - DAG(s) 'example_weekday_branch_operator' retrieved from /home/airflow/.local/lib/python3.12/site-packages/airflow/example_dags/example_branch_day_of_week_operator.py
[2026-05-19T17:55:31.953+0000] {logging_mixin.py:188} INFO - [2026-05-19T17:55:31.953+0000] {dag.py:3096} INFO - Sync 1 DAGs
[2026-05-19T17:55:31.973+0000] {logging_mixin.py:188} INFO - [2026-05-19T17:55:31.973+0000] {dag.py:3954} INFO - Setting next_dagrun for example_weekday_branch_operator to 2026-05-18 00:00:00+00:00, run_after=2026-05-19 00:00:00+00:00
[2026-05-19T17:55:31.990+0000] {processor.py:183} INFO - Processing /home/airflow/.local/lib/python3.12/site-packages/airflow/example_dags/example_branch_day_of_week_operator.py took 0.069 seconds
[2026-05-19T17:56:02.217+0000] {processor.py:161} INFO - Started process (PID=1101) to work on /home/airflow/.local/lib/python3.12/site-packages/airflow/example_dags/example_branch_day_of_week_operator.py
[2026-05-19T17:56:02.218+0000] {processor.py:830} INFO - Processing file /home/airflow/.local/lib/python3.12/site-packages/airflow/example_dags/example_branch_day_of_week_operator.py for tasks to queue
[2026-05-19T17:56:02.220+0000] {logging_mixin.py:188} INFO - [2026-05-19T17:56:02.220+0000] {dagbag.py:545} INFO - Filling up the DagBag from /home/airflow/.local/lib/python3.12/site-packages/airflow/example_dags/example_branch_day_of_week_operator.py
[2026-05-19T17:56:02.227+0000] {processor.py:840} INFO - DAG(s) 'example_weekday_branch_operator' retrieved from /home/airflow/.local/lib/python3.12/site-packages/airflow/example_dags/example_branch_day_of_week_operator.py
[2026-05-19T17:56:02.247+0000] {logging_mixin.py:188} INFO - [2026-05-19T17:56:02.247+0000] {dag.py:3096} INFO - Sync 1 DAGs
[2026-05-19T17:56:02.266+0000] {logging_mixin.py:188} INFO - [2026-05-19T17:56:02.266+0000] {dag.py:3954} INFO - Setting next_dagrun for example_weekday_branch_operator to 2026-05-18 00:00:00+00:00, run_after=2026-05-19 00:00:00+00:00
[2026-05-19T17:56:02.287+0000] {processor.py:183} INFO - Processing /home/airflow/.local/lib/python3.12/site-packages/airflow/example_dags/example_branch_day_of_week_operator.py took 0.075 seconds
[2026-05-19T17:56:32.607+0000] {processor.py:161} INFO - Started process (PID=1159) to work on /home/airflow/.local/lib/python3.12/site-packages/airflow/example_dags/example_branch_day_of_week_operator.py
[2026-05-19T17:56:32.608+0000] {processor.py:830} INFO - Processing file /home/airflow/.local/lib/python3.12/site-packages/airflow/example_dags/example_branch_day_of_week_operator.py for tasks to queue
[2026-05-19T17:56:32.610+0000] {logging_mixin.py:188} INFO - [2026-05-19T17:56:32.610+0000] {dagbag.py:545} INFO - Filling up the DagBag from /home/airflow/.local/lib/python3.12/site-packages/airflow/example_dags/example_branch_day_of_week_operator.py
[2026-05-19T17:56:32.617+0000] {processor.py:840} INFO - DAG(s) 'example_weekday_branch_operator' retrieved from /home/airflow/.local/lib/python3.12/site-packages/airflow/example_dags/example_branch_day_of_week_operator.py
[2026-05-19T17:56:32.634+0000] {logging_mixin.py:188} INFO - [2026-05-19T17:56:32.634+0000] {dag.py:3096} INFO - Sync 1 DAGs
[2026-05-19T17:56:32.654+0000] {logging_mixin.py:188} INFO - [2026-05-19T17:56:32.654+0000] {dag.py:3954} INFO - Setting next_dagrun for example_weekday_branch_operator to 2026-05-18 00:00:00+00:00, run_after=2026-05-19 00:00:00+00:00
[2026-05-19T17:56:32.673+0000] {processor.py:183} INFO - Processing /home/airflow/.local/lib/python3.12/site-packages/airflow/example_dags/example_branch_day_of_week_operator.py took 0.071 seconds
[2026-05-19T17:58:03.417+0000] {processor.py:161} INFO - Started process (PID=113) to work on /home/airflow/.local/lib/python3.12/site-packages/airflow/example_dags/example_branch_day_of_week_operator.py
[2026-05-19T17:58:03.418+0000] {processor.py:830} INFO - Processing file /home/airflow/.local/lib/python3.12/site-packages/airflow/example_dags/example_branch_day_of_week_operator.py for tasks to queue
[2026-05-19T17:58:03.422+0000] {logging_mixin.py:188} INFO - [2026-05-19T17:58:03.422+0000] {dagbag.py:545} INFO - Filling up the DagBag from /home/airflow/.local/lib/python3.12/site-packages/airflow/example_dags/example_branch_day_of_week_operator.py
[2026-05-19T17:58:03.434+0000] {processor.py:840} INFO - DAG(s) 'example_weekday_branch_operator' retrieved from /home/airflow/.local/lib/python3.12/site-packages/airflow/example_dags/example_branch_day_of_week_operator.py
[2026-05-19T17:58:03.577+0000] {logging_mixin.py:188} INFO - [2026-05-19T17:58:03.577+0000] {dag.py:3096} INFO - Sync 1 DAGs
[2026-05-19T17:58:03.612+0000] {logging_mixin.py:188} INFO - [2026-05-19T17:58:03.611+0000] {dag.py:3954} INFO - Setting next_dagrun for example_weekday_branch_operator to 2026-05-18 00:00:00+00:00, run_after=2026-05-19 00:00:00+00:00
[2026-05-19T17:58:03.647+0000] {processor.py:183} INFO - Processing /home/airflow/.local/lib/python3.12/site-packages/airflow/example_dags/example_branch_day_of_week_operator.py took 0.239 seconds
[2026-05-19T17:58:34.295+0000] {processor.py:161} INFO - Started process (PID=171) to work on /home/airflow/.local/lib/python3.12/site-packages/airflow/example_dags/example_branch_day_of_week_operator.py
[2026-05-19T17:58:34.296+0000] {processor.py:830} INFO - Processing file /home/airflow/.local/lib/python3.12/site-packages/airflow/example_dags/example_branch_day_of_week_operator.py for tasks to queue
[2026-05-19T17:58:34.299+0000] {logging_mixin.py:188} INFO - [2026-05-19T17:58:34.299+0000] {dagbag.py:545} INFO - Filling up the DagBag from /home/airflow/.local/lib/python3.12/site-packages/airflow/example_dags/example_branch_day_of_week_operator.py
[2026-05-19T17:58:34.310+0000] {processor.py:840} INFO - DAG(s) 'example_weekday_branch_operator' retrieved from /home/airflow/.local/lib/python3.12/site-packages/airflow/example_dags/example_branch_day_of_week_operator.py
[2026-05-19T17:58:34.334+0000] {logging_mixin.py:188} INFO - [2026-05-19T17:58:34.333+0000] {dag.py:3096} INFO - Sync 1 DAGs
[2026-05-19T17:58:34.361+0000] {logging_mixin.py:188} INFO - [2026-05-19T17:58:34.361+0000] {dag.py:3954} INFO - Setting next_dagrun for example_weekday_branch_operator to 2026-05-18 00:00:00+00:00, run_after=2026-05-19 00:00:00+00:00
[2026-05-19T17:58:34.382+0000] {processor.py:183} INFO - Processing /home/airflow/.local/lib/python3.12/site-packages/airflow/example_dags/example_branch_day_of_week_operator.py took 0.098 seconds
