[2026-05-19T13:25:10.623+0000] {processor.py:161} INFO - Started process (PID=70) to work on /home/airflow/.local/lib/python3.12/site-packages/airflow/example_dags/example_display_name.py
[2026-05-19T13:25:10.626+0000] {processor.py:830} INFO - Processing file /home/airflow/.local/lib/python3.12/site-packages/airflow/example_dags/example_display_name.py for tasks to queue
[2026-05-19T13:25:10.634+0000] {logging_mixin.py:188} INFO - [2026-05-19T13:25:10.632+0000] {dagbag.py:545} INFO - Filling up the DagBag from /home/airflow/.local/lib/python3.12/site-packages/airflow/example_dags/example_display_name.py
[2026-05-19T13:25:10.688+0000] {processor.py:840} INFO - DAG(s) 'example_display_name' retrieved from /home/airflow/.local/lib/python3.12/site-packages/airflow/example_dags/example_display_name.py
[2026-05-19T13:25:11.458+0000] {logging_mixin.py:188} INFO - [2026-05-19T13:25:11.455+0000] {override.py:1829} INFO - Created Permission View: can read on DAG:example_display_name
[2026-05-19T13:25:11.523+0000] {logging_mixin.py:188} INFO - [2026-05-19T13:25:11.522+0000] {override.py:1829} INFO - Created Permission View: can edit on DAG:example_display_name
[2026-05-19T13:25:11.563+0000] {logging_mixin.py:188} INFO - [2026-05-19T13:25:11.562+0000] {override.py:1829} INFO - Created Permission View: can delete on DAG:example_display_name
[2026-05-19T13:25:11.566+0000] {logging_mixin.py:188} INFO - [2026-05-19T13:25:11.565+0000] {dag.py:3096} INFO - Sync 1 DAGs
[2026-05-19T13:25:11.629+0000] {logging_mixin.py:188} INFO - [2026-05-19T13:25:11.628+0000] {dag.py:3118} INFO - Creating ORM DAG for example_display_name
[2026-05-19T13:25:11.635+0000] {logging_mixin.py:188} INFO - [2026-05-19T13:25:11.633+0000] {dag.py:3954} INFO - Setting next_dagrun for example_display_name to None, run_after=None
[2026-05-19T13:25:11.718+0000] {processor.py:183} INFO - Processing /home/airflow/.local/lib/python3.12/site-packages/airflow/example_dags/example_display_name.py took 1.111 seconds
[2026-05-19T13:25:42.273+0000] {processor.py:161} INFO - Started process (PID=128) to work on /home/airflow/.local/lib/python3.12/site-packages/airflow/example_dags/example_display_name.py
[2026-05-19T13:25:42.277+0000] {processor.py:830} INFO - Processing file /home/airflow/.local/lib/python3.12/site-packages/airflow/example_dags/example_display_name.py for tasks to queue
[2026-05-19T13:25:42.285+0000] {logging_mixin.py:188} INFO - [2026-05-19T13:25:42.284+0000] {dagbag.py:545} INFO - Filling up the DagBag from /home/airflow/.local/lib/python3.12/site-packages/airflow/example_dags/example_display_name.py
[2026-05-19T13:25:42.299+0000] {processor.py:840} INFO - DAG(s) 'example_display_name' retrieved from /home/airflow/.local/lib/python3.12/site-packages/airflow/example_dags/example_display_name.py
[2026-05-19T13:25:42.418+0000] {logging_mixin.py:188} INFO - [2026-05-19T13:25:42.417+0000] {dag.py:3096} INFO - Sync 1 DAGs
[2026-05-19T13:25:42.483+0000] {logging_mixin.py:188} INFO - [2026-05-19T13:25:42.482+0000] {dag.py:3954} INFO - Setting next_dagrun for example_display_name to None, run_after=None
[2026-05-19T13:25:42.546+0000] {processor.py:183} INFO - Processing /home/airflow/.local/lib/python3.12/site-packages/airflow/example_dags/example_display_name.py took 0.296 seconds
[2026-05-19T13:26:12.724+0000] {processor.py:161} INFO - Started process (PID=186) to work on /home/airflow/.local/lib/python3.12/site-packages/airflow/example_dags/example_display_name.py
[2026-05-19T13:26:12.729+0000] {processor.py:830} INFO - Processing file /home/airflow/.local/lib/python3.12/site-packages/airflow/example_dags/example_display_name.py for tasks to queue
[2026-05-19T13:26:12.740+0000] {logging_mixin.py:188} INFO - [2026-05-19T13:26:12.739+0000] {dagbag.py:545} INFO - Filling up the DagBag from /home/airflow/.local/lib/python3.12/site-packages/airflow/example_dags/example_display_name.py
[2026-05-19T13:26:12.759+0000] {processor.py:840} INFO - DAG(s) 'example_display_name' retrieved from /home/airflow/.local/lib/python3.12/site-packages/airflow/example_dags/example_display_name.py
[2026-05-19T13:26:12.859+0000] {logging_mixin.py:188} INFO - [2026-05-19T13:26:12.858+0000] {dag.py:3096} INFO - Sync 1 DAGs
[2026-05-19T13:26:12.917+0000] {logging_mixin.py:188} INFO - [2026-05-19T13:26:12.916+0000] {dag.py:3954} INFO - Setting next_dagrun for example_display_name to None, run_after=None
[2026-05-19T13:26:13.013+0000] {processor.py:183} INFO - Processing /home/airflow/.local/lib/python3.12/site-packages/airflow/example_dags/example_display_name.py took 0.309 seconds
[2026-05-19T13:26:43.603+0000] {processor.py:161} INFO - Started process (PID=244) to work on /home/airflow/.local/lib/python3.12/site-packages/airflow/example_dags/example_display_name.py
[2026-05-19T13:26:43.608+0000] {processor.py:830} INFO - Processing file /home/airflow/.local/lib/python3.12/site-packages/airflow/example_dags/example_display_name.py for tasks to queue
[2026-05-19T13:26:43.612+0000] {logging_mixin.py:188} INFO - [2026-05-19T13:26:43.611+0000] {dagbag.py:545} INFO - Filling up the DagBag from /home/airflow/.local/lib/python3.12/site-packages/airflow/example_dags/example_display_name.py
[2026-05-19T13:26:43.632+0000] {processor.py:840} INFO - DAG(s) 'example_display_name' retrieved from /home/airflow/.local/lib/python3.12/site-packages/airflow/example_dags/example_display_name.py
[2026-05-19T13:26:43.679+0000] {logging_mixin.py:188} INFO - [2026-05-19T13:26:43.679+0000] {dag.py:3096} INFO - Sync 1 DAGs
[2026-05-19T13:26:43.711+0000] {logging_mixin.py:188} INFO - [2026-05-19T13:26:43.710+0000] {dag.py:3954} INFO - Setting next_dagrun for example_display_name to None, run_after=None
[2026-05-19T13:26:43.767+0000] {processor.py:183} INFO - Processing /home/airflow/.local/lib/python3.12/site-packages/airflow/example_dags/example_display_name.py took 0.176 seconds
[2026-05-19T13:27:13.833+0000] {processor.py:161} INFO - Started process (PID=301) to work on /home/airflow/.local/lib/python3.12/site-packages/airflow/example_dags/example_display_name.py
[2026-05-19T13:27:13.835+0000] {processor.py:830} INFO - Processing file /home/airflow/.local/lib/python3.12/site-packages/airflow/example_dags/example_display_name.py for tasks to queue
[2026-05-19T13:27:13.837+0000] {logging_mixin.py:188} INFO - [2026-05-19T13:27:13.837+0000] {dagbag.py:545} INFO - Filling up the DagBag from /home/airflow/.local/lib/python3.12/site-packages/airflow/example_dags/example_display_name.py
[2026-05-19T13:27:13.844+0000] {processor.py:840} INFO - DAG(s) 'example_display_name' retrieved from /home/airflow/.local/lib/python3.12/site-packages/airflow/example_dags/example_display_name.py
[2026-05-19T13:27:13.866+0000] {logging_mixin.py:188} INFO - [2026-05-19T13:27:13.865+0000] {dag.py:3096} INFO - Sync 1 DAGs
[2026-05-19T13:27:13.876+0000] {logging_mixin.py:188} INFO - [2026-05-19T13:27:13.876+0000] {dag.py:3954} INFO - Setting next_dagrun for example_display_name to None, run_after=None
[2026-05-19T13:27:13.901+0000] {processor.py:183} INFO - Processing /home/airflow/.local/lib/python3.12/site-packages/airflow/example_dags/example_display_name.py took 0.076 seconds
[2026-05-19T13:27:44.680+0000] {processor.py:161} INFO - Started process (PID=360) to work on /home/airflow/.local/lib/python3.12/site-packages/airflow/example_dags/example_display_name.py
[2026-05-19T13:27:44.682+0000] {processor.py:830} INFO - Processing file /home/airflow/.local/lib/python3.12/site-packages/airflow/example_dags/example_display_name.py for tasks to queue
[2026-05-19T13:27:44.687+0000] {logging_mixin.py:188} INFO - [2026-05-19T13:27:44.687+0000] {dagbag.py:545} INFO - Filling up the DagBag from /home/airflow/.local/lib/python3.12/site-packages/airflow/example_dags/example_display_name.py
[2026-05-19T13:27:44.709+0000] {processor.py:840} INFO - DAG(s) 'example_display_name' retrieved from /home/airflow/.local/lib/python3.12/site-packages/airflow/example_dags/example_display_name.py
[2026-05-19T13:27:44.761+0000] {logging_mixin.py:188} INFO - [2026-05-19T13:27:44.760+0000] {dag.py:3096} INFO - Sync 1 DAGs
[2026-05-19T13:27:44.811+0000] {logging_mixin.py:188} INFO - [2026-05-19T13:27:44.810+0000] {dag.py:3954} INFO - Setting next_dagrun for example_display_name to None, run_after=None
[2026-05-19T13:27:44.880+0000] {processor.py:183} INFO - Processing /home/airflow/.local/lib/python3.12/site-packages/airflow/example_dags/example_display_name.py took 0.216 seconds
[2026-05-19T13:28:15.005+0000] {processor.py:161} INFO - Started process (PID=415) to work on /home/airflow/.local/lib/python3.12/site-packages/airflow/example_dags/example_display_name.py
[2026-05-19T13:28:15.008+0000] {processor.py:830} INFO - Processing file /home/airflow/.local/lib/python3.12/site-packages/airflow/example_dags/example_display_name.py for tasks to queue
[2026-05-19T13:28:15.014+0000] {logging_mixin.py:188} INFO - [2026-05-19T13:28:15.013+0000] {dagbag.py:545} INFO - Filling up the DagBag from /home/airflow/.local/lib/python3.12/site-packages/airflow/example_dags/example_display_name.py
[2026-05-19T13:28:15.021+0000] {processor.py:840} INFO - DAG(s) 'example_display_name' retrieved from /home/airflow/.local/lib/python3.12/site-packages/airflow/example_dags/example_display_name.py
[2026-05-19T13:28:15.054+0000] {logging_mixin.py:188} INFO - [2026-05-19T13:28:15.053+0000] {dag.py:3096} INFO - Sync 1 DAGs
[2026-05-19T13:28:15.074+0000] {logging_mixin.py:188} INFO - [2026-05-19T13:28:15.074+0000] {dag.py:3954} INFO - Setting next_dagrun for example_display_name to None, run_after=None
[2026-05-19T13:28:15.109+0000] {processor.py:183} INFO - Processing /home/airflow/.local/lib/python3.12/site-packages/airflow/example_dags/example_display_name.py took 0.112 seconds
[2026-05-19T13:28:45.346+0000] {processor.py:161} INFO - Started process (PID=473) to work on /home/airflow/.local/lib/python3.12/site-packages/airflow/example_dags/example_display_name.py
[2026-05-19T13:28:45.348+0000] {processor.py:830} INFO - Processing file /home/airflow/.local/lib/python3.12/site-packages/airflow/example_dags/example_display_name.py for tasks to queue
[2026-05-19T13:28:45.351+0000] {logging_mixin.py:188} INFO - [2026-05-19T13:28:45.351+0000] {dagbag.py:545} INFO - Filling up the DagBag from /home/airflow/.local/lib/python3.12/site-packages/airflow/example_dags/example_display_name.py
[2026-05-19T13:28:45.358+0000] {processor.py:840} INFO - DAG(s) 'example_display_name' retrieved from /home/airflow/.local/lib/python3.12/site-packages/airflow/example_dags/example_display_name.py
[2026-05-19T13:28:45.387+0000] {logging_mixin.py:188} INFO - [2026-05-19T13:28:45.387+0000] {dag.py:3096} INFO - Sync 1 DAGs
[2026-05-19T13:28:45.406+0000] {logging_mixin.py:188} INFO - [2026-05-19T13:28:45.405+0000] {dag.py:3954} INFO - Setting next_dagrun for example_display_name to None, run_after=None
[2026-05-19T13:28:45.429+0000] {processor.py:183} INFO - Processing /home/airflow/.local/lib/python3.12/site-packages/airflow/example_dags/example_display_name.py took 0.090 seconds
[2026-05-19T13:29:15.676+0000] {processor.py:161} INFO - Started process (PID=531) to work on /home/airflow/.local/lib/python3.12/site-packages/airflow/example_dags/example_display_name.py
[2026-05-19T13:29:15.678+0000] {processor.py:830} INFO - Processing file /home/airflow/.local/lib/python3.12/site-packages/airflow/example_dags/example_display_name.py for tasks to queue
[2026-05-19T13:29:15.681+0000] {logging_mixin.py:188} INFO - [2026-05-19T13:29:15.680+0000] {dagbag.py:545} INFO - Filling up the DagBag from /home/airflow/.local/lib/python3.12/site-packages/airflow/example_dags/example_display_name.py
[2026-05-19T13:29:15.690+0000] {processor.py:840} INFO - DAG(s) 'example_display_name' retrieved from /home/airflow/.local/lib/python3.12/site-packages/airflow/example_dags/example_display_name.py
[2026-05-19T13:29:15.722+0000] {logging_mixin.py:188} INFO - [2026-05-19T13:29:15.722+0000] {dag.py:3096} INFO - Sync 1 DAGs
[2026-05-19T13:29:15.742+0000] {logging_mixin.py:188} INFO - [2026-05-19T13:29:15.741+0000] {dag.py:3954} INFO - Setting next_dagrun for example_display_name to None, run_after=None
[2026-05-19T13:29:15.779+0000] {processor.py:183} INFO - Processing /home/airflow/.local/lib/python3.12/site-packages/airflow/example_dags/example_display_name.py took 0.112 seconds
[2026-05-19T13:30:47.885+0000] {processor.py:161} INFO - Started process (PID=72) to work on /home/airflow/.local/lib/python3.12/site-packages/airflow/example_dags/example_display_name.py
[2026-05-19T13:30:47.887+0000] {processor.py:830} INFO - Processing file /home/airflow/.local/lib/python3.12/site-packages/airflow/example_dags/example_display_name.py for tasks to queue
[2026-05-19T13:30:47.890+0000] {logging_mixin.py:188} INFO - [2026-05-19T13:30:47.889+0000] {dagbag.py:545} INFO - Filling up the DagBag from /home/airflow/.local/lib/python3.12/site-packages/airflow/example_dags/example_display_name.py
[2026-05-19T13:30:47.901+0000] {processor.py:840} INFO - DAG(s) 'example_display_name' retrieved from /home/airflow/.local/lib/python3.12/site-packages/airflow/example_dags/example_display_name.py
[2026-05-19T13:30:48.126+0000] {logging_mixin.py:188} INFO - [2026-05-19T13:30:48.125+0000] {dag.py:3096} INFO - Sync 1 DAGs
[2026-05-19T13:30:48.151+0000] {logging_mixin.py:188} INFO - [2026-05-19T13:30:48.151+0000] {dag.py:3954} INFO - Setting next_dagrun for example_display_name to None, run_after=None
[2026-05-19T13:30:48.196+0000] {processor.py:183} INFO - Processing /home/airflow/.local/lib/python3.12/site-packages/airflow/example_dags/example_display_name.py took 0.319 seconds
[2026-05-19T13:31:18.712+0000] {processor.py:161} INFO - Started process (PID=131) to work on /home/airflow/.local/lib/python3.12/site-packages/airflow/example_dags/example_display_name.py
[2026-05-19T13:31:18.714+0000] {processor.py:830} INFO - Processing file /home/airflow/.local/lib/python3.12/site-packages/airflow/example_dags/example_display_name.py for tasks to queue
[2026-05-19T13:31:18.721+0000] {logging_mixin.py:188} INFO - [2026-05-19T13:31:18.720+0000] {dagbag.py:545} INFO - Filling up the DagBag from /home/airflow/.local/lib/python3.12/site-packages/airflow/example_dags/example_display_name.py
[2026-05-19T13:31:18.731+0000] {processor.py:840} INFO - DAG(s) 'example_display_name' retrieved from /home/airflow/.local/lib/python3.12/site-packages/airflow/example_dags/example_display_name.py
[2026-05-19T13:31:18.771+0000] {logging_mixin.py:188} INFO - [2026-05-19T13:31:18.771+0000] {dag.py:3096} INFO - Sync 1 DAGs
[2026-05-19T13:31:18.796+0000] {logging_mixin.py:188} INFO - [2026-05-19T13:31:18.795+0000] {dag.py:3954} INFO - Setting next_dagrun for example_display_name to None, run_after=None
[2026-05-19T13:31:18.832+0000] {processor.py:183} INFO - Processing /home/airflow/.local/lib/python3.12/site-packages/airflow/example_dags/example_display_name.py took 0.129 seconds
[2026-05-19T13:31:49.182+0000] {processor.py:161} INFO - Started process (PID=190) to work on /home/airflow/.local/lib/python3.12/site-packages/airflow/example_dags/example_display_name.py
[2026-05-19T13:31:49.183+0000] {processor.py:830} INFO - Processing file /home/airflow/.local/lib/python3.12/site-packages/airflow/example_dags/example_display_name.py for tasks to queue
[2026-05-19T13:31:49.186+0000] {logging_mixin.py:188} INFO - [2026-05-19T13:31:49.185+0000] {dagbag.py:545} INFO - Filling up the DagBag from /home/airflow/.local/lib/python3.12/site-packages/airflow/example_dags/example_display_name.py
[2026-05-19T13:31:49.196+0000] {processor.py:840} INFO - DAG(s) 'example_display_name' retrieved from /home/airflow/.local/lib/python3.12/site-packages/airflow/example_dags/example_display_name.py
[2026-05-19T13:31:49.219+0000] {logging_mixin.py:188} INFO - [2026-05-19T13:31:49.219+0000] {dag.py:3096} INFO - Sync 1 DAGs
[2026-05-19T13:31:49.233+0000] {logging_mixin.py:188} INFO - [2026-05-19T13:31:49.232+0000] {dag.py:3954} INFO - Setting next_dagrun for example_display_name to None, run_after=None
[2026-05-19T13:31:49.252+0000] {processor.py:183} INFO - Processing /home/airflow/.local/lib/python3.12/site-packages/airflow/example_dags/example_display_name.py took 0.076 seconds
[2026-05-19T13:32:19.965+0000] {processor.py:161} INFO - Started process (PID=249) to work on /home/airflow/.local/lib/python3.12/site-packages/airflow/example_dags/example_display_name.py
[2026-05-19T13:32:19.967+0000] {processor.py:830} INFO - Processing file /home/airflow/.local/lib/python3.12/site-packages/airflow/example_dags/example_display_name.py for tasks to queue
[2026-05-19T13:32:19.971+0000] {logging_mixin.py:188} INFO - [2026-05-19T13:32:19.971+0000] {dagbag.py:545} INFO - Filling up the DagBag from /home/airflow/.local/lib/python3.12/site-packages/airflow/example_dags/example_display_name.py
[2026-05-19T13:32:19.984+0000] {processor.py:840} INFO - DAG(s) 'example_display_name' retrieved from /home/airflow/.local/lib/python3.12/site-packages/airflow/example_dags/example_display_name.py
[2026-05-19T13:32:20.030+0000] {logging_mixin.py:188} INFO - [2026-05-19T13:32:20.029+0000] {dag.py:3096} INFO - Sync 1 DAGs
[2026-05-19T13:32:20.049+0000] {logging_mixin.py:188} INFO - [2026-05-19T13:32:20.048+0000] {dag.py:3954} INFO - Setting next_dagrun for example_display_name to None, run_after=None
[2026-05-19T13:32:20.093+0000] {processor.py:183} INFO - Processing /home/airflow/.local/lib/python3.12/site-packages/airflow/example_dags/example_display_name.py took 0.137 seconds
[2026-05-19T13:32:50.956+0000] {processor.py:161} INFO - Started process (PID=308) to work on /home/airflow/.local/lib/python3.12/site-packages/airflow/example_dags/example_display_name.py
[2026-05-19T13:32:50.959+0000] {processor.py:830} INFO - Processing file /home/airflow/.local/lib/python3.12/site-packages/airflow/example_dags/example_display_name.py for tasks to queue
[2026-05-19T13:32:50.966+0000] {logging_mixin.py:188} INFO - [2026-05-19T13:32:50.965+0000] {dagbag.py:545} INFO - Filling up the DagBag from /home/airflow/.local/lib/python3.12/site-packages/airflow/example_dags/example_display_name.py
[2026-05-19T13:32:50.985+0000] {processor.py:840} INFO - DAG(s) 'example_display_name' retrieved from /home/airflow/.local/lib/python3.12/site-packages/airflow/example_dags/example_display_name.py
[2026-05-19T13:32:51.045+0000] {logging_mixin.py:188} INFO - [2026-05-19T13:32:51.044+0000] {dag.py:3096} INFO - Sync 1 DAGs
[2026-05-19T13:32:51.080+0000] {logging_mixin.py:188} INFO - [2026-05-19T13:32:51.080+0000] {dag.py:3954} INFO - Setting next_dagrun for example_display_name to None, run_after=None
[2026-05-19T13:32:51.140+0000] {processor.py:183} INFO - Processing /home/airflow/.local/lib/python3.12/site-packages/airflow/example_dags/example_display_name.py took 0.204 seconds
[2026-05-19T13:33:21.965+0000] {processor.py:161} INFO - Started process (PID=367) to work on /home/airflow/.local/lib/python3.12/site-packages/airflow/example_dags/example_display_name.py
[2026-05-19T13:33:21.966+0000] {processor.py:830} INFO - Processing file /home/airflow/.local/lib/python3.12/site-packages/airflow/example_dags/example_display_name.py for tasks to queue
[2026-05-19T13:33:21.968+0000] {logging_mixin.py:188} INFO - [2026-05-19T13:33:21.968+0000] {dagbag.py:545} INFO - Filling up the DagBag from /home/airflow/.local/lib/python3.12/site-packages/airflow/example_dags/example_display_name.py
[2026-05-19T13:33:21.981+0000] {processor.py:840} INFO - DAG(s) 'example_display_name' retrieved from /home/airflow/.local/lib/python3.12/site-packages/airflow/example_dags/example_display_name.py
[2026-05-19T13:33:22.020+0000] {logging_mixin.py:188} INFO - [2026-05-19T13:33:22.020+0000] {dag.py:3096} INFO - Sync 1 DAGs
[2026-05-19T13:33:22.043+0000] {logging_mixin.py:188} INFO - [2026-05-19T13:33:22.043+0000] {dag.py:3954} INFO - Setting next_dagrun for example_display_name to None, run_after=None
[2026-05-19T13:33:22.079+0000] {processor.py:183} INFO - Processing /home/airflow/.local/lib/python3.12/site-packages/airflow/example_dags/example_display_name.py took 0.121 seconds
[2026-05-19T13:33:52.756+0000] {processor.py:161} INFO - Started process (PID=426) to work on /home/airflow/.local/lib/python3.12/site-packages/airflow/example_dags/example_display_name.py
[2026-05-19T13:33:52.758+0000] {processor.py:830} INFO - Processing file /home/airflow/.local/lib/python3.12/site-packages/airflow/example_dags/example_display_name.py for tasks to queue
[2026-05-19T13:33:52.764+0000] {logging_mixin.py:188} INFO - [2026-05-19T13:33:52.763+0000] {dagbag.py:545} INFO - Filling up the DagBag from /home/airflow/.local/lib/python3.12/site-packages/airflow/example_dags/example_display_name.py
[2026-05-19T13:33:52.773+0000] {processor.py:840} INFO - DAG(s) 'example_display_name' retrieved from /home/airflow/.local/lib/python3.12/site-packages/airflow/example_dags/example_display_name.py
[2026-05-19T13:33:52.819+0000] {logging_mixin.py:188} INFO - [2026-05-19T13:33:52.818+0000] {dag.py:3096} INFO - Sync 1 DAGs
[2026-05-19T13:33:52.842+0000] {logging_mixin.py:188} INFO - [2026-05-19T13:33:52.841+0000] {dag.py:3954} INFO - Setting next_dagrun for example_display_name to None, run_after=None
[2026-05-19T13:33:52.889+0000] {processor.py:183} INFO - Processing /home/airflow/.local/lib/python3.12/site-packages/airflow/example_dags/example_display_name.py took 0.141 seconds
[2026-05-19T13:34:23.024+0000] {processor.py:161} INFO - Started process (PID=485) to work on /home/airflow/.local/lib/python3.12/site-packages/airflow/example_dags/example_display_name.py
[2026-05-19T13:34:23.027+0000] {processor.py:830} INFO - Processing file /home/airflow/.local/lib/python3.12/site-packages/airflow/example_dags/example_display_name.py for tasks to queue
[2026-05-19T13:34:23.032+0000] {logging_mixin.py:188} INFO - [2026-05-19T13:34:23.031+0000] {dagbag.py:545} INFO - Filling up the DagBag from /home/airflow/.local/lib/python3.12/site-packages/airflow/example_dags/example_display_name.py
[2026-05-19T13:34:23.044+0000] {processor.py:840} INFO - DAG(s) 'example_display_name' retrieved from /home/airflow/.local/lib/python3.12/site-packages/airflow/example_dags/example_display_name.py
[2026-05-19T13:34:23.089+0000] {logging_mixin.py:188} INFO - [2026-05-19T13:34:23.088+0000] {dag.py:3096} INFO - Sync 1 DAGs
[2026-05-19T13:34:23.120+0000] {logging_mixin.py:188} INFO - [2026-05-19T13:34:23.119+0000] {dag.py:3954} INFO - Setting next_dagrun for example_display_name to None, run_after=None
[2026-05-19T13:34:23.165+0000] {processor.py:183} INFO - Processing /home/airflow/.local/lib/python3.12/site-packages/airflow/example_dags/example_display_name.py took 0.155 seconds
[2026-05-19T13:34:53.277+0000] {processor.py:161} INFO - Started process (PID=544) to work on /home/airflow/.local/lib/python3.12/site-packages/airflow/example_dags/example_display_name.py
[2026-05-19T13:34:53.280+0000] {processor.py:830} INFO - Processing file /home/airflow/.local/lib/python3.12/site-packages/airflow/example_dags/example_display_name.py for tasks to queue
[2026-05-19T13:34:53.284+0000] {logging_mixin.py:188} INFO - [2026-05-19T13:34:53.283+0000] {dagbag.py:545} INFO - Filling up the DagBag from /home/airflow/.local/lib/python3.12/site-packages/airflow/example_dags/example_display_name.py
[2026-05-19T13:34:53.292+0000] {processor.py:840} INFO - DAG(s) 'example_display_name' retrieved from /home/airflow/.local/lib/python3.12/site-packages/airflow/example_dags/example_display_name.py
[2026-05-19T13:34:53.320+0000] {logging_mixin.py:188} INFO - [2026-05-19T13:34:53.320+0000] {dag.py:3096} INFO - Sync 1 DAGs
[2026-05-19T13:34:53.332+0000] {logging_mixin.py:188} INFO - [2026-05-19T13:34:53.332+0000] {dag.py:3954} INFO - Setting next_dagrun for example_display_name to None, run_after=None
[2026-05-19T13:34:53.360+0000] {processor.py:183} INFO - Processing /home/airflow/.local/lib/python3.12/site-packages/airflow/example_dags/example_display_name.py took 0.090 seconds
[2026-05-19T13:35:23.513+0000] {processor.py:161} INFO - Started process (PID=603) to work on /home/airflow/.local/lib/python3.12/site-packages/airflow/example_dags/example_display_name.py
[2026-05-19T13:35:23.517+0000] {processor.py:830} INFO - Processing file /home/airflow/.local/lib/python3.12/site-packages/airflow/example_dags/example_display_name.py for tasks to queue
[2026-05-19T13:35:23.522+0000] {logging_mixin.py:188} INFO - [2026-05-19T13:35:23.520+0000] {dagbag.py:545} INFO - Filling up the DagBag from /home/airflow/.local/lib/python3.12/site-packages/airflow/example_dags/example_display_name.py
[2026-05-19T13:35:23.533+0000] {processor.py:840} INFO - DAG(s) 'example_display_name' retrieved from /home/airflow/.local/lib/python3.12/site-packages/airflow/example_dags/example_display_name.py
[2026-05-19T13:35:23.567+0000] {logging_mixin.py:188} INFO - [2026-05-19T13:35:23.566+0000] {dag.py:3096} INFO - Sync 1 DAGs
[2026-05-19T13:35:23.585+0000] {logging_mixin.py:188} INFO - [2026-05-19T13:35:23.585+0000] {dag.py:3954} INFO - Setting next_dagrun for example_display_name to None, run_after=None
[2026-05-19T13:35:23.637+0000] {processor.py:183} INFO - Processing /home/airflow/.local/lib/python3.12/site-packages/airflow/example_dags/example_display_name.py took 0.136 seconds
[2026-05-19T13:35:53.815+0000] {processor.py:161} INFO - Started process (PID=662) to work on /home/airflow/.local/lib/python3.12/site-packages/airflow/example_dags/example_display_name.py
[2026-05-19T13:35:53.816+0000] {processor.py:830} INFO - Processing file /home/airflow/.local/lib/python3.12/site-packages/airflow/example_dags/example_display_name.py for tasks to queue
[2026-05-19T13:35:53.819+0000] {logging_mixin.py:188} INFO - [2026-05-19T13:35:53.818+0000] {dagbag.py:545} INFO - Filling up the DagBag from /home/airflow/.local/lib/python3.12/site-packages/airflow/example_dags/example_display_name.py
[2026-05-19T13:35:53.832+0000] {processor.py:840} INFO - DAG(s) 'example_display_name' retrieved from /home/airflow/.local/lib/python3.12/site-packages/airflow/example_dags/example_display_name.py
[2026-05-19T13:35:53.863+0000] {logging_mixin.py:188} INFO - [2026-05-19T13:35:53.862+0000] {dag.py:3096} INFO - Sync 1 DAGs
[2026-05-19T13:35:53.879+0000] {logging_mixin.py:188} INFO - [2026-05-19T13:35:53.879+0000] {dag.py:3954} INFO - Setting next_dagrun for example_display_name to None, run_after=None
[2026-05-19T13:35:53.905+0000] {processor.py:183} INFO - Processing /home/airflow/.local/lib/python3.12/site-packages/airflow/example_dags/example_display_name.py took 0.096 seconds
[2026-05-19T13:36:24.197+0000] {processor.py:161} INFO - Started process (PID=721) to work on /home/airflow/.local/lib/python3.12/site-packages/airflow/example_dags/example_display_name.py
[2026-05-19T13:36:24.200+0000] {processor.py:830} INFO - Processing file /home/airflow/.local/lib/python3.12/site-packages/airflow/example_dags/example_display_name.py for tasks to queue
[2026-05-19T13:36:24.206+0000] {logging_mixin.py:188} INFO - [2026-05-19T13:36:24.205+0000] {dagbag.py:545} INFO - Filling up the DagBag from /home/airflow/.local/lib/python3.12/site-packages/airflow/example_dags/example_display_name.py
[2026-05-19T13:36:24.217+0000] {processor.py:840} INFO - DAG(s) 'example_display_name' retrieved from /home/airflow/.local/lib/python3.12/site-packages/airflow/example_dags/example_display_name.py
[2026-05-19T13:36:24.262+0000] {logging_mixin.py:188} INFO - [2026-05-19T13:36:24.262+0000] {dag.py:3096} INFO - Sync 1 DAGs
[2026-05-19T13:36:24.297+0000] {logging_mixin.py:188} INFO - [2026-05-19T13:36:24.296+0000] {dag.py:3954} INFO - Setting next_dagrun for example_display_name to None, run_after=None
[2026-05-19T13:36:24.341+0000] {processor.py:183} INFO - Processing /home/airflow/.local/lib/python3.12/site-packages/airflow/example_dags/example_display_name.py took 0.157 seconds
[2026-05-19T13:36:55.003+0000] {processor.py:161} INFO - Started process (PID=780) to work on /home/airflow/.local/lib/python3.12/site-packages/airflow/example_dags/example_display_name.py
[2026-05-19T13:36:55.005+0000] {processor.py:830} INFO - Processing file /home/airflow/.local/lib/python3.12/site-packages/airflow/example_dags/example_display_name.py for tasks to queue
[2026-05-19T13:36:55.008+0000] {logging_mixin.py:188} INFO - [2026-05-19T13:36:55.008+0000] {dagbag.py:545} INFO - Filling up the DagBag from /home/airflow/.local/lib/python3.12/site-packages/airflow/example_dags/example_display_name.py
[2026-05-19T13:36:55.017+0000] {processor.py:840} INFO - DAG(s) 'example_display_name' retrieved from /home/airflow/.local/lib/python3.12/site-packages/airflow/example_dags/example_display_name.py
[2026-05-19T13:36:55.043+0000] {logging_mixin.py:188} INFO - [2026-05-19T13:36:55.043+0000] {dag.py:3096} INFO - Sync 1 DAGs
[2026-05-19T13:36:55.057+0000] {logging_mixin.py:188} INFO - [2026-05-19T13:36:55.056+0000] {dag.py:3954} INFO - Setting next_dagrun for example_display_name to None, run_after=None
[2026-05-19T13:36:55.092+0000] {processor.py:183} INFO - Processing /home/airflow/.local/lib/python3.12/site-packages/airflow/example_dags/example_display_name.py took 0.098 seconds
[2026-05-19T13:37:25.729+0000] {processor.py:161} INFO - Started process (PID=839) to work on /home/airflow/.local/lib/python3.12/site-packages/airflow/example_dags/example_display_name.py
[2026-05-19T13:37:25.732+0000] {processor.py:830} INFO - Processing file /home/airflow/.local/lib/python3.12/site-packages/airflow/example_dags/example_display_name.py for tasks to queue
[2026-05-19T13:37:25.735+0000] {logging_mixin.py:188} INFO - [2026-05-19T13:37:25.735+0000] {dagbag.py:545} INFO - Filling up the DagBag from /home/airflow/.local/lib/python3.12/site-packages/airflow/example_dags/example_display_name.py
[2026-05-19T13:37:25.748+0000] {processor.py:840} INFO - DAG(s) 'example_display_name' retrieved from /home/airflow/.local/lib/python3.12/site-packages/airflow/example_dags/example_display_name.py
[2026-05-19T13:37:25.778+0000] {logging_mixin.py:188} INFO - [2026-05-19T13:37:25.778+0000] {dag.py:3096} INFO - Sync 1 DAGs
[2026-05-19T13:37:25.795+0000] {logging_mixin.py:188} INFO - [2026-05-19T13:37:25.795+0000] {dag.py:3954} INFO - Setting next_dagrun for example_display_name to None, run_after=None
[2026-05-19T13:37:25.827+0000] {processor.py:183} INFO - Processing /home/airflow/.local/lib/python3.12/site-packages/airflow/example_dags/example_display_name.py took 0.107 seconds
[2026-05-19T13:37:56.013+0000] {processor.py:161} INFO - Started process (PID=898) to work on /home/airflow/.local/lib/python3.12/site-packages/airflow/example_dags/example_display_name.py
[2026-05-19T13:37:56.015+0000] {processor.py:830} INFO - Processing file /home/airflow/.local/lib/python3.12/site-packages/airflow/example_dags/example_display_name.py for tasks to queue
[2026-05-19T13:37:56.019+0000] {logging_mixin.py:188} INFO - [2026-05-19T13:37:56.019+0000] {dagbag.py:545} INFO - Filling up the DagBag from /home/airflow/.local/lib/python3.12/site-packages/airflow/example_dags/example_display_name.py
[2026-05-19T13:37:56.029+0000] {processor.py:840} INFO - DAG(s) 'example_display_name' retrieved from /home/airflow/.local/lib/python3.12/site-packages/airflow/example_dags/example_display_name.py
[2026-05-19T13:37:56.058+0000] {logging_mixin.py:188} INFO - [2026-05-19T13:37:56.058+0000] {dag.py:3096} INFO - Sync 1 DAGs
[2026-05-19T13:37:56.075+0000] {logging_mixin.py:188} INFO - [2026-05-19T13:37:56.075+0000] {dag.py:3954} INFO - Setting next_dagrun for example_display_name to None, run_after=None
[2026-05-19T13:37:56.110+0000] {processor.py:183} INFO - Processing /home/airflow/.local/lib/python3.12/site-packages/airflow/example_dags/example_display_name.py took 0.105 seconds
[2026-05-19T13:38:26.357+0000] {processor.py:161} INFO - Started process (PID=958) to work on /home/airflow/.local/lib/python3.12/site-packages/airflow/example_dags/example_display_name.py
[2026-05-19T13:38:26.359+0000] {processor.py:830} INFO - Processing file /home/airflow/.local/lib/python3.12/site-packages/airflow/example_dags/example_display_name.py for tasks to queue
[2026-05-19T13:38:26.362+0000] {logging_mixin.py:188} INFO - [2026-05-19T13:38:26.362+0000] {dagbag.py:545} INFO - Filling up the DagBag from /home/airflow/.local/lib/python3.12/site-packages/airflow/example_dags/example_display_name.py
[2026-05-19T13:38:26.370+0000] {processor.py:840} INFO - DAG(s) 'example_display_name' retrieved from /home/airflow/.local/lib/python3.12/site-packages/airflow/example_dags/example_display_name.py
[2026-05-19T13:38:26.394+0000] {logging_mixin.py:188} INFO - [2026-05-19T13:38:26.394+0000] {dag.py:3096} INFO - Sync 1 DAGs
[2026-05-19T13:38:26.407+0000] {logging_mixin.py:188} INFO - [2026-05-19T13:38:26.406+0000] {dag.py:3954} INFO - Setting next_dagrun for example_display_name to None, run_after=None
[2026-05-19T13:38:26.435+0000] {processor.py:183} INFO - Processing /home/airflow/.local/lib/python3.12/site-packages/airflow/example_dags/example_display_name.py took 0.086 seconds
[2026-05-19T13:38:56.719+0000] {processor.py:161} INFO - Started process (PID=1018) to work on /home/airflow/.local/lib/python3.12/site-packages/airflow/example_dags/example_display_name.py
[2026-05-19T13:38:56.721+0000] {processor.py:830} INFO - Processing file /home/airflow/.local/lib/python3.12/site-packages/airflow/example_dags/example_display_name.py for tasks to queue
[2026-05-19T13:38:56.725+0000] {logging_mixin.py:188} INFO - [2026-05-19T13:38:56.725+0000] {dagbag.py:545} INFO - Filling up the DagBag from /home/airflow/.local/lib/python3.12/site-packages/airflow/example_dags/example_display_name.py
[2026-05-19T13:38:56.736+0000] {processor.py:840} INFO - DAG(s) 'example_display_name' retrieved from /home/airflow/.local/lib/python3.12/site-packages/airflow/example_dags/example_display_name.py
[2026-05-19T13:38:56.765+0000] {logging_mixin.py:188} INFO - [2026-05-19T13:38:56.764+0000] {dag.py:3096} INFO - Sync 1 DAGs
[2026-05-19T13:38:56.791+0000] {logging_mixin.py:188} INFO - [2026-05-19T13:38:56.790+0000] {dag.py:3954} INFO - Setting next_dagrun for example_display_name to None, run_after=None
[2026-05-19T13:38:56.821+0000] {processor.py:183} INFO - Processing /home/airflow/.local/lib/python3.12/site-packages/airflow/example_dags/example_display_name.py took 0.114 seconds
[2026-05-19T13:39:27.109+0000] {processor.py:161} INFO - Started process (PID=1077) to work on /home/airflow/.local/lib/python3.12/site-packages/airflow/example_dags/example_display_name.py
[2026-05-19T13:39:27.110+0000] {processor.py:830} INFO - Processing file /home/airflow/.local/lib/python3.12/site-packages/airflow/example_dags/example_display_name.py for tasks to queue
[2026-05-19T13:39:27.112+0000] {logging_mixin.py:188} INFO - [2026-05-19T13:39:27.112+0000] {dagbag.py:545} INFO - Filling up the DagBag from /home/airflow/.local/lib/python3.12/site-packages/airflow/example_dags/example_display_name.py
[2026-05-19T13:39:27.118+0000] {processor.py:840} INFO - DAG(s) 'example_display_name' retrieved from /home/airflow/.local/lib/python3.12/site-packages/airflow/example_dags/example_display_name.py
[2026-05-19T13:39:27.151+0000] {logging_mixin.py:188} INFO - [2026-05-19T13:39:27.151+0000] {dag.py:3096} INFO - Sync 1 DAGs
[2026-05-19T13:39:27.166+0000] {logging_mixin.py:188} INFO - [2026-05-19T13:39:27.166+0000] {dag.py:3954} INFO - Setting next_dagrun for example_display_name to None, run_after=None
[2026-05-19T13:39:27.194+0000] {processor.py:183} INFO - Processing /home/airflow/.local/lib/python3.12/site-packages/airflow/example_dags/example_display_name.py took 0.091 seconds
[2026-05-19T13:39:57.660+0000] {processor.py:161} INFO - Started process (PID=1136) to work on /home/airflow/.local/lib/python3.12/site-packages/airflow/example_dags/example_display_name.py
[2026-05-19T13:39:57.661+0000] {processor.py:830} INFO - Processing file /home/airflow/.local/lib/python3.12/site-packages/airflow/example_dags/example_display_name.py for tasks to queue
[2026-05-19T13:39:57.668+0000] {logging_mixin.py:188} INFO - [2026-05-19T13:39:57.667+0000] {dagbag.py:545} INFO - Filling up the DagBag from /home/airflow/.local/lib/python3.12/site-packages/airflow/example_dags/example_display_name.py
[2026-05-19T13:39:57.675+0000] {processor.py:840} INFO - DAG(s) 'example_display_name' retrieved from /home/airflow/.local/lib/python3.12/site-packages/airflow/example_dags/example_display_name.py
[2026-05-19T13:39:57.704+0000] {logging_mixin.py:188} INFO - [2026-05-19T13:39:57.703+0000] {dag.py:3096} INFO - Sync 1 DAGs
[2026-05-19T13:39:57.716+0000] {logging_mixin.py:188} INFO - [2026-05-19T13:39:57.716+0000] {dag.py:3954} INFO - Setting next_dagrun for example_display_name to None, run_after=None
[2026-05-19T13:39:57.744+0000] {processor.py:183} INFO - Processing /home/airflow/.local/lib/python3.12/site-packages/airflow/example_dags/example_display_name.py took 0.090 seconds
[2026-05-19T13:40:27.847+0000] {processor.py:161} INFO - Started process (PID=1195) to work on /home/airflow/.local/lib/python3.12/site-packages/airflow/example_dags/example_display_name.py
[2026-05-19T13:40:27.849+0000] {processor.py:830} INFO - Processing file /home/airflow/.local/lib/python3.12/site-packages/airflow/example_dags/example_display_name.py for tasks to queue
[2026-05-19T13:40:27.854+0000] {logging_mixin.py:188} INFO - [2026-05-19T13:40:27.853+0000] {dagbag.py:545} INFO - Filling up the DagBag from /home/airflow/.local/lib/python3.12/site-packages/airflow/example_dags/example_display_name.py
[2026-05-19T13:40:27.863+0000] {processor.py:840} INFO - DAG(s) 'example_display_name' retrieved from /home/airflow/.local/lib/python3.12/site-packages/airflow/example_dags/example_display_name.py
[2026-05-19T13:40:27.902+0000] {logging_mixin.py:188} INFO - [2026-05-19T13:40:27.901+0000] {dag.py:3096} INFO - Sync 1 DAGs
[2026-05-19T13:40:27.926+0000] {logging_mixin.py:188} INFO - [2026-05-19T13:40:27.926+0000] {dag.py:3954} INFO - Setting next_dagrun for example_display_name to None, run_after=None
[2026-05-19T13:40:27.976+0000] {processor.py:183} INFO - Processing /home/airflow/.local/lib/python3.12/site-packages/airflow/example_dags/example_display_name.py took 0.140 seconds
[2026-05-19T13:40:58.277+0000] {processor.py:161} INFO - Started process (PID=1252) to work on /home/airflow/.local/lib/python3.12/site-packages/airflow/example_dags/example_display_name.py
[2026-05-19T13:40:58.278+0000] {processor.py:830} INFO - Processing file /home/airflow/.local/lib/python3.12/site-packages/airflow/example_dags/example_display_name.py for tasks to queue
[2026-05-19T13:40:58.282+0000] {logging_mixin.py:188} INFO - [2026-05-19T13:40:58.282+0000] {dagbag.py:545} INFO - Filling up the DagBag from /home/airflow/.local/lib/python3.12/site-packages/airflow/example_dags/example_display_name.py
[2026-05-19T13:40:58.293+0000] {processor.py:840} INFO - DAG(s) 'example_display_name' retrieved from /home/airflow/.local/lib/python3.12/site-packages/airflow/example_dags/example_display_name.py
[2026-05-19T13:40:58.331+0000] {logging_mixin.py:188} INFO - [2026-05-19T13:40:58.331+0000] {dag.py:3096} INFO - Sync 1 DAGs
[2026-05-19T13:40:58.355+0000] {logging_mixin.py:188} INFO - [2026-05-19T13:40:58.354+0000] {dag.py:3954} INFO - Setting next_dagrun for example_display_name to None, run_after=None
[2026-05-19T13:40:58.392+0000] {processor.py:183} INFO - Processing /home/airflow/.local/lib/python3.12/site-packages/airflow/example_dags/example_display_name.py took 0.125 seconds
[2026-05-19T13:41:28.811+0000] {processor.py:161} INFO - Started process (PID=1311) to work on /home/airflow/.local/lib/python3.12/site-packages/airflow/example_dags/example_display_name.py
[2026-05-19T13:41:28.814+0000] {processor.py:830} INFO - Processing file /home/airflow/.local/lib/python3.12/site-packages/airflow/example_dags/example_display_name.py for tasks to queue
[2026-05-19T13:41:28.823+0000] {logging_mixin.py:188} INFO - [2026-05-19T13:41:28.820+0000] {dagbag.py:545} INFO - Filling up the DagBag from /home/airflow/.local/lib/python3.12/site-packages/airflow/example_dags/example_display_name.py
[2026-05-19T13:41:28.846+0000] {processor.py:840} INFO - DAG(s) 'example_display_name' retrieved from /home/airflow/.local/lib/python3.12/site-packages/airflow/example_dags/example_display_name.py
[2026-05-19T13:41:28.971+0000] {logging_mixin.py:188} INFO - [2026-05-19T13:41:28.968+0000] {dag.py:3096} INFO - Sync 1 DAGs
[2026-05-19T13:41:29.035+0000] {logging_mixin.py:188} INFO - [2026-05-19T13:41:29.035+0000] {dag.py:3954} INFO - Setting next_dagrun for example_display_name to None, run_after=None
[2026-05-19T13:41:29.097+0000] {processor.py:183} INFO - Processing /home/airflow/.local/lib/python3.12/site-packages/airflow/example_dags/example_display_name.py took 0.311 seconds
[2026-05-19T13:41:59.334+0000] {processor.py:161} INFO - Started process (PID=1370) to work on /home/airflow/.local/lib/python3.12/site-packages/airflow/example_dags/example_display_name.py
[2026-05-19T13:41:59.336+0000] {processor.py:830} INFO - Processing file /home/airflow/.local/lib/python3.12/site-packages/airflow/example_dags/example_display_name.py for tasks to queue
[2026-05-19T13:41:59.340+0000] {logging_mixin.py:188} INFO - [2026-05-19T13:41:59.339+0000] {dagbag.py:545} INFO - Filling up the DagBag from /home/airflow/.local/lib/python3.12/site-packages/airflow/example_dags/example_display_name.py
[2026-05-19T13:41:59.362+0000] {processor.py:840} INFO - DAG(s) 'example_display_name' retrieved from /home/airflow/.local/lib/python3.12/site-packages/airflow/example_dags/example_display_name.py
[2026-05-19T13:41:59.418+0000] {logging_mixin.py:188} INFO - [2026-05-19T13:41:59.418+0000] {dag.py:3096} INFO - Sync 1 DAGs
[2026-05-19T13:41:59.444+0000] {logging_mixin.py:188} INFO - [2026-05-19T13:41:59.443+0000] {dag.py:3954} INFO - Setting next_dagrun for example_display_name to None, run_after=None
[2026-05-19T13:41:59.511+0000] {processor.py:183} INFO - Processing /home/airflow/.local/lib/python3.12/site-packages/airflow/example_dags/example_display_name.py took 0.194 seconds
[2026-05-19T13:42:30.381+0000] {processor.py:161} INFO - Started process (PID=1429) to work on /home/airflow/.local/lib/python3.12/site-packages/airflow/example_dags/example_display_name.py
[2026-05-19T13:42:30.382+0000] {processor.py:830} INFO - Processing file /home/airflow/.local/lib/python3.12/site-packages/airflow/example_dags/example_display_name.py for tasks to queue
[2026-05-19T13:42:30.385+0000] {logging_mixin.py:188} INFO - [2026-05-19T13:42:30.384+0000] {dagbag.py:545} INFO - Filling up the DagBag from /home/airflow/.local/lib/python3.12/site-packages/airflow/example_dags/example_display_name.py
[2026-05-19T13:42:30.392+0000] {processor.py:840} INFO - DAG(s) 'example_display_name' retrieved from /home/airflow/.local/lib/python3.12/site-packages/airflow/example_dags/example_display_name.py
[2026-05-19T13:42:30.419+0000] {logging_mixin.py:188} INFO - [2026-05-19T13:42:30.419+0000] {dag.py:3096} INFO - Sync 1 DAGs
[2026-05-19T13:42:30.431+0000] {logging_mixin.py:188} INFO - [2026-05-19T13:42:30.431+0000] {dag.py:3954} INFO - Setting next_dagrun for example_display_name to None, run_after=None
[2026-05-19T13:42:30.458+0000] {processor.py:183} INFO - Processing /home/airflow/.local/lib/python3.12/site-packages/airflow/example_dags/example_display_name.py took 0.083 seconds
[2026-05-19T13:43:00.652+0000] {processor.py:161} INFO - Started process (PID=1488) to work on /home/airflow/.local/lib/python3.12/site-packages/airflow/example_dags/example_display_name.py
[2026-05-19T13:43:00.656+0000] {processor.py:830} INFO - Processing file /home/airflow/.local/lib/python3.12/site-packages/airflow/example_dags/example_display_name.py for tasks to queue
[2026-05-19T13:43:00.661+0000] {logging_mixin.py:188} INFO - [2026-05-19T13:43:00.660+0000] {dagbag.py:545} INFO - Filling up the DagBag from /home/airflow/.local/lib/python3.12/site-packages/airflow/example_dags/example_display_name.py
[2026-05-19T13:43:00.672+0000] {processor.py:840} INFO - DAG(s) 'example_display_name' retrieved from /home/airflow/.local/lib/python3.12/site-packages/airflow/example_dags/example_display_name.py
[2026-05-19T13:43:00.699+0000] {logging_mixin.py:188} INFO - [2026-05-19T13:43:00.698+0000] {dag.py:3096} INFO - Sync 1 DAGs
[2026-05-19T13:43:00.958+0000] {logging_mixin.py:188} INFO - [2026-05-19T13:43:00.957+0000] {dag.py:3954} INFO - Setting next_dagrun for example_display_name to None, run_after=None
[2026-05-19T13:43:00.988+0000] {processor.py:183} INFO - Processing /home/airflow/.local/lib/python3.12/site-packages/airflow/example_dags/example_display_name.py took 0.342 seconds
[2026-05-19T13:43:31.183+0000] {processor.py:161} INFO - Started process (PID=1548) to work on /home/airflow/.local/lib/python3.12/site-packages/airflow/example_dags/example_display_name.py
[2026-05-19T13:43:31.184+0000] {processor.py:830} INFO - Processing file /home/airflow/.local/lib/python3.12/site-packages/airflow/example_dags/example_display_name.py for tasks to queue
[2026-05-19T13:43:31.186+0000] {logging_mixin.py:188} INFO - [2026-05-19T13:43:31.186+0000] {dagbag.py:545} INFO - Filling up the DagBag from /home/airflow/.local/lib/python3.12/site-packages/airflow/example_dags/example_display_name.py
[2026-05-19T13:43:31.194+0000] {processor.py:840} INFO - DAG(s) 'example_display_name' retrieved from /home/airflow/.local/lib/python3.12/site-packages/airflow/example_dags/example_display_name.py
[2026-05-19T13:43:31.226+0000] {logging_mixin.py:188} INFO - [2026-05-19T13:43:31.225+0000] {dag.py:3096} INFO - Sync 1 DAGs
[2026-05-19T13:43:31.454+0000] {logging_mixin.py:188} INFO - [2026-05-19T13:43:31.454+0000] {dag.py:3954} INFO - Setting next_dagrun for example_display_name to None, run_after=None
[2026-05-19T13:43:31.492+0000] {processor.py:183} INFO - Processing /home/airflow/.local/lib/python3.12/site-packages/airflow/example_dags/example_display_name.py took 0.316 seconds
[2026-05-19T13:44:01.738+0000] {processor.py:161} INFO - Started process (PID=1607) to work on /home/airflow/.local/lib/python3.12/site-packages/airflow/example_dags/example_display_name.py
[2026-05-19T13:44:01.739+0000] {processor.py:830} INFO - Processing file /home/airflow/.local/lib/python3.12/site-packages/airflow/example_dags/example_display_name.py for tasks to queue
[2026-05-19T13:44:01.742+0000] {logging_mixin.py:188} INFO - [2026-05-19T13:44:01.742+0000] {dagbag.py:545} INFO - Filling up the DagBag from /home/airflow/.local/lib/python3.12/site-packages/airflow/example_dags/example_display_name.py
[2026-05-19T13:44:01.753+0000] {processor.py:840} INFO - DAG(s) 'example_display_name' retrieved from /home/airflow/.local/lib/python3.12/site-packages/airflow/example_dags/example_display_name.py
[2026-05-19T13:44:01.804+0000] {logging_mixin.py:188} INFO - [2026-05-19T13:44:01.803+0000] {dag.py:3096} INFO - Sync 1 DAGs
[2026-05-19T13:44:01.833+0000] {logging_mixin.py:188} INFO - [2026-05-19T13:44:01.831+0000] {dag.py:3954} INFO - Setting next_dagrun for example_display_name to None, run_after=None
[2026-05-19T13:44:01.879+0000] {processor.py:183} INFO - Processing /home/airflow/.local/lib/python3.12/site-packages/airflow/example_dags/example_display_name.py took 0.153 seconds
[2026-05-19T13:44:32.061+0000] {processor.py:161} INFO - Started process (PID=1666) to work on /home/airflow/.local/lib/python3.12/site-packages/airflow/example_dags/example_display_name.py
[2026-05-19T13:44:32.063+0000] {processor.py:830} INFO - Processing file /home/airflow/.local/lib/python3.12/site-packages/airflow/example_dags/example_display_name.py for tasks to queue
[2026-05-19T13:44:32.069+0000] {logging_mixin.py:188} INFO - [2026-05-19T13:44:32.068+0000] {dagbag.py:545} INFO - Filling up the DagBag from /home/airflow/.local/lib/python3.12/site-packages/airflow/example_dags/example_display_name.py
[2026-05-19T13:44:32.078+0000] {processor.py:840} INFO - DAG(s) 'example_display_name' retrieved from /home/airflow/.local/lib/python3.12/site-packages/airflow/example_dags/example_display_name.py
[2026-05-19T13:44:32.113+0000] {logging_mixin.py:188} INFO - [2026-05-19T13:44:32.112+0000] {dag.py:3096} INFO - Sync 1 DAGs
[2026-05-19T13:44:32.140+0000] {logging_mixin.py:188} INFO - [2026-05-19T13:44:32.140+0000] {dag.py:3954} INFO - Setting next_dagrun for example_display_name to None, run_after=None
[2026-05-19T13:44:32.178+0000] {processor.py:183} INFO - Processing /home/airflow/.local/lib/python3.12/site-packages/airflow/example_dags/example_display_name.py took 0.130 seconds
[2026-05-19T13:45:02.367+0000] {processor.py:161} INFO - Started process (PID=1725) to work on /home/airflow/.local/lib/python3.12/site-packages/airflow/example_dags/example_display_name.py
[2026-05-19T13:45:02.370+0000] {processor.py:830} INFO - Processing file /home/airflow/.local/lib/python3.12/site-packages/airflow/example_dags/example_display_name.py for tasks to queue
[2026-05-19T13:45:02.373+0000] {logging_mixin.py:188} INFO - [2026-05-19T13:45:02.372+0000] {dagbag.py:545} INFO - Filling up the DagBag from /home/airflow/.local/lib/python3.12/site-packages/airflow/example_dags/example_display_name.py
[2026-05-19T13:45:02.384+0000] {processor.py:840} INFO - DAG(s) 'example_display_name' retrieved from /home/airflow/.local/lib/python3.12/site-packages/airflow/example_dags/example_display_name.py
[2026-05-19T13:45:02.420+0000] {logging_mixin.py:188} INFO - [2026-05-19T13:45:02.419+0000] {dag.py:3096} INFO - Sync 1 DAGs
[2026-05-19T13:45:02.435+0000] {logging_mixin.py:188} INFO - [2026-05-19T13:45:02.434+0000] {dag.py:3954} INFO - Setting next_dagrun for example_display_name to None, run_after=None
[2026-05-19T13:45:02.465+0000] {processor.py:183} INFO - Processing /home/airflow/.local/lib/python3.12/site-packages/airflow/example_dags/example_display_name.py took 0.106 seconds
[2026-05-19T13:45:32.981+0000] {processor.py:161} INFO - Started process (PID=1784) to work on /home/airflow/.local/lib/python3.12/site-packages/airflow/example_dags/example_display_name.py
[2026-05-19T13:45:32.983+0000] {processor.py:830} INFO - Processing file /home/airflow/.local/lib/python3.12/site-packages/airflow/example_dags/example_display_name.py for tasks to queue
[2026-05-19T13:45:32.989+0000] {logging_mixin.py:188} INFO - [2026-05-19T13:45:32.988+0000] {dagbag.py:545} INFO - Filling up the DagBag from /home/airflow/.local/lib/python3.12/site-packages/airflow/example_dags/example_display_name.py
[2026-05-19T13:45:33.006+0000] {processor.py:840} INFO - DAG(s) 'example_display_name' retrieved from /home/airflow/.local/lib/python3.12/site-packages/airflow/example_dags/example_display_name.py
[2026-05-19T13:45:33.046+0000] {logging_mixin.py:188} INFO - [2026-05-19T13:45:33.046+0000] {dag.py:3096} INFO - Sync 1 DAGs
[2026-05-19T13:45:33.084+0000] {logging_mixin.py:188} INFO - [2026-05-19T13:45:33.083+0000] {dag.py:3954} INFO - Setting next_dagrun for example_display_name to None, run_after=None
[2026-05-19T13:45:33.122+0000] {processor.py:183} INFO - Processing /home/airflow/.local/lib/python3.12/site-packages/airflow/example_dags/example_display_name.py took 0.150 seconds
[2026-05-19T13:46:03.216+0000] {processor.py:161} INFO - Started process (PID=1843) to work on /home/airflow/.local/lib/python3.12/site-packages/airflow/example_dags/example_display_name.py
[2026-05-19T13:46:03.218+0000] {processor.py:830} INFO - Processing file /home/airflow/.local/lib/python3.12/site-packages/airflow/example_dags/example_display_name.py for tasks to queue
[2026-05-19T13:46:03.221+0000] {logging_mixin.py:188} INFO - [2026-05-19T13:46:03.220+0000] {dagbag.py:545} INFO - Filling up the DagBag from /home/airflow/.local/lib/python3.12/site-packages/airflow/example_dags/example_display_name.py
[2026-05-19T13:46:03.227+0000] {processor.py:840} INFO - DAG(s) 'example_display_name' retrieved from /home/airflow/.local/lib/python3.12/site-packages/airflow/example_dags/example_display_name.py
[2026-05-19T13:46:03.250+0000] {logging_mixin.py:188} INFO - [2026-05-19T13:46:03.250+0000] {dag.py:3096} INFO - Sync 1 DAGs
[2026-05-19T13:46:03.267+0000] {logging_mixin.py:188} INFO - [2026-05-19T13:46:03.267+0000] {dag.py:3954} INFO - Setting next_dagrun for example_display_name to None, run_after=None
[2026-05-19T13:46:03.298+0000] {processor.py:183} INFO - Processing /home/airflow/.local/lib/python3.12/site-packages/airflow/example_dags/example_display_name.py took 0.090 seconds
[2026-05-19T13:46:33.706+0000] {processor.py:161} INFO - Started process (PID=1903) to work on /home/airflow/.local/lib/python3.12/site-packages/airflow/example_dags/example_display_name.py
[2026-05-19T13:46:33.709+0000] {processor.py:830} INFO - Processing file /home/airflow/.local/lib/python3.12/site-packages/airflow/example_dags/example_display_name.py for tasks to queue
[2026-05-19T13:46:33.718+0000] {logging_mixin.py:188} INFO - [2026-05-19T13:46:33.716+0000] {dagbag.py:545} INFO - Filling up the DagBag from /home/airflow/.local/lib/python3.12/site-packages/airflow/example_dags/example_display_name.py
[2026-05-19T13:46:33.729+0000] {processor.py:840} INFO - DAG(s) 'example_display_name' retrieved from /home/airflow/.local/lib/python3.12/site-packages/airflow/example_dags/example_display_name.py
[2026-05-19T13:46:33.782+0000] {logging_mixin.py:188} INFO - [2026-05-19T13:46:33.782+0000] {dag.py:3096} INFO - Sync 1 DAGs
[2026-05-19T13:46:33.817+0000] {logging_mixin.py:188} INFO - [2026-05-19T13:46:33.817+0000] {dag.py:3954} INFO - Setting next_dagrun for example_display_name to None, run_after=None
[2026-05-19T13:46:33.863+0000] {processor.py:183} INFO - Processing /home/airflow/.local/lib/python3.12/site-packages/airflow/example_dags/example_display_name.py took 0.172 seconds
[2026-05-19T13:47:04.520+0000] {processor.py:161} INFO - Started process (PID=1962) to work on /home/airflow/.local/lib/python3.12/site-packages/airflow/example_dags/example_display_name.py
[2026-05-19T13:47:04.523+0000] {processor.py:830} INFO - Processing file /home/airflow/.local/lib/python3.12/site-packages/airflow/example_dags/example_display_name.py for tasks to queue
[2026-05-19T13:47:04.529+0000] {logging_mixin.py:188} INFO - [2026-05-19T13:47:04.528+0000] {dagbag.py:545} INFO - Filling up the DagBag from /home/airflow/.local/lib/python3.12/site-packages/airflow/example_dags/example_display_name.py
[2026-05-19T13:47:04.541+0000] {processor.py:840} INFO - DAG(s) 'example_display_name' retrieved from /home/airflow/.local/lib/python3.12/site-packages/airflow/example_dags/example_display_name.py
[2026-05-19T13:47:04.574+0000] {logging_mixin.py:188} INFO - [2026-05-19T13:47:04.574+0000] {dag.py:3096} INFO - Sync 1 DAGs
[2026-05-19T13:47:04.594+0000] {logging_mixin.py:188} INFO - [2026-05-19T13:47:04.594+0000] {dag.py:3954} INFO - Setting next_dagrun for example_display_name to None, run_after=None
[2026-05-19T13:47:04.638+0000] {processor.py:183} INFO - Processing /home/airflow/.local/lib/python3.12/site-packages/airflow/example_dags/example_display_name.py took 0.130 seconds
[2026-05-19T13:47:35.018+0000] {processor.py:161} INFO - Started process (PID=2021) to work on /home/airflow/.local/lib/python3.12/site-packages/airflow/example_dags/example_display_name.py
[2026-05-19T13:47:35.019+0000] {processor.py:830} INFO - Processing file /home/airflow/.local/lib/python3.12/site-packages/airflow/example_dags/example_display_name.py for tasks to queue
[2026-05-19T13:47:35.022+0000] {logging_mixin.py:188} INFO - [2026-05-19T13:47:35.021+0000] {dagbag.py:545} INFO - Filling up the DagBag from /home/airflow/.local/lib/python3.12/site-packages/airflow/example_dags/example_display_name.py
[2026-05-19T13:47:35.027+0000] {processor.py:840} INFO - DAG(s) 'example_display_name' retrieved from /home/airflow/.local/lib/python3.12/site-packages/airflow/example_dags/example_display_name.py
[2026-05-19T13:47:35.058+0000] {logging_mixin.py:188} INFO - [2026-05-19T13:47:35.058+0000] {dag.py:3096} INFO - Sync 1 DAGs
[2026-05-19T13:47:35.076+0000] {logging_mixin.py:188} INFO - [2026-05-19T13:47:35.076+0000] {dag.py:3954} INFO - Setting next_dagrun for example_display_name to None, run_after=None
[2026-05-19T13:47:35.103+0000] {processor.py:183} INFO - Processing /home/airflow/.local/lib/python3.12/site-packages/airflow/example_dags/example_display_name.py took 0.091 seconds
[2026-05-19T13:48:05.613+0000] {processor.py:161} INFO - Started process (PID=2080) to work on /home/airflow/.local/lib/python3.12/site-packages/airflow/example_dags/example_display_name.py
[2026-05-19T13:48:05.615+0000] {processor.py:830} INFO - Processing file /home/airflow/.local/lib/python3.12/site-packages/airflow/example_dags/example_display_name.py for tasks to queue
[2026-05-19T13:48:05.619+0000] {logging_mixin.py:188} INFO - [2026-05-19T13:48:05.618+0000] {dagbag.py:545} INFO - Filling up the DagBag from /home/airflow/.local/lib/python3.12/site-packages/airflow/example_dags/example_display_name.py
[2026-05-19T13:48:05.628+0000] {processor.py:840} INFO - DAG(s) 'example_display_name' retrieved from /home/airflow/.local/lib/python3.12/site-packages/airflow/example_dags/example_display_name.py
[2026-05-19T13:48:05.670+0000] {logging_mixin.py:188} INFO - [2026-05-19T13:48:05.670+0000] {dag.py:3096} INFO - Sync 1 DAGs
[2026-05-19T13:48:05.701+0000] {logging_mixin.py:188} INFO - [2026-05-19T13:48:05.701+0000] {dag.py:3954} INFO - Setting next_dagrun for example_display_name to None, run_after=None
[2026-05-19T13:48:05.788+0000] {processor.py:183} INFO - Processing /home/airflow/.local/lib/python3.12/site-packages/airflow/example_dags/example_display_name.py took 0.182 seconds
[2026-05-19T13:48:36.185+0000] {processor.py:161} INFO - Started process (PID=2139) to work on /home/airflow/.local/lib/python3.12/site-packages/airflow/example_dags/example_display_name.py
[2026-05-19T13:48:36.186+0000] {processor.py:830} INFO - Processing file /home/airflow/.local/lib/python3.12/site-packages/airflow/example_dags/example_display_name.py for tasks to queue
[2026-05-19T13:48:36.190+0000] {logging_mixin.py:188} INFO - [2026-05-19T13:48:36.189+0000] {dagbag.py:545} INFO - Filling up the DagBag from /home/airflow/.local/lib/python3.12/site-packages/airflow/example_dags/example_display_name.py
[2026-05-19T13:48:36.201+0000] {processor.py:840} INFO - DAG(s) 'example_display_name' retrieved from /home/airflow/.local/lib/python3.12/site-packages/airflow/example_dags/example_display_name.py
[2026-05-19T13:48:36.231+0000] {logging_mixin.py:188} INFO - [2026-05-19T13:48:36.231+0000] {dag.py:3096} INFO - Sync 1 DAGs
[2026-05-19T13:48:36.247+0000] {logging_mixin.py:188} INFO - [2026-05-19T13:48:36.247+0000] {dag.py:3954} INFO - Setting next_dagrun for example_display_name to None, run_after=None
[2026-05-19T13:48:36.275+0000] {processor.py:183} INFO - Processing /home/airflow/.local/lib/python3.12/site-packages/airflow/example_dags/example_display_name.py took 0.097 seconds
[2026-05-19T13:49:06.813+0000] {processor.py:161} INFO - Started process (PID=2198) to work on /home/airflow/.local/lib/python3.12/site-packages/airflow/example_dags/example_display_name.py
[2026-05-19T13:49:06.816+0000] {processor.py:830} INFO - Processing file /home/airflow/.local/lib/python3.12/site-packages/airflow/example_dags/example_display_name.py for tasks to queue
[2026-05-19T13:49:06.821+0000] {logging_mixin.py:188} INFO - [2026-05-19T13:49:06.820+0000] {dagbag.py:545} INFO - Filling up the DagBag from /home/airflow/.local/lib/python3.12/site-packages/airflow/example_dags/example_display_name.py
[2026-05-19T13:49:06.832+0000] {processor.py:840} INFO - DAG(s) 'example_display_name' retrieved from /home/airflow/.local/lib/python3.12/site-packages/airflow/example_dags/example_display_name.py
[2026-05-19T13:49:06.879+0000] {logging_mixin.py:188} INFO - [2026-05-19T13:49:06.878+0000] {dag.py:3096} INFO - Sync 1 DAGs
[2026-05-19T13:49:06.903+0000] {logging_mixin.py:188} INFO - [2026-05-19T13:49:06.902+0000] {dag.py:3954} INFO - Setting next_dagrun for example_display_name to None, run_after=None
[2026-05-19T13:49:06.945+0000] {processor.py:183} INFO - Processing /home/airflow/.local/lib/python3.12/site-packages/airflow/example_dags/example_display_name.py took 0.146 seconds
[2026-05-19T13:49:37.362+0000] {processor.py:161} INFO - Started process (PID=2257) to work on /home/airflow/.local/lib/python3.12/site-packages/airflow/example_dags/example_display_name.py
[2026-05-19T13:49:37.371+0000] {processor.py:830} INFO - Processing file /home/airflow/.local/lib/python3.12/site-packages/airflow/example_dags/example_display_name.py for tasks to queue
[2026-05-19T13:49:37.393+0000] {logging_mixin.py:188} INFO - [2026-05-19T13:49:37.392+0000] {dagbag.py:545} INFO - Filling up the DagBag from /home/airflow/.local/lib/python3.12/site-packages/airflow/example_dags/example_display_name.py
[2026-05-19T13:49:37.421+0000] {processor.py:840} INFO - DAG(s) 'example_display_name' retrieved from /home/airflow/.local/lib/python3.12/site-packages/airflow/example_dags/example_display_name.py
[2026-05-19T13:49:37.508+0000] {logging_mixin.py:188} INFO - [2026-05-19T13:49:37.507+0000] {dag.py:3096} INFO - Sync 1 DAGs
[2026-05-19T13:49:37.634+0000] {logging_mixin.py:188} INFO - [2026-05-19T13:49:37.634+0000] {dag.py:3954} INFO - Setting next_dagrun for example_display_name to None, run_after=None
[2026-05-19T13:49:37.727+0000] {processor.py:183} INFO - Processing /home/airflow/.local/lib/python3.12/site-packages/airflow/example_dags/example_display_name.py took 0.444 seconds
[2026-05-19T13:50:07.910+0000] {processor.py:161} INFO - Started process (PID=2316) to work on /home/airflow/.local/lib/python3.12/site-packages/airflow/example_dags/example_display_name.py
[2026-05-19T13:50:07.911+0000] {processor.py:830} INFO - Processing file /home/airflow/.local/lib/python3.12/site-packages/airflow/example_dags/example_display_name.py for tasks to queue
[2026-05-19T13:50:07.914+0000] {logging_mixin.py:188} INFO - [2026-05-19T13:50:07.913+0000] {dagbag.py:545} INFO - Filling up the DagBag from /home/airflow/.local/lib/python3.12/site-packages/airflow/example_dags/example_display_name.py
[2026-05-19T13:50:07.921+0000] {processor.py:840} INFO - DAG(s) 'example_display_name' retrieved from /home/airflow/.local/lib/python3.12/site-packages/airflow/example_dags/example_display_name.py
[2026-05-19T13:50:07.949+0000] {logging_mixin.py:188} INFO - [2026-05-19T13:50:07.949+0000] {dag.py:3096} INFO - Sync 1 DAGs
[2026-05-19T13:50:07.962+0000] {logging_mixin.py:188} INFO - [2026-05-19T13:50:07.962+0000] {dag.py:3954} INFO - Setting next_dagrun for example_display_name to None, run_after=None
[2026-05-19T13:50:07.994+0000] {processor.py:183} INFO - Processing /home/airflow/.local/lib/python3.12/site-packages/airflow/example_dags/example_display_name.py took 0.093 seconds
[2026-05-19T13:50:38.392+0000] {processor.py:161} INFO - Started process (PID=2375) to work on /home/airflow/.local/lib/python3.12/site-packages/airflow/example_dags/example_display_name.py
[2026-05-19T13:50:38.394+0000] {processor.py:830} INFO - Processing file /home/airflow/.local/lib/python3.12/site-packages/airflow/example_dags/example_display_name.py for tasks to queue
[2026-05-19T13:50:38.397+0000] {logging_mixin.py:188} INFO - [2026-05-19T13:50:38.397+0000] {dagbag.py:545} INFO - Filling up the DagBag from /home/airflow/.local/lib/python3.12/site-packages/airflow/example_dags/example_display_name.py
[2026-05-19T13:50:38.404+0000] {processor.py:840} INFO - DAG(s) 'example_display_name' retrieved from /home/airflow/.local/lib/python3.12/site-packages/airflow/example_dags/example_display_name.py
[2026-05-19T13:50:38.434+0000] {logging_mixin.py:188} INFO - [2026-05-19T13:50:38.433+0000] {dag.py:3096} INFO - Sync 1 DAGs
[2026-05-19T13:50:38.456+0000] {logging_mixin.py:188} INFO - [2026-05-19T13:50:38.456+0000] {dag.py:3954} INFO - Setting next_dagrun for example_display_name to None, run_after=None
[2026-05-19T13:50:38.490+0000] {processor.py:183} INFO - Processing /home/airflow/.local/lib/python3.12/site-packages/airflow/example_dags/example_display_name.py took 0.106 seconds
[2026-05-19T13:51:09.121+0000] {processor.py:161} INFO - Started process (PID=2434) to work on /home/airflow/.local/lib/python3.12/site-packages/airflow/example_dags/example_display_name.py
[2026-05-19T13:51:09.123+0000] {processor.py:830} INFO - Processing file /home/airflow/.local/lib/python3.12/site-packages/airflow/example_dags/example_display_name.py for tasks to queue
[2026-05-19T13:51:09.128+0000] {logging_mixin.py:188} INFO - [2026-05-19T13:51:09.127+0000] {dagbag.py:545} INFO - Filling up the DagBag from /home/airflow/.local/lib/python3.12/site-packages/airflow/example_dags/example_display_name.py
[2026-05-19T13:51:09.140+0000] {processor.py:840} INFO - DAG(s) 'example_display_name' retrieved from /home/airflow/.local/lib/python3.12/site-packages/airflow/example_dags/example_display_name.py
[2026-05-19T13:51:09.176+0000] {logging_mixin.py:188} INFO - [2026-05-19T13:51:09.175+0000] {dag.py:3096} INFO - Sync 1 DAGs
[2026-05-19T13:51:09.204+0000] {logging_mixin.py:188} INFO - [2026-05-19T13:51:09.203+0000] {dag.py:3954} INFO - Setting next_dagrun for example_display_name to None, run_after=None
[2026-05-19T13:51:09.237+0000] {processor.py:183} INFO - Processing /home/airflow/.local/lib/python3.12/site-packages/airflow/example_dags/example_display_name.py took 0.126 seconds
[2026-05-19T13:51:39.667+0000] {processor.py:161} INFO - Started process (PID=2493) to work on /home/airflow/.local/lib/python3.12/site-packages/airflow/example_dags/example_display_name.py
[2026-05-19T13:51:39.668+0000] {processor.py:830} INFO - Processing file /home/airflow/.local/lib/python3.12/site-packages/airflow/example_dags/example_display_name.py for tasks to queue
[2026-05-19T13:51:39.672+0000] {logging_mixin.py:188} INFO - [2026-05-19T13:51:39.671+0000] {dagbag.py:545} INFO - Filling up the DagBag from /home/airflow/.local/lib/python3.12/site-packages/airflow/example_dags/example_display_name.py
[2026-05-19T13:51:39.680+0000] {processor.py:840} INFO - DAG(s) 'example_display_name' retrieved from /home/airflow/.local/lib/python3.12/site-packages/airflow/example_dags/example_display_name.py
[2026-05-19T13:51:39.710+0000] {logging_mixin.py:188} INFO - [2026-05-19T13:51:39.709+0000] {dag.py:3096} INFO - Sync 1 DAGs
[2026-05-19T13:51:39.728+0000] {logging_mixin.py:188} INFO - [2026-05-19T13:51:39.728+0000] {dag.py:3954} INFO - Setting next_dagrun for example_display_name to None, run_after=None
[2026-05-19T13:51:39.763+0000] {processor.py:183} INFO - Processing /home/airflow/.local/lib/python3.12/site-packages/airflow/example_dags/example_display_name.py took 0.104 seconds
[2026-05-19T13:52:09.859+0000] {processor.py:161} INFO - Started process (PID=2552) to work on /home/airflow/.local/lib/python3.12/site-packages/airflow/example_dags/example_display_name.py
[2026-05-19T13:52:09.860+0000] {processor.py:830} INFO - Processing file /home/airflow/.local/lib/python3.12/site-packages/airflow/example_dags/example_display_name.py for tasks to queue
[2026-05-19T13:52:09.863+0000] {logging_mixin.py:188} INFO - [2026-05-19T13:52:09.863+0000] {dagbag.py:545} INFO - Filling up the DagBag from /home/airflow/.local/lib/python3.12/site-packages/airflow/example_dags/example_display_name.py
[2026-05-19T13:52:09.870+0000] {processor.py:840} INFO - DAG(s) 'example_display_name' retrieved from /home/airflow/.local/lib/python3.12/site-packages/airflow/example_dags/example_display_name.py
[2026-05-19T13:52:09.901+0000] {logging_mixin.py:188} INFO - [2026-05-19T13:52:09.900+0000] {dag.py:3096} INFO - Sync 1 DAGs
[2026-05-19T13:52:09.916+0000] {logging_mixin.py:188} INFO - [2026-05-19T13:52:09.915+0000] {dag.py:3954} INFO - Setting next_dagrun for example_display_name to None, run_after=None
[2026-05-19T13:52:09.949+0000] {processor.py:183} INFO - Processing /home/airflow/.local/lib/python3.12/site-packages/airflow/example_dags/example_display_name.py took 0.095 seconds
[2026-05-19T13:52:40.146+0000] {processor.py:161} INFO - Started process (PID=2611) to work on /home/airflow/.local/lib/python3.12/site-packages/airflow/example_dags/example_display_name.py
[2026-05-19T13:52:40.147+0000] {processor.py:830} INFO - Processing file /home/airflow/.local/lib/python3.12/site-packages/airflow/example_dags/example_display_name.py for tasks to queue
[2026-05-19T13:52:40.150+0000] {logging_mixin.py:188} INFO - [2026-05-19T13:52:40.150+0000] {dagbag.py:545} INFO - Filling up the DagBag from /home/airflow/.local/lib/python3.12/site-packages/airflow/example_dags/example_display_name.py
[2026-05-19T13:52:40.159+0000] {processor.py:840} INFO - DAG(s) 'example_display_name' retrieved from /home/airflow/.local/lib/python3.12/site-packages/airflow/example_dags/example_display_name.py
[2026-05-19T13:52:40.196+0000] {logging_mixin.py:188} INFO - [2026-05-19T13:52:40.195+0000] {dag.py:3096} INFO - Sync 1 DAGs
[2026-05-19T13:52:40.215+0000] {logging_mixin.py:188} INFO - [2026-05-19T13:52:40.215+0000] {dag.py:3954} INFO - Setting next_dagrun for example_display_name to None, run_after=None
[2026-05-19T13:52:40.252+0000] {processor.py:183} INFO - Processing /home/airflow/.local/lib/python3.12/site-packages/airflow/example_dags/example_display_name.py took 0.114 seconds
[2026-05-19T13:53:10.514+0000] {processor.py:161} INFO - Started process (PID=2670) to work on /home/airflow/.local/lib/python3.12/site-packages/airflow/example_dags/example_display_name.py
[2026-05-19T13:53:10.516+0000] {processor.py:830} INFO - Processing file /home/airflow/.local/lib/python3.12/site-packages/airflow/example_dags/example_display_name.py for tasks to queue
[2026-05-19T13:53:10.520+0000] {logging_mixin.py:188} INFO - [2026-05-19T13:53:10.519+0000] {dagbag.py:545} INFO - Filling up the DagBag from /home/airflow/.local/lib/python3.12/site-packages/airflow/example_dags/example_display_name.py
[2026-05-19T13:53:10.527+0000] {processor.py:840} INFO - DAG(s) 'example_display_name' retrieved from /home/airflow/.local/lib/python3.12/site-packages/airflow/example_dags/example_display_name.py
[2026-05-19T13:53:10.553+0000] {logging_mixin.py:188} INFO - [2026-05-19T13:53:10.553+0000] {dag.py:3096} INFO - Sync 1 DAGs
[2026-05-19T13:53:10.572+0000] {logging_mixin.py:188} INFO - [2026-05-19T13:53:10.571+0000] {dag.py:3954} INFO - Setting next_dagrun for example_display_name to None, run_after=None
[2026-05-19T13:53:10.602+0000] {processor.py:183} INFO - Processing /home/airflow/.local/lib/python3.12/site-packages/airflow/example_dags/example_display_name.py took 0.097 seconds
[2026-05-19T13:53:41.054+0000] {processor.py:161} INFO - Started process (PID=2729) to work on /home/airflow/.local/lib/python3.12/site-packages/airflow/example_dags/example_display_name.py
[2026-05-19T13:53:41.056+0000] {processor.py:830} INFO - Processing file /home/airflow/.local/lib/python3.12/site-packages/airflow/example_dags/example_display_name.py for tasks to queue
[2026-05-19T13:53:41.058+0000] {logging_mixin.py:188} INFO - [2026-05-19T13:53:41.058+0000] {dagbag.py:545} INFO - Filling up the DagBag from /home/airflow/.local/lib/python3.12/site-packages/airflow/example_dags/example_display_name.py
[2026-05-19T13:53:41.067+0000] {processor.py:840} INFO - DAG(s) 'example_display_name' retrieved from /home/airflow/.local/lib/python3.12/site-packages/airflow/example_dags/example_display_name.py
[2026-05-19T13:53:41.091+0000] {logging_mixin.py:188} INFO - [2026-05-19T13:53:41.091+0000] {dag.py:3096} INFO - Sync 1 DAGs
[2026-05-19T13:53:41.112+0000] {logging_mixin.py:188} INFO - [2026-05-19T13:53:41.111+0000] {dag.py:3954} INFO - Setting next_dagrun for example_display_name to None, run_after=None
[2026-05-19T13:53:41.147+0000] {processor.py:183} INFO - Processing /home/airflow/.local/lib/python3.12/site-packages/airflow/example_dags/example_display_name.py took 0.102 seconds
[2026-05-19T13:54:11.490+0000] {processor.py:161} INFO - Started process (PID=2788) to work on /home/airflow/.local/lib/python3.12/site-packages/airflow/example_dags/example_display_name.py
[2026-05-19T13:54:11.493+0000] {processor.py:830} INFO - Processing file /home/airflow/.local/lib/python3.12/site-packages/airflow/example_dags/example_display_name.py for tasks to queue
[2026-05-19T13:54:11.497+0000] {logging_mixin.py:188} INFO - [2026-05-19T13:54:11.496+0000] {dagbag.py:545} INFO - Filling up the DagBag from /home/airflow/.local/lib/python3.12/site-packages/airflow/example_dags/example_display_name.py
[2026-05-19T13:54:11.506+0000] {processor.py:840} INFO - DAG(s) 'example_display_name' retrieved from /home/airflow/.local/lib/python3.12/site-packages/airflow/example_dags/example_display_name.py
[2026-05-19T13:54:11.554+0000] {logging_mixin.py:188} INFO - [2026-05-19T13:54:11.553+0000] {dag.py:3096} INFO - Sync 1 DAGs
[2026-05-19T13:54:11.571+0000] {logging_mixin.py:188} INFO - [2026-05-19T13:54:11.571+0000] {dag.py:3954} INFO - Setting next_dagrun for example_display_name to None, run_after=None
[2026-05-19T13:54:11.605+0000] {processor.py:183} INFO - Processing /home/airflow/.local/lib/python3.12/site-packages/airflow/example_dags/example_display_name.py took 0.131 seconds
[2026-05-19T13:54:42.421+0000] {processor.py:161} INFO - Started process (PID=2847) to work on /home/airflow/.local/lib/python3.12/site-packages/airflow/example_dags/example_display_name.py
[2026-05-19T13:54:42.438+0000] {processor.py:830} INFO - Processing file /home/airflow/.local/lib/python3.12/site-packages/airflow/example_dags/example_display_name.py for tasks to queue
[2026-05-19T13:54:42.473+0000] {logging_mixin.py:188} INFO - [2026-05-19T13:54:42.465+0000] {dagbag.py:545} INFO - Filling up the DagBag from /home/airflow/.local/lib/python3.12/site-packages/airflow/example_dags/example_display_name.py
[2026-05-19T13:54:42.553+0000] {processor.py:840} INFO - DAG(s) 'example_display_name' retrieved from /home/airflow/.local/lib/python3.12/site-packages/airflow/example_dags/example_display_name.py
[2026-05-19T13:54:42.746+0000] {logging_mixin.py:188} INFO - [2026-05-19T13:54:42.745+0000] {dag.py:3096} INFO - Sync 1 DAGs
[2026-05-19T13:54:42.844+0000] {logging_mixin.py:188} INFO - [2026-05-19T13:54:42.843+0000] {dag.py:3954} INFO - Setting next_dagrun for example_display_name to None, run_after=None
[2026-05-19T13:54:42.902+0000] {processor.py:183} INFO - Processing /home/airflow/.local/lib/python3.12/site-packages/airflow/example_dags/example_display_name.py took 0.589 seconds
[2026-05-19T13:55:13.482+0000] {processor.py:161} INFO - Started process (PID=2906) to work on /home/airflow/.local/lib/python3.12/site-packages/airflow/example_dags/example_display_name.py
[2026-05-19T13:55:13.484+0000] {processor.py:830} INFO - Processing file /home/airflow/.local/lib/python3.12/site-packages/airflow/example_dags/example_display_name.py for tasks to queue
[2026-05-19T13:55:13.488+0000] {logging_mixin.py:188} INFO - [2026-05-19T13:55:13.487+0000] {dagbag.py:545} INFO - Filling up the DagBag from /home/airflow/.local/lib/python3.12/site-packages/airflow/example_dags/example_display_name.py
[2026-05-19T13:55:13.499+0000] {processor.py:840} INFO - DAG(s) 'example_display_name' retrieved from /home/airflow/.local/lib/python3.12/site-packages/airflow/example_dags/example_display_name.py
[2026-05-19T13:55:13.550+0000] {logging_mixin.py:188} INFO - [2026-05-19T13:55:13.549+0000] {dag.py:3096} INFO - Sync 1 DAGs
[2026-05-19T13:55:13.582+0000] {logging_mixin.py:188} INFO - [2026-05-19T13:55:13.582+0000] {dag.py:3954} INFO - Setting next_dagrun for example_display_name to None, run_after=None
[2026-05-19T13:55:13.631+0000] {processor.py:183} INFO - Processing /home/airflow/.local/lib/python3.12/site-packages/airflow/example_dags/example_display_name.py took 0.160 seconds
[2026-05-19T13:55:43.822+0000] {processor.py:161} INFO - Started process (PID=2965) to work on /home/airflow/.local/lib/python3.12/site-packages/airflow/example_dags/example_display_name.py
[2026-05-19T13:55:43.825+0000] {processor.py:830} INFO - Processing file /home/airflow/.local/lib/python3.12/site-packages/airflow/example_dags/example_display_name.py for tasks to queue
[2026-05-19T13:55:43.830+0000] {logging_mixin.py:188} INFO - [2026-05-19T13:55:43.829+0000] {dagbag.py:545} INFO - Filling up the DagBag from /home/airflow/.local/lib/python3.12/site-packages/airflow/example_dags/example_display_name.py
[2026-05-19T13:55:43.839+0000] {processor.py:840} INFO - DAG(s) 'example_display_name' retrieved from /home/airflow/.local/lib/python3.12/site-packages/airflow/example_dags/example_display_name.py
[2026-05-19T13:55:43.881+0000] {logging_mixin.py:188} INFO - [2026-05-19T13:55:43.881+0000] {dag.py:3096} INFO - Sync 1 DAGs
[2026-05-19T13:55:43.913+0000] {logging_mixin.py:188} INFO - [2026-05-19T13:55:43.913+0000] {dag.py:3954} INFO - Setting next_dagrun for example_display_name to None, run_after=None
[2026-05-19T13:55:43.950+0000] {processor.py:183} INFO - Processing /home/airflow/.local/lib/python3.12/site-packages/airflow/example_dags/example_display_name.py took 0.136 seconds
[2026-05-19T13:56:14.089+0000] {processor.py:161} INFO - Started process (PID=3024) to work on /home/airflow/.local/lib/python3.12/site-packages/airflow/example_dags/example_display_name.py
[2026-05-19T13:56:14.092+0000] {processor.py:830} INFO - Processing file /home/airflow/.local/lib/python3.12/site-packages/airflow/example_dags/example_display_name.py for tasks to queue
[2026-05-19T13:56:14.096+0000] {logging_mixin.py:188} INFO - [2026-05-19T13:56:14.095+0000] {dagbag.py:545} INFO - Filling up the DagBag from /home/airflow/.local/lib/python3.12/site-packages/airflow/example_dags/example_display_name.py
[2026-05-19T13:56:14.113+0000] {processor.py:840} INFO - DAG(s) 'example_display_name' retrieved from /home/airflow/.local/lib/python3.12/site-packages/airflow/example_dags/example_display_name.py
[2026-05-19T13:56:14.150+0000] {logging_mixin.py:188} INFO - [2026-05-19T13:56:14.150+0000] {dag.py:3096} INFO - Sync 1 DAGs
[2026-05-19T13:56:14.189+0000] {logging_mixin.py:188} INFO - [2026-05-19T13:56:14.188+0000] {dag.py:3954} INFO - Setting next_dagrun for example_display_name to None, run_after=None
[2026-05-19T13:56:14.233+0000] {processor.py:183} INFO - Processing /home/airflow/.local/lib/python3.12/site-packages/airflow/example_dags/example_display_name.py took 0.160 seconds
[2026-05-19T13:56:44.824+0000] {processor.py:161} INFO - Started process (PID=3082) to work on /home/airflow/.local/lib/python3.12/site-packages/airflow/example_dags/example_display_name.py
[2026-05-19T13:56:44.826+0000] {processor.py:830} INFO - Processing file /home/airflow/.local/lib/python3.12/site-packages/airflow/example_dags/example_display_name.py for tasks to queue
[2026-05-19T13:56:44.830+0000] {logging_mixin.py:188} INFO - [2026-05-19T13:56:44.830+0000] {dagbag.py:545} INFO - Filling up the DagBag from /home/airflow/.local/lib/python3.12/site-packages/airflow/example_dags/example_display_name.py
[2026-05-19T13:56:44.843+0000] {processor.py:840} INFO - DAG(s) 'example_display_name' retrieved from /home/airflow/.local/lib/python3.12/site-packages/airflow/example_dags/example_display_name.py
[2026-05-19T13:56:44.879+0000] {logging_mixin.py:188} INFO - [2026-05-19T13:56:44.878+0000] {dag.py:3096} INFO - Sync 1 DAGs
[2026-05-19T13:56:44.901+0000] {logging_mixin.py:188} INFO - [2026-05-19T13:56:44.901+0000] {dag.py:3954} INFO - Setting next_dagrun for example_display_name to None, run_after=None
[2026-05-19T13:56:44.950+0000] {processor.py:183} INFO - Processing /home/airflow/.local/lib/python3.12/site-packages/airflow/example_dags/example_display_name.py took 0.142 seconds
[2026-05-19T13:57:15.129+0000] {processor.py:161} INFO - Started process (PID=3141) to work on /home/airflow/.local/lib/python3.12/site-packages/airflow/example_dags/example_display_name.py
[2026-05-19T13:57:15.131+0000] {processor.py:830} INFO - Processing file /home/airflow/.local/lib/python3.12/site-packages/airflow/example_dags/example_display_name.py for tasks to queue
[2026-05-19T13:57:15.136+0000] {logging_mixin.py:188} INFO - [2026-05-19T13:57:15.135+0000] {dagbag.py:545} INFO - Filling up the DagBag from /home/airflow/.local/lib/python3.12/site-packages/airflow/example_dags/example_display_name.py
[2026-05-19T13:57:15.145+0000] {processor.py:840} INFO - DAG(s) 'example_display_name' retrieved from /home/airflow/.local/lib/python3.12/site-packages/airflow/example_dags/example_display_name.py
[2026-05-19T13:57:15.174+0000] {logging_mixin.py:188} INFO - [2026-05-19T13:57:15.174+0000] {dag.py:3096} INFO - Sync 1 DAGs
[2026-05-19T13:57:15.195+0000] {logging_mixin.py:188} INFO - [2026-05-19T13:57:15.195+0000] {dag.py:3954} INFO - Setting next_dagrun for example_display_name to None, run_after=None
[2026-05-19T13:57:15.228+0000] {processor.py:183} INFO - Processing /home/airflow/.local/lib/python3.12/site-packages/airflow/example_dags/example_display_name.py took 0.105 seconds
[2026-05-19T13:57:45.966+0000] {processor.py:161} INFO - Started process (PID=3200) to work on /home/airflow/.local/lib/python3.12/site-packages/airflow/example_dags/example_display_name.py
[2026-05-19T13:57:45.967+0000] {processor.py:830} INFO - Processing file /home/airflow/.local/lib/python3.12/site-packages/airflow/example_dags/example_display_name.py for tasks to queue
[2026-05-19T13:57:45.970+0000] {logging_mixin.py:188} INFO - [2026-05-19T13:57:45.970+0000] {dagbag.py:545} INFO - Filling up the DagBag from /home/airflow/.local/lib/python3.12/site-packages/airflow/example_dags/example_display_name.py
[2026-05-19T13:57:45.978+0000] {processor.py:840} INFO - DAG(s) 'example_display_name' retrieved from /home/airflow/.local/lib/python3.12/site-packages/airflow/example_dags/example_display_name.py
[2026-05-19T13:57:46.019+0000] {logging_mixin.py:188} INFO - [2026-05-19T13:57:46.018+0000] {dag.py:3096} INFO - Sync 1 DAGs
[2026-05-19T13:57:46.038+0000] {logging_mixin.py:188} INFO - [2026-05-19T13:57:46.037+0000] {dag.py:3954} INFO - Setting next_dagrun for example_display_name to None, run_after=None
[2026-05-19T13:57:46.081+0000] {processor.py:183} INFO - Processing /home/airflow/.local/lib/python3.12/site-packages/airflow/example_dags/example_display_name.py took 0.122 seconds
[2026-05-19T13:58:16.511+0000] {processor.py:161} INFO - Started process (PID=3259) to work on /home/airflow/.local/lib/python3.12/site-packages/airflow/example_dags/example_display_name.py
[2026-05-19T13:58:16.514+0000] {processor.py:830} INFO - Processing file /home/airflow/.local/lib/python3.12/site-packages/airflow/example_dags/example_display_name.py for tasks to queue
[2026-05-19T13:58:16.520+0000] {logging_mixin.py:188} INFO - [2026-05-19T13:58:16.519+0000] {dagbag.py:545} INFO - Filling up the DagBag from /home/airflow/.local/lib/python3.12/site-packages/airflow/example_dags/example_display_name.py
[2026-05-19T13:58:16.540+0000] {processor.py:840} INFO - DAG(s) 'example_display_name' retrieved from /home/airflow/.local/lib/python3.12/site-packages/airflow/example_dags/example_display_name.py
[2026-05-19T13:58:16.584+0000] {logging_mixin.py:188} INFO - [2026-05-19T13:58:16.584+0000] {dag.py:3096} INFO - Sync 1 DAGs
[2026-05-19T13:58:16.600+0000] {logging_mixin.py:188} INFO - [2026-05-19T13:58:16.599+0000] {dag.py:3954} INFO - Setting next_dagrun for example_display_name to None, run_after=None
[2026-05-19T13:58:16.642+0000] {processor.py:183} INFO - Processing /home/airflow/.local/lib/python3.12/site-packages/airflow/example_dags/example_display_name.py took 0.141 seconds
[2026-05-19T13:58:47.161+0000] {processor.py:161} INFO - Started process (PID=3318) to work on /home/airflow/.local/lib/python3.12/site-packages/airflow/example_dags/example_display_name.py
[2026-05-19T13:58:47.163+0000] {processor.py:830} INFO - Processing file /home/airflow/.local/lib/python3.12/site-packages/airflow/example_dags/example_display_name.py for tasks to queue
[2026-05-19T13:58:47.166+0000] {logging_mixin.py:188} INFO - [2026-05-19T13:58:47.166+0000] {dagbag.py:545} INFO - Filling up the DagBag from /home/airflow/.local/lib/python3.12/site-packages/airflow/example_dags/example_display_name.py
[2026-05-19T13:58:47.174+0000] {processor.py:840} INFO - DAG(s) 'example_display_name' retrieved from /home/airflow/.local/lib/python3.12/site-packages/airflow/example_dags/example_display_name.py
[2026-05-19T13:58:47.211+0000] {logging_mixin.py:188} INFO - [2026-05-19T13:58:47.211+0000] {dag.py:3096} INFO - Sync 1 DAGs
[2026-05-19T13:58:47.245+0000] {logging_mixin.py:188} INFO - [2026-05-19T13:58:47.244+0000] {dag.py:3954} INFO - Setting next_dagrun for example_display_name to None, run_after=None
[2026-05-19T13:58:47.277+0000] {processor.py:183} INFO - Processing /home/airflow/.local/lib/python3.12/site-packages/airflow/example_dags/example_display_name.py took 0.127 seconds
[2026-05-19T13:59:17.625+0000] {processor.py:161} INFO - Started process (PID=3377) to work on /home/airflow/.local/lib/python3.12/site-packages/airflow/example_dags/example_display_name.py
[2026-05-19T13:59:17.627+0000] {processor.py:830} INFO - Processing file /home/airflow/.local/lib/python3.12/site-packages/airflow/example_dags/example_display_name.py for tasks to queue
[2026-05-19T13:59:17.631+0000] {logging_mixin.py:188} INFO - [2026-05-19T13:59:17.630+0000] {dagbag.py:545} INFO - Filling up the DagBag from /home/airflow/.local/lib/python3.12/site-packages/airflow/example_dags/example_display_name.py
[2026-05-19T13:59:17.639+0000] {processor.py:840} INFO - DAG(s) 'example_display_name' retrieved from /home/airflow/.local/lib/python3.12/site-packages/airflow/example_dags/example_display_name.py
[2026-05-19T13:59:17.665+0000] {logging_mixin.py:188} INFO - [2026-05-19T13:59:17.665+0000] {dag.py:3096} INFO - Sync 1 DAGs
[2026-05-19T13:59:17.678+0000] {logging_mixin.py:188} INFO - [2026-05-19T13:59:17.678+0000] {dag.py:3954} INFO - Setting next_dagrun for example_display_name to None, run_after=None
[2026-05-19T13:59:17.705+0000] {processor.py:183} INFO - Processing /home/airflow/.local/lib/python3.12/site-packages/airflow/example_dags/example_display_name.py took 0.088 seconds
[2026-05-19T13:59:48.343+0000] {processor.py:161} INFO - Started process (PID=3443) to work on /home/airflow/.local/lib/python3.12/site-packages/airflow/example_dags/example_display_name.py
[2026-05-19T13:59:48.346+0000] {processor.py:830} INFO - Processing file /home/airflow/.local/lib/python3.12/site-packages/airflow/example_dags/example_display_name.py for tasks to queue
[2026-05-19T13:59:48.381+0000] {logging_mixin.py:188} INFO - [2026-05-19T13:59:48.380+0000] {dagbag.py:545} INFO - Filling up the DagBag from /home/airflow/.local/lib/python3.12/site-packages/airflow/example_dags/example_display_name.py
[2026-05-19T13:59:48.510+0000] {processor.py:840} INFO - DAG(s) 'example_display_name' retrieved from /home/airflow/.local/lib/python3.12/site-packages/airflow/example_dags/example_display_name.py
[2026-05-19T13:59:48.692+0000] {logging_mixin.py:188} INFO - [2026-05-19T13:59:48.690+0000] {dag.py:3096} INFO - Sync 1 DAGs
[2026-05-19T13:59:48.869+0000] {logging_mixin.py:188} INFO - [2026-05-19T13:59:48.868+0000] {dag.py:3954} INFO - Setting next_dagrun for example_display_name to None, run_after=None
[2026-05-19T13:59:49.128+0000] {processor.py:183} INFO - Processing /home/airflow/.local/lib/python3.12/site-packages/airflow/example_dags/example_display_name.py took 0.825 seconds
[2026-05-19T14:00:19.734+0000] {processor.py:161} INFO - Started process (PID=3502) to work on /home/airflow/.local/lib/python3.12/site-packages/airflow/example_dags/example_display_name.py
[2026-05-19T14:00:19.736+0000] {processor.py:830} INFO - Processing file /home/airflow/.local/lib/python3.12/site-packages/airflow/example_dags/example_display_name.py for tasks to queue
[2026-05-19T14:00:19.739+0000] {logging_mixin.py:188} INFO - [2026-05-19T14:00:19.739+0000] {dagbag.py:545} INFO - Filling up the DagBag from /home/airflow/.local/lib/python3.12/site-packages/airflow/example_dags/example_display_name.py
[2026-05-19T14:00:19.748+0000] {processor.py:840} INFO - DAG(s) 'example_display_name' retrieved from /home/airflow/.local/lib/python3.12/site-packages/airflow/example_dags/example_display_name.py
[2026-05-19T14:00:19.776+0000] {logging_mixin.py:188} INFO - [2026-05-19T14:00:19.776+0000] {dag.py:3096} INFO - Sync 1 DAGs
[2026-05-19T14:00:19.798+0000] {logging_mixin.py:188} INFO - [2026-05-19T14:00:19.798+0000] {dag.py:3954} INFO - Setting next_dagrun for example_display_name to None, run_after=None
[2026-05-19T14:00:19.826+0000] {processor.py:183} INFO - Processing /home/airflow/.local/lib/python3.12/site-packages/airflow/example_dags/example_display_name.py took 0.099 seconds
[2026-05-19T14:00:50.556+0000] {processor.py:161} INFO - Started process (PID=3562) to work on /home/airflow/.local/lib/python3.12/site-packages/airflow/example_dags/example_display_name.py
[2026-05-19T14:00:50.564+0000] {processor.py:830} INFO - Processing file /home/airflow/.local/lib/python3.12/site-packages/airflow/example_dags/example_display_name.py for tasks to queue
[2026-05-19T14:00:50.582+0000] {logging_mixin.py:188} INFO - [2026-05-19T14:00:50.576+0000] {dagbag.py:545} INFO - Filling up the DagBag from /home/airflow/.local/lib/python3.12/site-packages/airflow/example_dags/example_display_name.py
[2026-05-19T14:00:50.651+0000] {processor.py:840} INFO - DAG(s) 'example_display_name' retrieved from /home/airflow/.local/lib/python3.12/site-packages/airflow/example_dags/example_display_name.py
[2026-05-19T14:00:50.785+0000] {logging_mixin.py:188} INFO - [2026-05-19T14:00:50.784+0000] {dag.py:3096} INFO - Sync 1 DAGs
[2026-05-19T14:00:50.913+0000] {logging_mixin.py:188} INFO - [2026-05-19T14:00:50.912+0000] {dag.py:3954} INFO - Setting next_dagrun for example_display_name to None, run_after=None
[2026-05-19T14:00:51.107+0000] {processor.py:183} INFO - Processing /home/airflow/.local/lib/python3.12/site-packages/airflow/example_dags/example_display_name.py took 0.599 seconds
[2026-05-19T14:01:21.787+0000] {processor.py:161} INFO - Started process (PID=3621) to work on /home/airflow/.local/lib/python3.12/site-packages/airflow/example_dags/example_display_name.py
[2026-05-19T14:01:21.789+0000] {processor.py:830} INFO - Processing file /home/airflow/.local/lib/python3.12/site-packages/airflow/example_dags/example_display_name.py for tasks to queue
[2026-05-19T14:01:21.792+0000] {logging_mixin.py:188} INFO - [2026-05-19T14:01:21.792+0000] {dagbag.py:545} INFO - Filling up the DagBag from /home/airflow/.local/lib/python3.12/site-packages/airflow/example_dags/example_display_name.py
[2026-05-19T14:01:21.804+0000] {processor.py:840} INFO - DAG(s) 'example_display_name' retrieved from /home/airflow/.local/lib/python3.12/site-packages/airflow/example_dags/example_display_name.py
[2026-05-19T14:01:21.842+0000] {logging_mixin.py:188} INFO - [2026-05-19T14:01:21.841+0000] {dag.py:3096} INFO - Sync 1 DAGs
[2026-05-19T14:01:21.860+0000] {logging_mixin.py:188} INFO - [2026-05-19T14:01:21.860+0000] {dag.py:3954} INFO - Setting next_dagrun for example_display_name to None, run_after=None
[2026-05-19T14:01:21.903+0000] {processor.py:183} INFO - Processing /home/airflow/.local/lib/python3.12/site-packages/airflow/example_dags/example_display_name.py took 0.128 seconds
[2026-05-19T14:01:52.427+0000] {processor.py:161} INFO - Started process (PID=3680) to work on /home/airflow/.local/lib/python3.12/site-packages/airflow/example_dags/example_display_name.py
[2026-05-19T14:01:52.431+0000] {processor.py:830} INFO - Processing file /home/airflow/.local/lib/python3.12/site-packages/airflow/example_dags/example_display_name.py for tasks to queue
[2026-05-19T14:01:52.437+0000] {logging_mixin.py:188} INFO - [2026-05-19T14:01:52.436+0000] {dagbag.py:545} INFO - Filling up the DagBag from /home/airflow/.local/lib/python3.12/site-packages/airflow/example_dags/example_display_name.py
[2026-05-19T14:01:52.451+0000] {processor.py:840} INFO - DAG(s) 'example_display_name' retrieved from /home/airflow/.local/lib/python3.12/site-packages/airflow/example_dags/example_display_name.py
[2026-05-19T14:01:52.502+0000] {logging_mixin.py:188} INFO - [2026-05-19T14:01:52.502+0000] {dag.py:3096} INFO - Sync 1 DAGs
[2026-05-19T14:01:52.532+0000] {logging_mixin.py:188} INFO - [2026-05-19T14:01:52.532+0000] {dag.py:3954} INFO - Setting next_dagrun for example_display_name to None, run_after=None
[2026-05-19T14:01:52.588+0000] {processor.py:183} INFO - Processing /home/airflow/.local/lib/python3.12/site-packages/airflow/example_dags/example_display_name.py took 0.187 seconds
[2026-05-19T14:02:22.680+0000] {processor.py:161} INFO - Started process (PID=3739) to work on /home/airflow/.local/lib/python3.12/site-packages/airflow/example_dags/example_display_name.py
[2026-05-19T14:02:22.682+0000] {processor.py:830} INFO - Processing file /home/airflow/.local/lib/python3.12/site-packages/airflow/example_dags/example_display_name.py for tasks to queue
[2026-05-19T14:02:22.684+0000] {logging_mixin.py:188} INFO - [2026-05-19T14:02:22.684+0000] {dagbag.py:545} INFO - Filling up the DagBag from /home/airflow/.local/lib/python3.12/site-packages/airflow/example_dags/example_display_name.py
[2026-05-19T14:02:22.690+0000] {processor.py:840} INFO - DAG(s) 'example_display_name' retrieved from /home/airflow/.local/lib/python3.12/site-packages/airflow/example_dags/example_display_name.py
[2026-05-19T14:02:22.717+0000] {logging_mixin.py:188} INFO - [2026-05-19T14:02:22.716+0000] {dag.py:3096} INFO - Sync 1 DAGs
[2026-05-19T14:02:22.734+0000] {logging_mixin.py:188} INFO - [2026-05-19T14:02:22.734+0000] {dag.py:3954} INFO - Setting next_dagrun for example_display_name to None, run_after=None
[2026-05-19T14:02:22.756+0000] {processor.py:183} INFO - Processing /home/airflow/.local/lib/python3.12/site-packages/airflow/example_dags/example_display_name.py took 0.083 seconds
[2026-05-19T14:02:53.600+0000] {processor.py:161} INFO - Started process (PID=3798) to work on /home/airflow/.local/lib/python3.12/site-packages/airflow/example_dags/example_display_name.py
[2026-05-19T14:02:53.602+0000] {processor.py:830} INFO - Processing file /home/airflow/.local/lib/python3.12/site-packages/airflow/example_dags/example_display_name.py for tasks to queue
[2026-05-19T14:02:53.605+0000] {logging_mixin.py:188} INFO - [2026-05-19T14:02:53.605+0000] {dagbag.py:545} INFO - Filling up the DagBag from /home/airflow/.local/lib/python3.12/site-packages/airflow/example_dags/example_display_name.py
[2026-05-19T14:02:53.613+0000] {processor.py:840} INFO - DAG(s) 'example_display_name' retrieved from /home/airflow/.local/lib/python3.12/site-packages/airflow/example_dags/example_display_name.py
[2026-05-19T14:02:53.635+0000] {logging_mixin.py:188} INFO - [2026-05-19T14:02:53.635+0000] {dag.py:3096} INFO - Sync 1 DAGs
[2026-05-19T14:02:53.651+0000] {logging_mixin.py:188} INFO - [2026-05-19T14:02:53.650+0000] {dag.py:3954} INFO - Setting next_dagrun for example_display_name to None, run_after=None
[2026-05-19T14:02:53.683+0000] {processor.py:183} INFO - Processing /home/airflow/.local/lib/python3.12/site-packages/airflow/example_dags/example_display_name.py took 0.090 seconds
[2026-05-19T14:03:23.955+0000] {processor.py:161} INFO - Started process (PID=3857) to work on /home/airflow/.local/lib/python3.12/site-packages/airflow/example_dags/example_display_name.py
[2026-05-19T14:03:23.956+0000] {processor.py:830} INFO - Processing file /home/airflow/.local/lib/python3.12/site-packages/airflow/example_dags/example_display_name.py for tasks to queue
[2026-05-19T14:03:23.960+0000] {logging_mixin.py:188} INFO - [2026-05-19T14:03:23.960+0000] {dagbag.py:545} INFO - Filling up the DagBag from /home/airflow/.local/lib/python3.12/site-packages/airflow/example_dags/example_display_name.py
[2026-05-19T14:03:23.976+0000] {processor.py:840} INFO - DAG(s) 'example_display_name' retrieved from /home/airflow/.local/lib/python3.12/site-packages/airflow/example_dags/example_display_name.py
[2026-05-19T14:03:24.022+0000] {logging_mixin.py:188} INFO - [2026-05-19T14:03:24.022+0000] {dag.py:3096} INFO - Sync 1 DAGs
[2026-05-19T14:03:24.045+0000] {logging_mixin.py:188} INFO - [2026-05-19T14:03:24.045+0000] {dag.py:3954} INFO - Setting next_dagrun for example_display_name to None, run_after=None
[2026-05-19T14:03:24.084+0000] {processor.py:183} INFO - Processing /home/airflow/.local/lib/python3.12/site-packages/airflow/example_dags/example_display_name.py took 0.141 seconds
[2026-05-19T14:03:54.263+0000] {processor.py:161} INFO - Started process (PID=3916) to work on /home/airflow/.local/lib/python3.12/site-packages/airflow/example_dags/example_display_name.py
[2026-05-19T14:03:54.264+0000] {processor.py:830} INFO - Processing file /home/airflow/.local/lib/python3.12/site-packages/airflow/example_dags/example_display_name.py for tasks to queue
[2026-05-19T14:03:54.267+0000] {logging_mixin.py:188} INFO - [2026-05-19T14:03:54.266+0000] {dagbag.py:545} INFO - Filling up the DagBag from /home/airflow/.local/lib/python3.12/site-packages/airflow/example_dags/example_display_name.py
[2026-05-19T14:03:54.275+0000] {processor.py:840} INFO - DAG(s) 'example_display_name' retrieved from /home/airflow/.local/lib/python3.12/site-packages/airflow/example_dags/example_display_name.py
[2026-05-19T14:03:54.306+0000] {logging_mixin.py:188} INFO - [2026-05-19T14:03:54.306+0000] {dag.py:3096} INFO - Sync 1 DAGs
[2026-05-19T14:03:54.318+0000] {logging_mixin.py:188} INFO - [2026-05-19T14:03:54.318+0000] {dag.py:3954} INFO - Setting next_dagrun for example_display_name to None, run_after=None
[2026-05-19T14:03:54.346+0000] {processor.py:183} INFO - Processing /home/airflow/.local/lib/python3.12/site-packages/airflow/example_dags/example_display_name.py took 0.089 seconds
[2026-05-19T14:04:24.579+0000] {processor.py:161} INFO - Started process (PID=3975) to work on /home/airflow/.local/lib/python3.12/site-packages/airflow/example_dags/example_display_name.py
[2026-05-19T14:04:24.581+0000] {processor.py:830} INFO - Processing file /home/airflow/.local/lib/python3.12/site-packages/airflow/example_dags/example_display_name.py for tasks to queue
[2026-05-19T14:04:24.585+0000] {logging_mixin.py:188} INFO - [2026-05-19T14:04:24.585+0000] {dagbag.py:545} INFO - Filling up the DagBag from /home/airflow/.local/lib/python3.12/site-packages/airflow/example_dags/example_display_name.py
[2026-05-19T14:04:24.594+0000] {processor.py:840} INFO - DAG(s) 'example_display_name' retrieved from /home/airflow/.local/lib/python3.12/site-packages/airflow/example_dags/example_display_name.py
[2026-05-19T14:04:24.636+0000] {logging_mixin.py:188} INFO - [2026-05-19T14:04:24.636+0000] {dag.py:3096} INFO - Sync 1 DAGs
[2026-05-19T14:04:24.655+0000] {logging_mixin.py:188} INFO - [2026-05-19T14:04:24.655+0000] {dag.py:3954} INFO - Setting next_dagrun for example_display_name to None, run_after=None
[2026-05-19T14:04:24.683+0000] {processor.py:183} INFO - Processing /home/airflow/.local/lib/python3.12/site-packages/airflow/example_dags/example_display_name.py took 0.117 seconds
[2026-05-19T14:04:55.038+0000] {processor.py:161} INFO - Started process (PID=4034) to work on /home/airflow/.local/lib/python3.12/site-packages/airflow/example_dags/example_display_name.py
[2026-05-19T14:04:55.040+0000] {processor.py:830} INFO - Processing file /home/airflow/.local/lib/python3.12/site-packages/airflow/example_dags/example_display_name.py for tasks to queue
[2026-05-19T14:04:55.045+0000] {logging_mixin.py:188} INFO - [2026-05-19T14:04:55.044+0000] {dagbag.py:545} INFO - Filling up the DagBag from /home/airflow/.local/lib/python3.12/site-packages/airflow/example_dags/example_display_name.py
[2026-05-19T14:04:55.053+0000] {processor.py:840} INFO - DAG(s) 'example_display_name' retrieved from /home/airflow/.local/lib/python3.12/site-packages/airflow/example_dags/example_display_name.py
[2026-05-19T14:04:55.075+0000] {logging_mixin.py:188} INFO - [2026-05-19T14:04:55.075+0000] {dag.py:3096} INFO - Sync 1 DAGs
[2026-05-19T14:04:55.088+0000] {logging_mixin.py:188} INFO - [2026-05-19T14:04:55.088+0000] {dag.py:3954} INFO - Setting next_dagrun for example_display_name to None, run_after=None
[2026-05-19T14:04:55.133+0000] {processor.py:183} INFO - Processing /home/airflow/.local/lib/python3.12/site-packages/airflow/example_dags/example_display_name.py took 0.102 seconds
[2026-05-19T14:05:25.410+0000] {processor.py:161} INFO - Started process (PID=4093) to work on /home/airflow/.local/lib/python3.12/site-packages/airflow/example_dags/example_display_name.py
[2026-05-19T14:05:25.412+0000] {processor.py:830} INFO - Processing file /home/airflow/.local/lib/python3.12/site-packages/airflow/example_dags/example_display_name.py for tasks to queue
[2026-05-19T14:05:25.414+0000] {logging_mixin.py:188} INFO - [2026-05-19T14:05:25.414+0000] {dagbag.py:545} INFO - Filling up the DagBag from /home/airflow/.local/lib/python3.12/site-packages/airflow/example_dags/example_display_name.py
[2026-05-19T14:05:25.426+0000] {processor.py:840} INFO - DAG(s) 'example_display_name' retrieved from /home/airflow/.local/lib/python3.12/site-packages/airflow/example_dags/example_display_name.py
[2026-05-19T14:05:25.455+0000] {logging_mixin.py:188} INFO - [2026-05-19T14:05:25.454+0000] {dag.py:3096} INFO - Sync 1 DAGs
[2026-05-19T14:05:25.470+0000] {logging_mixin.py:188} INFO - [2026-05-19T14:05:25.470+0000] {dag.py:3954} INFO - Setting next_dagrun for example_display_name to None, run_after=None
[2026-05-19T14:05:25.490+0000] {processor.py:183} INFO - Processing /home/airflow/.local/lib/python3.12/site-packages/airflow/example_dags/example_display_name.py took 0.087 seconds
[2026-05-19T14:05:55.832+0000] {processor.py:161} INFO - Started process (PID=4153) to work on /home/airflow/.local/lib/python3.12/site-packages/airflow/example_dags/example_display_name.py
[2026-05-19T14:05:55.834+0000] {processor.py:830} INFO - Processing file /home/airflow/.local/lib/python3.12/site-packages/airflow/example_dags/example_display_name.py for tasks to queue
[2026-05-19T14:05:55.836+0000] {logging_mixin.py:188} INFO - [2026-05-19T14:05:55.836+0000] {dagbag.py:545} INFO - Filling up the DagBag from /home/airflow/.local/lib/python3.12/site-packages/airflow/example_dags/example_display_name.py
[2026-05-19T14:05:55.844+0000] {processor.py:840} INFO - DAG(s) 'example_display_name' retrieved from /home/airflow/.local/lib/python3.12/site-packages/airflow/example_dags/example_display_name.py
[2026-05-19T14:05:55.876+0000] {logging_mixin.py:188} INFO - [2026-05-19T14:05:55.875+0000] {dag.py:3096} INFO - Sync 1 DAGs
[2026-05-19T14:05:55.888+0000] {logging_mixin.py:188} INFO - [2026-05-19T14:05:55.888+0000] {dag.py:3954} INFO - Setting next_dagrun for example_display_name to None, run_after=None
[2026-05-19T14:05:55.913+0000] {processor.py:183} INFO - Processing /home/airflow/.local/lib/python3.12/site-packages/airflow/example_dags/example_display_name.py took 0.089 seconds
[2026-05-19T14:06:26.625+0000] {processor.py:161} INFO - Started process (PID=4212) to work on /home/airflow/.local/lib/python3.12/site-packages/airflow/example_dags/example_display_name.py
[2026-05-19T14:06:26.626+0000] {processor.py:830} INFO - Processing file /home/airflow/.local/lib/python3.12/site-packages/airflow/example_dags/example_display_name.py for tasks to queue
[2026-05-19T14:06:26.631+0000] {logging_mixin.py:188} INFO - [2026-05-19T14:06:26.631+0000] {dagbag.py:545} INFO - Filling up the DagBag from /home/airflow/.local/lib/python3.12/site-packages/airflow/example_dags/example_display_name.py
[2026-05-19T14:06:26.643+0000] {processor.py:840} INFO - DAG(s) 'example_display_name' retrieved from /home/airflow/.local/lib/python3.12/site-packages/airflow/example_dags/example_display_name.py
[2026-05-19T14:06:26.703+0000] {logging_mixin.py:188} INFO - [2026-05-19T14:06:26.702+0000] {dag.py:3096} INFO - Sync 1 DAGs
[2026-05-19T14:06:26.741+0000] {logging_mixin.py:188} INFO - [2026-05-19T14:06:26.740+0000] {dag.py:3954} INFO - Setting next_dagrun for example_display_name to None, run_after=None
[2026-05-19T14:06:26.799+0000] {processor.py:183} INFO - Processing /home/airflow/.local/lib/python3.12/site-packages/airflow/example_dags/example_display_name.py took 0.185 seconds
[2026-05-19T14:06:57.028+0000] {processor.py:161} INFO - Started process (PID=4271) to work on /home/airflow/.local/lib/python3.12/site-packages/airflow/example_dags/example_display_name.py
[2026-05-19T14:06:57.029+0000] {processor.py:830} INFO - Processing file /home/airflow/.local/lib/python3.12/site-packages/airflow/example_dags/example_display_name.py for tasks to queue
[2026-05-19T14:06:57.033+0000] {logging_mixin.py:188} INFO - [2026-05-19T14:06:57.032+0000] {dagbag.py:545} INFO - Filling up the DagBag from /home/airflow/.local/lib/python3.12/site-packages/airflow/example_dags/example_display_name.py
[2026-05-19T14:06:57.039+0000] {processor.py:840} INFO - DAG(s) 'example_display_name' retrieved from /home/airflow/.local/lib/python3.12/site-packages/airflow/example_dags/example_display_name.py
[2026-05-19T14:06:57.063+0000] {logging_mixin.py:188} INFO - [2026-05-19T14:06:57.063+0000] {dag.py:3096} INFO - Sync 1 DAGs
[2026-05-19T14:06:57.078+0000] {logging_mixin.py:188} INFO - [2026-05-19T14:06:57.078+0000] {dag.py:3954} INFO - Setting next_dagrun for example_display_name to None, run_after=None
[2026-05-19T14:06:57.106+0000] {processor.py:183} INFO - Processing /home/airflow/.local/lib/python3.12/site-packages/airflow/example_dags/example_display_name.py took 0.086 seconds
[2026-05-19T14:07:27.423+0000] {processor.py:161} INFO - Started process (PID=4328) to work on /home/airflow/.local/lib/python3.12/site-packages/airflow/example_dags/example_display_name.py
[2026-05-19T14:07:27.426+0000] {processor.py:830} INFO - Processing file /home/airflow/.local/lib/python3.12/site-packages/airflow/example_dags/example_display_name.py for tasks to queue
[2026-05-19T14:07:27.434+0000] {logging_mixin.py:188} INFO - [2026-05-19T14:07:27.433+0000] {dagbag.py:545} INFO - Filling up the DagBag from /home/airflow/.local/lib/python3.12/site-packages/airflow/example_dags/example_display_name.py
[2026-05-19T14:07:27.459+0000] {processor.py:840} INFO - DAG(s) 'example_display_name' retrieved from /home/airflow/.local/lib/python3.12/site-packages/airflow/example_dags/example_display_name.py
[2026-05-19T14:07:27.534+0000] {logging_mixin.py:188} INFO - [2026-05-19T14:07:27.533+0000] {dag.py:3096} INFO - Sync 1 DAGs
[2026-05-19T14:07:27.593+0000] {logging_mixin.py:188} INFO - [2026-05-19T14:07:27.592+0000] {dag.py:3954} INFO - Setting next_dagrun for example_display_name to None, run_after=None
[2026-05-19T14:07:27.690+0000] {processor.py:183} INFO - Processing /home/airflow/.local/lib/python3.12/site-packages/airflow/example_dags/example_display_name.py took 0.298 seconds
[2026-05-19T14:07:58.334+0000] {processor.py:161} INFO - Started process (PID=4387) to work on /home/airflow/.local/lib/python3.12/site-packages/airflow/example_dags/example_display_name.py
[2026-05-19T14:07:58.335+0000] {processor.py:830} INFO - Processing file /home/airflow/.local/lib/python3.12/site-packages/airflow/example_dags/example_display_name.py for tasks to queue
[2026-05-19T14:07:58.337+0000] {logging_mixin.py:188} INFO - [2026-05-19T14:07:58.337+0000] {dagbag.py:545} INFO - Filling up the DagBag from /home/airflow/.local/lib/python3.12/site-packages/airflow/example_dags/example_display_name.py
[2026-05-19T14:07:58.343+0000] {processor.py:840} INFO - DAG(s) 'example_display_name' retrieved from /home/airflow/.local/lib/python3.12/site-packages/airflow/example_dags/example_display_name.py
[2026-05-19T14:07:58.368+0000] {logging_mixin.py:188} INFO - [2026-05-19T14:07:58.367+0000] {dag.py:3096} INFO - Sync 1 DAGs
[2026-05-19T14:07:58.391+0000] {logging_mixin.py:188} INFO - [2026-05-19T14:07:58.390+0000] {dag.py:3954} INFO - Setting next_dagrun for example_display_name to None, run_after=None
[2026-05-19T14:07:58.418+0000] {processor.py:183} INFO - Processing /home/airflow/.local/lib/python3.12/site-packages/airflow/example_dags/example_display_name.py took 0.090 seconds
[2026-05-19T14:08:28.813+0000] {processor.py:161} INFO - Started process (PID=4446) to work on /home/airflow/.local/lib/python3.12/site-packages/airflow/example_dags/example_display_name.py
[2026-05-19T14:08:28.815+0000] {processor.py:830} INFO - Processing file /home/airflow/.local/lib/python3.12/site-packages/airflow/example_dags/example_display_name.py for tasks to queue
[2026-05-19T14:08:28.817+0000] {logging_mixin.py:188} INFO - [2026-05-19T14:08:28.817+0000] {dagbag.py:545} INFO - Filling up the DagBag from /home/airflow/.local/lib/python3.12/site-packages/airflow/example_dags/example_display_name.py
[2026-05-19T14:08:28.823+0000] {processor.py:840} INFO - DAG(s) 'example_display_name' retrieved from /home/airflow/.local/lib/python3.12/site-packages/airflow/example_dags/example_display_name.py
[2026-05-19T14:08:28.853+0000] {logging_mixin.py:188} INFO - [2026-05-19T14:08:28.853+0000] {dag.py:3096} INFO - Sync 1 DAGs
[2026-05-19T14:08:28.877+0000] {logging_mixin.py:188} INFO - [2026-05-19T14:08:28.877+0000] {dag.py:3954} INFO - Setting next_dagrun for example_display_name to None, run_after=None
[2026-05-19T14:08:28.901+0000] {processor.py:183} INFO - Processing /home/airflow/.local/lib/python3.12/site-packages/airflow/example_dags/example_display_name.py took 0.094 seconds
[2026-05-19T14:08:59.548+0000] {processor.py:161} INFO - Started process (PID=4505) to work on /home/airflow/.local/lib/python3.12/site-packages/airflow/example_dags/example_display_name.py
[2026-05-19T14:08:59.549+0000] {processor.py:830} INFO - Processing file /home/airflow/.local/lib/python3.12/site-packages/airflow/example_dags/example_display_name.py for tasks to queue
[2026-05-19T14:08:59.551+0000] {logging_mixin.py:188} INFO - [2026-05-19T14:08:59.551+0000] {dagbag.py:545} INFO - Filling up the DagBag from /home/airflow/.local/lib/python3.12/site-packages/airflow/example_dags/example_display_name.py
[2026-05-19T14:08:59.557+0000] {processor.py:840} INFO - DAG(s) 'example_display_name' retrieved from /home/airflow/.local/lib/python3.12/site-packages/airflow/example_dags/example_display_name.py
[2026-05-19T14:08:59.577+0000] {logging_mixin.py:188} INFO - [2026-05-19T14:08:59.577+0000] {dag.py:3096} INFO - Sync 1 DAGs
[2026-05-19T14:08:59.594+0000] {logging_mixin.py:188} INFO - [2026-05-19T14:08:59.593+0000] {dag.py:3954} INFO - Setting next_dagrun for example_display_name to None, run_after=None
[2026-05-19T14:08:59.618+0000] {processor.py:183} INFO - Processing /home/airflow/.local/lib/python3.12/site-packages/airflow/example_dags/example_display_name.py took 0.075 seconds
[2026-05-19T14:09:29.940+0000] {processor.py:161} INFO - Started process (PID=4565) to work on /home/airflow/.local/lib/python3.12/site-packages/airflow/example_dags/example_display_name.py
[2026-05-19T14:09:29.942+0000] {processor.py:830} INFO - Processing file /home/airflow/.local/lib/python3.12/site-packages/airflow/example_dags/example_display_name.py for tasks to queue
[2026-05-19T14:09:29.945+0000] {logging_mixin.py:188} INFO - [2026-05-19T14:09:29.944+0000] {dagbag.py:545} INFO - Filling up the DagBag from /home/airflow/.local/lib/python3.12/site-packages/airflow/example_dags/example_display_name.py
[2026-05-19T14:09:29.954+0000] {processor.py:840} INFO - DAG(s) 'example_display_name' retrieved from /home/airflow/.local/lib/python3.12/site-packages/airflow/example_dags/example_display_name.py
[2026-05-19T14:09:29.980+0000] {logging_mixin.py:188} INFO - [2026-05-19T14:09:29.979+0000] {dag.py:3096} INFO - Sync 1 DAGs
[2026-05-19T14:09:29.993+0000] {logging_mixin.py:188} INFO - [2026-05-19T14:09:29.993+0000] {dag.py:3954} INFO - Setting next_dagrun for example_display_name to None, run_after=None
[2026-05-19T14:09:30.024+0000] {processor.py:183} INFO - Processing /home/airflow/.local/lib/python3.12/site-packages/airflow/example_dags/example_display_name.py took 0.090 seconds
[2026-05-19T14:10:00.170+0000] {processor.py:161} INFO - Started process (PID=4624) to work on /home/airflow/.local/lib/python3.12/site-packages/airflow/example_dags/example_display_name.py
[2026-05-19T14:10:00.171+0000] {processor.py:830} INFO - Processing file /home/airflow/.local/lib/python3.12/site-packages/airflow/example_dags/example_display_name.py for tasks to queue
[2026-05-19T14:10:00.173+0000] {logging_mixin.py:188} INFO - [2026-05-19T14:10:00.173+0000] {dagbag.py:545} INFO - Filling up the DagBag from /home/airflow/.local/lib/python3.12/site-packages/airflow/example_dags/example_display_name.py
[2026-05-19T14:10:00.181+0000] {processor.py:840} INFO - DAG(s) 'example_display_name' retrieved from /home/airflow/.local/lib/python3.12/site-packages/airflow/example_dags/example_display_name.py
[2026-05-19T14:10:00.207+0000] {logging_mixin.py:188} INFO - [2026-05-19T14:10:00.207+0000] {dag.py:3096} INFO - Sync 1 DAGs
[2026-05-19T14:10:00.230+0000] {logging_mixin.py:188} INFO - [2026-05-19T14:10:00.229+0000] {dag.py:3954} INFO - Setting next_dagrun for example_display_name to None, run_after=None
[2026-05-19T14:10:00.256+0000] {processor.py:183} INFO - Processing /home/airflow/.local/lib/python3.12/site-packages/airflow/example_dags/example_display_name.py took 0.097 seconds
[2026-05-19T14:10:30.988+0000] {processor.py:161} INFO - Started process (PID=4681) to work on /home/airflow/.local/lib/python3.12/site-packages/airflow/example_dags/example_display_name.py
[2026-05-19T14:10:30.989+0000] {processor.py:830} INFO - Processing file /home/airflow/.local/lib/python3.12/site-packages/airflow/example_dags/example_display_name.py for tasks to queue
[2026-05-19T14:10:30.992+0000] {logging_mixin.py:188} INFO - [2026-05-19T14:10:30.992+0000] {dagbag.py:545} INFO - Filling up the DagBag from /home/airflow/.local/lib/python3.12/site-packages/airflow/example_dags/example_display_name.py
[2026-05-19T14:10:30.997+0000] {processor.py:840} INFO - DAG(s) 'example_display_name' retrieved from /home/airflow/.local/lib/python3.12/site-packages/airflow/example_dags/example_display_name.py
[2026-05-19T14:10:31.024+0000] {logging_mixin.py:188} INFO - [2026-05-19T14:10:31.023+0000] {dag.py:3096} INFO - Sync 1 DAGs
[2026-05-19T14:10:31.038+0000] {logging_mixin.py:188} INFO - [2026-05-19T14:10:31.038+0000] {dag.py:3954} INFO - Setting next_dagrun for example_display_name to None, run_after=None
[2026-05-19T14:10:31.064+0000] {processor.py:183} INFO - Processing /home/airflow/.local/lib/python3.12/site-packages/airflow/example_dags/example_display_name.py took 0.082 seconds
[2026-05-19T14:11:01.265+0000] {processor.py:161} INFO - Started process (PID=4740) to work on /home/airflow/.local/lib/python3.12/site-packages/airflow/example_dags/example_display_name.py
[2026-05-19T14:11:01.266+0000] {processor.py:830} INFO - Processing file /home/airflow/.local/lib/python3.12/site-packages/airflow/example_dags/example_display_name.py for tasks to queue
[2026-05-19T14:11:01.269+0000] {logging_mixin.py:188} INFO - [2026-05-19T14:11:01.268+0000] {dagbag.py:545} INFO - Filling up the DagBag from /home/airflow/.local/lib/python3.12/site-packages/airflow/example_dags/example_display_name.py
[2026-05-19T14:11:01.273+0000] {processor.py:840} INFO - DAG(s) 'example_display_name' retrieved from /home/airflow/.local/lib/python3.12/site-packages/airflow/example_dags/example_display_name.py
[2026-05-19T14:11:01.301+0000] {logging_mixin.py:188} INFO - [2026-05-19T14:11:01.301+0000] {dag.py:3096} INFO - Sync 1 DAGs
[2026-05-19T14:11:01.322+0000] {logging_mixin.py:188} INFO - [2026-05-19T14:11:01.322+0000] {dag.py:3954} INFO - Setting next_dagrun for example_display_name to None, run_after=None
[2026-05-19T14:11:01.345+0000] {processor.py:183} INFO - Processing /home/airflow/.local/lib/python3.12/site-packages/airflow/example_dags/example_display_name.py took 0.085 seconds
[2026-05-19T14:11:31.776+0000] {processor.py:161} INFO - Started process (PID=4799) to work on /home/airflow/.local/lib/python3.12/site-packages/airflow/example_dags/example_display_name.py
[2026-05-19T14:11:31.777+0000] {processor.py:830} INFO - Processing file /home/airflow/.local/lib/python3.12/site-packages/airflow/example_dags/example_display_name.py for tasks to queue
[2026-05-19T14:11:31.783+0000] {logging_mixin.py:188} INFO - [2026-05-19T14:11:31.782+0000] {dagbag.py:545} INFO - Filling up the DagBag from /home/airflow/.local/lib/python3.12/site-packages/airflow/example_dags/example_display_name.py
[2026-05-19T14:11:31.791+0000] {processor.py:840} INFO - DAG(s) 'example_display_name' retrieved from /home/airflow/.local/lib/python3.12/site-packages/airflow/example_dags/example_display_name.py
[2026-05-19T14:11:31.817+0000] {logging_mixin.py:188} INFO - [2026-05-19T14:11:31.816+0000] {dag.py:3096} INFO - Sync 1 DAGs
[2026-05-19T14:11:31.829+0000] {logging_mixin.py:188} INFO - [2026-05-19T14:11:31.829+0000] {dag.py:3954} INFO - Setting next_dagrun for example_display_name to None, run_after=None
[2026-05-19T14:11:31.859+0000] {processor.py:183} INFO - Processing /home/airflow/.local/lib/python3.12/site-packages/airflow/example_dags/example_display_name.py took 0.091 seconds
[2026-05-19T14:12:02.017+0000] {processor.py:161} INFO - Started process (PID=4858) to work on /home/airflow/.local/lib/python3.12/site-packages/airflow/example_dags/example_display_name.py
[2026-05-19T14:12:02.018+0000] {processor.py:830} INFO - Processing file /home/airflow/.local/lib/python3.12/site-packages/airflow/example_dags/example_display_name.py for tasks to queue
[2026-05-19T14:12:02.020+0000] {logging_mixin.py:188} INFO - [2026-05-19T14:12:02.020+0000] {dagbag.py:545} INFO - Filling up the DagBag from /home/airflow/.local/lib/python3.12/site-packages/airflow/example_dags/example_display_name.py
[2026-05-19T14:12:02.026+0000] {processor.py:840} INFO - DAG(s) 'example_display_name' retrieved from /home/airflow/.local/lib/python3.12/site-packages/airflow/example_dags/example_display_name.py
[2026-05-19T14:12:02.050+0000] {logging_mixin.py:188} INFO - [2026-05-19T14:12:02.049+0000] {dag.py:3096} INFO - Sync 1 DAGs
[2026-05-19T14:12:02.062+0000] {logging_mixin.py:188} INFO - [2026-05-19T14:12:02.061+0000] {dag.py:3954} INFO - Setting next_dagrun for example_display_name to None, run_after=None
[2026-05-19T14:12:02.091+0000] {processor.py:183} INFO - Processing /home/airflow/.local/lib/python3.12/site-packages/airflow/example_dags/example_display_name.py took 0.081 seconds
[2026-05-19T14:12:32.730+0000] {processor.py:161} INFO - Started process (PID=4917) to work on /home/airflow/.local/lib/python3.12/site-packages/airflow/example_dags/example_display_name.py
[2026-05-19T14:12:32.731+0000] {processor.py:830} INFO - Processing file /home/airflow/.local/lib/python3.12/site-packages/airflow/example_dags/example_display_name.py for tasks to queue
[2026-05-19T14:12:32.733+0000] {logging_mixin.py:188} INFO - [2026-05-19T14:12:32.733+0000] {dagbag.py:545} INFO - Filling up the DagBag from /home/airflow/.local/lib/python3.12/site-packages/airflow/example_dags/example_display_name.py
[2026-05-19T14:12:32.742+0000] {processor.py:840} INFO - DAG(s) 'example_display_name' retrieved from /home/airflow/.local/lib/python3.12/site-packages/airflow/example_dags/example_display_name.py
[2026-05-19T14:12:32.771+0000] {logging_mixin.py:188} INFO - [2026-05-19T14:12:32.770+0000] {dag.py:3096} INFO - Sync 1 DAGs
[2026-05-19T14:12:32.783+0000] {logging_mixin.py:188} INFO - [2026-05-19T14:12:32.783+0000] {dag.py:3954} INFO - Setting next_dagrun for example_display_name to None, run_after=None
[2026-05-19T14:12:32.815+0000] {processor.py:183} INFO - Processing /home/airflow/.local/lib/python3.12/site-packages/airflow/example_dags/example_display_name.py took 0.091 seconds
[2026-05-19T14:13:03.407+0000] {processor.py:161} INFO - Started process (PID=4976) to work on /home/airflow/.local/lib/python3.12/site-packages/airflow/example_dags/example_display_name.py
[2026-05-19T14:13:03.411+0000] {processor.py:830} INFO - Processing file /home/airflow/.local/lib/python3.12/site-packages/airflow/example_dags/example_display_name.py for tasks to queue
[2026-05-19T14:13:03.417+0000] {logging_mixin.py:188} INFO - [2026-05-19T14:13:03.416+0000] {dagbag.py:545} INFO - Filling up the DagBag from /home/airflow/.local/lib/python3.12/site-packages/airflow/example_dags/example_display_name.py
[2026-05-19T14:13:03.426+0000] {processor.py:840} INFO - DAG(s) 'example_display_name' retrieved from /home/airflow/.local/lib/python3.12/site-packages/airflow/example_dags/example_display_name.py
[2026-05-19T14:13:03.463+0000] {logging_mixin.py:188} INFO - [2026-05-19T14:13:03.463+0000] {dag.py:3096} INFO - Sync 1 DAGs
[2026-05-19T14:13:03.479+0000] {logging_mixin.py:188} INFO - [2026-05-19T14:13:03.478+0000] {dag.py:3954} INFO - Setting next_dagrun for example_display_name to None, run_after=None
[2026-05-19T14:13:03.512+0000] {processor.py:183} INFO - Processing /home/airflow/.local/lib/python3.12/site-packages/airflow/example_dags/example_display_name.py took 0.111 seconds
[2026-05-19T14:13:34.073+0000] {processor.py:161} INFO - Started process (PID=5035) to work on /home/airflow/.local/lib/python3.12/site-packages/airflow/example_dags/example_display_name.py
[2026-05-19T14:13:34.075+0000] {processor.py:830} INFO - Processing file /home/airflow/.local/lib/python3.12/site-packages/airflow/example_dags/example_display_name.py for tasks to queue
[2026-05-19T14:13:34.078+0000] {logging_mixin.py:188} INFO - [2026-05-19T14:13:34.078+0000] {dagbag.py:545} INFO - Filling up the DagBag from /home/airflow/.local/lib/python3.12/site-packages/airflow/example_dags/example_display_name.py
[2026-05-19T14:13:34.088+0000] {processor.py:840} INFO - DAG(s) 'example_display_name' retrieved from /home/airflow/.local/lib/python3.12/site-packages/airflow/example_dags/example_display_name.py
[2026-05-19T14:13:34.120+0000] {logging_mixin.py:188} INFO - [2026-05-19T14:13:34.120+0000] {dag.py:3096} INFO - Sync 1 DAGs
[2026-05-19T14:13:34.136+0000] {logging_mixin.py:188} INFO - [2026-05-19T14:13:34.136+0000] {dag.py:3954} INFO - Setting next_dagrun for example_display_name to None, run_after=None
[2026-05-19T14:13:34.164+0000] {processor.py:183} INFO - Processing /home/airflow/.local/lib/python3.12/site-packages/airflow/example_dags/example_display_name.py took 0.097 seconds
[2026-05-19T14:14:04.487+0000] {processor.py:161} INFO - Started process (PID=5094) to work on /home/airflow/.local/lib/python3.12/site-packages/airflow/example_dags/example_display_name.py
[2026-05-19T14:14:04.492+0000] {processor.py:830} INFO - Processing file /home/airflow/.local/lib/python3.12/site-packages/airflow/example_dags/example_display_name.py for tasks to queue
[2026-05-19T14:14:04.498+0000] {logging_mixin.py:188} INFO - [2026-05-19T14:14:04.497+0000] {dagbag.py:545} INFO - Filling up the DagBag from /home/airflow/.local/lib/python3.12/site-packages/airflow/example_dags/example_display_name.py
[2026-05-19T14:14:04.511+0000] {processor.py:840} INFO - DAG(s) 'example_display_name' retrieved from /home/airflow/.local/lib/python3.12/site-packages/airflow/example_dags/example_display_name.py
[2026-05-19T14:14:04.553+0000] {logging_mixin.py:188} INFO - [2026-05-19T14:14:04.552+0000] {dag.py:3096} INFO - Sync 1 DAGs
[2026-05-19T14:14:04.579+0000] {logging_mixin.py:188} INFO - [2026-05-19T14:14:04.579+0000] {dag.py:3954} INFO - Setting next_dagrun for example_display_name to None, run_after=None
[2026-05-19T14:14:04.616+0000] {processor.py:183} INFO - Processing /home/airflow/.local/lib/python3.12/site-packages/airflow/example_dags/example_display_name.py took 0.141 seconds
[2026-05-19T14:14:34.737+0000] {processor.py:161} INFO - Started process (PID=5153) to work on /home/airflow/.local/lib/python3.12/site-packages/airflow/example_dags/example_display_name.py
[2026-05-19T14:14:34.739+0000] {processor.py:830} INFO - Processing file /home/airflow/.local/lib/python3.12/site-packages/airflow/example_dags/example_display_name.py for tasks to queue
[2026-05-19T14:14:34.743+0000] {logging_mixin.py:188} INFO - [2026-05-19T14:14:34.742+0000] {dagbag.py:545} INFO - Filling up the DagBag from /home/airflow/.local/lib/python3.12/site-packages/airflow/example_dags/example_display_name.py
[2026-05-19T14:14:34.753+0000] {processor.py:840} INFO - DAG(s) 'example_display_name' retrieved from /home/airflow/.local/lib/python3.12/site-packages/airflow/example_dags/example_display_name.py
[2026-05-19T14:14:34.792+0000] {logging_mixin.py:188} INFO - [2026-05-19T14:14:34.792+0000] {dag.py:3096} INFO - Sync 1 DAGs
[2026-05-19T14:14:34.817+0000] {logging_mixin.py:188} INFO - [2026-05-19T14:14:34.817+0000] {dag.py:3954} INFO - Setting next_dagrun for example_display_name to None, run_after=None
[2026-05-19T14:14:34.861+0000] {processor.py:183} INFO - Processing /home/airflow/.local/lib/python3.12/site-packages/airflow/example_dags/example_display_name.py took 0.139 seconds
[2026-05-19T14:15:05.052+0000] {processor.py:161} INFO - Started process (PID=5212) to work on /home/airflow/.local/lib/python3.12/site-packages/airflow/example_dags/example_display_name.py
[2026-05-19T14:15:05.054+0000] {processor.py:830} INFO - Processing file /home/airflow/.local/lib/python3.12/site-packages/airflow/example_dags/example_display_name.py for tasks to queue
[2026-05-19T14:15:05.063+0000] {logging_mixin.py:188} INFO - [2026-05-19T14:15:05.062+0000] {dagbag.py:545} INFO - Filling up the DagBag from /home/airflow/.local/lib/python3.12/site-packages/airflow/example_dags/example_display_name.py
[2026-05-19T14:15:05.075+0000] {processor.py:840} INFO - DAG(s) 'example_display_name' retrieved from /home/airflow/.local/lib/python3.12/site-packages/airflow/example_dags/example_display_name.py
[2026-05-19T14:15:05.129+0000] {logging_mixin.py:188} INFO - [2026-05-19T14:15:05.127+0000] {dag.py:3096} INFO - Sync 1 DAGs
[2026-05-19T14:15:05.165+0000] {logging_mixin.py:188} INFO - [2026-05-19T14:15:05.165+0000] {dag.py:3954} INFO - Setting next_dagrun for example_display_name to None, run_after=None
[2026-05-19T14:15:05.203+0000] {processor.py:183} INFO - Processing /home/airflow/.local/lib/python3.12/site-packages/airflow/example_dags/example_display_name.py took 0.163 seconds
[2026-05-19T14:15:35.336+0000] {processor.py:161} INFO - Started process (PID=5271) to work on /home/airflow/.local/lib/python3.12/site-packages/airflow/example_dags/example_display_name.py
[2026-05-19T14:15:35.338+0000] {processor.py:830} INFO - Processing file /home/airflow/.local/lib/python3.12/site-packages/airflow/example_dags/example_display_name.py for tasks to queue
[2026-05-19T14:15:35.342+0000] {logging_mixin.py:188} INFO - [2026-05-19T14:15:35.342+0000] {dagbag.py:545} INFO - Filling up the DagBag from /home/airflow/.local/lib/python3.12/site-packages/airflow/example_dags/example_display_name.py
[2026-05-19T14:15:35.355+0000] {processor.py:840} INFO - DAG(s) 'example_display_name' retrieved from /home/airflow/.local/lib/python3.12/site-packages/airflow/example_dags/example_display_name.py
[2026-05-19T14:15:35.388+0000] {logging_mixin.py:188} INFO - [2026-05-19T14:15:35.388+0000] {dag.py:3096} INFO - Sync 1 DAGs
[2026-05-19T14:15:35.410+0000] {logging_mixin.py:188} INFO - [2026-05-19T14:15:35.410+0000] {dag.py:3954} INFO - Setting next_dagrun for example_display_name to None, run_after=None
[2026-05-19T14:15:35.442+0000] {processor.py:183} INFO - Processing /home/airflow/.local/lib/python3.12/site-packages/airflow/example_dags/example_display_name.py took 0.115 seconds
[2026-05-19T14:16:05.849+0000] {processor.py:161} INFO - Started process (PID=5334) to work on /home/airflow/.local/lib/python3.12/site-packages/airflow/example_dags/example_display_name.py
[2026-05-19T14:16:05.852+0000] {processor.py:830} INFO - Processing file /home/airflow/.local/lib/python3.12/site-packages/airflow/example_dags/example_display_name.py for tasks to queue
[2026-05-19T14:16:05.861+0000] {logging_mixin.py:188} INFO - [2026-05-19T14:16:05.858+0000] {dagbag.py:545} INFO - Filling up the DagBag from /home/airflow/.local/lib/python3.12/site-packages/airflow/example_dags/example_display_name.py
[2026-05-19T14:16:05.891+0000] {processor.py:840} INFO - DAG(s) 'example_display_name' retrieved from /home/airflow/.local/lib/python3.12/site-packages/airflow/example_dags/example_display_name.py
[2026-05-19T14:16:05.965+0000] {logging_mixin.py:188} INFO - [2026-05-19T14:16:05.964+0000] {dag.py:3096} INFO - Sync 1 DAGs
[2026-05-19T14:16:06.015+0000] {logging_mixin.py:188} INFO - [2026-05-19T14:16:06.014+0000] {dag.py:3954} INFO - Setting next_dagrun for example_display_name to None, run_after=None
[2026-05-19T14:16:06.094+0000] {processor.py:183} INFO - Processing /home/airflow/.local/lib/python3.12/site-packages/airflow/example_dags/example_display_name.py took 0.265 seconds
[2026-05-19T14:16:36.439+0000] {processor.py:161} INFO - Started process (PID=5392) to work on /home/airflow/.local/lib/python3.12/site-packages/airflow/example_dags/example_display_name.py
[2026-05-19T14:16:36.442+0000] {processor.py:830} INFO - Processing file /home/airflow/.local/lib/python3.12/site-packages/airflow/example_dags/example_display_name.py for tasks to queue
[2026-05-19T14:16:36.448+0000] {logging_mixin.py:188} INFO - [2026-05-19T14:16:36.447+0000] {dagbag.py:545} INFO - Filling up the DagBag from /home/airflow/.local/lib/python3.12/site-packages/airflow/example_dags/example_display_name.py
[2026-05-19T14:16:36.462+0000] {processor.py:840} INFO - DAG(s) 'example_display_name' retrieved from /home/airflow/.local/lib/python3.12/site-packages/airflow/example_dags/example_display_name.py
[2026-05-19T14:16:36.517+0000] {logging_mixin.py:188} INFO - [2026-05-19T14:16:36.516+0000] {dag.py:3096} INFO - Sync 1 DAGs
[2026-05-19T14:16:36.549+0000] {logging_mixin.py:188} INFO - [2026-05-19T14:16:36.548+0000] {dag.py:3954} INFO - Setting next_dagrun for example_display_name to None, run_after=None
[2026-05-19T14:16:36.605+0000] {processor.py:183} INFO - Processing /home/airflow/.local/lib/python3.12/site-packages/airflow/example_dags/example_display_name.py took 0.180 seconds
[2026-05-19T14:17:06.817+0000] {processor.py:161} INFO - Started process (PID=5451) to work on /home/airflow/.local/lib/python3.12/site-packages/airflow/example_dags/example_display_name.py
[2026-05-19T14:17:06.818+0000] {processor.py:830} INFO - Processing file /home/airflow/.local/lib/python3.12/site-packages/airflow/example_dags/example_display_name.py for tasks to queue
[2026-05-19T14:17:06.822+0000] {logging_mixin.py:188} INFO - [2026-05-19T14:17:06.822+0000] {dagbag.py:545} INFO - Filling up the DagBag from /home/airflow/.local/lib/python3.12/site-packages/airflow/example_dags/example_display_name.py
[2026-05-19T14:17:06.830+0000] {processor.py:840} INFO - DAG(s) 'example_display_name' retrieved from /home/airflow/.local/lib/python3.12/site-packages/airflow/example_dags/example_display_name.py
[2026-05-19T14:17:06.854+0000] {logging_mixin.py:188} INFO - [2026-05-19T14:17:06.854+0000] {dag.py:3096} INFO - Sync 1 DAGs
[2026-05-19T14:17:06.874+0000] {logging_mixin.py:188} INFO - [2026-05-19T14:17:06.873+0000] {dag.py:3954} INFO - Setting next_dagrun for example_display_name to None, run_after=None
[2026-05-19T14:17:06.897+0000] {processor.py:183} INFO - Processing /home/airflow/.local/lib/python3.12/site-packages/airflow/example_dags/example_display_name.py took 0.088 seconds
[2026-05-19T14:17:37.136+0000] {processor.py:161} INFO - Started process (PID=5510) to work on /home/airflow/.local/lib/python3.12/site-packages/airflow/example_dags/example_display_name.py
[2026-05-19T14:17:37.138+0000] {processor.py:830} INFO - Processing file /home/airflow/.local/lib/python3.12/site-packages/airflow/example_dags/example_display_name.py for tasks to queue
[2026-05-19T14:17:37.143+0000] {logging_mixin.py:188} INFO - [2026-05-19T14:17:37.142+0000] {dagbag.py:545} INFO - Filling up the DagBag from /home/airflow/.local/lib/python3.12/site-packages/airflow/example_dags/example_display_name.py
[2026-05-19T14:17:37.149+0000] {processor.py:840} INFO - DAG(s) 'example_display_name' retrieved from /home/airflow/.local/lib/python3.12/site-packages/airflow/example_dags/example_display_name.py
[2026-05-19T14:17:37.172+0000] {logging_mixin.py:188} INFO - [2026-05-19T14:17:37.172+0000] {dag.py:3096} INFO - Sync 1 DAGs
[2026-05-19T14:17:37.191+0000] {logging_mixin.py:188} INFO - [2026-05-19T14:17:37.191+0000] {dag.py:3954} INFO - Setting next_dagrun for example_display_name to None, run_after=None
[2026-05-19T14:17:37.221+0000] {processor.py:183} INFO - Processing /home/airflow/.local/lib/python3.12/site-packages/airflow/example_dags/example_display_name.py took 0.095 seconds
[2026-05-19T14:18:07.405+0000] {processor.py:161} INFO - Started process (PID=5569) to work on /home/airflow/.local/lib/python3.12/site-packages/airflow/example_dags/example_display_name.py
[2026-05-19T14:18:07.407+0000] {processor.py:830} INFO - Processing file /home/airflow/.local/lib/python3.12/site-packages/airflow/example_dags/example_display_name.py for tasks to queue
[2026-05-19T14:18:07.411+0000] {logging_mixin.py:188} INFO - [2026-05-19T14:18:07.410+0000] {dagbag.py:545} INFO - Filling up the DagBag from /home/airflow/.local/lib/python3.12/site-packages/airflow/example_dags/example_display_name.py
[2026-05-19T14:18:07.421+0000] {processor.py:840} INFO - DAG(s) 'example_display_name' retrieved from /home/airflow/.local/lib/python3.12/site-packages/airflow/example_dags/example_display_name.py
[2026-05-19T14:18:07.451+0000] {logging_mixin.py:188} INFO - [2026-05-19T14:18:07.450+0000] {dag.py:3096} INFO - Sync 1 DAGs
[2026-05-19T14:18:07.473+0000] {logging_mixin.py:188} INFO - [2026-05-19T14:18:07.473+0000] {dag.py:3954} INFO - Setting next_dagrun for example_display_name to None, run_after=None
[2026-05-19T14:18:07.505+0000] {processor.py:183} INFO - Processing /home/airflow/.local/lib/python3.12/site-packages/airflow/example_dags/example_display_name.py took 0.112 seconds
[2026-05-19T14:18:38.117+0000] {processor.py:161} INFO - Started process (PID=5628) to work on /home/airflow/.local/lib/python3.12/site-packages/airflow/example_dags/example_display_name.py
[2026-05-19T14:18:38.118+0000] {processor.py:830} INFO - Processing file /home/airflow/.local/lib/python3.12/site-packages/airflow/example_dags/example_display_name.py for tasks to queue
[2026-05-19T14:18:38.123+0000] {logging_mixin.py:188} INFO - [2026-05-19T14:18:38.123+0000] {dagbag.py:545} INFO - Filling up the DagBag from /home/airflow/.local/lib/python3.12/site-packages/airflow/example_dags/example_display_name.py
[2026-05-19T14:18:38.130+0000] {processor.py:840} INFO - DAG(s) 'example_display_name' retrieved from /home/airflow/.local/lib/python3.12/site-packages/airflow/example_dags/example_display_name.py
[2026-05-19T14:18:38.163+0000] {logging_mixin.py:188} INFO - [2026-05-19T14:18:38.162+0000] {dag.py:3096} INFO - Sync 1 DAGs
[2026-05-19T14:18:38.180+0000] {logging_mixin.py:188} INFO - [2026-05-19T14:18:38.180+0000] {dag.py:3954} INFO - Setting next_dagrun for example_display_name to None, run_after=None
[2026-05-19T14:18:38.211+0000] {processor.py:183} INFO - Processing /home/airflow/.local/lib/python3.12/site-packages/airflow/example_dags/example_display_name.py took 0.101 seconds
[2026-05-19T14:19:08.892+0000] {processor.py:161} INFO - Started process (PID=5687) to work on /home/airflow/.local/lib/python3.12/site-packages/airflow/example_dags/example_display_name.py
[2026-05-19T14:19:08.894+0000] {processor.py:830} INFO - Processing file /home/airflow/.local/lib/python3.12/site-packages/airflow/example_dags/example_display_name.py for tasks to queue
[2026-05-19T14:19:08.899+0000] {logging_mixin.py:188} INFO - [2026-05-19T14:19:08.898+0000] {dagbag.py:545} INFO - Filling up the DagBag from /home/airflow/.local/lib/python3.12/site-packages/airflow/example_dags/example_display_name.py
[2026-05-19T14:19:08.911+0000] {processor.py:840} INFO - DAG(s) 'example_display_name' retrieved from /home/airflow/.local/lib/python3.12/site-packages/airflow/example_dags/example_display_name.py
[2026-05-19T14:19:08.944+0000] {logging_mixin.py:188} INFO - [2026-05-19T14:19:08.944+0000] {dag.py:3096} INFO - Sync 1 DAGs
[2026-05-19T14:19:08.965+0000] {logging_mixin.py:188} INFO - [2026-05-19T14:19:08.965+0000] {dag.py:3954} INFO - Setting next_dagrun for example_display_name to None, run_after=None
[2026-05-19T14:19:09.003+0000] {processor.py:183} INFO - Processing /home/airflow/.local/lib/python3.12/site-packages/airflow/example_dags/example_display_name.py took 0.121 seconds
[2026-05-19T14:19:39.689+0000] {processor.py:161} INFO - Started process (PID=5746) to work on /home/airflow/.local/lib/python3.12/site-packages/airflow/example_dags/example_display_name.py
[2026-05-19T14:19:39.690+0000] {processor.py:830} INFO - Processing file /home/airflow/.local/lib/python3.12/site-packages/airflow/example_dags/example_display_name.py for tasks to queue
[2026-05-19T14:19:39.694+0000] {logging_mixin.py:188} INFO - [2026-05-19T14:19:39.693+0000] {dagbag.py:545} INFO - Filling up the DagBag from /home/airflow/.local/lib/python3.12/site-packages/airflow/example_dags/example_display_name.py
[2026-05-19T14:19:39.704+0000] {processor.py:840} INFO - DAG(s) 'example_display_name' retrieved from /home/airflow/.local/lib/python3.12/site-packages/airflow/example_dags/example_display_name.py
[2026-05-19T14:19:39.744+0000] {logging_mixin.py:188} INFO - [2026-05-19T14:19:39.743+0000] {dag.py:3096} INFO - Sync 1 DAGs
[2026-05-19T14:19:39.771+0000] {logging_mixin.py:188} INFO - [2026-05-19T14:19:39.770+0000] {dag.py:3954} INFO - Setting next_dagrun for example_display_name to None, run_after=None
[2026-05-19T14:19:39.815+0000] {processor.py:183} INFO - Processing /home/airflow/.local/lib/python3.12/site-packages/airflow/example_dags/example_display_name.py took 0.134 seconds
[2026-05-19T14:20:10.534+0000] {processor.py:161} INFO - Started process (PID=5805) to work on /home/airflow/.local/lib/python3.12/site-packages/airflow/example_dags/example_display_name.py
[2026-05-19T14:20:10.535+0000] {processor.py:830} INFO - Processing file /home/airflow/.local/lib/python3.12/site-packages/airflow/example_dags/example_display_name.py for tasks to queue
[2026-05-19T14:20:10.537+0000] {logging_mixin.py:188} INFO - [2026-05-19T14:20:10.537+0000] {dagbag.py:545} INFO - Filling up the DagBag from /home/airflow/.local/lib/python3.12/site-packages/airflow/example_dags/example_display_name.py
[2026-05-19T14:20:10.543+0000] {processor.py:840} INFO - DAG(s) 'example_display_name' retrieved from /home/airflow/.local/lib/python3.12/site-packages/airflow/example_dags/example_display_name.py
[2026-05-19T14:20:10.563+0000] {logging_mixin.py:188} INFO - [2026-05-19T14:20:10.563+0000] {dag.py:3096} INFO - Sync 1 DAGs
[2026-05-19T14:20:10.577+0000] {logging_mixin.py:188} INFO - [2026-05-19T14:20:10.577+0000] {dag.py:3954} INFO - Setting next_dagrun for example_display_name to None, run_after=None
[2026-05-19T14:20:10.605+0000] {processor.py:183} INFO - Processing /home/airflow/.local/lib/python3.12/site-packages/airflow/example_dags/example_display_name.py took 0.076 seconds
[2026-05-19T14:20:41.552+0000] {processor.py:161} INFO - Started process (PID=5864) to work on /home/airflow/.local/lib/python3.12/site-packages/airflow/example_dags/example_display_name.py
[2026-05-19T14:20:41.553+0000] {processor.py:830} INFO - Processing file /home/airflow/.local/lib/python3.12/site-packages/airflow/example_dags/example_display_name.py for tasks to queue
[2026-05-19T14:20:41.556+0000] {logging_mixin.py:188} INFO - [2026-05-19T14:20:41.555+0000] {dagbag.py:545} INFO - Filling up the DagBag from /home/airflow/.local/lib/python3.12/site-packages/airflow/example_dags/example_display_name.py
[2026-05-19T14:20:41.562+0000] {processor.py:840} INFO - DAG(s) 'example_display_name' retrieved from /home/airflow/.local/lib/python3.12/site-packages/airflow/example_dags/example_display_name.py
[2026-05-19T14:20:41.586+0000] {logging_mixin.py:188} INFO - [2026-05-19T14:20:41.586+0000] {dag.py:3096} INFO - Sync 1 DAGs
[2026-05-19T14:20:41.599+0000] {logging_mixin.py:188} INFO - [2026-05-19T14:20:41.598+0000] {dag.py:3954} INFO - Setting next_dagrun for example_display_name to None, run_after=None
[2026-05-19T14:20:41.621+0000] {processor.py:183} INFO - Processing /home/airflow/.local/lib/python3.12/site-packages/airflow/example_dags/example_display_name.py took 0.076 seconds
[2026-05-19T14:21:11.709+0000] {processor.py:161} INFO - Started process (PID=5923) to work on /home/airflow/.local/lib/python3.12/site-packages/airflow/example_dags/example_display_name.py
[2026-05-19T14:21:11.710+0000] {processor.py:830} INFO - Processing file /home/airflow/.local/lib/python3.12/site-packages/airflow/example_dags/example_display_name.py for tasks to queue
[2026-05-19T14:21:11.712+0000] {logging_mixin.py:188} INFO - [2026-05-19T14:21:11.711+0000] {dagbag.py:545} INFO - Filling up the DagBag from /home/airflow/.local/lib/python3.12/site-packages/airflow/example_dags/example_display_name.py
[2026-05-19T14:21:11.716+0000] {processor.py:840} INFO - DAG(s) 'example_display_name' retrieved from /home/airflow/.local/lib/python3.12/site-packages/airflow/example_dags/example_display_name.py
[2026-05-19T14:21:11.732+0000] {logging_mixin.py:188} INFO - [2026-05-19T14:21:11.732+0000] {dag.py:3096} INFO - Sync 1 DAGs
[2026-05-19T14:21:11.855+0000] {logging_mixin.py:188} INFO - [2026-05-19T14:21:11.855+0000] {dag.py:3954} INFO - Setting next_dagrun for example_display_name to None, run_after=None
[2026-05-19T14:21:11.872+0000] {processor.py:183} INFO - Processing /home/airflow/.local/lib/python3.12/site-packages/airflow/example_dags/example_display_name.py took 0.168 seconds
[2026-05-19T14:21:42.357+0000] {processor.py:161} INFO - Started process (PID=5982) to work on /home/airflow/.local/lib/python3.12/site-packages/airflow/example_dags/example_display_name.py
[2026-05-19T14:21:42.379+0000] {processor.py:830} INFO - Processing file /home/airflow/.local/lib/python3.12/site-packages/airflow/example_dags/example_display_name.py for tasks to queue
[2026-05-19T14:21:42.401+0000] {logging_mixin.py:188} INFO - [2026-05-19T14:21:42.400+0000] {dagbag.py:545} INFO - Filling up the DagBag from /home/airflow/.local/lib/python3.12/site-packages/airflow/example_dags/example_display_name.py
[2026-05-19T14:21:42.439+0000] {processor.py:840} INFO - DAG(s) 'example_display_name' retrieved from /home/airflow/.local/lib/python3.12/site-packages/airflow/example_dags/example_display_name.py
[2026-05-19T14:21:42.515+0000] {logging_mixin.py:188} INFO - [2026-05-19T14:21:42.515+0000] {dag.py:3096} INFO - Sync 1 DAGs
[2026-05-19T14:21:42.577+0000] {logging_mixin.py:188} INFO - [2026-05-19T14:21:42.576+0000] {dag.py:3954} INFO - Setting next_dagrun for example_display_name to None, run_after=None
[2026-05-19T14:21:42.700+0000] {processor.py:183} INFO - Processing /home/airflow/.local/lib/python3.12/site-packages/airflow/example_dags/example_display_name.py took 0.378 seconds
[2026-05-19T17:35:37.703+0000] {processor.py:161} INFO - Started process (PID=5989) to work on /home/airflow/.local/lib/python3.12/site-packages/airflow/example_dags/example_display_name.py
[2026-05-19T17:35:37.708+0000] {processor.py:830} INFO - Processing file /home/airflow/.local/lib/python3.12/site-packages/airflow/example_dags/example_display_name.py for tasks to queue
[2026-05-19T17:35:37.726+0000] {logging_mixin.py:188} INFO - [2026-05-19T17:35:37.725+0000] {dagbag.py:545} INFO - Filling up the DagBag from /home/airflow/.local/lib/python3.12/site-packages/airflow/example_dags/example_display_name.py
[2026-05-19T17:35:37.778+0000] {processor.py:840} INFO - DAG(s) 'example_display_name' retrieved from /home/airflow/.local/lib/python3.12/site-packages/airflow/example_dags/example_display_name.py
[2026-05-19T17:35:37.912+0000] {logging_mixin.py:188} INFO - [2026-05-19T17:35:37.911+0000] {dag.py:3096} INFO - Sync 1 DAGs
[2026-05-19T17:35:38.281+0000] {logging_mixin.py:188} INFO - [2026-05-19T17:35:38.280+0000] {dag.py:3954} INFO - Setting next_dagrun for example_display_name to None, run_after=None
[2026-05-19T17:35:38.339+0000] {processor.py:183} INFO - Processing /home/airflow/.local/lib/python3.12/site-packages/airflow/example_dags/example_display_name.py took 0.662 seconds
[2026-05-19T17:36:09.274+0000] {processor.py:161} INFO - Started process (PID=6048) to work on /home/airflow/.local/lib/python3.12/site-packages/airflow/example_dags/example_display_name.py
[2026-05-19T17:36:09.276+0000] {processor.py:830} INFO - Processing file /home/airflow/.local/lib/python3.12/site-packages/airflow/example_dags/example_display_name.py for tasks to queue
[2026-05-19T17:36:09.278+0000] {logging_mixin.py:188} INFO - [2026-05-19T17:36:09.278+0000] {dagbag.py:545} INFO - Filling up the DagBag from /home/airflow/.local/lib/python3.12/site-packages/airflow/example_dags/example_display_name.py
[2026-05-19T17:36:09.285+0000] {processor.py:840} INFO - DAG(s) 'example_display_name' retrieved from /home/airflow/.local/lib/python3.12/site-packages/airflow/example_dags/example_display_name.py
[2026-05-19T17:36:09.309+0000] {logging_mixin.py:188} INFO - [2026-05-19T17:36:09.308+0000] {dag.py:3096} INFO - Sync 1 DAGs
[2026-05-19T17:36:09.320+0000] {logging_mixin.py:188} INFO - [2026-05-19T17:36:09.319+0000] {dag.py:3954} INFO - Setting next_dagrun for example_display_name to None, run_after=None
[2026-05-19T17:36:09.452+0000] {processor.py:183} INFO - Processing /home/airflow/.local/lib/python3.12/site-packages/airflow/example_dags/example_display_name.py took 0.185 seconds
[2026-05-19T17:36:40.266+0000] {processor.py:161} INFO - Started process (PID=6108) to work on /home/airflow/.local/lib/python3.12/site-packages/airflow/example_dags/example_display_name.py
[2026-05-19T17:36:40.267+0000] {processor.py:830} INFO - Processing file /home/airflow/.local/lib/python3.12/site-packages/airflow/example_dags/example_display_name.py for tasks to queue
[2026-05-19T17:36:40.269+0000] {logging_mixin.py:188} INFO - [2026-05-19T17:36:40.269+0000] {dagbag.py:545} INFO - Filling up the DagBag from /home/airflow/.local/lib/python3.12/site-packages/airflow/example_dags/example_display_name.py
[2026-05-19T17:36:40.274+0000] {processor.py:840} INFO - DAG(s) 'example_display_name' retrieved from /home/airflow/.local/lib/python3.12/site-packages/airflow/example_dags/example_display_name.py
[2026-05-19T17:36:40.293+0000] {logging_mixin.py:188} INFO - [2026-05-19T17:36:40.293+0000] {dag.py:3096} INFO - Sync 1 DAGs
[2026-05-19T17:36:40.305+0000] {logging_mixin.py:188} INFO - [2026-05-19T17:36:40.304+0000] {dag.py:3954} INFO - Setting next_dagrun for example_display_name to None, run_after=None
[2026-05-19T17:36:40.322+0000] {processor.py:183} INFO - Processing /home/airflow/.local/lib/python3.12/site-packages/airflow/example_dags/example_display_name.py took 0.062 seconds
[2026-05-19T17:37:10.879+0000] {processor.py:161} INFO - Started process (PID=6167) to work on /home/airflow/.local/lib/python3.12/site-packages/airflow/example_dags/example_display_name.py
[2026-05-19T17:37:10.880+0000] {processor.py:830} INFO - Processing file /home/airflow/.local/lib/python3.12/site-packages/airflow/example_dags/example_display_name.py for tasks to queue
[2026-05-19T17:37:10.883+0000] {logging_mixin.py:188} INFO - [2026-05-19T17:37:10.882+0000] {dagbag.py:545} INFO - Filling up the DagBag from /home/airflow/.local/lib/python3.12/site-packages/airflow/example_dags/example_display_name.py
[2026-05-19T17:37:10.889+0000] {processor.py:840} INFO - DAG(s) 'example_display_name' retrieved from /home/airflow/.local/lib/python3.12/site-packages/airflow/example_dags/example_display_name.py
[2026-05-19T17:37:10.909+0000] {logging_mixin.py:188} INFO - [2026-05-19T17:37:10.908+0000] {dag.py:3096} INFO - Sync 1 DAGs
[2026-05-19T17:37:10.918+0000] {logging_mixin.py:188} INFO - [2026-05-19T17:37:10.918+0000] {dag.py:3954} INFO - Setting next_dagrun for example_display_name to None, run_after=None
[2026-05-19T17:37:10.937+0000] {processor.py:183} INFO - Processing /home/airflow/.local/lib/python3.12/site-packages/airflow/example_dags/example_display_name.py took 0.064 seconds
[2026-05-19T17:37:41.416+0000] {processor.py:161} INFO - Started process (PID=6226) to work on /home/airflow/.local/lib/python3.12/site-packages/airflow/example_dags/example_display_name.py
[2026-05-19T17:37:41.417+0000] {processor.py:830} INFO - Processing file /home/airflow/.local/lib/python3.12/site-packages/airflow/example_dags/example_display_name.py for tasks to queue
[2026-05-19T17:37:41.419+0000] {logging_mixin.py:188} INFO - [2026-05-19T17:37:41.419+0000] {dagbag.py:545} INFO - Filling up the DagBag from /home/airflow/.local/lib/python3.12/site-packages/airflow/example_dags/example_display_name.py
[2026-05-19T17:37:41.424+0000] {processor.py:840} INFO - DAG(s) 'example_display_name' retrieved from /home/airflow/.local/lib/python3.12/site-packages/airflow/example_dags/example_display_name.py
[2026-05-19T17:37:41.446+0000] {logging_mixin.py:188} INFO - [2026-05-19T17:37:41.445+0000] {dag.py:3096} INFO - Sync 1 DAGs
[2026-05-19T17:37:41.456+0000] {logging_mixin.py:188} INFO - [2026-05-19T17:37:41.456+0000] {dag.py:3954} INFO - Setting next_dagrun for example_display_name to None, run_after=None
[2026-05-19T17:37:41.497+0000] {processor.py:183} INFO - Processing /home/airflow/.local/lib/python3.12/site-packages/airflow/example_dags/example_display_name.py took 0.085 seconds
[2026-05-19T17:38:11.840+0000] {processor.py:161} INFO - Started process (PID=6285) to work on /home/airflow/.local/lib/python3.12/site-packages/airflow/example_dags/example_display_name.py
[2026-05-19T17:38:11.841+0000] {processor.py:830} INFO - Processing file /home/airflow/.local/lib/python3.12/site-packages/airflow/example_dags/example_display_name.py for tasks to queue
[2026-05-19T17:38:11.843+0000] {logging_mixin.py:188} INFO - [2026-05-19T17:38:11.843+0000] {dagbag.py:545} INFO - Filling up the DagBag from /home/airflow/.local/lib/python3.12/site-packages/airflow/example_dags/example_display_name.py
[2026-05-19T17:38:11.849+0000] {processor.py:840} INFO - DAG(s) 'example_display_name' retrieved from /home/airflow/.local/lib/python3.12/site-packages/airflow/example_dags/example_display_name.py
[2026-05-19T17:38:11.869+0000] {logging_mixin.py:188} INFO - [2026-05-19T17:38:11.869+0000] {dag.py:3096} INFO - Sync 1 DAGs
[2026-05-19T17:38:11.880+0000] {logging_mixin.py:188} INFO - [2026-05-19T17:38:11.880+0000] {dag.py:3954} INFO - Setting next_dagrun for example_display_name to None, run_after=None
[2026-05-19T17:38:11.925+0000] {processor.py:183} INFO - Processing /home/airflow/.local/lib/python3.12/site-packages/airflow/example_dags/example_display_name.py took 0.090 seconds
[2026-05-19T17:38:42.167+0000] {processor.py:161} INFO - Started process (PID=6344) to work on /home/airflow/.local/lib/python3.12/site-packages/airflow/example_dags/example_display_name.py
[2026-05-19T17:38:42.169+0000] {processor.py:830} INFO - Processing file /home/airflow/.local/lib/python3.12/site-packages/airflow/example_dags/example_display_name.py for tasks to queue
[2026-05-19T17:38:42.171+0000] {logging_mixin.py:188} INFO - [2026-05-19T17:38:42.170+0000] {dagbag.py:545} INFO - Filling up the DagBag from /home/airflow/.local/lib/python3.12/site-packages/airflow/example_dags/example_display_name.py
[2026-05-19T17:38:42.176+0000] {processor.py:840} INFO - DAG(s) 'example_display_name' retrieved from /home/airflow/.local/lib/python3.12/site-packages/airflow/example_dags/example_display_name.py
[2026-05-19T17:38:42.197+0000] {logging_mixin.py:188} INFO - [2026-05-19T17:38:42.197+0000] {dag.py:3096} INFO - Sync 1 DAGs
[2026-05-19T17:38:42.210+0000] {logging_mixin.py:188} INFO - [2026-05-19T17:38:42.209+0000] {dag.py:3954} INFO - Setting next_dagrun for example_display_name to None, run_after=None
[2026-05-19T17:38:42.231+0000] {processor.py:183} INFO - Processing /home/airflow/.local/lib/python3.12/site-packages/airflow/example_dags/example_display_name.py took 0.069 seconds
[2026-05-19T17:39:12.518+0000] {processor.py:161} INFO - Started process (PID=6403) to work on /home/airflow/.local/lib/python3.12/site-packages/airflow/example_dags/example_display_name.py
[2026-05-19T17:39:12.519+0000] {processor.py:830} INFO - Processing file /home/airflow/.local/lib/python3.12/site-packages/airflow/example_dags/example_display_name.py for tasks to queue
[2026-05-19T17:39:12.521+0000] {logging_mixin.py:188} INFO - [2026-05-19T17:39:12.520+0000] {dagbag.py:545} INFO - Filling up the DagBag from /home/airflow/.local/lib/python3.12/site-packages/airflow/example_dags/example_display_name.py
[2026-05-19T17:39:12.525+0000] {processor.py:840} INFO - DAG(s) 'example_display_name' retrieved from /home/airflow/.local/lib/python3.12/site-packages/airflow/example_dags/example_display_name.py
[2026-05-19T17:39:12.544+0000] {logging_mixin.py:188} INFO - [2026-05-19T17:39:12.544+0000] {dag.py:3096} INFO - Sync 1 DAGs
[2026-05-19T17:39:12.556+0000] {logging_mixin.py:188} INFO - [2026-05-19T17:39:12.556+0000] {dag.py:3954} INFO - Setting next_dagrun for example_display_name to None, run_after=None
[2026-05-19T17:39:12.598+0000] {processor.py:183} INFO - Processing /home/airflow/.local/lib/python3.12/site-packages/airflow/example_dags/example_display_name.py took 0.086 seconds
[2026-05-19T17:39:42.774+0000] {processor.py:161} INFO - Started process (PID=6462) to work on /home/airflow/.local/lib/python3.12/site-packages/airflow/example_dags/example_display_name.py
[2026-05-19T17:39:42.775+0000] {processor.py:830} INFO - Processing file /home/airflow/.local/lib/python3.12/site-packages/airflow/example_dags/example_display_name.py for tasks to queue
[2026-05-19T17:39:42.778+0000] {logging_mixin.py:188} INFO - [2026-05-19T17:39:42.777+0000] {dagbag.py:545} INFO - Filling up the DagBag from /home/airflow/.local/lib/python3.12/site-packages/airflow/example_dags/example_display_name.py
[2026-05-19T17:39:42.783+0000] {processor.py:840} INFO - DAG(s) 'example_display_name' retrieved from /home/airflow/.local/lib/python3.12/site-packages/airflow/example_dags/example_display_name.py
[2026-05-19T17:39:42.803+0000] {logging_mixin.py:188} INFO - [2026-05-19T17:39:42.803+0000] {dag.py:3096} INFO - Sync 1 DAGs
[2026-05-19T17:39:42.815+0000] {logging_mixin.py:188} INFO - [2026-05-19T17:39:42.815+0000] {dag.py:3954} INFO - Setting next_dagrun for example_display_name to None, run_after=None
[2026-05-19T17:39:42.848+0000] {processor.py:183} INFO - Processing /home/airflow/.local/lib/python3.12/site-packages/airflow/example_dags/example_display_name.py took 0.079 seconds
[2026-05-19T17:40:13.070+0000] {processor.py:161} INFO - Started process (PID=6521) to work on /home/airflow/.local/lib/python3.12/site-packages/airflow/example_dags/example_display_name.py
[2026-05-19T17:40:13.071+0000] {processor.py:830} INFO - Processing file /home/airflow/.local/lib/python3.12/site-packages/airflow/example_dags/example_display_name.py for tasks to queue
[2026-05-19T17:40:13.073+0000] {logging_mixin.py:188} INFO - [2026-05-19T17:40:13.073+0000] {dagbag.py:545} INFO - Filling up the DagBag from /home/airflow/.local/lib/python3.12/site-packages/airflow/example_dags/example_display_name.py
[2026-05-19T17:40:13.079+0000] {processor.py:840} INFO - DAG(s) 'example_display_name' retrieved from /home/airflow/.local/lib/python3.12/site-packages/airflow/example_dags/example_display_name.py
[2026-05-19T17:40:13.097+0000] {logging_mixin.py:188} INFO - [2026-05-19T17:40:13.097+0000] {dag.py:3096} INFO - Sync 1 DAGs
[2026-05-19T17:40:13.109+0000] {logging_mixin.py:188} INFO - [2026-05-19T17:40:13.109+0000] {dag.py:3954} INFO - Setting next_dagrun for example_display_name to None, run_after=None
[2026-05-19T17:40:13.126+0000] {processor.py:183} INFO - Processing /home/airflow/.local/lib/python3.12/site-packages/airflow/example_dags/example_display_name.py took 0.063 seconds
[2026-05-19T17:40:43.357+0000] {processor.py:161} INFO - Started process (PID=6580) to work on /home/airflow/.local/lib/python3.12/site-packages/airflow/example_dags/example_display_name.py
[2026-05-19T17:40:43.358+0000] {processor.py:830} INFO - Processing file /home/airflow/.local/lib/python3.12/site-packages/airflow/example_dags/example_display_name.py for tasks to queue
[2026-05-19T17:40:43.362+0000] {logging_mixin.py:188} INFO - [2026-05-19T17:40:43.361+0000] {dagbag.py:545} INFO - Filling up the DagBag from /home/airflow/.local/lib/python3.12/site-packages/airflow/example_dags/example_display_name.py
[2026-05-19T17:40:43.368+0000] {processor.py:840} INFO - DAG(s) 'example_display_name' retrieved from /home/airflow/.local/lib/python3.12/site-packages/airflow/example_dags/example_display_name.py
[2026-05-19T17:40:43.391+0000] {logging_mixin.py:188} INFO - [2026-05-19T17:40:43.391+0000] {dag.py:3096} INFO - Sync 1 DAGs
[2026-05-19T17:40:43.407+0000] {logging_mixin.py:188} INFO - [2026-05-19T17:40:43.406+0000] {dag.py:3954} INFO - Setting next_dagrun for example_display_name to None, run_after=None
[2026-05-19T17:40:43.431+0000] {processor.py:183} INFO - Processing /home/airflow/.local/lib/python3.12/site-packages/airflow/example_dags/example_display_name.py took 0.081 seconds
[2026-05-19T17:41:13.713+0000] {processor.py:161} INFO - Started process (PID=6645) to work on /home/airflow/.local/lib/python3.12/site-packages/airflow/example_dags/example_display_name.py
[2026-05-19T17:41:13.714+0000] {processor.py:830} INFO - Processing file /home/airflow/.local/lib/python3.12/site-packages/airflow/example_dags/example_display_name.py for tasks to queue
[2026-05-19T17:41:13.715+0000] {logging_mixin.py:188} INFO - [2026-05-19T17:41:13.715+0000] {dagbag.py:545} INFO - Filling up the DagBag from /home/airflow/.local/lib/python3.12/site-packages/airflow/example_dags/example_display_name.py
[2026-05-19T17:41:13.721+0000] {processor.py:840} INFO - DAG(s) 'example_display_name' retrieved from /home/airflow/.local/lib/python3.12/site-packages/airflow/example_dags/example_display_name.py
[2026-05-19T17:41:13.739+0000] {logging_mixin.py:188} INFO - [2026-05-19T17:41:13.739+0000] {dag.py:3096} INFO - Sync 1 DAGs
[2026-05-19T17:41:13.750+0000] {logging_mixin.py:188} INFO - [2026-05-19T17:41:13.750+0000] {dag.py:3954} INFO - Setting next_dagrun for example_display_name to None, run_after=None
[2026-05-19T17:41:13.789+0000] {processor.py:183} INFO - Processing /home/airflow/.local/lib/python3.12/site-packages/airflow/example_dags/example_display_name.py took 0.081 seconds
[2026-05-19T17:41:43.949+0000] {processor.py:161} INFO - Started process (PID=6704) to work on /home/airflow/.local/lib/python3.12/site-packages/airflow/example_dags/example_display_name.py
[2026-05-19T17:41:43.950+0000] {processor.py:830} INFO - Processing file /home/airflow/.local/lib/python3.12/site-packages/airflow/example_dags/example_display_name.py for tasks to queue
[2026-05-19T17:41:43.952+0000] {logging_mixin.py:188} INFO - [2026-05-19T17:41:43.952+0000] {dagbag.py:545} INFO - Filling up the DagBag from /home/airflow/.local/lib/python3.12/site-packages/airflow/example_dags/example_display_name.py
[2026-05-19T17:41:43.957+0000] {processor.py:840} INFO - DAG(s) 'example_display_name' retrieved from /home/airflow/.local/lib/python3.12/site-packages/airflow/example_dags/example_display_name.py
[2026-05-19T17:41:43.976+0000] {logging_mixin.py:188} INFO - [2026-05-19T17:41:43.976+0000] {dag.py:3096} INFO - Sync 1 DAGs
[2026-05-19T17:41:43.990+0000] {logging_mixin.py:188} INFO - [2026-05-19T17:41:43.990+0000] {dag.py:3954} INFO - Setting next_dagrun for example_display_name to None, run_after=None
[2026-05-19T17:41:44.009+0000] {processor.py:183} INFO - Processing /home/airflow/.local/lib/python3.12/site-packages/airflow/example_dags/example_display_name.py took 0.065 seconds
[2026-05-19T17:42:14.133+0000] {processor.py:161} INFO - Started process (PID=6763) to work on /home/airflow/.local/lib/python3.12/site-packages/airflow/example_dags/example_display_name.py
[2026-05-19T17:42:14.135+0000] {processor.py:830} INFO - Processing file /home/airflow/.local/lib/python3.12/site-packages/airflow/example_dags/example_display_name.py for tasks to queue
[2026-05-19T17:42:14.137+0000] {logging_mixin.py:188} INFO - [2026-05-19T17:42:14.137+0000] {dagbag.py:545} INFO - Filling up the DagBag from /home/airflow/.local/lib/python3.12/site-packages/airflow/example_dags/example_display_name.py
[2026-05-19T17:42:14.142+0000] {processor.py:840} INFO - DAG(s) 'example_display_name' retrieved from /home/airflow/.local/lib/python3.12/site-packages/airflow/example_dags/example_display_name.py
[2026-05-19T17:42:14.174+0000] {logging_mixin.py:188} INFO - [2026-05-19T17:42:14.174+0000] {dag.py:3096} INFO - Sync 1 DAGs
[2026-05-19T17:42:14.191+0000] {logging_mixin.py:188} INFO - [2026-05-19T17:42:14.191+0000] {dag.py:3954} INFO - Setting next_dagrun for example_display_name to None, run_after=None
[2026-05-19T17:42:14.219+0000] {processor.py:183} INFO - Processing /home/airflow/.local/lib/python3.12/site-packages/airflow/example_dags/example_display_name.py took 0.092 seconds
[2026-05-19T17:42:44.366+0000] {processor.py:161} INFO - Started process (PID=6822) to work on /home/airflow/.local/lib/python3.12/site-packages/airflow/example_dags/example_display_name.py
[2026-05-19T17:42:44.367+0000] {processor.py:830} INFO - Processing file /home/airflow/.local/lib/python3.12/site-packages/airflow/example_dags/example_display_name.py for tasks to queue
[2026-05-19T17:42:44.369+0000] {logging_mixin.py:188} INFO - [2026-05-19T17:42:44.369+0000] {dagbag.py:545} INFO - Filling up the DagBag from /home/airflow/.local/lib/python3.12/site-packages/airflow/example_dags/example_display_name.py
[2026-05-19T17:42:44.374+0000] {processor.py:840} INFO - DAG(s) 'example_display_name' retrieved from /home/airflow/.local/lib/python3.12/site-packages/airflow/example_dags/example_display_name.py
[2026-05-19T17:42:44.391+0000] {logging_mixin.py:188} INFO - [2026-05-19T17:42:44.390+0000] {dag.py:3096} INFO - Sync 1 DAGs
[2026-05-19T17:42:44.402+0000] {logging_mixin.py:188} INFO - [2026-05-19T17:42:44.402+0000] {dag.py:3954} INFO - Setting next_dagrun for example_display_name to None, run_after=None
[2026-05-19T17:42:44.417+0000] {processor.py:183} INFO - Processing /home/airflow/.local/lib/python3.12/site-packages/airflow/example_dags/example_display_name.py took 0.056 seconds
[2026-05-19T17:43:14.524+0000] {processor.py:161} INFO - Started process (PID=6881) to work on /home/airflow/.local/lib/python3.12/site-packages/airflow/example_dags/example_display_name.py
[2026-05-19T17:43:14.527+0000] {processor.py:830} INFO - Processing file /home/airflow/.local/lib/python3.12/site-packages/airflow/example_dags/example_display_name.py for tasks to queue
[2026-05-19T17:43:14.530+0000] {logging_mixin.py:188} INFO - [2026-05-19T17:43:14.530+0000] {dagbag.py:545} INFO - Filling up the DagBag from /home/airflow/.local/lib/python3.12/site-packages/airflow/example_dags/example_display_name.py
[2026-05-19T17:43:14.538+0000] {processor.py:840} INFO - DAG(s) 'example_display_name' retrieved from /home/airflow/.local/lib/python3.12/site-packages/airflow/example_dags/example_display_name.py
[2026-05-19T17:43:14.574+0000] {logging_mixin.py:188} INFO - [2026-05-19T17:43:14.574+0000] {dag.py:3096} INFO - Sync 1 DAGs
[2026-05-19T17:43:14.591+0000] {logging_mixin.py:188} INFO - [2026-05-19T17:43:14.591+0000] {dag.py:3954} INFO - Setting next_dagrun for example_display_name to None, run_after=None
[2026-05-19T17:43:14.625+0000] {processor.py:183} INFO - Processing /home/airflow/.local/lib/python3.12/site-packages/airflow/example_dags/example_display_name.py took 0.112 seconds
[2026-05-19T17:43:44.705+0000] {processor.py:161} INFO - Started process (PID=6940) to work on /home/airflow/.local/lib/python3.12/site-packages/airflow/example_dags/example_display_name.py
[2026-05-19T17:43:44.707+0000] {processor.py:830} INFO - Processing file /home/airflow/.local/lib/python3.12/site-packages/airflow/example_dags/example_display_name.py for tasks to queue
[2026-05-19T17:43:44.710+0000] {logging_mixin.py:188} INFO - [2026-05-19T17:43:44.710+0000] {dagbag.py:545} INFO - Filling up the DagBag from /home/airflow/.local/lib/python3.12/site-packages/airflow/example_dags/example_display_name.py
[2026-05-19T17:43:44.719+0000] {processor.py:840} INFO - DAG(s) 'example_display_name' retrieved from /home/airflow/.local/lib/python3.12/site-packages/airflow/example_dags/example_display_name.py
[2026-05-19T17:43:44.758+0000] {logging_mixin.py:188} INFO - [2026-05-19T17:43:44.758+0000] {dag.py:3096} INFO - Sync 1 DAGs
[2026-05-19T17:43:44.782+0000] {logging_mixin.py:188} INFO - [2026-05-19T17:43:44.782+0000] {dag.py:3954} INFO - Setting next_dagrun for example_display_name to None, run_after=None
[2026-05-19T17:43:44.819+0000] {processor.py:183} INFO - Processing /home/airflow/.local/lib/python3.12/site-packages/airflow/example_dags/example_display_name.py took 0.122 seconds
[2026-05-19T17:44:15.045+0000] {processor.py:161} INFO - Started process (PID=6999) to work on /home/airflow/.local/lib/python3.12/site-packages/airflow/example_dags/example_display_name.py
[2026-05-19T17:44:15.046+0000] {processor.py:830} INFO - Processing file /home/airflow/.local/lib/python3.12/site-packages/airflow/example_dags/example_display_name.py for tasks to queue
[2026-05-19T17:44:15.048+0000] {logging_mixin.py:188} INFO - [2026-05-19T17:44:15.048+0000] {dagbag.py:545} INFO - Filling up the DagBag from /home/airflow/.local/lib/python3.12/site-packages/airflow/example_dags/example_display_name.py
[2026-05-19T17:44:15.055+0000] {processor.py:840} INFO - DAG(s) 'example_display_name' retrieved from /home/airflow/.local/lib/python3.12/site-packages/airflow/example_dags/example_display_name.py
[2026-05-19T17:44:15.081+0000] {logging_mixin.py:188} INFO - [2026-05-19T17:44:15.081+0000] {dag.py:3096} INFO - Sync 1 DAGs
[2026-05-19T17:44:15.093+0000] {logging_mixin.py:188} INFO - [2026-05-19T17:44:15.093+0000] {dag.py:3954} INFO - Setting next_dagrun for example_display_name to None, run_after=None
[2026-05-19T17:44:15.119+0000] {processor.py:183} INFO - Processing /home/airflow/.local/lib/python3.12/site-packages/airflow/example_dags/example_display_name.py took 0.081 seconds
[2026-05-19T17:44:45.525+0000] {processor.py:161} INFO - Started process (PID=7058) to work on /home/airflow/.local/lib/python3.12/site-packages/airflow/example_dags/example_display_name.py
[2026-05-19T17:44:45.526+0000] {processor.py:830} INFO - Processing file /home/airflow/.local/lib/python3.12/site-packages/airflow/example_dags/example_display_name.py for tasks to queue
[2026-05-19T17:44:45.528+0000] {logging_mixin.py:188} INFO - [2026-05-19T17:44:45.527+0000] {dagbag.py:545} INFO - Filling up the DagBag from /home/airflow/.local/lib/python3.12/site-packages/airflow/example_dags/example_display_name.py
[2026-05-19T17:44:45.532+0000] {processor.py:840} INFO - DAG(s) 'example_display_name' retrieved from /home/airflow/.local/lib/python3.12/site-packages/airflow/example_dags/example_display_name.py
[2026-05-19T17:44:45.552+0000] {logging_mixin.py:188} INFO - [2026-05-19T17:44:45.551+0000] {dag.py:3096} INFO - Sync 1 DAGs
[2026-05-19T17:44:45.564+0000] {logging_mixin.py:188} INFO - [2026-05-19T17:44:45.563+0000] {dag.py:3954} INFO - Setting next_dagrun for example_display_name to None, run_after=None
[2026-05-19T17:44:45.583+0000] {processor.py:183} INFO - Processing /home/airflow/.local/lib/python3.12/site-packages/airflow/example_dags/example_display_name.py took 0.063 seconds
[2026-05-19T17:45:15.667+0000] {processor.py:161} INFO - Started process (PID=7117) to work on /home/airflow/.local/lib/python3.12/site-packages/airflow/example_dags/example_display_name.py
[2026-05-19T17:45:15.668+0000] {processor.py:830} INFO - Processing file /home/airflow/.local/lib/python3.12/site-packages/airflow/example_dags/example_display_name.py for tasks to queue
[2026-05-19T17:45:15.670+0000] {logging_mixin.py:188} INFO - [2026-05-19T17:45:15.670+0000] {dagbag.py:545} INFO - Filling up the DagBag from /home/airflow/.local/lib/python3.12/site-packages/airflow/example_dags/example_display_name.py
[2026-05-19T17:45:15.676+0000] {processor.py:840} INFO - DAG(s) 'example_display_name' retrieved from /home/airflow/.local/lib/python3.12/site-packages/airflow/example_dags/example_display_name.py
[2026-05-19T17:45:15.695+0000] {logging_mixin.py:188} INFO - [2026-05-19T17:45:15.694+0000] {dag.py:3096} INFO - Sync 1 DAGs
[2026-05-19T17:45:15.706+0000] {logging_mixin.py:188} INFO - [2026-05-19T17:45:15.706+0000] {dag.py:3954} INFO - Setting next_dagrun for example_display_name to None, run_after=None
[2026-05-19T17:45:15.748+0000] {processor.py:183} INFO - Processing /home/airflow/.local/lib/python3.12/site-packages/airflow/example_dags/example_display_name.py took 0.087 seconds
[2026-05-19T17:45:46.578+0000] {processor.py:161} INFO - Started process (PID=7176) to work on /home/airflow/.local/lib/python3.12/site-packages/airflow/example_dags/example_display_name.py
[2026-05-19T17:45:46.580+0000] {processor.py:830} INFO - Processing file /home/airflow/.local/lib/python3.12/site-packages/airflow/example_dags/example_display_name.py for tasks to queue
[2026-05-19T17:45:46.581+0000] {logging_mixin.py:188} INFO - [2026-05-19T17:45:46.581+0000] {dagbag.py:545} INFO - Filling up the DagBag from /home/airflow/.local/lib/python3.12/site-packages/airflow/example_dags/example_display_name.py
[2026-05-19T17:45:46.587+0000] {processor.py:840} INFO - DAG(s) 'example_display_name' retrieved from /home/airflow/.local/lib/python3.12/site-packages/airflow/example_dags/example_display_name.py
[2026-05-19T17:45:46.612+0000] {logging_mixin.py:188} INFO - [2026-05-19T17:45:46.612+0000] {dag.py:3096} INFO - Sync 1 DAGs
[2026-05-19T17:45:46.624+0000] {logging_mixin.py:188} INFO - [2026-05-19T17:45:46.624+0000] {dag.py:3954} INFO - Setting next_dagrun for example_display_name to None, run_after=None
[2026-05-19T17:45:46.646+0000] {processor.py:183} INFO - Processing /home/airflow/.local/lib/python3.12/site-packages/airflow/example_dags/example_display_name.py took 0.075 seconds
[2026-05-19T17:47:09.239+0000] {processor.py:161} INFO - Started process (PID=72) to work on /home/airflow/.local/lib/python3.12/site-packages/airflow/example_dags/example_display_name.py
[2026-05-19T17:47:09.242+0000] {processor.py:830} INFO - Processing file /home/airflow/.local/lib/python3.12/site-packages/airflow/example_dags/example_display_name.py for tasks to queue
[2026-05-19T17:47:09.247+0000] {logging_mixin.py:188} INFO - [2026-05-19T17:47:09.246+0000] {dagbag.py:545} INFO - Filling up the DagBag from /home/airflow/.local/lib/python3.12/site-packages/airflow/example_dags/example_display_name.py
[2026-05-19T17:47:09.277+0000] {processor.py:840} INFO - DAG(s) 'example_display_name' retrieved from /home/airflow/.local/lib/python3.12/site-packages/airflow/example_dags/example_display_name.py
[2026-05-19T17:47:10.256+0000] {logging_mixin.py:188} INFO - [2026-05-19T17:47:10.254+0000] {dag.py:3096} INFO - Sync 1 DAGs
[2026-05-19T17:47:10.336+0000] {logging_mixin.py:188} INFO - [2026-05-19T17:47:10.335+0000] {dag.py:3954} INFO - Setting next_dagrun for example_display_name to None, run_after=None
[2026-05-19T17:47:10.450+0000] {processor.py:183} INFO - Processing /home/airflow/.local/lib/python3.12/site-packages/airflow/example_dags/example_display_name.py took 1.223 seconds
[2026-05-19T17:47:40.681+0000] {processor.py:161} INFO - Started process (PID=130) to work on /home/airflow/.local/lib/python3.12/site-packages/airflow/example_dags/example_display_name.py
[2026-05-19T17:47:40.683+0000] {processor.py:830} INFO - Processing file /home/airflow/.local/lib/python3.12/site-packages/airflow/example_dags/example_display_name.py for tasks to queue
[2026-05-19T17:47:40.685+0000] {logging_mixin.py:188} INFO - [2026-05-19T17:47:40.685+0000] {dagbag.py:545} INFO - Filling up the DagBag from /home/airflow/.local/lib/python3.12/site-packages/airflow/example_dags/example_display_name.py
[2026-05-19T17:47:40.691+0000] {processor.py:840} INFO - DAG(s) 'example_display_name' retrieved from /home/airflow/.local/lib/python3.12/site-packages/airflow/example_dags/example_display_name.py
[2026-05-19T17:47:40.711+0000] {logging_mixin.py:188} INFO - [2026-05-19T17:47:40.711+0000] {dag.py:3096} INFO - Sync 1 DAGs
[2026-05-19T17:47:40.724+0000] {logging_mixin.py:188} INFO - [2026-05-19T17:47:40.724+0000] {dag.py:3954} INFO - Setting next_dagrun for example_display_name to None, run_after=None
[2026-05-19T17:47:40.742+0000] {processor.py:183} INFO - Processing /home/airflow/.local/lib/python3.12/site-packages/airflow/example_dags/example_display_name.py took 0.068 seconds
[2026-05-19T17:48:10.906+0000] {processor.py:161} INFO - Started process (PID=188) to work on /home/airflow/.local/lib/python3.12/site-packages/airflow/example_dags/example_display_name.py
[2026-05-19T17:48:10.907+0000] {processor.py:830} INFO - Processing file /home/airflow/.local/lib/python3.12/site-packages/airflow/example_dags/example_display_name.py for tasks to queue
[2026-05-19T17:48:10.910+0000] {logging_mixin.py:188} INFO - [2026-05-19T17:48:10.909+0000] {dagbag.py:545} INFO - Filling up the DagBag from /home/airflow/.local/lib/python3.12/site-packages/airflow/example_dags/example_display_name.py
[2026-05-19T17:48:10.919+0000] {processor.py:840} INFO - DAG(s) 'example_display_name' retrieved from /home/airflow/.local/lib/python3.12/site-packages/airflow/example_dags/example_display_name.py
[2026-05-19T17:48:10.947+0000] {logging_mixin.py:188} INFO - [2026-05-19T17:48:10.946+0000] {dag.py:3096} INFO - Sync 1 DAGs
[2026-05-19T17:48:10.963+0000] {logging_mixin.py:188} INFO - [2026-05-19T17:48:10.963+0000] {dag.py:3954} INFO - Setting next_dagrun for example_display_name to None, run_after=None
[2026-05-19T17:48:10.987+0000] {processor.py:183} INFO - Processing /home/airflow/.local/lib/python3.12/site-packages/airflow/example_dags/example_display_name.py took 0.092 seconds
[2026-05-19T17:48:41.373+0000] {processor.py:161} INFO - Started process (PID=247) to work on /home/airflow/.local/lib/python3.12/site-packages/airflow/example_dags/example_display_name.py
[2026-05-19T17:48:41.375+0000] {processor.py:830} INFO - Processing file /home/airflow/.local/lib/python3.12/site-packages/airflow/example_dags/example_display_name.py for tasks to queue
[2026-05-19T17:48:41.378+0000] {logging_mixin.py:188} INFO - [2026-05-19T17:48:41.377+0000] {dagbag.py:545} INFO - Filling up the DagBag from /home/airflow/.local/lib/python3.12/site-packages/airflow/example_dags/example_display_name.py
[2026-05-19T17:48:41.386+0000] {processor.py:840} INFO - DAG(s) 'example_display_name' retrieved from /home/airflow/.local/lib/python3.12/site-packages/airflow/example_dags/example_display_name.py
[2026-05-19T17:48:41.418+0000] {logging_mixin.py:188} INFO - [2026-05-19T17:48:41.417+0000] {dag.py:3096} INFO - Sync 1 DAGs
[2026-05-19T17:48:41.437+0000] {logging_mixin.py:188} INFO - [2026-05-19T17:48:41.436+0000] {dag.py:3954} INFO - Setting next_dagrun for example_display_name to None, run_after=None
[2026-05-19T17:48:41.470+0000] {processor.py:183} INFO - Processing /home/airflow/.local/lib/python3.12/site-packages/airflow/example_dags/example_display_name.py took 0.107 seconds
[2026-05-19T17:49:11.648+0000] {processor.py:161} INFO - Started process (PID=305) to work on /home/airflow/.local/lib/python3.12/site-packages/airflow/example_dags/example_display_name.py
[2026-05-19T17:49:11.649+0000] {processor.py:830} INFO - Processing file /home/airflow/.local/lib/python3.12/site-packages/airflow/example_dags/example_display_name.py for tasks to queue
[2026-05-19T17:49:11.651+0000] {logging_mixin.py:188} INFO - [2026-05-19T17:49:11.651+0000] {dagbag.py:545} INFO - Filling up the DagBag from /home/airflow/.local/lib/python3.12/site-packages/airflow/example_dags/example_display_name.py
[2026-05-19T17:49:11.657+0000] {processor.py:840} INFO - DAG(s) 'example_display_name' retrieved from /home/airflow/.local/lib/python3.12/site-packages/airflow/example_dags/example_display_name.py
[2026-05-19T17:49:11.676+0000] {logging_mixin.py:188} INFO - [2026-05-19T17:49:11.676+0000] {dag.py:3096} INFO - Sync 1 DAGs
[2026-05-19T17:49:11.687+0000] {logging_mixin.py:188} INFO - [2026-05-19T17:49:11.687+0000] {dag.py:3954} INFO - Setting next_dagrun for example_display_name to None, run_after=None
[2026-05-19T17:49:11.704+0000] {processor.py:183} INFO - Processing /home/airflow/.local/lib/python3.12/site-packages/airflow/example_dags/example_display_name.py took 0.060 seconds
[2026-05-19T17:49:41.876+0000] {processor.py:161} INFO - Started process (PID=363) to work on /home/airflow/.local/lib/python3.12/site-packages/airflow/example_dags/example_display_name.py
[2026-05-19T17:49:41.877+0000] {processor.py:830} INFO - Processing file /home/airflow/.local/lib/python3.12/site-packages/airflow/example_dags/example_display_name.py for tasks to queue
[2026-05-19T17:49:41.880+0000] {logging_mixin.py:188} INFO - [2026-05-19T17:49:41.880+0000] {dagbag.py:545} INFO - Filling up the DagBag from /home/airflow/.local/lib/python3.12/site-packages/airflow/example_dags/example_display_name.py
[2026-05-19T17:49:41.888+0000] {processor.py:840} INFO - DAG(s) 'example_display_name' retrieved from /home/airflow/.local/lib/python3.12/site-packages/airflow/example_dags/example_display_name.py
[2026-05-19T17:49:41.911+0000] {logging_mixin.py:188} INFO - [2026-05-19T17:49:41.911+0000] {dag.py:3096} INFO - Sync 1 DAGs
[2026-05-19T17:49:41.925+0000] {logging_mixin.py:188} INFO - [2026-05-19T17:49:41.925+0000] {dag.py:3954} INFO - Setting next_dagrun for example_display_name to None, run_after=None
[2026-05-19T17:49:41.945+0000] {processor.py:183} INFO - Processing /home/airflow/.local/lib/python3.12/site-packages/airflow/example_dags/example_display_name.py took 0.077 seconds
[2026-05-19T17:50:12.125+0000] {processor.py:161} INFO - Started process (PID=422) to work on /home/airflow/.local/lib/python3.12/site-packages/airflow/example_dags/example_display_name.py
[2026-05-19T17:50:12.126+0000] {processor.py:830} INFO - Processing file /home/airflow/.local/lib/python3.12/site-packages/airflow/example_dags/example_display_name.py for tasks to queue
[2026-05-19T17:50:12.129+0000] {logging_mixin.py:188} INFO - [2026-05-19T17:50:12.128+0000] {dagbag.py:545} INFO - Filling up the DagBag from /home/airflow/.local/lib/python3.12/site-packages/airflow/example_dags/example_display_name.py
[2026-05-19T17:50:12.135+0000] {processor.py:840} INFO - DAG(s) 'example_display_name' retrieved from /home/airflow/.local/lib/python3.12/site-packages/airflow/example_dags/example_display_name.py
[2026-05-19T17:50:12.158+0000] {logging_mixin.py:188} INFO - [2026-05-19T17:50:12.158+0000] {dag.py:3096} INFO - Sync 1 DAGs
[2026-05-19T17:50:12.173+0000] {logging_mixin.py:188} INFO - [2026-05-19T17:50:12.173+0000] {dag.py:3954} INFO - Setting next_dagrun for example_display_name to None, run_after=None
[2026-05-19T17:50:12.193+0000] {processor.py:183} INFO - Processing /home/airflow/.local/lib/python3.12/site-packages/airflow/example_dags/example_display_name.py took 0.076 seconds
[2026-05-19T17:50:42.314+0000] {processor.py:161} INFO - Started process (PID=480) to work on /home/airflow/.local/lib/python3.12/site-packages/airflow/example_dags/example_display_name.py
[2026-05-19T17:50:42.316+0000] {processor.py:830} INFO - Processing file /home/airflow/.local/lib/python3.12/site-packages/airflow/example_dags/example_display_name.py for tasks to queue
[2026-05-19T17:50:42.318+0000] {logging_mixin.py:188} INFO - [2026-05-19T17:50:42.318+0000] {dagbag.py:545} INFO - Filling up the DagBag from /home/airflow/.local/lib/python3.12/site-packages/airflow/example_dags/example_display_name.py
[2026-05-19T17:50:42.324+0000] {processor.py:840} INFO - DAG(s) 'example_display_name' retrieved from /home/airflow/.local/lib/python3.12/site-packages/airflow/example_dags/example_display_name.py
[2026-05-19T17:50:42.366+0000] {logging_mixin.py:188} INFO - [2026-05-19T17:50:42.365+0000] {dag.py:3096} INFO - Sync 1 DAGs
[2026-05-19T17:50:42.380+0000] {logging_mixin.py:188} INFO - [2026-05-19T17:50:42.379+0000] {dag.py:3954} INFO - Setting next_dagrun for example_display_name to None, run_after=None
[2026-05-19T17:50:42.423+0000] {processor.py:183} INFO - Processing /home/airflow/.local/lib/python3.12/site-packages/airflow/example_dags/example_display_name.py took 0.116 seconds
[2026-05-19T17:51:12.837+0000] {processor.py:161} INFO - Started process (PID=538) to work on /home/airflow/.local/lib/python3.12/site-packages/airflow/example_dags/example_display_name.py
[2026-05-19T17:51:12.838+0000] {processor.py:830} INFO - Processing file /home/airflow/.local/lib/python3.12/site-packages/airflow/example_dags/example_display_name.py for tasks to queue
[2026-05-19T17:51:12.841+0000] {logging_mixin.py:188} INFO - [2026-05-19T17:51:12.840+0000] {dagbag.py:545} INFO - Filling up the DagBag from /home/airflow/.local/lib/python3.12/site-packages/airflow/example_dags/example_display_name.py
[2026-05-19T17:51:12.846+0000] {processor.py:840} INFO - DAG(s) 'example_display_name' retrieved from /home/airflow/.local/lib/python3.12/site-packages/airflow/example_dags/example_display_name.py
[2026-05-19T17:51:12.868+0000] {logging_mixin.py:188} INFO - [2026-05-19T17:51:12.868+0000] {dag.py:3096} INFO - Sync 1 DAGs
[2026-05-19T17:51:12.882+0000] {logging_mixin.py:188} INFO - [2026-05-19T17:51:12.881+0000] {dag.py:3954} INFO - Setting next_dagrun for example_display_name to None, run_after=None
[2026-05-19T17:51:12.901+0000] {processor.py:183} INFO - Processing /home/airflow/.local/lib/python3.12/site-packages/airflow/example_dags/example_display_name.py took 0.072 seconds
[2026-05-19T17:51:43.284+0000] {processor.py:161} INFO - Started process (PID=596) to work on /home/airflow/.local/lib/python3.12/site-packages/airflow/example_dags/example_display_name.py
[2026-05-19T17:51:43.287+0000] {processor.py:830} INFO - Processing file /home/airflow/.local/lib/python3.12/site-packages/airflow/example_dags/example_display_name.py for tasks to queue
[2026-05-19T17:51:43.293+0000] {logging_mixin.py:188} INFO - [2026-05-19T17:51:43.291+0000] {dagbag.py:545} INFO - Filling up the DagBag from /home/airflow/.local/lib/python3.12/site-packages/airflow/example_dags/example_display_name.py
[2026-05-19T17:51:43.309+0000] {processor.py:840} INFO - DAG(s) 'example_display_name' retrieved from /home/airflow/.local/lib/python3.12/site-packages/airflow/example_dags/example_display_name.py
[2026-05-19T17:51:43.359+0000] {logging_mixin.py:188} INFO - [2026-05-19T17:51:43.358+0000] {dag.py:3096} INFO - Sync 1 DAGs
[2026-05-19T17:51:43.403+0000] {logging_mixin.py:188} INFO - [2026-05-19T17:51:43.402+0000] {dag.py:3954} INFO - Setting next_dagrun for example_display_name to None, run_after=None
[2026-05-19T17:51:43.445+0000] {processor.py:183} INFO - Processing /home/airflow/.local/lib/python3.12/site-packages/airflow/example_dags/example_display_name.py took 0.179 seconds
[2026-05-19T17:52:13.658+0000] {processor.py:161} INFO - Started process (PID=654) to work on /home/airflow/.local/lib/python3.12/site-packages/airflow/example_dags/example_display_name.py
[2026-05-19T17:52:13.659+0000] {processor.py:830} INFO - Processing file /home/airflow/.local/lib/python3.12/site-packages/airflow/example_dags/example_display_name.py for tasks to queue
[2026-05-19T17:52:13.661+0000] {logging_mixin.py:188} INFO - [2026-05-19T17:52:13.660+0000] {dagbag.py:545} INFO - Filling up the DagBag from /home/airflow/.local/lib/python3.12/site-packages/airflow/example_dags/example_display_name.py
[2026-05-19T17:52:13.667+0000] {processor.py:840} INFO - DAG(s) 'example_display_name' retrieved from /home/airflow/.local/lib/python3.12/site-packages/airflow/example_dags/example_display_name.py
[2026-05-19T17:52:13.689+0000] {logging_mixin.py:188} INFO - [2026-05-19T17:52:13.689+0000] {dag.py:3096} INFO - Sync 1 DAGs
[2026-05-19T17:52:13.702+0000] {logging_mixin.py:188} INFO - [2026-05-19T17:52:13.702+0000] {dag.py:3954} INFO - Setting next_dagrun for example_display_name to None, run_after=None
[2026-05-19T17:52:13.719+0000] {processor.py:183} INFO - Processing /home/airflow/.local/lib/python3.12/site-packages/airflow/example_dags/example_display_name.py took 0.067 seconds
[2026-05-19T17:52:44.076+0000] {processor.py:161} INFO - Started process (PID=712) to work on /home/airflow/.local/lib/python3.12/site-packages/airflow/example_dags/example_display_name.py
[2026-05-19T17:52:44.077+0000] {processor.py:830} INFO - Processing file /home/airflow/.local/lib/python3.12/site-packages/airflow/example_dags/example_display_name.py for tasks to queue
[2026-05-19T17:52:44.079+0000] {logging_mixin.py:188} INFO - [2026-05-19T17:52:44.079+0000] {dagbag.py:545} INFO - Filling up the DagBag from /home/airflow/.local/lib/python3.12/site-packages/airflow/example_dags/example_display_name.py
[2026-05-19T17:52:44.084+0000] {processor.py:840} INFO - DAG(s) 'example_display_name' retrieved from /home/airflow/.local/lib/python3.12/site-packages/airflow/example_dags/example_display_name.py
[2026-05-19T17:52:44.105+0000] {logging_mixin.py:188} INFO - [2026-05-19T17:52:44.105+0000] {dag.py:3096} INFO - Sync 1 DAGs
[2026-05-19T17:52:44.118+0000] {logging_mixin.py:188} INFO - [2026-05-19T17:52:44.118+0000] {dag.py:3954} INFO - Setting next_dagrun for example_display_name to None, run_after=None
[2026-05-19T17:52:44.136+0000] {processor.py:183} INFO - Processing /home/airflow/.local/lib/python3.12/site-packages/airflow/example_dags/example_display_name.py took 0.064 seconds
[2026-05-19T17:53:14.604+0000] {processor.py:161} INFO - Started process (PID=770) to work on /home/airflow/.local/lib/python3.12/site-packages/airflow/example_dags/example_display_name.py
[2026-05-19T17:53:14.606+0000] {processor.py:830} INFO - Processing file /home/airflow/.local/lib/python3.12/site-packages/airflow/example_dags/example_display_name.py for tasks to queue
[2026-05-19T17:53:14.608+0000] {logging_mixin.py:188} INFO - [2026-05-19T17:53:14.608+0000] {dagbag.py:545} INFO - Filling up the DagBag from /home/airflow/.local/lib/python3.12/site-packages/airflow/example_dags/example_display_name.py
[2026-05-19T17:53:14.615+0000] {processor.py:840} INFO - DAG(s) 'example_display_name' retrieved from /home/airflow/.local/lib/python3.12/site-packages/airflow/example_dags/example_display_name.py
[2026-05-19T17:53:14.642+0000] {logging_mixin.py:188} INFO - [2026-05-19T17:53:14.641+0000] {dag.py:3096} INFO - Sync 1 DAGs
[2026-05-19T17:53:14.664+0000] {logging_mixin.py:188} INFO - [2026-05-19T17:53:14.663+0000] {dag.py:3954} INFO - Setting next_dagrun for example_display_name to None, run_after=None
[2026-05-19T17:53:14.698+0000] {processor.py:183} INFO - Processing /home/airflow/.local/lib/python3.12/site-packages/airflow/example_dags/example_display_name.py took 0.103 seconds
[2026-05-19T17:53:45.185+0000] {processor.py:161} INFO - Started process (PID=828) to work on /home/airflow/.local/lib/python3.12/site-packages/airflow/example_dags/example_display_name.py
[2026-05-19T17:53:45.187+0000] {processor.py:830} INFO - Processing file /home/airflow/.local/lib/python3.12/site-packages/airflow/example_dags/example_display_name.py for tasks to queue
[2026-05-19T17:53:45.189+0000] {logging_mixin.py:188} INFO - [2026-05-19T17:53:45.189+0000] {dagbag.py:545} INFO - Filling up the DagBag from /home/airflow/.local/lib/python3.12/site-packages/airflow/example_dags/example_display_name.py
[2026-05-19T17:53:45.194+0000] {processor.py:840} INFO - DAG(s) 'example_display_name' retrieved from /home/airflow/.local/lib/python3.12/site-packages/airflow/example_dags/example_display_name.py
[2026-05-19T17:53:45.217+0000] {logging_mixin.py:188} INFO - [2026-05-19T17:53:45.216+0000] {dag.py:3096} INFO - Sync 1 DAGs
[2026-05-19T17:53:45.231+0000] {logging_mixin.py:188} INFO - [2026-05-19T17:53:45.231+0000] {dag.py:3954} INFO - Setting next_dagrun for example_display_name to None, run_after=None
[2026-05-19T17:53:45.277+0000] {processor.py:183} INFO - Processing /home/airflow/.local/lib/python3.12/site-packages/airflow/example_dags/example_display_name.py took 0.098 seconds
[2026-05-19T17:54:15.769+0000] {processor.py:161} INFO - Started process (PID=886) to work on /home/airflow/.local/lib/python3.12/site-packages/airflow/example_dags/example_display_name.py
[2026-05-19T17:54:15.770+0000] {processor.py:830} INFO - Processing file /home/airflow/.local/lib/python3.12/site-packages/airflow/example_dags/example_display_name.py for tasks to queue
[2026-05-19T17:54:15.772+0000] {logging_mixin.py:188} INFO - [2026-05-19T17:54:15.772+0000] {dagbag.py:545} INFO - Filling up the DagBag from /home/airflow/.local/lib/python3.12/site-packages/airflow/example_dags/example_display_name.py
[2026-05-19T17:54:15.778+0000] {processor.py:840} INFO - DAG(s) 'example_display_name' retrieved from /home/airflow/.local/lib/python3.12/site-packages/airflow/example_dags/example_display_name.py
[2026-05-19T17:54:15.803+0000] {logging_mixin.py:188} INFO - [2026-05-19T17:54:15.802+0000] {dag.py:3096} INFO - Sync 1 DAGs
[2026-05-19T17:54:15.819+0000] {logging_mixin.py:188} INFO - [2026-05-19T17:54:15.818+0000] {dag.py:3954} INFO - Setting next_dagrun for example_display_name to None, run_after=None
[2026-05-19T17:54:15.858+0000] {processor.py:183} INFO - Processing /home/airflow/.local/lib/python3.12/site-packages/airflow/example_dags/example_display_name.py took 0.096 seconds
[2026-05-19T17:54:46.069+0000] {processor.py:161} INFO - Started process (PID=943) to work on /home/airflow/.local/lib/python3.12/site-packages/airflow/example_dags/example_display_name.py
[2026-05-19T17:54:46.070+0000] {processor.py:830} INFO - Processing file /home/airflow/.local/lib/python3.12/site-packages/airflow/example_dags/example_display_name.py for tasks to queue
[2026-05-19T17:54:46.072+0000] {logging_mixin.py:188} INFO - [2026-05-19T17:54:46.072+0000] {dagbag.py:545} INFO - Filling up the DagBag from /home/airflow/.local/lib/python3.12/site-packages/airflow/example_dags/example_display_name.py
[2026-05-19T17:54:46.094+0000] {processor.py:840} INFO - DAG(s) 'example_display_name' retrieved from /home/airflow/.local/lib/python3.12/site-packages/airflow/example_dags/example_display_name.py
[2026-05-19T17:54:46.113+0000] {logging_mixin.py:188} INFO - [2026-05-19T17:54:46.113+0000] {dag.py:3096} INFO - Sync 1 DAGs
[2026-05-19T17:54:46.124+0000] {logging_mixin.py:188} INFO - [2026-05-19T17:54:46.124+0000] {dag.py:3954} INFO - Setting next_dagrun for example_display_name to None, run_after=None
[2026-05-19T17:54:46.147+0000] {processor.py:183} INFO - Processing /home/airflow/.local/lib/python3.12/site-packages/airflow/example_dags/example_display_name.py took 0.083 seconds
[2026-05-19T17:55:16.282+0000] {processor.py:161} INFO - Started process (PID=1001) to work on /home/airflow/.local/lib/python3.12/site-packages/airflow/example_dags/example_display_name.py
[2026-05-19T17:55:16.283+0000] {processor.py:830} INFO - Processing file /home/airflow/.local/lib/python3.12/site-packages/airflow/example_dags/example_display_name.py for tasks to queue
[2026-05-19T17:55:16.285+0000] {logging_mixin.py:188} INFO - [2026-05-19T17:55:16.285+0000] {dagbag.py:545} INFO - Filling up the DagBag from /home/airflow/.local/lib/python3.12/site-packages/airflow/example_dags/example_display_name.py
[2026-05-19T17:55:16.291+0000] {processor.py:840} INFO - DAG(s) 'example_display_name' retrieved from /home/airflow/.local/lib/python3.12/site-packages/airflow/example_dags/example_display_name.py
[2026-05-19T17:55:16.314+0000] {logging_mixin.py:188} INFO - [2026-05-19T17:55:16.314+0000] {dag.py:3096} INFO - Sync 1 DAGs
[2026-05-19T17:55:16.330+0000] {logging_mixin.py:188} INFO - [2026-05-19T17:55:16.330+0000] {dag.py:3954} INFO - Setting next_dagrun for example_display_name to None, run_after=None
[2026-05-19T17:55:16.357+0000] {processor.py:183} INFO - Processing /home/airflow/.local/lib/python3.12/site-packages/airflow/example_dags/example_display_name.py took 0.079 seconds
[2026-05-19T17:55:46.442+0000] {processor.py:161} INFO - Started process (PID=1059) to work on /home/airflow/.local/lib/python3.12/site-packages/airflow/example_dags/example_display_name.py
[2026-05-19T17:55:46.443+0000] {processor.py:830} INFO - Processing file /home/airflow/.local/lib/python3.12/site-packages/airflow/example_dags/example_display_name.py for tasks to queue
[2026-05-19T17:55:46.445+0000] {logging_mixin.py:188} INFO - [2026-05-19T17:55:46.445+0000] {dagbag.py:545} INFO - Filling up the DagBag from /home/airflow/.local/lib/python3.12/site-packages/airflow/example_dags/example_display_name.py
[2026-05-19T17:55:46.450+0000] {processor.py:840} INFO - DAG(s) 'example_display_name' retrieved from /home/airflow/.local/lib/python3.12/site-packages/airflow/example_dags/example_display_name.py
[2026-05-19T17:55:46.470+0000] {logging_mixin.py:188} INFO - [2026-05-19T17:55:46.469+0000] {dag.py:3096} INFO - Sync 1 DAGs
[2026-05-19T17:55:46.481+0000] {logging_mixin.py:188} INFO - [2026-05-19T17:55:46.481+0000] {dag.py:3954} INFO - Setting next_dagrun for example_display_name to None, run_after=None
[2026-05-19T17:55:46.524+0000] {processor.py:183} INFO - Processing /home/airflow/.local/lib/python3.12/site-packages/airflow/example_dags/example_display_name.py took 0.088 seconds
[2026-05-19T17:56:16.682+0000] {processor.py:161} INFO - Started process (PID=1117) to work on /home/airflow/.local/lib/python3.12/site-packages/airflow/example_dags/example_display_name.py
[2026-05-19T17:56:16.683+0000] {processor.py:830} INFO - Processing file /home/airflow/.local/lib/python3.12/site-packages/airflow/example_dags/example_display_name.py for tasks to queue
[2026-05-19T17:56:16.685+0000] {logging_mixin.py:188} INFO - [2026-05-19T17:56:16.685+0000] {dagbag.py:545} INFO - Filling up the DagBag from /home/airflow/.local/lib/python3.12/site-packages/airflow/example_dags/example_display_name.py
[2026-05-19T17:56:16.692+0000] {processor.py:840} INFO - DAG(s) 'example_display_name' retrieved from /home/airflow/.local/lib/python3.12/site-packages/airflow/example_dags/example_display_name.py
[2026-05-19T17:56:16.717+0000] {logging_mixin.py:188} INFO - [2026-05-19T17:56:16.717+0000] {dag.py:3096} INFO - Sync 1 DAGs
[2026-05-19T17:56:16.729+0000] {logging_mixin.py:188} INFO - [2026-05-19T17:56:16.729+0000] {dag.py:3954} INFO - Setting next_dagrun for example_display_name to None, run_after=None
[2026-05-19T17:56:16.748+0000] {processor.py:183} INFO - Processing /home/airflow/.local/lib/python3.12/site-packages/airflow/example_dags/example_display_name.py took 0.073 seconds
[2026-05-19T17:56:47.031+0000] {processor.py:161} INFO - Started process (PID=1175) to work on /home/airflow/.local/lib/python3.12/site-packages/airflow/example_dags/example_display_name.py
[2026-05-19T17:56:47.033+0000] {processor.py:830} INFO - Processing file /home/airflow/.local/lib/python3.12/site-packages/airflow/example_dags/example_display_name.py for tasks to queue
[2026-05-19T17:56:47.035+0000] {logging_mixin.py:188} INFO - [2026-05-19T17:56:47.035+0000] {dagbag.py:545} INFO - Filling up the DagBag from /home/airflow/.local/lib/python3.12/site-packages/airflow/example_dags/example_display_name.py
[2026-05-19T17:56:47.042+0000] {processor.py:840} INFO - DAG(s) 'example_display_name' retrieved from /home/airflow/.local/lib/python3.12/site-packages/airflow/example_dags/example_display_name.py
[2026-05-19T17:56:47.072+0000] {logging_mixin.py:188} INFO - [2026-05-19T17:56:47.072+0000] {dag.py:3096} INFO - Sync 1 DAGs
[2026-05-19T17:56:47.089+0000] {logging_mixin.py:188} INFO - [2026-05-19T17:56:47.088+0000] {dag.py:3954} INFO - Setting next_dagrun for example_display_name to None, run_after=None
[2026-05-19T17:56:47.113+0000] {processor.py:183} INFO - Processing /home/airflow/.local/lib/python3.12/site-packages/airflow/example_dags/example_display_name.py took 0.090 seconds
[2026-05-19T17:57:53.713+0000] {processor.py:161} INFO - Started process (PID=71) to work on /home/airflow/.local/lib/python3.12/site-packages/airflow/example_dags/example_display_name.py
[2026-05-19T17:57:53.715+0000] {processor.py:830} INFO - Processing file /home/airflow/.local/lib/python3.12/site-packages/airflow/example_dags/example_display_name.py for tasks to queue
[2026-05-19T17:57:53.719+0000] {logging_mixin.py:188} INFO - [2026-05-19T17:57:53.718+0000] {dagbag.py:545} INFO - Filling up the DagBag from /home/airflow/.local/lib/python3.12/site-packages/airflow/example_dags/example_display_name.py
[2026-05-19T17:57:53.745+0000] {processor.py:840} INFO - DAG(s) 'example_display_name' retrieved from /home/airflow/.local/lib/python3.12/site-packages/airflow/example_dags/example_display_name.py
[2026-05-19T17:57:54.224+0000] {logging_mixin.py:188} INFO - [2026-05-19T17:57:54.223+0000] {dag.py:3096} INFO - Sync 1 DAGs
[2026-05-19T17:57:54.255+0000] {logging_mixin.py:188} INFO - [2026-05-19T17:57:54.255+0000] {dag.py:3954} INFO - Setting next_dagrun for example_display_name to None, run_after=None
[2026-05-19T17:57:54.305+0000] {processor.py:183} INFO - Processing /home/airflow/.local/lib/python3.12/site-packages/airflow/example_dags/example_display_name.py took 0.604 seconds
[2026-05-19T17:58:24.911+0000] {processor.py:161} INFO - Started process (PID=129) to work on /home/airflow/.local/lib/python3.12/site-packages/airflow/example_dags/example_display_name.py
[2026-05-19T17:58:24.915+0000] {processor.py:830} INFO - Processing file /home/airflow/.local/lib/python3.12/site-packages/airflow/example_dags/example_display_name.py for tasks to queue
[2026-05-19T17:58:24.922+0000] {logging_mixin.py:188} INFO - [2026-05-19T17:58:24.921+0000] {dagbag.py:545} INFO - Filling up the DagBag from /home/airflow/.local/lib/python3.12/site-packages/airflow/example_dags/example_display_name.py
[2026-05-19T17:58:24.939+0000] {processor.py:840} INFO - DAG(s) 'example_display_name' retrieved from /home/airflow/.local/lib/python3.12/site-packages/airflow/example_dags/example_display_name.py
[2026-05-19T17:58:25.018+0000] {logging_mixin.py:188} INFO - [2026-05-19T17:58:25.018+0000] {dag.py:3096} INFO - Sync 1 DAGs
[2026-05-19T17:58:25.070+0000] {logging_mixin.py:188} INFO - [2026-05-19T17:58:25.069+0000] {dag.py:3954} INFO - Setting next_dagrun for example_display_name to None, run_after=None
[2026-05-19T17:58:25.124+0000] {processor.py:183} INFO - Processing /home/airflow/.local/lib/python3.12/site-packages/airflow/example_dags/example_display_name.py took 0.224 seconds
[2026-05-19T17:58:55.270+0000] {processor.py:161} INFO - Started process (PID=186) to work on /home/airflow/.local/lib/python3.12/site-packages/airflow/example_dags/example_display_name.py
[2026-05-19T17:58:55.273+0000] {processor.py:830} INFO - Processing file /home/airflow/.local/lib/python3.12/site-packages/airflow/example_dags/example_display_name.py for tasks to queue
[2026-05-19T17:58:55.279+0000] {logging_mixin.py:188} INFO - [2026-05-19T17:58:55.278+0000] {dagbag.py:545} INFO - Filling up the DagBag from /home/airflow/.local/lib/python3.12/site-packages/airflow/example_dags/example_display_name.py
[2026-05-19T17:58:55.294+0000] {processor.py:840} INFO - DAG(s) 'example_display_name' retrieved from /home/airflow/.local/lib/python3.12/site-packages/airflow/example_dags/example_display_name.py
[2026-05-19T17:58:55.336+0000] {logging_mixin.py:188} INFO - [2026-05-19T17:58:55.335+0000] {dag.py:3096} INFO - Sync 1 DAGs
[2026-05-19T17:58:55.361+0000] {logging_mixin.py:188} INFO - [2026-05-19T17:58:55.361+0000] {dag.py:3954} INFO - Setting next_dagrun for example_display_name to None, run_after=None
[2026-05-19T17:58:55.398+0000] {processor.py:183} INFO - Processing /home/airflow/.local/lib/python3.12/site-packages/airflow/example_dags/example_display_name.py took 0.145 seconds
