[2026-05-19T13:25:28.338+0000] {processor.py:161} INFO - Started process (PID=108) to work on /home/airflow/.local/lib/python3.12/site-packages/airflow/example_dags/example_sensors.py
[2026-05-19T13:25:28.340+0000] {processor.py:830} INFO - Processing file /home/airflow/.local/lib/python3.12/site-packages/airflow/example_dags/example_sensors.py for tasks to queue
[2026-05-19T13:25:28.344+0000] {logging_mixin.py:188} INFO - [2026-05-19T13:25:28.343+0000] {dagbag.py:545} INFO - Filling up the DagBag from /home/airflow/.local/lib/python3.12/site-packages/airflow/example_dags/example_sensors.py
[2026-05-19T13:25:28.372+0000] {processor.py:840} INFO - DAG(s) 'example_sensors' retrieved from /home/airflow/.local/lib/python3.12/site-packages/airflow/example_dags/example_sensors.py
[2026-05-19T13:25:28.619+0000] {logging_mixin.py:188} INFO - [2026-05-19T13:25:28.618+0000] {override.py:1829} INFO - Created Permission View: can read on DAG:example_sensors
[2026-05-19T13:25:28.652+0000] {logging_mixin.py:188} INFO - [2026-05-19T13:25:28.651+0000] {override.py:1829} INFO - Created Permission View: can edit on DAG:example_sensors
[2026-05-19T13:25:28.671+0000] {logging_mixin.py:188} INFO - [2026-05-19T13:25:28.670+0000] {override.py:1829} INFO - Created Permission View: can delete on DAG:example_sensors
[2026-05-19T13:25:28.673+0000] {logging_mixin.py:188} INFO - [2026-05-19T13:25:28.673+0000] {dag.py:3096} INFO - Sync 1 DAGs
[2026-05-19T13:25:28.710+0000] {logging_mixin.py:188} INFO - [2026-05-19T13:25:28.710+0000] {dag.py:3118} INFO - Creating ORM DAG for example_sensors
[2026-05-19T13:25:28.713+0000] {logging_mixin.py:188} INFO - [2026-05-19T13:25:28.713+0000] {dag.py:3954} INFO - Setting next_dagrun for example_sensors to None, run_after=None
[2026-05-19T13:25:28.761+0000] {processor.py:183} INFO - Processing /home/airflow/.local/lib/python3.12/site-packages/airflow/example_dags/example_sensors.py took 0.434 seconds
[2026-05-19T13:25:59.197+0000] {processor.py:161} INFO - Started process (PID=166) to work on /home/airflow/.local/lib/python3.12/site-packages/airflow/example_dags/example_sensors.py
[2026-05-19T13:25:59.198+0000] {processor.py:830} INFO - Processing file /home/airflow/.local/lib/python3.12/site-packages/airflow/example_dags/example_sensors.py for tasks to queue
[2026-05-19T13:25:59.201+0000] {logging_mixin.py:188} INFO - [2026-05-19T13:25:59.200+0000] {dagbag.py:545} INFO - Filling up the DagBag from /home/airflow/.local/lib/python3.12/site-packages/airflow/example_dags/example_sensors.py
[2026-05-19T13:25:59.210+0000] {processor.py:840} INFO - DAG(s) 'example_sensors' retrieved from /home/airflow/.local/lib/python3.12/site-packages/airflow/example_dags/example_sensors.py
[2026-05-19T13:25:59.243+0000] {logging_mixin.py:188} INFO - [2026-05-19T13:25:59.243+0000] {dag.py:3096} INFO - Sync 1 DAGs
[2026-05-19T13:25:59.259+0000] {logging_mixin.py:188} INFO - [2026-05-19T13:25:59.258+0000] {dag.py:3954} INFO - Setting next_dagrun for example_sensors to None, run_after=None
[2026-05-19T13:25:59.284+0000] {processor.py:183} INFO - Processing /home/airflow/.local/lib/python3.12/site-packages/airflow/example_dags/example_sensors.py took 0.094 seconds
[2026-05-19T13:26:29.811+0000] {processor.py:161} INFO - Started process (PID=224) to work on /home/airflow/.local/lib/python3.12/site-packages/airflow/example_dags/example_sensors.py
[2026-05-19T13:26:29.813+0000] {processor.py:830} INFO - Processing file /home/airflow/.local/lib/python3.12/site-packages/airflow/example_dags/example_sensors.py for tasks to queue
[2026-05-19T13:26:29.817+0000] {logging_mixin.py:188} INFO - [2026-05-19T13:26:29.816+0000] {dagbag.py:545} INFO - Filling up the DagBag from /home/airflow/.local/lib/python3.12/site-packages/airflow/example_dags/example_sensors.py
[2026-05-19T13:26:29.839+0000] {processor.py:840} INFO - DAG(s) 'example_sensors' retrieved from /home/airflow/.local/lib/python3.12/site-packages/airflow/example_dags/example_sensors.py
[2026-05-19T13:26:29.879+0000] {logging_mixin.py:188} INFO - [2026-05-19T13:26:29.879+0000] {dag.py:3096} INFO - Sync 1 DAGs
[2026-05-19T13:26:29.892+0000] {logging_mixin.py:188} INFO - [2026-05-19T13:26:29.892+0000] {dag.py:3954} INFO - Setting next_dagrun for example_sensors to None, run_after=None
[2026-05-19T13:26:29.923+0000] {processor.py:183} INFO - Processing /home/airflow/.local/lib/python3.12/site-packages/airflow/example_dags/example_sensors.py took 0.119 seconds
[2026-05-19T13:27:00.436+0000] {processor.py:161} INFO - Started process (PID=282) to work on /home/airflow/.local/lib/python3.12/site-packages/airflow/example_dags/example_sensors.py
[2026-05-19T13:27:00.440+0000] {processor.py:830} INFO - Processing file /home/airflow/.local/lib/python3.12/site-packages/airflow/example_dags/example_sensors.py for tasks to queue
[2026-05-19T13:27:00.443+0000] {logging_mixin.py:188} INFO - [2026-05-19T13:27:00.443+0000] {dagbag.py:545} INFO - Filling up the DagBag from /home/airflow/.local/lib/python3.12/site-packages/airflow/example_dags/example_sensors.py
[2026-05-19T13:27:00.472+0000] {processor.py:840} INFO - DAG(s) 'example_sensors' retrieved from /home/airflow/.local/lib/python3.12/site-packages/airflow/example_dags/example_sensors.py
[2026-05-19T13:27:00.527+0000] {logging_mixin.py:188} INFO - [2026-05-19T13:27:00.526+0000] {dag.py:3096} INFO - Sync 1 DAGs
[2026-05-19T13:27:00.557+0000] {logging_mixin.py:188} INFO - [2026-05-19T13:27:00.556+0000] {dag.py:3954} INFO - Setting next_dagrun for example_sensors to None, run_after=None
[2026-05-19T13:27:00.601+0000] {processor.py:183} INFO - Processing /home/airflow/.local/lib/python3.12/site-packages/airflow/example_dags/example_sensors.py took 0.185 seconds
[2026-05-19T13:27:30.894+0000] {processor.py:161} INFO - Started process (PID=340) to work on /home/airflow/.local/lib/python3.12/site-packages/airflow/example_dags/example_sensors.py
[2026-05-19T13:27:30.896+0000] {processor.py:830} INFO - Processing file /home/airflow/.local/lib/python3.12/site-packages/airflow/example_dags/example_sensors.py for tasks to queue
[2026-05-19T13:27:30.900+0000] {logging_mixin.py:188} INFO - [2026-05-19T13:27:30.900+0000] {dagbag.py:545} INFO - Filling up the DagBag from /home/airflow/.local/lib/python3.12/site-packages/airflow/example_dags/example_sensors.py
[2026-05-19T13:27:30.912+0000] {processor.py:840} INFO - DAG(s) 'example_sensors' retrieved from /home/airflow/.local/lib/python3.12/site-packages/airflow/example_dags/example_sensors.py
[2026-05-19T13:27:30.949+0000] {logging_mixin.py:188} INFO - [2026-05-19T13:27:30.948+0000] {dag.py:3096} INFO - Sync 1 DAGs
[2026-05-19T13:27:30.972+0000] {logging_mixin.py:188} INFO - [2026-05-19T13:27:30.972+0000] {dag.py:3954} INFO - Setting next_dagrun for example_sensors to None, run_after=None
[2026-05-19T13:27:31.007+0000] {processor.py:183} INFO - Processing /home/airflow/.local/lib/python3.12/site-packages/airflow/example_dags/example_sensors.py took 0.125 seconds
[2026-05-19T13:28:01.738+0000] {processor.py:161} INFO - Started process (PID=397) to work on /home/airflow/.local/lib/python3.12/site-packages/airflow/example_dags/example_sensors.py
[2026-05-19T13:28:01.740+0000] {processor.py:830} INFO - Processing file /home/airflow/.local/lib/python3.12/site-packages/airflow/example_dags/example_sensors.py for tasks to queue
[2026-05-19T13:28:01.743+0000] {logging_mixin.py:188} INFO - [2026-05-19T13:28:01.742+0000] {dagbag.py:545} INFO - Filling up the DagBag from /home/airflow/.local/lib/python3.12/site-packages/airflow/example_dags/example_sensors.py
[2026-05-19T13:28:01.759+0000] {processor.py:840} INFO - DAG(s) 'example_sensors' retrieved from /home/airflow/.local/lib/python3.12/site-packages/airflow/example_dags/example_sensors.py
[2026-05-19T13:28:01.788+0000] {logging_mixin.py:188} INFO - [2026-05-19T13:28:01.787+0000] {dag.py:3096} INFO - Sync 1 DAGs
[2026-05-19T13:28:01.806+0000] {logging_mixin.py:188} INFO - [2026-05-19T13:28:01.806+0000] {dag.py:3954} INFO - Setting next_dagrun for example_sensors to None, run_after=None
[2026-05-19T13:28:01.833+0000] {processor.py:183} INFO - Processing /home/airflow/.local/lib/python3.12/site-packages/airflow/example_dags/example_sensors.py took 0.100 seconds
[2026-05-19T13:28:32.785+0000] {processor.py:161} INFO - Started process (PID=455) to work on /home/airflow/.local/lib/python3.12/site-packages/airflow/example_dags/example_sensors.py
[2026-05-19T13:28:32.787+0000] {processor.py:830} INFO - Processing file /home/airflow/.local/lib/python3.12/site-packages/airflow/example_dags/example_sensors.py for tasks to queue
[2026-05-19T13:28:32.791+0000] {logging_mixin.py:188} INFO - [2026-05-19T13:28:32.791+0000] {dagbag.py:545} INFO - Filling up the DagBag from /home/airflow/.local/lib/python3.12/site-packages/airflow/example_dags/example_sensors.py
[2026-05-19T13:28:32.803+0000] {processor.py:840} INFO - DAG(s) 'example_sensors' retrieved from /home/airflow/.local/lib/python3.12/site-packages/airflow/example_dags/example_sensors.py
[2026-05-19T13:28:32.842+0000] {logging_mixin.py:188} INFO - [2026-05-19T13:28:32.842+0000] {dag.py:3096} INFO - Sync 1 DAGs
[2026-05-19T13:28:32.860+0000] {logging_mixin.py:188} INFO - [2026-05-19T13:28:32.859+0000] {dag.py:3954} INFO - Setting next_dagrun for example_sensors to None, run_after=None
[2026-05-19T13:28:32.892+0000] {processor.py:183} INFO - Processing /home/airflow/.local/lib/python3.12/site-packages/airflow/example_dags/example_sensors.py took 0.118 seconds
[2026-05-19T13:29:03.169+0000] {processor.py:161} INFO - Started process (PID=513) to work on /home/airflow/.local/lib/python3.12/site-packages/airflow/example_dags/example_sensors.py
[2026-05-19T13:29:03.173+0000] {processor.py:830} INFO - Processing file /home/airflow/.local/lib/python3.12/site-packages/airflow/example_dags/example_sensors.py for tasks to queue
[2026-05-19T13:29:03.178+0000] {logging_mixin.py:188} INFO - [2026-05-19T13:29:03.178+0000] {dagbag.py:545} INFO - Filling up the DagBag from /home/airflow/.local/lib/python3.12/site-packages/airflow/example_dags/example_sensors.py
[2026-05-19T13:29:03.195+0000] {processor.py:840} INFO - DAG(s) 'example_sensors' retrieved from /home/airflow/.local/lib/python3.12/site-packages/airflow/example_dags/example_sensors.py
[2026-05-19T13:29:03.230+0000] {logging_mixin.py:188} INFO - [2026-05-19T13:29:03.230+0000] {dag.py:3096} INFO - Sync 1 DAGs
[2026-05-19T13:29:03.249+0000] {logging_mixin.py:188} INFO - [2026-05-19T13:29:03.248+0000] {dag.py:3954} INFO - Setting next_dagrun for example_sensors to None, run_after=None
[2026-05-19T13:29:03.282+0000] {processor.py:183} INFO - Processing /home/airflow/.local/lib/python3.12/site-packages/airflow/example_dags/example_sensors.py took 0.122 seconds
[2026-05-19T13:30:58.214+0000] {processor.py:161} INFO - Started process (PID=104) to work on /home/airflow/.local/lib/python3.12/site-packages/airflow/example_dags/example_sensors.py
[2026-05-19T13:30:58.217+0000] {processor.py:830} INFO - Processing file /home/airflow/.local/lib/python3.12/site-packages/airflow/example_dags/example_sensors.py for tasks to queue
[2026-05-19T13:30:58.225+0000] {logging_mixin.py:188} INFO - [2026-05-19T13:30:58.221+0000] {dagbag.py:545} INFO - Filling up the DagBag from /home/airflow/.local/lib/python3.12/site-packages/airflow/example_dags/example_sensors.py
[2026-05-19T13:30:58.271+0000] {processor.py:840} INFO - DAG(s) 'example_sensors' retrieved from /home/airflow/.local/lib/python3.12/site-packages/airflow/example_dags/example_sensors.py
[2026-05-19T13:30:58.594+0000] {logging_mixin.py:188} INFO - [2026-05-19T13:30:58.593+0000] {dag.py:3096} INFO - Sync 1 DAGs
[2026-05-19T13:30:58.629+0000] {logging_mixin.py:188} INFO - [2026-05-19T13:30:58.628+0000] {dag.py:3954} INFO - Setting next_dagrun for example_sensors to None, run_after=None
[2026-05-19T13:30:58.699+0000] {processor.py:183} INFO - Processing /home/airflow/.local/lib/python3.12/site-packages/airflow/example_dags/example_sensors.py took 0.505 seconds
[2026-05-19T13:31:28.856+0000] {processor.py:161} INFO - Started process (PID=163) to work on /home/airflow/.local/lib/python3.12/site-packages/airflow/example_dags/example_sensors.py
[2026-05-19T13:31:28.858+0000] {processor.py:830} INFO - Processing file /home/airflow/.local/lib/python3.12/site-packages/airflow/example_dags/example_sensors.py for tasks to queue
[2026-05-19T13:31:28.860+0000] {logging_mixin.py:188} INFO - [2026-05-19T13:31:28.860+0000] {dagbag.py:545} INFO - Filling up the DagBag from /home/airflow/.local/lib/python3.12/site-packages/airflow/example_dags/example_sensors.py
[2026-05-19T13:31:28.871+0000] {processor.py:840} INFO - DAG(s) 'example_sensors' retrieved from /home/airflow/.local/lib/python3.12/site-packages/airflow/example_dags/example_sensors.py
[2026-05-19T13:31:28.901+0000] {logging_mixin.py:188} INFO - [2026-05-19T13:31:28.901+0000] {dag.py:3096} INFO - Sync 1 DAGs
[2026-05-19T13:31:28.913+0000] {logging_mixin.py:188} INFO - [2026-05-19T13:31:28.913+0000] {dag.py:3954} INFO - Setting next_dagrun for example_sensors to None, run_after=None
[2026-05-19T13:31:28.936+0000] {processor.py:183} INFO - Processing /home/airflow/.local/lib/python3.12/site-packages/airflow/example_dags/example_sensors.py took 0.085 seconds
[2026-05-19T13:31:59.700+0000] {processor.py:161} INFO - Started process (PID=222) to work on /home/airflow/.local/lib/python3.12/site-packages/airflow/example_dags/example_sensors.py
[2026-05-19T13:31:59.702+0000] {processor.py:830} INFO - Processing file /home/airflow/.local/lib/python3.12/site-packages/airflow/example_dags/example_sensors.py for tasks to queue
[2026-05-19T13:31:59.707+0000] {logging_mixin.py:188} INFO - [2026-05-19T13:31:59.706+0000] {dagbag.py:545} INFO - Filling up the DagBag from /home/airflow/.local/lib/python3.12/site-packages/airflow/example_dags/example_sensors.py
[2026-05-19T13:31:59.728+0000] {processor.py:840} INFO - DAG(s) 'example_sensors' retrieved from /home/airflow/.local/lib/python3.12/site-packages/airflow/example_dags/example_sensors.py
[2026-05-19T13:31:59.782+0000] {logging_mixin.py:188} INFO - [2026-05-19T13:31:59.781+0000] {dag.py:3096} INFO - Sync 1 DAGs
[2026-05-19T13:31:59.802+0000] {logging_mixin.py:188} INFO - [2026-05-19T13:31:59.802+0000] {dag.py:3954} INFO - Setting next_dagrun for example_sensors to None, run_after=None
[2026-05-19T13:31:59.844+0000] {processor.py:183} INFO - Processing /home/airflow/.local/lib/python3.12/site-packages/airflow/example_dags/example_sensors.py took 0.156 seconds
[2026-05-19T13:32:30.174+0000] {processor.py:161} INFO - Started process (PID=281) to work on /home/airflow/.local/lib/python3.12/site-packages/airflow/example_dags/example_sensors.py
[2026-05-19T13:32:30.175+0000] {processor.py:830} INFO - Processing file /home/airflow/.local/lib/python3.12/site-packages/airflow/example_dags/example_sensors.py for tasks to queue
[2026-05-19T13:32:30.179+0000] {logging_mixin.py:188} INFO - [2026-05-19T13:32:30.178+0000] {dagbag.py:545} INFO - Filling up the DagBag from /home/airflow/.local/lib/python3.12/site-packages/airflow/example_dags/example_sensors.py
[2026-05-19T13:32:30.196+0000] {processor.py:840} INFO - DAG(s) 'example_sensors' retrieved from /home/airflow/.local/lib/python3.12/site-packages/airflow/example_dags/example_sensors.py
[2026-05-19T13:32:30.234+0000] {logging_mixin.py:188} INFO - [2026-05-19T13:32:30.234+0000] {dag.py:3096} INFO - Sync 1 DAGs
[2026-05-19T13:32:30.253+0000] {logging_mixin.py:188} INFO - [2026-05-19T13:32:30.252+0000] {dag.py:3954} INFO - Setting next_dagrun for example_sensors to None, run_after=None
[2026-05-19T13:32:30.288+0000] {processor.py:183} INFO - Processing /home/airflow/.local/lib/python3.12/site-packages/airflow/example_dags/example_sensors.py took 0.123 seconds
[2026-05-19T13:33:00.540+0000] {processor.py:161} INFO - Started process (PID=340) to work on /home/airflow/.local/lib/python3.12/site-packages/airflow/example_dags/example_sensors.py
[2026-05-19T13:33:00.542+0000] {processor.py:830} INFO - Processing file /home/airflow/.local/lib/python3.12/site-packages/airflow/example_dags/example_sensors.py for tasks to queue
[2026-05-19T13:33:00.545+0000] {logging_mixin.py:188} INFO - [2026-05-19T13:33:00.545+0000] {dagbag.py:545} INFO - Filling up the DagBag from /home/airflow/.local/lib/python3.12/site-packages/airflow/example_dags/example_sensors.py
[2026-05-19T13:33:00.558+0000] {processor.py:840} INFO - DAG(s) 'example_sensors' retrieved from /home/airflow/.local/lib/python3.12/site-packages/airflow/example_dags/example_sensors.py
[2026-05-19T13:33:00.594+0000] {logging_mixin.py:188} INFO - [2026-05-19T13:33:00.593+0000] {dag.py:3096} INFO - Sync 1 DAGs
[2026-05-19T13:33:00.609+0000] {logging_mixin.py:188} INFO - [2026-05-19T13:33:00.608+0000] {dag.py:3954} INFO - Setting next_dagrun for example_sensors to None, run_after=None
[2026-05-19T13:33:00.635+0000] {processor.py:183} INFO - Processing /home/airflow/.local/lib/python3.12/site-packages/airflow/example_dags/example_sensors.py took 0.102 seconds
[2026-05-19T13:33:31.995+0000] {processor.py:161} INFO - Started process (PID=399) to work on /home/airflow/.local/lib/python3.12/site-packages/airflow/example_dags/example_sensors.py
[2026-05-19T13:33:31.997+0000] {processor.py:830} INFO - Processing file /home/airflow/.local/lib/python3.12/site-packages/airflow/example_dags/example_sensors.py for tasks to queue
[2026-05-19T13:33:32.001+0000] {logging_mixin.py:188} INFO - [2026-05-19T13:33:32.000+0000] {dagbag.py:545} INFO - Filling up the DagBag from /home/airflow/.local/lib/python3.12/site-packages/airflow/example_dags/example_sensors.py
[2026-05-19T13:33:32.031+0000] {processor.py:840} INFO - DAG(s) 'example_sensors' retrieved from /home/airflow/.local/lib/python3.12/site-packages/airflow/example_dags/example_sensors.py
[2026-05-19T13:33:32.108+0000] {logging_mixin.py:188} INFO - [2026-05-19T13:33:32.108+0000] {dag.py:3096} INFO - Sync 1 DAGs
[2026-05-19T13:33:32.147+0000] {logging_mixin.py:188} INFO - [2026-05-19T13:33:32.146+0000] {dag.py:3954} INFO - Setting next_dagrun for example_sensors to None, run_after=None
[2026-05-19T13:33:32.200+0000] {processor.py:183} INFO - Processing /home/airflow/.local/lib/python3.12/site-packages/airflow/example_dags/example_sensors.py took 0.220 seconds
[2026-05-19T13:34:02.997+0000] {processor.py:161} INFO - Started process (PID=458) to work on /home/airflow/.local/lib/python3.12/site-packages/airflow/example_dags/example_sensors.py
[2026-05-19T13:34:03.000+0000] {processor.py:830} INFO - Processing file /home/airflow/.local/lib/python3.12/site-packages/airflow/example_dags/example_sensors.py for tasks to queue
[2026-05-19T13:34:03.004+0000] {logging_mixin.py:188} INFO - [2026-05-19T13:34:03.003+0000] {dagbag.py:545} INFO - Filling up the DagBag from /home/airflow/.local/lib/python3.12/site-packages/airflow/example_dags/example_sensors.py
[2026-05-19T13:34:03.024+0000] {processor.py:840} INFO - DAG(s) 'example_sensors' retrieved from /home/airflow/.local/lib/python3.12/site-packages/airflow/example_dags/example_sensors.py
[2026-05-19T13:34:03.071+0000] {logging_mixin.py:188} INFO - [2026-05-19T13:34:03.070+0000] {dag.py:3096} INFO - Sync 1 DAGs
[2026-05-19T13:34:03.099+0000] {logging_mixin.py:188} INFO - [2026-05-19T13:34:03.099+0000] {dag.py:3954} INFO - Setting next_dagrun for example_sensors to None, run_after=None
[2026-05-19T13:34:03.138+0000] {processor.py:183} INFO - Processing /home/airflow/.local/lib/python3.12/site-packages/airflow/example_dags/example_sensors.py took 0.150 seconds
[2026-05-19T13:34:33.686+0000] {processor.py:161} INFO - Started process (PID=517) to work on /home/airflow/.local/lib/python3.12/site-packages/airflow/example_dags/example_sensors.py
[2026-05-19T13:34:33.688+0000] {processor.py:830} INFO - Processing file /home/airflow/.local/lib/python3.12/site-packages/airflow/example_dags/example_sensors.py for tasks to queue
[2026-05-19T13:34:33.691+0000] {logging_mixin.py:188} INFO - [2026-05-19T13:34:33.691+0000] {dagbag.py:545} INFO - Filling up the DagBag from /home/airflow/.local/lib/python3.12/site-packages/airflow/example_dags/example_sensors.py
[2026-05-19T13:34:33.701+0000] {processor.py:840} INFO - DAG(s) 'example_sensors' retrieved from /home/airflow/.local/lib/python3.12/site-packages/airflow/example_dags/example_sensors.py
[2026-05-19T13:34:33.743+0000] {logging_mixin.py:188} INFO - [2026-05-19T13:34:33.743+0000] {dag.py:3096} INFO - Sync 1 DAGs
[2026-05-19T13:34:33.761+0000] {logging_mixin.py:188} INFO - [2026-05-19T13:34:33.761+0000] {dag.py:3954} INFO - Setting next_dagrun for example_sensors to None, run_after=None
[2026-05-19T13:34:33.790+0000] {processor.py:183} INFO - Processing /home/airflow/.local/lib/python3.12/site-packages/airflow/example_dags/example_sensors.py took 0.110 seconds
[2026-05-19T13:35:03.974+0000] {processor.py:161} INFO - Started process (PID=576) to work on /home/airflow/.local/lib/python3.12/site-packages/airflow/example_dags/example_sensors.py
[2026-05-19T13:35:03.976+0000] {processor.py:830} INFO - Processing file /home/airflow/.local/lib/python3.12/site-packages/airflow/example_dags/example_sensors.py for tasks to queue
[2026-05-19T13:35:03.980+0000] {logging_mixin.py:188} INFO - [2026-05-19T13:35:03.979+0000] {dagbag.py:545} INFO - Filling up the DagBag from /home/airflow/.local/lib/python3.12/site-packages/airflow/example_dags/example_sensors.py
[2026-05-19T13:35:03.992+0000] {processor.py:840} INFO - DAG(s) 'example_sensors' retrieved from /home/airflow/.local/lib/python3.12/site-packages/airflow/example_dags/example_sensors.py
[2026-05-19T13:35:04.022+0000] {logging_mixin.py:188} INFO - [2026-05-19T13:35:04.021+0000] {dag.py:3096} INFO - Sync 1 DAGs
[2026-05-19T13:35:04.040+0000] {logging_mixin.py:188} INFO - [2026-05-19T13:35:04.039+0000] {dag.py:3954} INFO - Setting next_dagrun for example_sensors to None, run_after=None
[2026-05-19T13:35:04.068+0000] {processor.py:183} INFO - Processing /home/airflow/.local/lib/python3.12/site-packages/airflow/example_dags/example_sensors.py took 0.102 seconds
[2026-05-19T13:35:34.656+0000] {processor.py:161} INFO - Started process (PID=635) to work on /home/airflow/.local/lib/python3.12/site-packages/airflow/example_dags/example_sensors.py
[2026-05-19T13:35:34.658+0000] {processor.py:830} INFO - Processing file /home/airflow/.local/lib/python3.12/site-packages/airflow/example_dags/example_sensors.py for tasks to queue
[2026-05-19T13:35:34.665+0000] {logging_mixin.py:188} INFO - [2026-05-19T13:35:34.663+0000] {dagbag.py:545} INFO - Filling up the DagBag from /home/airflow/.local/lib/python3.12/site-packages/airflow/example_dags/example_sensors.py
[2026-05-19T13:35:34.685+0000] {processor.py:840} INFO - DAG(s) 'example_sensors' retrieved from /home/airflow/.local/lib/python3.12/site-packages/airflow/example_dags/example_sensors.py
[2026-05-19T13:35:34.727+0000] {logging_mixin.py:188} INFO - [2026-05-19T13:35:34.726+0000] {dag.py:3096} INFO - Sync 1 DAGs
[2026-05-19T13:35:34.754+0000] {logging_mixin.py:188} INFO - [2026-05-19T13:35:34.753+0000] {dag.py:3954} INFO - Setting next_dagrun for example_sensors to None, run_after=None
[2026-05-19T13:35:34.790+0000] {processor.py:183} INFO - Processing /home/airflow/.local/lib/python3.12/site-packages/airflow/example_dags/example_sensors.py took 0.148 seconds
[2026-05-19T13:36:05.651+0000] {processor.py:161} INFO - Started process (PID=694) to work on /home/airflow/.local/lib/python3.12/site-packages/airflow/example_dags/example_sensors.py
[2026-05-19T13:36:05.653+0000] {processor.py:830} INFO - Processing file /home/airflow/.local/lib/python3.12/site-packages/airflow/example_dags/example_sensors.py for tasks to queue
[2026-05-19T13:36:05.656+0000] {logging_mixin.py:188} INFO - [2026-05-19T13:36:05.655+0000] {dagbag.py:545} INFO - Filling up the DagBag from /home/airflow/.local/lib/python3.12/site-packages/airflow/example_dags/example_sensors.py
[2026-05-19T13:36:05.671+0000] {processor.py:840} INFO - DAG(s) 'example_sensors' retrieved from /home/airflow/.local/lib/python3.12/site-packages/airflow/example_dags/example_sensors.py
[2026-05-19T13:36:05.706+0000] {logging_mixin.py:188} INFO - [2026-05-19T13:36:05.706+0000] {dag.py:3096} INFO - Sync 1 DAGs
[2026-05-19T13:36:05.722+0000] {logging_mixin.py:188} INFO - [2026-05-19T13:36:05.722+0000] {dag.py:3954} INFO - Setting next_dagrun for example_sensors to None, run_after=None
[2026-05-19T13:36:05.754+0000] {processor.py:183} INFO - Processing /home/airflow/.local/lib/python3.12/site-packages/airflow/example_dags/example_sensors.py took 0.110 seconds
[2026-05-19T13:36:36.851+0000] {processor.py:161} INFO - Started process (PID=753) to work on /home/airflow/.local/lib/python3.12/site-packages/airflow/example_dags/example_sensors.py
[2026-05-19T13:36:36.853+0000] {processor.py:830} INFO - Processing file /home/airflow/.local/lib/python3.12/site-packages/airflow/example_dags/example_sensors.py for tasks to queue
[2026-05-19T13:36:36.859+0000] {logging_mixin.py:188} INFO - [2026-05-19T13:36:36.858+0000] {dagbag.py:545} INFO - Filling up the DagBag from /home/airflow/.local/lib/python3.12/site-packages/airflow/example_dags/example_sensors.py
[2026-05-19T13:36:36.884+0000] {processor.py:840} INFO - DAG(s) 'example_sensors' retrieved from /home/airflow/.local/lib/python3.12/site-packages/airflow/example_dags/example_sensors.py
[2026-05-19T13:36:36.949+0000] {logging_mixin.py:188} INFO - [2026-05-19T13:36:36.948+0000] {dag.py:3096} INFO - Sync 1 DAGs
[2026-05-19T13:36:36.980+0000] {logging_mixin.py:188} INFO - [2026-05-19T13:36:36.979+0000] {dag.py:3954} INFO - Setting next_dagrun for example_sensors to None, run_after=None
[2026-05-19T13:36:37.028+0000] {processor.py:183} INFO - Processing /home/airflow/.local/lib/python3.12/site-packages/airflow/example_dags/example_sensors.py took 0.197 seconds
[2026-05-19T13:37:07.802+0000] {processor.py:161} INFO - Started process (PID=812) to work on /home/airflow/.local/lib/python3.12/site-packages/airflow/example_dags/example_sensors.py
[2026-05-19T13:37:07.804+0000] {processor.py:830} INFO - Processing file /home/airflow/.local/lib/python3.12/site-packages/airflow/example_dags/example_sensors.py for tasks to queue
[2026-05-19T13:37:07.808+0000] {logging_mixin.py:188} INFO - [2026-05-19T13:37:07.807+0000] {dagbag.py:545} INFO - Filling up the DagBag from /home/airflow/.local/lib/python3.12/site-packages/airflow/example_dags/example_sensors.py
[2026-05-19T13:37:07.817+0000] {processor.py:840} INFO - DAG(s) 'example_sensors' retrieved from /home/airflow/.local/lib/python3.12/site-packages/airflow/example_dags/example_sensors.py
[2026-05-19T13:37:07.856+0000] {logging_mixin.py:188} INFO - [2026-05-19T13:37:07.855+0000] {dag.py:3096} INFO - Sync 1 DAGs
[2026-05-19T13:37:07.873+0000] {logging_mixin.py:188} INFO - [2026-05-19T13:37:07.873+0000] {dag.py:3954} INFO - Setting next_dagrun for example_sensors to None, run_after=None
[2026-05-19T13:37:07.899+0000] {processor.py:183} INFO - Processing /home/airflow/.local/lib/python3.12/site-packages/airflow/example_dags/example_sensors.py took 0.107 seconds
[2026-05-19T13:37:39.157+0000] {processor.py:161} INFO - Started process (PID=871) to work on /home/airflow/.local/lib/python3.12/site-packages/airflow/example_dags/example_sensors.py
[2026-05-19T13:37:39.159+0000] {processor.py:830} INFO - Processing file /home/airflow/.local/lib/python3.12/site-packages/airflow/example_dags/example_sensors.py for tasks to queue
[2026-05-19T13:37:39.163+0000] {logging_mixin.py:188} INFO - [2026-05-19T13:37:39.162+0000] {dagbag.py:545} INFO - Filling up the DagBag from /home/airflow/.local/lib/python3.12/site-packages/airflow/example_dags/example_sensors.py
[2026-05-19T13:37:39.182+0000] {processor.py:840} INFO - DAG(s) 'example_sensors' retrieved from /home/airflow/.local/lib/python3.12/site-packages/airflow/example_dags/example_sensors.py
[2026-05-19T13:37:39.240+0000] {logging_mixin.py:188} INFO - [2026-05-19T13:37:39.240+0000] {dag.py:3096} INFO - Sync 1 DAGs
[2026-05-19T13:37:39.265+0000] {logging_mixin.py:188} INFO - [2026-05-19T13:37:39.265+0000] {dag.py:3954} INFO - Setting next_dagrun for example_sensors to None, run_after=None
[2026-05-19T13:37:39.311+0000] {processor.py:183} INFO - Processing /home/airflow/.local/lib/python3.12/site-packages/airflow/example_dags/example_sensors.py took 0.165 seconds
[2026-05-19T13:38:09.693+0000] {processor.py:161} INFO - Started process (PID=930) to work on /home/airflow/.local/lib/python3.12/site-packages/airflow/example_dags/example_sensors.py
[2026-05-19T13:38:09.694+0000] {processor.py:830} INFO - Processing file /home/airflow/.local/lib/python3.12/site-packages/airflow/example_dags/example_sensors.py for tasks to queue
[2026-05-19T13:38:09.698+0000] {logging_mixin.py:188} INFO - [2026-05-19T13:38:09.697+0000] {dagbag.py:545} INFO - Filling up the DagBag from /home/airflow/.local/lib/python3.12/site-packages/airflow/example_dags/example_sensors.py
[2026-05-19T13:38:09.713+0000] {processor.py:840} INFO - DAG(s) 'example_sensors' retrieved from /home/airflow/.local/lib/python3.12/site-packages/airflow/example_dags/example_sensors.py
[2026-05-19T13:38:09.749+0000] {logging_mixin.py:188} INFO - [2026-05-19T13:38:09.749+0000] {dag.py:3096} INFO - Sync 1 DAGs
[2026-05-19T13:38:09.767+0000] {logging_mixin.py:188} INFO - [2026-05-19T13:38:09.766+0000] {dag.py:3954} INFO - Setting next_dagrun for example_sensors to None, run_after=None
[2026-05-19T13:38:09.800+0000] {processor.py:183} INFO - Processing /home/airflow/.local/lib/python3.12/site-packages/airflow/example_dags/example_sensors.py took 0.115 seconds
[2026-05-19T13:38:40.852+0000] {processor.py:161} INFO - Started process (PID=990) to work on /home/airflow/.local/lib/python3.12/site-packages/airflow/example_dags/example_sensors.py
[2026-05-19T13:38:40.858+0000] {processor.py:830} INFO - Processing file /home/airflow/.local/lib/python3.12/site-packages/airflow/example_dags/example_sensors.py for tasks to queue
[2026-05-19T13:38:40.863+0000] {logging_mixin.py:188} INFO - [2026-05-19T13:38:40.862+0000] {dagbag.py:545} INFO - Filling up the DagBag from /home/airflow/.local/lib/python3.12/site-packages/airflow/example_dags/example_sensors.py
[2026-05-19T13:38:40.897+0000] {processor.py:840} INFO - DAG(s) 'example_sensors' retrieved from /home/airflow/.local/lib/python3.12/site-packages/airflow/example_dags/example_sensors.py
[2026-05-19T13:38:40.957+0000] {logging_mixin.py:188} INFO - [2026-05-19T13:38:40.956+0000] {dag.py:3096} INFO - Sync 1 DAGs
[2026-05-19T13:38:40.989+0000] {logging_mixin.py:188} INFO - [2026-05-19T13:38:40.989+0000] {dag.py:3954} INFO - Setting next_dagrun for example_sensors to None, run_after=None
[2026-05-19T13:38:41.036+0000] {processor.py:183} INFO - Processing /home/airflow/.local/lib/python3.12/site-packages/airflow/example_dags/example_sensors.py took 0.192 seconds
[2026-05-19T13:39:12.137+0000] {processor.py:161} INFO - Started process (PID=1050) to work on /home/airflow/.local/lib/python3.12/site-packages/airflow/example_dags/example_sensors.py
[2026-05-19T13:39:12.140+0000] {processor.py:830} INFO - Processing file /home/airflow/.local/lib/python3.12/site-packages/airflow/example_dags/example_sensors.py for tasks to queue
[2026-05-19T13:39:12.144+0000] {logging_mixin.py:188} INFO - [2026-05-19T13:39:12.143+0000] {dagbag.py:545} INFO - Filling up the DagBag from /home/airflow/.local/lib/python3.12/site-packages/airflow/example_dags/example_sensors.py
[2026-05-19T13:39:12.175+0000] {processor.py:840} INFO - DAG(s) 'example_sensors' retrieved from /home/airflow/.local/lib/python3.12/site-packages/airflow/example_dags/example_sensors.py
[2026-05-19T13:39:12.248+0000] {logging_mixin.py:188} INFO - [2026-05-19T13:39:12.247+0000] {dag.py:3096} INFO - Sync 1 DAGs
[2026-05-19T13:39:12.283+0000] {logging_mixin.py:188} INFO - [2026-05-19T13:39:12.282+0000] {dag.py:3954} INFO - Setting next_dagrun for example_sensors to None, run_after=None
[2026-05-19T13:39:12.335+0000] {processor.py:183} INFO - Processing /home/airflow/.local/lib/python3.12/site-packages/airflow/example_dags/example_sensors.py took 0.214 seconds
[2026-05-19T13:39:42.812+0000] {processor.py:161} INFO - Started process (PID=1109) to work on /home/airflow/.local/lib/python3.12/site-packages/airflow/example_dags/example_sensors.py
[2026-05-19T13:39:42.814+0000] {processor.py:830} INFO - Processing file /home/airflow/.local/lib/python3.12/site-packages/airflow/example_dags/example_sensors.py for tasks to queue
[2026-05-19T13:39:42.818+0000] {logging_mixin.py:188} INFO - [2026-05-19T13:39:42.817+0000] {dagbag.py:545} INFO - Filling up the DagBag from /home/airflow/.local/lib/python3.12/site-packages/airflow/example_dags/example_sensors.py
[2026-05-19T13:39:42.840+0000] {processor.py:840} INFO - DAG(s) 'example_sensors' retrieved from /home/airflow/.local/lib/python3.12/site-packages/airflow/example_dags/example_sensors.py
[2026-05-19T13:39:42.891+0000] {logging_mixin.py:188} INFO - [2026-05-19T13:39:42.890+0000] {dag.py:3096} INFO - Sync 1 DAGs
[2026-05-19T13:39:42.914+0000] {logging_mixin.py:188} INFO - [2026-05-19T13:39:42.914+0000] {dag.py:3954} INFO - Setting next_dagrun for example_sensors to None, run_after=None
[2026-05-19T13:39:42.946+0000] {processor.py:183} INFO - Processing /home/airflow/.local/lib/python3.12/site-packages/airflow/example_dags/example_sensors.py took 0.153 seconds
[2026-05-19T13:40:13.654+0000] {processor.py:161} INFO - Started process (PID=1169) to work on /home/airflow/.local/lib/python3.12/site-packages/airflow/example_dags/example_sensors.py
[2026-05-19T13:40:13.657+0000] {processor.py:830} INFO - Processing file /home/airflow/.local/lib/python3.12/site-packages/airflow/example_dags/example_sensors.py for tasks to queue
[2026-05-19T13:40:13.660+0000] {logging_mixin.py:188} INFO - [2026-05-19T13:40:13.660+0000] {dagbag.py:545} INFO - Filling up the DagBag from /home/airflow/.local/lib/python3.12/site-packages/airflow/example_dags/example_sensors.py
[2026-05-19T13:40:13.678+0000] {processor.py:840} INFO - DAG(s) 'example_sensors' retrieved from /home/airflow/.local/lib/python3.12/site-packages/airflow/example_dags/example_sensors.py
[2026-05-19T13:40:13.738+0000] {logging_mixin.py:188} INFO - [2026-05-19T13:40:13.738+0000] {dag.py:3096} INFO - Sync 1 DAGs
[2026-05-19T13:40:13.755+0000] {logging_mixin.py:188} INFO - [2026-05-19T13:40:13.755+0000] {dag.py:3954} INFO - Setting next_dagrun for example_sensors to None, run_after=None
[2026-05-19T13:40:13.797+0000] {processor.py:183} INFO - Processing /home/airflow/.local/lib/python3.12/site-packages/airflow/example_dags/example_sensors.py took 0.151 seconds
[2026-05-19T13:40:43.966+0000] {processor.py:161} INFO - Started process (PID=1232) to work on /home/airflow/.local/lib/python3.12/site-packages/airflow/example_dags/example_sensors.py
[2026-05-19T13:40:43.967+0000] {processor.py:830} INFO - Processing file /home/airflow/.local/lib/python3.12/site-packages/airflow/example_dags/example_sensors.py for tasks to queue
[2026-05-19T13:40:43.970+0000] {logging_mixin.py:188} INFO - [2026-05-19T13:40:43.970+0000] {dagbag.py:545} INFO - Filling up the DagBag from /home/airflow/.local/lib/python3.12/site-packages/airflow/example_dags/example_sensors.py
[2026-05-19T13:40:43.981+0000] {processor.py:840} INFO - DAG(s) 'example_sensors' retrieved from /home/airflow/.local/lib/python3.12/site-packages/airflow/example_dags/example_sensors.py
[2026-05-19T13:40:44.020+0000] {logging_mixin.py:188} INFO - [2026-05-19T13:40:44.020+0000] {dag.py:3096} INFO - Sync 1 DAGs
[2026-05-19T13:40:44.037+0000] {logging_mixin.py:188} INFO - [2026-05-19T13:40:44.037+0000] {dag.py:3954} INFO - Setting next_dagrun for example_sensors to None, run_after=None
[2026-05-19T13:40:44.088+0000] {processor.py:183} INFO - Processing /home/airflow/.local/lib/python3.12/site-packages/airflow/example_dags/example_sensors.py took 0.128 seconds
[2026-05-19T13:41:14.381+0000] {processor.py:161} INFO - Started process (PID=1291) to work on /home/airflow/.local/lib/python3.12/site-packages/airflow/example_dags/example_sensors.py
[2026-05-19T13:41:14.383+0000] {processor.py:830} INFO - Processing file /home/airflow/.local/lib/python3.12/site-packages/airflow/example_dags/example_sensors.py for tasks to queue
[2026-05-19T13:41:14.386+0000] {logging_mixin.py:188} INFO - [2026-05-19T13:41:14.386+0000] {dagbag.py:545} INFO - Filling up the DagBag from /home/airflow/.local/lib/python3.12/site-packages/airflow/example_dags/example_sensors.py
[2026-05-19T13:41:14.400+0000] {processor.py:840} INFO - DAG(s) 'example_sensors' retrieved from /home/airflow/.local/lib/python3.12/site-packages/airflow/example_dags/example_sensors.py
[2026-05-19T13:41:14.443+0000] {logging_mixin.py:188} INFO - [2026-05-19T13:41:14.442+0000] {dag.py:3096} INFO - Sync 1 DAGs
[2026-05-19T13:41:14.463+0000] {logging_mixin.py:188} INFO - [2026-05-19T13:41:14.463+0000] {dag.py:3954} INFO - Setting next_dagrun for example_sensors to None, run_after=None
[2026-05-19T13:41:14.499+0000] {processor.py:183} INFO - Processing /home/airflow/.local/lib/python3.12/site-packages/airflow/example_dags/example_sensors.py took 0.126 seconds
[2026-05-19T13:41:44.703+0000] {processor.py:161} INFO - Started process (PID=1350) to work on /home/airflow/.local/lib/python3.12/site-packages/airflow/example_dags/example_sensors.py
[2026-05-19T13:41:44.729+0000] {processor.py:830} INFO - Processing file /home/airflow/.local/lib/python3.12/site-packages/airflow/example_dags/example_sensors.py for tasks to queue
[2026-05-19T13:41:44.745+0000] {logging_mixin.py:188} INFO - [2026-05-19T13:41:44.738+0000] {dagbag.py:545} INFO - Filling up the DagBag from /home/airflow/.local/lib/python3.12/site-packages/airflow/example_dags/example_sensors.py
[2026-05-19T13:41:44.812+0000] {processor.py:840} INFO - DAG(s) 'example_sensors' retrieved from /home/airflow/.local/lib/python3.12/site-packages/airflow/example_dags/example_sensors.py
[2026-05-19T13:41:44.985+0000] {logging_mixin.py:188} INFO - [2026-05-19T13:41:44.984+0000] {dag.py:3096} INFO - Sync 1 DAGs
[2026-05-19T13:41:45.047+0000] {logging_mixin.py:188} INFO - [2026-05-19T13:41:45.046+0000] {dag.py:3954} INFO - Setting next_dagrun for example_sensors to None, run_after=None
[2026-05-19T13:41:45.819+0000] {processor.py:183} INFO - Processing /home/airflow/.local/lib/python3.12/site-packages/airflow/example_dags/example_sensors.py took 1.150 seconds
[2026-05-19T13:42:16.328+0000] {processor.py:161} INFO - Started process (PID=1409) to work on /home/airflow/.local/lib/python3.12/site-packages/airflow/example_dags/example_sensors.py
[2026-05-19T13:42:16.331+0000] {processor.py:830} INFO - Processing file /home/airflow/.local/lib/python3.12/site-packages/airflow/example_dags/example_sensors.py for tasks to queue
[2026-05-19T13:42:16.339+0000] {logging_mixin.py:188} INFO - [2026-05-19T13:42:16.337+0000] {dagbag.py:545} INFO - Filling up the DagBag from /home/airflow/.local/lib/python3.12/site-packages/airflow/example_dags/example_sensors.py
[2026-05-19T13:42:16.366+0000] {processor.py:840} INFO - DAG(s) 'example_sensors' retrieved from /home/airflow/.local/lib/python3.12/site-packages/airflow/example_dags/example_sensors.py
[2026-05-19T13:42:16.437+0000] {logging_mixin.py:188} INFO - [2026-05-19T13:42:16.435+0000] {dag.py:3096} INFO - Sync 1 DAGs
[2026-05-19T13:42:16.467+0000] {logging_mixin.py:188} INFO - [2026-05-19T13:42:16.466+0000] {dag.py:3954} INFO - Setting next_dagrun for example_sensors to None, run_after=None
[2026-05-19T13:42:16.545+0000] {processor.py:183} INFO - Processing /home/airflow/.local/lib/python3.12/site-packages/airflow/example_dags/example_sensors.py took 0.236 seconds
[2026-05-19T13:42:46.730+0000] {processor.py:161} INFO - Started process (PID=1468) to work on /home/airflow/.local/lib/python3.12/site-packages/airflow/example_dags/example_sensors.py
[2026-05-19T13:42:46.732+0000] {processor.py:830} INFO - Processing file /home/airflow/.local/lib/python3.12/site-packages/airflow/example_dags/example_sensors.py for tasks to queue
[2026-05-19T13:42:46.736+0000] {logging_mixin.py:188} INFO - [2026-05-19T13:42:46.736+0000] {dagbag.py:545} INFO - Filling up the DagBag from /home/airflow/.local/lib/python3.12/site-packages/airflow/example_dags/example_sensors.py
[2026-05-19T13:42:46.746+0000] {processor.py:840} INFO - DAG(s) 'example_sensors' retrieved from /home/airflow/.local/lib/python3.12/site-packages/airflow/example_dags/example_sensors.py
[2026-05-19T13:42:46.786+0000] {logging_mixin.py:188} INFO - [2026-05-19T13:42:46.786+0000] {dag.py:3096} INFO - Sync 1 DAGs
[2026-05-19T13:42:46.804+0000] {logging_mixin.py:188} INFO - [2026-05-19T13:42:46.804+0000] {dag.py:3954} INFO - Setting next_dagrun for example_sensors to None, run_after=None
[2026-05-19T13:42:46.839+0000] {processor.py:183} INFO - Processing /home/airflow/.local/lib/python3.12/site-packages/airflow/example_dags/example_sensors.py took 0.119 seconds
[2026-05-19T13:43:17.633+0000] {processor.py:161} INFO - Started process (PID=1528) to work on /home/airflow/.local/lib/python3.12/site-packages/airflow/example_dags/example_sensors.py
[2026-05-19T13:43:17.634+0000] {processor.py:830} INFO - Processing file /home/airflow/.local/lib/python3.12/site-packages/airflow/example_dags/example_sensors.py for tasks to queue
[2026-05-19T13:43:17.636+0000] {logging_mixin.py:188} INFO - [2026-05-19T13:43:17.636+0000] {dagbag.py:545} INFO - Filling up the DagBag from /home/airflow/.local/lib/python3.12/site-packages/airflow/example_dags/example_sensors.py
[2026-05-19T13:43:17.649+0000] {processor.py:840} INFO - DAG(s) 'example_sensors' retrieved from /home/airflow/.local/lib/python3.12/site-packages/airflow/example_dags/example_sensors.py
[2026-05-19T13:43:17.692+0000] {logging_mixin.py:188} INFO - [2026-05-19T13:43:17.691+0000] {dag.py:3096} INFO - Sync 1 DAGs
[2026-05-19T13:43:17.712+0000] {logging_mixin.py:188} INFO - [2026-05-19T13:43:17.709+0000] {dag.py:3954} INFO - Setting next_dagrun for example_sensors to None, run_after=None
[2026-05-19T13:43:17.752+0000] {processor.py:183} INFO - Processing /home/airflow/.local/lib/python3.12/site-packages/airflow/example_dags/example_sensors.py took 0.127 seconds
[2026-05-19T13:43:48.382+0000] {processor.py:161} INFO - Started process (PID=1587) to work on /home/airflow/.local/lib/python3.12/site-packages/airflow/example_dags/example_sensors.py
[2026-05-19T13:43:48.384+0000] {processor.py:830} INFO - Processing file /home/airflow/.local/lib/python3.12/site-packages/airflow/example_dags/example_sensors.py for tasks to queue
[2026-05-19T13:43:48.386+0000] {logging_mixin.py:188} INFO - [2026-05-19T13:43:48.386+0000] {dagbag.py:545} INFO - Filling up the DagBag from /home/airflow/.local/lib/python3.12/site-packages/airflow/example_dags/example_sensors.py
[2026-05-19T13:43:48.397+0000] {processor.py:840} INFO - DAG(s) 'example_sensors' retrieved from /home/airflow/.local/lib/python3.12/site-packages/airflow/example_dags/example_sensors.py
[2026-05-19T13:43:48.429+0000] {logging_mixin.py:188} INFO - [2026-05-19T13:43:48.428+0000] {dag.py:3096} INFO - Sync 1 DAGs
[2026-05-19T13:43:48.441+0000] {logging_mixin.py:188} INFO - [2026-05-19T13:43:48.441+0000] {dag.py:3954} INFO - Setting next_dagrun for example_sensors to None, run_after=None
[2026-05-19T13:43:48.470+0000] {processor.py:183} INFO - Processing /home/airflow/.local/lib/python3.12/site-packages/airflow/example_dags/example_sensors.py took 0.094 seconds
[2026-05-19T13:44:19.264+0000] {processor.py:161} INFO - Started process (PID=1646) to work on /home/airflow/.local/lib/python3.12/site-packages/airflow/example_dags/example_sensors.py
[2026-05-19T13:44:19.266+0000] {processor.py:830} INFO - Processing file /home/airflow/.local/lib/python3.12/site-packages/airflow/example_dags/example_sensors.py for tasks to queue
[2026-05-19T13:44:19.268+0000] {logging_mixin.py:188} INFO - [2026-05-19T13:44:19.268+0000] {dagbag.py:545} INFO - Filling up the DagBag from /home/airflow/.local/lib/python3.12/site-packages/airflow/example_dags/example_sensors.py
[2026-05-19T13:44:19.280+0000] {processor.py:840} INFO - DAG(s) 'example_sensors' retrieved from /home/airflow/.local/lib/python3.12/site-packages/airflow/example_dags/example_sensors.py
[2026-05-19T13:44:19.311+0000] {logging_mixin.py:188} INFO - [2026-05-19T13:44:19.310+0000] {dag.py:3096} INFO - Sync 1 DAGs
[2026-05-19T13:44:19.322+0000] {logging_mixin.py:188} INFO - [2026-05-19T13:44:19.322+0000] {dag.py:3954} INFO - Setting next_dagrun for example_sensors to None, run_after=None
[2026-05-19T13:44:19.365+0000] {processor.py:183} INFO - Processing /home/airflow/.local/lib/python3.12/site-packages/airflow/example_dags/example_sensors.py took 0.110 seconds
[2026-05-19T13:44:49.461+0000] {processor.py:161} INFO - Started process (PID=1705) to work on /home/airflow/.local/lib/python3.12/site-packages/airflow/example_dags/example_sensors.py
[2026-05-19T13:44:49.462+0000] {processor.py:830} INFO - Processing file /home/airflow/.local/lib/python3.12/site-packages/airflow/example_dags/example_sensors.py for tasks to queue
[2026-05-19T13:44:49.464+0000] {logging_mixin.py:188} INFO - [2026-05-19T13:44:49.464+0000] {dagbag.py:545} INFO - Filling up the DagBag from /home/airflow/.local/lib/python3.12/site-packages/airflow/example_dags/example_sensors.py
[2026-05-19T13:44:49.476+0000] {processor.py:840} INFO - DAG(s) 'example_sensors' retrieved from /home/airflow/.local/lib/python3.12/site-packages/airflow/example_dags/example_sensors.py
[2026-05-19T13:44:49.512+0000] {logging_mixin.py:188} INFO - [2026-05-19T13:44:49.511+0000] {dag.py:3096} INFO - Sync 1 DAGs
[2026-05-19T13:44:49.525+0000] {logging_mixin.py:188} INFO - [2026-05-19T13:44:49.525+0000] {dag.py:3954} INFO - Setting next_dagrun for example_sensors to None, run_after=None
[2026-05-19T13:44:49.554+0000] {processor.py:183} INFO - Processing /home/airflow/.local/lib/python3.12/site-packages/airflow/example_dags/example_sensors.py took 0.098 seconds
[2026-05-19T13:45:20.073+0000] {processor.py:161} INFO - Started process (PID=1764) to work on /home/airflow/.local/lib/python3.12/site-packages/airflow/example_dags/example_sensors.py
[2026-05-19T13:45:20.075+0000] {processor.py:830} INFO - Processing file /home/airflow/.local/lib/python3.12/site-packages/airflow/example_dags/example_sensors.py for tasks to queue
[2026-05-19T13:45:20.077+0000] {logging_mixin.py:188} INFO - [2026-05-19T13:45:20.077+0000] {dagbag.py:545} INFO - Filling up the DagBag from /home/airflow/.local/lib/python3.12/site-packages/airflow/example_dags/example_sensors.py
[2026-05-19T13:45:20.088+0000] {processor.py:840} INFO - DAG(s) 'example_sensors' retrieved from /home/airflow/.local/lib/python3.12/site-packages/airflow/example_dags/example_sensors.py
[2026-05-19T13:45:20.125+0000] {logging_mixin.py:188} INFO - [2026-05-19T13:45:20.125+0000] {dag.py:3096} INFO - Sync 1 DAGs
[2026-05-19T13:45:20.138+0000] {logging_mixin.py:188} INFO - [2026-05-19T13:45:20.137+0000] {dag.py:3954} INFO - Setting next_dagrun for example_sensors to None, run_after=None
[2026-05-19T13:45:20.166+0000] {processor.py:183} INFO - Processing /home/airflow/.local/lib/python3.12/site-packages/airflow/example_dags/example_sensors.py took 0.100 seconds
[2026-05-19T13:45:50.874+0000] {processor.py:161} INFO - Started process (PID=1823) to work on /home/airflow/.local/lib/python3.12/site-packages/airflow/example_dags/example_sensors.py
[2026-05-19T13:45:50.875+0000] {processor.py:830} INFO - Processing file /home/airflow/.local/lib/python3.12/site-packages/airflow/example_dags/example_sensors.py for tasks to queue
[2026-05-19T13:45:50.878+0000] {logging_mixin.py:188} INFO - [2026-05-19T13:45:50.878+0000] {dagbag.py:545} INFO - Filling up the DagBag from /home/airflow/.local/lib/python3.12/site-packages/airflow/example_dags/example_sensors.py
[2026-05-19T13:45:50.891+0000] {processor.py:840} INFO - DAG(s) 'example_sensors' retrieved from /home/airflow/.local/lib/python3.12/site-packages/airflow/example_dags/example_sensors.py
[2026-05-19T13:45:50.934+0000] {logging_mixin.py:188} INFO - [2026-05-19T13:45:50.933+0000] {dag.py:3096} INFO - Sync 1 DAGs
[2026-05-19T13:45:50.955+0000] {logging_mixin.py:188} INFO - [2026-05-19T13:45:50.954+0000] {dag.py:3954} INFO - Setting next_dagrun for example_sensors to None, run_after=None
[2026-05-19T13:45:50.995+0000] {processor.py:183} INFO - Processing /home/airflow/.local/lib/python3.12/site-packages/airflow/example_dags/example_sensors.py took 0.128 seconds
[2026-05-19T13:46:21.330+0000] {processor.py:161} INFO - Started process (PID=1883) to work on /home/airflow/.local/lib/python3.12/site-packages/airflow/example_dags/example_sensors.py
[2026-05-19T13:46:21.332+0000] {processor.py:830} INFO - Processing file /home/airflow/.local/lib/python3.12/site-packages/airflow/example_dags/example_sensors.py for tasks to queue
[2026-05-19T13:46:21.336+0000] {logging_mixin.py:188} INFO - [2026-05-19T13:46:21.335+0000] {dagbag.py:545} INFO - Filling up the DagBag from /home/airflow/.local/lib/python3.12/site-packages/airflow/example_dags/example_sensors.py
[2026-05-19T13:46:21.351+0000] {processor.py:840} INFO - DAG(s) 'example_sensors' retrieved from /home/airflow/.local/lib/python3.12/site-packages/airflow/example_dags/example_sensors.py
[2026-05-19T13:46:21.386+0000] {logging_mixin.py:188} INFO - [2026-05-19T13:46:21.386+0000] {dag.py:3096} INFO - Sync 1 DAGs
[2026-05-19T13:46:21.405+0000] {logging_mixin.py:188} INFO - [2026-05-19T13:46:21.405+0000] {dag.py:3954} INFO - Setting next_dagrun for example_sensors to None, run_after=None
[2026-05-19T13:46:21.433+0000] {processor.py:183} INFO - Processing /home/airflow/.local/lib/python3.12/site-packages/airflow/example_dags/example_sensors.py took 0.113 seconds
[2026-05-19T13:46:51.689+0000] {processor.py:161} INFO - Started process (PID=1942) to work on /home/airflow/.local/lib/python3.12/site-packages/airflow/example_dags/example_sensors.py
[2026-05-19T13:46:51.690+0000] {processor.py:830} INFO - Processing file /home/airflow/.local/lib/python3.12/site-packages/airflow/example_dags/example_sensors.py for tasks to queue
[2026-05-19T13:46:51.692+0000] {logging_mixin.py:188} INFO - [2026-05-19T13:46:51.692+0000] {dagbag.py:545} INFO - Filling up the DagBag from /home/airflow/.local/lib/python3.12/site-packages/airflow/example_dags/example_sensors.py
[2026-05-19T13:46:51.703+0000] {processor.py:840} INFO - DAG(s) 'example_sensors' retrieved from /home/airflow/.local/lib/python3.12/site-packages/airflow/example_dags/example_sensors.py
[2026-05-19T13:46:51.734+0000] {logging_mixin.py:188} INFO - [2026-05-19T13:46:51.734+0000] {dag.py:3096} INFO - Sync 1 DAGs
[2026-05-19T13:46:51.750+0000] {logging_mixin.py:188} INFO - [2026-05-19T13:46:51.750+0000] {dag.py:3954} INFO - Setting next_dagrun for example_sensors to None, run_after=None
[2026-05-19T13:46:51.774+0000] {processor.py:183} INFO - Processing /home/airflow/.local/lib/python3.12/site-packages/airflow/example_dags/example_sensors.py took 0.090 seconds
[2026-05-19T13:47:22.364+0000] {processor.py:161} INFO - Started process (PID=2001) to work on /home/airflow/.local/lib/python3.12/site-packages/airflow/example_dags/example_sensors.py
[2026-05-19T13:47:22.366+0000] {processor.py:830} INFO - Processing file /home/airflow/.local/lib/python3.12/site-packages/airflow/example_dags/example_sensors.py for tasks to queue
[2026-05-19T13:47:22.372+0000] {logging_mixin.py:188} INFO - [2026-05-19T13:47:22.372+0000] {dagbag.py:545} INFO - Filling up the DagBag from /home/airflow/.local/lib/python3.12/site-packages/airflow/example_dags/example_sensors.py
[2026-05-19T13:47:22.385+0000] {processor.py:840} INFO - DAG(s) 'example_sensors' retrieved from /home/airflow/.local/lib/python3.12/site-packages/airflow/example_dags/example_sensors.py
[2026-05-19T13:47:22.442+0000] {logging_mixin.py:188} INFO - [2026-05-19T13:47:22.441+0000] {dag.py:3096} INFO - Sync 1 DAGs
[2026-05-19T13:47:22.459+0000] {logging_mixin.py:188} INFO - [2026-05-19T13:47:22.459+0000] {dag.py:3954} INFO - Setting next_dagrun for example_sensors to None, run_after=None
[2026-05-19T13:47:22.494+0000] {processor.py:183} INFO - Processing /home/airflow/.local/lib/python3.12/site-packages/airflow/example_dags/example_sensors.py took 0.144 seconds
[2026-05-19T13:47:52.840+0000] {processor.py:161} INFO - Started process (PID=2060) to work on /home/airflow/.local/lib/python3.12/site-packages/airflow/example_dags/example_sensors.py
[2026-05-19T13:47:52.842+0000] {processor.py:830} INFO - Processing file /home/airflow/.local/lib/python3.12/site-packages/airflow/example_dags/example_sensors.py for tasks to queue
[2026-05-19T13:47:52.846+0000] {logging_mixin.py:188} INFO - [2026-05-19T13:47:52.845+0000] {dagbag.py:545} INFO - Filling up the DagBag from /home/airflow/.local/lib/python3.12/site-packages/airflow/example_dags/example_sensors.py
[2026-05-19T13:47:52.857+0000] {processor.py:840} INFO - DAG(s) 'example_sensors' retrieved from /home/airflow/.local/lib/python3.12/site-packages/airflow/example_dags/example_sensors.py
[2026-05-19T13:47:52.894+0000] {logging_mixin.py:188} INFO - [2026-05-19T13:47:52.894+0000] {dag.py:3096} INFO - Sync 1 DAGs
[2026-05-19T13:47:52.915+0000] {logging_mixin.py:188} INFO - [2026-05-19T13:47:52.915+0000] {dag.py:3954} INFO - Setting next_dagrun for example_sensors to None, run_after=None
[2026-05-19T13:47:52.937+0000] {processor.py:183} INFO - Processing /home/airflow/.local/lib/python3.12/site-packages/airflow/example_dags/example_sensors.py took 0.106 seconds
[2026-05-19T13:48:23.248+0000] {processor.py:161} INFO - Started process (PID=2119) to work on /home/airflow/.local/lib/python3.12/site-packages/airflow/example_dags/example_sensors.py
[2026-05-19T13:48:23.250+0000] {processor.py:830} INFO - Processing file /home/airflow/.local/lib/python3.12/site-packages/airflow/example_dags/example_sensors.py for tasks to queue
[2026-05-19T13:48:23.253+0000] {logging_mixin.py:188} INFO - [2026-05-19T13:48:23.253+0000] {dagbag.py:545} INFO - Filling up the DagBag from /home/airflow/.local/lib/python3.12/site-packages/airflow/example_dags/example_sensors.py
[2026-05-19T13:48:23.263+0000] {processor.py:840} INFO - DAG(s) 'example_sensors' retrieved from /home/airflow/.local/lib/python3.12/site-packages/airflow/example_dags/example_sensors.py
[2026-05-19T13:48:23.293+0000] {logging_mixin.py:188} INFO - [2026-05-19T13:48:23.293+0000] {dag.py:3096} INFO - Sync 1 DAGs
[2026-05-19T13:48:23.312+0000] {logging_mixin.py:188} INFO - [2026-05-19T13:48:23.312+0000] {dag.py:3954} INFO - Setting next_dagrun for example_sensors to None, run_after=None
[2026-05-19T13:48:23.341+0000] {processor.py:183} INFO - Processing /home/airflow/.local/lib/python3.12/site-packages/airflow/example_dags/example_sensors.py took 0.101 seconds
[2026-05-19T13:48:54.109+0000] {processor.py:161} INFO - Started process (PID=2178) to work on /home/airflow/.local/lib/python3.12/site-packages/airflow/example_dags/example_sensors.py
[2026-05-19T13:48:54.112+0000] {processor.py:830} INFO - Processing file /home/airflow/.local/lib/python3.12/site-packages/airflow/example_dags/example_sensors.py for tasks to queue
[2026-05-19T13:48:54.117+0000] {logging_mixin.py:188} INFO - [2026-05-19T13:48:54.116+0000] {dagbag.py:545} INFO - Filling up the DagBag from /home/airflow/.local/lib/python3.12/site-packages/airflow/example_dags/example_sensors.py
[2026-05-19T13:48:54.140+0000] {processor.py:840} INFO - DAG(s) 'example_sensors' retrieved from /home/airflow/.local/lib/python3.12/site-packages/airflow/example_dags/example_sensors.py
[2026-05-19T13:48:54.226+0000] {logging_mixin.py:188} INFO - [2026-05-19T13:48:54.225+0000] {dag.py:3096} INFO - Sync 1 DAGs
[2026-05-19T13:48:54.265+0000] {logging_mixin.py:188} INFO - [2026-05-19T13:48:54.264+0000] {dag.py:3954} INFO - Setting next_dagrun for example_sensors to None, run_after=None
[2026-05-19T13:48:54.317+0000] {processor.py:183} INFO - Processing /home/airflow/.local/lib/python3.12/site-packages/airflow/example_dags/example_sensors.py took 0.218 seconds
[2026-05-19T13:49:24.411+0000] {processor.py:161} INFO - Started process (PID=2237) to work on /home/airflow/.local/lib/python3.12/site-packages/airflow/example_dags/example_sensors.py
[2026-05-19T13:49:24.413+0000] {processor.py:830} INFO - Processing file /home/airflow/.local/lib/python3.12/site-packages/airflow/example_dags/example_sensors.py for tasks to queue
[2026-05-19T13:49:24.416+0000] {logging_mixin.py:188} INFO - [2026-05-19T13:49:24.415+0000] {dagbag.py:545} INFO - Filling up the DagBag from /home/airflow/.local/lib/python3.12/site-packages/airflow/example_dags/example_sensors.py
[2026-05-19T13:49:24.430+0000] {processor.py:840} INFO - DAG(s) 'example_sensors' retrieved from /home/airflow/.local/lib/python3.12/site-packages/airflow/example_dags/example_sensors.py
[2026-05-19T13:49:24.470+0000] {logging_mixin.py:188} INFO - [2026-05-19T13:49:24.470+0000] {dag.py:3096} INFO - Sync 1 DAGs
[2026-05-19T13:49:24.491+0000] {logging_mixin.py:188} INFO - [2026-05-19T13:49:24.491+0000] {dag.py:3954} INFO - Setting next_dagrun for example_sensors to None, run_after=None
[2026-05-19T13:49:24.525+0000] {processor.py:183} INFO - Processing /home/airflow/.local/lib/python3.12/site-packages/airflow/example_dags/example_sensors.py took 0.120 seconds
[2026-05-19T13:49:55.161+0000] {processor.py:161} INFO - Started process (PID=2296) to work on /home/airflow/.local/lib/python3.12/site-packages/airflow/example_dags/example_sensors.py
[2026-05-19T13:49:55.163+0000] {processor.py:830} INFO - Processing file /home/airflow/.local/lib/python3.12/site-packages/airflow/example_dags/example_sensors.py for tasks to queue
[2026-05-19T13:49:55.166+0000] {logging_mixin.py:188} INFO - [2026-05-19T13:49:55.166+0000] {dagbag.py:545} INFO - Filling up the DagBag from /home/airflow/.local/lib/python3.12/site-packages/airflow/example_dags/example_sensors.py
[2026-05-19T13:49:55.179+0000] {processor.py:840} INFO - DAG(s) 'example_sensors' retrieved from /home/airflow/.local/lib/python3.12/site-packages/airflow/example_dags/example_sensors.py
[2026-05-19T13:49:55.223+0000] {logging_mixin.py:188} INFO - [2026-05-19T13:49:55.222+0000] {dag.py:3096} INFO - Sync 1 DAGs
[2026-05-19T13:49:55.243+0000] {logging_mixin.py:188} INFO - [2026-05-19T13:49:55.242+0000] {dag.py:3954} INFO - Setting next_dagrun for example_sensors to None, run_after=None
[2026-05-19T13:49:55.273+0000] {processor.py:183} INFO - Processing /home/airflow/.local/lib/python3.12/site-packages/airflow/example_dags/example_sensors.py took 0.119 seconds
[2026-05-19T13:50:25.569+0000] {processor.py:161} INFO - Started process (PID=2355) to work on /home/airflow/.local/lib/python3.12/site-packages/airflow/example_dags/example_sensors.py
[2026-05-19T13:50:25.570+0000] {processor.py:830} INFO - Processing file /home/airflow/.local/lib/python3.12/site-packages/airflow/example_dags/example_sensors.py for tasks to queue
[2026-05-19T13:50:25.574+0000] {logging_mixin.py:188} INFO - [2026-05-19T13:50:25.573+0000] {dagbag.py:545} INFO - Filling up the DagBag from /home/airflow/.local/lib/python3.12/site-packages/airflow/example_dags/example_sensors.py
[2026-05-19T13:50:25.585+0000] {processor.py:840} INFO - DAG(s) 'example_sensors' retrieved from /home/airflow/.local/lib/python3.12/site-packages/airflow/example_dags/example_sensors.py
[2026-05-19T13:50:25.631+0000] {logging_mixin.py:188} INFO - [2026-05-19T13:50:25.630+0000] {dag.py:3096} INFO - Sync 1 DAGs
[2026-05-19T13:50:25.650+0000] {logging_mixin.py:188} INFO - [2026-05-19T13:50:25.650+0000] {dag.py:3954} INFO - Setting next_dagrun for example_sensors to None, run_after=None
[2026-05-19T13:50:25.684+0000] {processor.py:183} INFO - Processing /home/airflow/.local/lib/python3.12/site-packages/airflow/example_dags/example_sensors.py took 0.126 seconds
[2026-05-19T13:50:56.374+0000] {processor.py:161} INFO - Started process (PID=2414) to work on /home/airflow/.local/lib/python3.12/site-packages/airflow/example_dags/example_sensors.py
[2026-05-19T13:50:56.376+0000] {processor.py:830} INFO - Processing file /home/airflow/.local/lib/python3.12/site-packages/airflow/example_dags/example_sensors.py for tasks to queue
[2026-05-19T13:50:56.380+0000] {logging_mixin.py:188} INFO - [2026-05-19T13:50:56.380+0000] {dagbag.py:545} INFO - Filling up the DagBag from /home/airflow/.local/lib/python3.12/site-packages/airflow/example_dags/example_sensors.py
[2026-05-19T13:50:56.395+0000] {processor.py:840} INFO - DAG(s) 'example_sensors' retrieved from /home/airflow/.local/lib/python3.12/site-packages/airflow/example_dags/example_sensors.py
[2026-05-19T13:50:56.430+0000] {logging_mixin.py:188} INFO - [2026-05-19T13:50:56.430+0000] {dag.py:3096} INFO - Sync 1 DAGs
[2026-05-19T13:50:56.448+0000] {logging_mixin.py:188} INFO - [2026-05-19T13:50:56.448+0000] {dag.py:3954} INFO - Setting next_dagrun for example_sensors to None, run_after=None
[2026-05-19T13:50:56.471+0000] {processor.py:183} INFO - Processing /home/airflow/.local/lib/python3.12/site-packages/airflow/example_dags/example_sensors.py took 0.107 seconds
[2026-05-19T13:51:26.675+0000] {processor.py:161} INFO - Started process (PID=2473) to work on /home/airflow/.local/lib/python3.12/site-packages/airflow/example_dags/example_sensors.py
[2026-05-19T13:51:26.677+0000] {processor.py:830} INFO - Processing file /home/airflow/.local/lib/python3.12/site-packages/airflow/example_dags/example_sensors.py for tasks to queue
[2026-05-19T13:51:26.680+0000] {logging_mixin.py:188} INFO - [2026-05-19T13:51:26.679+0000] {dagbag.py:545} INFO - Filling up the DagBag from /home/airflow/.local/lib/python3.12/site-packages/airflow/example_dags/example_sensors.py
[2026-05-19T13:51:26.688+0000] {processor.py:840} INFO - DAG(s) 'example_sensors' retrieved from /home/airflow/.local/lib/python3.12/site-packages/airflow/example_dags/example_sensors.py
[2026-05-19T13:51:26.721+0000] {logging_mixin.py:188} INFO - [2026-05-19T13:51:26.721+0000] {dag.py:3096} INFO - Sync 1 DAGs
[2026-05-19T13:51:26.740+0000] {logging_mixin.py:188} INFO - [2026-05-19T13:51:26.740+0000] {dag.py:3954} INFO - Setting next_dagrun for example_sensors to None, run_after=None
[2026-05-19T13:51:26.772+0000] {processor.py:183} INFO - Processing /home/airflow/.local/lib/python3.12/site-packages/airflow/example_dags/example_sensors.py took 0.103 seconds
[2026-05-19T13:51:57.322+0000] {processor.py:161} INFO - Started process (PID=2532) to work on /home/airflow/.local/lib/python3.12/site-packages/airflow/example_dags/example_sensors.py
[2026-05-19T13:51:57.324+0000] {processor.py:830} INFO - Processing file /home/airflow/.local/lib/python3.12/site-packages/airflow/example_dags/example_sensors.py for tasks to queue
[2026-05-19T13:51:57.327+0000] {logging_mixin.py:188} INFO - [2026-05-19T13:51:57.327+0000] {dagbag.py:545} INFO - Filling up the DagBag from /home/airflow/.local/lib/python3.12/site-packages/airflow/example_dags/example_sensors.py
[2026-05-19T13:51:57.340+0000] {processor.py:840} INFO - DAG(s) 'example_sensors' retrieved from /home/airflow/.local/lib/python3.12/site-packages/airflow/example_dags/example_sensors.py
[2026-05-19T13:51:57.372+0000] {logging_mixin.py:188} INFO - [2026-05-19T13:51:57.371+0000] {dag.py:3096} INFO - Sync 1 DAGs
[2026-05-19T13:51:57.390+0000] {logging_mixin.py:188} INFO - [2026-05-19T13:51:57.390+0000] {dag.py:3954} INFO - Setting next_dagrun for example_sensors to None, run_after=None
[2026-05-19T13:51:57.420+0000] {processor.py:183} INFO - Processing /home/airflow/.local/lib/python3.12/site-packages/airflow/example_dags/example_sensors.py took 0.104 seconds
[2026-05-19T13:52:27.580+0000] {processor.py:161} INFO - Started process (PID=2591) to work on /home/airflow/.local/lib/python3.12/site-packages/airflow/example_dags/example_sensors.py
[2026-05-19T13:52:27.581+0000] {processor.py:830} INFO - Processing file /home/airflow/.local/lib/python3.12/site-packages/airflow/example_dags/example_sensors.py for tasks to queue
[2026-05-19T13:52:27.587+0000] {logging_mixin.py:188} INFO - [2026-05-19T13:52:27.586+0000] {dagbag.py:545} INFO - Filling up the DagBag from /home/airflow/.local/lib/python3.12/site-packages/airflow/example_dags/example_sensors.py
[2026-05-19T13:52:27.606+0000] {processor.py:840} INFO - DAG(s) 'example_sensors' retrieved from /home/airflow/.local/lib/python3.12/site-packages/airflow/example_dags/example_sensors.py
[2026-05-19T13:52:27.659+0000] {logging_mixin.py:188} INFO - [2026-05-19T13:52:27.659+0000] {dag.py:3096} INFO - Sync 1 DAGs
[2026-05-19T13:52:27.689+0000] {logging_mixin.py:188} INFO - [2026-05-19T13:52:27.689+0000] {dag.py:3954} INFO - Setting next_dagrun for example_sensors to None, run_after=None
[2026-05-19T13:52:27.725+0000] {processor.py:183} INFO - Processing /home/airflow/.local/lib/python3.12/site-packages/airflow/example_dags/example_sensors.py took 0.154 seconds
[2026-05-19T13:52:57.944+0000] {processor.py:161} INFO - Started process (PID=2650) to work on /home/airflow/.local/lib/python3.12/site-packages/airflow/example_dags/example_sensors.py
[2026-05-19T13:52:57.947+0000] {processor.py:830} INFO - Processing file /home/airflow/.local/lib/python3.12/site-packages/airflow/example_dags/example_sensors.py for tasks to queue
[2026-05-19T13:52:57.951+0000] {logging_mixin.py:188} INFO - [2026-05-19T13:52:57.950+0000] {dagbag.py:545} INFO - Filling up the DagBag from /home/airflow/.local/lib/python3.12/site-packages/airflow/example_dags/example_sensors.py
[2026-05-19T13:52:57.967+0000] {processor.py:840} INFO - DAG(s) 'example_sensors' retrieved from /home/airflow/.local/lib/python3.12/site-packages/airflow/example_dags/example_sensors.py
[2026-05-19T13:52:58.000+0000] {logging_mixin.py:188} INFO - [2026-05-19T13:52:58.000+0000] {dag.py:3096} INFO - Sync 1 DAGs
[2026-05-19T13:52:58.023+0000] {logging_mixin.py:188} INFO - [2026-05-19T13:52:58.022+0000] {dag.py:3954} INFO - Setting next_dagrun for example_sensors to None, run_after=None
[2026-05-19T13:52:58.058+0000] {processor.py:183} INFO - Processing /home/airflow/.local/lib/python3.12/site-packages/airflow/example_dags/example_sensors.py took 0.122 seconds
[2026-05-19T13:53:28.240+0000] {processor.py:161} INFO - Started process (PID=2709) to work on /home/airflow/.local/lib/python3.12/site-packages/airflow/example_dags/example_sensors.py
[2026-05-19T13:53:28.242+0000] {processor.py:830} INFO - Processing file /home/airflow/.local/lib/python3.12/site-packages/airflow/example_dags/example_sensors.py for tasks to queue
[2026-05-19T13:53:28.245+0000] {logging_mixin.py:188} INFO - [2026-05-19T13:53:28.245+0000] {dagbag.py:545} INFO - Filling up the DagBag from /home/airflow/.local/lib/python3.12/site-packages/airflow/example_dags/example_sensors.py
[2026-05-19T13:53:28.256+0000] {processor.py:840} INFO - DAG(s) 'example_sensors' retrieved from /home/airflow/.local/lib/python3.12/site-packages/airflow/example_dags/example_sensors.py
[2026-05-19T13:53:28.292+0000] {logging_mixin.py:188} INFO - [2026-05-19T13:53:28.292+0000] {dag.py:3096} INFO - Sync 1 DAGs
[2026-05-19T13:53:28.314+0000] {logging_mixin.py:188} INFO - [2026-05-19T13:53:28.314+0000] {dag.py:3954} INFO - Setting next_dagrun for example_sensors to None, run_after=None
[2026-05-19T13:53:28.338+0000] {processor.py:183} INFO - Processing /home/airflow/.local/lib/python3.12/site-packages/airflow/example_dags/example_sensors.py took 0.109 seconds
[2026-05-19T13:53:58.790+0000] {processor.py:161} INFO - Started process (PID=2768) to work on /home/airflow/.local/lib/python3.12/site-packages/airflow/example_dags/example_sensors.py
[2026-05-19T13:53:58.791+0000] {processor.py:830} INFO - Processing file /home/airflow/.local/lib/python3.12/site-packages/airflow/example_dags/example_sensors.py for tasks to queue
[2026-05-19T13:53:58.794+0000] {logging_mixin.py:188} INFO - [2026-05-19T13:53:58.794+0000] {dagbag.py:545} INFO - Filling up the DagBag from /home/airflow/.local/lib/python3.12/site-packages/airflow/example_dags/example_sensors.py
[2026-05-19T13:53:58.804+0000] {processor.py:840} INFO - DAG(s) 'example_sensors' retrieved from /home/airflow/.local/lib/python3.12/site-packages/airflow/example_dags/example_sensors.py
[2026-05-19T13:53:58.844+0000] {logging_mixin.py:188} INFO - [2026-05-19T13:53:58.844+0000] {dag.py:3096} INFO - Sync 1 DAGs
[2026-05-19T13:53:58.858+0000] {logging_mixin.py:188} INFO - [2026-05-19T13:53:58.858+0000] {dag.py:3954} INFO - Setting next_dagrun for example_sensors to None, run_after=None
[2026-05-19T13:53:58.887+0000] {processor.py:183} INFO - Processing /home/airflow/.local/lib/python3.12/site-packages/airflow/example_dags/example_sensors.py took 0.102 seconds
[2026-05-19T13:54:29.450+0000] {processor.py:161} INFO - Started process (PID=2827) to work on /home/airflow/.local/lib/python3.12/site-packages/airflow/example_dags/example_sensors.py
[2026-05-19T13:54:29.453+0000] {processor.py:830} INFO - Processing file /home/airflow/.local/lib/python3.12/site-packages/airflow/example_dags/example_sensors.py for tasks to queue
[2026-05-19T13:54:29.458+0000] {logging_mixin.py:188} INFO - [2026-05-19T13:54:29.458+0000] {dagbag.py:545} INFO - Filling up the DagBag from /home/airflow/.local/lib/python3.12/site-packages/airflow/example_dags/example_sensors.py
[2026-05-19T13:54:29.478+0000] {processor.py:840} INFO - DAG(s) 'example_sensors' retrieved from /home/airflow/.local/lib/python3.12/site-packages/airflow/example_dags/example_sensors.py
[2026-05-19T13:54:29.586+0000] {logging_mixin.py:188} INFO - [2026-05-19T13:54:29.586+0000] {dag.py:3096} INFO - Sync 1 DAGs
[2026-05-19T13:54:29.648+0000] {logging_mixin.py:188} INFO - [2026-05-19T13:54:29.648+0000] {dag.py:3954} INFO - Setting next_dagrun for example_sensors to None, run_after=None
[2026-05-19T13:54:29.707+0000] {processor.py:183} INFO - Processing /home/airflow/.local/lib/python3.12/site-packages/airflow/example_dags/example_sensors.py took 0.265 seconds
[2026-05-19T13:55:00.363+0000] {processor.py:161} INFO - Started process (PID=2886) to work on /home/airflow/.local/lib/python3.12/site-packages/airflow/example_dags/example_sensors.py
[2026-05-19T13:55:00.367+0000] {processor.py:830} INFO - Processing file /home/airflow/.local/lib/python3.12/site-packages/airflow/example_dags/example_sensors.py for tasks to queue
[2026-05-19T13:55:00.370+0000] {logging_mixin.py:188} INFO - [2026-05-19T13:55:00.369+0000] {dagbag.py:545} INFO - Filling up the DagBag from /home/airflow/.local/lib/python3.12/site-packages/airflow/example_dags/example_sensors.py
[2026-05-19T13:55:00.384+0000] {processor.py:840} INFO - DAG(s) 'example_sensors' retrieved from /home/airflow/.local/lib/python3.12/site-packages/airflow/example_dags/example_sensors.py
[2026-05-19T13:55:00.433+0000] {logging_mixin.py:188} INFO - [2026-05-19T13:55:00.433+0000] {dag.py:3096} INFO - Sync 1 DAGs
[2026-05-19T13:55:00.453+0000] {logging_mixin.py:188} INFO - [2026-05-19T13:55:00.453+0000] {dag.py:3954} INFO - Setting next_dagrun for example_sensors to None, run_after=None
[2026-05-19T13:55:00.500+0000] {processor.py:183} INFO - Processing /home/airflow/.local/lib/python3.12/site-packages/airflow/example_dags/example_sensors.py took 0.148 seconds
[2026-05-19T13:55:30.720+0000] {processor.py:161} INFO - Started process (PID=2945) to work on /home/airflow/.local/lib/python3.12/site-packages/airflow/example_dags/example_sensors.py
[2026-05-19T13:55:30.722+0000] {processor.py:830} INFO - Processing file /home/airflow/.local/lib/python3.12/site-packages/airflow/example_dags/example_sensors.py for tasks to queue
[2026-05-19T13:55:30.726+0000] {logging_mixin.py:188} INFO - [2026-05-19T13:55:30.725+0000] {dagbag.py:545} INFO - Filling up the DagBag from /home/airflow/.local/lib/python3.12/site-packages/airflow/example_dags/example_sensors.py
[2026-05-19T13:55:30.735+0000] {processor.py:840} INFO - DAG(s) 'example_sensors' retrieved from /home/airflow/.local/lib/python3.12/site-packages/airflow/example_dags/example_sensors.py
[2026-05-19T13:55:30.763+0000] {logging_mixin.py:188} INFO - [2026-05-19T13:55:30.763+0000] {dag.py:3096} INFO - Sync 1 DAGs
[2026-05-19T13:55:30.786+0000] {logging_mixin.py:188} INFO - [2026-05-19T13:55:30.785+0000] {dag.py:3954} INFO - Setting next_dagrun for example_sensors to None, run_after=None
[2026-05-19T13:55:30.812+0000] {processor.py:183} INFO - Processing /home/airflow/.local/lib/python3.12/site-packages/airflow/example_dags/example_sensors.py took 0.101 seconds
[2026-05-19T13:56:01.237+0000] {processor.py:161} INFO - Started process (PID=3004) to work on /home/airflow/.local/lib/python3.12/site-packages/airflow/example_dags/example_sensors.py
[2026-05-19T13:56:01.238+0000] {processor.py:830} INFO - Processing file /home/airflow/.local/lib/python3.12/site-packages/airflow/example_dags/example_sensors.py for tasks to queue
[2026-05-19T13:56:01.242+0000] {logging_mixin.py:188} INFO - [2026-05-19T13:56:01.242+0000] {dagbag.py:545} INFO - Filling up the DagBag from /home/airflow/.local/lib/python3.12/site-packages/airflow/example_dags/example_sensors.py
[2026-05-19T13:56:01.256+0000] {processor.py:840} INFO - DAG(s) 'example_sensors' retrieved from /home/airflow/.local/lib/python3.12/site-packages/airflow/example_dags/example_sensors.py
[2026-05-19T13:56:01.292+0000] {logging_mixin.py:188} INFO - [2026-05-19T13:56:01.291+0000] {dag.py:3096} INFO - Sync 1 DAGs
[2026-05-19T13:56:01.303+0000] {logging_mixin.py:188} INFO - [2026-05-19T13:56:01.303+0000] {dag.py:3954} INFO - Setting next_dagrun for example_sensors to None, run_after=None
[2026-05-19T13:56:01.334+0000] {processor.py:183} INFO - Processing /home/airflow/.local/lib/python3.12/site-packages/airflow/example_dags/example_sensors.py took 0.104 seconds
[2026-05-19T13:56:32.325+0000] {processor.py:161} INFO - Started process (PID=3062) to work on /home/airflow/.local/lib/python3.12/site-packages/airflow/example_dags/example_sensors.py
[2026-05-19T13:56:32.328+0000] {processor.py:830} INFO - Processing file /home/airflow/.local/lib/python3.12/site-packages/airflow/example_dags/example_sensors.py for tasks to queue
[2026-05-19T13:56:32.335+0000] {logging_mixin.py:188} INFO - [2026-05-19T13:56:32.334+0000] {dagbag.py:545} INFO - Filling up the DagBag from /home/airflow/.local/lib/python3.12/site-packages/airflow/example_dags/example_sensors.py
[2026-05-19T13:56:32.357+0000] {processor.py:840} INFO - DAG(s) 'example_sensors' retrieved from /home/airflow/.local/lib/python3.12/site-packages/airflow/example_dags/example_sensors.py
[2026-05-19T13:56:32.436+0000] {logging_mixin.py:188} INFO - [2026-05-19T13:56:32.436+0000] {dag.py:3096} INFO - Sync 1 DAGs
[2026-05-19T13:56:32.476+0000] {logging_mixin.py:188} INFO - [2026-05-19T13:56:32.475+0000] {dag.py:3954} INFO - Setting next_dagrun for example_sensors to None, run_after=None
[2026-05-19T13:56:32.539+0000] {processor.py:183} INFO - Processing /home/airflow/.local/lib/python3.12/site-packages/airflow/example_dags/example_sensors.py took 0.226 seconds
[2026-05-19T13:57:02.897+0000] {processor.py:161} INFO - Started process (PID=3121) to work on /home/airflow/.local/lib/python3.12/site-packages/airflow/example_dags/example_sensors.py
[2026-05-19T13:57:02.900+0000] {processor.py:830} INFO - Processing file /home/airflow/.local/lib/python3.12/site-packages/airflow/example_dags/example_sensors.py for tasks to queue
[2026-05-19T13:57:02.904+0000] {logging_mixin.py:188} INFO - [2026-05-19T13:57:02.904+0000] {dagbag.py:545} INFO - Filling up the DagBag from /home/airflow/.local/lib/python3.12/site-packages/airflow/example_dags/example_sensors.py
[2026-05-19T13:57:02.925+0000] {processor.py:840} INFO - DAG(s) 'example_sensors' retrieved from /home/airflow/.local/lib/python3.12/site-packages/airflow/example_dags/example_sensors.py
[2026-05-19T13:57:02.974+0000] {logging_mixin.py:188} INFO - [2026-05-19T13:57:02.973+0000] {dag.py:3096} INFO - Sync 1 DAGs
[2026-05-19T13:57:02.994+0000] {logging_mixin.py:188} INFO - [2026-05-19T13:57:02.994+0000] {dag.py:3954} INFO - Setting next_dagrun for example_sensors to None, run_after=None
[2026-05-19T13:57:03.030+0000] {processor.py:183} INFO - Processing /home/airflow/.local/lib/python3.12/site-packages/airflow/example_dags/example_sensors.py took 0.145 seconds
[2026-05-19T13:57:33.288+0000] {processor.py:161} INFO - Started process (PID=3178) to work on /home/airflow/.local/lib/python3.12/site-packages/airflow/example_dags/example_sensors.py
[2026-05-19T13:57:33.289+0000] {processor.py:830} INFO - Processing file /home/airflow/.local/lib/python3.12/site-packages/airflow/example_dags/example_sensors.py for tasks to queue
[2026-05-19T13:57:33.292+0000] {logging_mixin.py:188} INFO - [2026-05-19T13:57:33.292+0000] {dagbag.py:545} INFO - Filling up the DagBag from /home/airflow/.local/lib/python3.12/site-packages/airflow/example_dags/example_sensors.py
[2026-05-19T13:57:33.309+0000] {processor.py:840} INFO - DAG(s) 'example_sensors' retrieved from /home/airflow/.local/lib/python3.12/site-packages/airflow/example_dags/example_sensors.py
[2026-05-19T13:57:33.345+0000] {logging_mixin.py:188} INFO - [2026-05-19T13:57:33.345+0000] {dag.py:3096} INFO - Sync 1 DAGs
[2026-05-19T13:57:33.363+0000] {logging_mixin.py:188} INFO - [2026-05-19T13:57:33.363+0000] {dag.py:3954} INFO - Setting next_dagrun for example_sensors to None, run_after=None
[2026-05-19T13:57:33.393+0000] {processor.py:183} INFO - Processing /home/airflow/.local/lib/python3.12/site-packages/airflow/example_dags/example_sensors.py took 0.111 seconds
[2026-05-19T13:58:03.465+0000] {processor.py:161} INFO - Started process (PID=3237) to work on /home/airflow/.local/lib/python3.12/site-packages/airflow/example_dags/example_sensors.py
[2026-05-19T13:58:03.468+0000] {processor.py:830} INFO - Processing file /home/airflow/.local/lib/python3.12/site-packages/airflow/example_dags/example_sensors.py for tasks to queue
[2026-05-19T13:58:03.472+0000] {logging_mixin.py:188} INFO - [2026-05-19T13:58:03.472+0000] {dagbag.py:545} INFO - Filling up the DagBag from /home/airflow/.local/lib/python3.12/site-packages/airflow/example_dags/example_sensors.py
[2026-05-19T13:58:03.485+0000] {processor.py:840} INFO - DAG(s) 'example_sensors' retrieved from /home/airflow/.local/lib/python3.12/site-packages/airflow/example_dags/example_sensors.py
[2026-05-19T13:58:03.527+0000] {logging_mixin.py:188} INFO - [2026-05-19T13:58:03.527+0000] {dag.py:3096} INFO - Sync 1 DAGs
[2026-05-19T13:58:03.544+0000] {logging_mixin.py:188} INFO - [2026-05-19T13:58:03.544+0000] {dag.py:3954} INFO - Setting next_dagrun for example_sensors to None, run_after=None
[2026-05-19T13:58:03.571+0000] {processor.py:183} INFO - Processing /home/airflow/.local/lib/python3.12/site-packages/airflow/example_dags/example_sensors.py took 0.117 seconds
[2026-05-19T13:58:34.278+0000] {processor.py:161} INFO - Started process (PID=3296) to work on /home/airflow/.local/lib/python3.12/site-packages/airflow/example_dags/example_sensors.py
[2026-05-19T13:58:34.282+0000] {processor.py:830} INFO - Processing file /home/airflow/.local/lib/python3.12/site-packages/airflow/example_dags/example_sensors.py for tasks to queue
[2026-05-19T13:58:34.286+0000] {logging_mixin.py:188} INFO - [2026-05-19T13:58:34.285+0000] {dagbag.py:545} INFO - Filling up the DagBag from /home/airflow/.local/lib/python3.12/site-packages/airflow/example_dags/example_sensors.py
[2026-05-19T13:58:34.303+0000] {processor.py:840} INFO - DAG(s) 'example_sensors' retrieved from /home/airflow/.local/lib/python3.12/site-packages/airflow/example_dags/example_sensors.py
[2026-05-19T13:58:34.358+0000] {logging_mixin.py:188} INFO - [2026-05-19T13:58:34.356+0000] {dag.py:3096} INFO - Sync 1 DAGs
[2026-05-19T13:58:34.392+0000] {logging_mixin.py:188} INFO - [2026-05-19T13:58:34.392+0000] {dag.py:3954} INFO - Setting next_dagrun for example_sensors to None, run_after=None
[2026-05-19T13:58:34.430+0000] {processor.py:183} INFO - Processing /home/airflow/.local/lib/python3.12/site-packages/airflow/example_dags/example_sensors.py took 0.164 seconds
[2026-05-19T13:59:04.728+0000] {processor.py:161} INFO - Started process (PID=3355) to work on /home/airflow/.local/lib/python3.12/site-packages/airflow/example_dags/example_sensors.py
[2026-05-19T13:59:04.730+0000] {processor.py:830} INFO - Processing file /home/airflow/.local/lib/python3.12/site-packages/airflow/example_dags/example_sensors.py for tasks to queue
[2026-05-19T13:59:04.735+0000] {logging_mixin.py:188} INFO - [2026-05-19T13:59:04.734+0000] {dagbag.py:545} INFO - Filling up the DagBag from /home/airflow/.local/lib/python3.12/site-packages/airflow/example_dags/example_sensors.py
[2026-05-19T13:59:04.749+0000] {processor.py:840} INFO - DAG(s) 'example_sensors' retrieved from /home/airflow/.local/lib/python3.12/site-packages/airflow/example_dags/example_sensors.py
[2026-05-19T13:59:04.789+0000] {logging_mixin.py:188} INFO - [2026-05-19T13:59:04.789+0000] {dag.py:3096} INFO - Sync 1 DAGs
[2026-05-19T13:59:04.811+0000] {logging_mixin.py:188} INFO - [2026-05-19T13:59:04.810+0000] {dag.py:3954} INFO - Setting next_dagrun for example_sensors to None, run_after=None
[2026-05-19T13:59:04.840+0000] {processor.py:183} INFO - Processing /home/airflow/.local/lib/python3.12/site-packages/airflow/example_dags/example_sensors.py took 0.121 seconds
[2026-05-19T13:59:35.311+0000] {processor.py:161} INFO - Started process (PID=3414) to work on /home/airflow/.local/lib/python3.12/site-packages/airflow/example_dags/example_sensors.py
[2026-05-19T13:59:35.312+0000] {processor.py:830} INFO - Processing file /home/airflow/.local/lib/python3.12/site-packages/airflow/example_dags/example_sensors.py for tasks to queue
[2026-05-19T13:59:35.316+0000] {logging_mixin.py:188} INFO - [2026-05-19T13:59:35.316+0000] {dagbag.py:545} INFO - Filling up the DagBag from /home/airflow/.local/lib/python3.12/site-packages/airflow/example_dags/example_sensors.py
[2026-05-19T13:59:35.327+0000] {processor.py:840} INFO - DAG(s) 'example_sensors' retrieved from /home/airflow/.local/lib/python3.12/site-packages/airflow/example_dags/example_sensors.py
[2026-05-19T13:59:35.363+0000] {logging_mixin.py:188} INFO - [2026-05-19T13:59:35.363+0000] {dag.py:3096} INFO - Sync 1 DAGs
[2026-05-19T13:59:35.383+0000] {logging_mixin.py:188} INFO - [2026-05-19T13:59:35.383+0000] {dag.py:3954} INFO - Setting next_dagrun for example_sensors to None, run_after=None
[2026-05-19T13:59:35.412+0000] {processor.py:183} INFO - Processing /home/airflow/.local/lib/python3.12/site-packages/airflow/example_dags/example_sensors.py took 0.107 seconds
[2026-05-19T14:00:06.153+0000] {processor.py:161} INFO - Started process (PID=3474) to work on /home/airflow/.local/lib/python3.12/site-packages/airflow/example_dags/example_sensors.py
[2026-05-19T14:00:06.155+0000] {processor.py:830} INFO - Processing file /home/airflow/.local/lib/python3.12/site-packages/airflow/example_dags/example_sensors.py for tasks to queue
[2026-05-19T14:00:06.159+0000] {logging_mixin.py:188} INFO - [2026-05-19T14:00:06.158+0000] {dagbag.py:545} INFO - Filling up the DagBag from /home/airflow/.local/lib/python3.12/site-packages/airflow/example_dags/example_sensors.py
[2026-05-19T14:00:06.174+0000] {processor.py:840} INFO - DAG(s) 'example_sensors' retrieved from /home/airflow/.local/lib/python3.12/site-packages/airflow/example_dags/example_sensors.py
[2026-05-19T14:00:06.222+0000] {logging_mixin.py:188} INFO - [2026-05-19T14:00:06.222+0000] {dag.py:3096} INFO - Sync 1 DAGs
[2026-05-19T14:00:06.243+0000] {logging_mixin.py:188} INFO - [2026-05-19T14:00:06.243+0000] {dag.py:3954} INFO - Setting next_dagrun for example_sensors to None, run_after=None
[2026-05-19T14:00:06.281+0000] {processor.py:183} INFO - Processing /home/airflow/.local/lib/python3.12/site-packages/airflow/example_dags/example_sensors.py took 0.140 seconds
[2026-05-19T14:00:36.715+0000] {processor.py:161} INFO - Started process (PID=3533) to work on /home/airflow/.local/lib/python3.12/site-packages/airflow/example_dags/example_sensors.py
[2026-05-19T14:00:36.718+0000] {processor.py:830} INFO - Processing file /home/airflow/.local/lib/python3.12/site-packages/airflow/example_dags/example_sensors.py for tasks to queue
[2026-05-19T14:00:36.725+0000] {logging_mixin.py:188} INFO - [2026-05-19T14:00:36.723+0000] {dagbag.py:545} INFO - Filling up the DagBag from /home/airflow/.local/lib/python3.12/site-packages/airflow/example_dags/example_sensors.py
[2026-05-19T14:00:36.744+0000] {processor.py:840} INFO - DAG(s) 'example_sensors' retrieved from /home/airflow/.local/lib/python3.12/site-packages/airflow/example_dags/example_sensors.py
[2026-05-19T14:00:36.801+0000] {logging_mixin.py:188} INFO - [2026-05-19T14:00:36.800+0000] {dag.py:3096} INFO - Sync 1 DAGs
[2026-05-19T14:00:36.823+0000] {logging_mixin.py:188} INFO - [2026-05-19T14:00:36.822+0000] {dag.py:3954} INFO - Setting next_dagrun for example_sensors to None, run_after=None
[2026-05-19T14:00:36.871+0000] {processor.py:183} INFO - Processing /home/airflow/.local/lib/python3.12/site-packages/airflow/example_dags/example_sensors.py took 0.167 seconds
[2026-05-19T14:01:07.413+0000] {processor.py:161} INFO - Started process (PID=3593) to work on /home/airflow/.local/lib/python3.12/site-packages/airflow/example_dags/example_sensors.py
[2026-05-19T14:01:07.416+0000] {processor.py:830} INFO - Processing file /home/airflow/.local/lib/python3.12/site-packages/airflow/example_dags/example_sensors.py for tasks to queue
[2026-05-19T14:01:07.423+0000] {logging_mixin.py:188} INFO - [2026-05-19T14:01:07.422+0000] {dagbag.py:545} INFO - Filling up the DagBag from /home/airflow/.local/lib/python3.12/site-packages/airflow/example_dags/example_sensors.py
[2026-05-19T14:01:07.466+0000] {processor.py:840} INFO - DAG(s) 'example_sensors' retrieved from /home/airflow/.local/lib/python3.12/site-packages/airflow/example_dags/example_sensors.py
[2026-05-19T14:01:07.589+0000] {logging_mixin.py:188} INFO - [2026-05-19T14:01:07.588+0000] {dag.py:3096} INFO - Sync 1 DAGs
[2026-05-19T14:01:07.641+0000] {logging_mixin.py:188} INFO - [2026-05-19T14:01:07.640+0000] {dag.py:3954} INFO - Setting next_dagrun for example_sensors to None, run_after=None
[2026-05-19T14:01:07.735+0000] {processor.py:183} INFO - Processing /home/airflow/.local/lib/python3.12/site-packages/airflow/example_dags/example_sensors.py took 0.340 seconds
[2026-05-19T14:01:38.557+0000] {processor.py:161} INFO - Started process (PID=3652) to work on /home/airflow/.local/lib/python3.12/site-packages/airflow/example_dags/example_sensors.py
[2026-05-19T14:01:38.560+0000] {processor.py:830} INFO - Processing file /home/airflow/.local/lib/python3.12/site-packages/airflow/example_dags/example_sensors.py for tasks to queue
[2026-05-19T14:01:38.567+0000] {logging_mixin.py:188} INFO - [2026-05-19T14:01:38.566+0000] {dagbag.py:545} INFO - Filling up the DagBag from /home/airflow/.local/lib/python3.12/site-packages/airflow/example_dags/example_sensors.py
[2026-05-19T14:01:38.595+0000] {processor.py:840} INFO - DAG(s) 'example_sensors' retrieved from /home/airflow/.local/lib/python3.12/site-packages/airflow/example_dags/example_sensors.py
[2026-05-19T14:01:38.678+0000] {logging_mixin.py:188} INFO - [2026-05-19T14:01:38.677+0000] {dag.py:3096} INFO - Sync 1 DAGs
[2026-05-19T14:01:38.711+0000] {logging_mixin.py:188} INFO - [2026-05-19T14:01:38.711+0000] {dag.py:3954} INFO - Setting next_dagrun for example_sensors to None, run_after=None
[2026-05-19T14:01:38.773+0000] {processor.py:183} INFO - Processing /home/airflow/.local/lib/python3.12/site-packages/airflow/example_dags/example_sensors.py took 0.234 seconds
[2026-05-19T14:02:09.586+0000] {processor.py:161} INFO - Started process (PID=3711) to work on /home/airflow/.local/lib/python3.12/site-packages/airflow/example_dags/example_sensors.py
[2026-05-19T14:02:09.589+0000] {processor.py:830} INFO - Processing file /home/airflow/.local/lib/python3.12/site-packages/airflow/example_dags/example_sensors.py for tasks to queue
[2026-05-19T14:02:09.609+0000] {logging_mixin.py:188} INFO - [2026-05-19T14:02:09.608+0000] {dagbag.py:545} INFO - Filling up the DagBag from /home/airflow/.local/lib/python3.12/site-packages/airflow/example_dags/example_sensors.py
[2026-05-19T14:02:09.638+0000] {processor.py:840} INFO - DAG(s) 'example_sensors' retrieved from /home/airflow/.local/lib/python3.12/site-packages/airflow/example_dags/example_sensors.py
[2026-05-19T14:02:09.720+0000] {logging_mixin.py:188} INFO - [2026-05-19T14:02:09.720+0000] {dag.py:3096} INFO - Sync 1 DAGs
[2026-05-19T14:02:09.765+0000] {logging_mixin.py:188} INFO - [2026-05-19T14:02:09.764+0000] {dag.py:3954} INFO - Setting next_dagrun for example_sensors to None, run_after=None
[2026-05-19T14:02:09.828+0000] {processor.py:183} INFO - Processing /home/airflow/.local/lib/python3.12/site-packages/airflow/example_dags/example_sensors.py took 0.287 seconds
[2026-05-19T14:02:39.964+0000] {processor.py:161} INFO - Started process (PID=3770) to work on /home/airflow/.local/lib/python3.12/site-packages/airflow/example_dags/example_sensors.py
[2026-05-19T14:02:39.965+0000] {processor.py:830} INFO - Processing file /home/airflow/.local/lib/python3.12/site-packages/airflow/example_dags/example_sensors.py for tasks to queue
[2026-05-19T14:02:39.968+0000] {logging_mixin.py:188} INFO - [2026-05-19T14:02:39.968+0000] {dagbag.py:545} INFO - Filling up the DagBag from /home/airflow/.local/lib/python3.12/site-packages/airflow/example_dags/example_sensors.py
[2026-05-19T14:02:39.979+0000] {processor.py:840} INFO - DAG(s) 'example_sensors' retrieved from /home/airflow/.local/lib/python3.12/site-packages/airflow/example_dags/example_sensors.py
[2026-05-19T14:02:40.003+0000] {logging_mixin.py:188} INFO - [2026-05-19T14:02:40.003+0000] {dag.py:3096} INFO - Sync 1 DAGs
[2026-05-19T14:02:40.016+0000] {logging_mixin.py:188} INFO - [2026-05-19T14:02:40.016+0000] {dag.py:3954} INFO - Setting next_dagrun for example_sensors to None, run_after=None
[2026-05-19T14:02:40.042+0000] {processor.py:183} INFO - Processing /home/airflow/.local/lib/python3.12/site-packages/airflow/example_dags/example_sensors.py took 0.085 seconds
[2026-05-19T14:03:10.263+0000] {processor.py:161} INFO - Started process (PID=3829) to work on /home/airflow/.local/lib/python3.12/site-packages/airflow/example_dags/example_sensors.py
[2026-05-19T14:03:10.265+0000] {processor.py:830} INFO - Processing file /home/airflow/.local/lib/python3.12/site-packages/airflow/example_dags/example_sensors.py for tasks to queue
[2026-05-19T14:03:10.266+0000] {logging_mixin.py:188} INFO - [2026-05-19T14:03:10.266+0000] {dagbag.py:545} INFO - Filling up the DagBag from /home/airflow/.local/lib/python3.12/site-packages/airflow/example_dags/example_sensors.py
[2026-05-19T14:03:10.274+0000] {processor.py:840} INFO - DAG(s) 'example_sensors' retrieved from /home/airflow/.local/lib/python3.12/site-packages/airflow/example_dags/example_sensors.py
[2026-05-19T14:03:10.304+0000] {logging_mixin.py:188} INFO - [2026-05-19T14:03:10.303+0000] {dag.py:3096} INFO - Sync 1 DAGs
[2026-05-19T14:03:10.320+0000] {logging_mixin.py:188} INFO - [2026-05-19T14:03:10.319+0000] {dag.py:3954} INFO - Setting next_dagrun for example_sensors to None, run_after=None
[2026-05-19T14:03:10.341+0000] {processor.py:183} INFO - Processing /home/airflow/.local/lib/python3.12/site-packages/airflow/example_dags/example_sensors.py took 0.085 seconds
[2026-05-19T14:03:41.139+0000] {processor.py:161} INFO - Started process (PID=3888) to work on /home/airflow/.local/lib/python3.12/site-packages/airflow/example_dags/example_sensors.py
[2026-05-19T14:03:41.140+0000] {processor.py:830} INFO - Processing file /home/airflow/.local/lib/python3.12/site-packages/airflow/example_dags/example_sensors.py for tasks to queue
[2026-05-19T14:03:41.143+0000] {logging_mixin.py:188} INFO - [2026-05-19T14:03:41.142+0000] {dagbag.py:545} INFO - Filling up the DagBag from /home/airflow/.local/lib/python3.12/site-packages/airflow/example_dags/example_sensors.py
[2026-05-19T14:03:41.152+0000] {processor.py:840} INFO - DAG(s) 'example_sensors' retrieved from /home/airflow/.local/lib/python3.12/site-packages/airflow/example_dags/example_sensors.py
[2026-05-19T14:03:41.182+0000] {logging_mixin.py:188} INFO - [2026-05-19T14:03:41.181+0000] {dag.py:3096} INFO - Sync 1 DAGs
[2026-05-19T14:03:41.195+0000] {logging_mixin.py:188} INFO - [2026-05-19T14:03:41.195+0000] {dag.py:3954} INFO - Setting next_dagrun for example_sensors to None, run_after=None
[2026-05-19T14:03:41.213+0000] {processor.py:183} INFO - Processing /home/airflow/.local/lib/python3.12/site-packages/airflow/example_dags/example_sensors.py took 0.081 seconds
[2026-05-19T14:04:11.462+0000] {processor.py:161} INFO - Started process (PID=3947) to work on /home/airflow/.local/lib/python3.12/site-packages/airflow/example_dags/example_sensors.py
[2026-05-19T14:04:11.464+0000] {processor.py:830} INFO - Processing file /home/airflow/.local/lib/python3.12/site-packages/airflow/example_dags/example_sensors.py for tasks to queue
[2026-05-19T14:04:11.467+0000] {logging_mixin.py:188} INFO - [2026-05-19T14:04:11.466+0000] {dagbag.py:545} INFO - Filling up the DagBag from /home/airflow/.local/lib/python3.12/site-packages/airflow/example_dags/example_sensors.py
[2026-05-19T14:04:11.476+0000] {processor.py:840} INFO - DAG(s) 'example_sensors' retrieved from /home/airflow/.local/lib/python3.12/site-packages/airflow/example_dags/example_sensors.py
[2026-05-19T14:04:11.501+0000] {logging_mixin.py:188} INFO - [2026-05-19T14:04:11.501+0000] {dag.py:3096} INFO - Sync 1 DAGs
[2026-05-19T14:04:11.514+0000] {logging_mixin.py:188} INFO - [2026-05-19T14:04:11.514+0000] {dag.py:3954} INFO - Setting next_dagrun for example_sensors to None, run_after=None
[2026-05-19T14:04:11.541+0000] {processor.py:183} INFO - Processing /home/airflow/.local/lib/python3.12/site-packages/airflow/example_dags/example_sensors.py took 0.089 seconds
[2026-05-19T14:04:42.121+0000] {processor.py:161} INFO - Started process (PID=4006) to work on /home/airflow/.local/lib/python3.12/site-packages/airflow/example_dags/example_sensors.py
[2026-05-19T14:04:42.122+0000] {processor.py:830} INFO - Processing file /home/airflow/.local/lib/python3.12/site-packages/airflow/example_dags/example_sensors.py for tasks to queue
[2026-05-19T14:04:42.125+0000] {logging_mixin.py:188} INFO - [2026-05-19T14:04:42.125+0000] {dagbag.py:545} INFO - Filling up the DagBag from /home/airflow/.local/lib/python3.12/site-packages/airflow/example_dags/example_sensors.py
[2026-05-19T14:04:42.145+0000] {processor.py:840} INFO - DAG(s) 'example_sensors' retrieved from /home/airflow/.local/lib/python3.12/site-packages/airflow/example_dags/example_sensors.py
[2026-05-19T14:04:42.180+0000] {logging_mixin.py:188} INFO - [2026-05-19T14:04:42.180+0000] {dag.py:3096} INFO - Sync 1 DAGs
[2026-05-19T14:04:42.195+0000] {logging_mixin.py:188} INFO - [2026-05-19T14:04:42.195+0000] {dag.py:3954} INFO - Setting next_dagrun for example_sensors to None, run_after=None
[2026-05-19T14:04:42.231+0000] {processor.py:183} INFO - Processing /home/airflow/.local/lib/python3.12/site-packages/airflow/example_dags/example_sensors.py took 0.118 seconds
[2026-05-19T14:05:12.399+0000] {processor.py:161} INFO - Started process (PID=4065) to work on /home/airflow/.local/lib/python3.12/site-packages/airflow/example_dags/example_sensors.py
[2026-05-19T14:05:12.401+0000] {processor.py:830} INFO - Processing file /home/airflow/.local/lib/python3.12/site-packages/airflow/example_dags/example_sensors.py for tasks to queue
[2026-05-19T14:05:12.406+0000] {logging_mixin.py:188} INFO - [2026-05-19T14:05:12.405+0000] {dagbag.py:545} INFO - Filling up the DagBag from /home/airflow/.local/lib/python3.12/site-packages/airflow/example_dags/example_sensors.py
[2026-05-19T14:05:12.421+0000] {processor.py:840} INFO - DAG(s) 'example_sensors' retrieved from /home/airflow/.local/lib/python3.12/site-packages/airflow/example_dags/example_sensors.py
[2026-05-19T14:05:12.459+0000] {logging_mixin.py:188} INFO - [2026-05-19T14:05:12.459+0000] {dag.py:3096} INFO - Sync 1 DAGs
[2026-05-19T14:05:12.486+0000] {logging_mixin.py:188} INFO - [2026-05-19T14:05:12.486+0000] {dag.py:3954} INFO - Setting next_dagrun for example_sensors to None, run_after=None
[2026-05-19T14:05:12.518+0000] {processor.py:183} INFO - Processing /home/airflow/.local/lib/python3.12/site-packages/airflow/example_dags/example_sensors.py took 0.127 seconds
[2026-05-19T14:05:43.414+0000] {processor.py:161} INFO - Started process (PID=4124) to work on /home/airflow/.local/lib/python3.12/site-packages/airflow/example_dags/example_sensors.py
[2026-05-19T14:05:43.416+0000] {processor.py:830} INFO - Processing file /home/airflow/.local/lib/python3.12/site-packages/airflow/example_dags/example_sensors.py for tasks to queue
[2026-05-19T14:05:43.421+0000] {logging_mixin.py:188} INFO - [2026-05-19T14:05:43.420+0000] {dagbag.py:545} INFO - Filling up the DagBag from /home/airflow/.local/lib/python3.12/site-packages/airflow/example_dags/example_sensors.py
[2026-05-19T14:05:43.437+0000] {processor.py:840} INFO - DAG(s) 'example_sensors' retrieved from /home/airflow/.local/lib/python3.12/site-packages/airflow/example_dags/example_sensors.py
[2026-05-19T14:05:43.475+0000] {logging_mixin.py:188} INFO - [2026-05-19T14:05:43.475+0000] {dag.py:3096} INFO - Sync 1 DAGs
[2026-05-19T14:05:43.495+0000] {logging_mixin.py:188} INFO - [2026-05-19T14:05:43.495+0000] {dag.py:3954} INFO - Setting next_dagrun for example_sensors to None, run_after=None
[2026-05-19T14:05:43.527+0000] {processor.py:183} INFO - Processing /home/airflow/.local/lib/python3.12/site-packages/airflow/example_dags/example_sensors.py took 0.122 seconds
[2026-05-19T14:06:13.909+0000] {processor.py:161} INFO - Started process (PID=4184) to work on /home/airflow/.local/lib/python3.12/site-packages/airflow/example_dags/example_sensors.py
[2026-05-19T14:06:13.910+0000] {processor.py:830} INFO - Processing file /home/airflow/.local/lib/python3.12/site-packages/airflow/example_dags/example_sensors.py for tasks to queue
[2026-05-19T14:06:13.913+0000] {logging_mixin.py:188} INFO - [2026-05-19T14:06:13.912+0000] {dagbag.py:545} INFO - Filling up the DagBag from /home/airflow/.local/lib/python3.12/site-packages/airflow/example_dags/example_sensors.py
[2026-05-19T14:06:13.921+0000] {processor.py:840} INFO - DAG(s) 'example_sensors' retrieved from /home/airflow/.local/lib/python3.12/site-packages/airflow/example_dags/example_sensors.py
[2026-05-19T14:06:13.946+0000] {logging_mixin.py:188} INFO - [2026-05-19T14:06:13.945+0000] {dag.py:3096} INFO - Sync 1 DAGs
[2026-05-19T14:06:13.957+0000] {logging_mixin.py:188} INFO - [2026-05-19T14:06:13.957+0000] {dag.py:3954} INFO - Setting next_dagrun for example_sensors to None, run_after=None
[2026-05-19T14:06:13.981+0000] {processor.py:183} INFO - Processing /home/airflow/.local/lib/python3.12/site-packages/airflow/example_dags/example_sensors.py took 0.078 seconds
[2026-05-19T14:06:44.856+0000] {processor.py:161} INFO - Started process (PID=4243) to work on /home/airflow/.local/lib/python3.12/site-packages/airflow/example_dags/example_sensors.py
[2026-05-19T14:06:44.858+0000] {processor.py:830} INFO - Processing file /home/airflow/.local/lib/python3.12/site-packages/airflow/example_dags/example_sensors.py for tasks to queue
[2026-05-19T14:06:44.862+0000] {logging_mixin.py:188} INFO - [2026-05-19T14:06:44.861+0000] {dagbag.py:545} INFO - Filling up the DagBag from /home/airflow/.local/lib/python3.12/site-packages/airflow/example_dags/example_sensors.py
[2026-05-19T14:06:44.874+0000] {processor.py:840} INFO - DAG(s) 'example_sensors' retrieved from /home/airflow/.local/lib/python3.12/site-packages/airflow/example_dags/example_sensors.py
[2026-05-19T14:06:44.915+0000] {logging_mixin.py:188} INFO - [2026-05-19T14:06:44.915+0000] {dag.py:3096} INFO - Sync 1 DAGs
[2026-05-19T14:06:44.937+0000] {logging_mixin.py:188} INFO - [2026-05-19T14:06:44.937+0000] {dag.py:3954} INFO - Setting next_dagrun for example_sensors to None, run_after=None
[2026-05-19T14:06:44.966+0000] {processor.py:183} INFO - Processing /home/airflow/.local/lib/python3.12/site-packages/airflow/example_dags/example_sensors.py took 0.120 seconds
[2026-05-19T14:07:15.050+0000] {processor.py:161} INFO - Started process (PID=4302) to work on /home/airflow/.local/lib/python3.12/site-packages/airflow/example_dags/example_sensors.py
[2026-05-19T14:07:15.051+0000] {processor.py:830} INFO - Processing file /home/airflow/.local/lib/python3.12/site-packages/airflow/example_dags/example_sensors.py for tasks to queue
[2026-05-19T14:07:15.055+0000] {logging_mixin.py:188} INFO - [2026-05-19T14:07:15.054+0000] {dagbag.py:545} INFO - Filling up the DagBag from /home/airflow/.local/lib/python3.12/site-packages/airflow/example_dags/example_sensors.py
[2026-05-19T14:07:15.071+0000] {processor.py:840} INFO - DAG(s) 'example_sensors' retrieved from /home/airflow/.local/lib/python3.12/site-packages/airflow/example_dags/example_sensors.py
[2026-05-19T14:07:15.105+0000] {logging_mixin.py:188} INFO - [2026-05-19T14:07:15.104+0000] {dag.py:3096} INFO - Sync 1 DAGs
[2026-05-19T14:07:15.118+0000] {logging_mixin.py:188} INFO - [2026-05-19T14:07:15.118+0000] {dag.py:3954} INFO - Setting next_dagrun for example_sensors to None, run_after=None
[2026-05-19T14:07:15.159+0000] {processor.py:183} INFO - Processing /home/airflow/.local/lib/python3.12/site-packages/airflow/example_dags/example_sensors.py took 0.115 seconds
[2026-05-19T14:07:45.888+0000] {processor.py:161} INFO - Started process (PID=4361) to work on /home/airflow/.local/lib/python3.12/site-packages/airflow/example_dags/example_sensors.py
[2026-05-19T14:07:45.889+0000] {processor.py:830} INFO - Processing file /home/airflow/.local/lib/python3.12/site-packages/airflow/example_dags/example_sensors.py for tasks to queue
[2026-05-19T14:07:45.892+0000] {logging_mixin.py:188} INFO - [2026-05-19T14:07:45.892+0000] {dagbag.py:545} INFO - Filling up the DagBag from /home/airflow/.local/lib/python3.12/site-packages/airflow/example_dags/example_sensors.py
[2026-05-19T14:07:45.903+0000] {processor.py:840} INFO - DAG(s) 'example_sensors' retrieved from /home/airflow/.local/lib/python3.12/site-packages/airflow/example_dags/example_sensors.py
[2026-05-19T14:07:45.939+0000] {logging_mixin.py:188} INFO - [2026-05-19T14:07:45.938+0000] {dag.py:3096} INFO - Sync 1 DAGs
[2026-05-19T14:07:45.957+0000] {logging_mixin.py:188} INFO - [2026-05-19T14:07:45.956+0000] {dag.py:3954} INFO - Setting next_dagrun for example_sensors to None, run_after=None
[2026-05-19T14:07:45.981+0000] {processor.py:183} INFO - Processing /home/airflow/.local/lib/python3.12/site-packages/airflow/example_dags/example_sensors.py took 0.100 seconds
[2026-05-19T14:08:16.441+0000] {processor.py:161} INFO - Started process (PID=4420) to work on /home/airflow/.local/lib/python3.12/site-packages/airflow/example_dags/example_sensors.py
[2026-05-19T14:08:16.443+0000] {processor.py:830} INFO - Processing file /home/airflow/.local/lib/python3.12/site-packages/airflow/example_dags/example_sensors.py for tasks to queue
[2026-05-19T14:08:16.445+0000] {logging_mixin.py:188} INFO - [2026-05-19T14:08:16.445+0000] {dagbag.py:545} INFO - Filling up the DagBag from /home/airflow/.local/lib/python3.12/site-packages/airflow/example_dags/example_sensors.py
[2026-05-19T14:08:16.453+0000] {processor.py:840} INFO - DAG(s) 'example_sensors' retrieved from /home/airflow/.local/lib/python3.12/site-packages/airflow/example_dags/example_sensors.py
[2026-05-19T14:08:16.485+0000] {logging_mixin.py:188} INFO - [2026-05-19T14:08:16.485+0000] {dag.py:3096} INFO - Sync 1 DAGs
[2026-05-19T14:08:16.507+0000] {logging_mixin.py:188} INFO - [2026-05-19T14:08:16.506+0000] {dag.py:3954} INFO - Setting next_dagrun for example_sensors to None, run_after=None
[2026-05-19T14:08:16.529+0000] {processor.py:183} INFO - Processing /home/airflow/.local/lib/python3.12/site-packages/airflow/example_dags/example_sensors.py took 0.098 seconds
[2026-05-19T14:08:46.902+0000] {processor.py:161} INFO - Started process (PID=4479) to work on /home/airflow/.local/lib/python3.12/site-packages/airflow/example_dags/example_sensors.py
[2026-05-19T14:08:46.904+0000] {processor.py:830} INFO - Processing file /home/airflow/.local/lib/python3.12/site-packages/airflow/example_dags/example_sensors.py for tasks to queue
[2026-05-19T14:08:46.906+0000] {logging_mixin.py:188} INFO - [2026-05-19T14:08:46.906+0000] {dagbag.py:545} INFO - Filling up the DagBag from /home/airflow/.local/lib/python3.12/site-packages/airflow/example_dags/example_sensors.py
[2026-05-19T14:08:46.915+0000] {processor.py:840} INFO - DAG(s) 'example_sensors' retrieved from /home/airflow/.local/lib/python3.12/site-packages/airflow/example_dags/example_sensors.py
[2026-05-19T14:08:46.946+0000] {logging_mixin.py:188} INFO - [2026-05-19T14:08:46.946+0000] {dag.py:3096} INFO - Sync 1 DAGs
[2026-05-19T14:08:46.957+0000] {logging_mixin.py:188} INFO - [2026-05-19T14:08:46.956+0000] {dag.py:3954} INFO - Setting next_dagrun for example_sensors to None, run_after=None
[2026-05-19T14:08:46.988+0000] {processor.py:183} INFO - Processing /home/airflow/.local/lib/python3.12/site-packages/airflow/example_dags/example_sensors.py took 0.094 seconds
[2026-05-19T14:09:17.448+0000] {processor.py:161} INFO - Started process (PID=4538) to work on /home/airflow/.local/lib/python3.12/site-packages/airflow/example_dags/example_sensors.py
[2026-05-19T14:09:17.450+0000] {processor.py:830} INFO - Processing file /home/airflow/.local/lib/python3.12/site-packages/airflow/example_dags/example_sensors.py for tasks to queue
[2026-05-19T14:09:17.453+0000] {logging_mixin.py:188} INFO - [2026-05-19T14:09:17.453+0000] {dagbag.py:545} INFO - Filling up the DagBag from /home/airflow/.local/lib/python3.12/site-packages/airflow/example_dags/example_sensors.py
[2026-05-19T14:09:17.474+0000] {processor.py:840} INFO - DAG(s) 'example_sensors' retrieved from /home/airflow/.local/lib/python3.12/site-packages/airflow/example_dags/example_sensors.py
[2026-05-19T14:09:17.510+0000] {logging_mixin.py:188} INFO - [2026-05-19T14:09:17.510+0000] {dag.py:3096} INFO - Sync 1 DAGs
[2026-05-19T14:09:17.537+0000] {logging_mixin.py:188} INFO - [2026-05-19T14:09:17.537+0000] {dag.py:3954} INFO - Setting next_dagrun for example_sensors to None, run_after=None
[2026-05-19T14:09:17.556+0000] {processor.py:183} INFO - Processing /home/airflow/.local/lib/python3.12/site-packages/airflow/example_dags/example_sensors.py took 0.116 seconds
[2026-05-19T14:09:47.695+0000] {processor.py:161} INFO - Started process (PID=4598) to work on /home/airflow/.local/lib/python3.12/site-packages/airflow/example_dags/example_sensors.py
[2026-05-19T14:09:47.696+0000] {processor.py:830} INFO - Processing file /home/airflow/.local/lib/python3.12/site-packages/airflow/example_dags/example_sensors.py for tasks to queue
[2026-05-19T14:09:47.698+0000] {logging_mixin.py:188} INFO - [2026-05-19T14:09:47.697+0000] {dagbag.py:545} INFO - Filling up the DagBag from /home/airflow/.local/lib/python3.12/site-packages/airflow/example_dags/example_sensors.py
[2026-05-19T14:09:47.706+0000] {processor.py:840} INFO - DAG(s) 'example_sensors' retrieved from /home/airflow/.local/lib/python3.12/site-packages/airflow/example_dags/example_sensors.py
[2026-05-19T14:09:47.741+0000] {logging_mixin.py:188} INFO - [2026-05-19T14:09:47.741+0000] {dag.py:3096} INFO - Sync 1 DAGs
[2026-05-19T14:09:47.753+0000] {logging_mixin.py:188} INFO - [2026-05-19T14:09:47.753+0000] {dag.py:3954} INFO - Setting next_dagrun for example_sensors to None, run_after=None
[2026-05-19T14:09:47.783+0000] {processor.py:183} INFO - Processing /home/airflow/.local/lib/python3.12/site-packages/airflow/example_dags/example_sensors.py took 0.094 seconds
[2026-05-19T14:10:17.876+0000] {processor.py:161} INFO - Started process (PID=4657) to work on /home/airflow/.local/lib/python3.12/site-packages/airflow/example_dags/example_sensors.py
[2026-05-19T14:10:17.878+0000] {processor.py:830} INFO - Processing file /home/airflow/.local/lib/python3.12/site-packages/airflow/example_dags/example_sensors.py for tasks to queue
[2026-05-19T14:10:17.880+0000] {logging_mixin.py:188} INFO - [2026-05-19T14:10:17.880+0000] {dagbag.py:545} INFO - Filling up the DagBag from /home/airflow/.local/lib/python3.12/site-packages/airflow/example_dags/example_sensors.py
[2026-05-19T14:10:17.888+0000] {processor.py:840} INFO - DAG(s) 'example_sensors' retrieved from /home/airflow/.local/lib/python3.12/site-packages/airflow/example_dags/example_sensors.py
[2026-05-19T14:10:17.915+0000] {logging_mixin.py:188} INFO - [2026-05-19T14:10:17.914+0000] {dag.py:3096} INFO - Sync 1 DAGs
[2026-05-19T14:10:17.930+0000] {logging_mixin.py:188} INFO - [2026-05-19T14:10:17.930+0000] {dag.py:3954} INFO - Setting next_dagrun for example_sensors to None, run_after=None
[2026-05-19T14:10:17.950+0000] {processor.py:183} INFO - Processing /home/airflow/.local/lib/python3.12/site-packages/airflow/example_dags/example_sensors.py took 0.080 seconds
[2026-05-19T14:10:48.113+0000] {processor.py:161} INFO - Started process (PID=4716) to work on /home/airflow/.local/lib/python3.12/site-packages/airflow/example_dags/example_sensors.py
[2026-05-19T14:10:48.114+0000] {processor.py:830} INFO - Processing file /home/airflow/.local/lib/python3.12/site-packages/airflow/example_dags/example_sensors.py for tasks to queue
[2026-05-19T14:10:48.117+0000] {logging_mixin.py:188} INFO - [2026-05-19T14:10:48.116+0000] {dagbag.py:545} INFO - Filling up the DagBag from /home/airflow/.local/lib/python3.12/site-packages/airflow/example_dags/example_sensors.py
[2026-05-19T14:10:48.129+0000] {processor.py:840} INFO - DAG(s) 'example_sensors' retrieved from /home/airflow/.local/lib/python3.12/site-packages/airflow/example_dags/example_sensors.py
[2026-05-19T14:10:48.161+0000] {logging_mixin.py:188} INFO - [2026-05-19T14:10:48.160+0000] {dag.py:3096} INFO - Sync 1 DAGs
[2026-05-19T14:10:48.174+0000] {logging_mixin.py:188} INFO - [2026-05-19T14:10:48.173+0000] {dag.py:3954} INFO - Setting next_dagrun for example_sensors to None, run_after=None
[2026-05-19T14:10:48.199+0000] {processor.py:183} INFO - Processing /home/airflow/.local/lib/python3.12/site-packages/airflow/example_dags/example_sensors.py took 0.091 seconds
[2026-05-19T14:11:18.467+0000] {processor.py:161} INFO - Started process (PID=4775) to work on /home/airflow/.local/lib/python3.12/site-packages/airflow/example_dags/example_sensors.py
[2026-05-19T14:11:18.468+0000] {processor.py:830} INFO - Processing file /home/airflow/.local/lib/python3.12/site-packages/airflow/example_dags/example_sensors.py for tasks to queue
[2026-05-19T14:11:18.471+0000] {logging_mixin.py:188} INFO - [2026-05-19T14:11:18.471+0000] {dagbag.py:545} INFO - Filling up the DagBag from /home/airflow/.local/lib/python3.12/site-packages/airflow/example_dags/example_sensors.py
[2026-05-19T14:11:18.488+0000] {processor.py:840} INFO - DAG(s) 'example_sensors' retrieved from /home/airflow/.local/lib/python3.12/site-packages/airflow/example_dags/example_sensors.py
[2026-05-19T14:11:18.522+0000] {logging_mixin.py:188} INFO - [2026-05-19T14:11:18.522+0000] {dag.py:3096} INFO - Sync 1 DAGs
[2026-05-19T14:11:18.535+0000] {logging_mixin.py:188} INFO - [2026-05-19T14:11:18.535+0000] {dag.py:3954} INFO - Setting next_dagrun for example_sensors to None, run_after=None
[2026-05-19T14:11:18.567+0000] {processor.py:183} INFO - Processing /home/airflow/.local/lib/python3.12/site-packages/airflow/example_dags/example_sensors.py took 0.106 seconds
[2026-05-19T14:11:48.815+0000] {processor.py:161} INFO - Started process (PID=4834) to work on /home/airflow/.local/lib/python3.12/site-packages/airflow/example_dags/example_sensors.py
[2026-05-19T14:11:48.819+0000] {processor.py:830} INFO - Processing file /home/airflow/.local/lib/python3.12/site-packages/airflow/example_dags/example_sensors.py for tasks to queue
[2026-05-19T14:11:48.823+0000] {logging_mixin.py:188} INFO - [2026-05-19T14:11:48.822+0000] {dagbag.py:545} INFO - Filling up the DagBag from /home/airflow/.local/lib/python3.12/site-packages/airflow/example_dags/example_sensors.py
[2026-05-19T14:11:48.834+0000] {processor.py:840} INFO - DAG(s) 'example_sensors' retrieved from /home/airflow/.local/lib/python3.12/site-packages/airflow/example_dags/example_sensors.py
[2026-05-19T14:11:48.861+0000] {logging_mixin.py:188} INFO - [2026-05-19T14:11:48.861+0000] {dag.py:3096} INFO - Sync 1 DAGs
[2026-05-19T14:11:48.874+0000] {logging_mixin.py:188} INFO - [2026-05-19T14:11:48.873+0000] {dag.py:3954} INFO - Setting next_dagrun for example_sensors to None, run_after=None
[2026-05-19T14:11:48.893+0000] {processor.py:183} INFO - Processing /home/airflow/.local/lib/python3.12/site-packages/airflow/example_dags/example_sensors.py took 0.085 seconds
[2026-05-19T14:12:19.484+0000] {processor.py:161} INFO - Started process (PID=4893) to work on /home/airflow/.local/lib/python3.12/site-packages/airflow/example_dags/example_sensors.py
[2026-05-19T14:12:19.486+0000] {processor.py:830} INFO - Processing file /home/airflow/.local/lib/python3.12/site-packages/airflow/example_dags/example_sensors.py for tasks to queue
[2026-05-19T14:12:19.488+0000] {logging_mixin.py:188} INFO - [2026-05-19T14:12:19.487+0000] {dagbag.py:545} INFO - Filling up the DagBag from /home/airflow/.local/lib/python3.12/site-packages/airflow/example_dags/example_sensors.py
[2026-05-19T14:12:19.497+0000] {processor.py:840} INFO - DAG(s) 'example_sensors' retrieved from /home/airflow/.local/lib/python3.12/site-packages/airflow/example_dags/example_sensors.py
[2026-05-19T14:12:19.534+0000] {logging_mixin.py:188} INFO - [2026-05-19T14:12:19.534+0000] {dag.py:3096} INFO - Sync 1 DAGs
[2026-05-19T14:12:19.549+0000] {logging_mixin.py:188} INFO - [2026-05-19T14:12:19.548+0000] {dag.py:3954} INFO - Setting next_dagrun for example_sensors to None, run_after=None
[2026-05-19T14:12:19.579+0000] {processor.py:183} INFO - Processing /home/airflow/.local/lib/python3.12/site-packages/airflow/example_dags/example_sensors.py took 0.101 seconds
[2026-05-19T14:12:50.423+0000] {processor.py:161} INFO - Started process (PID=4952) to work on /home/airflow/.local/lib/python3.12/site-packages/airflow/example_dags/example_sensors.py
[2026-05-19T14:12:50.424+0000] {processor.py:830} INFO - Processing file /home/airflow/.local/lib/python3.12/site-packages/airflow/example_dags/example_sensors.py for tasks to queue
[2026-05-19T14:12:50.430+0000] {logging_mixin.py:188} INFO - [2026-05-19T14:12:50.428+0000] {dagbag.py:545} INFO - Filling up the DagBag from /home/airflow/.local/lib/python3.12/site-packages/airflow/example_dags/example_sensors.py
[2026-05-19T14:12:50.447+0000] {processor.py:840} INFO - DAG(s) 'example_sensors' retrieved from /home/airflow/.local/lib/python3.12/site-packages/airflow/example_dags/example_sensors.py
[2026-05-19T14:12:50.494+0000] {logging_mixin.py:188} INFO - [2026-05-19T14:12:50.494+0000] {dag.py:3096} INFO - Sync 1 DAGs
[2026-05-19T14:12:50.512+0000] {logging_mixin.py:188} INFO - [2026-05-19T14:12:50.512+0000] {dag.py:3954} INFO - Setting next_dagrun for example_sensors to None, run_after=None
[2026-05-19T14:12:50.547+0000] {processor.py:183} INFO - Processing /home/airflow/.local/lib/python3.12/site-packages/airflow/example_dags/example_sensors.py took 0.132 seconds
[2026-05-19T14:13:20.730+0000] {processor.py:161} INFO - Started process (PID=5011) to work on /home/airflow/.local/lib/python3.12/site-packages/airflow/example_dags/example_sensors.py
[2026-05-19T14:13:20.731+0000] {processor.py:830} INFO - Processing file /home/airflow/.local/lib/python3.12/site-packages/airflow/example_dags/example_sensors.py for tasks to queue
[2026-05-19T14:13:20.734+0000] {logging_mixin.py:188} INFO - [2026-05-19T14:13:20.734+0000] {dagbag.py:545} INFO - Filling up the DagBag from /home/airflow/.local/lib/python3.12/site-packages/airflow/example_dags/example_sensors.py
[2026-05-19T14:13:20.748+0000] {processor.py:840} INFO - DAG(s) 'example_sensors' retrieved from /home/airflow/.local/lib/python3.12/site-packages/airflow/example_dags/example_sensors.py
[2026-05-19T14:13:20.790+0000] {logging_mixin.py:188} INFO - [2026-05-19T14:13:20.790+0000] {dag.py:3096} INFO - Sync 1 DAGs
[2026-05-19T14:13:20.814+0000] {logging_mixin.py:188} INFO - [2026-05-19T14:13:20.814+0000] {dag.py:3954} INFO - Setting next_dagrun for example_sensors to None, run_after=None
[2026-05-19T14:13:20.859+0000] {processor.py:183} INFO - Processing /home/airflow/.local/lib/python3.12/site-packages/airflow/example_dags/example_sensors.py took 0.142 seconds
[2026-05-19T14:13:51.782+0000] {processor.py:161} INFO - Started process (PID=5076) to work on /home/airflow/.local/lib/python3.12/site-packages/airflow/example_dags/example_sensors.py
[2026-05-19T14:13:51.784+0000] {processor.py:830} INFO - Processing file /home/airflow/.local/lib/python3.12/site-packages/airflow/example_dags/example_sensors.py for tasks to queue
[2026-05-19T14:13:51.786+0000] {logging_mixin.py:188} INFO - [2026-05-19T14:13:51.786+0000] {dagbag.py:545} INFO - Filling up the DagBag from /home/airflow/.local/lib/python3.12/site-packages/airflow/example_dags/example_sensors.py
[2026-05-19T14:13:51.797+0000] {processor.py:840} INFO - DAG(s) 'example_sensors' retrieved from /home/airflow/.local/lib/python3.12/site-packages/airflow/example_dags/example_sensors.py
[2026-05-19T14:13:51.839+0000] {logging_mixin.py:188} INFO - [2026-05-19T14:13:51.839+0000] {dag.py:3096} INFO - Sync 1 DAGs
[2026-05-19T14:13:51.853+0000] {logging_mixin.py:188} INFO - [2026-05-19T14:13:51.853+0000] {dag.py:3954} INFO - Setting next_dagrun for example_sensors to None, run_after=None
[2026-05-19T14:13:51.887+0000] {processor.py:183} INFO - Processing /home/airflow/.local/lib/python3.12/site-packages/airflow/example_dags/example_sensors.py took 0.111 seconds
[2026-05-19T14:14:22.038+0000] {processor.py:161} INFO - Started process (PID=5135) to work on /home/airflow/.local/lib/python3.12/site-packages/airflow/example_dags/example_sensors.py
[2026-05-19T14:14:22.040+0000] {processor.py:830} INFO - Processing file /home/airflow/.local/lib/python3.12/site-packages/airflow/example_dags/example_sensors.py for tasks to queue
[2026-05-19T14:14:22.044+0000] {logging_mixin.py:188} INFO - [2026-05-19T14:14:22.044+0000] {dagbag.py:545} INFO - Filling up the DagBag from /home/airflow/.local/lib/python3.12/site-packages/airflow/example_dags/example_sensors.py
[2026-05-19T14:14:22.052+0000] {processor.py:840} INFO - DAG(s) 'example_sensors' retrieved from /home/airflow/.local/lib/python3.12/site-packages/airflow/example_dags/example_sensors.py
[2026-05-19T14:14:22.079+0000] {logging_mixin.py:188} INFO - [2026-05-19T14:14:22.078+0000] {dag.py:3096} INFO - Sync 1 DAGs
[2026-05-19T14:14:22.093+0000] {logging_mixin.py:188} INFO - [2026-05-19T14:14:22.093+0000] {dag.py:3954} INFO - Setting next_dagrun for example_sensors to None, run_after=None
[2026-05-19T14:14:22.123+0000] {processor.py:183} INFO - Processing /home/airflow/.local/lib/python3.12/site-packages/airflow/example_dags/example_sensors.py took 0.094 seconds
[2026-05-19T14:14:52.291+0000] {processor.py:161} INFO - Started process (PID=5194) to work on /home/airflow/.local/lib/python3.12/site-packages/airflow/example_dags/example_sensors.py
[2026-05-19T14:14:52.294+0000] {processor.py:830} INFO - Processing file /home/airflow/.local/lib/python3.12/site-packages/airflow/example_dags/example_sensors.py for tasks to queue
[2026-05-19T14:14:52.297+0000] {logging_mixin.py:188} INFO - [2026-05-19T14:14:52.296+0000] {dagbag.py:545} INFO - Filling up the DagBag from /home/airflow/.local/lib/python3.12/site-packages/airflow/example_dags/example_sensors.py
[2026-05-19T14:14:52.310+0000] {processor.py:840} INFO - DAG(s) 'example_sensors' retrieved from /home/airflow/.local/lib/python3.12/site-packages/airflow/example_dags/example_sensors.py
[2026-05-19T14:14:52.352+0000] {logging_mixin.py:188} INFO - [2026-05-19T14:14:52.352+0000] {dag.py:3096} INFO - Sync 1 DAGs
[2026-05-19T14:14:52.374+0000] {logging_mixin.py:188} INFO - [2026-05-19T14:14:52.373+0000] {dag.py:3954} INFO - Setting next_dagrun for example_sensors to None, run_after=None
[2026-05-19T14:14:52.412+0000] {processor.py:183} INFO - Processing /home/airflow/.local/lib/python3.12/site-packages/airflow/example_dags/example_sensors.py took 0.130 seconds
[2026-05-19T14:15:23.109+0000] {processor.py:161} INFO - Started process (PID=5253) to work on /home/airflow/.local/lib/python3.12/site-packages/airflow/example_dags/example_sensors.py
[2026-05-19T14:15:23.111+0000] {processor.py:830} INFO - Processing file /home/airflow/.local/lib/python3.12/site-packages/airflow/example_dags/example_sensors.py for tasks to queue
[2026-05-19T14:15:23.114+0000] {logging_mixin.py:188} INFO - [2026-05-19T14:15:23.114+0000] {dagbag.py:545} INFO - Filling up the DagBag from /home/airflow/.local/lib/python3.12/site-packages/airflow/example_dags/example_sensors.py
[2026-05-19T14:15:23.130+0000] {processor.py:840} INFO - DAG(s) 'example_sensors' retrieved from /home/airflow/.local/lib/python3.12/site-packages/airflow/example_dags/example_sensors.py
[2026-05-19T14:15:23.168+0000] {logging_mixin.py:188} INFO - [2026-05-19T14:15:23.166+0000] {dag.py:3096} INFO - Sync 1 DAGs
[2026-05-19T14:15:23.189+0000] {logging_mixin.py:188} INFO - [2026-05-19T14:15:23.188+0000] {dag.py:3954} INFO - Setting next_dagrun for example_sensors to None, run_after=None
[2026-05-19T14:15:23.225+0000] {processor.py:183} INFO - Processing /home/airflow/.local/lib/python3.12/site-packages/airflow/example_dags/example_sensors.py took 0.128 seconds
[2026-05-19T14:15:54.207+0000] {processor.py:161} INFO - Started process (PID=5316) to work on /home/airflow/.local/lib/python3.12/site-packages/airflow/example_dags/example_sensors.py
[2026-05-19T14:15:54.210+0000] {processor.py:830} INFO - Processing file /home/airflow/.local/lib/python3.12/site-packages/airflow/example_dags/example_sensors.py for tasks to queue
[2026-05-19T14:15:54.216+0000] {logging_mixin.py:188} INFO - [2026-05-19T14:15:54.215+0000] {dagbag.py:545} INFO - Filling up the DagBag from /home/airflow/.local/lib/python3.12/site-packages/airflow/example_dags/example_sensors.py
[2026-05-19T14:15:54.250+0000] {processor.py:840} INFO - DAG(s) 'example_sensors' retrieved from /home/airflow/.local/lib/python3.12/site-packages/airflow/example_dags/example_sensors.py
[2026-05-19T14:15:54.354+0000] {logging_mixin.py:188} INFO - [2026-05-19T14:15:54.353+0000] {dag.py:3096} INFO - Sync 1 DAGs
[2026-05-19T14:15:54.384+0000] {logging_mixin.py:188} INFO - [2026-05-19T14:15:54.383+0000] {dag.py:3954} INFO - Setting next_dagrun for example_sensors to None, run_after=None
[2026-05-19T14:15:54.446+0000] {processor.py:183} INFO - Processing /home/airflow/.local/lib/python3.12/site-packages/airflow/example_dags/example_sensors.py took 0.257 seconds
[2026-05-19T14:16:24.813+0000] {processor.py:161} INFO - Started process (PID=5374) to work on /home/airflow/.local/lib/python3.12/site-packages/airflow/example_dags/example_sensors.py
[2026-05-19T14:16:24.816+0000] {processor.py:830} INFO - Processing file /home/airflow/.local/lib/python3.12/site-packages/airflow/example_dags/example_sensors.py for tasks to queue
[2026-05-19T14:16:24.822+0000] {logging_mixin.py:188} INFO - [2026-05-19T14:16:24.821+0000] {dagbag.py:545} INFO - Filling up the DagBag from /home/airflow/.local/lib/python3.12/site-packages/airflow/example_dags/example_sensors.py
[2026-05-19T14:16:24.849+0000] {processor.py:840} INFO - DAG(s) 'example_sensors' retrieved from /home/airflow/.local/lib/python3.12/site-packages/airflow/example_dags/example_sensors.py
[2026-05-19T14:16:24.967+0000] {logging_mixin.py:188} INFO - [2026-05-19T14:16:24.966+0000] {dag.py:3096} INFO - Sync 1 DAGs
[2026-05-19T14:16:25.035+0000] {logging_mixin.py:188} INFO - [2026-05-19T14:16:25.033+0000] {dag.py:3954} INFO - Setting next_dagrun for example_sensors to None, run_after=None
[2026-05-19T14:16:25.127+0000] {processor.py:183} INFO - Processing /home/airflow/.local/lib/python3.12/site-packages/airflow/example_dags/example_sensors.py took 0.331 seconds
[2026-05-19T14:16:55.300+0000] {processor.py:161} INFO - Started process (PID=5433) to work on /home/airflow/.local/lib/python3.12/site-packages/airflow/example_dags/example_sensors.py
[2026-05-19T14:16:55.311+0000] {processor.py:830} INFO - Processing file /home/airflow/.local/lib/python3.12/site-packages/airflow/example_dags/example_sensors.py for tasks to queue
[2026-05-19T14:16:55.318+0000] {logging_mixin.py:188} INFO - [2026-05-19T14:16:55.316+0000] {dagbag.py:545} INFO - Filling up the DagBag from /home/airflow/.local/lib/python3.12/site-packages/airflow/example_dags/example_sensors.py
[2026-05-19T14:16:55.355+0000] {processor.py:840} INFO - DAG(s) 'example_sensors' retrieved from /home/airflow/.local/lib/python3.12/site-packages/airflow/example_dags/example_sensors.py
[2026-05-19T14:16:55.457+0000] {logging_mixin.py:188} INFO - [2026-05-19T14:16:55.456+0000] {dag.py:3096} INFO - Sync 1 DAGs
[2026-05-19T14:16:55.513+0000] {logging_mixin.py:188} INFO - [2026-05-19T14:16:55.512+0000] {dag.py:3954} INFO - Setting next_dagrun for example_sensors to None, run_after=None
[2026-05-19T14:16:55.565+0000] {processor.py:183} INFO - Processing /home/airflow/.local/lib/python3.12/site-packages/airflow/example_dags/example_sensors.py took 0.288 seconds
[2026-05-19T14:17:25.687+0000] {processor.py:161} INFO - Started process (PID=5492) to work on /home/airflow/.local/lib/python3.12/site-packages/airflow/example_dags/example_sensors.py
[2026-05-19T14:17:25.688+0000] {processor.py:830} INFO - Processing file /home/airflow/.local/lib/python3.12/site-packages/airflow/example_dags/example_sensors.py for tasks to queue
[2026-05-19T14:17:25.691+0000] {logging_mixin.py:188} INFO - [2026-05-19T14:17:25.690+0000] {dagbag.py:545} INFO - Filling up the DagBag from /home/airflow/.local/lib/python3.12/site-packages/airflow/example_dags/example_sensors.py
[2026-05-19T14:17:25.702+0000] {processor.py:840} INFO - DAG(s) 'example_sensors' retrieved from /home/airflow/.local/lib/python3.12/site-packages/airflow/example_dags/example_sensors.py
[2026-05-19T14:17:25.745+0000] {logging_mixin.py:188} INFO - [2026-05-19T14:17:25.744+0000] {dag.py:3096} INFO - Sync 1 DAGs
[2026-05-19T14:17:25.759+0000] {logging_mixin.py:188} INFO - [2026-05-19T14:17:25.758+0000] {dag.py:3954} INFO - Setting next_dagrun for example_sensors to None, run_after=None
[2026-05-19T14:17:25.794+0000] {processor.py:183} INFO - Processing /home/airflow/.local/lib/python3.12/site-packages/airflow/example_dags/example_sensors.py took 0.116 seconds
[2026-05-19T14:17:56.528+0000] {processor.py:161} INFO - Started process (PID=5549) to work on /home/airflow/.local/lib/python3.12/site-packages/airflow/example_dags/example_sensors.py
[2026-05-19T14:17:56.530+0000] {processor.py:830} INFO - Processing file /home/airflow/.local/lib/python3.12/site-packages/airflow/example_dags/example_sensors.py for tasks to queue
[2026-05-19T14:17:56.532+0000] {logging_mixin.py:188} INFO - [2026-05-19T14:17:56.532+0000] {dagbag.py:545} INFO - Filling up the DagBag from /home/airflow/.local/lib/python3.12/site-packages/airflow/example_dags/example_sensors.py
[2026-05-19T14:17:56.544+0000] {processor.py:840} INFO - DAG(s) 'example_sensors' retrieved from /home/airflow/.local/lib/python3.12/site-packages/airflow/example_dags/example_sensors.py
[2026-05-19T14:17:56.584+0000] {logging_mixin.py:188} INFO - [2026-05-19T14:17:56.583+0000] {dag.py:3096} INFO - Sync 1 DAGs
[2026-05-19T14:17:56.610+0000] {logging_mixin.py:188} INFO - [2026-05-19T14:17:56.609+0000] {dag.py:3954} INFO - Setting next_dagrun for example_sensors to None, run_after=None
[2026-05-19T14:17:56.645+0000] {processor.py:183} INFO - Processing /home/airflow/.local/lib/python3.12/site-packages/airflow/example_dags/example_sensors.py took 0.125 seconds
[2026-05-19T14:18:26.840+0000] {processor.py:161} INFO - Started process (PID=5608) to work on /home/airflow/.local/lib/python3.12/site-packages/airflow/example_dags/example_sensors.py
[2026-05-19T14:18:26.842+0000] {processor.py:830} INFO - Processing file /home/airflow/.local/lib/python3.12/site-packages/airflow/example_dags/example_sensors.py for tasks to queue
[2026-05-19T14:18:26.845+0000] {logging_mixin.py:188} INFO - [2026-05-19T14:18:26.845+0000] {dagbag.py:545} INFO - Filling up the DagBag from /home/airflow/.local/lib/python3.12/site-packages/airflow/example_dags/example_sensors.py
[2026-05-19T14:18:26.856+0000] {processor.py:840} INFO - DAG(s) 'example_sensors' retrieved from /home/airflow/.local/lib/python3.12/site-packages/airflow/example_dags/example_sensors.py
[2026-05-19T14:18:26.892+0000] {logging_mixin.py:188} INFO - [2026-05-19T14:18:26.891+0000] {dag.py:3096} INFO - Sync 1 DAGs
[2026-05-19T14:18:26.905+0000] {logging_mixin.py:188} INFO - [2026-05-19T14:18:26.905+0000] {dag.py:3954} INFO - Setting next_dagrun for example_sensors to None, run_after=None
[2026-05-19T14:18:26.936+0000] {processor.py:183} INFO - Processing /home/airflow/.local/lib/python3.12/site-packages/airflow/example_dags/example_sensors.py took 0.101 seconds
[2026-05-19T14:18:57.303+0000] {processor.py:161} INFO - Started process (PID=5667) to work on /home/airflow/.local/lib/python3.12/site-packages/airflow/example_dags/example_sensors.py
[2026-05-19T14:18:57.305+0000] {processor.py:830} INFO - Processing file /home/airflow/.local/lib/python3.12/site-packages/airflow/example_dags/example_sensors.py for tasks to queue
[2026-05-19T14:18:57.307+0000] {logging_mixin.py:188} INFO - [2026-05-19T14:18:57.306+0000] {dagbag.py:545} INFO - Filling up the DagBag from /home/airflow/.local/lib/python3.12/site-packages/airflow/example_dags/example_sensors.py
[2026-05-19T14:18:57.315+0000] {processor.py:840} INFO - DAG(s) 'example_sensors' retrieved from /home/airflow/.local/lib/python3.12/site-packages/airflow/example_dags/example_sensors.py
[2026-05-19T14:18:57.358+0000] {logging_mixin.py:188} INFO - [2026-05-19T14:18:57.358+0000] {dag.py:3096} INFO - Sync 1 DAGs
[2026-05-19T14:18:57.376+0000] {logging_mixin.py:188} INFO - [2026-05-19T14:18:57.376+0000] {dag.py:3954} INFO - Setting next_dagrun for example_sensors to None, run_after=None
[2026-05-19T14:18:57.402+0000] {processor.py:183} INFO - Processing /home/airflow/.local/lib/python3.12/site-packages/airflow/example_dags/example_sensors.py took 0.107 seconds
[2026-05-19T14:19:27.838+0000] {processor.py:161} INFO - Started process (PID=5726) to work on /home/airflow/.local/lib/python3.12/site-packages/airflow/example_dags/example_sensors.py
[2026-05-19T14:19:27.839+0000] {processor.py:830} INFO - Processing file /home/airflow/.local/lib/python3.12/site-packages/airflow/example_dags/example_sensors.py for tasks to queue
[2026-05-19T14:19:27.843+0000] {logging_mixin.py:188} INFO - [2026-05-19T14:19:27.842+0000] {dagbag.py:545} INFO - Filling up the DagBag from /home/airflow/.local/lib/python3.12/site-packages/airflow/example_dags/example_sensors.py
[2026-05-19T14:19:27.854+0000] {processor.py:840} INFO - DAG(s) 'example_sensors' retrieved from /home/airflow/.local/lib/python3.12/site-packages/airflow/example_dags/example_sensors.py
[2026-05-19T14:19:27.898+0000] {logging_mixin.py:188} INFO - [2026-05-19T14:19:27.898+0000] {dag.py:3096} INFO - Sync 1 DAGs
[2026-05-19T14:19:27.917+0000] {logging_mixin.py:188} INFO - [2026-05-19T14:19:27.916+0000] {dag.py:3954} INFO - Setting next_dagrun for example_sensors to None, run_after=None
[2026-05-19T14:19:27.951+0000] {processor.py:183} INFO - Processing /home/airflow/.local/lib/python3.12/site-packages/airflow/example_dags/example_sensors.py took 0.122 seconds
[2026-05-19T14:19:58.566+0000] {processor.py:161} INFO - Started process (PID=5785) to work on /home/airflow/.local/lib/python3.12/site-packages/airflow/example_dags/example_sensors.py
[2026-05-19T14:19:58.574+0000] {processor.py:830} INFO - Processing file /home/airflow/.local/lib/python3.12/site-packages/airflow/example_dags/example_sensors.py for tasks to queue
[2026-05-19T14:19:58.581+0000] {logging_mixin.py:188} INFO - [2026-05-19T14:19:58.579+0000] {dagbag.py:545} INFO - Filling up the DagBag from /home/airflow/.local/lib/python3.12/site-packages/airflow/example_dags/example_sensors.py
[2026-05-19T14:19:58.620+0000] {processor.py:840} INFO - DAG(s) 'example_sensors' retrieved from /home/airflow/.local/lib/python3.12/site-packages/airflow/example_dags/example_sensors.py
[2026-05-19T14:19:58.704+0000] {logging_mixin.py:188} INFO - [2026-05-19T14:19:58.703+0000] {dag.py:3096} INFO - Sync 1 DAGs
[2026-05-19T14:19:58.734+0000] {logging_mixin.py:188} INFO - [2026-05-19T14:19:58.733+0000] {dag.py:3954} INFO - Setting next_dagrun for example_sensors to None, run_after=None
[2026-05-19T14:19:58.779+0000] {processor.py:183} INFO - Processing /home/airflow/.local/lib/python3.12/site-packages/airflow/example_dags/example_sensors.py took 0.237 seconds
[2026-05-19T14:20:28.915+0000] {processor.py:161} INFO - Started process (PID=5844) to work on /home/airflow/.local/lib/python3.12/site-packages/airflow/example_dags/example_sensors.py
[2026-05-19T14:20:28.916+0000] {processor.py:830} INFO - Processing file /home/airflow/.local/lib/python3.12/site-packages/airflow/example_dags/example_sensors.py for tasks to queue
[2026-05-19T14:20:28.918+0000] {logging_mixin.py:188} INFO - [2026-05-19T14:20:28.918+0000] {dagbag.py:545} INFO - Filling up the DagBag from /home/airflow/.local/lib/python3.12/site-packages/airflow/example_dags/example_sensors.py
[2026-05-19T14:20:28.931+0000] {processor.py:840} INFO - DAG(s) 'example_sensors' retrieved from /home/airflow/.local/lib/python3.12/site-packages/airflow/example_dags/example_sensors.py
[2026-05-19T14:20:28.958+0000] {logging_mixin.py:188} INFO - [2026-05-19T14:20:28.957+0000] {dag.py:3096} INFO - Sync 1 DAGs
[2026-05-19T14:20:28.975+0000] {logging_mixin.py:188} INFO - [2026-05-19T14:20:28.975+0000] {dag.py:3954} INFO - Setting next_dagrun for example_sensors to None, run_after=None
[2026-05-19T14:20:29.002+0000] {processor.py:183} INFO - Processing /home/airflow/.local/lib/python3.12/site-packages/airflow/example_dags/example_sensors.py took 0.093 seconds
[2026-05-19T14:20:59.240+0000] {processor.py:161} INFO - Started process (PID=5903) to work on /home/airflow/.local/lib/python3.12/site-packages/airflow/example_dags/example_sensors.py
[2026-05-19T14:20:59.241+0000] {processor.py:830} INFO - Processing file /home/airflow/.local/lib/python3.12/site-packages/airflow/example_dags/example_sensors.py for tasks to queue
[2026-05-19T14:20:59.243+0000] {logging_mixin.py:188} INFO - [2026-05-19T14:20:59.243+0000] {dagbag.py:545} INFO - Filling up the DagBag from /home/airflow/.local/lib/python3.12/site-packages/airflow/example_dags/example_sensors.py
[2026-05-19T14:20:59.250+0000] {processor.py:840} INFO - DAG(s) 'example_sensors' retrieved from /home/airflow/.local/lib/python3.12/site-packages/airflow/example_dags/example_sensors.py
[2026-05-19T14:20:59.272+0000] {logging_mixin.py:188} INFO - [2026-05-19T14:20:59.271+0000] {dag.py:3096} INFO - Sync 1 DAGs
[2026-05-19T14:20:59.281+0000] {logging_mixin.py:188} INFO - [2026-05-19T14:20:59.281+0000] {dag.py:3954} INFO - Setting next_dagrun for example_sensors to None, run_after=None
[2026-05-19T14:20:59.298+0000] {processor.py:183} INFO - Processing /home/airflow/.local/lib/python3.12/site-packages/airflow/example_dags/example_sensors.py took 0.063 seconds
[2026-05-19T14:21:29.426+0000] {processor.py:161} INFO - Started process (PID=5962) to work on /home/airflow/.local/lib/python3.12/site-packages/airflow/example_dags/example_sensors.py
[2026-05-19T14:21:29.427+0000] {processor.py:830} INFO - Processing file /home/airflow/.local/lib/python3.12/site-packages/airflow/example_dags/example_sensors.py for tasks to queue
[2026-05-19T14:21:29.429+0000] {logging_mixin.py:188} INFO - [2026-05-19T14:21:29.429+0000] {dagbag.py:545} INFO - Filling up the DagBag from /home/airflow/.local/lib/python3.12/site-packages/airflow/example_dags/example_sensors.py
[2026-05-19T14:21:29.439+0000] {processor.py:840} INFO - DAG(s) 'example_sensors' retrieved from /home/airflow/.local/lib/python3.12/site-packages/airflow/example_dags/example_sensors.py
[2026-05-19T14:21:29.464+0000] {logging_mixin.py:188} INFO - [2026-05-19T14:21:29.464+0000] {dag.py:3096} INFO - Sync 1 DAGs
[2026-05-19T14:21:29.477+0000] {logging_mixin.py:188} INFO - [2026-05-19T14:21:29.477+0000] {dag.py:3954} INFO - Setting next_dagrun for example_sensors to None, run_after=None
[2026-05-19T14:21:29.513+0000] {processor.py:183} INFO - Processing /home/airflow/.local/lib/python3.12/site-packages/airflow/example_dags/example_sensors.py took 0.092 seconds
[2026-05-19T17:35:42.927+0000] {processor.py:161} INFO - Started process (PID=6025) to work on /home/airflow/.local/lib/python3.12/site-packages/airflow/example_dags/example_sensors.py
[2026-05-19T17:35:42.930+0000] {processor.py:830} INFO - Processing file /home/airflow/.local/lib/python3.12/site-packages/airflow/example_dags/example_sensors.py for tasks to queue
[2026-05-19T17:35:42.934+0000] {logging_mixin.py:188} INFO - [2026-05-19T17:35:42.933+0000] {dagbag.py:545} INFO - Filling up the DagBag from /home/airflow/.local/lib/python3.12/site-packages/airflow/example_dags/example_sensors.py
[2026-05-19T17:35:42.953+0000] {processor.py:840} INFO - DAG(s) 'example_sensors' retrieved from /home/airflow/.local/lib/python3.12/site-packages/airflow/example_dags/example_sensors.py
[2026-05-19T17:35:43.012+0000] {logging_mixin.py:188} INFO - [2026-05-19T17:35:43.011+0000] {dag.py:3096} INFO - Sync 1 DAGs
[2026-05-19T17:35:43.077+0000] {logging_mixin.py:188} INFO - [2026-05-19T17:35:43.076+0000] {dag.py:3954} INFO - Setting next_dagrun for example_sensors to None, run_after=None
[2026-05-19T17:35:43.181+0000] {processor.py:183} INFO - Processing /home/airflow/.local/lib/python3.12/site-packages/airflow/example_dags/example_sensors.py took 0.267 seconds
[2026-05-19T17:36:14.029+0000] {processor.py:161} INFO - Started process (PID=6085) to work on /home/airflow/.local/lib/python3.12/site-packages/airflow/example_dags/example_sensors.py
[2026-05-19T17:36:14.030+0000] {processor.py:830} INFO - Processing file /home/airflow/.local/lib/python3.12/site-packages/airflow/example_dags/example_sensors.py for tasks to queue
[2026-05-19T17:36:14.033+0000] {logging_mixin.py:188} INFO - [2026-05-19T17:36:14.032+0000] {dagbag.py:545} INFO - Filling up the DagBag from /home/airflow/.local/lib/python3.12/site-packages/airflow/example_dags/example_sensors.py
[2026-05-19T17:36:14.194+0000] {processor.py:840} INFO - DAG(s) 'example_sensors' retrieved from /home/airflow/.local/lib/python3.12/site-packages/airflow/example_dags/example_sensors.py
[2026-05-19T17:36:14.222+0000] {logging_mixin.py:188} INFO - [2026-05-19T17:36:14.222+0000] {dag.py:3096} INFO - Sync 1 DAGs
[2026-05-19T17:36:14.236+0000] {logging_mixin.py:188} INFO - [2026-05-19T17:36:14.235+0000] {dag.py:3954} INFO - Setting next_dagrun for example_sensors to None, run_after=None
[2026-05-19T17:36:14.261+0000] {processor.py:183} INFO - Processing /home/airflow/.local/lib/python3.12/site-packages/airflow/example_dags/example_sensors.py took 0.243 seconds
[2026-05-19T17:36:45.127+0000] {processor.py:161} INFO - Started process (PID=6144) to work on /home/airflow/.local/lib/python3.12/site-packages/airflow/example_dags/example_sensors.py
[2026-05-19T17:36:45.128+0000] {processor.py:830} INFO - Processing file /home/airflow/.local/lib/python3.12/site-packages/airflow/example_dags/example_sensors.py for tasks to queue
[2026-05-19T17:36:45.130+0000] {logging_mixin.py:188} INFO - [2026-05-19T17:36:45.129+0000] {dagbag.py:545} INFO - Filling up the DagBag from /home/airflow/.local/lib/python3.12/site-packages/airflow/example_dags/example_sensors.py
[2026-05-19T17:36:45.137+0000] {processor.py:840} INFO - DAG(s) 'example_sensors' retrieved from /home/airflow/.local/lib/python3.12/site-packages/airflow/example_dags/example_sensors.py
[2026-05-19T17:36:45.163+0000] {logging_mixin.py:188} INFO - [2026-05-19T17:36:45.163+0000] {dag.py:3096} INFO - Sync 1 DAGs
[2026-05-19T17:36:45.175+0000] {logging_mixin.py:188} INFO - [2026-05-19T17:36:45.175+0000] {dag.py:3954} INFO - Setting next_dagrun for example_sensors to None, run_after=None
[2026-05-19T17:36:45.196+0000] {processor.py:183} INFO - Processing /home/airflow/.local/lib/python3.12/site-packages/airflow/example_dags/example_sensors.py took 0.077 seconds
[2026-05-19T17:37:15.877+0000] {processor.py:161} INFO - Started process (PID=6203) to work on /home/airflow/.local/lib/python3.12/site-packages/airflow/example_dags/example_sensors.py
[2026-05-19T17:37:15.878+0000] {processor.py:830} INFO - Processing file /home/airflow/.local/lib/python3.12/site-packages/airflow/example_dags/example_sensors.py for tasks to queue
[2026-05-19T17:37:15.880+0000] {logging_mixin.py:188} INFO - [2026-05-19T17:37:15.880+0000] {dagbag.py:545} INFO - Filling up the DagBag from /home/airflow/.local/lib/python3.12/site-packages/airflow/example_dags/example_sensors.py
[2026-05-19T17:37:15.889+0000] {processor.py:840} INFO - DAG(s) 'example_sensors' retrieved from /home/airflow/.local/lib/python3.12/site-packages/airflow/example_dags/example_sensors.py
[2026-05-19T17:37:15.913+0000] {logging_mixin.py:188} INFO - [2026-05-19T17:37:15.913+0000] {dag.py:3096} INFO - Sync 1 DAGs
[2026-05-19T17:37:15.924+0000] {logging_mixin.py:188} INFO - [2026-05-19T17:37:15.924+0000] {dag.py:3954} INFO - Setting next_dagrun for example_sensors to None, run_after=None
[2026-05-19T17:37:15.964+0000] {processor.py:183} INFO - Processing /home/airflow/.local/lib/python3.12/site-packages/airflow/example_dags/example_sensors.py took 0.092 seconds
[2026-05-19T17:37:46.421+0000] {processor.py:161} INFO - Started process (PID=6262) to work on /home/airflow/.local/lib/python3.12/site-packages/airflow/example_dags/example_sensors.py
[2026-05-19T17:37:46.422+0000] {processor.py:830} INFO - Processing file /home/airflow/.local/lib/python3.12/site-packages/airflow/example_dags/example_sensors.py for tasks to queue
[2026-05-19T17:37:46.424+0000] {logging_mixin.py:188} INFO - [2026-05-19T17:37:46.424+0000] {dagbag.py:545} INFO - Filling up the DagBag from /home/airflow/.local/lib/python3.12/site-packages/airflow/example_dags/example_sensors.py
[2026-05-19T17:37:46.433+0000] {processor.py:840} INFO - DAG(s) 'example_sensors' retrieved from /home/airflow/.local/lib/python3.12/site-packages/airflow/example_dags/example_sensors.py
[2026-05-19T17:37:46.457+0000] {logging_mixin.py:188} INFO - [2026-05-19T17:37:46.456+0000] {dag.py:3096} INFO - Sync 1 DAGs
[2026-05-19T17:37:46.468+0000] {logging_mixin.py:188} INFO - [2026-05-19T17:37:46.467+0000] {dag.py:3954} INFO - Setting next_dagrun for example_sensors to None, run_after=None
[2026-05-19T17:37:46.489+0000] {processor.py:183} INFO - Processing /home/airflow/.local/lib/python3.12/site-packages/airflow/example_dags/example_sensors.py took 0.074 seconds
[2026-05-19T17:38:16.923+0000] {processor.py:161} INFO - Started process (PID=6321) to work on /home/airflow/.local/lib/python3.12/site-packages/airflow/example_dags/example_sensors.py
[2026-05-19T17:38:16.924+0000] {processor.py:830} INFO - Processing file /home/airflow/.local/lib/python3.12/site-packages/airflow/example_dags/example_sensors.py for tasks to queue
[2026-05-19T17:38:16.926+0000] {logging_mixin.py:188} INFO - [2026-05-19T17:38:16.925+0000] {dagbag.py:545} INFO - Filling up the DagBag from /home/airflow/.local/lib/python3.12/site-packages/airflow/example_dags/example_sensors.py
[2026-05-19T17:38:16.933+0000] {processor.py:840} INFO - DAG(s) 'example_sensors' retrieved from /home/airflow/.local/lib/python3.12/site-packages/airflow/example_dags/example_sensors.py
[2026-05-19T17:38:16.957+0000] {logging_mixin.py:188} INFO - [2026-05-19T17:38:16.956+0000] {dag.py:3096} INFO - Sync 1 DAGs
[2026-05-19T17:38:16.968+0000] {logging_mixin.py:188} INFO - [2026-05-19T17:38:16.968+0000] {dag.py:3954} INFO - Setting next_dagrun for example_sensors to None, run_after=None
[2026-05-19T17:38:16.986+0000] {processor.py:183} INFO - Processing /home/airflow/.local/lib/python3.12/site-packages/airflow/example_dags/example_sensors.py took 0.069 seconds
[2026-05-19T17:38:47.957+0000] {processor.py:161} INFO - Started process (PID=6380) to work on /home/airflow/.local/lib/python3.12/site-packages/airflow/example_dags/example_sensors.py
[2026-05-19T17:38:47.958+0000] {processor.py:830} INFO - Processing file /home/airflow/.local/lib/python3.12/site-packages/airflow/example_dags/example_sensors.py for tasks to queue
[2026-05-19T17:38:47.960+0000] {logging_mixin.py:188} INFO - [2026-05-19T17:38:47.960+0000] {dagbag.py:545} INFO - Filling up the DagBag from /home/airflow/.local/lib/python3.12/site-packages/airflow/example_dags/example_sensors.py
[2026-05-19T17:38:47.973+0000] {processor.py:840} INFO - DAG(s) 'example_sensors' retrieved from /home/airflow/.local/lib/python3.12/site-packages/airflow/example_dags/example_sensors.py
[2026-05-19T17:38:47.996+0000] {logging_mixin.py:188} INFO - [2026-05-19T17:38:47.996+0000] {dag.py:3096} INFO - Sync 1 DAGs
[2026-05-19T17:38:48.009+0000] {logging_mixin.py:188} INFO - [2026-05-19T17:38:48.008+0000] {dag.py:3954} INFO - Setting next_dagrun for example_sensors to None, run_after=None
[2026-05-19T17:38:48.048+0000] {processor.py:183} INFO - Processing /home/airflow/.local/lib/python3.12/site-packages/airflow/example_dags/example_sensors.py took 0.096 seconds
[2026-05-19T17:39:18.309+0000] {processor.py:161} INFO - Started process (PID=6439) to work on /home/airflow/.local/lib/python3.12/site-packages/airflow/example_dags/example_sensors.py
[2026-05-19T17:39:18.311+0000] {processor.py:830} INFO - Processing file /home/airflow/.local/lib/python3.12/site-packages/airflow/example_dags/example_sensors.py for tasks to queue
[2026-05-19T17:39:18.313+0000] {logging_mixin.py:188} INFO - [2026-05-19T17:39:18.313+0000] {dagbag.py:545} INFO - Filling up the DagBag from /home/airflow/.local/lib/python3.12/site-packages/airflow/example_dags/example_sensors.py
[2026-05-19T17:39:18.326+0000] {processor.py:840} INFO - DAG(s) 'example_sensors' retrieved from /home/airflow/.local/lib/python3.12/site-packages/airflow/example_dags/example_sensors.py
[2026-05-19T17:39:18.359+0000] {logging_mixin.py:188} INFO - [2026-05-19T17:39:18.358+0000] {dag.py:3096} INFO - Sync 1 DAGs
[2026-05-19T17:39:18.375+0000] {logging_mixin.py:188} INFO - [2026-05-19T17:39:18.375+0000] {dag.py:3954} INFO - Setting next_dagrun for example_sensors to None, run_after=None
[2026-05-19T17:39:18.402+0000] {processor.py:183} INFO - Processing /home/airflow/.local/lib/python3.12/site-packages/airflow/example_dags/example_sensors.py took 0.098 seconds
[2026-05-19T17:39:48.707+0000] {processor.py:161} INFO - Started process (PID=6498) to work on /home/airflow/.local/lib/python3.12/site-packages/airflow/example_dags/example_sensors.py
[2026-05-19T17:39:48.708+0000] {processor.py:830} INFO - Processing file /home/airflow/.local/lib/python3.12/site-packages/airflow/example_dags/example_sensors.py for tasks to queue
[2026-05-19T17:39:48.710+0000] {logging_mixin.py:188} INFO - [2026-05-19T17:39:48.710+0000] {dagbag.py:545} INFO - Filling up the DagBag from /home/airflow/.local/lib/python3.12/site-packages/airflow/example_dags/example_sensors.py
[2026-05-19T17:39:48.719+0000] {processor.py:840} INFO - DAG(s) 'example_sensors' retrieved from /home/airflow/.local/lib/python3.12/site-packages/airflow/example_dags/example_sensors.py
[2026-05-19T17:39:48.744+0000] {logging_mixin.py:188} INFO - [2026-05-19T17:39:48.744+0000] {dag.py:3096} INFO - Sync 1 DAGs
[2026-05-19T17:39:48.756+0000] {logging_mixin.py:188} INFO - [2026-05-19T17:39:48.756+0000] {dag.py:3954} INFO - Setting next_dagrun for example_sensors to None, run_after=None
[2026-05-19T17:39:48.794+0000] {processor.py:183} INFO - Processing /home/airflow/.local/lib/python3.12/site-packages/airflow/example_dags/example_sensors.py took 0.093 seconds
[2026-05-19T17:40:18.939+0000] {processor.py:161} INFO - Started process (PID=6557) to work on /home/airflow/.local/lib/python3.12/site-packages/airflow/example_dags/example_sensors.py
[2026-05-19T17:40:18.940+0000] {processor.py:830} INFO - Processing file /home/airflow/.local/lib/python3.12/site-packages/airflow/example_dags/example_sensors.py for tasks to queue
[2026-05-19T17:40:18.942+0000] {logging_mixin.py:188} INFO - [2026-05-19T17:40:18.942+0000] {dagbag.py:545} INFO - Filling up the DagBag from /home/airflow/.local/lib/python3.12/site-packages/airflow/example_dags/example_sensors.py
[2026-05-19T17:40:18.949+0000] {processor.py:840} INFO - DAG(s) 'example_sensors' retrieved from /home/airflow/.local/lib/python3.12/site-packages/airflow/example_dags/example_sensors.py
[2026-05-19T17:40:18.971+0000] {logging_mixin.py:188} INFO - [2026-05-19T17:40:18.971+0000] {dag.py:3096} INFO - Sync 1 DAGs
[2026-05-19T17:40:18.982+0000] {logging_mixin.py:188} INFO - [2026-05-19T17:40:18.982+0000] {dag.py:3954} INFO - Setting next_dagrun for example_sensors to None, run_after=None
[2026-05-19T17:40:19.025+0000] {processor.py:183} INFO - Processing /home/airflow/.local/lib/python3.12/site-packages/airflow/example_dags/example_sensors.py took 0.094 seconds
[2026-05-19T17:40:49.375+0000] {processor.py:161} INFO - Started process (PID=6616) to work on /home/airflow/.local/lib/python3.12/site-packages/airflow/example_dags/example_sensors.py
[2026-05-19T17:40:49.376+0000] {processor.py:830} INFO - Processing file /home/airflow/.local/lib/python3.12/site-packages/airflow/example_dags/example_sensors.py for tasks to queue
[2026-05-19T17:40:49.378+0000] {logging_mixin.py:188} INFO - [2026-05-19T17:40:49.378+0000] {dagbag.py:545} INFO - Filling up the DagBag from /home/airflow/.local/lib/python3.12/site-packages/airflow/example_dags/example_sensors.py
[2026-05-19T17:40:49.386+0000] {processor.py:840} INFO - DAG(s) 'example_sensors' retrieved from /home/airflow/.local/lib/python3.12/site-packages/airflow/example_dags/example_sensors.py
[2026-05-19T17:40:49.412+0000] {logging_mixin.py:188} INFO - [2026-05-19T17:40:49.412+0000] {dag.py:3096} INFO - Sync 1 DAGs
[2026-05-19T17:40:49.423+0000] {logging_mixin.py:188} INFO - [2026-05-19T17:40:49.422+0000] {dag.py:3954} INFO - Setting next_dagrun for example_sensors to None, run_after=None
[2026-05-19T17:40:49.463+0000] {processor.py:183} INFO - Processing /home/airflow/.local/lib/python3.12/site-packages/airflow/example_dags/example_sensors.py took 0.094 seconds
[2026-05-19T17:41:19.558+0000] {processor.py:161} INFO - Started process (PID=6675) to work on /home/airflow/.local/lib/python3.12/site-packages/airflow/example_dags/example_sensors.py
[2026-05-19T17:41:19.562+0000] {processor.py:830} INFO - Processing file /home/airflow/.local/lib/python3.12/site-packages/airflow/example_dags/example_sensors.py for tasks to queue
[2026-05-19T17:41:19.569+0000] {logging_mixin.py:188} INFO - [2026-05-19T17:41:19.569+0000] {dagbag.py:545} INFO - Filling up the DagBag from /home/airflow/.local/lib/python3.12/site-packages/airflow/example_dags/example_sensors.py
[2026-05-19T17:41:19.578+0000] {processor.py:840} INFO - DAG(s) 'example_sensors' retrieved from /home/airflow/.local/lib/python3.12/site-packages/airflow/example_dags/example_sensors.py
[2026-05-19T17:41:19.614+0000] {logging_mixin.py:188} INFO - [2026-05-19T17:41:19.614+0000] {dag.py:3096} INFO - Sync 1 DAGs
[2026-05-19T17:41:19.623+0000] {logging_mixin.py:188} INFO - [2026-05-19T17:41:19.623+0000] {dag.py:3954} INFO - Setting next_dagrun for example_sensors to None, run_after=None
[2026-05-19T17:41:19.673+0000] {processor.py:183} INFO - Processing /home/airflow/.local/lib/python3.12/site-packages/airflow/example_dags/example_sensors.py took 0.121 seconds
[2026-05-19T17:41:50.643+0000] {processor.py:161} INFO - Started process (PID=6734) to work on /home/airflow/.local/lib/python3.12/site-packages/airflow/example_dags/example_sensors.py
[2026-05-19T17:41:50.644+0000] {processor.py:830} INFO - Processing file /home/airflow/.local/lib/python3.12/site-packages/airflow/example_dags/example_sensors.py for tasks to queue
[2026-05-19T17:41:50.646+0000] {logging_mixin.py:188} INFO - [2026-05-19T17:41:50.646+0000] {dagbag.py:545} INFO - Filling up the DagBag from /home/airflow/.local/lib/python3.12/site-packages/airflow/example_dags/example_sensors.py
[2026-05-19T17:41:50.652+0000] {processor.py:840} INFO - DAG(s) 'example_sensors' retrieved from /home/airflow/.local/lib/python3.12/site-packages/airflow/example_dags/example_sensors.py
[2026-05-19T17:41:50.674+0000] {logging_mixin.py:188} INFO - [2026-05-19T17:41:50.674+0000] {dag.py:3096} INFO - Sync 1 DAGs
[2026-05-19T17:41:50.684+0000] {logging_mixin.py:188} INFO - [2026-05-19T17:41:50.684+0000] {dag.py:3954} INFO - Setting next_dagrun for example_sensors to None, run_after=None
[2026-05-19T17:41:50.723+0000] {processor.py:183} INFO - Processing /home/airflow/.local/lib/python3.12/site-packages/airflow/example_dags/example_sensors.py took 0.085 seconds
[2026-05-19T17:42:20.804+0000] {processor.py:161} INFO - Started process (PID=6793) to work on /home/airflow/.local/lib/python3.12/site-packages/airflow/example_dags/example_sensors.py
[2026-05-19T17:42:20.805+0000] {processor.py:830} INFO - Processing file /home/airflow/.local/lib/python3.12/site-packages/airflow/example_dags/example_sensors.py for tasks to queue
[2026-05-19T17:42:20.807+0000] {logging_mixin.py:188} INFO - [2026-05-19T17:42:20.806+0000] {dagbag.py:545} INFO - Filling up the DagBag from /home/airflow/.local/lib/python3.12/site-packages/airflow/example_dags/example_sensors.py
[2026-05-19T17:42:20.815+0000] {processor.py:840} INFO - DAG(s) 'example_sensors' retrieved from /home/airflow/.local/lib/python3.12/site-packages/airflow/example_dags/example_sensors.py
[2026-05-19T17:42:20.839+0000] {logging_mixin.py:188} INFO - [2026-05-19T17:42:20.839+0000] {dag.py:3096} INFO - Sync 1 DAGs
[2026-05-19T17:42:20.848+0000] {logging_mixin.py:188} INFO - [2026-05-19T17:42:20.848+0000] {dag.py:3954} INFO - Setting next_dagrun for example_sensors to None, run_after=None
[2026-05-19T17:42:20.889+0000] {processor.py:183} INFO - Processing /home/airflow/.local/lib/python3.12/site-packages/airflow/example_dags/example_sensors.py took 0.091 seconds
[2026-05-19T17:42:51.116+0000] {processor.py:161} INFO - Started process (PID=6852) to work on /home/airflow/.local/lib/python3.12/site-packages/airflow/example_dags/example_sensors.py
[2026-05-19T17:42:51.117+0000] {processor.py:830} INFO - Processing file /home/airflow/.local/lib/python3.12/site-packages/airflow/example_dags/example_sensors.py for tasks to queue
[2026-05-19T17:42:51.119+0000] {logging_mixin.py:188} INFO - [2026-05-19T17:42:51.118+0000] {dagbag.py:545} INFO - Filling up the DagBag from /home/airflow/.local/lib/python3.12/site-packages/airflow/example_dags/example_sensors.py
[2026-05-19T17:42:51.128+0000] {processor.py:840} INFO - DAG(s) 'example_sensors' retrieved from /home/airflow/.local/lib/python3.12/site-packages/airflow/example_dags/example_sensors.py
[2026-05-19T17:42:51.152+0000] {logging_mixin.py:188} INFO - [2026-05-19T17:42:51.151+0000] {dag.py:3096} INFO - Sync 1 DAGs
[2026-05-19T17:42:51.162+0000] {logging_mixin.py:188} INFO - [2026-05-19T17:42:51.162+0000] {dag.py:3954} INFO - Setting next_dagrun for example_sensors to None, run_after=None
[2026-05-19T17:42:51.182+0000] {processor.py:183} INFO - Processing /home/airflow/.local/lib/python3.12/site-packages/airflow/example_dags/example_sensors.py took 0.070 seconds
[2026-05-19T17:43:21.854+0000] {processor.py:161} INFO - Started process (PID=6911) to work on /home/airflow/.local/lib/python3.12/site-packages/airflow/example_dags/example_sensors.py
[2026-05-19T17:43:21.855+0000] {processor.py:830} INFO - Processing file /home/airflow/.local/lib/python3.12/site-packages/airflow/example_dags/example_sensors.py for tasks to queue
[2026-05-19T17:43:21.857+0000] {logging_mixin.py:188} INFO - [2026-05-19T17:43:21.857+0000] {dagbag.py:545} INFO - Filling up the DagBag from /home/airflow/.local/lib/python3.12/site-packages/airflow/example_dags/example_sensors.py
[2026-05-19T17:43:21.867+0000] {processor.py:840} INFO - DAG(s) 'example_sensors' retrieved from /home/airflow/.local/lib/python3.12/site-packages/airflow/example_dags/example_sensors.py
[2026-05-19T17:43:21.896+0000] {logging_mixin.py:188} INFO - [2026-05-19T17:43:21.896+0000] {dag.py:3096} INFO - Sync 1 DAGs
[2026-05-19T17:43:21.909+0000] {logging_mixin.py:188} INFO - [2026-05-19T17:43:21.909+0000] {dag.py:3954} INFO - Setting next_dagrun for example_sensors to None, run_after=None
[2026-05-19T17:43:21.934+0000] {processor.py:183} INFO - Processing /home/airflow/.local/lib/python3.12/site-packages/airflow/example_dags/example_sensors.py took 0.085 seconds
[2026-05-19T17:43:52.036+0000] {processor.py:161} INFO - Started process (PID=6970) to work on /home/airflow/.local/lib/python3.12/site-packages/airflow/example_dags/example_sensors.py
[2026-05-19T17:43:52.038+0000] {processor.py:830} INFO - Processing file /home/airflow/.local/lib/python3.12/site-packages/airflow/example_dags/example_sensors.py for tasks to queue
[2026-05-19T17:43:52.040+0000] {logging_mixin.py:188} INFO - [2026-05-19T17:43:52.040+0000] {dagbag.py:545} INFO - Filling up the DagBag from /home/airflow/.local/lib/python3.12/site-packages/airflow/example_dags/example_sensors.py
[2026-05-19T17:43:52.054+0000] {processor.py:840} INFO - DAG(s) 'example_sensors' retrieved from /home/airflow/.local/lib/python3.12/site-packages/airflow/example_dags/example_sensors.py
[2026-05-19T17:43:52.111+0000] {logging_mixin.py:188} INFO - [2026-05-19T17:43:52.110+0000] {dag.py:3096} INFO - Sync 1 DAGs
[2026-05-19T17:43:52.133+0000] {logging_mixin.py:188} INFO - [2026-05-19T17:43:52.133+0000] {dag.py:3954} INFO - Setting next_dagrun for example_sensors to None, run_after=None
[2026-05-19T17:43:52.161+0000] {processor.py:183} INFO - Processing /home/airflow/.local/lib/python3.12/site-packages/airflow/example_dags/example_sensors.py took 0.133 seconds
[2026-05-19T17:44:22.757+0000] {processor.py:161} INFO - Started process (PID=7029) to work on /home/airflow/.local/lib/python3.12/site-packages/airflow/example_dags/example_sensors.py
[2026-05-19T17:44:22.769+0000] {processor.py:830} INFO - Processing file /home/airflow/.local/lib/python3.12/site-packages/airflow/example_dags/example_sensors.py for tasks to queue
[2026-05-19T17:44:22.772+0000] {logging_mixin.py:188} INFO - [2026-05-19T17:44:22.772+0000] {dagbag.py:545} INFO - Filling up the DagBag from /home/airflow/.local/lib/python3.12/site-packages/airflow/example_dags/example_sensors.py
[2026-05-19T17:44:22.780+0000] {processor.py:840} INFO - DAG(s) 'example_sensors' retrieved from /home/airflow/.local/lib/python3.12/site-packages/airflow/example_dags/example_sensors.py
[2026-05-19T17:44:22.801+0000] {logging_mixin.py:188} INFO - [2026-05-19T17:44:22.801+0000] {dag.py:3096} INFO - Sync 1 DAGs
[2026-05-19T17:44:22.814+0000] {logging_mixin.py:188} INFO - [2026-05-19T17:44:22.814+0000] {dag.py:3954} INFO - Setting next_dagrun for example_sensors to None, run_after=None
[2026-05-19T17:44:22.832+0000] {processor.py:183} INFO - Processing /home/airflow/.local/lib/python3.12/site-packages/airflow/example_dags/example_sensors.py took 0.081 seconds
[2026-05-19T17:44:53.187+0000] {processor.py:161} INFO - Started process (PID=7088) to work on /home/airflow/.local/lib/python3.12/site-packages/airflow/example_dags/example_sensors.py
[2026-05-19T17:44:53.188+0000] {processor.py:830} INFO - Processing file /home/airflow/.local/lib/python3.12/site-packages/airflow/example_dags/example_sensors.py for tasks to queue
[2026-05-19T17:44:53.190+0000] {logging_mixin.py:188} INFO - [2026-05-19T17:44:53.190+0000] {dagbag.py:545} INFO - Filling up the DagBag from /home/airflow/.local/lib/python3.12/site-packages/airflow/example_dags/example_sensors.py
[2026-05-19T17:44:53.201+0000] {processor.py:840} INFO - DAG(s) 'example_sensors' retrieved from /home/airflow/.local/lib/python3.12/site-packages/airflow/example_dags/example_sensors.py
[2026-05-19T17:44:53.233+0000] {logging_mixin.py:188} INFO - [2026-05-19T17:44:53.233+0000] {dag.py:3096} INFO - Sync 1 DAGs
[2026-05-19T17:44:53.248+0000] {logging_mixin.py:188} INFO - [2026-05-19T17:44:53.248+0000] {dag.py:3954} INFO - Setting next_dagrun for example_sensors to None, run_after=None
[2026-05-19T17:44:53.272+0000] {processor.py:183} INFO - Processing /home/airflow/.local/lib/python3.12/site-packages/airflow/example_dags/example_sensors.py took 0.094 seconds
[2026-05-19T17:45:23.525+0000] {processor.py:161} INFO - Started process (PID=7147) to work on /home/airflow/.local/lib/python3.12/site-packages/airflow/example_dags/example_sensors.py
[2026-05-19T17:45:23.526+0000] {processor.py:830} INFO - Processing file /home/airflow/.local/lib/python3.12/site-packages/airflow/example_dags/example_sensors.py for tasks to queue
[2026-05-19T17:45:23.530+0000] {logging_mixin.py:188} INFO - [2026-05-19T17:45:23.530+0000] {dagbag.py:545} INFO - Filling up the DagBag from /home/airflow/.local/lib/python3.12/site-packages/airflow/example_dags/example_sensors.py
[2026-05-19T17:45:23.541+0000] {processor.py:840} INFO - DAG(s) 'example_sensors' retrieved from /home/airflow/.local/lib/python3.12/site-packages/airflow/example_dags/example_sensors.py
[2026-05-19T17:45:23.569+0000] {logging_mixin.py:188} INFO - [2026-05-19T17:45:23.569+0000] {dag.py:3096} INFO - Sync 1 DAGs
[2026-05-19T17:45:23.585+0000] {logging_mixin.py:188} INFO - [2026-05-19T17:45:23.584+0000] {dag.py:3954} INFO - Setting next_dagrun for example_sensors to None, run_after=None
[2026-05-19T17:45:23.632+0000] {processor.py:183} INFO - Processing /home/airflow/.local/lib/python3.12/site-packages/airflow/example_dags/example_sensors.py took 0.113 seconds
[2026-05-19T17:45:53.793+0000] {processor.py:161} INFO - Started process (PID=7206) to work on /home/airflow/.local/lib/python3.12/site-packages/airflow/example_dags/example_sensors.py
[2026-05-19T17:45:53.794+0000] {processor.py:830} INFO - Processing file /home/airflow/.local/lib/python3.12/site-packages/airflow/example_dags/example_sensors.py for tasks to queue
[2026-05-19T17:45:53.798+0000] {logging_mixin.py:188} INFO - [2026-05-19T17:45:53.797+0000] {dagbag.py:545} INFO - Filling up the DagBag from /home/airflow/.local/lib/python3.12/site-packages/airflow/example_dags/example_sensors.py
[2026-05-19T17:45:53.810+0000] {processor.py:840} INFO - DAG(s) 'example_sensors' retrieved from /home/airflow/.local/lib/python3.12/site-packages/airflow/example_dags/example_sensors.py
[2026-05-19T17:45:53.845+0000] {logging_mixin.py:188} INFO - [2026-05-19T17:45:53.845+0000] {dag.py:3096} INFO - Sync 1 DAGs
[2026-05-19T17:45:53.861+0000] {logging_mixin.py:188} INFO - [2026-05-19T17:45:53.860+0000] {dag.py:3954} INFO - Setting next_dagrun for example_sensors to None, run_after=None
[2026-05-19T17:45:53.913+0000] {processor.py:183} INFO - Processing /home/airflow/.local/lib/python3.12/site-packages/airflow/example_dags/example_sensors.py took 0.126 seconds
[2026-05-19T17:47:22.090+0000] {processor.py:161} INFO - Started process (PID=104) to work on /home/airflow/.local/lib/python3.12/site-packages/airflow/example_dags/example_sensors.py
[2026-05-19T17:47:22.094+0000] {processor.py:830} INFO - Processing file /home/airflow/.local/lib/python3.12/site-packages/airflow/example_dags/example_sensors.py for tasks to queue
[2026-05-19T17:47:22.099+0000] {logging_mixin.py:188} INFO - [2026-05-19T17:47:22.098+0000] {dagbag.py:545} INFO - Filling up the DagBag from /home/airflow/.local/lib/python3.12/site-packages/airflow/example_dags/example_sensors.py
[2026-05-19T17:47:22.123+0000] {processor.py:840} INFO - DAG(s) 'example_sensors' retrieved from /home/airflow/.local/lib/python3.12/site-packages/airflow/example_dags/example_sensors.py
[2026-05-19T17:47:22.334+0000] {logging_mixin.py:188} INFO - [2026-05-19T17:47:22.334+0000] {dag.py:3096} INFO - Sync 1 DAGs
[2026-05-19T17:47:22.358+0000] {logging_mixin.py:188} INFO - [2026-05-19T17:47:22.357+0000] {dag.py:3954} INFO - Setting next_dagrun for example_sensors to None, run_after=None
[2026-05-19T17:47:22.390+0000] {processor.py:183} INFO - Processing /home/airflow/.local/lib/python3.12/site-packages/airflow/example_dags/example_sensors.py took 0.314 seconds
[2026-05-19T17:47:52.568+0000] {processor.py:161} INFO - Started process (PID=162) to work on /home/airflow/.local/lib/python3.12/site-packages/airflow/example_dags/example_sensors.py
[2026-05-19T17:47:52.569+0000] {processor.py:830} INFO - Processing file /home/airflow/.local/lib/python3.12/site-packages/airflow/example_dags/example_sensors.py for tasks to queue
[2026-05-19T17:47:52.571+0000] {logging_mixin.py:188} INFO - [2026-05-19T17:47:52.570+0000] {dagbag.py:545} INFO - Filling up the DagBag from /home/airflow/.local/lib/python3.12/site-packages/airflow/example_dags/example_sensors.py
[2026-05-19T17:47:52.578+0000] {processor.py:840} INFO - DAG(s) 'example_sensors' retrieved from /home/airflow/.local/lib/python3.12/site-packages/airflow/example_dags/example_sensors.py
[2026-05-19T17:47:52.600+0000] {logging_mixin.py:188} INFO - [2026-05-19T17:47:52.600+0000] {dag.py:3096} INFO - Sync 1 DAGs
[2026-05-19T17:47:52.610+0000] {logging_mixin.py:188} INFO - [2026-05-19T17:47:52.610+0000] {dag.py:3954} INFO - Setting next_dagrun for example_sensors to None, run_after=None
[2026-05-19T17:47:52.625+0000] {processor.py:183} INFO - Processing /home/airflow/.local/lib/python3.12/site-packages/airflow/example_dags/example_sensors.py took 0.063 seconds
[2026-05-19T17:48:22.798+0000] {processor.py:161} INFO - Started process (PID=220) to work on /home/airflow/.local/lib/python3.12/site-packages/airflow/example_dags/example_sensors.py
[2026-05-19T17:48:22.799+0000] {processor.py:830} INFO - Processing file /home/airflow/.local/lib/python3.12/site-packages/airflow/example_dags/example_sensors.py for tasks to queue
[2026-05-19T17:48:22.800+0000] {logging_mixin.py:188} INFO - [2026-05-19T17:48:22.800+0000] {dagbag.py:545} INFO - Filling up the DagBag from /home/airflow/.local/lib/python3.12/site-packages/airflow/example_dags/example_sensors.py
[2026-05-19T17:48:22.808+0000] {processor.py:840} INFO - DAG(s) 'example_sensors' retrieved from /home/airflow/.local/lib/python3.12/site-packages/airflow/example_dags/example_sensors.py
[2026-05-19T17:48:22.829+0000] {logging_mixin.py:188} INFO - [2026-05-19T17:48:22.829+0000] {dag.py:3096} INFO - Sync 1 DAGs
[2026-05-19T17:48:22.840+0000] {logging_mixin.py:188} INFO - [2026-05-19T17:48:22.840+0000] {dag.py:3954} INFO - Setting next_dagrun for example_sensors to None, run_after=None
[2026-05-19T17:48:22.854+0000] {processor.py:183} INFO - Processing /home/airflow/.local/lib/python3.12/site-packages/airflow/example_dags/example_sensors.py took 0.061 seconds
[2026-05-19T17:48:53.312+0000] {processor.py:161} INFO - Started process (PID=279) to work on /home/airflow/.local/lib/python3.12/site-packages/airflow/example_dags/example_sensors.py
[2026-05-19T17:48:53.313+0000] {processor.py:830} INFO - Processing file /home/airflow/.local/lib/python3.12/site-packages/airflow/example_dags/example_sensors.py for tasks to queue
[2026-05-19T17:48:53.315+0000] {logging_mixin.py:188} INFO - [2026-05-19T17:48:53.315+0000] {dagbag.py:545} INFO - Filling up the DagBag from /home/airflow/.local/lib/python3.12/site-packages/airflow/example_dags/example_sensors.py
[2026-05-19T17:48:53.323+0000] {processor.py:840} INFO - DAG(s) 'example_sensors' retrieved from /home/airflow/.local/lib/python3.12/site-packages/airflow/example_dags/example_sensors.py
[2026-05-19T17:48:53.345+0000] {logging_mixin.py:188} INFO - [2026-05-19T17:48:53.345+0000] {dag.py:3096} INFO - Sync 1 DAGs
[2026-05-19T17:48:53.355+0000] {logging_mixin.py:188} INFO - [2026-05-19T17:48:53.355+0000] {dag.py:3954} INFO - Setting next_dagrun for example_sensors to None, run_after=None
[2026-05-19T17:48:53.373+0000] {processor.py:183} INFO - Processing /home/airflow/.local/lib/python3.12/site-packages/airflow/example_dags/example_sensors.py took 0.066 seconds
[2026-05-19T17:49:23.724+0000] {processor.py:161} INFO - Started process (PID=337) to work on /home/airflow/.local/lib/python3.12/site-packages/airflow/example_dags/example_sensors.py
[2026-05-19T17:49:23.726+0000] {processor.py:830} INFO - Processing file /home/airflow/.local/lib/python3.12/site-packages/airflow/example_dags/example_sensors.py for tasks to queue
[2026-05-19T17:49:23.728+0000] {logging_mixin.py:188} INFO - [2026-05-19T17:49:23.728+0000] {dagbag.py:545} INFO - Filling up the DagBag from /home/airflow/.local/lib/python3.12/site-packages/airflow/example_dags/example_sensors.py
[2026-05-19T17:49:23.738+0000] {processor.py:840} INFO - DAG(s) 'example_sensors' retrieved from /home/airflow/.local/lib/python3.12/site-packages/airflow/example_dags/example_sensors.py
[2026-05-19T17:49:23.767+0000] {logging_mixin.py:188} INFO - [2026-05-19T17:49:23.767+0000] {dag.py:3096} INFO - Sync 1 DAGs
[2026-05-19T17:49:23.780+0000] {logging_mixin.py:188} INFO - [2026-05-19T17:49:23.779+0000] {dag.py:3954} INFO - Setting next_dagrun for example_sensors to None, run_after=None
[2026-05-19T17:49:23.798+0000] {processor.py:183} INFO - Processing /home/airflow/.local/lib/python3.12/site-packages/airflow/example_dags/example_sensors.py took 0.080 seconds
[2026-05-19T17:49:54.640+0000] {processor.py:161} INFO - Started process (PID=395) to work on /home/airflow/.local/lib/python3.12/site-packages/airflow/example_dags/example_sensors.py
[2026-05-19T17:49:54.641+0000] {processor.py:830} INFO - Processing file /home/airflow/.local/lib/python3.12/site-packages/airflow/example_dags/example_sensors.py for tasks to queue
[2026-05-19T17:49:54.644+0000] {logging_mixin.py:188} INFO - [2026-05-19T17:49:54.644+0000] {dagbag.py:545} INFO - Filling up the DagBag from /home/airflow/.local/lib/python3.12/site-packages/airflow/example_dags/example_sensors.py
[2026-05-19T17:49:54.661+0000] {processor.py:840} INFO - DAG(s) 'example_sensors' retrieved from /home/airflow/.local/lib/python3.12/site-packages/airflow/example_dags/example_sensors.py
[2026-05-19T17:49:54.694+0000] {logging_mixin.py:188} INFO - [2026-05-19T17:49:54.693+0000] {dag.py:3096} INFO - Sync 1 DAGs
[2026-05-19T17:49:54.707+0000] {logging_mixin.py:188} INFO - [2026-05-19T17:49:54.707+0000] {dag.py:3954} INFO - Setting next_dagrun for example_sensors to None, run_after=None
[2026-05-19T17:49:54.734+0000] {processor.py:183} INFO - Processing /home/airflow/.local/lib/python3.12/site-packages/airflow/example_dags/example_sensors.py took 0.100 seconds
[2026-05-19T17:50:25.200+0000] {processor.py:161} INFO - Started process (PID=454) to work on /home/airflow/.local/lib/python3.12/site-packages/airflow/example_dags/example_sensors.py
[2026-05-19T17:50:25.201+0000] {processor.py:830} INFO - Processing file /home/airflow/.local/lib/python3.12/site-packages/airflow/example_dags/example_sensors.py for tasks to queue
[2026-05-19T17:50:25.203+0000] {logging_mixin.py:188} INFO - [2026-05-19T17:50:25.202+0000] {dagbag.py:545} INFO - Filling up the DagBag from /home/airflow/.local/lib/python3.12/site-packages/airflow/example_dags/example_sensors.py
[2026-05-19T17:50:25.211+0000] {processor.py:840} INFO - DAG(s) 'example_sensors' retrieved from /home/airflow/.local/lib/python3.12/site-packages/airflow/example_dags/example_sensors.py
[2026-05-19T17:50:25.236+0000] {logging_mixin.py:188} INFO - [2026-05-19T17:50:25.236+0000] {dag.py:3096} INFO - Sync 1 DAGs
[2026-05-19T17:50:25.247+0000] {logging_mixin.py:188} INFO - [2026-05-19T17:50:25.246+0000] {dag.py:3954} INFO - Setting next_dagrun for example_sensors to None, run_after=None
[2026-05-19T17:50:25.263+0000] {processor.py:183} INFO - Processing /home/airflow/.local/lib/python3.12/site-packages/airflow/example_dags/example_sensors.py took 0.070 seconds
[2026-05-19T17:50:56.256+0000] {processor.py:161} INFO - Started process (PID=512) to work on /home/airflow/.local/lib/python3.12/site-packages/airflow/example_dags/example_sensors.py
[2026-05-19T17:50:56.260+0000] {processor.py:830} INFO - Processing file /home/airflow/.local/lib/python3.12/site-packages/airflow/example_dags/example_sensors.py for tasks to queue
[2026-05-19T17:50:56.266+0000] {logging_mixin.py:188} INFO - [2026-05-19T17:50:56.265+0000] {dagbag.py:545} INFO - Filling up the DagBag from /home/airflow/.local/lib/python3.12/site-packages/airflow/example_dags/example_sensors.py
[2026-05-19T17:50:56.292+0000] {processor.py:840} INFO - DAG(s) 'example_sensors' retrieved from /home/airflow/.local/lib/python3.12/site-packages/airflow/example_dags/example_sensors.py
[2026-05-19T17:50:56.350+0000] {logging_mixin.py:188} INFO - [2026-05-19T17:50:56.349+0000] {dag.py:3096} INFO - Sync 1 DAGs
[2026-05-19T17:50:56.374+0000] {logging_mixin.py:188} INFO - [2026-05-19T17:50:56.373+0000] {dag.py:3954} INFO - Setting next_dagrun for example_sensors to None, run_after=None
[2026-05-19T17:50:56.410+0000] {processor.py:183} INFO - Processing /home/airflow/.local/lib/python3.12/site-packages/airflow/example_dags/example_sensors.py took 0.174 seconds
[2026-05-19T17:51:27.201+0000] {processor.py:161} INFO - Started process (PID=570) to work on /home/airflow/.local/lib/python3.12/site-packages/airflow/example_dags/example_sensors.py
[2026-05-19T17:51:27.202+0000] {processor.py:830} INFO - Processing file /home/airflow/.local/lib/python3.12/site-packages/airflow/example_dags/example_sensors.py for tasks to queue
[2026-05-19T17:51:27.205+0000] {logging_mixin.py:188} INFO - [2026-05-19T17:51:27.204+0000] {dagbag.py:545} INFO - Filling up the DagBag from /home/airflow/.local/lib/python3.12/site-packages/airflow/example_dags/example_sensors.py
[2026-05-19T17:51:27.216+0000] {processor.py:840} INFO - DAG(s) 'example_sensors' retrieved from /home/airflow/.local/lib/python3.12/site-packages/airflow/example_dags/example_sensors.py
[2026-05-19T17:51:27.248+0000] {logging_mixin.py:188} INFO - [2026-05-19T17:51:27.247+0000] {dag.py:3096} INFO - Sync 1 DAGs
[2026-05-19T17:51:27.260+0000] {logging_mixin.py:188} INFO - [2026-05-19T17:51:27.260+0000] {dag.py:3954} INFO - Setting next_dagrun for example_sensors to None, run_after=None
[2026-05-19T17:51:27.277+0000] {processor.py:183} INFO - Processing /home/airflow/.local/lib/python3.12/site-packages/airflow/example_dags/example_sensors.py took 0.086 seconds
[2026-05-19T17:51:57.815+0000] {processor.py:161} INFO - Started process (PID=628) to work on /home/airflow/.local/lib/python3.12/site-packages/airflow/example_dags/example_sensors.py
[2026-05-19T17:51:57.816+0000] {processor.py:830} INFO - Processing file /home/airflow/.local/lib/python3.12/site-packages/airflow/example_dags/example_sensors.py for tasks to queue
[2026-05-19T17:51:57.818+0000] {logging_mixin.py:188} INFO - [2026-05-19T17:51:57.818+0000] {dagbag.py:545} INFO - Filling up the DagBag from /home/airflow/.local/lib/python3.12/site-packages/airflow/example_dags/example_sensors.py
[2026-05-19T17:51:57.830+0000] {processor.py:840} INFO - DAG(s) 'example_sensors' retrieved from /home/airflow/.local/lib/python3.12/site-packages/airflow/example_dags/example_sensors.py
[2026-05-19T17:51:57.859+0000] {logging_mixin.py:188} INFO - [2026-05-19T17:51:57.859+0000] {dag.py:3096} INFO - Sync 1 DAGs
[2026-05-19T17:51:57.871+0000] {logging_mixin.py:188} INFO - [2026-05-19T17:51:57.870+0000] {dag.py:3954} INFO - Setting next_dagrun for example_sensors to None, run_after=None
[2026-05-19T17:51:57.891+0000] {processor.py:183} INFO - Processing /home/airflow/.local/lib/python3.12/site-packages/airflow/example_dags/example_sensors.py took 0.084 seconds
[2026-05-19T17:52:28.659+0000] {processor.py:161} INFO - Started process (PID=686) to work on /home/airflow/.local/lib/python3.12/site-packages/airflow/example_dags/example_sensors.py
[2026-05-19T17:52:28.660+0000] {processor.py:830} INFO - Processing file /home/airflow/.local/lib/python3.12/site-packages/airflow/example_dags/example_sensors.py for tasks to queue
[2026-05-19T17:52:28.662+0000] {logging_mixin.py:188} INFO - [2026-05-19T17:52:28.662+0000] {dagbag.py:545} INFO - Filling up the DagBag from /home/airflow/.local/lib/python3.12/site-packages/airflow/example_dags/example_sensors.py
[2026-05-19T17:52:28.671+0000] {processor.py:840} INFO - DAG(s) 'example_sensors' retrieved from /home/airflow/.local/lib/python3.12/site-packages/airflow/example_dags/example_sensors.py
[2026-05-19T17:52:28.695+0000] {logging_mixin.py:188} INFO - [2026-05-19T17:52:28.695+0000] {dag.py:3096} INFO - Sync 1 DAGs
[2026-05-19T17:52:28.707+0000] {logging_mixin.py:188} INFO - [2026-05-19T17:52:28.706+0000] {dag.py:3954} INFO - Setting next_dagrun for example_sensors to None, run_after=None
[2026-05-19T17:52:28.725+0000] {processor.py:183} INFO - Processing /home/airflow/.local/lib/python3.12/site-packages/airflow/example_dags/example_sensors.py took 0.072 seconds
[2026-05-19T17:52:59.420+0000] {processor.py:161} INFO - Started process (PID=744) to work on /home/airflow/.local/lib/python3.12/site-packages/airflow/example_dags/example_sensors.py
[2026-05-19T17:52:59.421+0000] {processor.py:830} INFO - Processing file /home/airflow/.local/lib/python3.12/site-packages/airflow/example_dags/example_sensors.py for tasks to queue
[2026-05-19T17:52:59.423+0000] {logging_mixin.py:188} INFO - [2026-05-19T17:52:59.423+0000] {dagbag.py:545} INFO - Filling up the DagBag from /home/airflow/.local/lib/python3.12/site-packages/airflow/example_dags/example_sensors.py
[2026-05-19T17:52:59.432+0000] {processor.py:840} INFO - DAG(s) 'example_sensors' retrieved from /home/airflow/.local/lib/python3.12/site-packages/airflow/example_dags/example_sensors.py
[2026-05-19T17:52:59.466+0000] {logging_mixin.py:188} INFO - [2026-05-19T17:52:59.465+0000] {dag.py:3096} INFO - Sync 1 DAGs
[2026-05-19T17:52:59.482+0000] {logging_mixin.py:188} INFO - [2026-05-19T17:52:59.482+0000] {dag.py:3954} INFO - Setting next_dagrun for example_sensors to None, run_after=None
[2026-05-19T17:52:59.509+0000] {processor.py:183} INFO - Processing /home/airflow/.local/lib/python3.12/site-packages/airflow/example_dags/example_sensors.py took 0.096 seconds
[2026-05-19T17:53:29.977+0000] {processor.py:161} INFO - Started process (PID=802) to work on /home/airflow/.local/lib/python3.12/site-packages/airflow/example_dags/example_sensors.py
[2026-05-19T17:53:29.978+0000] {processor.py:830} INFO - Processing file /home/airflow/.local/lib/python3.12/site-packages/airflow/example_dags/example_sensors.py for tasks to queue
[2026-05-19T17:53:29.980+0000] {logging_mixin.py:188} INFO - [2026-05-19T17:53:29.979+0000] {dagbag.py:545} INFO - Filling up the DagBag from /home/airflow/.local/lib/python3.12/site-packages/airflow/example_dags/example_sensors.py
[2026-05-19T17:53:29.989+0000] {processor.py:840} INFO - DAG(s) 'example_sensors' retrieved from /home/airflow/.local/lib/python3.12/site-packages/airflow/example_dags/example_sensors.py
[2026-05-19T17:53:30.014+0000] {logging_mixin.py:188} INFO - [2026-05-19T17:53:30.014+0000] {dag.py:3096} INFO - Sync 1 DAGs
[2026-05-19T17:53:30.027+0000] {logging_mixin.py:188} INFO - [2026-05-19T17:53:30.027+0000] {dag.py:3954} INFO - Setting next_dagrun for example_sensors to None, run_after=None
[2026-05-19T17:53:30.045+0000] {processor.py:183} INFO - Processing /home/airflow/.local/lib/python3.12/site-packages/airflow/example_dags/example_sensors.py took 0.073 seconds
[2026-05-19T17:54:00.225+0000] {processor.py:161} INFO - Started process (PID=860) to work on /home/airflow/.local/lib/python3.12/site-packages/airflow/example_dags/example_sensors.py
[2026-05-19T17:54:00.226+0000] {processor.py:830} INFO - Processing file /home/airflow/.local/lib/python3.12/site-packages/airflow/example_dags/example_sensors.py for tasks to queue
[2026-05-19T17:54:00.228+0000] {logging_mixin.py:188} INFO - [2026-05-19T17:54:00.228+0000] {dagbag.py:545} INFO - Filling up the DagBag from /home/airflow/.local/lib/python3.12/site-packages/airflow/example_dags/example_sensors.py
[2026-05-19T17:54:00.237+0000] {processor.py:840} INFO - DAG(s) 'example_sensors' retrieved from /home/airflow/.local/lib/python3.12/site-packages/airflow/example_dags/example_sensors.py
[2026-05-19T17:54:00.266+0000] {logging_mixin.py:188} INFO - [2026-05-19T17:54:00.266+0000] {dag.py:3096} INFO - Sync 1 DAGs
[2026-05-19T17:54:00.280+0000] {logging_mixin.py:188} INFO - [2026-05-19T17:54:00.280+0000] {dag.py:3954} INFO - Setting next_dagrun for example_sensors to None, run_after=None
[2026-05-19T17:54:00.299+0000] {processor.py:183} INFO - Processing /home/airflow/.local/lib/python3.12/site-packages/airflow/example_dags/example_sensors.py took 0.081 seconds
[2026-05-19T17:54:30.853+0000] {processor.py:161} INFO - Started process (PID=918) to work on /home/airflow/.local/lib/python3.12/site-packages/airflow/example_dags/example_sensors.py
[2026-05-19T17:54:30.854+0000] {processor.py:830} INFO - Processing file /home/airflow/.local/lib/python3.12/site-packages/airflow/example_dags/example_sensors.py for tasks to queue
[2026-05-19T17:54:30.856+0000] {logging_mixin.py:188} INFO - [2026-05-19T17:54:30.856+0000] {dagbag.py:545} INFO - Filling up the DagBag from /home/airflow/.local/lib/python3.12/site-packages/airflow/example_dags/example_sensors.py
[2026-05-19T17:54:30.865+0000] {processor.py:840} INFO - DAG(s) 'example_sensors' retrieved from /home/airflow/.local/lib/python3.12/site-packages/airflow/example_dags/example_sensors.py
[2026-05-19T17:54:30.905+0000] {logging_mixin.py:188} INFO - [2026-05-19T17:54:30.904+0000] {dag.py:3096} INFO - Sync 1 DAGs
[2026-05-19T17:54:30.939+0000] {logging_mixin.py:188} INFO - [2026-05-19T17:54:30.938+0000] {dag.py:3954} INFO - Setting next_dagrun for example_sensors to None, run_after=None
[2026-05-19T17:54:30.970+0000] {processor.py:183} INFO - Processing /home/airflow/.local/lib/python3.12/site-packages/airflow/example_dags/example_sensors.py took 0.123 seconds
[2026-05-19T17:55:01.050+0000] {processor.py:161} INFO - Started process (PID=975) to work on /home/airflow/.local/lib/python3.12/site-packages/airflow/example_dags/example_sensors.py
[2026-05-19T17:55:01.051+0000] {processor.py:830} INFO - Processing file /home/airflow/.local/lib/python3.12/site-packages/airflow/example_dags/example_sensors.py for tasks to queue
[2026-05-19T17:55:01.053+0000] {logging_mixin.py:188} INFO - [2026-05-19T17:55:01.053+0000] {dagbag.py:545} INFO - Filling up the DagBag from /home/airflow/.local/lib/python3.12/site-packages/airflow/example_dags/example_sensors.py
[2026-05-19T17:55:01.059+0000] {processor.py:840} INFO - DAG(s) 'example_sensors' retrieved from /home/airflow/.local/lib/python3.12/site-packages/airflow/example_dags/example_sensors.py
[2026-05-19T17:55:01.081+0000] {logging_mixin.py:188} INFO - [2026-05-19T17:55:01.080+0000] {dag.py:3096} INFO - Sync 1 DAGs
[2026-05-19T17:55:01.094+0000] {logging_mixin.py:188} INFO - [2026-05-19T17:55:01.094+0000] {dag.py:3954} INFO - Setting next_dagrun for example_sensors to None, run_after=None
[2026-05-19T17:55:01.110+0000] {processor.py:183} INFO - Processing /home/airflow/.local/lib/python3.12/site-packages/airflow/example_dags/example_sensors.py took 0.066 seconds
[2026-05-19T17:55:31.227+0000] {processor.py:161} INFO - Started process (PID=1033) to work on /home/airflow/.local/lib/python3.12/site-packages/airflow/example_dags/example_sensors.py
[2026-05-19T17:55:31.228+0000] {processor.py:830} INFO - Processing file /home/airflow/.local/lib/python3.12/site-packages/airflow/example_dags/example_sensors.py for tasks to queue
[2026-05-19T17:55:31.230+0000] {logging_mixin.py:188} INFO - [2026-05-19T17:55:31.230+0000] {dagbag.py:545} INFO - Filling up the DagBag from /home/airflow/.local/lib/python3.12/site-packages/airflow/example_dags/example_sensors.py
[2026-05-19T17:55:31.242+0000] {processor.py:840} INFO - DAG(s) 'example_sensors' retrieved from /home/airflow/.local/lib/python3.12/site-packages/airflow/example_dags/example_sensors.py
[2026-05-19T17:55:31.269+0000] {logging_mixin.py:188} INFO - [2026-05-19T17:55:31.268+0000] {dag.py:3096} INFO - Sync 1 DAGs
[2026-05-19T17:55:31.285+0000] {logging_mixin.py:188} INFO - [2026-05-19T17:55:31.284+0000] {dag.py:3954} INFO - Setting next_dagrun for example_sensors to None, run_after=None
[2026-05-19T17:55:31.311+0000] {processor.py:183} INFO - Processing /home/airflow/.local/lib/python3.12/site-packages/airflow/example_dags/example_sensors.py took 0.091 seconds
[2026-05-19T17:56:01.631+0000] {processor.py:161} INFO - Started process (PID=1091) to work on /home/airflow/.local/lib/python3.12/site-packages/airflow/example_dags/example_sensors.py
[2026-05-19T17:56:01.633+0000] {processor.py:830} INFO - Processing file /home/airflow/.local/lib/python3.12/site-packages/airflow/example_dags/example_sensors.py for tasks to queue
[2026-05-19T17:56:01.636+0000] {logging_mixin.py:188} INFO - [2026-05-19T17:56:01.635+0000] {dagbag.py:545} INFO - Filling up the DagBag from /home/airflow/.local/lib/python3.12/site-packages/airflow/example_dags/example_sensors.py
[2026-05-19T17:56:01.646+0000] {processor.py:840} INFO - DAG(s) 'example_sensors' retrieved from /home/airflow/.local/lib/python3.12/site-packages/airflow/example_dags/example_sensors.py
[2026-05-19T17:56:01.670+0000] {logging_mixin.py:188} INFO - [2026-05-19T17:56:01.670+0000] {dag.py:3096} INFO - Sync 1 DAGs
[2026-05-19T17:56:01.683+0000] {logging_mixin.py:188} INFO - [2026-05-19T17:56:01.683+0000] {dag.py:3954} INFO - Setting next_dagrun for example_sensors to None, run_after=None
[2026-05-19T17:56:01.725+0000] {processor.py:183} INFO - Processing /home/airflow/.local/lib/python3.12/site-packages/airflow/example_dags/example_sensors.py took 0.099 seconds
[2026-05-19T17:56:31.977+0000] {processor.py:161} INFO - Started process (PID=1149) to work on /home/airflow/.local/lib/python3.12/site-packages/airflow/example_dags/example_sensors.py
[2026-05-19T17:56:31.978+0000] {processor.py:830} INFO - Processing file /home/airflow/.local/lib/python3.12/site-packages/airflow/example_dags/example_sensors.py for tasks to queue
[2026-05-19T17:56:31.980+0000] {logging_mixin.py:188} INFO - [2026-05-19T17:56:31.980+0000] {dagbag.py:545} INFO - Filling up the DagBag from /home/airflow/.local/lib/python3.12/site-packages/airflow/example_dags/example_sensors.py
[2026-05-19T17:56:31.988+0000] {processor.py:840} INFO - DAG(s) 'example_sensors' retrieved from /home/airflow/.local/lib/python3.12/site-packages/airflow/example_dags/example_sensors.py
[2026-05-19T17:56:32.012+0000] {logging_mixin.py:188} INFO - [2026-05-19T17:56:32.012+0000] {dag.py:3096} INFO - Sync 1 DAGs
[2026-05-19T17:56:32.024+0000] {logging_mixin.py:188} INFO - [2026-05-19T17:56:32.024+0000] {dag.py:3954} INFO - Setting next_dagrun for example_sensors to None, run_after=None
[2026-05-19T17:56:32.063+0000] {processor.py:183} INFO - Processing /home/airflow/.local/lib/python3.12/site-packages/airflow/example_dags/example_sensors.py took 0.091 seconds
[2026-05-19T17:58:01.960+0000] {processor.py:161} INFO - Started process (PID=103) to work on /home/airflow/.local/lib/python3.12/site-packages/airflow/example_dags/example_sensors.py
[2026-05-19T17:58:01.961+0000] {processor.py:830} INFO - Processing file /home/airflow/.local/lib/python3.12/site-packages/airflow/example_dags/example_sensors.py for tasks to queue
[2026-05-19T17:58:01.964+0000] {logging_mixin.py:188} INFO - [2026-05-19T17:58:01.963+0000] {dagbag.py:545} INFO - Filling up the DagBag from /home/airflow/.local/lib/python3.12/site-packages/airflow/example_dags/example_sensors.py
[2026-05-19T17:58:01.981+0000] {processor.py:840} INFO - DAG(s) 'example_sensors' retrieved from /home/airflow/.local/lib/python3.12/site-packages/airflow/example_dags/example_sensors.py
[2026-05-19T17:58:02.140+0000] {logging_mixin.py:188} INFO - [2026-05-19T17:58:02.140+0000] {dag.py:3096} INFO - Sync 1 DAGs
[2026-05-19T17:58:02.160+0000] {logging_mixin.py:188} INFO - [2026-05-19T17:58:02.159+0000] {dag.py:3954} INFO - Setting next_dagrun for example_sensors to None, run_after=None
[2026-05-19T17:58:02.192+0000] {processor.py:183} INFO - Processing /home/airflow/.local/lib/python3.12/site-packages/airflow/example_dags/example_sensors.py took 0.239 seconds
[2026-05-19T17:58:32.419+0000] {processor.py:161} INFO - Started process (PID=161) to work on /home/airflow/.local/lib/python3.12/site-packages/airflow/example_dags/example_sensors.py
[2026-05-19T17:58:32.420+0000] {processor.py:830} INFO - Processing file /home/airflow/.local/lib/python3.12/site-packages/airflow/example_dags/example_sensors.py for tasks to queue
[2026-05-19T17:58:32.422+0000] {logging_mixin.py:188} INFO - [2026-05-19T17:58:32.422+0000] {dagbag.py:545} INFO - Filling up the DagBag from /home/airflow/.local/lib/python3.12/site-packages/airflow/example_dags/example_sensors.py
[2026-05-19T17:58:32.435+0000] {processor.py:840} INFO - DAG(s) 'example_sensors' retrieved from /home/airflow/.local/lib/python3.12/site-packages/airflow/example_dags/example_sensors.py
[2026-05-19T17:58:32.465+0000] {logging_mixin.py:188} INFO - [2026-05-19T17:58:32.465+0000] {dag.py:3096} INFO - Sync 1 DAGs
[2026-05-19T17:58:32.481+0000] {logging_mixin.py:188} INFO - [2026-05-19T17:58:32.481+0000] {dag.py:3954} INFO - Setting next_dagrun for example_sensors to None, run_after=None
[2026-05-19T17:58:32.505+0000] {processor.py:183} INFO - Processing /home/airflow/.local/lib/python3.12/site-packages/airflow/example_dags/example_sensors.py took 0.091 seconds
