[2026-05-19T13:25:32.952+0000] {processor.py:161} INFO - Started process (PID=120) to work on /home/airflow/.local/lib/python3.12/site-packages/airflow/example_dags/example_branch_python_dop_operator_3.py
[2026-05-19T13:25:32.956+0000] {processor.py:830} INFO - Processing file /home/airflow/.local/lib/python3.12/site-packages/airflow/example_dags/example_branch_python_dop_operator_3.py for tasks to queue
[2026-05-19T13:25:32.968+0000] {logging_mixin.py:188} INFO - [2026-05-19T13:25:32.967+0000] {dagbag.py:545} INFO - Filling up the DagBag from /home/airflow/.local/lib/python3.12/site-packages/airflow/example_dags/example_branch_python_dop_operator_3.py
[2026-05-19T13:25:33.009+0000] {processor.py:840} INFO - DAG(s) 'example_branch_dop_operator_v3' retrieved from /home/airflow/.local/lib/python3.12/site-packages/airflow/example_dags/example_branch_python_dop_operator_3.py
[2026-05-19T13:25:33.431+0000] {logging_mixin.py:188} INFO - [2026-05-19T13:25:33.429+0000] {override.py:1829} INFO - Created Permission View: can read on DAG:example_branch_dop_operator_v3
[2026-05-19T13:25:33.465+0000] {logging_mixin.py:188} INFO - [2026-05-19T13:25:33.464+0000] {override.py:1829} INFO - Created Permission View: can edit on DAG:example_branch_dop_operator_v3
[2026-05-19T13:25:33.492+0000] {logging_mixin.py:188} INFO - [2026-05-19T13:25:33.491+0000] {override.py:1829} INFO - Created Permission View: can delete on DAG:example_branch_dop_operator_v3
[2026-05-19T13:25:33.494+0000] {logging_mixin.py:188} INFO - [2026-05-19T13:25:33.494+0000] {dag.py:3096} INFO - Sync 1 DAGs
[2026-05-19T13:25:33.636+0000] {logging_mixin.py:188} INFO - [2026-05-19T13:25:33.636+0000] {dag.py:3118} INFO - Creating ORM DAG for example_branch_dop_operator_v3
[2026-05-19T13:25:33.726+0000] {logging_mixin.py:188} INFO - [2026-05-19T13:25:33.725+0000] {dag.py:3954} INFO - Setting next_dagrun for example_branch_dop_operator_v3 to 2026-05-19 13:24:00+00:00, run_after=2026-05-19 13:25:00+00:00
[2026-05-19T13:25:33.803+0000] {processor.py:183} INFO - Processing /home/airflow/.local/lib/python3.12/site-packages/airflow/example_dags/example_branch_python_dop_operator_3.py took 0.882 seconds
[2026-05-19T13:26:04.463+0000] {processor.py:161} INFO - Started process (PID=177) to work on /home/airflow/.local/lib/python3.12/site-packages/airflow/example_dags/example_branch_python_dop_operator_3.py
[2026-05-19T13:26:04.465+0000] {processor.py:830} INFO - Processing file /home/airflow/.local/lib/python3.12/site-packages/airflow/example_dags/example_branch_python_dop_operator_3.py for tasks to queue
[2026-05-19T13:26:04.469+0000] {logging_mixin.py:188} INFO - [2026-05-19T13:26:04.469+0000] {dagbag.py:545} INFO - Filling up the DagBag from /home/airflow/.local/lib/python3.12/site-packages/airflow/example_dags/example_branch_python_dop_operator_3.py
[2026-05-19T13:26:04.482+0000] {processor.py:840} INFO - DAG(s) 'example_branch_dop_operator_v3' retrieved from /home/airflow/.local/lib/python3.12/site-packages/airflow/example_dags/example_branch_python_dop_operator_3.py
[2026-05-19T13:26:04.528+0000] {logging_mixin.py:188} INFO - [2026-05-19T13:26:04.527+0000] {dag.py:3096} INFO - Sync 1 DAGs
[2026-05-19T13:26:04.575+0000] {logging_mixin.py:188} INFO - [2026-05-19T13:26:04.575+0000] {dag.py:3954} INFO - Setting next_dagrun for example_branch_dop_operator_v3 to 2026-05-19 13:25:00+00:00, run_after=2026-05-19 13:26:00+00:00
[2026-05-19T13:26:04.614+0000] {processor.py:183} INFO - Processing /home/airflow/.local/lib/python3.12/site-packages/airflow/example_dags/example_branch_python_dop_operator_3.py took 0.159 seconds
[2026-05-19T13:26:34.952+0000] {processor.py:161} INFO - Started process (PID=235) to work on /home/airflow/.local/lib/python3.12/site-packages/airflow/example_dags/example_branch_python_dop_operator_3.py
[2026-05-19T13:26:34.954+0000] {processor.py:830} INFO - Processing file /home/airflow/.local/lib/python3.12/site-packages/airflow/example_dags/example_branch_python_dop_operator_3.py for tasks to queue
[2026-05-19T13:26:34.959+0000] {logging_mixin.py:188} INFO - [2026-05-19T13:26:34.958+0000] {dagbag.py:545} INFO - Filling up the DagBag from /home/airflow/.local/lib/python3.12/site-packages/airflow/example_dags/example_branch_python_dop_operator_3.py
[2026-05-19T13:26:34.980+0000] {processor.py:840} INFO - DAG(s) 'example_branch_dop_operator_v3' retrieved from /home/airflow/.local/lib/python3.12/site-packages/airflow/example_dags/example_branch_python_dop_operator_3.py
[2026-05-19T13:26:35.032+0000] {logging_mixin.py:188} INFO - [2026-05-19T13:26:35.031+0000] {dag.py:3096} INFO - Sync 1 DAGs
[2026-05-19T13:26:35.088+0000] {logging_mixin.py:188} INFO - [2026-05-19T13:26:35.087+0000] {dag.py:3954} INFO - Setting next_dagrun for example_branch_dop_operator_v3 to 2026-05-19 13:25:00+00:00, run_after=2026-05-19 13:26:00+00:00
[2026-05-19T13:26:35.136+0000] {processor.py:183} INFO - Processing /home/airflow/.local/lib/python3.12/site-packages/airflow/example_dags/example_branch_python_dop_operator_3.py took 0.200 seconds
[2026-05-19T13:27:05.371+0000] {processor.py:161} INFO - Started process (PID=293) to work on /home/airflow/.local/lib/python3.12/site-packages/airflow/example_dags/example_branch_python_dop_operator_3.py
[2026-05-19T13:27:05.373+0000] {processor.py:830} INFO - Processing file /home/airflow/.local/lib/python3.12/site-packages/airflow/example_dags/example_branch_python_dop_operator_3.py for tasks to queue
[2026-05-19T13:27:05.376+0000] {logging_mixin.py:188} INFO - [2026-05-19T13:27:05.376+0000] {dagbag.py:545} INFO - Filling up the DagBag from /home/airflow/.local/lib/python3.12/site-packages/airflow/example_dags/example_branch_python_dop_operator_3.py
[2026-05-19T13:27:05.391+0000] {processor.py:840} INFO - DAG(s) 'example_branch_dop_operator_v3' retrieved from /home/airflow/.local/lib/python3.12/site-packages/airflow/example_dags/example_branch_python_dop_operator_3.py
[2026-05-19T13:27:05.421+0000] {logging_mixin.py:188} INFO - [2026-05-19T13:27:05.421+0000] {dag.py:3096} INFO - Sync 1 DAGs
[2026-05-19T13:27:05.451+0000] {logging_mixin.py:188} INFO - [2026-05-19T13:27:05.451+0000] {dag.py:3954} INFO - Setting next_dagrun for example_branch_dop_operator_v3 to 2026-05-19 13:26:00+00:00, run_after=2026-05-19 13:27:00+00:00
[2026-05-19T13:27:05.483+0000] {processor.py:183} INFO - Processing /home/airflow/.local/lib/python3.12/site-packages/airflow/example_dags/example_branch_python_dop_operator_3.py took 0.123 seconds
[2026-05-19T13:27:35.958+0000] {processor.py:161} INFO - Started process (PID=351) to work on /home/airflow/.local/lib/python3.12/site-packages/airflow/example_dags/example_branch_python_dop_operator_3.py
[2026-05-19T13:27:35.960+0000] {processor.py:830} INFO - Processing file /home/airflow/.local/lib/python3.12/site-packages/airflow/example_dags/example_branch_python_dop_operator_3.py for tasks to queue
[2026-05-19T13:27:35.964+0000] {logging_mixin.py:188} INFO - [2026-05-19T13:27:35.963+0000] {dagbag.py:545} INFO - Filling up the DagBag from /home/airflow/.local/lib/python3.12/site-packages/airflow/example_dags/example_branch_python_dop_operator_3.py
[2026-05-19T13:27:35.977+0000] {processor.py:840} INFO - DAG(s) 'example_branch_dop_operator_v3' retrieved from /home/airflow/.local/lib/python3.12/site-packages/airflow/example_dags/example_branch_python_dop_operator_3.py
[2026-05-19T13:27:36.006+0000] {logging_mixin.py:188} INFO - [2026-05-19T13:27:36.005+0000] {dag.py:3096} INFO - Sync 1 DAGs
[2026-05-19T13:27:36.051+0000] {logging_mixin.py:188} INFO - [2026-05-19T13:27:36.051+0000] {dag.py:3954} INFO - Setting next_dagrun for example_branch_dop_operator_v3 to 2026-05-19 13:26:00+00:00, run_after=2026-05-19 13:27:00+00:00
[2026-05-19T13:27:36.083+0000] {processor.py:183} INFO - Processing /home/airflow/.local/lib/python3.12/site-packages/airflow/example_dags/example_branch_python_dop_operator_3.py took 0.133 seconds
[2026-05-19T13:28:06.671+0000] {processor.py:161} INFO - Started process (PID=408) to work on /home/airflow/.local/lib/python3.12/site-packages/airflow/example_dags/example_branch_python_dop_operator_3.py
[2026-05-19T13:28:06.672+0000] {processor.py:830} INFO - Processing file /home/airflow/.local/lib/python3.12/site-packages/airflow/example_dags/example_branch_python_dop_operator_3.py for tasks to queue
[2026-05-19T13:28:06.675+0000] {logging_mixin.py:188} INFO - [2026-05-19T13:28:06.675+0000] {dagbag.py:545} INFO - Filling up the DagBag from /home/airflow/.local/lib/python3.12/site-packages/airflow/example_dags/example_branch_python_dop_operator_3.py
[2026-05-19T13:28:06.688+0000] {processor.py:840} INFO - DAG(s) 'example_branch_dop_operator_v3' retrieved from /home/airflow/.local/lib/python3.12/site-packages/airflow/example_dags/example_branch_python_dop_operator_3.py
[2026-05-19T13:28:06.720+0000] {logging_mixin.py:188} INFO - [2026-05-19T13:28:06.720+0000] {dag.py:3096} INFO - Sync 1 DAGs
[2026-05-19T13:28:06.753+0000] {logging_mixin.py:188} INFO - [2026-05-19T13:28:06.753+0000] {dag.py:3954} INFO - Setting next_dagrun for example_branch_dop_operator_v3 to 2026-05-19 13:27:00+00:00, run_after=2026-05-19 13:28:00+00:00
[2026-05-19T13:28:06.791+0000] {processor.py:183} INFO - Processing /home/airflow/.local/lib/python3.12/site-packages/airflow/example_dags/example_branch_python_dop_operator_3.py took 0.124 seconds
[2026-05-19T13:28:36.863+0000] {processor.py:161} INFO - Started process (PID=467) to work on /home/airflow/.local/lib/python3.12/site-packages/airflow/example_dags/example_branch_python_dop_operator_3.py
[2026-05-19T13:28:36.865+0000] {processor.py:830} INFO - Processing file /home/airflow/.local/lib/python3.12/site-packages/airflow/example_dags/example_branch_python_dop_operator_3.py for tasks to queue
[2026-05-19T13:28:36.871+0000] {logging_mixin.py:188} INFO - [2026-05-19T13:28:36.870+0000] {dagbag.py:545} INFO - Filling up the DagBag from /home/airflow/.local/lib/python3.12/site-packages/airflow/example_dags/example_branch_python_dop_operator_3.py
[2026-05-19T13:28:36.882+0000] {processor.py:840} INFO - DAG(s) 'example_branch_dop_operator_v3' retrieved from /home/airflow/.local/lib/python3.12/site-packages/airflow/example_dags/example_branch_python_dop_operator_3.py
[2026-05-19T13:28:36.914+0000] {logging_mixin.py:188} INFO - [2026-05-19T13:28:36.914+0000] {dag.py:3096} INFO - Sync 1 DAGs
[2026-05-19T13:28:36.945+0000] {logging_mixin.py:188} INFO - [2026-05-19T13:28:36.945+0000] {dag.py:3954} INFO - Setting next_dagrun for example_branch_dop_operator_v3 to 2026-05-19 13:27:00+00:00, run_after=2026-05-19 13:28:00+00:00
[2026-05-19T13:28:36.971+0000] {processor.py:183} INFO - Processing /home/airflow/.local/lib/python3.12/site-packages/airflow/example_dags/example_branch_python_dop_operator_3.py took 0.117 seconds
[2026-05-19T13:29:07.258+0000] {processor.py:161} INFO - Started process (PID=526) to work on /home/airflow/.local/lib/python3.12/site-packages/airflow/example_dags/example_branch_python_dop_operator_3.py
[2026-05-19T13:29:07.260+0000] {processor.py:830} INFO - Processing file /home/airflow/.local/lib/python3.12/site-packages/airflow/example_dags/example_branch_python_dop_operator_3.py for tasks to queue
[2026-05-19T13:29:07.263+0000] {logging_mixin.py:188} INFO - [2026-05-19T13:29:07.263+0000] {dagbag.py:545} INFO - Filling up the DagBag from /home/airflow/.local/lib/python3.12/site-packages/airflow/example_dags/example_branch_python_dop_operator_3.py
[2026-05-19T13:29:07.271+0000] {processor.py:840} INFO - DAG(s) 'example_branch_dop_operator_v3' retrieved from /home/airflow/.local/lib/python3.12/site-packages/airflow/example_dags/example_branch_python_dop_operator_3.py
[2026-05-19T13:29:07.290+0000] {logging_mixin.py:188} INFO - [2026-05-19T13:29:07.290+0000] {dag.py:3096} INFO - Sync 1 DAGs
[2026-05-19T13:29:07.313+0000] {logging_mixin.py:188} INFO - [2026-05-19T13:29:07.312+0000] {dag.py:3954} INFO - Setting next_dagrun for example_branch_dop_operator_v3 to 2026-05-19 13:28:00+00:00, run_after=2026-05-19 13:29:00+00:00
[2026-05-19T13:29:07.338+0000] {processor.py:183} INFO - Processing /home/airflow/.local/lib/python3.12/site-packages/airflow/example_dags/example_branch_python_dop_operator_3.py took 0.087 seconds
[2026-05-19T13:31:04.683+0000] {processor.py:161} INFO - Started process (PID=116) to work on /home/airflow/.local/lib/python3.12/site-packages/airflow/example_dags/example_branch_python_dop_operator_3.py
[2026-05-19T13:31:04.685+0000] {processor.py:830} INFO - Processing file /home/airflow/.local/lib/python3.12/site-packages/airflow/example_dags/example_branch_python_dop_operator_3.py for tasks to queue
[2026-05-19T13:31:04.693+0000] {logging_mixin.py:188} INFO - [2026-05-19T13:31:04.692+0000] {dagbag.py:545} INFO - Filling up the DagBag from /home/airflow/.local/lib/python3.12/site-packages/airflow/example_dags/example_branch_python_dop_operator_3.py
[2026-05-19T13:31:04.708+0000] {processor.py:840} INFO - DAG(s) 'example_branch_dop_operator_v3' retrieved from /home/airflow/.local/lib/python3.12/site-packages/airflow/example_dags/example_branch_python_dop_operator_3.py
[2026-05-19T13:31:04.908+0000] {logging_mixin.py:188} INFO - [2026-05-19T13:31:04.908+0000] {dag.py:3096} INFO - Sync 1 DAGs
[2026-05-19T13:31:05.187+0000] {logging_mixin.py:188} INFO - [2026-05-19T13:31:05.186+0000] {dag.py:3954} INFO - Setting next_dagrun for example_branch_dop_operator_v3 to 2026-05-19 13:30:00+00:00, run_after=2026-05-19 13:31:00+00:00
[2026-05-19T13:31:05.232+0000] {processor.py:183} INFO - Processing /home/airflow/.local/lib/python3.12/site-packages/airflow/example_dags/example_branch_python_dop_operator_3.py took 0.567 seconds
[2026-05-19T13:31:35.610+0000] {processor.py:161} INFO - Started process (PID=175) to work on /home/airflow/.local/lib/python3.12/site-packages/airflow/example_dags/example_branch_python_dop_operator_3.py
[2026-05-19T13:31:35.611+0000] {processor.py:830} INFO - Processing file /home/airflow/.local/lib/python3.12/site-packages/airflow/example_dags/example_branch_python_dop_operator_3.py for tasks to queue
[2026-05-19T13:31:35.615+0000] {logging_mixin.py:188} INFO - [2026-05-19T13:31:35.614+0000] {dagbag.py:545} INFO - Filling up the DagBag from /home/airflow/.local/lib/python3.12/site-packages/airflow/example_dags/example_branch_python_dop_operator_3.py
[2026-05-19T13:31:35.628+0000] {processor.py:840} INFO - DAG(s) 'example_branch_dop_operator_v3' retrieved from /home/airflow/.local/lib/python3.12/site-packages/airflow/example_dags/example_branch_python_dop_operator_3.py
[2026-05-19T13:31:35.659+0000] {logging_mixin.py:188} INFO - [2026-05-19T13:31:35.658+0000] {dag.py:3096} INFO - Sync 1 DAGs
[2026-05-19T13:31:35.687+0000] {logging_mixin.py:188} INFO - [2026-05-19T13:31:35.687+0000] {dag.py:3954} INFO - Setting next_dagrun for example_branch_dop_operator_v3 to 2026-05-19 13:30:00+00:00, run_after=2026-05-19 13:31:00+00:00
[2026-05-19T13:31:35.720+0000] {processor.py:183} INFO - Processing /home/airflow/.local/lib/python3.12/site-packages/airflow/example_dags/example_branch_python_dop_operator_3.py took 0.116 seconds
[2026-05-19T13:32:06.724+0000] {processor.py:161} INFO - Started process (PID=234) to work on /home/airflow/.local/lib/python3.12/site-packages/airflow/example_dags/example_branch_python_dop_operator_3.py
[2026-05-19T13:32:06.726+0000] {processor.py:830} INFO - Processing file /home/airflow/.local/lib/python3.12/site-packages/airflow/example_dags/example_branch_python_dop_operator_3.py for tasks to queue
[2026-05-19T13:32:06.731+0000] {logging_mixin.py:188} INFO - [2026-05-19T13:32:06.730+0000] {dagbag.py:545} INFO - Filling up the DagBag from /home/airflow/.local/lib/python3.12/site-packages/airflow/example_dags/example_branch_python_dop_operator_3.py
[2026-05-19T13:32:06.742+0000] {processor.py:840} INFO - DAG(s) 'example_branch_dop_operator_v3' retrieved from /home/airflow/.local/lib/python3.12/site-packages/airflow/example_dags/example_branch_python_dop_operator_3.py
[2026-05-19T13:32:06.767+0000] {logging_mixin.py:188} INFO - [2026-05-19T13:32:06.767+0000] {dag.py:3096} INFO - Sync 1 DAGs
[2026-05-19T13:32:06.803+0000] {logging_mixin.py:188} INFO - [2026-05-19T13:32:06.803+0000] {dag.py:3954} INFO - Setting next_dagrun for example_branch_dop_operator_v3 to 2026-05-19 13:31:00+00:00, run_after=2026-05-19 13:32:00+00:00
[2026-05-19T13:32:06.831+0000] {processor.py:183} INFO - Processing /home/airflow/.local/lib/python3.12/site-packages/airflow/example_dags/example_branch_python_dop_operator_3.py took 0.116 seconds
[2026-05-19T13:32:37.958+0000] {processor.py:161} INFO - Started process (PID=293) to work on /home/airflow/.local/lib/python3.12/site-packages/airflow/example_dags/example_branch_python_dop_operator_3.py
[2026-05-19T13:32:37.961+0000] {processor.py:830} INFO - Processing file /home/airflow/.local/lib/python3.12/site-packages/airflow/example_dags/example_branch_python_dop_operator_3.py for tasks to queue
[2026-05-19T13:32:37.966+0000] {logging_mixin.py:188} INFO - [2026-05-19T13:32:37.965+0000] {dagbag.py:545} INFO - Filling up the DagBag from /home/airflow/.local/lib/python3.12/site-packages/airflow/example_dags/example_branch_python_dop_operator_3.py
[2026-05-19T13:32:37.987+0000] {processor.py:840} INFO - DAG(s) 'example_branch_dop_operator_v3' retrieved from /home/airflow/.local/lib/python3.12/site-packages/airflow/example_dags/example_branch_python_dop_operator_3.py
[2026-05-19T13:32:38.039+0000] {logging_mixin.py:188} INFO - [2026-05-19T13:32:38.039+0000] {dag.py:3096} INFO - Sync 1 DAGs
[2026-05-19T13:32:38.101+0000] {logging_mixin.py:188} INFO - [2026-05-19T13:32:38.101+0000] {dag.py:3954} INFO - Setting next_dagrun for example_branch_dop_operator_v3 to 2026-05-19 13:31:00+00:00, run_after=2026-05-19 13:32:00+00:00
[2026-05-19T13:32:38.156+0000] {processor.py:183} INFO - Processing /home/airflow/.local/lib/python3.12/site-packages/airflow/example_dags/example_branch_python_dop_operator_3.py took 0.212 seconds
[2026-05-19T13:33:08.668+0000] {processor.py:161} INFO - Started process (PID=352) to work on /home/airflow/.local/lib/python3.12/site-packages/airflow/example_dags/example_branch_python_dop_operator_3.py
[2026-05-19T13:33:08.671+0000] {processor.py:830} INFO - Processing file /home/airflow/.local/lib/python3.12/site-packages/airflow/example_dags/example_branch_python_dop_operator_3.py for tasks to queue
[2026-05-19T13:33:08.676+0000] {logging_mixin.py:188} INFO - [2026-05-19T13:33:08.675+0000] {dagbag.py:545} INFO - Filling up the DagBag from /home/airflow/.local/lib/python3.12/site-packages/airflow/example_dags/example_branch_python_dop_operator_3.py
[2026-05-19T13:33:08.692+0000] {processor.py:840} INFO - DAG(s) 'example_branch_dop_operator_v3' retrieved from /home/airflow/.local/lib/python3.12/site-packages/airflow/example_dags/example_branch_python_dop_operator_3.py
[2026-05-19T13:33:08.721+0000] {logging_mixin.py:188} INFO - [2026-05-19T13:33:08.721+0000] {dag.py:3096} INFO - Sync 1 DAGs
[2026-05-19T13:33:08.757+0000] {logging_mixin.py:188} INFO - [2026-05-19T13:33:08.756+0000] {dag.py:3954} INFO - Setting next_dagrun for example_branch_dop_operator_v3 to 2026-05-19 13:32:00+00:00, run_after=2026-05-19 13:33:00+00:00
[2026-05-19T13:33:08.793+0000] {processor.py:183} INFO - Processing /home/airflow/.local/lib/python3.12/site-packages/airflow/example_dags/example_branch_python_dop_operator_3.py took 0.134 seconds
[2026-05-19T13:33:39.312+0000] {processor.py:161} INFO - Started process (PID=411) to work on /home/airflow/.local/lib/python3.12/site-packages/airflow/example_dags/example_branch_python_dop_operator_3.py
[2026-05-19T13:33:39.314+0000] {processor.py:830} INFO - Processing file /home/airflow/.local/lib/python3.12/site-packages/airflow/example_dags/example_branch_python_dop_operator_3.py for tasks to queue
[2026-05-19T13:33:39.316+0000] {logging_mixin.py:188} INFO - [2026-05-19T13:33:39.316+0000] {dagbag.py:545} INFO - Filling up the DagBag from /home/airflow/.local/lib/python3.12/site-packages/airflow/example_dags/example_branch_python_dop_operator_3.py
[2026-05-19T13:33:39.326+0000] {processor.py:840} INFO - DAG(s) 'example_branch_dop_operator_v3' retrieved from /home/airflow/.local/lib/python3.12/site-packages/airflow/example_dags/example_branch_python_dop_operator_3.py
[2026-05-19T13:33:39.358+0000] {logging_mixin.py:188} INFO - [2026-05-19T13:33:39.358+0000] {dag.py:3096} INFO - Sync 1 DAGs
[2026-05-19T13:33:39.397+0000] {logging_mixin.py:188} INFO - [2026-05-19T13:33:39.397+0000] {dag.py:3954} INFO - Setting next_dagrun for example_branch_dop_operator_v3 to 2026-05-19 13:32:00+00:00, run_after=2026-05-19 13:33:00+00:00
[2026-05-19T13:33:39.432+0000] {processor.py:183} INFO - Processing /home/airflow/.local/lib/python3.12/site-packages/airflow/example_dags/example_branch_python_dop_operator_3.py took 0.129 seconds
[2026-05-19T13:34:10.166+0000] {processor.py:161} INFO - Started process (PID=470) to work on /home/airflow/.local/lib/python3.12/site-packages/airflow/example_dags/example_branch_python_dop_operator_3.py
[2026-05-19T13:34:10.168+0000] {processor.py:830} INFO - Processing file /home/airflow/.local/lib/python3.12/site-packages/airflow/example_dags/example_branch_python_dop_operator_3.py for tasks to queue
[2026-05-19T13:34:10.174+0000] {logging_mixin.py:188} INFO - [2026-05-19T13:34:10.172+0000] {dagbag.py:545} INFO - Filling up the DagBag from /home/airflow/.local/lib/python3.12/site-packages/airflow/example_dags/example_branch_python_dop_operator_3.py
[2026-05-19T13:34:10.187+0000] {processor.py:840} INFO - DAG(s) 'example_branch_dop_operator_v3' retrieved from /home/airflow/.local/lib/python3.12/site-packages/airflow/example_dags/example_branch_python_dop_operator_3.py
[2026-05-19T13:34:10.220+0000] {logging_mixin.py:188} INFO - [2026-05-19T13:34:10.219+0000] {dag.py:3096} INFO - Sync 1 DAGs
[2026-05-19T13:34:10.264+0000] {logging_mixin.py:188} INFO - [2026-05-19T13:34:10.264+0000] {dag.py:3954} INFO - Setting next_dagrun for example_branch_dop_operator_v3 to 2026-05-19 13:33:00+00:00, run_after=2026-05-19 13:34:00+00:00
[2026-05-19T13:34:10.303+0000] {processor.py:183} INFO - Processing /home/airflow/.local/lib/python3.12/site-packages/airflow/example_dags/example_branch_python_dop_operator_3.py took 0.150 seconds
[2026-05-19T13:34:40.799+0000] {processor.py:161} INFO - Started process (PID=529) to work on /home/airflow/.local/lib/python3.12/site-packages/airflow/example_dags/example_branch_python_dop_operator_3.py
[2026-05-19T13:34:40.801+0000] {processor.py:830} INFO - Processing file /home/airflow/.local/lib/python3.12/site-packages/airflow/example_dags/example_branch_python_dop_operator_3.py for tasks to queue
[2026-05-19T13:34:40.806+0000] {logging_mixin.py:188} INFO - [2026-05-19T13:34:40.805+0000] {dagbag.py:545} INFO - Filling up the DagBag from /home/airflow/.local/lib/python3.12/site-packages/airflow/example_dags/example_branch_python_dop_operator_3.py
[2026-05-19T13:34:40.825+0000] {processor.py:840} INFO - DAG(s) 'example_branch_dop_operator_v3' retrieved from /home/airflow/.local/lib/python3.12/site-packages/airflow/example_dags/example_branch_python_dop_operator_3.py
[2026-05-19T13:34:40.866+0000] {logging_mixin.py:188} INFO - [2026-05-19T13:34:40.865+0000] {dag.py:3096} INFO - Sync 1 DAGs
[2026-05-19T13:34:40.907+0000] {logging_mixin.py:188} INFO - [2026-05-19T13:34:40.906+0000] {dag.py:3954} INFO - Setting next_dagrun for example_branch_dop_operator_v3 to 2026-05-19 13:33:00+00:00, run_after=2026-05-19 13:34:00+00:00
[2026-05-19T13:34:40.949+0000] {processor.py:183} INFO - Processing /home/airflow/.local/lib/python3.12/site-packages/airflow/example_dags/example_branch_python_dop_operator_3.py took 0.162 seconds
[2026-05-19T13:35:11.897+0000] {processor.py:161} INFO - Started process (PID=588) to work on /home/airflow/.local/lib/python3.12/site-packages/airflow/example_dags/example_branch_python_dop_operator_3.py
[2026-05-19T13:35:11.898+0000] {processor.py:830} INFO - Processing file /home/airflow/.local/lib/python3.12/site-packages/airflow/example_dags/example_branch_python_dop_operator_3.py for tasks to queue
[2026-05-19T13:35:11.901+0000] {logging_mixin.py:188} INFO - [2026-05-19T13:35:11.901+0000] {dagbag.py:545} INFO - Filling up the DagBag from /home/airflow/.local/lib/python3.12/site-packages/airflow/example_dags/example_branch_python_dop_operator_3.py
[2026-05-19T13:35:11.913+0000] {processor.py:840} INFO - DAG(s) 'example_branch_dop_operator_v3' retrieved from /home/airflow/.local/lib/python3.12/site-packages/airflow/example_dags/example_branch_python_dop_operator_3.py
[2026-05-19T13:35:11.943+0000] {logging_mixin.py:188} INFO - [2026-05-19T13:35:11.942+0000] {dag.py:3096} INFO - Sync 1 DAGs
[2026-05-19T13:35:11.968+0000] {logging_mixin.py:188} INFO - [2026-05-19T13:35:11.967+0000] {dag.py:3954} INFO - Setting next_dagrun for example_branch_dop_operator_v3 to 2026-05-19 13:34:00+00:00, run_after=2026-05-19 13:35:00+00:00
[2026-05-19T13:35:12.004+0000] {processor.py:183} INFO - Processing /home/airflow/.local/lib/python3.12/site-packages/airflow/example_dags/example_branch_python_dop_operator_3.py took 0.113 seconds
[2026-05-19T13:35:42.071+0000] {processor.py:161} INFO - Started process (PID=646) to work on /home/airflow/.local/lib/python3.12/site-packages/airflow/example_dags/example_branch_python_dop_operator_3.py
[2026-05-19T13:35:42.072+0000] {processor.py:830} INFO - Processing file /home/airflow/.local/lib/python3.12/site-packages/airflow/example_dags/example_branch_python_dop_operator_3.py for tasks to queue
[2026-05-19T13:35:42.076+0000] {logging_mixin.py:188} INFO - [2026-05-19T13:35:42.075+0000] {dagbag.py:545} INFO - Filling up the DagBag from /home/airflow/.local/lib/python3.12/site-packages/airflow/example_dags/example_branch_python_dop_operator_3.py
[2026-05-19T13:35:42.088+0000] {processor.py:840} INFO - DAG(s) 'example_branch_dop_operator_v3' retrieved from /home/airflow/.local/lib/python3.12/site-packages/airflow/example_dags/example_branch_python_dop_operator_3.py
[2026-05-19T13:35:42.107+0000] {logging_mixin.py:188} INFO - [2026-05-19T13:35:42.107+0000] {dag.py:3096} INFO - Sync 1 DAGs
[2026-05-19T13:35:42.135+0000] {logging_mixin.py:188} INFO - [2026-05-19T13:35:42.135+0000] {dag.py:3954} INFO - Setting next_dagrun for example_branch_dop_operator_v3 to 2026-05-19 13:34:00+00:00, run_after=2026-05-19 13:35:00+00:00
[2026-05-19T13:35:42.159+0000] {processor.py:183} INFO - Processing /home/airflow/.local/lib/python3.12/site-packages/airflow/example_dags/example_branch_python_dop_operator_3.py took 0.094 seconds
[2026-05-19T13:36:12.530+0000] {processor.py:161} INFO - Started process (PID=706) to work on /home/airflow/.local/lib/python3.12/site-packages/airflow/example_dags/example_branch_python_dop_operator_3.py
[2026-05-19T13:36:12.532+0000] {processor.py:830} INFO - Processing file /home/airflow/.local/lib/python3.12/site-packages/airflow/example_dags/example_branch_python_dop_operator_3.py for tasks to queue
[2026-05-19T13:36:12.544+0000] {logging_mixin.py:188} INFO - [2026-05-19T13:36:12.543+0000] {dagbag.py:545} INFO - Filling up the DagBag from /home/airflow/.local/lib/python3.12/site-packages/airflow/example_dags/example_branch_python_dop_operator_3.py
[2026-05-19T13:36:12.586+0000] {processor.py:840} INFO - DAG(s) 'example_branch_dop_operator_v3' retrieved from /home/airflow/.local/lib/python3.12/site-packages/airflow/example_dags/example_branch_python_dop_operator_3.py
[2026-05-19T13:36:12.678+0000] {logging_mixin.py:188} INFO - [2026-05-19T13:36:12.677+0000] {dag.py:3096} INFO - Sync 1 DAGs
[2026-05-19T13:36:12.814+0000] {logging_mixin.py:188} INFO - [2026-05-19T13:36:12.813+0000] {dag.py:3954} INFO - Setting next_dagrun for example_branch_dop_operator_v3 to 2026-05-19 13:35:00+00:00, run_after=2026-05-19 13:36:00+00:00
[2026-05-19T13:36:12.907+0000] {processor.py:183} INFO - Processing /home/airflow/.local/lib/python3.12/site-packages/airflow/example_dags/example_branch_python_dop_operator_3.py took 0.403 seconds
[2026-05-19T13:36:43.029+0000] {processor.py:161} INFO - Started process (PID=770) to work on /home/airflow/.local/lib/python3.12/site-packages/airflow/example_dags/example_branch_python_dop_operator_3.py
[2026-05-19T13:36:43.031+0000] {processor.py:830} INFO - Processing file /home/airflow/.local/lib/python3.12/site-packages/airflow/example_dags/example_branch_python_dop_operator_3.py for tasks to queue
[2026-05-19T13:36:43.034+0000] {logging_mixin.py:188} INFO - [2026-05-19T13:36:43.033+0000] {dagbag.py:545} INFO - Filling up the DagBag from /home/airflow/.local/lib/python3.12/site-packages/airflow/example_dags/example_branch_python_dop_operator_3.py
[2026-05-19T13:36:43.044+0000] {processor.py:840} INFO - DAG(s) 'example_branch_dop_operator_v3' retrieved from /home/airflow/.local/lib/python3.12/site-packages/airflow/example_dags/example_branch_python_dop_operator_3.py
[2026-05-19T13:36:43.068+0000] {logging_mixin.py:188} INFO - [2026-05-19T13:36:43.068+0000] {dag.py:3096} INFO - Sync 1 DAGs
[2026-05-19T13:36:43.108+0000] {logging_mixin.py:188} INFO - [2026-05-19T13:36:43.107+0000] {dag.py:3954} INFO - Setting next_dagrun for example_branch_dop_operator_v3 to 2026-05-19 13:35:00+00:00, run_after=2026-05-19 13:36:00+00:00
[2026-05-19T13:36:43.144+0000] {processor.py:183} INFO - Processing /home/airflow/.local/lib/python3.12/site-packages/airflow/example_dags/example_branch_python_dop_operator_3.py took 0.123 seconds
[2026-05-19T13:37:13.533+0000] {processor.py:161} INFO - Started process (PID=829) to work on /home/airflow/.local/lib/python3.12/site-packages/airflow/example_dags/example_branch_python_dop_operator_3.py
[2026-05-19T13:37:13.535+0000] {processor.py:830} INFO - Processing file /home/airflow/.local/lib/python3.12/site-packages/airflow/example_dags/example_branch_python_dop_operator_3.py for tasks to queue
[2026-05-19T13:37:13.539+0000] {logging_mixin.py:188} INFO - [2026-05-19T13:37:13.539+0000] {dagbag.py:545} INFO - Filling up the DagBag from /home/airflow/.local/lib/python3.12/site-packages/airflow/example_dags/example_branch_python_dop_operator_3.py
[2026-05-19T13:37:13.551+0000] {processor.py:840} INFO - DAG(s) 'example_branch_dop_operator_v3' retrieved from /home/airflow/.local/lib/python3.12/site-packages/airflow/example_dags/example_branch_python_dop_operator_3.py
[2026-05-19T13:37:13.579+0000] {logging_mixin.py:188} INFO - [2026-05-19T13:37:13.579+0000] {dag.py:3096} INFO - Sync 1 DAGs
[2026-05-19T13:37:13.612+0000] {logging_mixin.py:188} INFO - [2026-05-19T13:37:13.612+0000] {dag.py:3954} INFO - Setting next_dagrun for example_branch_dop_operator_v3 to 2026-05-19 13:36:00+00:00, run_after=2026-05-19 13:37:00+00:00
[2026-05-19T13:37:13.637+0000] {processor.py:183} INFO - Processing /home/airflow/.local/lib/python3.12/site-packages/airflow/example_dags/example_branch_python_dop_operator_3.py took 0.113 seconds
[2026-05-19T13:37:44.286+0000] {processor.py:161} INFO - Started process (PID=888) to work on /home/airflow/.local/lib/python3.12/site-packages/airflow/example_dags/example_branch_python_dop_operator_3.py
[2026-05-19T13:37:44.288+0000] {processor.py:830} INFO - Processing file /home/airflow/.local/lib/python3.12/site-packages/airflow/example_dags/example_branch_python_dop_operator_3.py for tasks to queue
[2026-05-19T13:37:44.291+0000] {logging_mixin.py:188} INFO - [2026-05-19T13:37:44.291+0000] {dagbag.py:545} INFO - Filling up the DagBag from /home/airflow/.local/lib/python3.12/site-packages/airflow/example_dags/example_branch_python_dop_operator_3.py
[2026-05-19T13:37:44.301+0000] {processor.py:840} INFO - DAG(s) 'example_branch_dop_operator_v3' retrieved from /home/airflow/.local/lib/python3.12/site-packages/airflow/example_dags/example_branch_python_dop_operator_3.py
[2026-05-19T13:37:44.330+0000] {logging_mixin.py:188} INFO - [2026-05-19T13:37:44.330+0000] {dag.py:3096} INFO - Sync 1 DAGs
[2026-05-19T13:37:44.361+0000] {logging_mixin.py:188} INFO - [2026-05-19T13:37:44.361+0000] {dag.py:3954} INFO - Setting next_dagrun for example_branch_dop_operator_v3 to 2026-05-19 13:36:00+00:00, run_after=2026-05-19 13:37:00+00:00
[2026-05-19T13:37:44.393+0000] {processor.py:183} INFO - Processing /home/airflow/.local/lib/python3.12/site-packages/airflow/example_dags/example_branch_python_dop_operator_3.py took 0.114 seconds
[2026-05-19T13:38:14.895+0000] {processor.py:161} INFO - Started process (PID=948) to work on /home/airflow/.local/lib/python3.12/site-packages/airflow/example_dags/example_branch_python_dop_operator_3.py
[2026-05-19T13:38:14.897+0000] {processor.py:830} INFO - Processing file /home/airflow/.local/lib/python3.12/site-packages/airflow/example_dags/example_branch_python_dop_operator_3.py for tasks to queue
[2026-05-19T13:38:14.902+0000] {logging_mixin.py:188} INFO - [2026-05-19T13:38:14.901+0000] {dagbag.py:545} INFO - Filling up the DagBag from /home/airflow/.local/lib/python3.12/site-packages/airflow/example_dags/example_branch_python_dop_operator_3.py
[2026-05-19T13:38:14.911+0000] {processor.py:840} INFO - DAG(s) 'example_branch_dop_operator_v3' retrieved from /home/airflow/.local/lib/python3.12/site-packages/airflow/example_dags/example_branch_python_dop_operator_3.py
[2026-05-19T13:38:14.945+0000] {logging_mixin.py:188} INFO - [2026-05-19T13:38:14.944+0000] {dag.py:3096} INFO - Sync 1 DAGs
[2026-05-19T13:38:14.987+0000] {logging_mixin.py:188} INFO - [2026-05-19T13:38:14.987+0000] {dag.py:3954} INFO - Setting next_dagrun for example_branch_dop_operator_v3 to 2026-05-19 13:37:00+00:00, run_after=2026-05-19 13:38:00+00:00
[2026-05-19T13:38:15.024+0000] {processor.py:183} INFO - Processing /home/airflow/.local/lib/python3.12/site-packages/airflow/example_dags/example_branch_python_dop_operator_3.py took 0.136 seconds
[2026-05-19T13:38:45.118+0000] {processor.py:161} INFO - Started process (PID=1008) to work on /home/airflow/.local/lib/python3.12/site-packages/airflow/example_dags/example_branch_python_dop_operator_3.py
[2026-05-19T13:38:45.120+0000] {processor.py:830} INFO - Processing file /home/airflow/.local/lib/python3.12/site-packages/airflow/example_dags/example_branch_python_dop_operator_3.py for tasks to queue
[2026-05-19T13:38:45.124+0000] {logging_mixin.py:188} INFO - [2026-05-19T13:38:45.123+0000] {dagbag.py:545} INFO - Filling up the DagBag from /home/airflow/.local/lib/python3.12/site-packages/airflow/example_dags/example_branch_python_dop_operator_3.py
[2026-05-19T13:38:45.136+0000] {processor.py:840} INFO - DAG(s) 'example_branch_dop_operator_v3' retrieved from /home/airflow/.local/lib/python3.12/site-packages/airflow/example_dags/example_branch_python_dop_operator_3.py
[2026-05-19T13:38:45.169+0000] {logging_mixin.py:188} INFO - [2026-05-19T13:38:45.169+0000] {dag.py:3096} INFO - Sync 1 DAGs
[2026-05-19T13:38:45.195+0000] {logging_mixin.py:188} INFO - [2026-05-19T13:38:45.195+0000] {dag.py:3954} INFO - Setting next_dagrun for example_branch_dop_operator_v3 to 2026-05-19 13:37:00+00:00, run_after=2026-05-19 13:38:00+00:00
[2026-05-19T13:38:45.227+0000] {processor.py:183} INFO - Processing /home/airflow/.local/lib/python3.12/site-packages/airflow/example_dags/example_branch_python_dop_operator_3.py took 0.114 seconds
[2026-05-19T13:39:15.434+0000] {processor.py:161} INFO - Started process (PID=1067) to work on /home/airflow/.local/lib/python3.12/site-packages/airflow/example_dags/example_branch_python_dop_operator_3.py
[2026-05-19T13:39:15.436+0000] {processor.py:830} INFO - Processing file /home/airflow/.local/lib/python3.12/site-packages/airflow/example_dags/example_branch_python_dop_operator_3.py for tasks to queue
[2026-05-19T13:39:15.442+0000] {logging_mixin.py:188} INFO - [2026-05-19T13:39:15.441+0000] {dagbag.py:545} INFO - Filling up the DagBag from /home/airflow/.local/lib/python3.12/site-packages/airflow/example_dags/example_branch_python_dop_operator_3.py
[2026-05-19T13:39:15.459+0000] {processor.py:840} INFO - DAG(s) 'example_branch_dop_operator_v3' retrieved from /home/airflow/.local/lib/python3.12/site-packages/airflow/example_dags/example_branch_python_dop_operator_3.py
[2026-05-19T13:39:15.519+0000] {logging_mixin.py:188} INFO - [2026-05-19T13:39:15.519+0000] {dag.py:3096} INFO - Sync 1 DAGs
[2026-05-19T13:39:15.591+0000] {logging_mixin.py:188} INFO - [2026-05-19T13:39:15.590+0000] {dag.py:3954} INFO - Setting next_dagrun for example_branch_dop_operator_v3 to 2026-05-19 13:38:00+00:00, run_after=2026-05-19 13:39:00+00:00
[2026-05-19T13:39:15.646+0000] {processor.py:183} INFO - Processing /home/airflow/.local/lib/python3.12/site-packages/airflow/example_dags/example_branch_python_dop_operator_3.py took 0.226 seconds
[2026-05-19T13:39:45.740+0000] {processor.py:161} INFO - Started process (PID=1126) to work on /home/airflow/.local/lib/python3.12/site-packages/airflow/example_dags/example_branch_python_dop_operator_3.py
[2026-05-19T13:39:45.741+0000] {processor.py:830} INFO - Processing file /home/airflow/.local/lib/python3.12/site-packages/airflow/example_dags/example_branch_python_dop_operator_3.py for tasks to queue
[2026-05-19T13:39:45.743+0000] {logging_mixin.py:188} INFO - [2026-05-19T13:39:45.743+0000] {dagbag.py:545} INFO - Filling up the DagBag from /home/airflow/.local/lib/python3.12/site-packages/airflow/example_dags/example_branch_python_dop_operator_3.py
[2026-05-19T13:39:45.754+0000] {processor.py:840} INFO - DAG(s) 'example_branch_dop_operator_v3' retrieved from /home/airflow/.local/lib/python3.12/site-packages/airflow/example_dags/example_branch_python_dop_operator_3.py
[2026-05-19T13:39:45.781+0000] {logging_mixin.py:188} INFO - [2026-05-19T13:39:45.781+0000] {dag.py:3096} INFO - Sync 1 DAGs
[2026-05-19T13:39:45.808+0000] {logging_mixin.py:188} INFO - [2026-05-19T13:39:45.808+0000] {dag.py:3954} INFO - Setting next_dagrun for example_branch_dop_operator_v3 to 2026-05-19 13:38:00+00:00, run_after=2026-05-19 13:39:00+00:00
[2026-05-19T13:39:45.837+0000] {processor.py:183} INFO - Processing /home/airflow/.local/lib/python3.12/site-packages/airflow/example_dags/example_branch_python_dop_operator_3.py took 0.103 seconds
[2026-05-19T13:40:16.340+0000] {processor.py:161} INFO - Started process (PID=1185) to work on /home/airflow/.local/lib/python3.12/site-packages/airflow/example_dags/example_branch_python_dop_operator_3.py
[2026-05-19T13:40:16.341+0000] {processor.py:830} INFO - Processing file /home/airflow/.local/lib/python3.12/site-packages/airflow/example_dags/example_branch_python_dop_operator_3.py for tasks to queue
[2026-05-19T13:40:16.346+0000] {logging_mixin.py:188} INFO - [2026-05-19T13:40:16.345+0000] {dagbag.py:545} INFO - Filling up the DagBag from /home/airflow/.local/lib/python3.12/site-packages/airflow/example_dags/example_branch_python_dop_operator_3.py
[2026-05-19T13:40:16.355+0000] {processor.py:840} INFO - DAG(s) 'example_branch_dop_operator_v3' retrieved from /home/airflow/.local/lib/python3.12/site-packages/airflow/example_dags/example_branch_python_dop_operator_3.py
[2026-05-19T13:40:16.386+0000] {logging_mixin.py:188} INFO - [2026-05-19T13:40:16.386+0000] {dag.py:3096} INFO - Sync 1 DAGs
[2026-05-19T13:40:16.416+0000] {logging_mixin.py:188} INFO - [2026-05-19T13:40:16.416+0000] {dag.py:3954} INFO - Setting next_dagrun for example_branch_dop_operator_v3 to 2026-05-19 13:39:00+00:00, run_after=2026-05-19 13:40:00+00:00
[2026-05-19T13:40:16.446+0000] {processor.py:183} INFO - Processing /home/airflow/.local/lib/python3.12/site-packages/airflow/example_dags/example_branch_python_dop_operator_3.py took 0.113 seconds
[2026-05-19T13:40:46.586+0000] {processor.py:161} INFO - Started process (PID=1244) to work on /home/airflow/.local/lib/python3.12/site-packages/airflow/example_dags/example_branch_python_dop_operator_3.py
[2026-05-19T13:40:46.588+0000] {processor.py:830} INFO - Processing file /home/airflow/.local/lib/python3.12/site-packages/airflow/example_dags/example_branch_python_dop_operator_3.py for tasks to queue
[2026-05-19T13:40:46.590+0000] {logging_mixin.py:188} INFO - [2026-05-19T13:40:46.590+0000] {dagbag.py:545} INFO - Filling up the DagBag from /home/airflow/.local/lib/python3.12/site-packages/airflow/example_dags/example_branch_python_dop_operator_3.py
[2026-05-19T13:40:46.601+0000] {processor.py:840} INFO - DAG(s) 'example_branch_dop_operator_v3' retrieved from /home/airflow/.local/lib/python3.12/site-packages/airflow/example_dags/example_branch_python_dop_operator_3.py
[2026-05-19T13:40:46.626+0000] {logging_mixin.py:188} INFO - [2026-05-19T13:40:46.626+0000] {dag.py:3096} INFO - Sync 1 DAGs
[2026-05-19T13:40:46.660+0000] {logging_mixin.py:188} INFO - [2026-05-19T13:40:46.660+0000] {dag.py:3954} INFO - Setting next_dagrun for example_branch_dop_operator_v3 to 2026-05-19 13:39:00+00:00, run_after=2026-05-19 13:40:00+00:00
[2026-05-19T13:40:46.689+0000] {processor.py:183} INFO - Processing /home/airflow/.local/lib/python3.12/site-packages/airflow/example_dags/example_branch_python_dop_operator_3.py took 0.113 seconds
[2026-05-19T13:41:17.964+0000] {processor.py:161} INFO - Started process (PID=1303) to work on /home/airflow/.local/lib/python3.12/site-packages/airflow/example_dags/example_branch_python_dop_operator_3.py
[2026-05-19T13:41:17.967+0000] {processor.py:830} INFO - Processing file /home/airflow/.local/lib/python3.12/site-packages/airflow/example_dags/example_branch_python_dop_operator_3.py for tasks to queue
[2026-05-19T13:41:17.971+0000] {logging_mixin.py:188} INFO - [2026-05-19T13:41:17.970+0000] {dagbag.py:545} INFO - Filling up the DagBag from /home/airflow/.local/lib/python3.12/site-packages/airflow/example_dags/example_branch_python_dop_operator_3.py
[2026-05-19T13:41:17.993+0000] {processor.py:840} INFO - DAG(s) 'example_branch_dop_operator_v3' retrieved from /home/airflow/.local/lib/python3.12/site-packages/airflow/example_dags/example_branch_python_dop_operator_3.py
[2026-05-19T13:41:18.043+0000] {logging_mixin.py:188} INFO - [2026-05-19T13:41:18.043+0000] {dag.py:3096} INFO - Sync 1 DAGs
[2026-05-19T13:41:18.113+0000] {logging_mixin.py:188} INFO - [2026-05-19T13:41:18.112+0000] {dag.py:3954} INFO - Setting next_dagrun for example_branch_dop_operator_v3 to 2026-05-19 13:40:00+00:00, run_after=2026-05-19 13:41:00+00:00
[2026-05-19T13:41:18.190+0000] {processor.py:183} INFO - Processing /home/airflow/.local/lib/python3.12/site-packages/airflow/example_dags/example_branch_python_dop_operator_3.py took 0.236 seconds
[2026-05-19T13:41:51.075+0000] {processor.py:161} INFO - Started process (PID=1362) to work on /home/airflow/.local/lib/python3.12/site-packages/airflow/example_dags/example_branch_python_dop_operator_3.py
[2026-05-19T13:41:51.082+0000] {processor.py:830} INFO - Processing file /home/airflow/.local/lib/python3.12/site-packages/airflow/example_dags/example_branch_python_dop_operator_3.py for tasks to queue
[2026-05-19T13:41:51.089+0000] {logging_mixin.py:188} INFO - [2026-05-19T13:41:51.088+0000] {dagbag.py:545} INFO - Filling up the DagBag from /home/airflow/.local/lib/python3.12/site-packages/airflow/example_dags/example_branch_python_dop_operator_3.py
[2026-05-19T13:41:51.142+0000] {processor.py:840} INFO - DAG(s) 'example_branch_dop_operator_v3' retrieved from /home/airflow/.local/lib/python3.12/site-packages/airflow/example_dags/example_branch_python_dop_operator_3.py
[2026-05-19T13:41:51.257+0000] {logging_mixin.py:188} INFO - [2026-05-19T13:41:51.256+0000] {dag.py:3096} INFO - Sync 1 DAGs
[2026-05-19T13:41:51.487+0000] {logging_mixin.py:188} INFO - [2026-05-19T13:41:51.477+0000] {dag.py:3954} INFO - Setting next_dagrun for example_branch_dop_operator_v3 to 2026-05-19 13:40:00+00:00, run_after=2026-05-19 13:41:00+00:00
[2026-05-19T13:41:51.587+0000] {processor.py:183} INFO - Processing /home/airflow/.local/lib/python3.12/site-packages/airflow/example_dags/example_branch_python_dop_operator_3.py took 0.544 seconds
[2026-05-19T13:42:21.963+0000] {processor.py:161} INFO - Started process (PID=1421) to work on /home/airflow/.local/lib/python3.12/site-packages/airflow/example_dags/example_branch_python_dop_operator_3.py
[2026-05-19T13:42:21.968+0000] {processor.py:830} INFO - Processing file /home/airflow/.local/lib/python3.12/site-packages/airflow/example_dags/example_branch_python_dop_operator_3.py for tasks to queue
[2026-05-19T13:42:21.973+0000] {logging_mixin.py:188} INFO - [2026-05-19T13:42:21.972+0000] {dagbag.py:545} INFO - Filling up the DagBag from /home/airflow/.local/lib/python3.12/site-packages/airflow/example_dags/example_branch_python_dop_operator_3.py
[2026-05-19T13:42:21.986+0000] {processor.py:840} INFO - DAG(s) 'example_branch_dop_operator_v3' retrieved from /home/airflow/.local/lib/python3.12/site-packages/airflow/example_dags/example_branch_python_dop_operator_3.py
[2026-05-19T13:42:22.017+0000] {logging_mixin.py:188} INFO - [2026-05-19T13:42:22.017+0000] {dag.py:3096} INFO - Sync 1 DAGs
[2026-05-19T13:42:22.053+0000] {logging_mixin.py:188} INFO - [2026-05-19T13:42:22.053+0000] {dag.py:3954} INFO - Setting next_dagrun for example_branch_dop_operator_v3 to 2026-05-19 13:41:00+00:00, run_after=2026-05-19 13:42:00+00:00
[2026-05-19T13:42:22.262+0000] {processor.py:183} INFO - Processing /home/airflow/.local/lib/python3.12/site-packages/airflow/example_dags/example_branch_python_dop_operator_3.py took 0.307 seconds
[2026-05-19T13:42:53.156+0000] {processor.py:161} INFO - Started process (PID=1484) to work on /home/airflow/.local/lib/python3.12/site-packages/airflow/example_dags/example_branch_python_dop_operator_3.py
[2026-05-19T13:42:53.159+0000] {processor.py:830} INFO - Processing file /home/airflow/.local/lib/python3.12/site-packages/airflow/example_dags/example_branch_python_dop_operator_3.py for tasks to queue
[2026-05-19T13:42:53.163+0000] {logging_mixin.py:188} INFO - [2026-05-19T13:42:53.162+0000] {dagbag.py:545} INFO - Filling up the DagBag from /home/airflow/.local/lib/python3.12/site-packages/airflow/example_dags/example_branch_python_dop_operator_3.py
[2026-05-19T13:42:53.181+0000] {processor.py:840} INFO - DAG(s) 'example_branch_dop_operator_v3' retrieved from /home/airflow/.local/lib/python3.12/site-packages/airflow/example_dags/example_branch_python_dop_operator_3.py
[2026-05-19T13:42:53.218+0000] {logging_mixin.py:188} INFO - [2026-05-19T13:42:53.217+0000] {dag.py:3096} INFO - Sync 1 DAGs
[2026-05-19T13:42:53.254+0000] {logging_mixin.py:188} INFO - [2026-05-19T13:42:53.254+0000] {dag.py:3954} INFO - Setting next_dagrun for example_branch_dop_operator_v3 to 2026-05-19 13:41:00+00:00, run_after=2026-05-19 13:42:00+00:00
[2026-05-19T13:42:53.460+0000] {processor.py:183} INFO - Processing /home/airflow/.local/lib/python3.12/site-packages/airflow/example_dags/example_branch_python_dop_operator_3.py took 0.315 seconds
[2026-05-19T13:43:24.517+0000] {processor.py:161} INFO - Started process (PID=1543) to work on /home/airflow/.local/lib/python3.12/site-packages/airflow/example_dags/example_branch_python_dop_operator_3.py
[2026-05-19T13:43:24.521+0000] {processor.py:830} INFO - Processing file /home/airflow/.local/lib/python3.12/site-packages/airflow/example_dags/example_branch_python_dop_operator_3.py for tasks to queue
[2026-05-19T13:43:24.526+0000] {logging_mixin.py:188} INFO - [2026-05-19T13:43:24.525+0000] {dagbag.py:545} INFO - Filling up the DagBag from /home/airflow/.local/lib/python3.12/site-packages/airflow/example_dags/example_branch_python_dop_operator_3.py
[2026-05-19T13:43:24.546+0000] {processor.py:840} INFO - DAG(s) 'example_branch_dop_operator_v3' retrieved from /home/airflow/.local/lib/python3.12/site-packages/airflow/example_dags/example_branch_python_dop_operator_3.py
[2026-05-19T13:43:24.608+0000] {logging_mixin.py:188} INFO - [2026-05-19T13:43:24.607+0000] {dag.py:3096} INFO - Sync 1 DAGs
[2026-05-19T13:43:24.665+0000] {logging_mixin.py:188} INFO - [2026-05-19T13:43:24.664+0000] {dag.py:3954} INFO - Setting next_dagrun for example_branch_dop_operator_v3 to 2026-05-19 13:42:00+00:00, run_after=2026-05-19 13:43:00+00:00
[2026-05-19T13:43:25.033+0000] {processor.py:183} INFO - Processing /home/airflow/.local/lib/python3.12/site-packages/airflow/example_dags/example_branch_python_dop_operator_3.py took 0.527 seconds
[2026-05-19T13:43:55.130+0000] {processor.py:161} INFO - Started process (PID=1603) to work on /home/airflow/.local/lib/python3.12/site-packages/airflow/example_dags/example_branch_python_dop_operator_3.py
[2026-05-19T13:43:55.132+0000] {processor.py:830} INFO - Processing file /home/airflow/.local/lib/python3.12/site-packages/airflow/example_dags/example_branch_python_dop_operator_3.py for tasks to queue
[2026-05-19T13:43:55.137+0000] {logging_mixin.py:188} INFO - [2026-05-19T13:43:55.136+0000] {dagbag.py:545} INFO - Filling up the DagBag from /home/airflow/.local/lib/python3.12/site-packages/airflow/example_dags/example_branch_python_dop_operator_3.py
[2026-05-19T13:43:55.155+0000] {processor.py:840} INFO - DAG(s) 'example_branch_dop_operator_v3' retrieved from /home/airflow/.local/lib/python3.12/site-packages/airflow/example_dags/example_branch_python_dop_operator_3.py
[2026-05-19T13:43:55.187+0000] {logging_mixin.py:188} INFO - [2026-05-19T13:43:55.186+0000] {dag.py:3096} INFO - Sync 1 DAGs
[2026-05-19T13:43:55.227+0000] {logging_mixin.py:188} INFO - [2026-05-19T13:43:55.226+0000] {dag.py:3954} INFO - Setting next_dagrun for example_branch_dop_operator_v3 to 2026-05-19 13:42:00+00:00, run_after=2026-05-19 13:43:00+00:00
[2026-05-19T13:43:55.263+0000] {processor.py:183} INFO - Processing /home/airflow/.local/lib/python3.12/site-packages/airflow/example_dags/example_branch_python_dop_operator_3.py took 0.141 seconds
[2026-05-19T13:44:25.492+0000] {processor.py:161} INFO - Started process (PID=1660) to work on /home/airflow/.local/lib/python3.12/site-packages/airflow/example_dags/example_branch_python_dop_operator_3.py
[2026-05-19T13:44:25.494+0000] {processor.py:830} INFO - Processing file /home/airflow/.local/lib/python3.12/site-packages/airflow/example_dags/example_branch_python_dop_operator_3.py for tasks to queue
[2026-05-19T13:44:25.499+0000] {logging_mixin.py:188} INFO - [2026-05-19T13:44:25.498+0000] {dagbag.py:545} INFO - Filling up the DagBag from /home/airflow/.local/lib/python3.12/site-packages/airflow/example_dags/example_branch_python_dop_operator_3.py
[2026-05-19T13:44:25.509+0000] {processor.py:840} INFO - DAG(s) 'example_branch_dop_operator_v3' retrieved from /home/airflow/.local/lib/python3.12/site-packages/airflow/example_dags/example_branch_python_dop_operator_3.py
[2026-05-19T13:44:25.542+0000] {logging_mixin.py:188} INFO - [2026-05-19T13:44:25.542+0000] {dag.py:3096} INFO - Sync 1 DAGs
[2026-05-19T13:44:25.578+0000] {logging_mixin.py:188} INFO - [2026-05-19T13:44:25.578+0000] {dag.py:3954} INFO - Setting next_dagrun for example_branch_dop_operator_v3 to 2026-05-19 13:43:00+00:00, run_after=2026-05-19 13:44:00+00:00
[2026-05-19T13:44:25.610+0000] {processor.py:183} INFO - Processing /home/airflow/.local/lib/python3.12/site-packages/airflow/example_dags/example_branch_python_dop_operator_3.py took 0.130 seconds
[2026-05-19T13:44:55.768+0000] {processor.py:161} INFO - Started process (PID=1717) to work on /home/airflow/.local/lib/python3.12/site-packages/airflow/example_dags/example_branch_python_dop_operator_3.py
[2026-05-19T13:44:55.770+0000] {processor.py:830} INFO - Processing file /home/airflow/.local/lib/python3.12/site-packages/airflow/example_dags/example_branch_python_dop_operator_3.py for tasks to queue
[2026-05-19T13:44:55.773+0000] {logging_mixin.py:188} INFO - [2026-05-19T13:44:55.772+0000] {dagbag.py:545} INFO - Filling up the DagBag from /home/airflow/.local/lib/python3.12/site-packages/airflow/example_dags/example_branch_python_dop_operator_3.py
[2026-05-19T13:44:55.786+0000] {processor.py:840} INFO - DAG(s) 'example_branch_dop_operator_v3' retrieved from /home/airflow/.local/lib/python3.12/site-packages/airflow/example_dags/example_branch_python_dop_operator_3.py
[2026-05-19T13:44:55.818+0000] {logging_mixin.py:188} INFO - [2026-05-19T13:44:55.818+0000] {dag.py:3096} INFO - Sync 1 DAGs
[2026-05-19T13:44:55.866+0000] {logging_mixin.py:188} INFO - [2026-05-19T13:44:55.866+0000] {dag.py:3954} INFO - Setting next_dagrun for example_branch_dop_operator_v3 to 2026-05-19 13:43:00+00:00, run_after=2026-05-19 13:44:00+00:00
[2026-05-19T13:44:55.911+0000] {processor.py:183} INFO - Processing /home/airflow/.local/lib/python3.12/site-packages/airflow/example_dags/example_branch_python_dop_operator_3.py took 0.160 seconds
[2026-05-19T13:45:26.397+0000] {processor.py:161} INFO - Started process (PID=1776) to work on /home/airflow/.local/lib/python3.12/site-packages/airflow/example_dags/example_branch_python_dop_operator_3.py
[2026-05-19T13:45:26.399+0000] {processor.py:830} INFO - Processing file /home/airflow/.local/lib/python3.12/site-packages/airflow/example_dags/example_branch_python_dop_operator_3.py for tasks to queue
[2026-05-19T13:45:26.402+0000] {logging_mixin.py:188} INFO - [2026-05-19T13:45:26.401+0000] {dagbag.py:545} INFO - Filling up the DagBag from /home/airflow/.local/lib/python3.12/site-packages/airflow/example_dags/example_branch_python_dop_operator_3.py
[2026-05-19T13:45:26.412+0000] {processor.py:840} INFO - DAG(s) 'example_branch_dop_operator_v3' retrieved from /home/airflow/.local/lib/python3.12/site-packages/airflow/example_dags/example_branch_python_dop_operator_3.py
[2026-05-19T13:45:26.442+0000] {logging_mixin.py:188} INFO - [2026-05-19T13:45:26.442+0000] {dag.py:3096} INFO - Sync 1 DAGs
[2026-05-19T13:45:26.476+0000] {logging_mixin.py:188} INFO - [2026-05-19T13:45:26.475+0000] {dag.py:3954} INFO - Setting next_dagrun for example_branch_dop_operator_v3 to 2026-05-19 13:44:00+00:00, run_after=2026-05-19 13:45:00+00:00
[2026-05-19T13:45:26.503+0000] {processor.py:183} INFO - Processing /home/airflow/.local/lib/python3.12/site-packages/airflow/example_dags/example_branch_python_dop_operator_3.py took 0.114 seconds
[2026-05-19T13:45:56.862+0000] {processor.py:161} INFO - Started process (PID=1835) to work on /home/airflow/.local/lib/python3.12/site-packages/airflow/example_dags/example_branch_python_dop_operator_3.py
[2026-05-19T13:45:56.863+0000] {processor.py:830} INFO - Processing file /home/airflow/.local/lib/python3.12/site-packages/airflow/example_dags/example_branch_python_dop_operator_3.py for tasks to queue
[2026-05-19T13:45:56.866+0000] {logging_mixin.py:188} INFO - [2026-05-19T13:45:56.865+0000] {dagbag.py:545} INFO - Filling up the DagBag from /home/airflow/.local/lib/python3.12/site-packages/airflow/example_dags/example_branch_python_dop_operator_3.py
[2026-05-19T13:45:56.877+0000] {processor.py:840} INFO - DAG(s) 'example_branch_dop_operator_v3' retrieved from /home/airflow/.local/lib/python3.12/site-packages/airflow/example_dags/example_branch_python_dop_operator_3.py
[2026-05-19T13:45:56.895+0000] {logging_mixin.py:188} INFO - [2026-05-19T13:45:56.895+0000] {dag.py:3096} INFO - Sync 1 DAGs
[2026-05-19T13:45:56.921+0000] {logging_mixin.py:188} INFO - [2026-05-19T13:45:56.921+0000] {dag.py:3954} INFO - Setting next_dagrun for example_branch_dop_operator_v3 to 2026-05-19 13:44:00+00:00, run_after=2026-05-19 13:45:00+00:00
[2026-05-19T13:45:56.945+0000] {processor.py:183} INFO - Processing /home/airflow/.local/lib/python3.12/site-packages/airflow/example_dags/example_branch_python_dop_operator_3.py took 0.091 seconds
[2026-05-19T13:46:27.296+0000] {processor.py:161} INFO - Started process (PID=1895) to work on /home/airflow/.local/lib/python3.12/site-packages/airflow/example_dags/example_branch_python_dop_operator_3.py
[2026-05-19T13:46:27.297+0000] {processor.py:830} INFO - Processing file /home/airflow/.local/lib/python3.12/site-packages/airflow/example_dags/example_branch_python_dop_operator_3.py for tasks to queue
[2026-05-19T13:46:27.300+0000] {logging_mixin.py:188} INFO - [2026-05-19T13:46:27.299+0000] {dagbag.py:545} INFO - Filling up the DagBag from /home/airflow/.local/lib/python3.12/site-packages/airflow/example_dags/example_branch_python_dop_operator_3.py
[2026-05-19T13:46:27.309+0000] {processor.py:840} INFO - DAG(s) 'example_branch_dop_operator_v3' retrieved from /home/airflow/.local/lib/python3.12/site-packages/airflow/example_dags/example_branch_python_dop_operator_3.py
[2026-05-19T13:46:27.339+0000] {logging_mixin.py:188} INFO - [2026-05-19T13:46:27.339+0000] {dag.py:3096} INFO - Sync 1 DAGs
[2026-05-19T13:46:27.368+0000] {logging_mixin.py:188} INFO - [2026-05-19T13:46:27.368+0000] {dag.py:3954} INFO - Setting next_dagrun for example_branch_dop_operator_v3 to 2026-05-19 13:45:00+00:00, run_after=2026-05-19 13:46:00+00:00
[2026-05-19T13:46:27.404+0000] {processor.py:183} INFO - Processing /home/airflow/.local/lib/python3.12/site-packages/airflow/example_dags/example_branch_python_dop_operator_3.py took 0.115 seconds
[2026-05-19T13:46:58.032+0000] {processor.py:161} INFO - Started process (PID=1954) to work on /home/airflow/.local/lib/python3.12/site-packages/airflow/example_dags/example_branch_python_dop_operator_3.py
[2026-05-19T13:46:58.033+0000] {processor.py:830} INFO - Processing file /home/airflow/.local/lib/python3.12/site-packages/airflow/example_dags/example_branch_python_dop_operator_3.py for tasks to queue
[2026-05-19T13:46:58.036+0000] {logging_mixin.py:188} INFO - [2026-05-19T13:46:58.036+0000] {dagbag.py:545} INFO - Filling up the DagBag from /home/airflow/.local/lib/python3.12/site-packages/airflow/example_dags/example_branch_python_dop_operator_3.py
[2026-05-19T13:46:58.046+0000] {processor.py:840} INFO - DAG(s) 'example_branch_dop_operator_v3' retrieved from /home/airflow/.local/lib/python3.12/site-packages/airflow/example_dags/example_branch_python_dop_operator_3.py
[2026-05-19T13:46:58.072+0000] {logging_mixin.py:188} INFO - [2026-05-19T13:46:58.071+0000] {dag.py:3096} INFO - Sync 1 DAGs
[2026-05-19T13:46:58.115+0000] {logging_mixin.py:188} INFO - [2026-05-19T13:46:58.115+0000] {dag.py:3954} INFO - Setting next_dagrun for example_branch_dop_operator_v3 to 2026-05-19 13:45:00+00:00, run_after=2026-05-19 13:46:00+00:00
[2026-05-19T13:46:58.141+0000] {processor.py:183} INFO - Processing /home/airflow/.local/lib/python3.12/site-packages/airflow/example_dags/example_branch_python_dop_operator_3.py took 0.116 seconds
[2026-05-19T13:47:28.577+0000] {processor.py:161} INFO - Started process (PID=2014) to work on /home/airflow/.local/lib/python3.12/site-packages/airflow/example_dags/example_branch_python_dop_operator_3.py
[2026-05-19T13:47:28.579+0000] {processor.py:830} INFO - Processing file /home/airflow/.local/lib/python3.12/site-packages/airflow/example_dags/example_branch_python_dop_operator_3.py for tasks to queue
[2026-05-19T13:47:28.582+0000] {logging_mixin.py:188} INFO - [2026-05-19T13:47:28.582+0000] {dagbag.py:545} INFO - Filling up the DagBag from /home/airflow/.local/lib/python3.12/site-packages/airflow/example_dags/example_branch_python_dop_operator_3.py
[2026-05-19T13:47:28.590+0000] {processor.py:840} INFO - DAG(s) 'example_branch_dop_operator_v3' retrieved from /home/airflow/.local/lib/python3.12/site-packages/airflow/example_dags/example_branch_python_dop_operator_3.py
[2026-05-19T13:47:28.614+0000] {logging_mixin.py:188} INFO - [2026-05-19T13:47:28.613+0000] {dag.py:3096} INFO - Sync 1 DAGs
[2026-05-19T13:47:28.652+0000] {logging_mixin.py:188} INFO - [2026-05-19T13:47:28.651+0000] {dag.py:3954} INFO - Setting next_dagrun for example_branch_dop_operator_v3 to 2026-05-19 13:46:00+00:00, run_after=2026-05-19 13:47:00+00:00
[2026-05-19T13:47:28.672+0000] {processor.py:183} INFO - Processing /home/airflow/.local/lib/python3.12/site-packages/airflow/example_dags/example_branch_python_dop_operator_3.py took 0.102 seconds
[2026-05-19T13:47:59.203+0000] {processor.py:161} INFO - Started process (PID=2072) to work on /home/airflow/.local/lib/python3.12/site-packages/airflow/example_dags/example_branch_python_dop_operator_3.py
[2026-05-19T13:47:59.205+0000] {processor.py:830} INFO - Processing file /home/airflow/.local/lib/python3.12/site-packages/airflow/example_dags/example_branch_python_dop_operator_3.py for tasks to queue
[2026-05-19T13:47:59.208+0000] {logging_mixin.py:188} INFO - [2026-05-19T13:47:59.207+0000] {dagbag.py:545} INFO - Filling up the DagBag from /home/airflow/.local/lib/python3.12/site-packages/airflow/example_dags/example_branch_python_dop_operator_3.py
[2026-05-19T13:47:59.217+0000] {processor.py:840} INFO - DAG(s) 'example_branch_dop_operator_v3' retrieved from /home/airflow/.local/lib/python3.12/site-packages/airflow/example_dags/example_branch_python_dop_operator_3.py
[2026-05-19T13:47:59.250+0000] {logging_mixin.py:188} INFO - [2026-05-19T13:47:59.250+0000] {dag.py:3096} INFO - Sync 1 DAGs
[2026-05-19T13:47:59.287+0000] {logging_mixin.py:188} INFO - [2026-05-19T13:47:59.286+0000] {dag.py:3954} INFO - Setting next_dagrun for example_branch_dop_operator_v3 to 2026-05-19 13:46:00+00:00, run_after=2026-05-19 13:47:00+00:00
[2026-05-19T13:47:59.320+0000] {processor.py:183} INFO - Processing /home/airflow/.local/lib/python3.12/site-packages/airflow/example_dags/example_branch_python_dop_operator_3.py took 0.124 seconds
[2026-05-19T13:48:29.579+0000] {processor.py:161} INFO - Started process (PID=2131) to work on /home/airflow/.local/lib/python3.12/site-packages/airflow/example_dags/example_branch_python_dop_operator_3.py
[2026-05-19T13:48:29.582+0000] {processor.py:830} INFO - Processing file /home/airflow/.local/lib/python3.12/site-packages/airflow/example_dags/example_branch_python_dop_operator_3.py for tasks to queue
[2026-05-19T13:48:29.587+0000] {logging_mixin.py:188} INFO - [2026-05-19T13:48:29.586+0000] {dagbag.py:545} INFO - Filling up the DagBag from /home/airflow/.local/lib/python3.12/site-packages/airflow/example_dags/example_branch_python_dop_operator_3.py
[2026-05-19T13:48:29.618+0000] {processor.py:840} INFO - DAG(s) 'example_branch_dop_operator_v3' retrieved from /home/airflow/.local/lib/python3.12/site-packages/airflow/example_dags/example_branch_python_dop_operator_3.py
[2026-05-19T13:48:29.667+0000] {logging_mixin.py:188} INFO - [2026-05-19T13:48:29.666+0000] {dag.py:3096} INFO - Sync 1 DAGs
[2026-05-19T13:48:29.731+0000] {logging_mixin.py:188} INFO - [2026-05-19T13:48:29.730+0000] {dag.py:3954} INFO - Setting next_dagrun for example_branch_dop_operator_v3 to 2026-05-19 13:47:00+00:00, run_after=2026-05-19 13:48:00+00:00
[2026-05-19T13:48:29.773+0000] {processor.py:183} INFO - Processing /home/airflow/.local/lib/python3.12/site-packages/airflow/example_dags/example_branch_python_dop_operator_3.py took 0.213 seconds
[2026-05-19T13:49:00.314+0000] {processor.py:161} INFO - Started process (PID=2191) to work on /home/airflow/.local/lib/python3.12/site-packages/airflow/example_dags/example_branch_python_dop_operator_3.py
[2026-05-19T13:49:00.316+0000] {processor.py:830} INFO - Processing file /home/airflow/.local/lib/python3.12/site-packages/airflow/example_dags/example_branch_python_dop_operator_3.py for tasks to queue
[2026-05-19T13:49:00.324+0000] {logging_mixin.py:188} INFO - [2026-05-19T13:49:00.322+0000] {dagbag.py:545} INFO - Filling up the DagBag from /home/airflow/.local/lib/python3.12/site-packages/airflow/example_dags/example_branch_python_dop_operator_3.py
[2026-05-19T13:49:00.336+0000] {processor.py:840} INFO - DAG(s) 'example_branch_dop_operator_v3' retrieved from /home/airflow/.local/lib/python3.12/site-packages/airflow/example_dags/example_branch_python_dop_operator_3.py
[2026-05-19T13:49:00.368+0000] {logging_mixin.py:188} INFO - [2026-05-19T13:49:00.368+0000] {dag.py:3096} INFO - Sync 1 DAGs
[2026-05-19T13:49:00.399+0000] {logging_mixin.py:188} INFO - [2026-05-19T13:49:00.398+0000] {dag.py:3954} INFO - Setting next_dagrun for example_branch_dop_operator_v3 to 2026-05-19 13:48:00+00:00, run_after=2026-05-19 13:49:00+00:00
[2026-05-19T13:49:00.426+0000] {processor.py:183} INFO - Processing /home/airflow/.local/lib/python3.12/site-packages/airflow/example_dags/example_branch_python_dop_operator_3.py took 0.119 seconds
[2026-05-19T13:49:30.625+0000] {processor.py:161} INFO - Started process (PID=2250) to work on /home/airflow/.local/lib/python3.12/site-packages/airflow/example_dags/example_branch_python_dop_operator_3.py
[2026-05-19T13:49:30.627+0000] {processor.py:830} INFO - Processing file /home/airflow/.local/lib/python3.12/site-packages/airflow/example_dags/example_branch_python_dop_operator_3.py for tasks to queue
[2026-05-19T13:49:30.630+0000] {logging_mixin.py:188} INFO - [2026-05-19T13:49:30.629+0000] {dagbag.py:545} INFO - Filling up the DagBag from /home/airflow/.local/lib/python3.12/site-packages/airflow/example_dags/example_branch_python_dop_operator_3.py
[2026-05-19T13:49:30.645+0000] {processor.py:840} INFO - DAG(s) 'example_branch_dop_operator_v3' retrieved from /home/airflow/.local/lib/python3.12/site-packages/airflow/example_dags/example_branch_python_dop_operator_3.py
[2026-05-19T13:49:30.680+0000] {logging_mixin.py:188} INFO - [2026-05-19T13:49:30.679+0000] {dag.py:3096} INFO - Sync 1 DAGs
[2026-05-19T13:49:30.718+0000] {logging_mixin.py:188} INFO - [2026-05-19T13:49:30.718+0000] {dag.py:3954} INFO - Setting next_dagrun for example_branch_dop_operator_v3 to 2026-05-19 13:48:00+00:00, run_after=2026-05-19 13:49:00+00:00
[2026-05-19T13:49:30.757+0000] {processor.py:183} INFO - Processing /home/airflow/.local/lib/python3.12/site-packages/airflow/example_dags/example_branch_python_dop_operator_3.py took 0.140 seconds
[2026-05-19T13:50:01.978+0000] {processor.py:161} INFO - Started process (PID=2309) to work on /home/airflow/.local/lib/python3.12/site-packages/airflow/example_dags/example_branch_python_dop_operator_3.py
[2026-05-19T13:50:01.981+0000] {processor.py:830} INFO - Processing file /home/airflow/.local/lib/python3.12/site-packages/airflow/example_dags/example_branch_python_dop_operator_3.py for tasks to queue
[2026-05-19T13:50:01.986+0000] {logging_mixin.py:188} INFO - [2026-05-19T13:50:01.985+0000] {dagbag.py:545} INFO - Filling up the DagBag from /home/airflow/.local/lib/python3.12/site-packages/airflow/example_dags/example_branch_python_dop_operator_3.py
[2026-05-19T13:50:02.005+0000] {processor.py:840} INFO - DAG(s) 'example_branch_dop_operator_v3' retrieved from /home/airflow/.local/lib/python3.12/site-packages/airflow/example_dags/example_branch_python_dop_operator_3.py
[2026-05-19T13:50:02.057+0000] {logging_mixin.py:188} INFO - [2026-05-19T13:50:02.056+0000] {dag.py:3096} INFO - Sync 1 DAGs
[2026-05-19T13:50:02.119+0000] {logging_mixin.py:188} INFO - [2026-05-19T13:50:02.118+0000] {dag.py:3954} INFO - Setting next_dagrun for example_branch_dop_operator_v3 to 2026-05-19 13:49:00+00:00, run_after=2026-05-19 13:50:00+00:00
[2026-05-19T13:50:02.196+0000] {processor.py:183} INFO - Processing /home/airflow/.local/lib/python3.12/site-packages/airflow/example_dags/example_branch_python_dop_operator_3.py took 0.228 seconds
[2026-05-19T13:50:32.968+0000] {processor.py:161} INFO - Started process (PID=2368) to work on /home/airflow/.local/lib/python3.12/site-packages/airflow/example_dags/example_branch_python_dop_operator_3.py
[2026-05-19T13:50:32.972+0000] {processor.py:830} INFO - Processing file /home/airflow/.local/lib/python3.12/site-packages/airflow/example_dags/example_branch_python_dop_operator_3.py for tasks to queue
[2026-05-19T13:50:32.976+0000] {logging_mixin.py:188} INFO - [2026-05-19T13:50:32.975+0000] {dagbag.py:545} INFO - Filling up the DagBag from /home/airflow/.local/lib/python3.12/site-packages/airflow/example_dags/example_branch_python_dop_operator_3.py
[2026-05-19T13:50:32.992+0000] {processor.py:840} INFO - DAG(s) 'example_branch_dop_operator_v3' retrieved from /home/airflow/.local/lib/python3.12/site-packages/airflow/example_dags/example_branch_python_dop_operator_3.py
[2026-05-19T13:50:33.018+0000] {logging_mixin.py:188} INFO - [2026-05-19T13:50:33.018+0000] {dag.py:3096} INFO - Sync 1 DAGs
[2026-05-19T13:50:33.066+0000] {logging_mixin.py:188} INFO - [2026-05-19T13:50:33.066+0000] {dag.py:3954} INFO - Setting next_dagrun for example_branch_dop_operator_v3 to 2026-05-19 13:49:00+00:00, run_after=2026-05-19 13:50:00+00:00
[2026-05-19T13:50:33.101+0000] {processor.py:183} INFO - Processing /home/airflow/.local/lib/python3.12/site-packages/airflow/example_dags/example_branch_python_dop_operator_3.py took 0.141 seconds
[2026-05-19T13:51:03.634+0000] {processor.py:161} INFO - Started process (PID=2427) to work on /home/airflow/.local/lib/python3.12/site-packages/airflow/example_dags/example_branch_python_dop_operator_3.py
[2026-05-19T13:51:03.636+0000] {processor.py:830} INFO - Processing file /home/airflow/.local/lib/python3.12/site-packages/airflow/example_dags/example_branch_python_dop_operator_3.py for tasks to queue
[2026-05-19T13:51:03.638+0000] {logging_mixin.py:188} INFO - [2026-05-19T13:51:03.638+0000] {dagbag.py:545} INFO - Filling up the DagBag from /home/airflow/.local/lib/python3.12/site-packages/airflow/example_dags/example_branch_python_dop_operator_3.py
[2026-05-19T13:51:03.651+0000] {processor.py:840} INFO - DAG(s) 'example_branch_dop_operator_v3' retrieved from /home/airflow/.local/lib/python3.12/site-packages/airflow/example_dags/example_branch_python_dop_operator_3.py
[2026-05-19T13:51:03.676+0000] {logging_mixin.py:188} INFO - [2026-05-19T13:51:03.676+0000] {dag.py:3096} INFO - Sync 1 DAGs
[2026-05-19T13:51:03.709+0000] {logging_mixin.py:188} INFO - [2026-05-19T13:51:03.708+0000] {dag.py:3954} INFO - Setting next_dagrun for example_branch_dop_operator_v3 to 2026-05-19 13:50:00+00:00, run_after=2026-05-19 13:51:00+00:00
[2026-05-19T13:51:03.746+0000] {processor.py:183} INFO - Processing /home/airflow/.local/lib/python3.12/site-packages/airflow/example_dags/example_branch_python_dop_operator_3.py took 0.121 seconds
[2026-05-19T13:51:34.291+0000] {processor.py:161} INFO - Started process (PID=2486) to work on /home/airflow/.local/lib/python3.12/site-packages/airflow/example_dags/example_branch_python_dop_operator_3.py
[2026-05-19T13:51:34.292+0000] {processor.py:830} INFO - Processing file /home/airflow/.local/lib/python3.12/site-packages/airflow/example_dags/example_branch_python_dop_operator_3.py for tasks to queue
[2026-05-19T13:51:34.294+0000] {logging_mixin.py:188} INFO - [2026-05-19T13:51:34.294+0000] {dagbag.py:545} INFO - Filling up the DagBag from /home/airflow/.local/lib/python3.12/site-packages/airflow/example_dags/example_branch_python_dop_operator_3.py
[2026-05-19T13:51:34.305+0000] {processor.py:840} INFO - DAG(s) 'example_branch_dop_operator_v3' retrieved from /home/airflow/.local/lib/python3.12/site-packages/airflow/example_dags/example_branch_python_dop_operator_3.py
[2026-05-19T13:51:34.338+0000] {logging_mixin.py:188} INFO - [2026-05-19T13:51:34.338+0000] {dag.py:3096} INFO - Sync 1 DAGs
[2026-05-19T13:51:34.369+0000] {logging_mixin.py:188} INFO - [2026-05-19T13:51:34.368+0000] {dag.py:3954} INFO - Setting next_dagrun for example_branch_dop_operator_v3 to 2026-05-19 13:50:00+00:00, run_after=2026-05-19 13:51:00+00:00
[2026-05-19T13:51:34.401+0000] {processor.py:183} INFO - Processing /home/airflow/.local/lib/python3.12/site-packages/airflow/example_dags/example_branch_python_dop_operator_3.py took 0.121 seconds
[2026-05-19T13:52:04.470+0000] {processor.py:161} INFO - Started process (PID=2545) to work on /home/airflow/.local/lib/python3.12/site-packages/airflow/example_dags/example_branch_python_dop_operator_3.py
[2026-05-19T13:52:04.472+0000] {processor.py:830} INFO - Processing file /home/airflow/.local/lib/python3.12/site-packages/airflow/example_dags/example_branch_python_dop_operator_3.py for tasks to queue
[2026-05-19T13:52:04.476+0000] {logging_mixin.py:188} INFO - [2026-05-19T13:52:04.475+0000] {dagbag.py:545} INFO - Filling up the DagBag from /home/airflow/.local/lib/python3.12/site-packages/airflow/example_dags/example_branch_python_dop_operator_3.py
[2026-05-19T13:52:04.487+0000] {processor.py:840} INFO - DAG(s) 'example_branch_dop_operator_v3' retrieved from /home/airflow/.local/lib/python3.12/site-packages/airflow/example_dags/example_branch_python_dop_operator_3.py
[2026-05-19T13:52:04.513+0000] {logging_mixin.py:188} INFO - [2026-05-19T13:52:04.513+0000] {dag.py:3096} INFO - Sync 1 DAGs
[2026-05-19T13:52:04.551+0000] {logging_mixin.py:188} INFO - [2026-05-19T13:52:04.551+0000] {dag.py:3954} INFO - Setting next_dagrun for example_branch_dop_operator_v3 to 2026-05-19 13:51:00+00:00, run_after=2026-05-19 13:52:00+00:00
[2026-05-19T13:52:04.580+0000] {processor.py:183} INFO - Processing /home/airflow/.local/lib/python3.12/site-packages/airflow/example_dags/example_branch_python_dop_operator_3.py took 0.117 seconds
[2026-05-19T13:52:34.789+0000] {processor.py:161} INFO - Started process (PID=2604) to work on /home/airflow/.local/lib/python3.12/site-packages/airflow/example_dags/example_branch_python_dop_operator_3.py
[2026-05-19T13:52:34.790+0000] {processor.py:830} INFO - Processing file /home/airflow/.local/lib/python3.12/site-packages/airflow/example_dags/example_branch_python_dop_operator_3.py for tasks to queue
[2026-05-19T13:52:34.793+0000] {logging_mixin.py:188} INFO - [2026-05-19T13:52:34.792+0000] {dagbag.py:545} INFO - Filling up the DagBag from /home/airflow/.local/lib/python3.12/site-packages/airflow/example_dags/example_branch_python_dop_operator_3.py
[2026-05-19T13:52:34.808+0000] {processor.py:840} INFO - DAG(s) 'example_branch_dop_operator_v3' retrieved from /home/airflow/.local/lib/python3.12/site-packages/airflow/example_dags/example_branch_python_dop_operator_3.py
[2026-05-19T13:52:34.837+0000] {logging_mixin.py:188} INFO - [2026-05-19T13:52:34.837+0000] {dag.py:3096} INFO - Sync 1 DAGs
[2026-05-19T13:52:34.865+0000] {logging_mixin.py:188} INFO - [2026-05-19T13:52:34.864+0000] {dag.py:3954} INFO - Setting next_dagrun for example_branch_dop_operator_v3 to 2026-05-19 13:51:00+00:00, run_after=2026-05-19 13:52:00+00:00
[2026-05-19T13:52:34.891+0000] {processor.py:183} INFO - Processing /home/airflow/.local/lib/python3.12/site-packages/airflow/example_dags/example_branch_python_dop_operator_3.py took 0.108 seconds
[2026-05-19T13:53:05.139+0000] {processor.py:161} INFO - Started process (PID=2663) to work on /home/airflow/.local/lib/python3.12/site-packages/airflow/example_dags/example_branch_python_dop_operator_3.py
[2026-05-19T13:53:05.141+0000] {processor.py:830} INFO - Processing file /home/airflow/.local/lib/python3.12/site-packages/airflow/example_dags/example_branch_python_dop_operator_3.py for tasks to queue
[2026-05-19T13:53:05.143+0000] {logging_mixin.py:188} INFO - [2026-05-19T13:53:05.143+0000] {dagbag.py:545} INFO - Filling up the DagBag from /home/airflow/.local/lib/python3.12/site-packages/airflow/example_dags/example_branch_python_dop_operator_3.py
[2026-05-19T13:53:05.155+0000] {processor.py:840} INFO - DAG(s) 'example_branch_dop_operator_v3' retrieved from /home/airflow/.local/lib/python3.12/site-packages/airflow/example_dags/example_branch_python_dop_operator_3.py
[2026-05-19T13:53:05.185+0000] {logging_mixin.py:188} INFO - [2026-05-19T13:53:05.185+0000] {dag.py:3096} INFO - Sync 1 DAGs
[2026-05-19T13:53:05.216+0000] {logging_mixin.py:188} INFO - [2026-05-19T13:53:05.216+0000] {dag.py:3954} INFO - Setting next_dagrun for example_branch_dop_operator_v3 to 2026-05-19 13:52:00+00:00, run_after=2026-05-19 13:53:00+00:00
[2026-05-19T13:53:05.246+0000] {processor.py:183} INFO - Processing /home/airflow/.local/lib/python3.12/site-packages/airflow/example_dags/example_branch_python_dop_operator_3.py took 0.113 seconds
[2026-05-19T13:53:35.648+0000] {processor.py:161} INFO - Started process (PID=2722) to work on /home/airflow/.local/lib/python3.12/site-packages/airflow/example_dags/example_branch_python_dop_operator_3.py
[2026-05-19T13:53:35.650+0000] {processor.py:830} INFO - Processing file /home/airflow/.local/lib/python3.12/site-packages/airflow/example_dags/example_branch_python_dop_operator_3.py for tasks to queue
[2026-05-19T13:53:35.655+0000] {logging_mixin.py:188} INFO - [2026-05-19T13:53:35.654+0000] {dagbag.py:545} INFO - Filling up the DagBag from /home/airflow/.local/lib/python3.12/site-packages/airflow/example_dags/example_branch_python_dop_operator_3.py
[2026-05-19T13:53:35.664+0000] {processor.py:840} INFO - DAG(s) 'example_branch_dop_operator_v3' retrieved from /home/airflow/.local/lib/python3.12/site-packages/airflow/example_dags/example_branch_python_dop_operator_3.py
[2026-05-19T13:53:35.696+0000] {logging_mixin.py:188} INFO - [2026-05-19T13:53:35.696+0000] {dag.py:3096} INFO - Sync 1 DAGs
[2026-05-19T13:53:35.735+0000] {logging_mixin.py:188} INFO - [2026-05-19T13:53:35.735+0000] {dag.py:3954} INFO - Setting next_dagrun for example_branch_dop_operator_v3 to 2026-05-19 13:52:00+00:00, run_after=2026-05-19 13:53:00+00:00
[2026-05-19T13:53:35.769+0000] {processor.py:183} INFO - Processing /home/airflow/.local/lib/python3.12/site-packages/airflow/example_dags/example_branch_python_dop_operator_3.py took 0.131 seconds
[2026-05-19T13:54:06.027+0000] {processor.py:161} INFO - Started process (PID=2781) to work on /home/airflow/.local/lib/python3.12/site-packages/airflow/example_dags/example_branch_python_dop_operator_3.py
[2026-05-19T13:54:06.029+0000] {processor.py:830} INFO - Processing file /home/airflow/.local/lib/python3.12/site-packages/airflow/example_dags/example_branch_python_dop_operator_3.py for tasks to queue
[2026-05-19T13:54:06.032+0000] {logging_mixin.py:188} INFO - [2026-05-19T13:54:06.032+0000] {dagbag.py:545} INFO - Filling up the DagBag from /home/airflow/.local/lib/python3.12/site-packages/airflow/example_dags/example_branch_python_dop_operator_3.py
[2026-05-19T13:54:06.045+0000] {processor.py:840} INFO - DAG(s) 'example_branch_dop_operator_v3' retrieved from /home/airflow/.local/lib/python3.12/site-packages/airflow/example_dags/example_branch_python_dop_operator_3.py
[2026-05-19T13:54:06.089+0000] {logging_mixin.py:188} INFO - [2026-05-19T13:54:06.089+0000] {dag.py:3096} INFO - Sync 1 DAGs
[2026-05-19T13:54:06.125+0000] {logging_mixin.py:188} INFO - [2026-05-19T13:54:06.124+0000] {dag.py:3954} INFO - Setting next_dagrun for example_branch_dop_operator_v3 to 2026-05-19 13:53:00+00:00, run_after=2026-05-19 13:54:00+00:00
[2026-05-19T13:54:06.159+0000] {processor.py:183} INFO - Processing /home/airflow/.local/lib/python3.12/site-packages/airflow/example_dags/example_branch_python_dop_operator_3.py took 0.143 seconds
[2026-05-19T13:54:36.878+0000] {processor.py:161} INFO - Started process (PID=2841) to work on /home/airflow/.local/lib/python3.12/site-packages/airflow/example_dags/example_branch_python_dop_operator_3.py
[2026-05-19T13:54:36.880+0000] {processor.py:830} INFO - Processing file /home/airflow/.local/lib/python3.12/site-packages/airflow/example_dags/example_branch_python_dop_operator_3.py for tasks to queue
[2026-05-19T13:54:36.886+0000] {logging_mixin.py:188} INFO - [2026-05-19T13:54:36.885+0000] {dagbag.py:545} INFO - Filling up the DagBag from /home/airflow/.local/lib/python3.12/site-packages/airflow/example_dags/example_branch_python_dop_operator_3.py
[2026-05-19T13:54:36.903+0000] {processor.py:840} INFO - DAG(s) 'example_branch_dop_operator_v3' retrieved from /home/airflow/.local/lib/python3.12/site-packages/airflow/example_dags/example_branch_python_dop_operator_3.py
[2026-05-19T13:54:36.951+0000] {logging_mixin.py:188} INFO - [2026-05-19T13:54:36.951+0000] {dag.py:3096} INFO - Sync 1 DAGs
[2026-05-19T13:54:37.003+0000] {logging_mixin.py:188} INFO - [2026-05-19T13:54:37.003+0000] {dag.py:3954} INFO - Setting next_dagrun for example_branch_dop_operator_v3 to 2026-05-19 13:53:00+00:00, run_after=2026-05-19 13:54:00+00:00
[2026-05-19T13:54:37.043+0000] {processor.py:183} INFO - Processing /home/airflow/.local/lib/python3.12/site-packages/airflow/example_dags/example_branch_python_dop_operator_3.py took 0.180 seconds
[2026-05-19T13:55:07.983+0000] {processor.py:161} INFO - Started process (PID=2900) to work on /home/airflow/.local/lib/python3.12/site-packages/airflow/example_dags/example_branch_python_dop_operator_3.py
[2026-05-19T13:55:07.986+0000] {processor.py:830} INFO - Processing file /home/airflow/.local/lib/python3.12/site-packages/airflow/example_dags/example_branch_python_dop_operator_3.py for tasks to queue
[2026-05-19T13:55:07.993+0000] {logging_mixin.py:188} INFO - [2026-05-19T13:55:07.992+0000] {dagbag.py:545} INFO - Filling up the DagBag from /home/airflow/.local/lib/python3.12/site-packages/airflow/example_dags/example_branch_python_dop_operator_3.py
[2026-05-19T13:55:08.014+0000] {processor.py:840} INFO - DAG(s) 'example_branch_dop_operator_v3' retrieved from /home/airflow/.local/lib/python3.12/site-packages/airflow/example_dags/example_branch_python_dop_operator_3.py
[2026-05-19T13:55:08.069+0000] {logging_mixin.py:188} INFO - [2026-05-19T13:55:08.069+0000] {dag.py:3096} INFO - Sync 1 DAGs
[2026-05-19T13:55:08.131+0000] {logging_mixin.py:188} INFO - [2026-05-19T13:55:08.131+0000] {dag.py:3954} INFO - Setting next_dagrun for example_branch_dop_operator_v3 to 2026-05-19 13:54:00+00:00, run_after=2026-05-19 13:55:00+00:00
[2026-05-19T13:55:08.184+0000] {processor.py:183} INFO - Processing /home/airflow/.local/lib/python3.12/site-packages/airflow/example_dags/example_branch_python_dop_operator_3.py took 0.218 seconds
[2026-05-19T13:55:38.400+0000] {processor.py:161} INFO - Started process (PID=2960) to work on /home/airflow/.local/lib/python3.12/site-packages/airflow/example_dags/example_branch_python_dop_operator_3.py
[2026-05-19T13:55:38.401+0000] {processor.py:830} INFO - Processing file /home/airflow/.local/lib/python3.12/site-packages/airflow/example_dags/example_branch_python_dop_operator_3.py for tasks to queue
[2026-05-19T13:55:38.405+0000] {logging_mixin.py:188} INFO - [2026-05-19T13:55:38.404+0000] {dagbag.py:545} INFO - Filling up the DagBag from /home/airflow/.local/lib/python3.12/site-packages/airflow/example_dags/example_branch_python_dop_operator_3.py
[2026-05-19T13:55:38.420+0000] {processor.py:840} INFO - DAG(s) 'example_branch_dop_operator_v3' retrieved from /home/airflow/.local/lib/python3.12/site-packages/airflow/example_dags/example_branch_python_dop_operator_3.py
[2026-05-19T13:55:38.450+0000] {logging_mixin.py:188} INFO - [2026-05-19T13:55:38.450+0000] {dag.py:3096} INFO - Sync 1 DAGs
[2026-05-19T13:55:38.488+0000] {logging_mixin.py:188} INFO - [2026-05-19T13:55:38.488+0000] {dag.py:3954} INFO - Setting next_dagrun for example_branch_dop_operator_v3 to 2026-05-19 13:54:00+00:00, run_after=2026-05-19 13:55:00+00:00
[2026-05-19T13:55:38.519+0000] {processor.py:183} INFO - Processing /home/airflow/.local/lib/python3.12/site-packages/airflow/example_dags/example_branch_python_dop_operator_3.py took 0.128 seconds
[2026-05-19T13:56:08.730+0000] {processor.py:161} INFO - Started process (PID=3019) to work on /home/airflow/.local/lib/python3.12/site-packages/airflow/example_dags/example_branch_python_dop_operator_3.py
[2026-05-19T13:56:08.731+0000] {processor.py:830} INFO - Processing file /home/airflow/.local/lib/python3.12/site-packages/airflow/example_dags/example_branch_python_dop_operator_3.py for tasks to queue
[2026-05-19T13:56:08.733+0000] {logging_mixin.py:188} INFO - [2026-05-19T13:56:08.733+0000] {dagbag.py:545} INFO - Filling up the DagBag from /home/airflow/.local/lib/python3.12/site-packages/airflow/example_dags/example_branch_python_dop_operator_3.py
[2026-05-19T13:56:08.744+0000] {processor.py:840} INFO - DAG(s) 'example_branch_dop_operator_v3' retrieved from /home/airflow/.local/lib/python3.12/site-packages/airflow/example_dags/example_branch_python_dop_operator_3.py
[2026-05-19T13:56:08.768+0000] {logging_mixin.py:188} INFO - [2026-05-19T13:56:08.768+0000] {dag.py:3096} INFO - Sync 1 DAGs
[2026-05-19T13:56:08.789+0000] {logging_mixin.py:188} INFO - [2026-05-19T13:56:08.789+0000] {dag.py:3954} INFO - Setting next_dagrun for example_branch_dop_operator_v3 to 2026-05-19 13:55:00+00:00, run_after=2026-05-19 13:56:00+00:00
[2026-05-19T13:56:08.819+0000] {processor.py:183} INFO - Processing /home/airflow/.local/lib/python3.12/site-packages/airflow/example_dags/example_branch_python_dop_operator_3.py took 0.095 seconds
[2026-05-19T13:56:39.116+0000] {processor.py:161} INFO - Started process (PID=3075) to work on /home/airflow/.local/lib/python3.12/site-packages/airflow/example_dags/example_branch_python_dop_operator_3.py
[2026-05-19T13:56:39.118+0000] {processor.py:830} INFO - Processing file /home/airflow/.local/lib/python3.12/site-packages/airflow/example_dags/example_branch_python_dop_operator_3.py for tasks to queue
[2026-05-19T13:56:39.124+0000] {logging_mixin.py:188} INFO - [2026-05-19T13:56:39.123+0000] {dagbag.py:545} INFO - Filling up the DagBag from /home/airflow/.local/lib/python3.12/site-packages/airflow/example_dags/example_branch_python_dop_operator_3.py
[2026-05-19T13:56:39.141+0000] {processor.py:840} INFO - DAG(s) 'example_branch_dop_operator_v3' retrieved from /home/airflow/.local/lib/python3.12/site-packages/airflow/example_dags/example_branch_python_dop_operator_3.py
[2026-05-19T13:56:39.183+0000] {logging_mixin.py:188} INFO - [2026-05-19T13:56:39.182+0000] {dag.py:3096} INFO - Sync 1 DAGs
[2026-05-19T13:56:39.239+0000] {logging_mixin.py:188} INFO - [2026-05-19T13:56:39.239+0000] {dag.py:3954} INFO - Setting next_dagrun for example_branch_dop_operator_v3 to 2026-05-19 13:55:00+00:00, run_after=2026-05-19 13:56:00+00:00
[2026-05-19T13:56:39.276+0000] {processor.py:183} INFO - Processing /home/airflow/.local/lib/python3.12/site-packages/airflow/example_dags/example_branch_python_dop_operator_3.py took 0.171 seconds
[2026-05-19T13:57:09.518+0000] {processor.py:161} INFO - Started process (PID=3134) to work on /home/airflow/.local/lib/python3.12/site-packages/airflow/example_dags/example_branch_python_dop_operator_3.py
[2026-05-19T13:57:09.520+0000] {processor.py:830} INFO - Processing file /home/airflow/.local/lib/python3.12/site-packages/airflow/example_dags/example_branch_python_dop_operator_3.py for tasks to queue
[2026-05-19T13:57:09.524+0000] {logging_mixin.py:188} INFO - [2026-05-19T13:57:09.523+0000] {dagbag.py:545} INFO - Filling up the DagBag from /home/airflow/.local/lib/python3.12/site-packages/airflow/example_dags/example_branch_python_dop_operator_3.py
[2026-05-19T13:57:09.537+0000] {processor.py:840} INFO - DAG(s) 'example_branch_dop_operator_v3' retrieved from /home/airflow/.local/lib/python3.12/site-packages/airflow/example_dags/example_branch_python_dop_operator_3.py
[2026-05-19T13:57:09.577+0000] {logging_mixin.py:188} INFO - [2026-05-19T13:57:09.576+0000] {dag.py:3096} INFO - Sync 1 DAGs
[2026-05-19T13:57:09.633+0000] {logging_mixin.py:188} INFO - [2026-05-19T13:57:09.632+0000] {dag.py:3954} INFO - Setting next_dagrun for example_branch_dop_operator_v3 to 2026-05-19 13:56:00+00:00, run_after=2026-05-19 13:57:00+00:00
[2026-05-19T13:57:09.675+0000] {processor.py:183} INFO - Processing /home/airflow/.local/lib/python3.12/site-packages/airflow/example_dags/example_branch_python_dop_operator_3.py took 0.167 seconds
[2026-05-19T13:57:40.595+0000] {processor.py:161} INFO - Started process (PID=3193) to work on /home/airflow/.local/lib/python3.12/site-packages/airflow/example_dags/example_branch_python_dop_operator_3.py
[2026-05-19T13:57:40.596+0000] {processor.py:830} INFO - Processing file /home/airflow/.local/lib/python3.12/site-packages/airflow/example_dags/example_branch_python_dop_operator_3.py for tasks to queue
[2026-05-19T13:57:40.599+0000] {logging_mixin.py:188} INFO - [2026-05-19T13:57:40.599+0000] {dagbag.py:545} INFO - Filling up the DagBag from /home/airflow/.local/lib/python3.12/site-packages/airflow/example_dags/example_branch_python_dop_operator_3.py
[2026-05-19T13:57:40.611+0000] {processor.py:840} INFO - DAG(s) 'example_branch_dop_operator_v3' retrieved from /home/airflow/.local/lib/python3.12/site-packages/airflow/example_dags/example_branch_python_dop_operator_3.py
[2026-05-19T13:57:40.641+0000] {logging_mixin.py:188} INFO - [2026-05-19T13:57:40.641+0000] {dag.py:3096} INFO - Sync 1 DAGs
[2026-05-19T13:57:40.679+0000] {logging_mixin.py:188} INFO - [2026-05-19T13:57:40.679+0000] {dag.py:3954} INFO - Setting next_dagrun for example_branch_dop_operator_v3 to 2026-05-19 13:56:00+00:00, run_after=2026-05-19 13:57:00+00:00
[2026-05-19T13:57:40.710+0000] {processor.py:183} INFO - Processing /home/airflow/.local/lib/python3.12/site-packages/airflow/example_dags/example_branch_python_dop_operator_3.py took 0.124 seconds
[2026-05-19T13:58:11.139+0000] {processor.py:161} INFO - Started process (PID=3252) to work on /home/airflow/.local/lib/python3.12/site-packages/airflow/example_dags/example_branch_python_dop_operator_3.py
[2026-05-19T13:58:11.141+0000] {processor.py:830} INFO - Processing file /home/airflow/.local/lib/python3.12/site-packages/airflow/example_dags/example_branch_python_dop_operator_3.py for tasks to queue
[2026-05-19T13:58:11.147+0000] {logging_mixin.py:188} INFO - [2026-05-19T13:58:11.144+0000] {dagbag.py:545} INFO - Filling up the DagBag from /home/airflow/.local/lib/python3.12/site-packages/airflow/example_dags/example_branch_python_dop_operator_3.py
[2026-05-19T13:58:11.163+0000] {processor.py:840} INFO - DAG(s) 'example_branch_dop_operator_v3' retrieved from /home/airflow/.local/lib/python3.12/site-packages/airflow/example_dags/example_branch_python_dop_operator_3.py
[2026-05-19T13:58:11.195+0000] {logging_mixin.py:188} INFO - [2026-05-19T13:58:11.195+0000] {dag.py:3096} INFO - Sync 1 DAGs
[2026-05-19T13:58:11.244+0000] {logging_mixin.py:188} INFO - [2026-05-19T13:58:11.244+0000] {dag.py:3954} INFO - Setting next_dagrun for example_branch_dop_operator_v3 to 2026-05-19 13:57:00+00:00, run_after=2026-05-19 13:58:00+00:00
[2026-05-19T13:58:11.285+0000] {processor.py:183} INFO - Processing /home/airflow/.local/lib/python3.12/site-packages/airflow/example_dags/example_branch_python_dop_operator_3.py took 0.160 seconds
[2026-05-19T13:58:41.797+0000] {processor.py:161} INFO - Started process (PID=3311) to work on /home/airflow/.local/lib/python3.12/site-packages/airflow/example_dags/example_branch_python_dop_operator_3.py
[2026-05-19T13:58:41.799+0000] {processor.py:830} INFO - Processing file /home/airflow/.local/lib/python3.12/site-packages/airflow/example_dags/example_branch_python_dop_operator_3.py for tasks to queue
[2026-05-19T13:58:41.804+0000] {logging_mixin.py:188} INFO - [2026-05-19T13:58:41.803+0000] {dagbag.py:545} INFO - Filling up the DagBag from /home/airflow/.local/lib/python3.12/site-packages/airflow/example_dags/example_branch_python_dop_operator_3.py
[2026-05-19T13:58:41.815+0000] {processor.py:840} INFO - DAG(s) 'example_branch_dop_operator_v3' retrieved from /home/airflow/.local/lib/python3.12/site-packages/airflow/example_dags/example_branch_python_dop_operator_3.py
[2026-05-19T13:58:41.839+0000] {logging_mixin.py:188} INFO - [2026-05-19T13:58:41.839+0000] {dag.py:3096} INFO - Sync 1 DAGs
[2026-05-19T13:58:41.865+0000] {logging_mixin.py:188} INFO - [2026-05-19T13:58:41.865+0000] {dag.py:3954} INFO - Setting next_dagrun for example_branch_dop_operator_v3 to 2026-05-19 13:57:00+00:00, run_after=2026-05-19 13:58:00+00:00
[2026-05-19T13:58:41.896+0000] {processor.py:183} INFO - Processing /home/airflow/.local/lib/python3.12/site-packages/airflow/example_dags/example_branch_python_dop_operator_3.py took 0.104 seconds
[2026-05-19T13:59:12.198+0000] {processor.py:161} INFO - Started process (PID=3370) to work on /home/airflow/.local/lib/python3.12/site-packages/airflow/example_dags/example_branch_python_dop_operator_3.py
[2026-05-19T13:59:12.200+0000] {processor.py:830} INFO - Processing file /home/airflow/.local/lib/python3.12/site-packages/airflow/example_dags/example_branch_python_dop_operator_3.py for tasks to queue
[2026-05-19T13:59:12.204+0000] {logging_mixin.py:188} INFO - [2026-05-19T13:59:12.203+0000] {dagbag.py:545} INFO - Filling up the DagBag from /home/airflow/.local/lib/python3.12/site-packages/airflow/example_dags/example_branch_python_dop_operator_3.py
[2026-05-19T13:59:12.225+0000] {processor.py:840} INFO - DAG(s) 'example_branch_dop_operator_v3' retrieved from /home/airflow/.local/lib/python3.12/site-packages/airflow/example_dags/example_branch_python_dop_operator_3.py
[2026-05-19T13:59:12.265+0000] {logging_mixin.py:188} INFO - [2026-05-19T13:59:12.264+0000] {dag.py:3096} INFO - Sync 1 DAGs
[2026-05-19T13:59:12.313+0000] {logging_mixin.py:188} INFO - [2026-05-19T13:59:12.313+0000] {dag.py:3954} INFO - Setting next_dagrun for example_branch_dop_operator_v3 to 2026-05-19 13:58:00+00:00, run_after=2026-05-19 13:59:00+00:00
[2026-05-19T13:59:12.357+0000] {processor.py:183} INFO - Processing /home/airflow/.local/lib/python3.12/site-packages/airflow/example_dags/example_branch_python_dop_operator_3.py took 0.176 seconds
[2026-05-19T13:59:43.603+0000] {processor.py:161} INFO - Started process (PID=3429) to work on /home/airflow/.local/lib/python3.12/site-packages/airflow/example_dags/example_branch_python_dop_operator_3.py
[2026-05-19T13:59:43.611+0000] {processor.py:830} INFO - Processing file /home/airflow/.local/lib/python3.12/site-packages/airflow/example_dags/example_branch_python_dop_operator_3.py for tasks to queue
[2026-05-19T13:59:43.616+0000] {logging_mixin.py:188} INFO - [2026-05-19T13:59:43.615+0000] {dagbag.py:545} INFO - Filling up the DagBag from /home/airflow/.local/lib/python3.12/site-packages/airflow/example_dags/example_branch_python_dop_operator_3.py
[2026-05-19T13:59:43.656+0000] {processor.py:840} INFO - DAG(s) 'example_branch_dop_operator_v3' retrieved from /home/airflow/.local/lib/python3.12/site-packages/airflow/example_dags/example_branch_python_dop_operator_3.py
[2026-05-19T13:59:43.786+0000] {logging_mixin.py:188} INFO - [2026-05-19T13:59:43.785+0000] {dag.py:3096} INFO - Sync 1 DAGs
[2026-05-19T13:59:44.088+0000] {logging_mixin.py:188} INFO - [2026-05-19T13:59:44.086+0000] {dag.py:3954} INFO - Setting next_dagrun for example_branch_dop_operator_v3 to 2026-05-19 13:58:00+00:00, run_after=2026-05-19 13:59:00+00:00
[2026-05-19T13:59:44.646+0000] {processor.py:183} INFO - Processing /home/airflow/.local/lib/python3.12/site-packages/airflow/example_dags/example_branch_python_dop_operator_3.py took 1.081 seconds
[2026-05-19T14:00:15.101+0000] {processor.py:161} INFO - Started process (PID=3489) to work on /home/airflow/.local/lib/python3.12/site-packages/airflow/example_dags/example_branch_python_dop_operator_3.py
[2026-05-19T14:00:15.103+0000] {processor.py:830} INFO - Processing file /home/airflow/.local/lib/python3.12/site-packages/airflow/example_dags/example_branch_python_dop_operator_3.py for tasks to queue
[2026-05-19T14:00:15.107+0000] {logging_mixin.py:188} INFO - [2026-05-19T14:00:15.106+0000] {dagbag.py:545} INFO - Filling up the DagBag from /home/airflow/.local/lib/python3.12/site-packages/airflow/example_dags/example_branch_python_dop_operator_3.py
[2026-05-19T14:00:15.126+0000] {processor.py:840} INFO - DAG(s) 'example_branch_dop_operator_v3' retrieved from /home/airflow/.local/lib/python3.12/site-packages/airflow/example_dags/example_branch_python_dop_operator_3.py
[2026-05-19T14:00:15.163+0000] {logging_mixin.py:188} INFO - [2026-05-19T14:00:15.162+0000] {dag.py:3096} INFO - Sync 1 DAGs
[2026-05-19T14:00:15.207+0000] {logging_mixin.py:188} INFO - [2026-05-19T14:00:15.206+0000] {dag.py:3954} INFO - Setting next_dagrun for example_branch_dop_operator_v3 to 2026-05-19 13:59:00+00:00, run_after=2026-05-19 14:00:00+00:00
[2026-05-19T14:00:15.244+0000] {processor.py:183} INFO - Processing /home/airflow/.local/lib/python3.12/site-packages/airflow/example_dags/example_branch_python_dop_operator_3.py took 0.157 seconds
[2026-05-19T14:00:45.348+0000] {processor.py:161} INFO - Started process (PID=3547) to work on /home/airflow/.local/lib/python3.12/site-packages/airflow/example_dags/example_branch_python_dop_operator_3.py
[2026-05-19T14:00:45.352+0000] {processor.py:830} INFO - Processing file /home/airflow/.local/lib/python3.12/site-packages/airflow/example_dags/example_branch_python_dop_operator_3.py for tasks to queue
[2026-05-19T14:00:45.356+0000] {logging_mixin.py:188} INFO - [2026-05-19T14:00:45.355+0000] {dagbag.py:545} INFO - Filling up the DagBag from /home/airflow/.local/lib/python3.12/site-packages/airflow/example_dags/example_branch_python_dop_operator_3.py
[2026-05-19T14:00:45.365+0000] {processor.py:840} INFO - DAG(s) 'example_branch_dop_operator_v3' retrieved from /home/airflow/.local/lib/python3.12/site-packages/airflow/example_dags/example_branch_python_dop_operator_3.py
[2026-05-19T14:00:45.394+0000] {logging_mixin.py:188} INFO - [2026-05-19T14:00:45.394+0000] {dag.py:3096} INFO - Sync 1 DAGs
[2026-05-19T14:00:45.423+0000] {logging_mixin.py:188} INFO - [2026-05-19T14:00:45.422+0000] {dag.py:3954} INFO - Setting next_dagrun for example_branch_dop_operator_v3 to 2026-05-19 13:59:00+00:00, run_after=2026-05-19 14:00:00+00:00
[2026-05-19T14:00:45.444+0000] {processor.py:183} INFO - Processing /home/airflow/.local/lib/python3.12/site-packages/airflow/example_dags/example_branch_python_dop_operator_3.py took 0.102 seconds
[2026-05-19T14:01:16.080+0000] {processor.py:161} INFO - Started process (PID=3608) to work on /home/airflow/.local/lib/python3.12/site-packages/airflow/example_dags/example_branch_python_dop_operator_3.py
[2026-05-19T14:01:16.083+0000] {processor.py:830} INFO - Processing file /home/airflow/.local/lib/python3.12/site-packages/airflow/example_dags/example_branch_python_dop_operator_3.py for tasks to queue
[2026-05-19T14:01:16.087+0000] {logging_mixin.py:188} INFO - [2026-05-19T14:01:16.086+0000] {dagbag.py:545} INFO - Filling up the DagBag from /home/airflow/.local/lib/python3.12/site-packages/airflow/example_dags/example_branch_python_dop_operator_3.py
[2026-05-19T14:01:16.103+0000] {processor.py:840} INFO - DAG(s) 'example_branch_dop_operator_v3' retrieved from /home/airflow/.local/lib/python3.12/site-packages/airflow/example_dags/example_branch_python_dop_operator_3.py
[2026-05-19T14:01:16.144+0000] {logging_mixin.py:188} INFO - [2026-05-19T14:01:16.143+0000] {dag.py:3096} INFO - Sync 1 DAGs
[2026-05-19T14:01:16.184+0000] {logging_mixin.py:188} INFO - [2026-05-19T14:01:16.184+0000] {dag.py:3954} INFO - Setting next_dagrun for example_branch_dop_operator_v3 to 2026-05-19 14:00:00+00:00, run_after=2026-05-19 14:01:00+00:00
[2026-05-19T14:01:16.222+0000] {processor.py:183} INFO - Processing /home/airflow/.local/lib/python3.12/site-packages/airflow/example_dags/example_branch_python_dop_operator_3.py took 0.151 seconds
[2026-05-19T14:01:46.934+0000] {processor.py:161} INFO - Started process (PID=3667) to work on /home/airflow/.local/lib/python3.12/site-packages/airflow/example_dags/example_branch_python_dop_operator_3.py
[2026-05-19T14:01:46.937+0000] {processor.py:830} INFO - Processing file /home/airflow/.local/lib/python3.12/site-packages/airflow/example_dags/example_branch_python_dop_operator_3.py for tasks to queue
[2026-05-19T14:01:46.943+0000] {logging_mixin.py:188} INFO - [2026-05-19T14:01:46.942+0000] {dagbag.py:545} INFO - Filling up the DagBag from /home/airflow/.local/lib/python3.12/site-packages/airflow/example_dags/example_branch_python_dop_operator_3.py
[2026-05-19T14:01:46.972+0000] {processor.py:840} INFO - DAG(s) 'example_branch_dop_operator_v3' retrieved from /home/airflow/.local/lib/python3.12/site-packages/airflow/example_dags/example_branch_python_dop_operator_3.py
[2026-05-19T14:01:47.014+0000] {logging_mixin.py:188} INFO - [2026-05-19T14:01:47.013+0000] {dag.py:3096} INFO - Sync 1 DAGs
[2026-05-19T14:01:47.064+0000] {logging_mixin.py:188} INFO - [2026-05-19T14:01:47.064+0000] {dag.py:3954} INFO - Setting next_dagrun for example_branch_dop_operator_v3 to 2026-05-19 14:00:00+00:00, run_after=2026-05-19 14:01:00+00:00
[2026-05-19T14:01:47.104+0000] {processor.py:183} INFO - Processing /home/airflow/.local/lib/python3.12/site-packages/airflow/example_dags/example_branch_python_dop_operator_3.py took 0.179 seconds
[2026-05-19T14:02:17.407+0000] {processor.py:161} INFO - Started process (PID=3725) to work on /home/airflow/.local/lib/python3.12/site-packages/airflow/example_dags/example_branch_python_dop_operator_3.py
[2026-05-19T14:02:17.411+0000] {processor.py:830} INFO - Processing file /home/airflow/.local/lib/python3.12/site-packages/airflow/example_dags/example_branch_python_dop_operator_3.py for tasks to queue
[2026-05-19T14:02:17.418+0000] {logging_mixin.py:188} INFO - [2026-05-19T14:02:17.417+0000] {dagbag.py:545} INFO - Filling up the DagBag from /home/airflow/.local/lib/python3.12/site-packages/airflow/example_dags/example_branch_python_dop_operator_3.py
[2026-05-19T14:02:17.454+0000] {processor.py:840} INFO - DAG(s) 'example_branch_dop_operator_v3' retrieved from /home/airflow/.local/lib/python3.12/site-packages/airflow/example_dags/example_branch_python_dop_operator_3.py
[2026-05-19T14:02:17.531+0000] {logging_mixin.py:188} INFO - [2026-05-19T14:02:17.530+0000] {dag.py:3096} INFO - Sync 1 DAGs
[2026-05-19T14:02:17.622+0000] {logging_mixin.py:188} INFO - [2026-05-19T14:02:17.621+0000] {dag.py:3954} INFO - Setting next_dagrun for example_branch_dop_operator_v3 to 2026-05-19 14:01:00+00:00, run_after=2026-05-19 14:02:00+00:00
[2026-05-19T14:02:17.684+0000] {processor.py:183} INFO - Processing /home/airflow/.local/lib/python3.12/site-packages/airflow/example_dags/example_branch_python_dop_operator_3.py took 0.299 seconds
[2026-05-19T14:02:48.154+0000] {processor.py:161} INFO - Started process (PID=3784) to work on /home/airflow/.local/lib/python3.12/site-packages/airflow/example_dags/example_branch_python_dop_operator_3.py
[2026-05-19T14:02:48.155+0000] {processor.py:830} INFO - Processing file /home/airflow/.local/lib/python3.12/site-packages/airflow/example_dags/example_branch_python_dop_operator_3.py for tasks to queue
[2026-05-19T14:02:48.159+0000] {logging_mixin.py:188} INFO - [2026-05-19T14:02:48.158+0000] {dagbag.py:545} INFO - Filling up the DagBag from /home/airflow/.local/lib/python3.12/site-packages/airflow/example_dags/example_branch_python_dop_operator_3.py
[2026-05-19T14:02:48.174+0000] {processor.py:840} INFO - DAG(s) 'example_branch_dop_operator_v3' retrieved from /home/airflow/.local/lib/python3.12/site-packages/airflow/example_dags/example_branch_python_dop_operator_3.py
[2026-05-19T14:02:48.202+0000] {logging_mixin.py:188} INFO - [2026-05-19T14:02:48.201+0000] {dag.py:3096} INFO - Sync 1 DAGs
[2026-05-19T14:02:48.227+0000] {logging_mixin.py:188} INFO - [2026-05-19T14:02:48.227+0000] {dag.py:3954} INFO - Setting next_dagrun for example_branch_dop_operator_v3 to 2026-05-19 14:01:00+00:00, run_after=2026-05-19 14:02:00+00:00
[2026-05-19T14:02:48.257+0000] {processor.py:183} INFO - Processing /home/airflow/.local/lib/python3.12/site-packages/airflow/example_dags/example_branch_python_dop_operator_3.py took 0.111 seconds
[2026-05-19T14:03:18.465+0000] {processor.py:161} INFO - Started process (PID=3843) to work on /home/airflow/.local/lib/python3.12/site-packages/airflow/example_dags/example_branch_python_dop_operator_3.py
[2026-05-19T14:03:18.467+0000] {processor.py:830} INFO - Processing file /home/airflow/.local/lib/python3.12/site-packages/airflow/example_dags/example_branch_python_dop_operator_3.py for tasks to queue
[2026-05-19T14:03:18.470+0000] {logging_mixin.py:188} INFO - [2026-05-19T14:03:18.470+0000] {dagbag.py:545} INFO - Filling up the DagBag from /home/airflow/.local/lib/python3.12/site-packages/airflow/example_dags/example_branch_python_dop_operator_3.py
[2026-05-19T14:03:18.480+0000] {processor.py:840} INFO - DAG(s) 'example_branch_dop_operator_v3' retrieved from /home/airflow/.local/lib/python3.12/site-packages/airflow/example_dags/example_branch_python_dop_operator_3.py
[2026-05-19T14:03:18.504+0000] {logging_mixin.py:188} INFO - [2026-05-19T14:03:18.503+0000] {dag.py:3096} INFO - Sync 1 DAGs
[2026-05-19T14:03:18.544+0000] {logging_mixin.py:188} INFO - [2026-05-19T14:03:18.544+0000] {dag.py:3954} INFO - Setting next_dagrun for example_branch_dop_operator_v3 to 2026-05-19 14:02:00+00:00, run_after=2026-05-19 14:03:00+00:00
[2026-05-19T14:03:18.575+0000] {processor.py:183} INFO - Processing /home/airflow/.local/lib/python3.12/site-packages/airflow/example_dags/example_branch_python_dop_operator_3.py took 0.121 seconds
[2026-05-19T14:03:48.757+0000] {processor.py:161} INFO - Started process (PID=3902) to work on /home/airflow/.local/lib/python3.12/site-packages/airflow/example_dags/example_branch_python_dop_operator_3.py
[2026-05-19T14:03:48.758+0000] {processor.py:830} INFO - Processing file /home/airflow/.local/lib/python3.12/site-packages/airflow/example_dags/example_branch_python_dop_operator_3.py for tasks to queue
[2026-05-19T14:03:48.762+0000] {logging_mixin.py:188} INFO - [2026-05-19T14:03:48.761+0000] {dagbag.py:545} INFO - Filling up the DagBag from /home/airflow/.local/lib/python3.12/site-packages/airflow/example_dags/example_branch_python_dop_operator_3.py
[2026-05-19T14:03:48.772+0000] {processor.py:840} INFO - DAG(s) 'example_branch_dop_operator_v3' retrieved from /home/airflow/.local/lib/python3.12/site-packages/airflow/example_dags/example_branch_python_dop_operator_3.py
[2026-05-19T14:03:48.798+0000] {logging_mixin.py:188} INFO - [2026-05-19T14:03:48.798+0000] {dag.py:3096} INFO - Sync 1 DAGs
[2026-05-19T14:03:48.826+0000] {logging_mixin.py:188} INFO - [2026-05-19T14:03:48.826+0000] {dag.py:3954} INFO - Setting next_dagrun for example_branch_dop_operator_v3 to 2026-05-19 14:02:00+00:00, run_after=2026-05-19 14:03:00+00:00
[2026-05-19T14:03:48.847+0000] {processor.py:183} INFO - Processing /home/airflow/.local/lib/python3.12/site-packages/airflow/example_dags/example_branch_python_dop_operator_3.py took 0.095 seconds
[2026-05-19T14:04:19.366+0000] {processor.py:161} INFO - Started process (PID=3959) to work on /home/airflow/.local/lib/python3.12/site-packages/airflow/example_dags/example_branch_python_dop_operator_3.py
[2026-05-19T14:04:19.367+0000] {processor.py:830} INFO - Processing file /home/airflow/.local/lib/python3.12/site-packages/airflow/example_dags/example_branch_python_dop_operator_3.py for tasks to queue
[2026-05-19T14:04:19.369+0000] {logging_mixin.py:188} INFO - [2026-05-19T14:04:19.368+0000] {dagbag.py:545} INFO - Filling up the DagBag from /home/airflow/.local/lib/python3.12/site-packages/airflow/example_dags/example_branch_python_dop_operator_3.py
[2026-05-19T14:04:19.377+0000] {processor.py:840} INFO - DAG(s) 'example_branch_dop_operator_v3' retrieved from /home/airflow/.local/lib/python3.12/site-packages/airflow/example_dags/example_branch_python_dop_operator_3.py
[2026-05-19T14:04:19.399+0000] {logging_mixin.py:188} INFO - [2026-05-19T14:04:19.399+0000] {dag.py:3096} INFO - Sync 1 DAGs
[2026-05-19T14:04:19.432+0000] {logging_mixin.py:188} INFO - [2026-05-19T14:04:19.432+0000] {dag.py:3954} INFO - Setting next_dagrun for example_branch_dop_operator_v3 to 2026-05-19 14:03:00+00:00, run_after=2026-05-19 14:04:00+00:00
[2026-05-19T14:04:19.456+0000] {processor.py:183} INFO - Processing /home/airflow/.local/lib/python3.12/site-packages/airflow/example_dags/example_branch_python_dop_operator_3.py took 0.095 seconds
[2026-05-19T14:04:49.908+0000] {processor.py:161} INFO - Started process (PID=4024) to work on /home/airflow/.local/lib/python3.12/site-packages/airflow/example_dags/example_branch_python_dop_operator_3.py
[2026-05-19T14:04:49.909+0000] {processor.py:830} INFO - Processing file /home/airflow/.local/lib/python3.12/site-packages/airflow/example_dags/example_branch_python_dop_operator_3.py for tasks to queue
[2026-05-19T14:04:49.913+0000] {logging_mixin.py:188} INFO - [2026-05-19T14:04:49.913+0000] {dagbag.py:545} INFO - Filling up the DagBag from /home/airflow/.local/lib/python3.12/site-packages/airflow/example_dags/example_branch_python_dop_operator_3.py
[2026-05-19T14:04:49.923+0000] {processor.py:840} INFO - DAG(s) 'example_branch_dop_operator_v3' retrieved from /home/airflow/.local/lib/python3.12/site-packages/airflow/example_dags/example_branch_python_dop_operator_3.py
[2026-05-19T14:04:49.959+0000] {logging_mixin.py:188} INFO - [2026-05-19T14:04:49.958+0000] {dag.py:3096} INFO - Sync 1 DAGs
[2026-05-19T14:04:50.022+0000] {logging_mixin.py:188} INFO - [2026-05-19T14:04:50.022+0000] {dag.py:3954} INFO - Setting next_dagrun for example_branch_dop_operator_v3 to 2026-05-19 14:03:00+00:00, run_after=2026-05-19 14:04:00+00:00
[2026-05-19T14:04:50.076+0000] {processor.py:183} INFO - Processing /home/airflow/.local/lib/python3.12/site-packages/airflow/example_dags/example_branch_python_dop_operator_3.py took 0.175 seconds
[2026-05-19T14:05:20.365+0000] {processor.py:161} INFO - Started process (PID=4083) to work on /home/airflow/.local/lib/python3.12/site-packages/airflow/example_dags/example_branch_python_dop_operator_3.py
[2026-05-19T14:05:20.367+0000] {processor.py:830} INFO - Processing file /home/airflow/.local/lib/python3.12/site-packages/airflow/example_dags/example_branch_python_dop_operator_3.py for tasks to queue
[2026-05-19T14:05:20.371+0000] {logging_mixin.py:188} INFO - [2026-05-19T14:05:20.371+0000] {dagbag.py:545} INFO - Filling up the DagBag from /home/airflow/.local/lib/python3.12/site-packages/airflow/example_dags/example_branch_python_dop_operator_3.py
[2026-05-19T14:05:20.382+0000] {processor.py:840} INFO - DAG(s) 'example_branch_dop_operator_v3' retrieved from /home/airflow/.local/lib/python3.12/site-packages/airflow/example_dags/example_branch_python_dop_operator_3.py
[2026-05-19T14:05:20.402+0000] {logging_mixin.py:188} INFO - [2026-05-19T14:05:20.401+0000] {dag.py:3096} INFO - Sync 1 DAGs
[2026-05-19T14:05:20.431+0000] {logging_mixin.py:188} INFO - [2026-05-19T14:05:20.431+0000] {dag.py:3954} INFO - Setting next_dagrun for example_branch_dop_operator_v3 to 2026-05-19 14:04:00+00:00, run_after=2026-05-19 14:05:00+00:00
[2026-05-19T14:05:20.457+0000] {processor.py:183} INFO - Processing /home/airflow/.local/lib/python3.12/site-packages/airflow/example_dags/example_branch_python_dop_operator_3.py took 0.101 seconds
[2026-05-19T14:05:50.791+0000] {processor.py:161} INFO - Started process (PID=4143) to work on /home/airflow/.local/lib/python3.12/site-packages/airflow/example_dags/example_branch_python_dop_operator_3.py
[2026-05-19T14:05:50.793+0000] {processor.py:830} INFO - Processing file /home/airflow/.local/lib/python3.12/site-packages/airflow/example_dags/example_branch_python_dop_operator_3.py for tasks to queue
[2026-05-19T14:05:50.797+0000] {logging_mixin.py:188} INFO - [2026-05-19T14:05:50.797+0000] {dagbag.py:545} INFO - Filling up the DagBag from /home/airflow/.local/lib/python3.12/site-packages/airflow/example_dags/example_branch_python_dop_operator_3.py
[2026-05-19T14:05:50.807+0000] {processor.py:840} INFO - DAG(s) 'example_branch_dop_operator_v3' retrieved from /home/airflow/.local/lib/python3.12/site-packages/airflow/example_dags/example_branch_python_dop_operator_3.py
[2026-05-19T14:05:50.836+0000] {logging_mixin.py:188} INFO - [2026-05-19T14:05:50.836+0000] {dag.py:3096} INFO - Sync 1 DAGs
[2026-05-19T14:05:50.867+0000] {logging_mixin.py:188} INFO - [2026-05-19T14:05:50.867+0000] {dag.py:3954} INFO - Setting next_dagrun for example_branch_dop_operator_v3 to 2026-05-19 14:04:00+00:00, run_after=2026-05-19 14:05:00+00:00
[2026-05-19T14:05:50.893+0000] {processor.py:183} INFO - Processing /home/airflow/.local/lib/python3.12/site-packages/airflow/example_dags/example_branch_python_dop_operator_3.py took 0.111 seconds
[2026-05-19T14:06:21.377+0000] {processor.py:161} INFO - Started process (PID=4202) to work on /home/airflow/.local/lib/python3.12/site-packages/airflow/example_dags/example_branch_python_dop_operator_3.py
[2026-05-19T14:06:21.381+0000] {processor.py:830} INFO - Processing file /home/airflow/.local/lib/python3.12/site-packages/airflow/example_dags/example_branch_python_dop_operator_3.py for tasks to queue
[2026-05-19T14:06:21.390+0000] {logging_mixin.py:188} INFO - [2026-05-19T14:06:21.388+0000] {dagbag.py:545} INFO - Filling up the DagBag from /home/airflow/.local/lib/python3.12/site-packages/airflow/example_dags/example_branch_python_dop_operator_3.py
[2026-05-19T14:06:21.423+0000] {processor.py:840} INFO - DAG(s) 'example_branch_dop_operator_v3' retrieved from /home/airflow/.local/lib/python3.12/site-packages/airflow/example_dags/example_branch_python_dop_operator_3.py
[2026-05-19T14:06:21.484+0000] {logging_mixin.py:188} INFO - [2026-05-19T14:06:21.484+0000] {dag.py:3096} INFO - Sync 1 DAGs
[2026-05-19T14:06:21.568+0000] {logging_mixin.py:188} INFO - [2026-05-19T14:06:21.568+0000] {dag.py:3954} INFO - Setting next_dagrun for example_branch_dop_operator_v3 to 2026-05-19 14:05:00+00:00, run_after=2026-05-19 14:06:00+00:00
[2026-05-19T14:06:21.633+0000] {processor.py:183} INFO - Processing /home/airflow/.local/lib/python3.12/site-packages/airflow/example_dags/example_branch_python_dop_operator_3.py took 0.277 seconds
[2026-05-19T14:06:51.835+0000] {processor.py:161} INFO - Started process (PID=4261) to work on /home/airflow/.local/lib/python3.12/site-packages/airflow/example_dags/example_branch_python_dop_operator_3.py
[2026-05-19T14:06:51.837+0000] {processor.py:830} INFO - Processing file /home/airflow/.local/lib/python3.12/site-packages/airflow/example_dags/example_branch_python_dop_operator_3.py for tasks to queue
[2026-05-19T14:06:51.843+0000] {logging_mixin.py:188} INFO - [2026-05-19T14:06:51.842+0000] {dagbag.py:545} INFO - Filling up the DagBag from /home/airflow/.local/lib/python3.12/site-packages/airflow/example_dags/example_branch_python_dop_operator_3.py
[2026-05-19T14:06:51.855+0000] {processor.py:840} INFO - DAG(s) 'example_branch_dop_operator_v3' retrieved from /home/airflow/.local/lib/python3.12/site-packages/airflow/example_dags/example_branch_python_dop_operator_3.py
[2026-05-19T14:06:51.890+0000] {logging_mixin.py:188} INFO - [2026-05-19T14:06:51.890+0000] {dag.py:3096} INFO - Sync 1 DAGs
[2026-05-19T14:06:51.926+0000] {logging_mixin.py:188} INFO - [2026-05-19T14:06:51.926+0000] {dag.py:3954} INFO - Setting next_dagrun for example_branch_dop_operator_v3 to 2026-05-19 14:05:00+00:00, run_after=2026-05-19 14:06:00+00:00
[2026-05-19T14:06:51.965+0000] {processor.py:183} INFO - Processing /home/airflow/.local/lib/python3.12/site-packages/airflow/example_dags/example_branch_python_dop_operator_3.py took 0.139 seconds
[2026-05-19T14:07:22.995+0000] {processor.py:161} INFO - Started process (PID=4320) to work on /home/airflow/.local/lib/python3.12/site-packages/airflow/example_dags/example_branch_python_dop_operator_3.py
[2026-05-19T14:07:22.998+0000] {processor.py:830} INFO - Processing file /home/airflow/.local/lib/python3.12/site-packages/airflow/example_dags/example_branch_python_dop_operator_3.py for tasks to queue
[2026-05-19T14:07:23.003+0000] {logging_mixin.py:188} INFO - [2026-05-19T14:07:23.002+0000] {dagbag.py:545} INFO - Filling up the DagBag from /home/airflow/.local/lib/python3.12/site-packages/airflow/example_dags/example_branch_python_dop_operator_3.py
[2026-05-19T14:07:23.036+0000] {processor.py:840} INFO - DAG(s) 'example_branch_dop_operator_v3' retrieved from /home/airflow/.local/lib/python3.12/site-packages/airflow/example_dags/example_branch_python_dop_operator_3.py
[2026-05-19T14:07:23.110+0000] {logging_mixin.py:188} INFO - [2026-05-19T14:07:23.109+0000] {dag.py:3096} INFO - Sync 1 DAGs
[2026-05-19T14:07:23.217+0000] {logging_mixin.py:188} INFO - [2026-05-19T14:07:23.217+0000] {dag.py:3954} INFO - Setting next_dagrun for example_branch_dop_operator_v3 to 2026-05-19 14:06:00+00:00, run_after=2026-05-19 14:07:00+00:00
[2026-05-19T14:07:23.305+0000] {processor.py:183} INFO - Processing /home/airflow/.local/lib/python3.12/site-packages/airflow/example_dags/example_branch_python_dop_operator_3.py took 0.325 seconds
[2026-05-19T14:07:53.816+0000] {processor.py:161} INFO - Started process (PID=4379) to work on /home/airflow/.local/lib/python3.12/site-packages/airflow/example_dags/example_branch_python_dop_operator_3.py
[2026-05-19T14:07:53.818+0000] {processor.py:830} INFO - Processing file /home/airflow/.local/lib/python3.12/site-packages/airflow/example_dags/example_branch_python_dop_operator_3.py for tasks to queue
[2026-05-19T14:07:53.820+0000] {logging_mixin.py:188} INFO - [2026-05-19T14:07:53.820+0000] {dagbag.py:545} INFO - Filling up the DagBag from /home/airflow/.local/lib/python3.12/site-packages/airflow/example_dags/example_branch_python_dop_operator_3.py
[2026-05-19T14:07:53.835+0000] {processor.py:840} INFO - DAG(s) 'example_branch_dop_operator_v3' retrieved from /home/airflow/.local/lib/python3.12/site-packages/airflow/example_dags/example_branch_python_dop_operator_3.py
[2026-05-19T14:07:53.864+0000] {logging_mixin.py:188} INFO - [2026-05-19T14:07:53.863+0000] {dag.py:3096} INFO - Sync 1 DAGs
[2026-05-19T14:07:53.891+0000] {logging_mixin.py:188} INFO - [2026-05-19T14:07:53.891+0000] {dag.py:3954} INFO - Setting next_dagrun for example_branch_dop_operator_v3 to 2026-05-19 14:06:00+00:00, run_after=2026-05-19 14:07:00+00:00
[2026-05-19T14:07:53.918+0000] {processor.py:183} INFO - Processing /home/airflow/.local/lib/python3.12/site-packages/airflow/example_dags/example_branch_python_dop_operator_3.py took 0.110 seconds
[2026-05-19T14:08:24.335+0000] {processor.py:161} INFO - Started process (PID=4438) to work on /home/airflow/.local/lib/python3.12/site-packages/airflow/example_dags/example_branch_python_dop_operator_3.py
[2026-05-19T14:08:24.336+0000] {processor.py:830} INFO - Processing file /home/airflow/.local/lib/python3.12/site-packages/airflow/example_dags/example_branch_python_dop_operator_3.py for tasks to queue
[2026-05-19T14:08:24.338+0000] {logging_mixin.py:188} INFO - [2026-05-19T14:08:24.338+0000] {dagbag.py:545} INFO - Filling up the DagBag from /home/airflow/.local/lib/python3.12/site-packages/airflow/example_dags/example_branch_python_dop_operator_3.py
[2026-05-19T14:08:24.346+0000] {processor.py:840} INFO - DAG(s) 'example_branch_dop_operator_v3' retrieved from /home/airflow/.local/lib/python3.12/site-packages/airflow/example_dags/example_branch_python_dop_operator_3.py
[2026-05-19T14:08:24.369+0000] {logging_mixin.py:188} INFO - [2026-05-19T14:08:24.368+0000] {dag.py:3096} INFO - Sync 1 DAGs
[2026-05-19T14:08:24.399+0000] {logging_mixin.py:188} INFO - [2026-05-19T14:08:24.399+0000] {dag.py:3954} INFO - Setting next_dagrun for example_branch_dop_operator_v3 to 2026-05-19 14:07:00+00:00, run_after=2026-05-19 14:08:00+00:00
[2026-05-19T14:08:24.418+0000] {processor.py:183} INFO - Processing /home/airflow/.local/lib/python3.12/site-packages/airflow/example_dags/example_branch_python_dop_operator_3.py took 0.089 seconds
[2026-05-19T14:08:55.003+0000] {processor.py:161} INFO - Started process (PID=4497) to work on /home/airflow/.local/lib/python3.12/site-packages/airflow/example_dags/example_branch_python_dop_operator_3.py
[2026-05-19T14:08:55.004+0000] {processor.py:830} INFO - Processing file /home/airflow/.local/lib/python3.12/site-packages/airflow/example_dags/example_branch_python_dop_operator_3.py for tasks to queue
[2026-05-19T14:08:55.009+0000] {logging_mixin.py:188} INFO - [2026-05-19T14:08:55.009+0000] {dagbag.py:545} INFO - Filling up the DagBag from /home/airflow/.local/lib/python3.12/site-packages/airflow/example_dags/example_branch_python_dop_operator_3.py
[2026-05-19T14:08:55.019+0000] {processor.py:840} INFO - DAG(s) 'example_branch_dop_operator_v3' retrieved from /home/airflow/.local/lib/python3.12/site-packages/airflow/example_dags/example_branch_python_dop_operator_3.py
[2026-05-19T14:08:55.048+0000] {logging_mixin.py:188} INFO - [2026-05-19T14:08:55.047+0000] {dag.py:3096} INFO - Sync 1 DAGs
[2026-05-19T14:08:55.080+0000] {logging_mixin.py:188} INFO - [2026-05-19T14:08:55.080+0000] {dag.py:3954} INFO - Setting next_dagrun for example_branch_dop_operator_v3 to 2026-05-19 14:07:00+00:00, run_after=2026-05-19 14:08:00+00:00
[2026-05-19T14:08:55.110+0000] {processor.py:183} INFO - Processing /home/airflow/.local/lib/python3.12/site-packages/airflow/example_dags/example_branch_python_dop_operator_3.py took 0.117 seconds
[2026-05-19T14:09:25.323+0000] {processor.py:161} INFO - Started process (PID=4557) to work on /home/airflow/.local/lib/python3.12/site-packages/airflow/example_dags/example_branch_python_dop_operator_3.py
[2026-05-19T14:09:25.324+0000] {processor.py:830} INFO - Processing file /home/airflow/.local/lib/python3.12/site-packages/airflow/example_dags/example_branch_python_dop_operator_3.py for tasks to queue
[2026-05-19T14:09:25.327+0000] {logging_mixin.py:188} INFO - [2026-05-19T14:09:25.326+0000] {dagbag.py:545} INFO - Filling up the DagBag from /home/airflow/.local/lib/python3.12/site-packages/airflow/example_dags/example_branch_python_dop_operator_3.py
[2026-05-19T14:09:25.337+0000] {processor.py:840} INFO - DAG(s) 'example_branch_dop_operator_v3' retrieved from /home/airflow/.local/lib/python3.12/site-packages/airflow/example_dags/example_branch_python_dop_operator_3.py
[2026-05-19T14:09:25.369+0000] {logging_mixin.py:188} INFO - [2026-05-19T14:09:25.369+0000] {dag.py:3096} INFO - Sync 1 DAGs
[2026-05-19T14:09:25.408+0000] {logging_mixin.py:188} INFO - [2026-05-19T14:09:25.407+0000] {dag.py:3954} INFO - Setting next_dagrun for example_branch_dop_operator_v3 to 2026-05-19 14:08:00+00:00, run_after=2026-05-19 14:09:00+00:00
[2026-05-19T14:09:25.442+0000] {processor.py:183} INFO - Processing /home/airflow/.local/lib/python3.12/site-packages/airflow/example_dags/example_branch_python_dop_operator_3.py took 0.125 seconds
[2026-05-19T14:09:55.517+0000] {processor.py:161} INFO - Started process (PID=4616) to work on /home/airflow/.local/lib/python3.12/site-packages/airflow/example_dags/example_branch_python_dop_operator_3.py
[2026-05-19T14:09:55.519+0000] {processor.py:830} INFO - Processing file /home/airflow/.local/lib/python3.12/site-packages/airflow/example_dags/example_branch_python_dop_operator_3.py for tasks to queue
[2026-05-19T14:09:55.522+0000] {logging_mixin.py:188} INFO - [2026-05-19T14:09:55.522+0000] {dagbag.py:545} INFO - Filling up the DagBag from /home/airflow/.local/lib/python3.12/site-packages/airflow/example_dags/example_branch_python_dop_operator_3.py
[2026-05-19T14:09:55.529+0000] {processor.py:840} INFO - DAG(s) 'example_branch_dop_operator_v3' retrieved from /home/airflow/.local/lib/python3.12/site-packages/airflow/example_dags/example_branch_python_dop_operator_3.py
[2026-05-19T14:09:55.557+0000] {logging_mixin.py:188} INFO - [2026-05-19T14:09:55.556+0000] {dag.py:3096} INFO - Sync 1 DAGs
[2026-05-19T14:09:55.588+0000] {logging_mixin.py:188} INFO - [2026-05-19T14:09:55.587+0000] {dag.py:3954} INFO - Setting next_dagrun for example_branch_dop_operator_v3 to 2026-05-19 14:08:00+00:00, run_after=2026-05-19 14:09:00+00:00
[2026-05-19T14:09:55.615+0000] {processor.py:183} INFO - Processing /home/airflow/.local/lib/python3.12/site-packages/airflow/example_dags/example_branch_python_dop_operator_3.py took 0.103 seconds
[2026-05-19T14:10:25.739+0000] {processor.py:161} INFO - Started process (PID=4675) to work on /home/airflow/.local/lib/python3.12/site-packages/airflow/example_dags/example_branch_python_dop_operator_3.py
[2026-05-19T14:10:25.740+0000] {processor.py:830} INFO - Processing file /home/airflow/.local/lib/python3.12/site-packages/airflow/example_dags/example_branch_python_dop_operator_3.py for tasks to queue
[2026-05-19T14:10:25.744+0000] {logging_mixin.py:188} INFO - [2026-05-19T14:10:25.743+0000] {dagbag.py:545} INFO - Filling up the DagBag from /home/airflow/.local/lib/python3.12/site-packages/airflow/example_dags/example_branch_python_dop_operator_3.py
[2026-05-19T14:10:25.754+0000] {processor.py:840} INFO - DAG(s) 'example_branch_dop_operator_v3' retrieved from /home/airflow/.local/lib/python3.12/site-packages/airflow/example_dags/example_branch_python_dop_operator_3.py
[2026-05-19T14:10:25.780+0000] {logging_mixin.py:188} INFO - [2026-05-19T14:10:25.780+0000] {dag.py:3096} INFO - Sync 1 DAGs
[2026-05-19T14:10:25.806+0000] {logging_mixin.py:188} INFO - [2026-05-19T14:10:25.805+0000] {dag.py:3954} INFO - Setting next_dagrun for example_branch_dop_operator_v3 to 2026-05-19 14:09:00+00:00, run_after=2026-05-19 14:10:00+00:00
[2026-05-19T14:10:25.836+0000] {processor.py:183} INFO - Processing /home/airflow/.local/lib/python3.12/site-packages/airflow/example_dags/example_branch_python_dop_operator_3.py took 0.103 seconds
[2026-05-19T14:10:56.071+0000] {processor.py:161} INFO - Started process (PID=4735) to work on /home/airflow/.local/lib/python3.12/site-packages/airflow/example_dags/example_branch_python_dop_operator_3.py
[2026-05-19T14:10:56.072+0000] {processor.py:830} INFO - Processing file /home/airflow/.local/lib/python3.12/site-packages/airflow/example_dags/example_branch_python_dop_operator_3.py for tasks to queue
[2026-05-19T14:10:56.074+0000] {logging_mixin.py:188} INFO - [2026-05-19T14:10:56.074+0000] {dagbag.py:545} INFO - Filling up the DagBag from /home/airflow/.local/lib/python3.12/site-packages/airflow/example_dags/example_branch_python_dop_operator_3.py
[2026-05-19T14:10:56.086+0000] {processor.py:840} INFO - DAG(s) 'example_branch_dop_operator_v3' retrieved from /home/airflow/.local/lib/python3.12/site-packages/airflow/example_dags/example_branch_python_dop_operator_3.py
[2026-05-19T14:10:56.110+0000] {logging_mixin.py:188} INFO - [2026-05-19T14:10:56.110+0000] {dag.py:3096} INFO - Sync 1 DAGs
[2026-05-19T14:10:56.136+0000] {logging_mixin.py:188} INFO - [2026-05-19T14:10:56.135+0000] {dag.py:3954} INFO - Setting next_dagrun for example_branch_dop_operator_v3 to 2026-05-19 14:09:00+00:00, run_after=2026-05-19 14:10:00+00:00
[2026-05-19T14:10:56.157+0000] {processor.py:183} INFO - Processing /home/airflow/.local/lib/python3.12/site-packages/airflow/example_dags/example_branch_python_dop_operator_3.py took 0.092 seconds
[2026-05-19T14:11:26.591+0000] {processor.py:161} INFO - Started process (PID=4795) to work on /home/airflow/.local/lib/python3.12/site-packages/airflow/example_dags/example_branch_python_dop_operator_3.py
[2026-05-19T14:11:26.592+0000] {processor.py:830} INFO - Processing file /home/airflow/.local/lib/python3.12/site-packages/airflow/example_dags/example_branch_python_dop_operator_3.py for tasks to queue
[2026-05-19T14:11:26.594+0000] {logging_mixin.py:188} INFO - [2026-05-19T14:11:26.594+0000] {dagbag.py:545} INFO - Filling up the DagBag from /home/airflow/.local/lib/python3.12/site-packages/airflow/example_dags/example_branch_python_dop_operator_3.py
[2026-05-19T14:11:26.602+0000] {processor.py:840} INFO - DAG(s) 'example_branch_dop_operator_v3' retrieved from /home/airflow/.local/lib/python3.12/site-packages/airflow/example_dags/example_branch_python_dop_operator_3.py
[2026-05-19T14:11:26.622+0000] {logging_mixin.py:188} INFO - [2026-05-19T14:11:26.622+0000] {dag.py:3096} INFO - Sync 1 DAGs
[2026-05-19T14:11:26.649+0000] {logging_mixin.py:188} INFO - [2026-05-19T14:11:26.649+0000] {dag.py:3954} INFO - Setting next_dagrun for example_branch_dop_operator_v3 to 2026-05-19 14:10:00+00:00, run_after=2026-05-19 14:11:00+00:00
[2026-05-19T14:11:26.679+0000] {processor.py:183} INFO - Processing /home/airflow/.local/lib/python3.12/site-packages/airflow/example_dags/example_branch_python_dop_operator_3.py took 0.096 seconds
[2026-05-19T14:11:56.811+0000] {processor.py:161} INFO - Started process (PID=4854) to work on /home/airflow/.local/lib/python3.12/site-packages/airflow/example_dags/example_branch_python_dop_operator_3.py
[2026-05-19T14:11:56.813+0000] {processor.py:830} INFO - Processing file /home/airflow/.local/lib/python3.12/site-packages/airflow/example_dags/example_branch_python_dop_operator_3.py for tasks to queue
[2026-05-19T14:11:56.815+0000] {logging_mixin.py:188} INFO - [2026-05-19T14:11:56.815+0000] {dagbag.py:545} INFO - Filling up the DagBag from /home/airflow/.local/lib/python3.12/site-packages/airflow/example_dags/example_branch_python_dop_operator_3.py
[2026-05-19T14:11:56.824+0000] {processor.py:840} INFO - DAG(s) 'example_branch_dop_operator_v3' retrieved from /home/airflow/.local/lib/python3.12/site-packages/airflow/example_dags/example_branch_python_dop_operator_3.py
[2026-05-19T14:11:56.850+0000] {logging_mixin.py:188} INFO - [2026-05-19T14:11:56.849+0000] {dag.py:3096} INFO - Sync 1 DAGs
[2026-05-19T14:11:56.882+0000] {logging_mixin.py:188} INFO - [2026-05-19T14:11:56.882+0000] {dag.py:3954} INFO - Setting next_dagrun for example_branch_dop_operator_v3 to 2026-05-19 14:10:00+00:00, run_after=2026-05-19 14:11:00+00:00
[2026-05-19T14:11:56.905+0000] {processor.py:183} INFO - Processing /home/airflow/.local/lib/python3.12/site-packages/airflow/example_dags/example_branch_python_dop_operator_3.py took 0.101 seconds
[2026-05-19T14:12:27.446+0000] {processor.py:161} INFO - Started process (PID=4911) to work on /home/airflow/.local/lib/python3.12/site-packages/airflow/example_dags/example_branch_python_dop_operator_3.py
[2026-05-19T14:12:27.447+0000] {processor.py:830} INFO - Processing file /home/airflow/.local/lib/python3.12/site-packages/airflow/example_dags/example_branch_python_dop_operator_3.py for tasks to queue
[2026-05-19T14:12:27.450+0000] {logging_mixin.py:188} INFO - [2026-05-19T14:12:27.449+0000] {dagbag.py:545} INFO - Filling up the DagBag from /home/airflow/.local/lib/python3.12/site-packages/airflow/example_dags/example_branch_python_dop_operator_3.py
[2026-05-19T14:12:27.461+0000] {processor.py:840} INFO - DAG(s) 'example_branch_dop_operator_v3' retrieved from /home/airflow/.local/lib/python3.12/site-packages/airflow/example_dags/example_branch_python_dop_operator_3.py
[2026-05-19T14:12:27.491+0000] {logging_mixin.py:188} INFO - [2026-05-19T14:12:27.491+0000] {dag.py:3096} INFO - Sync 1 DAGs
[2026-05-19T14:12:27.518+0000] {logging_mixin.py:188} INFO - [2026-05-19T14:12:27.518+0000] {dag.py:3954} INFO - Setting next_dagrun for example_branch_dop_operator_v3 to 2026-05-19 14:11:00+00:00, run_after=2026-05-19 14:12:00+00:00
[2026-05-19T14:12:27.550+0000] {processor.py:183} INFO - Processing /home/airflow/.local/lib/python3.12/site-packages/airflow/example_dags/example_branch_python_dop_operator_3.py took 0.110 seconds
[2026-05-19T14:12:57.998+0000] {processor.py:161} INFO - Started process (PID=4970) to work on /home/airflow/.local/lib/python3.12/site-packages/airflow/example_dags/example_branch_python_dop_operator_3.py
[2026-05-19T14:12:58.000+0000] {processor.py:830} INFO - Processing file /home/airflow/.local/lib/python3.12/site-packages/airflow/example_dags/example_branch_python_dop_operator_3.py for tasks to queue
[2026-05-19T14:12:58.006+0000] {logging_mixin.py:188} INFO - [2026-05-19T14:12:58.005+0000] {dagbag.py:545} INFO - Filling up the DagBag from /home/airflow/.local/lib/python3.12/site-packages/airflow/example_dags/example_branch_python_dop_operator_3.py
[2026-05-19T14:12:58.022+0000] {processor.py:840} INFO - DAG(s) 'example_branch_dop_operator_v3' retrieved from /home/airflow/.local/lib/python3.12/site-packages/airflow/example_dags/example_branch_python_dop_operator_3.py
[2026-05-19T14:12:58.069+0000] {logging_mixin.py:188} INFO - [2026-05-19T14:12:58.069+0000] {dag.py:3096} INFO - Sync 1 DAGs
[2026-05-19T14:12:58.136+0000] {logging_mixin.py:188} INFO - [2026-05-19T14:12:58.135+0000] {dag.py:3954} INFO - Setting next_dagrun for example_branch_dop_operator_v3 to 2026-05-19 14:11:00+00:00, run_after=2026-05-19 14:12:00+00:00
[2026-05-19T14:12:58.184+0000] {processor.py:183} INFO - Processing /home/airflow/.local/lib/python3.12/site-packages/airflow/example_dags/example_branch_python_dop_operator_3.py took 0.200 seconds
[2026-05-19T14:13:28.700+0000] {processor.py:161} INFO - Started process (PID=5029) to work on /home/airflow/.local/lib/python3.12/site-packages/airflow/example_dags/example_branch_python_dop_operator_3.py
[2026-05-19T14:13:28.702+0000] {processor.py:830} INFO - Processing file /home/airflow/.local/lib/python3.12/site-packages/airflow/example_dags/example_branch_python_dop_operator_3.py for tasks to queue
[2026-05-19T14:13:28.705+0000] {logging_mixin.py:188} INFO - [2026-05-19T14:13:28.705+0000] {dagbag.py:545} INFO - Filling up the DagBag from /home/airflow/.local/lib/python3.12/site-packages/airflow/example_dags/example_branch_python_dop_operator_3.py
[2026-05-19T14:13:28.712+0000] {processor.py:840} INFO - DAG(s) 'example_branch_dop_operator_v3' retrieved from /home/airflow/.local/lib/python3.12/site-packages/airflow/example_dags/example_branch_python_dop_operator_3.py
[2026-05-19T14:13:28.731+0000] {logging_mixin.py:188} INFO - [2026-05-19T14:13:28.731+0000] {dag.py:3096} INFO - Sync 1 DAGs
[2026-05-19T14:13:28.760+0000] {logging_mixin.py:188} INFO - [2026-05-19T14:13:28.760+0000] {dag.py:3954} INFO - Setting next_dagrun for example_branch_dop_operator_v3 to 2026-05-19 14:12:00+00:00, run_after=2026-05-19 14:13:00+00:00
[2026-05-19T14:13:28.789+0000] {processor.py:183} INFO - Processing /home/airflow/.local/lib/python3.12/site-packages/airflow/example_dags/example_branch_python_dop_operator_3.py took 0.097 seconds
[2026-05-19T14:13:59.179+0000] {processor.py:161} INFO - Started process (PID=5088) to work on /home/airflow/.local/lib/python3.12/site-packages/airflow/example_dags/example_branch_python_dop_operator_3.py
[2026-05-19T14:13:59.180+0000] {processor.py:830} INFO - Processing file /home/airflow/.local/lib/python3.12/site-packages/airflow/example_dags/example_branch_python_dop_operator_3.py for tasks to queue
[2026-05-19T14:13:59.183+0000] {logging_mixin.py:188} INFO - [2026-05-19T14:13:59.182+0000] {dagbag.py:545} INFO - Filling up the DagBag from /home/airflow/.local/lib/python3.12/site-packages/airflow/example_dags/example_branch_python_dop_operator_3.py
[2026-05-19T14:13:59.191+0000] {processor.py:840} INFO - DAG(s) 'example_branch_dop_operator_v3' retrieved from /home/airflow/.local/lib/python3.12/site-packages/airflow/example_dags/example_branch_python_dop_operator_3.py
[2026-05-19T14:13:59.214+0000] {logging_mixin.py:188} INFO - [2026-05-19T14:13:59.213+0000] {dag.py:3096} INFO - Sync 1 DAGs
[2026-05-19T14:13:59.251+0000] {logging_mixin.py:188} INFO - [2026-05-19T14:13:59.251+0000] {dag.py:3954} INFO - Setting next_dagrun for example_branch_dop_operator_v3 to 2026-05-19 14:12:00+00:00, run_after=2026-05-19 14:13:00+00:00
[2026-05-19T14:13:59.281+0000] {processor.py:183} INFO - Processing /home/airflow/.local/lib/python3.12/site-packages/airflow/example_dags/example_branch_python_dop_operator_3.py took 0.108 seconds
[2026-05-19T14:14:30.344+0000] {processor.py:161} INFO - Started process (PID=5147) to work on /home/airflow/.local/lib/python3.12/site-packages/airflow/example_dags/example_branch_python_dop_operator_3.py
[2026-05-19T14:14:30.346+0000] {processor.py:830} INFO - Processing file /home/airflow/.local/lib/python3.12/site-packages/airflow/example_dags/example_branch_python_dop_operator_3.py for tasks to queue
[2026-05-19T14:14:30.351+0000] {logging_mixin.py:188} INFO - [2026-05-19T14:14:30.351+0000] {dagbag.py:545} INFO - Filling up the DagBag from /home/airflow/.local/lib/python3.12/site-packages/airflow/example_dags/example_branch_python_dop_operator_3.py
[2026-05-19T14:14:30.368+0000] {processor.py:840} INFO - DAG(s) 'example_branch_dop_operator_v3' retrieved from /home/airflow/.local/lib/python3.12/site-packages/airflow/example_dags/example_branch_python_dop_operator_3.py
[2026-05-19T14:14:30.433+0000] {logging_mixin.py:188} INFO - [2026-05-19T14:14:30.432+0000] {dag.py:3096} INFO - Sync 1 DAGs
[2026-05-19T14:14:30.500+0000] {logging_mixin.py:188} INFO - [2026-05-19T14:14:30.500+0000] {dag.py:3954} INFO - Setting next_dagrun for example_branch_dop_operator_v3 to 2026-05-19 14:13:00+00:00, run_after=2026-05-19 14:14:00+00:00
[2026-05-19T14:14:30.546+0000] {processor.py:183} INFO - Processing /home/airflow/.local/lib/python3.12/site-packages/airflow/example_dags/example_branch_python_dop_operator_3.py took 0.215 seconds
[2026-05-19T14:15:00.764+0000] {processor.py:161} INFO - Started process (PID=5207) to work on /home/airflow/.local/lib/python3.12/site-packages/airflow/example_dags/example_branch_python_dop_operator_3.py
[2026-05-19T14:15:00.766+0000] {processor.py:830} INFO - Processing file /home/airflow/.local/lib/python3.12/site-packages/airflow/example_dags/example_branch_python_dop_operator_3.py for tasks to queue
[2026-05-19T14:15:00.770+0000] {logging_mixin.py:188} INFO - [2026-05-19T14:15:00.769+0000] {dagbag.py:545} INFO - Filling up the DagBag from /home/airflow/.local/lib/python3.12/site-packages/airflow/example_dags/example_branch_python_dop_operator_3.py
[2026-05-19T14:15:00.781+0000] {processor.py:840} INFO - DAG(s) 'example_branch_dop_operator_v3' retrieved from /home/airflow/.local/lib/python3.12/site-packages/airflow/example_dags/example_branch_python_dop_operator_3.py
[2026-05-19T14:15:00.827+0000] {logging_mixin.py:188} INFO - [2026-05-19T14:15:00.827+0000] {dag.py:3096} INFO - Sync 1 DAGs
[2026-05-19T14:15:00.872+0000] {logging_mixin.py:188} INFO - [2026-05-19T14:15:00.871+0000] {dag.py:3954} INFO - Setting next_dagrun for example_branch_dop_operator_v3 to 2026-05-19 14:14:00+00:00, run_after=2026-05-19 14:15:00+00:00
[2026-05-19T14:15:00.908+0000] {processor.py:183} INFO - Processing /home/airflow/.local/lib/python3.12/site-packages/airflow/example_dags/example_branch_python_dop_operator_3.py took 0.151 seconds
[2026-05-19T14:15:31.036+0000] {processor.py:161} INFO - Started process (PID=5265) to work on /home/airflow/.local/lib/python3.12/site-packages/airflow/example_dags/example_branch_python_dop_operator_3.py
[2026-05-19T14:15:31.038+0000] {processor.py:830} INFO - Processing file /home/airflow/.local/lib/python3.12/site-packages/airflow/example_dags/example_branch_python_dop_operator_3.py for tasks to queue
[2026-05-19T14:15:31.041+0000] {logging_mixin.py:188} INFO - [2026-05-19T14:15:31.040+0000] {dagbag.py:545} INFO - Filling up the DagBag from /home/airflow/.local/lib/python3.12/site-packages/airflow/example_dags/example_branch_python_dop_operator_3.py
[2026-05-19T14:15:31.050+0000] {processor.py:840} INFO - DAG(s) 'example_branch_dop_operator_v3' retrieved from /home/airflow/.local/lib/python3.12/site-packages/airflow/example_dags/example_branch_python_dop_operator_3.py
[2026-05-19T14:15:31.090+0000] {logging_mixin.py:188} INFO - [2026-05-19T14:15:31.089+0000] {dag.py:3096} INFO - Sync 1 DAGs
[2026-05-19T14:15:31.125+0000] {logging_mixin.py:188} INFO - [2026-05-19T14:15:31.124+0000] {dag.py:3954} INFO - Setting next_dagrun for example_branch_dop_operator_v3 to 2026-05-19 14:14:00+00:00, run_after=2026-05-19 14:15:00+00:00
[2026-05-19T14:15:31.155+0000] {processor.py:183} INFO - Processing /home/airflow/.local/lib/python3.12/site-packages/airflow/example_dags/example_branch_python_dop_operator_3.py took 0.125 seconds
[2026-05-19T14:16:02.257+0000] {processor.py:161} INFO - Started process (PID=5330) to work on /home/airflow/.local/lib/python3.12/site-packages/airflow/example_dags/example_branch_python_dop_operator_3.py
[2026-05-19T14:16:02.261+0000] {processor.py:830} INFO - Processing file /home/airflow/.local/lib/python3.12/site-packages/airflow/example_dags/example_branch_python_dop_operator_3.py for tasks to queue
[2026-05-19T14:16:02.268+0000] {logging_mixin.py:188} INFO - [2026-05-19T14:16:02.267+0000] {dagbag.py:545} INFO - Filling up the DagBag from /home/airflow/.local/lib/python3.12/site-packages/airflow/example_dags/example_branch_python_dop_operator_3.py
[2026-05-19T14:16:02.307+0000] {processor.py:840} INFO - DAG(s) 'example_branch_dop_operator_v3' retrieved from /home/airflow/.local/lib/python3.12/site-packages/airflow/example_dags/example_branch_python_dop_operator_3.py
[2026-05-19T14:16:02.428+0000] {logging_mixin.py:188} INFO - [2026-05-19T14:16:02.428+0000] {dag.py:3096} INFO - Sync 1 DAGs
[2026-05-19T14:16:02.579+0000] {logging_mixin.py:188} INFO - [2026-05-19T14:16:02.578+0000] {dag.py:3954} INFO - Setting next_dagrun for example_branch_dop_operator_v3 to 2026-05-19 14:15:00+00:00, run_after=2026-05-19 14:16:00+00:00
[2026-05-19T14:16:02.665+0000] {processor.py:183} INFO - Processing /home/airflow/.local/lib/python3.12/site-packages/airflow/example_dags/example_branch_python_dop_operator_3.py took 0.424 seconds
[2026-05-19T14:16:33.078+0000] {processor.py:161} INFO - Started process (PID=5388) to work on /home/airflow/.local/lib/python3.12/site-packages/airflow/example_dags/example_branch_python_dop_operator_3.py
[2026-05-19T14:16:33.080+0000] {processor.py:830} INFO - Processing file /home/airflow/.local/lib/python3.12/site-packages/airflow/example_dags/example_branch_python_dop_operator_3.py for tasks to queue
[2026-05-19T14:16:33.084+0000] {logging_mixin.py:188} INFO - [2026-05-19T14:16:33.083+0000] {dagbag.py:545} INFO - Filling up the DagBag from /home/airflow/.local/lib/python3.12/site-packages/airflow/example_dags/example_branch_python_dop_operator_3.py
[2026-05-19T14:16:33.104+0000] {processor.py:840} INFO - DAG(s) 'example_branch_dop_operator_v3' retrieved from /home/airflow/.local/lib/python3.12/site-packages/airflow/example_dags/example_branch_python_dop_operator_3.py
[2026-05-19T14:16:33.141+0000] {logging_mixin.py:188} INFO - [2026-05-19T14:16:33.140+0000] {dag.py:3096} INFO - Sync 1 DAGs
[2026-05-19T14:16:33.189+0000] {logging_mixin.py:188} INFO - [2026-05-19T14:16:33.189+0000] {dag.py:3954} INFO - Setting next_dagrun for example_branch_dop_operator_v3 to 2026-05-19 14:15:00+00:00, run_after=2026-05-19 14:16:00+00:00
[2026-05-19T14:16:33.265+0000] {processor.py:183} INFO - Processing /home/airflow/.local/lib/python3.12/site-packages/airflow/example_dags/example_branch_python_dop_operator_3.py took 0.200 seconds
[2026-05-19T14:17:03.579+0000] {processor.py:161} INFO - Started process (PID=5447) to work on /home/airflow/.local/lib/python3.12/site-packages/airflow/example_dags/example_branch_python_dop_operator_3.py
[2026-05-19T14:17:03.581+0000] {processor.py:830} INFO - Processing file /home/airflow/.local/lib/python3.12/site-packages/airflow/example_dags/example_branch_python_dop_operator_3.py for tasks to queue
[2026-05-19T14:17:03.585+0000] {logging_mixin.py:188} INFO - [2026-05-19T14:17:03.585+0000] {dagbag.py:545} INFO - Filling up the DagBag from /home/airflow/.local/lib/python3.12/site-packages/airflow/example_dags/example_branch_python_dop_operator_3.py
[2026-05-19T14:17:03.599+0000] {processor.py:840} INFO - DAG(s) 'example_branch_dop_operator_v3' retrieved from /home/airflow/.local/lib/python3.12/site-packages/airflow/example_dags/example_branch_python_dop_operator_3.py
[2026-05-19T14:17:03.638+0000] {logging_mixin.py:188} INFO - [2026-05-19T14:17:03.637+0000] {dag.py:3096} INFO - Sync 1 DAGs
[2026-05-19T14:17:03.676+0000] {logging_mixin.py:188} INFO - [2026-05-19T14:17:03.676+0000] {dag.py:3954} INFO - Setting next_dagrun for example_branch_dop_operator_v3 to 2026-05-19 14:16:00+00:00, run_after=2026-05-19 14:17:00+00:00
[2026-05-19T14:17:03.713+0000] {processor.py:183} INFO - Processing /home/airflow/.local/lib/python3.12/site-packages/airflow/example_dags/example_branch_python_dop_operator_3.py took 0.146 seconds
[2026-05-19T14:17:33.801+0000] {processor.py:161} INFO - Started process (PID=5505) to work on /home/airflow/.local/lib/python3.12/site-packages/airflow/example_dags/example_branch_python_dop_operator_3.py
[2026-05-19T14:17:33.803+0000] {processor.py:830} INFO - Processing file /home/airflow/.local/lib/python3.12/site-packages/airflow/example_dags/example_branch_python_dop_operator_3.py for tasks to queue
[2026-05-19T14:17:33.807+0000] {logging_mixin.py:188} INFO - [2026-05-19T14:17:33.806+0000] {dagbag.py:545} INFO - Filling up the DagBag from /home/airflow/.local/lib/python3.12/site-packages/airflow/example_dags/example_branch_python_dop_operator_3.py
[2026-05-19T14:17:33.820+0000] {processor.py:840} INFO - DAG(s) 'example_branch_dop_operator_v3' retrieved from /home/airflow/.local/lib/python3.12/site-packages/airflow/example_dags/example_branch_python_dop_operator_3.py
[2026-05-19T14:17:33.856+0000] {logging_mixin.py:188} INFO - [2026-05-19T14:17:33.855+0000] {dag.py:3096} INFO - Sync 1 DAGs
[2026-05-19T14:17:33.897+0000] {logging_mixin.py:188} INFO - [2026-05-19T14:17:33.897+0000] {dag.py:3954} INFO - Setting next_dagrun for example_branch_dop_operator_v3 to 2026-05-19 14:16:00+00:00, run_after=2026-05-19 14:17:00+00:00
[2026-05-19T14:17:33.937+0000] {processor.py:183} INFO - Processing /home/airflow/.local/lib/python3.12/site-packages/airflow/example_dags/example_branch_python_dop_operator_3.py took 0.144 seconds
[2026-05-19T14:18:04.120+0000] {processor.py:161} INFO - Started process (PID=5564) to work on /home/airflow/.local/lib/python3.12/site-packages/airflow/example_dags/example_branch_python_dop_operator_3.py
[2026-05-19T14:18:04.121+0000] {processor.py:830} INFO - Processing file /home/airflow/.local/lib/python3.12/site-packages/airflow/example_dags/example_branch_python_dop_operator_3.py for tasks to queue
[2026-05-19T14:18:04.123+0000] {logging_mixin.py:188} INFO - [2026-05-19T14:18:04.123+0000] {dagbag.py:545} INFO - Filling up the DagBag from /home/airflow/.local/lib/python3.12/site-packages/airflow/example_dags/example_branch_python_dop_operator_3.py
[2026-05-19T14:18:04.135+0000] {processor.py:840} INFO - DAG(s) 'example_branch_dop_operator_v3' retrieved from /home/airflow/.local/lib/python3.12/site-packages/airflow/example_dags/example_branch_python_dop_operator_3.py
[2026-05-19T14:18:04.169+0000] {logging_mixin.py:188} INFO - [2026-05-19T14:18:04.169+0000] {dag.py:3096} INFO - Sync 1 DAGs
[2026-05-19T14:18:04.204+0000] {logging_mixin.py:188} INFO - [2026-05-19T14:18:04.204+0000] {dag.py:3954} INFO - Setting next_dagrun for example_branch_dop_operator_v3 to 2026-05-19 14:17:00+00:00, run_after=2026-05-19 14:18:00+00:00
[2026-05-19T14:18:04.236+0000] {processor.py:183} INFO - Processing /home/airflow/.local/lib/python3.12/site-packages/airflow/example_dags/example_branch_python_dop_operator_3.py took 0.125 seconds
[2026-05-19T14:18:34.826+0000] {processor.py:161} INFO - Started process (PID=5623) to work on /home/airflow/.local/lib/python3.12/site-packages/airflow/example_dags/example_branch_python_dop_operator_3.py
[2026-05-19T14:18:34.828+0000] {processor.py:830} INFO - Processing file /home/airflow/.local/lib/python3.12/site-packages/airflow/example_dags/example_branch_python_dop_operator_3.py for tasks to queue
[2026-05-19T14:18:34.831+0000] {logging_mixin.py:188} INFO - [2026-05-19T14:18:34.830+0000] {dagbag.py:545} INFO - Filling up the DagBag from /home/airflow/.local/lib/python3.12/site-packages/airflow/example_dags/example_branch_python_dop_operator_3.py
[2026-05-19T14:18:34.839+0000] {processor.py:840} INFO - DAG(s) 'example_branch_dop_operator_v3' retrieved from /home/airflow/.local/lib/python3.12/site-packages/airflow/example_dags/example_branch_python_dop_operator_3.py
[2026-05-19T14:18:34.863+0000] {logging_mixin.py:188} INFO - [2026-05-19T14:18:34.863+0000] {dag.py:3096} INFO - Sync 1 DAGs
[2026-05-19T14:18:34.897+0000] {logging_mixin.py:188} INFO - [2026-05-19T14:18:34.896+0000] {dag.py:3954} INFO - Setting next_dagrun for example_branch_dop_operator_v3 to 2026-05-19 14:17:00+00:00, run_after=2026-05-19 14:18:00+00:00
[2026-05-19T14:18:34.921+0000] {processor.py:183} INFO - Processing /home/airflow/.local/lib/python3.12/site-packages/airflow/example_dags/example_branch_python_dop_operator_3.py took 0.103 seconds
[2026-05-19T14:19:05.656+0000] {processor.py:161} INFO - Started process (PID=5681) to work on /home/airflow/.local/lib/python3.12/site-packages/airflow/example_dags/example_branch_python_dop_operator_3.py
[2026-05-19T14:19:05.657+0000] {processor.py:830} INFO - Processing file /home/airflow/.local/lib/python3.12/site-packages/airflow/example_dags/example_branch_python_dop_operator_3.py for tasks to queue
[2026-05-19T14:19:05.660+0000] {logging_mixin.py:188} INFO - [2026-05-19T14:19:05.659+0000] {dagbag.py:545} INFO - Filling up the DagBag from /home/airflow/.local/lib/python3.12/site-packages/airflow/example_dags/example_branch_python_dop_operator_3.py
[2026-05-19T14:19:05.673+0000] {processor.py:840} INFO - DAG(s) 'example_branch_dop_operator_v3' retrieved from /home/airflow/.local/lib/python3.12/site-packages/airflow/example_dags/example_branch_python_dop_operator_3.py
[2026-05-19T14:19:05.707+0000] {logging_mixin.py:188} INFO - [2026-05-19T14:19:05.706+0000] {dag.py:3096} INFO - Sync 1 DAGs
[2026-05-19T14:19:05.750+0000] {logging_mixin.py:188} INFO - [2026-05-19T14:19:05.749+0000] {dag.py:3954} INFO - Setting next_dagrun for example_branch_dop_operator_v3 to 2026-05-19 14:18:00+00:00, run_after=2026-05-19 14:19:00+00:00
[2026-05-19T14:19:05.790+0000] {processor.py:183} INFO - Processing /home/airflow/.local/lib/python3.12/site-packages/airflow/example_dags/example_branch_python_dop_operator_3.py took 0.140 seconds
[2026-05-19T14:19:36.209+0000] {processor.py:161} INFO - Started process (PID=5740) to work on /home/airflow/.local/lib/python3.12/site-packages/airflow/example_dags/example_branch_python_dop_operator_3.py
[2026-05-19T14:19:36.212+0000] {processor.py:830} INFO - Processing file /home/airflow/.local/lib/python3.12/site-packages/airflow/example_dags/example_branch_python_dop_operator_3.py for tasks to queue
[2026-05-19T14:19:36.217+0000] {logging_mixin.py:188} INFO - [2026-05-19T14:19:36.216+0000] {dagbag.py:545} INFO - Filling up the DagBag from /home/airflow/.local/lib/python3.12/site-packages/airflow/example_dags/example_branch_python_dop_operator_3.py
[2026-05-19T14:19:36.244+0000] {processor.py:840} INFO - DAG(s) 'example_branch_dop_operator_v3' retrieved from /home/airflow/.local/lib/python3.12/site-packages/airflow/example_dags/example_branch_python_dop_operator_3.py
[2026-05-19T14:19:36.297+0000] {logging_mixin.py:188} INFO - [2026-05-19T14:19:36.296+0000] {dag.py:3096} INFO - Sync 1 DAGs
[2026-05-19T14:19:36.358+0000] {logging_mixin.py:188} INFO - [2026-05-19T14:19:36.356+0000] {dag.py:3954} INFO - Setting next_dagrun for example_branch_dop_operator_v3 to 2026-05-19 14:18:00+00:00, run_after=2026-05-19 14:19:00+00:00
[2026-05-19T14:19:36.414+0000] {processor.py:183} INFO - Processing /home/airflow/.local/lib/python3.12/site-packages/airflow/example_dags/example_branch_python_dop_operator_3.py took 0.219 seconds
[2026-05-19T14:20:07.309+0000] {processor.py:161} INFO - Started process (PID=5799) to work on /home/airflow/.local/lib/python3.12/site-packages/airflow/example_dags/example_branch_python_dop_operator_3.py
[2026-05-19T14:20:07.310+0000] {processor.py:830} INFO - Processing file /home/airflow/.local/lib/python3.12/site-packages/airflow/example_dags/example_branch_python_dop_operator_3.py for tasks to queue
[2026-05-19T14:20:07.314+0000] {logging_mixin.py:188} INFO - [2026-05-19T14:20:07.313+0000] {dagbag.py:545} INFO - Filling up the DagBag from /home/airflow/.local/lib/python3.12/site-packages/airflow/example_dags/example_branch_python_dop_operator_3.py
[2026-05-19T14:20:07.324+0000] {processor.py:840} INFO - DAG(s) 'example_branch_dop_operator_v3' retrieved from /home/airflow/.local/lib/python3.12/site-packages/airflow/example_dags/example_branch_python_dop_operator_3.py
[2026-05-19T14:20:07.348+0000] {logging_mixin.py:188} INFO - [2026-05-19T14:20:07.348+0000] {dag.py:3096} INFO - Sync 1 DAGs
[2026-05-19T14:20:07.375+0000] {logging_mixin.py:188} INFO - [2026-05-19T14:20:07.375+0000] {dag.py:3954} INFO - Setting next_dagrun for example_branch_dop_operator_v3 to 2026-05-19 14:19:00+00:00, run_after=2026-05-19 14:20:00+00:00
[2026-05-19T14:20:07.398+0000] {processor.py:183} INFO - Processing /home/airflow/.local/lib/python3.12/site-packages/airflow/example_dags/example_branch_python_dop_operator_3.py took 0.094 seconds
[2026-05-19T14:20:38.282+0000] {processor.py:161} INFO - Started process (PID=5858) to work on /home/airflow/.local/lib/python3.12/site-packages/airflow/example_dags/example_branch_python_dop_operator_3.py
[2026-05-19T14:20:38.283+0000] {processor.py:830} INFO - Processing file /home/airflow/.local/lib/python3.12/site-packages/airflow/example_dags/example_branch_python_dop_operator_3.py for tasks to queue
[2026-05-19T14:20:38.286+0000] {logging_mixin.py:188} INFO - [2026-05-19T14:20:38.285+0000] {dagbag.py:545} INFO - Filling up the DagBag from /home/airflow/.local/lib/python3.12/site-packages/airflow/example_dags/example_branch_python_dop_operator_3.py
[2026-05-19T14:20:38.296+0000] {processor.py:840} INFO - DAG(s) 'example_branch_dop_operator_v3' retrieved from /home/airflow/.local/lib/python3.12/site-packages/airflow/example_dags/example_branch_python_dop_operator_3.py
[2026-05-19T14:20:38.315+0000] {logging_mixin.py:188} INFO - [2026-05-19T14:20:38.315+0000] {dag.py:3096} INFO - Sync 1 DAGs
[2026-05-19T14:20:38.470+0000] {logging_mixin.py:188} INFO - [2026-05-19T14:20:38.469+0000] {dag.py:3954} INFO - Setting next_dagrun for example_branch_dop_operator_v3 to 2026-05-19 14:19:00+00:00, run_after=2026-05-19 14:20:00+00:00
[2026-05-19T14:20:38.492+0000] {processor.py:183} INFO - Processing /home/airflow/.local/lib/python3.12/site-packages/airflow/example_dags/example_branch_python_dop_operator_3.py took 0.215 seconds
[2026-05-19T14:21:08.618+0000] {processor.py:161} INFO - Started process (PID=5920) to work on /home/airflow/.local/lib/python3.12/site-packages/airflow/example_dags/example_branch_python_dop_operator_3.py
[2026-05-19T14:21:08.619+0000] {processor.py:830} INFO - Processing file /home/airflow/.local/lib/python3.12/site-packages/airflow/example_dags/example_branch_python_dop_operator_3.py for tasks to queue
[2026-05-19T14:21:08.620+0000] {logging_mixin.py:188} INFO - [2026-05-19T14:21:08.620+0000] {dagbag.py:545} INFO - Filling up the DagBag from /home/airflow/.local/lib/python3.12/site-packages/airflow/example_dags/example_branch_python_dop_operator_3.py
[2026-05-19T14:21:08.627+0000] {processor.py:840} INFO - DAG(s) 'example_branch_dop_operator_v3' retrieved from /home/airflow/.local/lib/python3.12/site-packages/airflow/example_dags/example_branch_python_dop_operator_3.py
[2026-05-19T14:21:08.645+0000] {logging_mixin.py:188} INFO - [2026-05-19T14:21:08.645+0000] {dag.py:3096} INFO - Sync 1 DAGs
[2026-05-19T14:21:08.757+0000] {logging_mixin.py:188} INFO - [2026-05-19T14:21:08.757+0000] {dag.py:3954} INFO - Setting next_dagrun for example_branch_dop_operator_v3 to 2026-05-19 14:20:00+00:00, run_after=2026-05-19 14:21:00+00:00
[2026-05-19T14:21:08.772+0000] {processor.py:183} INFO - Processing /home/airflow/.local/lib/python3.12/site-packages/airflow/example_dags/example_branch_python_dop_operator_3.py took 0.159 seconds
[2026-05-19T14:21:39.305+0000] {processor.py:161} INFO - Started process (PID=5976) to work on /home/airflow/.local/lib/python3.12/site-packages/airflow/example_dags/example_branch_python_dop_operator_3.py
[2026-05-19T14:21:39.306+0000] {processor.py:830} INFO - Processing file /home/airflow/.local/lib/python3.12/site-packages/airflow/example_dags/example_branch_python_dop_operator_3.py for tasks to queue
[2026-05-19T14:21:39.308+0000] {logging_mixin.py:188} INFO - [2026-05-19T14:21:39.307+0000] {dagbag.py:545} INFO - Filling up the DagBag from /home/airflow/.local/lib/python3.12/site-packages/airflow/example_dags/example_branch_python_dop_operator_3.py
[2026-05-19T14:21:39.315+0000] {processor.py:840} INFO - DAG(s) 'example_branch_dop_operator_v3' retrieved from /home/airflow/.local/lib/python3.12/site-packages/airflow/example_dags/example_branch_python_dop_operator_3.py
[2026-05-19T14:21:39.337+0000] {logging_mixin.py:188} INFO - [2026-05-19T14:21:39.337+0000] {dag.py:3096} INFO - Sync 1 DAGs
[2026-05-19T14:21:39.362+0000] {logging_mixin.py:188} INFO - [2026-05-19T14:21:39.362+0000] {dag.py:3954} INFO - Setting next_dagrun for example_branch_dop_operator_v3 to 2026-05-19 14:20:00+00:00, run_after=2026-05-19 14:21:00+00:00
[2026-05-19T14:21:39.383+0000] {processor.py:183} INFO - Processing /home/airflow/.local/lib/python3.12/site-packages/airflow/example_dags/example_branch_python_dop_operator_3.py took 0.084 seconds
[2026-05-19T17:35:45.594+0000] {processor.py:161} INFO - Started process (PID=6037) to work on /home/airflow/.local/lib/python3.12/site-packages/airflow/example_dags/example_branch_python_dop_operator_3.py
[2026-05-19T17:35:45.596+0000] {processor.py:830} INFO - Processing file /home/airflow/.local/lib/python3.12/site-packages/airflow/example_dags/example_branch_python_dop_operator_3.py for tasks to queue
[2026-05-19T17:35:45.599+0000] {logging_mixin.py:188} INFO - [2026-05-19T17:35:45.598+0000] {dagbag.py:545} INFO - Filling up the DagBag from /home/airflow/.local/lib/python3.12/site-packages/airflow/example_dags/example_branch_python_dop_operator_3.py
[2026-05-19T17:35:45.621+0000] {processor.py:840} INFO - DAG(s) 'example_branch_dop_operator_v3' retrieved from /home/airflow/.local/lib/python3.12/site-packages/airflow/example_dags/example_branch_python_dop_operator_3.py
[2026-05-19T17:35:45.661+0000] {logging_mixin.py:188} INFO - [2026-05-19T17:35:45.661+0000] {dag.py:3096} INFO - Sync 1 DAGs
[2026-05-19T17:35:45.712+0000] {logging_mixin.py:188} INFO - [2026-05-19T17:35:45.712+0000] {dag.py:3954} INFO - Setting next_dagrun for example_branch_dop_operator_v3 to 2026-05-19 17:34:00+00:00, run_after=2026-05-19 17:35:00+00:00
[2026-05-19T17:35:45.757+0000] {processor.py:183} INFO - Processing /home/airflow/.local/lib/python3.12/site-packages/airflow/example_dags/example_branch_python_dop_operator_3.py took 0.174 seconds
[2026-05-19T17:36:15.807+0000] {processor.py:161} INFO - Started process (PID=6098) to work on /home/airflow/.local/lib/python3.12/site-packages/airflow/example_dags/example_branch_python_dop_operator_3.py
[2026-05-19T17:36:15.809+0000] {processor.py:830} INFO - Processing file /home/airflow/.local/lib/python3.12/site-packages/airflow/example_dags/example_branch_python_dop_operator_3.py for tasks to queue
[2026-05-19T17:36:15.811+0000] {logging_mixin.py:188} INFO - [2026-05-19T17:36:15.811+0000] {dagbag.py:545} INFO - Filling up the DagBag from /home/airflow/.local/lib/python3.12/site-packages/airflow/example_dags/example_branch_python_dop_operator_3.py
[2026-05-19T17:36:15.820+0000] {processor.py:840} INFO - DAG(s) 'example_branch_dop_operator_v3' retrieved from /home/airflow/.local/lib/python3.12/site-packages/airflow/example_dags/example_branch_python_dop_operator_3.py
[2026-05-19T17:36:15.844+0000] {logging_mixin.py:188} INFO - [2026-05-19T17:36:15.844+0000] {dag.py:3096} INFO - Sync 1 DAGs
[2026-05-19T17:36:15.867+0000] {logging_mixin.py:188} INFO - [2026-05-19T17:36:15.867+0000] {dag.py:3954} INFO - Setting next_dagrun for example_branch_dop_operator_v3 to 2026-05-19 17:35:00+00:00, run_after=2026-05-19 17:36:00+00:00
[2026-05-19T17:36:15.885+0000] {processor.py:183} INFO - Processing /home/airflow/.local/lib/python3.12/site-packages/airflow/example_dags/example_branch_python_dop_operator_3.py took 0.085 seconds
[2026-05-19T17:36:45.940+0000] {processor.py:161} INFO - Started process (PID=6157) to work on /home/airflow/.local/lib/python3.12/site-packages/airflow/example_dags/example_branch_python_dop_operator_3.py
[2026-05-19T17:36:45.941+0000] {processor.py:830} INFO - Processing file /home/airflow/.local/lib/python3.12/site-packages/airflow/example_dags/example_branch_python_dop_operator_3.py for tasks to queue
[2026-05-19T17:36:45.944+0000] {logging_mixin.py:188} INFO - [2026-05-19T17:36:45.943+0000] {dagbag.py:545} INFO - Filling up the DagBag from /home/airflow/.local/lib/python3.12/site-packages/airflow/example_dags/example_branch_python_dop_operator_3.py
[2026-05-19T17:36:45.952+0000] {processor.py:840} INFO - DAG(s) 'example_branch_dop_operator_v3' retrieved from /home/airflow/.local/lib/python3.12/site-packages/airflow/example_dags/example_branch_python_dop_operator_3.py
[2026-05-19T17:36:45.976+0000] {logging_mixin.py:188} INFO - [2026-05-19T17:36:45.975+0000] {dag.py:3096} INFO - Sync 1 DAGs
[2026-05-19T17:36:46.004+0000] {logging_mixin.py:188} INFO - [2026-05-19T17:36:46.003+0000] {dag.py:3954} INFO - Setting next_dagrun for example_branch_dop_operator_v3 to 2026-05-19 17:35:00+00:00, run_after=2026-05-19 17:36:00+00:00
[2026-05-19T17:36:46.025+0000] {processor.py:183} INFO - Processing /home/airflow/.local/lib/python3.12/site-packages/airflow/example_dags/example_branch_python_dop_operator_3.py took 0.091 seconds
[2026-05-19T17:37:16.813+0000] {processor.py:161} INFO - Started process (PID=6215) to work on /home/airflow/.local/lib/python3.12/site-packages/airflow/example_dags/example_branch_python_dop_operator_3.py
[2026-05-19T17:37:16.814+0000] {processor.py:830} INFO - Processing file /home/airflow/.local/lib/python3.12/site-packages/airflow/example_dags/example_branch_python_dop_operator_3.py for tasks to queue
[2026-05-19T17:37:16.817+0000] {logging_mixin.py:188} INFO - [2026-05-19T17:37:16.816+0000] {dagbag.py:545} INFO - Filling up the DagBag from /home/airflow/.local/lib/python3.12/site-packages/airflow/example_dags/example_branch_python_dop_operator_3.py
[2026-05-19T17:37:16.825+0000] {processor.py:840} INFO - DAG(s) 'example_branch_dop_operator_v3' retrieved from /home/airflow/.local/lib/python3.12/site-packages/airflow/example_dags/example_branch_python_dop_operator_3.py
[2026-05-19T17:37:16.846+0000] {logging_mixin.py:188} INFO - [2026-05-19T17:37:16.846+0000] {dag.py:3096} INFO - Sync 1 DAGs
[2026-05-19T17:37:16.872+0000] {logging_mixin.py:188} INFO - [2026-05-19T17:37:16.872+0000] {dag.py:3954} INFO - Setting next_dagrun for example_branch_dop_operator_v3 to 2026-05-19 17:36:00+00:00, run_after=2026-05-19 17:37:00+00:00
[2026-05-19T17:37:16.891+0000] {processor.py:183} INFO - Processing /home/airflow/.local/lib/python3.12/site-packages/airflow/example_dags/example_branch_python_dop_operator_3.py took 0.084 seconds
[2026-05-19T17:37:48.235+0000] {processor.py:161} INFO - Started process (PID=6274) to work on /home/airflow/.local/lib/python3.12/site-packages/airflow/example_dags/example_branch_python_dop_operator_3.py
[2026-05-19T17:37:48.237+0000] {processor.py:830} INFO - Processing file /home/airflow/.local/lib/python3.12/site-packages/airflow/example_dags/example_branch_python_dop_operator_3.py for tasks to queue
[2026-05-19T17:37:48.240+0000] {logging_mixin.py:188} INFO - [2026-05-19T17:37:48.239+0000] {dagbag.py:545} INFO - Filling up the DagBag from /home/airflow/.local/lib/python3.12/site-packages/airflow/example_dags/example_branch_python_dop_operator_3.py
[2026-05-19T17:37:48.251+0000] {processor.py:840} INFO - DAG(s) 'example_branch_dop_operator_v3' retrieved from /home/airflow/.local/lib/python3.12/site-packages/airflow/example_dags/example_branch_python_dop_operator_3.py
[2026-05-19T17:37:48.273+0000] {logging_mixin.py:188} INFO - [2026-05-19T17:37:48.272+0000] {dag.py:3096} INFO - Sync 1 DAGs
[2026-05-19T17:37:48.296+0000] {logging_mixin.py:188} INFO - [2026-05-19T17:37:48.296+0000] {dag.py:3954} INFO - Setting next_dagrun for example_branch_dop_operator_v3 to 2026-05-19 17:36:00+00:00, run_after=2026-05-19 17:37:00+00:00
[2026-05-19T17:37:48.313+0000] {processor.py:183} INFO - Processing /home/airflow/.local/lib/python3.12/site-packages/airflow/example_dags/example_branch_python_dop_operator_3.py took 0.085 seconds
[2026-05-19T17:38:18.585+0000] {processor.py:161} INFO - Started process (PID=6332) to work on /home/airflow/.local/lib/python3.12/site-packages/airflow/example_dags/example_branch_python_dop_operator_3.py
[2026-05-19T17:38:18.586+0000] {processor.py:830} INFO - Processing file /home/airflow/.local/lib/python3.12/site-packages/airflow/example_dags/example_branch_python_dop_operator_3.py for tasks to queue
[2026-05-19T17:38:18.589+0000] {logging_mixin.py:188} INFO - [2026-05-19T17:38:18.589+0000] {dagbag.py:545} INFO - Filling up the DagBag from /home/airflow/.local/lib/python3.12/site-packages/airflow/example_dags/example_branch_python_dop_operator_3.py
[2026-05-19T17:38:18.598+0000] {processor.py:840} INFO - DAG(s) 'example_branch_dop_operator_v3' retrieved from /home/airflow/.local/lib/python3.12/site-packages/airflow/example_dags/example_branch_python_dop_operator_3.py
[2026-05-19T17:38:18.615+0000] {logging_mixin.py:188} INFO - [2026-05-19T17:38:18.615+0000] {dag.py:3096} INFO - Sync 1 DAGs
[2026-05-19T17:38:18.639+0000] {logging_mixin.py:188} INFO - [2026-05-19T17:38:18.639+0000] {dag.py:3954} INFO - Setting next_dagrun for example_branch_dop_operator_v3 to 2026-05-19 17:37:00+00:00, run_after=2026-05-19 17:38:00+00:00
[2026-05-19T17:38:18.655+0000] {processor.py:183} INFO - Processing /home/airflow/.local/lib/python3.12/site-packages/airflow/example_dags/example_branch_python_dop_operator_3.py took 0.077 seconds
[2026-05-19T17:38:49.838+0000] {processor.py:161} INFO - Started process (PID=6392) to work on /home/airflow/.local/lib/python3.12/site-packages/airflow/example_dags/example_branch_python_dop_operator_3.py
[2026-05-19T17:38:49.839+0000] {processor.py:830} INFO - Processing file /home/airflow/.local/lib/python3.12/site-packages/airflow/example_dags/example_branch_python_dop_operator_3.py for tasks to queue
[2026-05-19T17:38:49.842+0000] {logging_mixin.py:188} INFO - [2026-05-19T17:38:49.841+0000] {dagbag.py:545} INFO - Filling up the DagBag from /home/airflow/.local/lib/python3.12/site-packages/airflow/example_dags/example_branch_python_dop_operator_3.py
[2026-05-19T17:38:49.852+0000] {processor.py:840} INFO - DAG(s) 'example_branch_dop_operator_v3' retrieved from /home/airflow/.local/lib/python3.12/site-packages/airflow/example_dags/example_branch_python_dop_operator_3.py
[2026-05-19T17:38:49.874+0000] {logging_mixin.py:188} INFO - [2026-05-19T17:38:49.874+0000] {dag.py:3096} INFO - Sync 1 DAGs
[2026-05-19T17:38:49.896+0000] {logging_mixin.py:188} INFO - [2026-05-19T17:38:49.896+0000] {dag.py:3954} INFO - Setting next_dagrun for example_branch_dop_operator_v3 to 2026-05-19 17:37:00+00:00, run_after=2026-05-19 17:38:00+00:00
[2026-05-19T17:38:49.915+0000] {processor.py:183} INFO - Processing /home/airflow/.local/lib/python3.12/site-packages/airflow/example_dags/example_branch_python_dop_operator_3.py took 0.086 seconds
[2026-05-19T17:39:20.150+0000] {processor.py:161} INFO - Started process (PID=6451) to work on /home/airflow/.local/lib/python3.12/site-packages/airflow/example_dags/example_branch_python_dop_operator_3.py
[2026-05-19T17:39:20.151+0000] {processor.py:830} INFO - Processing file /home/airflow/.local/lib/python3.12/site-packages/airflow/example_dags/example_branch_python_dop_operator_3.py for tasks to queue
[2026-05-19T17:39:20.154+0000] {logging_mixin.py:188} INFO - [2026-05-19T17:39:20.154+0000] {dagbag.py:545} INFO - Filling up the DagBag from /home/airflow/.local/lib/python3.12/site-packages/airflow/example_dags/example_branch_python_dop_operator_3.py
[2026-05-19T17:39:20.161+0000] {processor.py:840} INFO - DAG(s) 'example_branch_dop_operator_v3' retrieved from /home/airflow/.local/lib/python3.12/site-packages/airflow/example_dags/example_branch_python_dop_operator_3.py
[2026-05-19T17:39:20.181+0000] {logging_mixin.py:188} INFO - [2026-05-19T17:39:20.181+0000] {dag.py:3096} INFO - Sync 1 DAGs
[2026-05-19T17:39:20.210+0000] {logging_mixin.py:188} INFO - [2026-05-19T17:39:20.210+0000] {dag.py:3954} INFO - Setting next_dagrun for example_branch_dop_operator_v3 to 2026-05-19 17:38:00+00:00, run_after=2026-05-19 17:39:00+00:00
[2026-05-19T17:39:20.227+0000] {processor.py:183} INFO - Processing /home/airflow/.local/lib/python3.12/site-packages/airflow/example_dags/example_branch_python_dop_operator_3.py took 0.082 seconds
[2026-05-19T17:39:50.452+0000] {processor.py:161} INFO - Started process (PID=6510) to work on /home/airflow/.local/lib/python3.12/site-packages/airflow/example_dags/example_branch_python_dop_operator_3.py
[2026-05-19T17:39:50.453+0000] {processor.py:830} INFO - Processing file /home/airflow/.local/lib/python3.12/site-packages/airflow/example_dags/example_branch_python_dop_operator_3.py for tasks to queue
[2026-05-19T17:39:50.456+0000] {logging_mixin.py:188} INFO - [2026-05-19T17:39:50.455+0000] {dagbag.py:545} INFO - Filling up the DagBag from /home/airflow/.local/lib/python3.12/site-packages/airflow/example_dags/example_branch_python_dop_operator_3.py
[2026-05-19T17:39:50.464+0000] {processor.py:840} INFO - DAG(s) 'example_branch_dop_operator_v3' retrieved from /home/airflow/.local/lib/python3.12/site-packages/airflow/example_dags/example_branch_python_dop_operator_3.py
[2026-05-19T17:39:50.484+0000] {logging_mixin.py:188} INFO - [2026-05-19T17:39:50.483+0000] {dag.py:3096} INFO - Sync 1 DAGs
[2026-05-19T17:39:50.507+0000] {logging_mixin.py:188} INFO - [2026-05-19T17:39:50.507+0000] {dag.py:3954} INFO - Setting next_dagrun for example_branch_dop_operator_v3 to 2026-05-19 17:38:00+00:00, run_after=2026-05-19 17:39:00+00:00
[2026-05-19T17:39:50.524+0000] {processor.py:183} INFO - Processing /home/airflow/.local/lib/python3.12/site-packages/airflow/example_dags/example_branch_python_dop_operator_3.py took 0.076 seconds
[2026-05-19T17:40:20.606+0000] {processor.py:161} INFO - Started process (PID=6568) to work on /home/airflow/.local/lib/python3.12/site-packages/airflow/example_dags/example_branch_python_dop_operator_3.py
[2026-05-19T17:40:20.607+0000] {processor.py:830} INFO - Processing file /home/airflow/.local/lib/python3.12/site-packages/airflow/example_dags/example_branch_python_dop_operator_3.py for tasks to queue
[2026-05-19T17:40:20.609+0000] {logging_mixin.py:188} INFO - [2026-05-19T17:40:20.609+0000] {dagbag.py:545} INFO - Filling up the DagBag from /home/airflow/.local/lib/python3.12/site-packages/airflow/example_dags/example_branch_python_dop_operator_3.py
[2026-05-19T17:40:20.618+0000] {processor.py:840} INFO - DAG(s) 'example_branch_dop_operator_v3' retrieved from /home/airflow/.local/lib/python3.12/site-packages/airflow/example_dags/example_branch_python_dop_operator_3.py
[2026-05-19T17:40:20.640+0000] {logging_mixin.py:188} INFO - [2026-05-19T17:40:20.639+0000] {dag.py:3096} INFO - Sync 1 DAGs
[2026-05-19T17:40:20.661+0000] {logging_mixin.py:188} INFO - [2026-05-19T17:40:20.661+0000] {dag.py:3954} INFO - Setting next_dagrun for example_branch_dop_operator_v3 to 2026-05-19 17:39:00+00:00, run_after=2026-05-19 17:40:00+00:00
[2026-05-19T17:40:20.682+0000] {processor.py:183} INFO - Processing /home/airflow/.local/lib/python3.12/site-packages/airflow/example_dags/example_branch_python_dop_operator_3.py took 0.083 seconds
[2026-05-19T17:40:51.066+0000] {processor.py:161} INFO - Started process (PID=6628) to work on /home/airflow/.local/lib/python3.12/site-packages/airflow/example_dags/example_branch_python_dop_operator_3.py
[2026-05-19T17:40:51.068+0000] {processor.py:830} INFO - Processing file /home/airflow/.local/lib/python3.12/site-packages/airflow/example_dags/example_branch_python_dop_operator_3.py for tasks to queue
[2026-05-19T17:40:51.071+0000] {logging_mixin.py:188} INFO - [2026-05-19T17:40:51.070+0000] {dagbag.py:545} INFO - Filling up the DagBag from /home/airflow/.local/lib/python3.12/site-packages/airflow/example_dags/example_branch_python_dop_operator_3.py
[2026-05-19T17:40:51.078+0000] {processor.py:840} INFO - DAG(s) 'example_branch_dop_operator_v3' retrieved from /home/airflow/.local/lib/python3.12/site-packages/airflow/example_dags/example_branch_python_dop_operator_3.py
[2026-05-19T17:40:51.102+0000] {logging_mixin.py:188} INFO - [2026-05-19T17:40:51.101+0000] {dag.py:3096} INFO - Sync 1 DAGs
[2026-05-19T17:40:51.123+0000] {logging_mixin.py:188} INFO - [2026-05-19T17:40:51.123+0000] {dag.py:3954} INFO - Setting next_dagrun for example_branch_dop_operator_v3 to 2026-05-19 17:39:00+00:00, run_after=2026-05-19 17:40:00+00:00
[2026-05-19T17:40:51.143+0000] {processor.py:183} INFO - Processing /home/airflow/.local/lib/python3.12/site-packages/airflow/example_dags/example_branch_python_dop_operator_3.py took 0.084 seconds
[2026-05-19T17:41:21.328+0000] {processor.py:161} INFO - Started process (PID=6687) to work on /home/airflow/.local/lib/python3.12/site-packages/airflow/example_dags/example_branch_python_dop_operator_3.py
[2026-05-19T17:41:21.329+0000] {processor.py:830} INFO - Processing file /home/airflow/.local/lib/python3.12/site-packages/airflow/example_dags/example_branch_python_dop_operator_3.py for tasks to queue
[2026-05-19T17:41:21.331+0000] {logging_mixin.py:188} INFO - [2026-05-19T17:41:21.330+0000] {dagbag.py:545} INFO - Filling up the DagBag from /home/airflow/.local/lib/python3.12/site-packages/airflow/example_dags/example_branch_python_dop_operator_3.py
[2026-05-19T17:41:21.339+0000] {processor.py:840} INFO - DAG(s) 'example_branch_dop_operator_v3' retrieved from /home/airflow/.local/lib/python3.12/site-packages/airflow/example_dags/example_branch_python_dop_operator_3.py
[2026-05-19T17:41:21.356+0000] {logging_mixin.py:188} INFO - [2026-05-19T17:41:21.356+0000] {dag.py:3096} INFO - Sync 1 DAGs
[2026-05-19T17:41:21.375+0000] {logging_mixin.py:188} INFO - [2026-05-19T17:41:21.375+0000] {dag.py:3954} INFO - Setting next_dagrun for example_branch_dop_operator_v3 to 2026-05-19 17:40:00+00:00, run_after=2026-05-19 17:41:00+00:00
[2026-05-19T17:41:21.390+0000] {processor.py:183} INFO - Processing /home/airflow/.local/lib/python3.12/site-packages/airflow/example_dags/example_branch_python_dop_operator_3.py took 0.068 seconds
[2026-05-19T17:41:52.227+0000] {processor.py:161} INFO - Started process (PID=6746) to work on /home/airflow/.local/lib/python3.12/site-packages/airflow/example_dags/example_branch_python_dop_operator_3.py
[2026-05-19T17:41:52.228+0000] {processor.py:830} INFO - Processing file /home/airflow/.local/lib/python3.12/site-packages/airflow/example_dags/example_branch_python_dop_operator_3.py for tasks to queue
[2026-05-19T17:41:52.230+0000] {logging_mixin.py:188} INFO - [2026-05-19T17:41:52.229+0000] {dagbag.py:545} INFO - Filling up the DagBag from /home/airflow/.local/lib/python3.12/site-packages/airflow/example_dags/example_branch_python_dop_operator_3.py
[2026-05-19T17:41:52.237+0000] {processor.py:840} INFO - DAG(s) 'example_branch_dop_operator_v3' retrieved from /home/airflow/.local/lib/python3.12/site-packages/airflow/example_dags/example_branch_python_dop_operator_3.py
[2026-05-19T17:41:52.255+0000] {logging_mixin.py:188} INFO - [2026-05-19T17:41:52.255+0000] {dag.py:3096} INFO - Sync 1 DAGs
[2026-05-19T17:41:52.278+0000] {logging_mixin.py:188} INFO - [2026-05-19T17:41:52.277+0000] {dag.py:3954} INFO - Setting next_dagrun for example_branch_dop_operator_v3 to 2026-05-19 17:40:00+00:00, run_after=2026-05-19 17:41:00+00:00
[2026-05-19T17:41:52.294+0000] {processor.py:183} INFO - Processing /home/airflow/.local/lib/python3.12/site-packages/airflow/example_dags/example_branch_python_dop_operator_3.py took 0.072 seconds
[2026-05-19T17:42:22.490+0000] {processor.py:161} INFO - Started process (PID=6805) to work on /home/airflow/.local/lib/python3.12/site-packages/airflow/example_dags/example_branch_python_dop_operator_3.py
[2026-05-19T17:42:22.491+0000] {processor.py:830} INFO - Processing file /home/airflow/.local/lib/python3.12/site-packages/airflow/example_dags/example_branch_python_dop_operator_3.py for tasks to queue
[2026-05-19T17:42:22.493+0000] {logging_mixin.py:188} INFO - [2026-05-19T17:42:22.493+0000] {dagbag.py:545} INFO - Filling up the DagBag from /home/airflow/.local/lib/python3.12/site-packages/airflow/example_dags/example_branch_python_dop_operator_3.py
[2026-05-19T17:42:22.500+0000] {processor.py:840} INFO - DAG(s) 'example_branch_dop_operator_v3' retrieved from /home/airflow/.local/lib/python3.12/site-packages/airflow/example_dags/example_branch_python_dop_operator_3.py
[2026-05-19T17:42:22.519+0000] {logging_mixin.py:188} INFO - [2026-05-19T17:42:22.519+0000] {dag.py:3096} INFO - Sync 1 DAGs
[2026-05-19T17:42:22.540+0000] {logging_mixin.py:188} INFO - [2026-05-19T17:42:22.540+0000] {dag.py:3954} INFO - Setting next_dagrun for example_branch_dop_operator_v3 to 2026-05-19 17:41:00+00:00, run_after=2026-05-19 17:42:00+00:00
[2026-05-19T17:42:22.557+0000] {processor.py:183} INFO - Processing /home/airflow/.local/lib/python3.12/site-packages/airflow/example_dags/example_branch_python_dop_operator_3.py took 0.073 seconds
[2026-05-19T17:42:52.872+0000] {processor.py:161} INFO - Started process (PID=6864) to work on /home/airflow/.local/lib/python3.12/site-packages/airflow/example_dags/example_branch_python_dop_operator_3.py
[2026-05-19T17:42:52.873+0000] {processor.py:830} INFO - Processing file /home/airflow/.local/lib/python3.12/site-packages/airflow/example_dags/example_branch_python_dop_operator_3.py for tasks to queue
[2026-05-19T17:42:52.876+0000] {logging_mixin.py:188} INFO - [2026-05-19T17:42:52.875+0000] {dagbag.py:545} INFO - Filling up the DagBag from /home/airflow/.local/lib/python3.12/site-packages/airflow/example_dags/example_branch_python_dop_operator_3.py
[2026-05-19T17:42:52.883+0000] {processor.py:840} INFO - DAG(s) 'example_branch_dop_operator_v3' retrieved from /home/airflow/.local/lib/python3.12/site-packages/airflow/example_dags/example_branch_python_dop_operator_3.py
[2026-05-19T17:42:52.903+0000] {logging_mixin.py:188} INFO - [2026-05-19T17:42:52.903+0000] {dag.py:3096} INFO - Sync 1 DAGs
[2026-05-19T17:42:52.928+0000] {logging_mixin.py:188} INFO - [2026-05-19T17:42:52.928+0000] {dag.py:3954} INFO - Setting next_dagrun for example_branch_dop_operator_v3 to 2026-05-19 17:41:00+00:00, run_after=2026-05-19 17:42:00+00:00
[2026-05-19T17:42:52.950+0000] {processor.py:183} INFO - Processing /home/airflow/.local/lib/python3.12/site-packages/airflow/example_dags/example_branch_python_dop_operator_3.py took 0.084 seconds
[2026-05-19T17:43:23.784+0000] {processor.py:161} INFO - Started process (PID=6923) to work on /home/airflow/.local/lib/python3.12/site-packages/airflow/example_dags/example_branch_python_dop_operator_3.py
[2026-05-19T17:43:23.786+0000] {processor.py:830} INFO - Processing file /home/airflow/.local/lib/python3.12/site-packages/airflow/example_dags/example_branch_python_dop_operator_3.py for tasks to queue
[2026-05-19T17:43:23.789+0000] {logging_mixin.py:188} INFO - [2026-05-19T17:43:23.788+0000] {dagbag.py:545} INFO - Filling up the DagBag from /home/airflow/.local/lib/python3.12/site-packages/airflow/example_dags/example_branch_python_dop_operator_3.py
[2026-05-19T17:43:23.801+0000] {processor.py:840} INFO - DAG(s) 'example_branch_dop_operator_v3' retrieved from /home/airflow/.local/lib/python3.12/site-packages/airflow/example_dags/example_branch_python_dop_operator_3.py
[2026-05-19T17:43:23.826+0000] {logging_mixin.py:188} INFO - [2026-05-19T17:43:23.826+0000] {dag.py:3096} INFO - Sync 1 DAGs
[2026-05-19T17:43:23.855+0000] {logging_mixin.py:188} INFO - [2026-05-19T17:43:23.855+0000] {dag.py:3954} INFO - Setting next_dagrun for example_branch_dop_operator_v3 to 2026-05-19 17:42:00+00:00, run_after=2026-05-19 17:43:00+00:00
[2026-05-19T17:43:23.876+0000] {processor.py:183} INFO - Processing /home/airflow/.local/lib/python3.12/site-packages/airflow/example_dags/example_branch_python_dop_operator_3.py took 0.099 seconds
[2026-05-19T17:43:53.917+0000] {processor.py:161} INFO - Started process (PID=6981) to work on /home/airflow/.local/lib/python3.12/site-packages/airflow/example_dags/example_branch_python_dop_operator_3.py
[2026-05-19T17:43:53.918+0000] {processor.py:830} INFO - Processing file /home/airflow/.local/lib/python3.12/site-packages/airflow/example_dags/example_branch_python_dop_operator_3.py for tasks to queue
[2026-05-19T17:43:53.920+0000] {logging_mixin.py:188} INFO - [2026-05-19T17:43:53.920+0000] {dagbag.py:545} INFO - Filling up the DagBag from /home/airflow/.local/lib/python3.12/site-packages/airflow/example_dags/example_branch_python_dop_operator_3.py
[2026-05-19T17:43:53.927+0000] {processor.py:840} INFO - DAG(s) 'example_branch_dop_operator_v3' retrieved from /home/airflow/.local/lib/python3.12/site-packages/airflow/example_dags/example_branch_python_dop_operator_3.py
[2026-05-19T17:43:53.949+0000] {logging_mixin.py:188} INFO - [2026-05-19T17:43:53.949+0000] {dag.py:3096} INFO - Sync 1 DAGs
[2026-05-19T17:43:53.974+0000] {logging_mixin.py:188} INFO - [2026-05-19T17:43:53.974+0000] {dag.py:3954} INFO - Setting next_dagrun for example_branch_dop_operator_v3 to 2026-05-19 17:42:00+00:00, run_after=2026-05-19 17:43:00+00:00
[2026-05-19T17:43:53.995+0000] {processor.py:183} INFO - Processing /home/airflow/.local/lib/python3.12/site-packages/airflow/example_dags/example_branch_python_dop_operator_3.py took 0.086 seconds
[2026-05-19T17:44:25.009+0000] {processor.py:161} INFO - Started process (PID=7041) to work on /home/airflow/.local/lib/python3.12/site-packages/airflow/example_dags/example_branch_python_dop_operator_3.py
[2026-05-19T17:44:25.011+0000] {processor.py:830} INFO - Processing file /home/airflow/.local/lib/python3.12/site-packages/airflow/example_dags/example_branch_python_dop_operator_3.py for tasks to queue
[2026-05-19T17:44:25.013+0000] {logging_mixin.py:188} INFO - [2026-05-19T17:44:25.012+0000] {dagbag.py:545} INFO - Filling up the DagBag from /home/airflow/.local/lib/python3.12/site-packages/airflow/example_dags/example_branch_python_dop_operator_3.py
[2026-05-19T17:44:25.023+0000] {processor.py:840} INFO - DAG(s) 'example_branch_dop_operator_v3' retrieved from /home/airflow/.local/lib/python3.12/site-packages/airflow/example_dags/example_branch_python_dop_operator_3.py
[2026-05-19T17:44:25.052+0000] {logging_mixin.py:188} INFO - [2026-05-19T17:44:25.052+0000] {dag.py:3096} INFO - Sync 1 DAGs
[2026-05-19T17:44:25.080+0000] {logging_mixin.py:188} INFO - [2026-05-19T17:44:25.080+0000] {dag.py:3954} INFO - Setting next_dagrun for example_branch_dop_operator_v3 to 2026-05-19 17:43:00+00:00, run_after=2026-05-19 17:44:00+00:00
[2026-05-19T17:44:25.110+0000] {processor.py:183} INFO - Processing /home/airflow/.local/lib/python3.12/site-packages/airflow/example_dags/example_branch_python_dop_operator_3.py took 0.108 seconds
[2026-05-19T17:44:55.195+0000] {processor.py:161} INFO - Started process (PID=7102) to work on /home/airflow/.local/lib/python3.12/site-packages/airflow/example_dags/example_branch_python_dop_operator_3.py
[2026-05-19T17:44:55.197+0000] {processor.py:830} INFO - Processing file /home/airflow/.local/lib/python3.12/site-packages/airflow/example_dags/example_branch_python_dop_operator_3.py for tasks to queue
[2026-05-19T17:44:55.199+0000] {logging_mixin.py:188} INFO - [2026-05-19T17:44:55.199+0000] {dagbag.py:545} INFO - Filling up the DagBag from /home/airflow/.local/lib/python3.12/site-packages/airflow/example_dags/example_branch_python_dop_operator_3.py
[2026-05-19T17:44:55.209+0000] {processor.py:840} INFO - DAG(s) 'example_branch_dop_operator_v3' retrieved from /home/airflow/.local/lib/python3.12/site-packages/airflow/example_dags/example_branch_python_dop_operator_3.py
[2026-05-19T17:44:55.232+0000] {logging_mixin.py:188} INFO - [2026-05-19T17:44:55.231+0000] {dag.py:3096} INFO - Sync 1 DAGs
[2026-05-19T17:44:55.256+0000] {logging_mixin.py:188} INFO - [2026-05-19T17:44:55.256+0000] {dag.py:3954} INFO - Setting next_dagrun for example_branch_dop_operator_v3 to 2026-05-19 17:43:00+00:00, run_after=2026-05-19 17:44:00+00:00
[2026-05-19T17:44:55.273+0000] {processor.py:183} INFO - Processing /home/airflow/.local/lib/python3.12/site-packages/airflow/example_dags/example_branch_python_dop_operator_3.py took 0.084 seconds
[2026-05-19T17:45:25.668+0000] {processor.py:161} INFO - Started process (PID=7161) to work on /home/airflow/.local/lib/python3.12/site-packages/airflow/example_dags/example_branch_python_dop_operator_3.py
[2026-05-19T17:45:25.669+0000] {processor.py:830} INFO - Processing file /home/airflow/.local/lib/python3.12/site-packages/airflow/example_dags/example_branch_python_dop_operator_3.py for tasks to queue
[2026-05-19T17:45:25.671+0000] {logging_mixin.py:188} INFO - [2026-05-19T17:45:25.671+0000] {dagbag.py:545} INFO - Filling up the DagBag from /home/airflow/.local/lib/python3.12/site-packages/airflow/example_dags/example_branch_python_dop_operator_3.py
[2026-05-19T17:45:25.680+0000] {processor.py:840} INFO - DAG(s) 'example_branch_dop_operator_v3' retrieved from /home/airflow/.local/lib/python3.12/site-packages/airflow/example_dags/example_branch_python_dop_operator_3.py
[2026-05-19T17:45:25.703+0000] {logging_mixin.py:188} INFO - [2026-05-19T17:45:25.703+0000] {dag.py:3096} INFO - Sync 1 DAGs
[2026-05-19T17:45:25.732+0000] {logging_mixin.py:188} INFO - [2026-05-19T17:45:25.732+0000] {dag.py:3954} INFO - Setting next_dagrun for example_branch_dop_operator_v3 to 2026-05-19 17:44:00+00:00, run_after=2026-05-19 17:45:00+00:00
[2026-05-19T17:45:25.782+0000] {processor.py:183} INFO - Processing /home/airflow/.local/lib/python3.12/site-packages/airflow/example_dags/example_branch_python_dop_operator_3.py took 0.120 seconds
[2026-05-19T17:45:55.816+0000] {processor.py:161} INFO - Started process (PID=7219) to work on /home/airflow/.local/lib/python3.12/site-packages/airflow/example_dags/example_branch_python_dop_operator_3.py
[2026-05-19T17:45:55.817+0000] {processor.py:830} INFO - Processing file /home/airflow/.local/lib/python3.12/site-packages/airflow/example_dags/example_branch_python_dop_operator_3.py for tasks to queue
[2026-05-19T17:45:55.819+0000] {logging_mixin.py:188} INFO - [2026-05-19T17:45:55.819+0000] {dagbag.py:545} INFO - Filling up the DagBag from /home/airflow/.local/lib/python3.12/site-packages/airflow/example_dags/example_branch_python_dop_operator_3.py
[2026-05-19T17:45:55.826+0000] {processor.py:840} INFO - DAG(s) 'example_branch_dop_operator_v3' retrieved from /home/airflow/.local/lib/python3.12/site-packages/airflow/example_dags/example_branch_python_dop_operator_3.py
[2026-05-19T17:45:55.852+0000] {logging_mixin.py:188} INFO - [2026-05-19T17:45:55.852+0000] {dag.py:3096} INFO - Sync 1 DAGs
[2026-05-19T17:45:55.887+0000] {logging_mixin.py:188} INFO - [2026-05-19T17:45:55.887+0000] {dag.py:3954} INFO - Setting next_dagrun for example_branch_dop_operator_v3 to 2026-05-19 17:44:00+00:00, run_after=2026-05-19 17:45:00+00:00
[2026-05-19T17:45:55.919+0000] {processor.py:183} INFO - Processing /home/airflow/.local/lib/python3.12/site-packages/airflow/example_dags/example_branch_python_dop_operator_3.py took 0.111 seconds
[2026-05-19T17:47:23.932+0000] {processor.py:161} INFO - Started process (PID=116) to work on /home/airflow/.local/lib/python3.12/site-packages/airflow/example_dags/example_branch_python_dop_operator_3.py
[2026-05-19T17:47:23.934+0000] {processor.py:830} INFO - Processing file /home/airflow/.local/lib/python3.12/site-packages/airflow/example_dags/example_branch_python_dop_operator_3.py for tasks to queue
[2026-05-19T17:47:23.937+0000] {logging_mixin.py:188} INFO - [2026-05-19T17:47:23.936+0000] {dagbag.py:545} INFO - Filling up the DagBag from /home/airflow/.local/lib/python3.12/site-packages/airflow/example_dags/example_branch_python_dop_operator_3.py
[2026-05-19T17:47:23.952+0000] {processor.py:840} INFO - DAG(s) 'example_branch_dop_operator_v3' retrieved from /home/airflow/.local/lib/python3.12/site-packages/airflow/example_dags/example_branch_python_dop_operator_3.py
[2026-05-19T17:47:24.140+0000] {logging_mixin.py:188} INFO - [2026-05-19T17:47:24.140+0000] {dag.py:3096} INFO - Sync 1 DAGs
[2026-05-19T17:47:24.176+0000] {logging_mixin.py:188} INFO - [2026-05-19T17:47:24.176+0000] {dag.py:3954} INFO - Setting next_dagrun for example_branch_dop_operator_v3 to 2026-05-19 17:46:00+00:00, run_after=2026-05-19 17:47:00+00:00
[2026-05-19T17:47:24.223+0000] {processor.py:183} INFO - Processing /home/airflow/.local/lib/python3.12/site-packages/airflow/example_dags/example_branch_python_dop_operator_3.py took 0.301 seconds
[2026-05-19T17:47:55.150+0000] {processor.py:161} INFO - Started process (PID=174) to work on /home/airflow/.local/lib/python3.12/site-packages/airflow/example_dags/example_branch_python_dop_operator_3.py
[2026-05-19T17:47:55.151+0000] {processor.py:830} INFO - Processing file /home/airflow/.local/lib/python3.12/site-packages/airflow/example_dags/example_branch_python_dop_operator_3.py for tasks to queue
[2026-05-19T17:47:55.153+0000] {logging_mixin.py:188} INFO - [2026-05-19T17:47:55.153+0000] {dagbag.py:545} INFO - Filling up the DagBag from /home/airflow/.local/lib/python3.12/site-packages/airflow/example_dags/example_branch_python_dop_operator_3.py
[2026-05-19T17:47:55.161+0000] {processor.py:840} INFO - DAG(s) 'example_branch_dop_operator_v3' retrieved from /home/airflow/.local/lib/python3.12/site-packages/airflow/example_dags/example_branch_python_dop_operator_3.py
[2026-05-19T17:47:55.182+0000] {logging_mixin.py:188} INFO - [2026-05-19T17:47:55.182+0000] {dag.py:3096} INFO - Sync 1 DAGs
[2026-05-19T17:47:55.207+0000] {logging_mixin.py:188} INFO - [2026-05-19T17:47:55.206+0000] {dag.py:3954} INFO - Setting next_dagrun for example_branch_dop_operator_v3 to 2026-05-19 17:46:00+00:00, run_after=2026-05-19 17:47:00+00:00
[2026-05-19T17:47:55.225+0000] {processor.py:183} INFO - Processing /home/airflow/.local/lib/python3.12/site-packages/airflow/example_dags/example_branch_python_dop_operator_3.py took 0.080 seconds
[2026-05-19T17:48:25.523+0000] {processor.py:161} INFO - Started process (PID=232) to work on /home/airflow/.local/lib/python3.12/site-packages/airflow/example_dags/example_branch_python_dop_operator_3.py
[2026-05-19T17:48:25.524+0000] {processor.py:830} INFO - Processing file /home/airflow/.local/lib/python3.12/site-packages/airflow/example_dags/example_branch_python_dop_operator_3.py for tasks to queue
[2026-05-19T17:48:25.526+0000] {logging_mixin.py:188} INFO - [2026-05-19T17:48:25.526+0000] {dagbag.py:545} INFO - Filling up the DagBag from /home/airflow/.local/lib/python3.12/site-packages/airflow/example_dags/example_branch_python_dop_operator_3.py
[2026-05-19T17:48:25.539+0000] {processor.py:840} INFO - DAG(s) 'example_branch_dop_operator_v3' retrieved from /home/airflow/.local/lib/python3.12/site-packages/airflow/example_dags/example_branch_python_dop_operator_3.py
[2026-05-19T17:48:25.561+0000] {logging_mixin.py:188} INFO - [2026-05-19T17:48:25.561+0000] {dag.py:3096} INFO - Sync 1 DAGs
[2026-05-19T17:48:25.586+0000] {logging_mixin.py:188} INFO - [2026-05-19T17:48:25.585+0000] {dag.py:3954} INFO - Setting next_dagrun for example_branch_dop_operator_v3 to 2026-05-19 17:47:00+00:00, run_after=2026-05-19 17:48:00+00:00
[2026-05-19T17:48:25.605+0000] {processor.py:183} INFO - Processing /home/airflow/.local/lib/python3.12/site-packages/airflow/example_dags/example_branch_python_dop_operator_3.py took 0.089 seconds
[2026-05-19T17:48:55.917+0000] {processor.py:161} INFO - Started process (PID=291) to work on /home/airflow/.local/lib/python3.12/site-packages/airflow/example_dags/example_branch_python_dop_operator_3.py
[2026-05-19T17:48:55.918+0000] {processor.py:830} INFO - Processing file /home/airflow/.local/lib/python3.12/site-packages/airflow/example_dags/example_branch_python_dop_operator_3.py for tasks to queue
[2026-05-19T17:48:55.920+0000] {logging_mixin.py:188} INFO - [2026-05-19T17:48:55.920+0000] {dagbag.py:545} INFO - Filling up the DagBag from /home/airflow/.local/lib/python3.12/site-packages/airflow/example_dags/example_branch_python_dop_operator_3.py
[2026-05-19T17:48:55.927+0000] {processor.py:840} INFO - DAG(s) 'example_branch_dop_operator_v3' retrieved from /home/airflow/.local/lib/python3.12/site-packages/airflow/example_dags/example_branch_python_dop_operator_3.py
[2026-05-19T17:48:55.947+0000] {logging_mixin.py:188} INFO - [2026-05-19T17:48:55.947+0000] {dag.py:3096} INFO - Sync 1 DAGs
[2026-05-19T17:48:55.970+0000] {logging_mixin.py:188} INFO - [2026-05-19T17:48:55.970+0000] {dag.py:3954} INFO - Setting next_dagrun for example_branch_dop_operator_v3 to 2026-05-19 17:47:00+00:00, run_after=2026-05-19 17:48:00+00:00
[2026-05-19T17:48:56.010+0000] {processor.py:183} INFO - Processing /home/airflow/.local/lib/python3.12/site-packages/airflow/example_dags/example_branch_python_dop_operator_3.py took 0.099 seconds
[2026-05-19T17:49:26.440+0000] {processor.py:161} INFO - Started process (PID=349) to work on /home/airflow/.local/lib/python3.12/site-packages/airflow/example_dags/example_branch_python_dop_operator_3.py
[2026-05-19T17:49:26.442+0000] {processor.py:830} INFO - Processing file /home/airflow/.local/lib/python3.12/site-packages/airflow/example_dags/example_branch_python_dop_operator_3.py for tasks to queue
[2026-05-19T17:49:26.446+0000] {logging_mixin.py:188} INFO - [2026-05-19T17:49:26.445+0000] {dagbag.py:545} INFO - Filling up the DagBag from /home/airflow/.local/lib/python3.12/site-packages/airflow/example_dags/example_branch_python_dop_operator_3.py
[2026-05-19T17:49:26.456+0000] {processor.py:840} INFO - DAG(s) 'example_branch_dop_operator_v3' retrieved from /home/airflow/.local/lib/python3.12/site-packages/airflow/example_dags/example_branch_python_dop_operator_3.py
[2026-05-19T17:49:26.482+0000] {logging_mixin.py:188} INFO - [2026-05-19T17:49:26.482+0000] {dag.py:3096} INFO - Sync 1 DAGs
[2026-05-19T17:49:26.512+0000] {logging_mixin.py:188} INFO - [2026-05-19T17:49:26.512+0000] {dag.py:3954} INFO - Setting next_dagrun for example_branch_dop_operator_v3 to 2026-05-19 17:48:00+00:00, run_after=2026-05-19 17:49:00+00:00
[2026-05-19T17:49:26.537+0000] {processor.py:183} INFO - Processing /home/airflow/.local/lib/python3.12/site-packages/airflow/example_dags/example_branch_python_dop_operator_3.py took 0.108 seconds
[2026-05-19T17:49:56.592+0000] {processor.py:161} INFO - Started process (PID=406) to work on /home/airflow/.local/lib/python3.12/site-packages/airflow/example_dags/example_branch_python_dop_operator_3.py
[2026-05-19T17:49:56.593+0000] {processor.py:830} INFO - Processing file /home/airflow/.local/lib/python3.12/site-packages/airflow/example_dags/example_branch_python_dop_operator_3.py for tasks to queue
[2026-05-19T17:49:56.597+0000] {logging_mixin.py:188} INFO - [2026-05-19T17:49:56.597+0000] {dagbag.py:545} INFO - Filling up the DagBag from /home/airflow/.local/lib/python3.12/site-packages/airflow/example_dags/example_branch_python_dop_operator_3.py
[2026-05-19T17:49:56.606+0000] {processor.py:840} INFO - DAG(s) 'example_branch_dop_operator_v3' retrieved from /home/airflow/.local/lib/python3.12/site-packages/airflow/example_dags/example_branch_python_dop_operator_3.py
[2026-05-19T17:49:56.653+0000] {logging_mixin.py:188} INFO - [2026-05-19T17:49:56.652+0000] {dag.py:3096} INFO - Sync 1 DAGs
[2026-05-19T17:49:56.689+0000] {logging_mixin.py:188} INFO - [2026-05-19T17:49:56.688+0000] {dag.py:3954} INFO - Setting next_dagrun for example_branch_dop_operator_v3 to 2026-05-19 17:48:00+00:00, run_after=2026-05-19 17:49:00+00:00
[2026-05-19T17:49:56.709+0000] {processor.py:183} INFO - Processing /home/airflow/.local/lib/python3.12/site-packages/airflow/example_dags/example_branch_python_dop_operator_3.py took 0.122 seconds
[2026-05-19T17:50:26.812+0000] {processor.py:161} INFO - Started process (PID=465) to work on /home/airflow/.local/lib/python3.12/site-packages/airflow/example_dags/example_branch_python_dop_operator_3.py
[2026-05-19T17:50:26.814+0000] {processor.py:830} INFO - Processing file /home/airflow/.local/lib/python3.12/site-packages/airflow/example_dags/example_branch_python_dop_operator_3.py for tasks to queue
[2026-05-19T17:50:26.816+0000] {logging_mixin.py:188} INFO - [2026-05-19T17:50:26.816+0000] {dagbag.py:545} INFO - Filling up the DagBag from /home/airflow/.local/lib/python3.12/site-packages/airflow/example_dags/example_branch_python_dop_operator_3.py
[2026-05-19T17:50:26.824+0000] {processor.py:840} INFO - DAG(s) 'example_branch_dop_operator_v3' retrieved from /home/airflow/.local/lib/python3.12/site-packages/airflow/example_dags/example_branch_python_dop_operator_3.py
[2026-05-19T17:50:26.848+0000] {logging_mixin.py:188} INFO - [2026-05-19T17:50:26.847+0000] {dag.py:3096} INFO - Sync 1 DAGs
[2026-05-19T17:50:26.876+0000] {logging_mixin.py:188} INFO - [2026-05-19T17:50:26.875+0000] {dag.py:3954} INFO - Setting next_dagrun for example_branch_dop_operator_v3 to 2026-05-19 17:49:00+00:00, run_after=2026-05-19 17:50:00+00:00
[2026-05-19T17:50:26.898+0000] {processor.py:183} INFO - Processing /home/airflow/.local/lib/python3.12/site-packages/airflow/example_dags/example_branch_python_dop_operator_3.py took 0.092 seconds
[2026-05-19T17:50:57.181+0000] {processor.py:161} INFO - Started process (PID=523) to work on /home/airflow/.local/lib/python3.12/site-packages/airflow/example_dags/example_branch_python_dop_operator_3.py
[2026-05-19T17:50:57.183+0000] {processor.py:830} INFO - Processing file /home/airflow/.local/lib/python3.12/site-packages/airflow/example_dags/example_branch_python_dop_operator_3.py for tasks to queue
[2026-05-19T17:50:57.186+0000] {logging_mixin.py:188} INFO - [2026-05-19T17:50:57.186+0000] {dagbag.py:545} INFO - Filling up the DagBag from /home/airflow/.local/lib/python3.12/site-packages/airflow/example_dags/example_branch_python_dop_operator_3.py
[2026-05-19T17:50:57.200+0000] {processor.py:840} INFO - DAG(s) 'example_branch_dop_operator_v3' retrieved from /home/airflow/.local/lib/python3.12/site-packages/airflow/example_dags/example_branch_python_dop_operator_3.py
[2026-05-19T17:50:57.245+0000] {logging_mixin.py:188} INFO - [2026-05-19T17:50:57.245+0000] {dag.py:3096} INFO - Sync 1 DAGs
[2026-05-19T17:50:57.283+0000] {logging_mixin.py:188} INFO - [2026-05-19T17:50:57.282+0000] {dag.py:3954} INFO - Setting next_dagrun for example_branch_dop_operator_v3 to 2026-05-19 17:49:00+00:00, run_after=2026-05-19 17:50:00+00:00
[2026-05-19T17:50:57.324+0000] {processor.py:183} INFO - Processing /home/airflow/.local/lib/python3.12/site-packages/airflow/example_dags/example_branch_python_dop_operator_3.py took 0.153 seconds
[2026-05-19T17:51:27.874+0000] {processor.py:161} INFO - Started process (PID=582) to work on /home/airflow/.local/lib/python3.12/site-packages/airflow/example_dags/example_branch_python_dop_operator_3.py
[2026-05-19T17:51:27.875+0000] {processor.py:830} INFO - Processing file /home/airflow/.local/lib/python3.12/site-packages/airflow/example_dags/example_branch_python_dop_operator_3.py for tasks to queue
[2026-05-19T17:51:27.877+0000] {logging_mixin.py:188} INFO - [2026-05-19T17:51:27.877+0000] {dagbag.py:545} INFO - Filling up the DagBag from /home/airflow/.local/lib/python3.12/site-packages/airflow/example_dags/example_branch_python_dop_operator_3.py
[2026-05-19T17:51:27.885+0000] {processor.py:840} INFO - DAG(s) 'example_branch_dop_operator_v3' retrieved from /home/airflow/.local/lib/python3.12/site-packages/airflow/example_dags/example_branch_python_dop_operator_3.py
[2026-05-19T17:51:27.905+0000] {logging_mixin.py:188} INFO - [2026-05-19T17:51:27.904+0000] {dag.py:3096} INFO - Sync 1 DAGs
[2026-05-19T17:51:27.929+0000] {logging_mixin.py:188} INFO - [2026-05-19T17:51:27.929+0000] {dag.py:3954} INFO - Setting next_dagrun for example_branch_dop_operator_v3 to 2026-05-19 17:50:00+00:00, run_after=2026-05-19 17:51:00+00:00
[2026-05-19T17:51:27.947+0000] {processor.py:183} INFO - Processing /home/airflow/.local/lib/python3.12/site-packages/airflow/example_dags/example_branch_python_dop_operator_3.py took 0.081 seconds
[2026-05-19T17:51:58.780+0000] {processor.py:161} INFO - Started process (PID=640) to work on /home/airflow/.local/lib/python3.12/site-packages/airflow/example_dags/example_branch_python_dop_operator_3.py
[2026-05-19T17:51:58.781+0000] {processor.py:830} INFO - Processing file /home/airflow/.local/lib/python3.12/site-packages/airflow/example_dags/example_branch_python_dop_operator_3.py for tasks to queue
[2026-05-19T17:51:58.783+0000] {logging_mixin.py:188} INFO - [2026-05-19T17:51:58.783+0000] {dagbag.py:545} INFO - Filling up the DagBag from /home/airflow/.local/lib/python3.12/site-packages/airflow/example_dags/example_branch_python_dop_operator_3.py
[2026-05-19T17:51:58.792+0000] {processor.py:840} INFO - DAG(s) 'example_branch_dop_operator_v3' retrieved from /home/airflow/.local/lib/python3.12/site-packages/airflow/example_dags/example_branch_python_dop_operator_3.py
[2026-05-19T17:51:58.817+0000] {logging_mixin.py:188} INFO - [2026-05-19T17:51:58.816+0000] {dag.py:3096} INFO - Sync 1 DAGs
[2026-05-19T17:51:58.849+0000] {logging_mixin.py:188} INFO - [2026-05-19T17:51:58.849+0000] {dag.py:3954} INFO - Setting next_dagrun for example_branch_dop_operator_v3 to 2026-05-19 17:50:00+00:00, run_after=2026-05-19 17:51:00+00:00
[2026-05-19T17:51:58.871+0000] {processor.py:183} INFO - Processing /home/airflow/.local/lib/python3.12/site-packages/airflow/example_dags/example_branch_python_dop_operator_3.py took 0.098 seconds
[2026-05-19T17:52:29.300+0000] {processor.py:161} INFO - Started process (PID=698) to work on /home/airflow/.local/lib/python3.12/site-packages/airflow/example_dags/example_branch_python_dop_operator_3.py
[2026-05-19T17:52:29.301+0000] {processor.py:830} INFO - Processing file /home/airflow/.local/lib/python3.12/site-packages/airflow/example_dags/example_branch_python_dop_operator_3.py for tasks to queue
[2026-05-19T17:52:29.303+0000] {logging_mixin.py:188} INFO - [2026-05-19T17:52:29.303+0000] {dagbag.py:545} INFO - Filling up the DagBag from /home/airflow/.local/lib/python3.12/site-packages/airflow/example_dags/example_branch_python_dop_operator_3.py
[2026-05-19T17:52:29.315+0000] {processor.py:840} INFO - DAG(s) 'example_branch_dop_operator_v3' retrieved from /home/airflow/.local/lib/python3.12/site-packages/airflow/example_dags/example_branch_python_dop_operator_3.py
[2026-05-19T17:52:29.336+0000] {logging_mixin.py:188} INFO - [2026-05-19T17:52:29.336+0000] {dag.py:3096} INFO - Sync 1 DAGs
[2026-05-19T17:52:29.364+0000] {logging_mixin.py:188} INFO - [2026-05-19T17:52:29.364+0000] {dag.py:3954} INFO - Setting next_dagrun for example_branch_dop_operator_v3 to 2026-05-19 17:51:00+00:00, run_after=2026-05-19 17:52:00+00:00
[2026-05-19T17:52:29.390+0000] {processor.py:183} INFO - Processing /home/airflow/.local/lib/python3.12/site-packages/airflow/example_dags/example_branch_python_dop_operator_3.py took 0.095 seconds
[2026-05-19T17:53:00.173+0000] {processor.py:161} INFO - Started process (PID=756) to work on /home/airflow/.local/lib/python3.12/site-packages/airflow/example_dags/example_branch_python_dop_operator_3.py
[2026-05-19T17:53:00.174+0000] {processor.py:830} INFO - Processing file /home/airflow/.local/lib/python3.12/site-packages/airflow/example_dags/example_branch_python_dop_operator_3.py for tasks to queue
[2026-05-19T17:53:00.176+0000] {logging_mixin.py:188} INFO - [2026-05-19T17:53:00.175+0000] {dagbag.py:545} INFO - Filling up the DagBag from /home/airflow/.local/lib/python3.12/site-packages/airflow/example_dags/example_branch_python_dop_operator_3.py
[2026-05-19T17:53:00.186+0000] {processor.py:840} INFO - DAG(s) 'example_branch_dop_operator_v3' retrieved from /home/airflow/.local/lib/python3.12/site-packages/airflow/example_dags/example_branch_python_dop_operator_3.py
[2026-05-19T17:53:00.212+0000] {logging_mixin.py:188} INFO - [2026-05-19T17:53:00.212+0000] {dag.py:3096} INFO - Sync 1 DAGs
[2026-05-19T17:53:00.238+0000] {logging_mixin.py:188} INFO - [2026-05-19T17:53:00.238+0000] {dag.py:3954} INFO - Setting next_dagrun for example_branch_dop_operator_v3 to 2026-05-19 17:52:00+00:00, run_after=2026-05-19 17:53:00+00:00
[2026-05-19T17:53:00.264+0000] {processor.py:183} INFO - Processing /home/airflow/.local/lib/python3.12/site-packages/airflow/example_dags/example_branch_python_dop_operator_3.py took 0.097 seconds
[2026-05-19T17:53:30.791+0000] {processor.py:161} INFO - Started process (PID=814) to work on /home/airflow/.local/lib/python3.12/site-packages/airflow/example_dags/example_branch_python_dop_operator_3.py
[2026-05-19T17:53:30.792+0000] {processor.py:830} INFO - Processing file /home/airflow/.local/lib/python3.12/site-packages/airflow/example_dags/example_branch_python_dop_operator_3.py for tasks to queue
[2026-05-19T17:53:30.794+0000] {logging_mixin.py:188} INFO - [2026-05-19T17:53:30.794+0000] {dagbag.py:545} INFO - Filling up the DagBag from /home/airflow/.local/lib/python3.12/site-packages/airflow/example_dags/example_branch_python_dop_operator_3.py
[2026-05-19T17:53:30.803+0000] {processor.py:840} INFO - DAG(s) 'example_branch_dop_operator_v3' retrieved from /home/airflow/.local/lib/python3.12/site-packages/airflow/example_dags/example_branch_python_dop_operator_3.py
[2026-05-19T17:53:30.826+0000] {logging_mixin.py:188} INFO - [2026-05-19T17:53:30.825+0000] {dag.py:3096} INFO - Sync 1 DAGs
[2026-05-19T17:53:30.853+0000] {logging_mixin.py:188} INFO - [2026-05-19T17:53:30.852+0000] {dag.py:3954} INFO - Setting next_dagrun for example_branch_dop_operator_v3 to 2026-05-19 17:52:00+00:00, run_after=2026-05-19 17:53:00+00:00
[2026-05-19T17:53:30.875+0000] {processor.py:183} INFO - Processing /home/airflow/.local/lib/python3.12/site-packages/airflow/example_dags/example_branch_python_dop_operator_3.py took 0.090 seconds
[2026-05-19T17:54:01.331+0000] {processor.py:161} INFO - Started process (PID=872) to work on /home/airflow/.local/lib/python3.12/site-packages/airflow/example_dags/example_branch_python_dop_operator_3.py
[2026-05-19T17:54:01.334+0000] {processor.py:830} INFO - Processing file /home/airflow/.local/lib/python3.12/site-packages/airflow/example_dags/example_branch_python_dop_operator_3.py for tasks to queue
[2026-05-19T17:54:01.337+0000] {logging_mixin.py:188} INFO - [2026-05-19T17:54:01.337+0000] {dagbag.py:545} INFO - Filling up the DagBag from /home/airflow/.local/lib/python3.12/site-packages/airflow/example_dags/example_branch_python_dop_operator_3.py
[2026-05-19T17:54:01.350+0000] {processor.py:840} INFO - DAG(s) 'example_branch_dop_operator_v3' retrieved from /home/airflow/.local/lib/python3.12/site-packages/airflow/example_dags/example_branch_python_dop_operator_3.py
[2026-05-19T17:54:01.392+0000] {logging_mixin.py:188} INFO - [2026-05-19T17:54:01.392+0000] {dag.py:3096} INFO - Sync 1 DAGs
[2026-05-19T17:54:01.432+0000] {logging_mixin.py:188} INFO - [2026-05-19T17:54:01.431+0000] {dag.py:3954} INFO - Setting next_dagrun for example_branch_dop_operator_v3 to 2026-05-19 17:53:00+00:00, run_after=2026-05-19 17:54:00+00:00
[2026-05-19T17:54:01.463+0000] {processor.py:183} INFO - Processing /home/airflow/.local/lib/python3.12/site-packages/airflow/example_dags/example_branch_python_dop_operator_3.py took 0.140 seconds
[2026-05-19T17:54:31.665+0000] {processor.py:161} INFO - Started process (PID=930) to work on /home/airflow/.local/lib/python3.12/site-packages/airflow/example_dags/example_branch_python_dop_operator_3.py
[2026-05-19T17:54:31.666+0000] {processor.py:830} INFO - Processing file /home/airflow/.local/lib/python3.12/site-packages/airflow/example_dags/example_branch_python_dop_operator_3.py for tasks to queue
[2026-05-19T17:54:31.668+0000] {logging_mixin.py:188} INFO - [2026-05-19T17:54:31.668+0000] {dagbag.py:545} INFO - Filling up the DagBag from /home/airflow/.local/lib/python3.12/site-packages/airflow/example_dags/example_branch_python_dop_operator_3.py
[2026-05-19T17:54:31.676+0000] {processor.py:840} INFO - DAG(s) 'example_branch_dop_operator_v3' retrieved from /home/airflow/.local/lib/python3.12/site-packages/airflow/example_dags/example_branch_python_dop_operator_3.py
[2026-05-19T17:54:31.698+0000] {logging_mixin.py:188} INFO - [2026-05-19T17:54:31.698+0000] {dag.py:3096} INFO - Sync 1 DAGs
[2026-05-19T17:54:31.722+0000] {logging_mixin.py:188} INFO - [2026-05-19T17:54:31.722+0000] {dag.py:3954} INFO - Setting next_dagrun for example_branch_dop_operator_v3 to 2026-05-19 17:53:00+00:00, run_after=2026-05-19 17:54:00+00:00
[2026-05-19T17:54:31.745+0000] {processor.py:183} INFO - Processing /home/airflow/.local/lib/python3.12/site-packages/airflow/example_dags/example_branch_python_dop_operator_3.py took 0.087 seconds
[2026-05-19T17:55:01.871+0000] {processor.py:161} INFO - Started process (PID=987) to work on /home/airflow/.local/lib/python3.12/site-packages/airflow/example_dags/example_branch_python_dop_operator_3.py
[2026-05-19T17:55:01.873+0000] {processor.py:830} INFO - Processing file /home/airflow/.local/lib/python3.12/site-packages/airflow/example_dags/example_branch_python_dop_operator_3.py for tasks to queue
[2026-05-19T17:55:01.875+0000] {logging_mixin.py:188} INFO - [2026-05-19T17:55:01.875+0000] {dagbag.py:545} INFO - Filling up the DagBag from /home/airflow/.local/lib/python3.12/site-packages/airflow/example_dags/example_branch_python_dop_operator_3.py
[2026-05-19T17:55:01.883+0000] {processor.py:840} INFO - DAG(s) 'example_branch_dop_operator_v3' retrieved from /home/airflow/.local/lib/python3.12/site-packages/airflow/example_dags/example_branch_python_dop_operator_3.py
[2026-05-19T17:55:01.904+0000] {logging_mixin.py:188} INFO - [2026-05-19T17:55:01.903+0000] {dag.py:3096} INFO - Sync 1 DAGs
[2026-05-19T17:55:01.933+0000] {logging_mixin.py:188} INFO - [2026-05-19T17:55:01.933+0000] {dag.py:3954} INFO - Setting next_dagrun for example_branch_dop_operator_v3 to 2026-05-19 17:54:00+00:00, run_after=2026-05-19 17:55:00+00:00
[2026-05-19T17:55:01.953+0000] {processor.py:183} INFO - Processing /home/airflow/.local/lib/python3.12/site-packages/airflow/example_dags/example_branch_python_dop_operator_3.py took 0.087 seconds
[2026-05-19T17:55:32.024+0000] {processor.py:161} INFO - Started process (PID=1044) to work on /home/airflow/.local/lib/python3.12/site-packages/airflow/example_dags/example_branch_python_dop_operator_3.py
[2026-05-19T17:55:32.025+0000] {processor.py:830} INFO - Processing file /home/airflow/.local/lib/python3.12/site-packages/airflow/example_dags/example_branch_python_dop_operator_3.py for tasks to queue
[2026-05-19T17:55:32.027+0000] {logging_mixin.py:188} INFO - [2026-05-19T17:55:32.027+0000] {dagbag.py:545} INFO - Filling up the DagBag from /home/airflow/.local/lib/python3.12/site-packages/airflow/example_dags/example_branch_python_dop_operator_3.py
[2026-05-19T17:55:32.034+0000] {processor.py:840} INFO - DAG(s) 'example_branch_dop_operator_v3' retrieved from /home/airflow/.local/lib/python3.12/site-packages/airflow/example_dags/example_branch_python_dop_operator_3.py
[2026-05-19T17:55:32.054+0000] {logging_mixin.py:188} INFO - [2026-05-19T17:55:32.053+0000] {dag.py:3096} INFO - Sync 1 DAGs
[2026-05-19T17:55:32.075+0000] {logging_mixin.py:188} INFO - [2026-05-19T17:55:32.074+0000] {dag.py:3954} INFO - Setting next_dagrun for example_branch_dop_operator_v3 to 2026-05-19 17:54:00+00:00, run_after=2026-05-19 17:55:00+00:00
[2026-05-19T17:55:32.091+0000] {processor.py:183} INFO - Processing /home/airflow/.local/lib/python3.12/site-packages/airflow/example_dags/example_branch_python_dop_operator_3.py took 0.072 seconds
[2026-05-19T17:56:02.295+0000] {processor.py:161} INFO - Started process (PID=1102) to work on /home/airflow/.local/lib/python3.12/site-packages/airflow/example_dags/example_branch_python_dop_operator_3.py
[2026-05-19T17:56:02.297+0000] {processor.py:830} INFO - Processing file /home/airflow/.local/lib/python3.12/site-packages/airflow/example_dags/example_branch_python_dop_operator_3.py for tasks to queue
[2026-05-19T17:56:02.299+0000] {logging_mixin.py:188} INFO - [2026-05-19T17:56:02.299+0000] {dagbag.py:545} INFO - Filling up the DagBag from /home/airflow/.local/lib/python3.12/site-packages/airflow/example_dags/example_branch_python_dop_operator_3.py
[2026-05-19T17:56:02.307+0000] {processor.py:840} INFO - DAG(s) 'example_branch_dop_operator_v3' retrieved from /home/airflow/.local/lib/python3.12/site-packages/airflow/example_dags/example_branch_python_dop_operator_3.py
[2026-05-19T17:56:02.327+0000] {logging_mixin.py:188} INFO - [2026-05-19T17:56:02.327+0000] {dag.py:3096} INFO - Sync 1 DAGs
[2026-05-19T17:56:02.351+0000] {logging_mixin.py:188} INFO - [2026-05-19T17:56:02.351+0000] {dag.py:3954} INFO - Setting next_dagrun for example_branch_dop_operator_v3 to 2026-05-19 17:55:00+00:00, run_after=2026-05-19 17:56:00+00:00
[2026-05-19T17:56:02.372+0000] {processor.py:183} INFO - Processing /home/airflow/.local/lib/python3.12/site-packages/airflow/example_dags/example_branch_python_dop_operator_3.py took 0.084 seconds
[2026-05-19T17:56:32.727+0000] {processor.py:161} INFO - Started process (PID=1161) to work on /home/airflow/.local/lib/python3.12/site-packages/airflow/example_dags/example_branch_python_dop_operator_3.py
[2026-05-19T17:56:32.729+0000] {processor.py:830} INFO - Processing file /home/airflow/.local/lib/python3.12/site-packages/airflow/example_dags/example_branch_python_dop_operator_3.py for tasks to queue
[2026-05-19T17:56:32.731+0000] {logging_mixin.py:188} INFO - [2026-05-19T17:56:32.731+0000] {dagbag.py:545} INFO - Filling up the DagBag from /home/airflow/.local/lib/python3.12/site-packages/airflow/example_dags/example_branch_python_dop_operator_3.py
[2026-05-19T17:56:32.742+0000] {processor.py:840} INFO - DAG(s) 'example_branch_dop_operator_v3' retrieved from /home/airflow/.local/lib/python3.12/site-packages/airflow/example_dags/example_branch_python_dop_operator_3.py
[2026-05-19T17:56:32.762+0000] {logging_mixin.py:188} INFO - [2026-05-19T17:56:32.762+0000] {dag.py:3096} INFO - Sync 1 DAGs
[2026-05-19T17:56:32.782+0000] {logging_mixin.py:188} INFO - [2026-05-19T17:56:32.782+0000] {dag.py:3954} INFO - Setting next_dagrun for example_branch_dop_operator_v3 to 2026-05-19 17:55:00+00:00, run_after=2026-05-19 17:56:00+00:00
[2026-05-19T17:56:32.799+0000] {processor.py:183} INFO - Processing /home/airflow/.local/lib/python3.12/site-packages/airflow/example_dags/example_branch_python_dop_operator_3.py took 0.081 seconds
[2026-05-19T17:58:03.694+0000] {processor.py:161} INFO - Started process (PID=115) to work on /home/airflow/.local/lib/python3.12/site-packages/airflow/example_dags/example_branch_python_dop_operator_3.py
[2026-05-19T17:58:03.696+0000] {processor.py:830} INFO - Processing file /home/airflow/.local/lib/python3.12/site-packages/airflow/example_dags/example_branch_python_dop_operator_3.py for tasks to queue
[2026-05-19T17:58:03.700+0000] {logging_mixin.py:188} INFO - [2026-05-19T17:58:03.700+0000] {dagbag.py:545} INFO - Filling up the DagBag from /home/airflow/.local/lib/python3.12/site-packages/airflow/example_dags/example_branch_python_dop_operator_3.py
[2026-05-19T17:58:03.713+0000] {processor.py:840} INFO - DAG(s) 'example_branch_dop_operator_v3' retrieved from /home/airflow/.local/lib/python3.12/site-packages/airflow/example_dags/example_branch_python_dop_operator_3.py
[2026-05-19T17:58:03.861+0000] {logging_mixin.py:188} INFO - [2026-05-19T17:58:03.861+0000] {dag.py:3096} INFO - Sync 1 DAGs
[2026-05-19T17:58:03.890+0000] {logging_mixin.py:188} INFO - [2026-05-19T17:58:03.890+0000] {dag.py:3954} INFO - Setting next_dagrun for example_branch_dop_operator_v3 to 2026-05-19 17:57:00+00:00, run_after=2026-05-19 17:58:00+00:00
[2026-05-19T17:58:03.919+0000] {processor.py:183} INFO - Processing /home/airflow/.local/lib/python3.12/site-packages/airflow/example_dags/example_branch_python_dop_operator_3.py took 0.231 seconds
[2026-05-19T17:58:34.412+0000] {processor.py:161} INFO - Started process (PID=173) to work on /home/airflow/.local/lib/python3.12/site-packages/airflow/example_dags/example_branch_python_dop_operator_3.py
[2026-05-19T17:58:34.413+0000] {processor.py:830} INFO - Processing file /home/airflow/.local/lib/python3.12/site-packages/airflow/example_dags/example_branch_python_dop_operator_3.py for tasks to queue
[2026-05-19T17:58:34.415+0000] {logging_mixin.py:188} INFO - [2026-05-19T17:58:34.414+0000] {dagbag.py:545} INFO - Filling up the DagBag from /home/airflow/.local/lib/python3.12/site-packages/airflow/example_dags/example_branch_python_dop_operator_3.py
[2026-05-19T17:58:34.424+0000] {processor.py:840} INFO - DAG(s) 'example_branch_dop_operator_v3' retrieved from /home/airflow/.local/lib/python3.12/site-packages/airflow/example_dags/example_branch_python_dop_operator_3.py
[2026-05-19T17:58:34.442+0000] {logging_mixin.py:188} INFO - [2026-05-19T17:58:34.442+0000] {dag.py:3096} INFO - Sync 1 DAGs
[2026-05-19T17:58:34.466+0000] {logging_mixin.py:188} INFO - [2026-05-19T17:58:34.466+0000] {dag.py:3954} INFO - Setting next_dagrun for example_branch_dop_operator_v3 to 2026-05-19 17:57:00+00:00, run_after=2026-05-19 17:58:00+00:00
[2026-05-19T17:58:34.484+0000] {processor.py:183} INFO - Processing /home/airflow/.local/lib/python3.12/site-packages/airflow/example_dags/example_branch_python_dop_operator_3.py took 0.076 seconds
