[2026-05-19T13:25:15.562+0000] {processor.py:161} INFO - Started process (PID=78) to work on /home/airflow/.local/lib/python3.12/site-packages/airflow/example_dags/example_params_ui_tutorial.py
[2026-05-19T13:25:15.566+0000] {processor.py:830} INFO - Processing file /home/airflow/.local/lib/python3.12/site-packages/airflow/example_dags/example_params_ui_tutorial.py for tasks to queue
[2026-05-19T13:25:15.571+0000] {logging_mixin.py:188} INFO - [2026-05-19T13:25:15.570+0000] {dagbag.py:545} INFO - Filling up the DagBag from /home/airflow/.local/lib/python3.12/site-packages/airflow/example_dags/example_params_ui_tutorial.py
[2026-05-19T13:25:15.616+0000] {processor.py:840} INFO - DAG(s) 'example_params_ui_tutorial' retrieved from /home/airflow/.local/lib/python3.12/site-packages/airflow/example_dags/example_params_ui_tutorial.py
[2026-05-19T13:25:16.093+0000] {logging_mixin.py:188} INFO - [2026-05-19T13:25:16.092+0000] {override.py:1829} INFO - Created Permission View: can read on DAG:example_params_ui_tutorial
[2026-05-19T13:25:16.137+0000] {logging_mixin.py:188} INFO - [2026-05-19T13:25:16.136+0000] {override.py:1829} INFO - Created Permission View: can edit on DAG:example_params_ui_tutorial
[2026-05-19T13:25:16.163+0000] {logging_mixin.py:188} INFO - [2026-05-19T13:25:16.162+0000] {override.py:1829} INFO - Created Permission View: can delete on DAG:example_params_ui_tutorial
[2026-05-19T13:25:16.166+0000] {logging_mixin.py:188} INFO - [2026-05-19T13:25:16.165+0000] {dag.py:3096} INFO - Sync 1 DAGs
[2026-05-19T13:25:16.210+0000] {logging_mixin.py:188} INFO - [2026-05-19T13:25:16.208+0000] {dag.py:3118} INFO - Creating ORM DAG for example_params_ui_tutorial
[2026-05-19T13:25:16.213+0000] {logging_mixin.py:188} INFO - [2026-05-19T13:25:16.212+0000] {dag.py:3954} INFO - Setting next_dagrun for example_params_ui_tutorial to None, run_after=None
[2026-05-19T13:25:16.270+0000] {processor.py:183} INFO - Processing /home/airflow/.local/lib/python3.12/site-packages/airflow/example_dags/example_params_ui_tutorial.py took 0.728 seconds
[2026-05-19T13:25:46.733+0000] {processor.py:161} INFO - Started process (PID=136) to work on /home/airflow/.local/lib/python3.12/site-packages/airflow/example_dags/example_params_ui_tutorial.py
[2026-05-19T13:25:46.738+0000] {processor.py:830} INFO - Processing file /home/airflow/.local/lib/python3.12/site-packages/airflow/example_dags/example_params_ui_tutorial.py for tasks to queue
[2026-05-19T13:25:46.750+0000] {logging_mixin.py:188} INFO - [2026-05-19T13:25:46.749+0000] {dagbag.py:545} INFO - Filling up the DagBag from /home/airflow/.local/lib/python3.12/site-packages/airflow/example_dags/example_params_ui_tutorial.py
[2026-05-19T13:25:46.845+0000] {processor.py:840} INFO - DAG(s) 'example_params_ui_tutorial' retrieved from /home/airflow/.local/lib/python3.12/site-packages/airflow/example_dags/example_params_ui_tutorial.py
[2026-05-19T13:25:47.143+0000] {logging_mixin.py:188} INFO - [2026-05-19T13:25:47.142+0000] {dag.py:3096} INFO - Sync 1 DAGs
[2026-05-19T13:25:47.251+0000] {logging_mixin.py:188} INFO - [2026-05-19T13:25:47.251+0000] {dag.py:3954} INFO - Setting next_dagrun for example_params_ui_tutorial to None, run_after=None
[2026-05-19T13:25:47.321+0000] {processor.py:183} INFO - Processing /home/airflow/.local/lib/python3.12/site-packages/airflow/example_dags/example_params_ui_tutorial.py took 0.616 seconds
[2026-05-19T13:26:18.043+0000] {processor.py:161} INFO - Started process (PID=194) to work on /home/airflow/.local/lib/python3.12/site-packages/airflow/example_dags/example_params_ui_tutorial.py
[2026-05-19T13:26:18.044+0000] {processor.py:830} INFO - Processing file /home/airflow/.local/lib/python3.12/site-packages/airflow/example_dags/example_params_ui_tutorial.py for tasks to queue
[2026-05-19T13:26:18.046+0000] {logging_mixin.py:188} INFO - [2026-05-19T13:26:18.046+0000] {dagbag.py:545} INFO - Filling up the DagBag from /home/airflow/.local/lib/python3.12/site-packages/airflow/example_dags/example_params_ui_tutorial.py
[2026-05-19T13:26:18.058+0000] {processor.py:840} INFO - DAG(s) 'example_params_ui_tutorial' retrieved from /home/airflow/.local/lib/python3.12/site-packages/airflow/example_dags/example_params_ui_tutorial.py
[2026-05-19T13:26:18.120+0000] {logging_mixin.py:188} INFO - [2026-05-19T13:26:18.119+0000] {dag.py:3096} INFO - Sync 1 DAGs
[2026-05-19T13:26:18.132+0000] {logging_mixin.py:188} INFO - [2026-05-19T13:26:18.132+0000] {dag.py:3954} INFO - Setting next_dagrun for example_params_ui_tutorial to None, run_after=None
[2026-05-19T13:26:18.165+0000] {processor.py:183} INFO - Processing /home/airflow/.local/lib/python3.12/site-packages/airflow/example_dags/example_params_ui_tutorial.py took 0.128 seconds
[2026-05-19T13:26:48.401+0000] {processor.py:161} INFO - Started process (PID=252) to work on /home/airflow/.local/lib/python3.12/site-packages/airflow/example_dags/example_params_ui_tutorial.py
[2026-05-19T13:26:48.403+0000] {processor.py:830} INFO - Processing file /home/airflow/.local/lib/python3.12/site-packages/airflow/example_dags/example_params_ui_tutorial.py for tasks to queue
[2026-05-19T13:26:48.409+0000] {logging_mixin.py:188} INFO - [2026-05-19T13:26:48.406+0000] {dagbag.py:545} INFO - Filling up the DagBag from /home/airflow/.local/lib/python3.12/site-packages/airflow/example_dags/example_params_ui_tutorial.py
[2026-05-19T13:26:48.480+0000] {processor.py:840} INFO - DAG(s) 'example_params_ui_tutorial' retrieved from /home/airflow/.local/lib/python3.12/site-packages/airflow/example_dags/example_params_ui_tutorial.py
[2026-05-19T13:26:48.742+0000] {logging_mixin.py:188} INFO - [2026-05-19T13:26:48.741+0000] {dag.py:3096} INFO - Sync 1 DAGs
[2026-05-19T13:26:48.794+0000] {logging_mixin.py:188} INFO - [2026-05-19T13:26:48.793+0000] {dag.py:3954} INFO - Setting next_dagrun for example_params_ui_tutorial to None, run_after=None
[2026-05-19T13:26:48.866+0000] {processor.py:183} INFO - Processing /home/airflow/.local/lib/python3.12/site-packages/airflow/example_dags/example_params_ui_tutorial.py took 0.473 seconds
[2026-05-19T13:27:19.558+0000] {processor.py:161} INFO - Started process (PID=310) to work on /home/airflow/.local/lib/python3.12/site-packages/airflow/example_dags/example_params_ui_tutorial.py
[2026-05-19T13:27:19.559+0000] {processor.py:830} INFO - Processing file /home/airflow/.local/lib/python3.12/site-packages/airflow/example_dags/example_params_ui_tutorial.py for tasks to queue
[2026-05-19T13:27:19.562+0000] {logging_mixin.py:188} INFO - [2026-05-19T13:27:19.562+0000] {dagbag.py:545} INFO - Filling up the DagBag from /home/airflow/.local/lib/python3.12/site-packages/airflow/example_dags/example_params_ui_tutorial.py
[2026-05-19T13:27:19.580+0000] {processor.py:840} INFO - DAG(s) 'example_params_ui_tutorial' retrieved from /home/airflow/.local/lib/python3.12/site-packages/airflow/example_dags/example_params_ui_tutorial.py
[2026-05-19T13:27:19.648+0000] {logging_mixin.py:188} INFO - [2026-05-19T13:27:19.648+0000] {dag.py:3096} INFO - Sync 1 DAGs
[2026-05-19T13:27:19.672+0000] {logging_mixin.py:188} INFO - [2026-05-19T13:27:19.671+0000] {dag.py:3954} INFO - Setting next_dagrun for example_params_ui_tutorial to None, run_after=None
[2026-05-19T13:27:19.705+0000] {processor.py:183} INFO - Processing /home/airflow/.local/lib/python3.12/site-packages/airflow/example_dags/example_params_ui_tutorial.py took 0.153 seconds
[2026-05-19T13:27:50.305+0000] {processor.py:161} INFO - Started process (PID=368) to work on /home/airflow/.local/lib/python3.12/site-packages/airflow/example_dags/example_params_ui_tutorial.py
[2026-05-19T13:27:50.306+0000] {processor.py:830} INFO - Processing file /home/airflow/.local/lib/python3.12/site-packages/airflow/example_dags/example_params_ui_tutorial.py for tasks to queue
[2026-05-19T13:27:50.310+0000] {logging_mixin.py:188} INFO - [2026-05-19T13:27:50.310+0000] {dagbag.py:545} INFO - Filling up the DagBag from /home/airflow/.local/lib/python3.12/site-packages/airflow/example_dags/example_params_ui_tutorial.py
[2026-05-19T13:27:50.333+0000] {processor.py:840} INFO - DAG(s) 'example_params_ui_tutorial' retrieved from /home/airflow/.local/lib/python3.12/site-packages/airflow/example_dags/example_params_ui_tutorial.py
[2026-05-19T13:27:50.403+0000] {logging_mixin.py:188} INFO - [2026-05-19T13:27:50.402+0000] {dag.py:3096} INFO - Sync 1 DAGs
[2026-05-19T13:27:50.421+0000] {logging_mixin.py:188} INFO - [2026-05-19T13:27:50.420+0000] {dag.py:3954} INFO - Setting next_dagrun for example_params_ui_tutorial to None, run_after=None
[2026-05-19T13:27:50.456+0000] {processor.py:183} INFO - Processing /home/airflow/.local/lib/python3.12/site-packages/airflow/example_dags/example_params_ui_tutorial.py took 0.160 seconds
[2026-05-19T13:28:20.740+0000] {processor.py:161} INFO - Started process (PID=425) to work on /home/airflow/.local/lib/python3.12/site-packages/airflow/example_dags/example_params_ui_tutorial.py
[2026-05-19T13:28:20.742+0000] {processor.py:830} INFO - Processing file /home/airflow/.local/lib/python3.12/site-packages/airflow/example_dags/example_params_ui_tutorial.py for tasks to queue
[2026-05-19T13:28:20.746+0000] {logging_mixin.py:188} INFO - [2026-05-19T13:28:20.745+0000] {dagbag.py:545} INFO - Filling up the DagBag from /home/airflow/.local/lib/python3.12/site-packages/airflow/example_dags/example_params_ui_tutorial.py
[2026-05-19T13:28:20.771+0000] {processor.py:840} INFO - DAG(s) 'example_params_ui_tutorial' retrieved from /home/airflow/.local/lib/python3.12/site-packages/airflow/example_dags/example_params_ui_tutorial.py
[2026-05-19T13:28:20.845+0000] {logging_mixin.py:188} INFO - [2026-05-19T13:28:20.845+0000] {dag.py:3096} INFO - Sync 1 DAGs
[2026-05-19T13:28:20.870+0000] {logging_mixin.py:188} INFO - [2026-05-19T13:28:20.870+0000] {dag.py:3954} INFO - Setting next_dagrun for example_params_ui_tutorial to None, run_after=None
[2026-05-19T13:28:20.905+0000] {processor.py:183} INFO - Processing /home/airflow/.local/lib/python3.12/site-packages/airflow/example_dags/example_params_ui_tutorial.py took 0.174 seconds
[2026-05-19T13:28:51.086+0000] {processor.py:161} INFO - Started process (PID=483) to work on /home/airflow/.local/lib/python3.12/site-packages/airflow/example_dags/example_params_ui_tutorial.py
[2026-05-19T13:28:51.090+0000] {processor.py:830} INFO - Processing file /home/airflow/.local/lib/python3.12/site-packages/airflow/example_dags/example_params_ui_tutorial.py for tasks to queue
[2026-05-19T13:28:51.094+0000] {logging_mixin.py:188} INFO - [2026-05-19T13:28:51.094+0000] {dagbag.py:545} INFO - Filling up the DagBag from /home/airflow/.local/lib/python3.12/site-packages/airflow/example_dags/example_params_ui_tutorial.py
[2026-05-19T13:28:51.111+0000] {processor.py:840} INFO - DAG(s) 'example_params_ui_tutorial' retrieved from /home/airflow/.local/lib/python3.12/site-packages/airflow/example_dags/example_params_ui_tutorial.py
[2026-05-19T13:28:51.192+0000] {logging_mixin.py:188} INFO - [2026-05-19T13:28:51.192+0000] {dag.py:3096} INFO - Sync 1 DAGs
[2026-05-19T13:28:51.218+0000] {logging_mixin.py:188} INFO - [2026-05-19T13:28:51.217+0000] {dag.py:3954} INFO - Setting next_dagrun for example_params_ui_tutorial to None, run_after=None
[2026-05-19T13:28:51.266+0000] {processor.py:183} INFO - Processing /home/airflow/.local/lib/python3.12/site-packages/airflow/example_dags/example_params_ui_tutorial.py took 0.189 seconds
[2026-05-19T13:29:21.330+0000] {processor.py:161} INFO - Started process (PID=541) to work on /home/airflow/.local/lib/python3.12/site-packages/airflow/example_dags/example_params_ui_tutorial.py
[2026-05-19T13:29:21.332+0000] {processor.py:830} INFO - Processing file /home/airflow/.local/lib/python3.12/site-packages/airflow/example_dags/example_params_ui_tutorial.py for tasks to queue
[2026-05-19T13:29:21.335+0000] {logging_mixin.py:188} INFO - [2026-05-19T13:29:21.335+0000] {dagbag.py:545} INFO - Filling up the DagBag from /home/airflow/.local/lib/python3.12/site-packages/airflow/example_dags/example_params_ui_tutorial.py
[2026-05-19T13:29:21.351+0000] {processor.py:840} INFO - DAG(s) 'example_params_ui_tutorial' retrieved from /home/airflow/.local/lib/python3.12/site-packages/airflow/example_dags/example_params_ui_tutorial.py
[2026-05-19T13:29:21.408+0000] {logging_mixin.py:188} INFO - [2026-05-19T13:29:21.408+0000] {dag.py:3096} INFO - Sync 1 DAGs
[2026-05-19T13:29:21.428+0000] {logging_mixin.py:188} INFO - [2026-05-19T13:29:21.428+0000] {dag.py:3954} INFO - Setting next_dagrun for example_params_ui_tutorial to None, run_after=None
[2026-05-19T13:29:21.455+0000] {processor.py:183} INFO - Processing /home/airflow/.local/lib/python3.12/site-packages/airflow/example_dags/example_params_ui_tutorial.py took 0.132 seconds
[2026-05-19T13:30:49.826+0000] {processor.py:161} INFO - Started process (PID=80) to work on /home/airflow/.local/lib/python3.12/site-packages/airflow/example_dags/example_params_ui_tutorial.py
[2026-05-19T13:30:49.829+0000] {processor.py:830} INFO - Processing file /home/airflow/.local/lib/python3.12/site-packages/airflow/example_dags/example_params_ui_tutorial.py for tasks to queue
[2026-05-19T13:30:49.837+0000] {logging_mixin.py:188} INFO - [2026-05-19T13:30:49.833+0000] {dagbag.py:545} INFO - Filling up the DagBag from /home/airflow/.local/lib/python3.12/site-packages/airflow/example_dags/example_params_ui_tutorial.py
[2026-05-19T13:30:49.894+0000] {processor.py:840} INFO - DAG(s) 'example_params_ui_tutorial' retrieved from /home/airflow/.local/lib/python3.12/site-packages/airflow/example_dags/example_params_ui_tutorial.py
[2026-05-19T13:30:50.562+0000] {logging_mixin.py:188} INFO - [2026-05-19T13:30:50.561+0000] {dag.py:3096} INFO - Sync 1 DAGs
[2026-05-19T13:30:50.619+0000] {logging_mixin.py:188} INFO - [2026-05-19T13:30:50.619+0000] {dag.py:3954} INFO - Setting next_dagrun for example_params_ui_tutorial to None, run_after=None
[2026-05-19T13:30:50.763+0000] {processor.py:183} INFO - Processing /home/airflow/.local/lib/python3.12/site-packages/airflow/example_dags/example_params_ui_tutorial.py took 0.952 seconds
[2026-05-19T13:31:21.659+0000] {processor.py:161} INFO - Started process (PID=139) to work on /home/airflow/.local/lib/python3.12/site-packages/airflow/example_dags/example_params_ui_tutorial.py
[2026-05-19T13:31:21.661+0000] {processor.py:830} INFO - Processing file /home/airflow/.local/lib/python3.12/site-packages/airflow/example_dags/example_params_ui_tutorial.py for tasks to queue
[2026-05-19T13:31:21.663+0000] {logging_mixin.py:188} INFO - [2026-05-19T13:31:21.663+0000] {dagbag.py:545} INFO - Filling up the DagBag from /home/airflow/.local/lib/python3.12/site-packages/airflow/example_dags/example_params_ui_tutorial.py
[2026-05-19T13:31:21.678+0000] {processor.py:840} INFO - DAG(s) 'example_params_ui_tutorial' retrieved from /home/airflow/.local/lib/python3.12/site-packages/airflow/example_dags/example_params_ui_tutorial.py
[2026-05-19T13:31:21.725+0000] {logging_mixin.py:188} INFO - [2026-05-19T13:31:21.724+0000] {dag.py:3096} INFO - Sync 1 DAGs
[2026-05-19T13:31:21.745+0000] {logging_mixin.py:188} INFO - [2026-05-19T13:31:21.745+0000] {dag.py:3954} INFO - Setting next_dagrun for example_params_ui_tutorial to None, run_after=None
[2026-05-19T13:31:21.769+0000] {processor.py:183} INFO - Processing /home/airflow/.local/lib/python3.12/site-packages/airflow/example_dags/example_params_ui_tutorial.py took 0.115 seconds
[2026-05-19T13:31:51.847+0000] {processor.py:161} INFO - Started process (PID=198) to work on /home/airflow/.local/lib/python3.12/site-packages/airflow/example_dags/example_params_ui_tutorial.py
[2026-05-19T13:31:51.848+0000] {processor.py:830} INFO - Processing file /home/airflow/.local/lib/python3.12/site-packages/airflow/example_dags/example_params_ui_tutorial.py for tasks to queue
[2026-05-19T13:31:51.851+0000] {logging_mixin.py:188} INFO - [2026-05-19T13:31:51.850+0000] {dagbag.py:545} INFO - Filling up the DagBag from /home/airflow/.local/lib/python3.12/site-packages/airflow/example_dags/example_params_ui_tutorial.py
[2026-05-19T13:31:51.865+0000] {processor.py:840} INFO - DAG(s) 'example_params_ui_tutorial' retrieved from /home/airflow/.local/lib/python3.12/site-packages/airflow/example_dags/example_params_ui_tutorial.py
[2026-05-19T13:31:51.923+0000] {logging_mixin.py:188} INFO - [2026-05-19T13:31:51.923+0000] {dag.py:3096} INFO - Sync 1 DAGs
[2026-05-19T13:31:51.937+0000] {logging_mixin.py:188} INFO - [2026-05-19T13:31:51.937+0000] {dag.py:3954} INFO - Setting next_dagrun for example_params_ui_tutorial to None, run_after=None
[2026-05-19T13:31:51.968+0000] {processor.py:183} INFO - Processing /home/airflow/.local/lib/python3.12/site-packages/airflow/example_dags/example_params_ui_tutorial.py took 0.129 seconds
[2026-05-19T13:32:22.208+0000] {processor.py:161} INFO - Started process (PID=257) to work on /home/airflow/.local/lib/python3.12/site-packages/airflow/example_dags/example_params_ui_tutorial.py
[2026-05-19T13:32:22.211+0000] {processor.py:830} INFO - Processing file /home/airflow/.local/lib/python3.12/site-packages/airflow/example_dags/example_params_ui_tutorial.py for tasks to queue
[2026-05-19T13:32:22.215+0000] {logging_mixin.py:188} INFO - [2026-05-19T13:32:22.214+0000] {dagbag.py:545} INFO - Filling up the DagBag from /home/airflow/.local/lib/python3.12/site-packages/airflow/example_dags/example_params_ui_tutorial.py
[2026-05-19T13:32:22.232+0000] {processor.py:840} INFO - DAG(s) 'example_params_ui_tutorial' retrieved from /home/airflow/.local/lib/python3.12/site-packages/airflow/example_dags/example_params_ui_tutorial.py
[2026-05-19T13:32:22.328+0000] {logging_mixin.py:188} INFO - [2026-05-19T13:32:22.328+0000] {dag.py:3096} INFO - Sync 1 DAGs
[2026-05-19T13:32:22.356+0000] {logging_mixin.py:188} INFO - [2026-05-19T13:32:22.356+0000] {dag.py:3954} INFO - Setting next_dagrun for example_params_ui_tutorial to None, run_after=None
[2026-05-19T13:32:22.394+0000] {processor.py:183} INFO - Processing /home/airflow/.local/lib/python3.12/site-packages/airflow/example_dags/example_params_ui_tutorial.py took 0.194 seconds
[2026-05-19T13:32:53.357+0000] {processor.py:161} INFO - Started process (PID=316) to work on /home/airflow/.local/lib/python3.12/site-packages/airflow/example_dags/example_params_ui_tutorial.py
[2026-05-19T13:32:53.360+0000] {processor.py:830} INFO - Processing file /home/airflow/.local/lib/python3.12/site-packages/airflow/example_dags/example_params_ui_tutorial.py for tasks to queue
[2026-05-19T13:32:53.365+0000] {logging_mixin.py:188} INFO - [2026-05-19T13:32:53.364+0000] {dagbag.py:545} INFO - Filling up the DagBag from /home/airflow/.local/lib/python3.12/site-packages/airflow/example_dags/example_params_ui_tutorial.py
[2026-05-19T13:32:53.438+0000] {processor.py:840} INFO - DAG(s) 'example_params_ui_tutorial' retrieved from /home/airflow/.local/lib/python3.12/site-packages/airflow/example_dags/example_params_ui_tutorial.py
[2026-05-19T13:32:53.741+0000] {logging_mixin.py:188} INFO - [2026-05-19T13:32:53.739+0000] {dag.py:3096} INFO - Sync 1 DAGs
[2026-05-19T13:32:53.794+0000] {logging_mixin.py:188} INFO - [2026-05-19T13:32:53.794+0000] {dag.py:3954} INFO - Setting next_dagrun for example_params_ui_tutorial to None, run_after=None
[2026-05-19T13:32:53.858+0000] {processor.py:183} INFO - Processing /home/airflow/.local/lib/python3.12/site-packages/airflow/example_dags/example_params_ui_tutorial.py took 0.522 seconds
[2026-05-19T13:33:24.482+0000] {processor.py:161} INFO - Started process (PID=375) to work on /home/airflow/.local/lib/python3.12/site-packages/airflow/example_dags/example_params_ui_tutorial.py
[2026-05-19T13:33:24.484+0000] {processor.py:830} INFO - Processing file /home/airflow/.local/lib/python3.12/site-packages/airflow/example_dags/example_params_ui_tutorial.py for tasks to queue
[2026-05-19T13:33:24.487+0000] {logging_mixin.py:188} INFO - [2026-05-19T13:33:24.487+0000] {dagbag.py:545} INFO - Filling up the DagBag from /home/airflow/.local/lib/python3.12/site-packages/airflow/example_dags/example_params_ui_tutorial.py
[2026-05-19T13:33:24.502+0000] {processor.py:840} INFO - DAG(s) 'example_params_ui_tutorial' retrieved from /home/airflow/.local/lib/python3.12/site-packages/airflow/example_dags/example_params_ui_tutorial.py
[2026-05-19T13:33:24.615+0000] {logging_mixin.py:188} INFO - [2026-05-19T13:33:24.614+0000] {dag.py:3096} INFO - Sync 1 DAGs
[2026-05-19T13:33:24.633+0000] {logging_mixin.py:188} INFO - [2026-05-19T13:33:24.633+0000] {dag.py:3954} INFO - Setting next_dagrun for example_params_ui_tutorial to None, run_after=None
[2026-05-19T13:33:24.668+0000] {processor.py:183} INFO - Processing /home/airflow/.local/lib/python3.12/site-packages/airflow/example_dags/example_params_ui_tutorial.py took 0.192 seconds
[2026-05-19T13:33:54.857+0000] {processor.py:161} INFO - Started process (PID=435) to work on /home/airflow/.local/lib/python3.12/site-packages/airflow/example_dags/example_params_ui_tutorial.py
[2026-05-19T13:33:54.859+0000] {processor.py:830} INFO - Processing file /home/airflow/.local/lib/python3.12/site-packages/airflow/example_dags/example_params_ui_tutorial.py for tasks to queue
[2026-05-19T13:33:54.864+0000] {logging_mixin.py:188} INFO - [2026-05-19T13:33:54.863+0000] {dagbag.py:545} INFO - Filling up the DagBag from /home/airflow/.local/lib/python3.12/site-packages/airflow/example_dags/example_params_ui_tutorial.py
[2026-05-19T13:33:54.877+0000] {processor.py:840} INFO - DAG(s) 'example_params_ui_tutorial' retrieved from /home/airflow/.local/lib/python3.12/site-packages/airflow/example_dags/example_params_ui_tutorial.py
[2026-05-19T13:33:54.934+0000] {logging_mixin.py:188} INFO - [2026-05-19T13:33:54.934+0000] {dag.py:3096} INFO - Sync 1 DAGs
[2026-05-19T13:33:54.952+0000] {logging_mixin.py:188} INFO - [2026-05-19T13:33:54.951+0000] {dag.py:3954} INFO - Setting next_dagrun for example_params_ui_tutorial to None, run_after=None
[2026-05-19T13:33:54.977+0000] {processor.py:183} INFO - Processing /home/airflow/.local/lib/python3.12/site-packages/airflow/example_dags/example_params_ui_tutorial.py took 0.130 seconds
[2026-05-19T13:34:25.146+0000] {processor.py:161} INFO - Started process (PID=494) to work on /home/airflow/.local/lib/python3.12/site-packages/airflow/example_dags/example_params_ui_tutorial.py
[2026-05-19T13:34:25.149+0000] {processor.py:830} INFO - Processing file /home/airflow/.local/lib/python3.12/site-packages/airflow/example_dags/example_params_ui_tutorial.py for tasks to queue
[2026-05-19T13:34:25.155+0000] {logging_mixin.py:188} INFO - [2026-05-19T13:34:25.154+0000] {dagbag.py:545} INFO - Filling up the DagBag from /home/airflow/.local/lib/python3.12/site-packages/airflow/example_dags/example_params_ui_tutorial.py
[2026-05-19T13:34:25.171+0000] {processor.py:840} INFO - DAG(s) 'example_params_ui_tutorial' retrieved from /home/airflow/.local/lib/python3.12/site-packages/airflow/example_dags/example_params_ui_tutorial.py
[2026-05-19T13:34:25.222+0000] {logging_mixin.py:188} INFO - [2026-05-19T13:34:25.222+0000] {dag.py:3096} INFO - Sync 1 DAGs
[2026-05-19T13:34:25.234+0000] {logging_mixin.py:188} INFO - [2026-05-19T13:34:25.233+0000] {dag.py:3954} INFO - Setting next_dagrun for example_params_ui_tutorial to None, run_after=None
[2026-05-19T13:34:25.255+0000] {processor.py:183} INFO - Processing /home/airflow/.local/lib/python3.12/site-packages/airflow/example_dags/example_params_ui_tutorial.py took 0.119 seconds
[2026-05-19T13:34:55.894+0000] {processor.py:161} INFO - Started process (PID=552) to work on /home/airflow/.local/lib/python3.12/site-packages/airflow/example_dags/example_params_ui_tutorial.py
[2026-05-19T13:34:55.896+0000] {processor.py:830} INFO - Processing file /home/airflow/.local/lib/python3.12/site-packages/airflow/example_dags/example_params_ui_tutorial.py for tasks to queue
[2026-05-19T13:34:55.900+0000] {logging_mixin.py:188} INFO - [2026-05-19T13:34:55.899+0000] {dagbag.py:545} INFO - Filling up the DagBag from /home/airflow/.local/lib/python3.12/site-packages/airflow/example_dags/example_params_ui_tutorial.py
[2026-05-19T13:34:55.919+0000] {processor.py:840} INFO - DAG(s) 'example_params_ui_tutorial' retrieved from /home/airflow/.local/lib/python3.12/site-packages/airflow/example_dags/example_params_ui_tutorial.py
[2026-05-19T13:34:55.975+0000] {logging_mixin.py:188} INFO - [2026-05-19T13:34:55.974+0000] {dag.py:3096} INFO - Sync 1 DAGs
[2026-05-19T13:34:55.989+0000] {logging_mixin.py:188} INFO - [2026-05-19T13:34:55.988+0000] {dag.py:3954} INFO - Setting next_dagrun for example_params_ui_tutorial to None, run_after=None
[2026-05-19T13:34:56.010+0000] {processor.py:183} INFO - Processing /home/airflow/.local/lib/python3.12/site-packages/airflow/example_dags/example_params_ui_tutorial.py took 0.122 seconds
[2026-05-19T13:35:26.753+0000] {processor.py:161} INFO - Started process (PID=611) to work on /home/airflow/.local/lib/python3.12/site-packages/airflow/example_dags/example_params_ui_tutorial.py
[2026-05-19T13:35:26.754+0000] {processor.py:830} INFO - Processing file /home/airflow/.local/lib/python3.12/site-packages/airflow/example_dags/example_params_ui_tutorial.py for tasks to queue
[2026-05-19T13:35:26.757+0000] {logging_mixin.py:188} INFO - [2026-05-19T13:35:26.756+0000] {dagbag.py:545} INFO - Filling up the DagBag from /home/airflow/.local/lib/python3.12/site-packages/airflow/example_dags/example_params_ui_tutorial.py
[2026-05-19T13:35:26.769+0000] {processor.py:840} INFO - DAG(s) 'example_params_ui_tutorial' retrieved from /home/airflow/.local/lib/python3.12/site-packages/airflow/example_dags/example_params_ui_tutorial.py
[2026-05-19T13:35:26.829+0000] {logging_mixin.py:188} INFO - [2026-05-19T13:35:26.828+0000] {dag.py:3096} INFO - Sync 1 DAGs
[2026-05-19T13:35:26.847+0000] {logging_mixin.py:188} INFO - [2026-05-19T13:35:26.846+0000] {dag.py:3954} INFO - Setting next_dagrun for example_params_ui_tutorial to None, run_after=None
[2026-05-19T13:35:26.875+0000] {processor.py:183} INFO - Processing /home/airflow/.local/lib/python3.12/site-packages/airflow/example_dags/example_params_ui_tutorial.py took 0.129 seconds
[2026-05-19T13:35:57.510+0000] {processor.py:161} INFO - Started process (PID=670) to work on /home/airflow/.local/lib/python3.12/site-packages/airflow/example_dags/example_params_ui_tutorial.py
[2026-05-19T13:35:57.511+0000] {processor.py:830} INFO - Processing file /home/airflow/.local/lib/python3.12/site-packages/airflow/example_dags/example_params_ui_tutorial.py for tasks to queue
[2026-05-19T13:35:57.514+0000] {logging_mixin.py:188} INFO - [2026-05-19T13:35:57.514+0000] {dagbag.py:545} INFO - Filling up the DagBag from /home/airflow/.local/lib/python3.12/site-packages/airflow/example_dags/example_params_ui_tutorial.py
[2026-05-19T13:35:57.529+0000] {processor.py:840} INFO - DAG(s) 'example_params_ui_tutorial' retrieved from /home/airflow/.local/lib/python3.12/site-packages/airflow/example_dags/example_params_ui_tutorial.py
[2026-05-19T13:35:57.593+0000] {logging_mixin.py:188} INFO - [2026-05-19T13:35:57.592+0000] {dag.py:3096} INFO - Sync 1 DAGs
[2026-05-19T13:35:57.608+0000] {logging_mixin.py:188} INFO - [2026-05-19T13:35:57.608+0000] {dag.py:3954} INFO - Setting next_dagrun for example_params_ui_tutorial to None, run_after=None
[2026-05-19T13:35:57.631+0000] {processor.py:183} INFO - Processing /home/airflow/.local/lib/python3.12/site-packages/airflow/example_dags/example_params_ui_tutorial.py took 0.127 seconds
[2026-05-19T13:36:28.041+0000] {processor.py:161} INFO - Started process (PID=729) to work on /home/airflow/.local/lib/python3.12/site-packages/airflow/example_dags/example_params_ui_tutorial.py
[2026-05-19T13:36:28.043+0000] {processor.py:830} INFO - Processing file /home/airflow/.local/lib/python3.12/site-packages/airflow/example_dags/example_params_ui_tutorial.py for tasks to queue
[2026-05-19T13:36:28.047+0000] {logging_mixin.py:188} INFO - [2026-05-19T13:36:28.046+0000] {dagbag.py:545} INFO - Filling up the DagBag from /home/airflow/.local/lib/python3.12/site-packages/airflow/example_dags/example_params_ui_tutorial.py
[2026-05-19T13:36:28.061+0000] {processor.py:840} INFO - DAG(s) 'example_params_ui_tutorial' retrieved from /home/airflow/.local/lib/python3.12/site-packages/airflow/example_dags/example_params_ui_tutorial.py
[2026-05-19T13:36:28.116+0000] {logging_mixin.py:188} INFO - [2026-05-19T13:36:28.116+0000] {dag.py:3096} INFO - Sync 1 DAGs
[2026-05-19T13:36:28.135+0000] {logging_mixin.py:188} INFO - [2026-05-19T13:36:28.135+0000] {dag.py:3954} INFO - Setting next_dagrun for example_params_ui_tutorial to None, run_after=None
[2026-05-19T13:36:28.160+0000] {processor.py:183} INFO - Processing /home/airflow/.local/lib/python3.12/site-packages/airflow/example_dags/example_params_ui_tutorial.py took 0.124 seconds
[2026-05-19T13:36:58.740+0000] {processor.py:161} INFO - Started process (PID=788) to work on /home/airflow/.local/lib/python3.12/site-packages/airflow/example_dags/example_params_ui_tutorial.py
[2026-05-19T13:36:58.743+0000] {processor.py:830} INFO - Processing file /home/airflow/.local/lib/python3.12/site-packages/airflow/example_dags/example_params_ui_tutorial.py for tasks to queue
[2026-05-19T13:36:58.748+0000] {logging_mixin.py:188} INFO - [2026-05-19T13:36:58.747+0000] {dagbag.py:545} INFO - Filling up the DagBag from /home/airflow/.local/lib/python3.12/site-packages/airflow/example_dags/example_params_ui_tutorial.py
[2026-05-19T13:36:58.775+0000] {processor.py:840} INFO - DAG(s) 'example_params_ui_tutorial' retrieved from /home/airflow/.local/lib/python3.12/site-packages/airflow/example_dags/example_params_ui_tutorial.py
[2026-05-19T13:36:58.873+0000] {logging_mixin.py:188} INFO - [2026-05-19T13:36:58.872+0000] {dag.py:3096} INFO - Sync 1 DAGs
[2026-05-19T13:36:58.902+0000] {logging_mixin.py:188} INFO - [2026-05-19T13:36:58.902+0000] {dag.py:3954} INFO - Setting next_dagrun for example_params_ui_tutorial to None, run_after=None
[2026-05-19T13:36:58.943+0000] {processor.py:183} INFO - Processing /home/airflow/.local/lib/python3.12/site-packages/airflow/example_dags/example_params_ui_tutorial.py took 0.216 seconds
[2026-05-19T13:37:29.349+0000] {processor.py:161} INFO - Started process (PID=847) to work on /home/airflow/.local/lib/python3.12/site-packages/airflow/example_dags/example_params_ui_tutorial.py
[2026-05-19T13:37:29.351+0000] {processor.py:830} INFO - Processing file /home/airflow/.local/lib/python3.12/site-packages/airflow/example_dags/example_params_ui_tutorial.py for tasks to queue
[2026-05-19T13:37:29.354+0000] {logging_mixin.py:188} INFO - [2026-05-19T13:37:29.354+0000] {dagbag.py:545} INFO - Filling up the DagBag from /home/airflow/.local/lib/python3.12/site-packages/airflow/example_dags/example_params_ui_tutorial.py
[2026-05-19T13:37:29.371+0000] {processor.py:840} INFO - DAG(s) 'example_params_ui_tutorial' retrieved from /home/airflow/.local/lib/python3.12/site-packages/airflow/example_dags/example_params_ui_tutorial.py
[2026-05-19T13:37:29.438+0000] {logging_mixin.py:188} INFO - [2026-05-19T13:37:29.438+0000] {dag.py:3096} INFO - Sync 1 DAGs
[2026-05-19T13:37:29.461+0000] {logging_mixin.py:188} INFO - [2026-05-19T13:37:29.460+0000] {dag.py:3954} INFO - Setting next_dagrun for example_params_ui_tutorial to None, run_after=None
[2026-05-19T13:37:29.501+0000] {processor.py:183} INFO - Processing /home/airflow/.local/lib/python3.12/site-packages/airflow/example_dags/example_params_ui_tutorial.py took 0.159 seconds
[2026-05-19T13:37:59.656+0000] {processor.py:161} INFO - Started process (PID=906) to work on /home/airflow/.local/lib/python3.12/site-packages/airflow/example_dags/example_params_ui_tutorial.py
[2026-05-19T13:37:59.657+0000] {processor.py:830} INFO - Processing file /home/airflow/.local/lib/python3.12/site-packages/airflow/example_dags/example_params_ui_tutorial.py for tasks to queue
[2026-05-19T13:37:59.660+0000] {logging_mixin.py:188} INFO - [2026-05-19T13:37:59.659+0000] {dagbag.py:545} INFO - Filling up the DagBag from /home/airflow/.local/lib/python3.12/site-packages/airflow/example_dags/example_params_ui_tutorial.py
[2026-05-19T13:37:59.672+0000] {processor.py:840} INFO - DAG(s) 'example_params_ui_tutorial' retrieved from /home/airflow/.local/lib/python3.12/site-packages/airflow/example_dags/example_params_ui_tutorial.py
[2026-05-19T13:37:59.732+0000] {logging_mixin.py:188} INFO - [2026-05-19T13:37:59.732+0000] {dag.py:3096} INFO - Sync 1 DAGs
[2026-05-19T13:37:59.745+0000] {logging_mixin.py:188} INFO - [2026-05-19T13:37:59.744+0000] {dag.py:3954} INFO - Setting next_dagrun for example_params_ui_tutorial to None, run_after=None
[2026-05-19T13:37:59.776+0000] {processor.py:183} INFO - Processing /home/airflow/.local/lib/python3.12/site-packages/airflow/example_dags/example_params_ui_tutorial.py took 0.126 seconds
[2026-05-19T13:38:30.101+0000] {processor.py:161} INFO - Started process (PID=966) to work on /home/airflow/.local/lib/python3.12/site-packages/airflow/example_dags/example_params_ui_tutorial.py
[2026-05-19T13:38:30.105+0000] {processor.py:830} INFO - Processing file /home/airflow/.local/lib/python3.12/site-packages/airflow/example_dags/example_params_ui_tutorial.py for tasks to queue
[2026-05-19T13:38:30.110+0000] {logging_mixin.py:188} INFO - [2026-05-19T13:38:30.109+0000] {dagbag.py:545} INFO - Filling up the DagBag from /home/airflow/.local/lib/python3.12/site-packages/airflow/example_dags/example_params_ui_tutorial.py
[2026-05-19T13:38:30.134+0000] {processor.py:840} INFO - DAG(s) 'example_params_ui_tutorial' retrieved from /home/airflow/.local/lib/python3.12/site-packages/airflow/example_dags/example_params_ui_tutorial.py
[2026-05-19T13:38:30.234+0000] {logging_mixin.py:188} INFO - [2026-05-19T13:38:30.232+0000] {dag.py:3096} INFO - Sync 1 DAGs
[2026-05-19T13:38:30.261+0000] {logging_mixin.py:188} INFO - [2026-05-19T13:38:30.261+0000] {dag.py:3954} INFO - Setting next_dagrun for example_params_ui_tutorial to None, run_after=None
[2026-05-19T13:38:30.309+0000] {processor.py:183} INFO - Processing /home/airflow/.local/lib/python3.12/site-packages/airflow/example_dags/example_params_ui_tutorial.py took 0.219 seconds
[2026-05-19T13:39:00.601+0000] {processor.py:161} INFO - Started process (PID=1026) to work on /home/airflow/.local/lib/python3.12/site-packages/airflow/example_dags/example_params_ui_tutorial.py
[2026-05-19T13:39:00.603+0000] {processor.py:830} INFO - Processing file /home/airflow/.local/lib/python3.12/site-packages/airflow/example_dags/example_params_ui_tutorial.py for tasks to queue
[2026-05-19T13:39:00.608+0000] {logging_mixin.py:188} INFO - [2026-05-19T13:39:00.606+0000] {dagbag.py:545} INFO - Filling up the DagBag from /home/airflow/.local/lib/python3.12/site-packages/airflow/example_dags/example_params_ui_tutorial.py
[2026-05-19T13:39:00.626+0000] {processor.py:840} INFO - DAG(s) 'example_params_ui_tutorial' retrieved from /home/airflow/.local/lib/python3.12/site-packages/airflow/example_dags/example_params_ui_tutorial.py
[2026-05-19T13:39:00.741+0000] {logging_mixin.py:188} INFO - [2026-05-19T13:39:00.740+0000] {dag.py:3096} INFO - Sync 1 DAGs
[2026-05-19T13:39:00.774+0000] {logging_mixin.py:188} INFO - [2026-05-19T13:39:00.773+0000] {dag.py:3954} INFO - Setting next_dagrun for example_params_ui_tutorial to None, run_after=None
[2026-05-19T13:39:00.819+0000] {processor.py:183} INFO - Processing /home/airflow/.local/lib/python3.12/site-packages/airflow/example_dags/example_params_ui_tutorial.py took 0.229 seconds
[2026-05-19T13:39:31.820+0000] {processor.py:161} INFO - Started process (PID=1085) to work on /home/airflow/.local/lib/python3.12/site-packages/airflow/example_dags/example_params_ui_tutorial.py
[2026-05-19T13:39:31.822+0000] {processor.py:830} INFO - Processing file /home/airflow/.local/lib/python3.12/site-packages/airflow/example_dags/example_params_ui_tutorial.py for tasks to queue
[2026-05-19T13:39:31.825+0000] {logging_mixin.py:188} INFO - [2026-05-19T13:39:31.824+0000] {dagbag.py:545} INFO - Filling up the DagBag from /home/airflow/.local/lib/python3.12/site-packages/airflow/example_dags/example_params_ui_tutorial.py
[2026-05-19T13:39:31.841+0000] {processor.py:840} INFO - DAG(s) 'example_params_ui_tutorial' retrieved from /home/airflow/.local/lib/python3.12/site-packages/airflow/example_dags/example_params_ui_tutorial.py
[2026-05-19T13:39:31.914+0000] {logging_mixin.py:188} INFO - [2026-05-19T13:39:31.914+0000] {dag.py:3096} INFO - Sync 1 DAGs
[2026-05-19T13:39:31.933+0000] {logging_mixin.py:188} INFO - [2026-05-19T13:39:31.932+0000] {dag.py:3954} INFO - Setting next_dagrun for example_params_ui_tutorial to None, run_after=None
[2026-05-19T13:39:31.969+0000] {processor.py:183} INFO - Processing /home/airflow/.local/lib/python3.12/site-packages/airflow/example_dags/example_params_ui_tutorial.py took 0.157 seconds
[2026-05-19T13:40:02.284+0000] {processor.py:161} INFO - Started process (PID=1144) to work on /home/airflow/.local/lib/python3.12/site-packages/airflow/example_dags/example_params_ui_tutorial.py
[2026-05-19T13:40:02.286+0000] {processor.py:830} INFO - Processing file /home/airflow/.local/lib/python3.12/site-packages/airflow/example_dags/example_params_ui_tutorial.py for tasks to queue
[2026-05-19T13:40:02.290+0000] {logging_mixin.py:188} INFO - [2026-05-19T13:40:02.289+0000] {dagbag.py:545} INFO - Filling up the DagBag from /home/airflow/.local/lib/python3.12/site-packages/airflow/example_dags/example_params_ui_tutorial.py
[2026-05-19T13:40:02.303+0000] {processor.py:840} INFO - DAG(s) 'example_params_ui_tutorial' retrieved from /home/airflow/.local/lib/python3.12/site-packages/airflow/example_dags/example_params_ui_tutorial.py
[2026-05-19T13:40:02.362+0000] {logging_mixin.py:188} INFO - [2026-05-19T13:40:02.362+0000] {dag.py:3096} INFO - Sync 1 DAGs
[2026-05-19T13:40:02.380+0000] {logging_mixin.py:188} INFO - [2026-05-19T13:40:02.379+0000] {dag.py:3954} INFO - Setting next_dagrun for example_params_ui_tutorial to None, run_after=None
[2026-05-19T13:40:02.405+0000] {processor.py:183} INFO - Processing /home/airflow/.local/lib/python3.12/site-packages/airflow/example_dags/example_params_ui_tutorial.py took 0.128 seconds
[2026-05-19T13:40:32.591+0000] {processor.py:161} INFO - Started process (PID=1203) to work on /home/airflow/.local/lib/python3.12/site-packages/airflow/example_dags/example_params_ui_tutorial.py
[2026-05-19T13:40:32.593+0000] {processor.py:830} INFO - Processing file /home/airflow/.local/lib/python3.12/site-packages/airflow/example_dags/example_params_ui_tutorial.py for tasks to queue
[2026-05-19T13:40:32.598+0000] {logging_mixin.py:188} INFO - [2026-05-19T13:40:32.596+0000] {dagbag.py:545} INFO - Filling up the DagBag from /home/airflow/.local/lib/python3.12/site-packages/airflow/example_dags/example_params_ui_tutorial.py
[2026-05-19T13:40:32.623+0000] {processor.py:840} INFO - DAG(s) 'example_params_ui_tutorial' retrieved from /home/airflow/.local/lib/python3.12/site-packages/airflow/example_dags/example_params_ui_tutorial.py
[2026-05-19T13:40:32.718+0000] {logging_mixin.py:188} INFO - [2026-05-19T13:40:32.718+0000] {dag.py:3096} INFO - Sync 1 DAGs
[2026-05-19T13:40:32.745+0000] {logging_mixin.py:188} INFO - [2026-05-19T13:40:32.745+0000] {dag.py:3954} INFO - Setting next_dagrun for example_params_ui_tutorial to None, run_after=None
[2026-05-19T13:40:32.786+0000] {processor.py:183} INFO - Processing /home/airflow/.local/lib/python3.12/site-packages/airflow/example_dags/example_params_ui_tutorial.py took 0.207 seconds
[2026-05-19T13:41:03.603+0000] {processor.py:161} INFO - Started process (PID=1262) to work on /home/airflow/.local/lib/python3.12/site-packages/airflow/example_dags/example_params_ui_tutorial.py
[2026-05-19T13:41:03.608+0000] {processor.py:830} INFO - Processing file /home/airflow/.local/lib/python3.12/site-packages/airflow/example_dags/example_params_ui_tutorial.py for tasks to queue
[2026-05-19T13:41:03.616+0000] {logging_mixin.py:188} INFO - [2026-05-19T13:41:03.614+0000] {dagbag.py:545} INFO - Filling up the DagBag from /home/airflow/.local/lib/python3.12/site-packages/airflow/example_dags/example_params_ui_tutorial.py
[2026-05-19T13:41:03.663+0000] {processor.py:840} INFO - DAG(s) 'example_params_ui_tutorial' retrieved from /home/airflow/.local/lib/python3.12/site-packages/airflow/example_dags/example_params_ui_tutorial.py
[2026-05-19T13:41:03.802+0000] {logging_mixin.py:188} INFO - [2026-05-19T13:41:03.801+0000] {dag.py:3096} INFO - Sync 1 DAGs
[2026-05-19T13:41:03.826+0000] {logging_mixin.py:188} INFO - [2026-05-19T13:41:03.825+0000] {dag.py:3954} INFO - Setting next_dagrun for example_params_ui_tutorial to None, run_after=None
[2026-05-19T13:41:04.080+0000] {processor.py:183} INFO - Processing /home/airflow/.local/lib/python3.12/site-packages/airflow/example_dags/example_params_ui_tutorial.py took 0.503 seconds
[2026-05-19T13:41:34.297+0000] {processor.py:161} INFO - Started process (PID=1321) to work on /home/airflow/.local/lib/python3.12/site-packages/airflow/example_dags/example_params_ui_tutorial.py
[2026-05-19T13:41:34.300+0000] {processor.py:830} INFO - Processing file /home/airflow/.local/lib/python3.12/site-packages/airflow/example_dags/example_params_ui_tutorial.py for tasks to queue
[2026-05-19T13:41:34.311+0000] {logging_mixin.py:188} INFO - [2026-05-19T13:41:34.310+0000] {dagbag.py:545} INFO - Filling up the DagBag from /home/airflow/.local/lib/python3.12/site-packages/airflow/example_dags/example_params_ui_tutorial.py
[2026-05-19T13:41:34.354+0000] {processor.py:840} INFO - DAG(s) 'example_params_ui_tutorial' retrieved from /home/airflow/.local/lib/python3.12/site-packages/airflow/example_dags/example_params_ui_tutorial.py
[2026-05-19T13:41:34.593+0000] {logging_mixin.py:188} INFO - [2026-05-19T13:41:34.593+0000] {dag.py:3096} INFO - Sync 1 DAGs
[2026-05-19T13:41:34.655+0000] {logging_mixin.py:188} INFO - [2026-05-19T13:41:34.655+0000] {dag.py:3954} INFO - Setting next_dagrun for example_params_ui_tutorial to None, run_after=None
[2026-05-19T13:41:34.733+0000] {processor.py:183} INFO - Processing /home/airflow/.local/lib/python3.12/site-packages/airflow/example_dags/example_params_ui_tutorial.py took 0.465 seconds
[2026-05-19T13:42:04.980+0000] {processor.py:161} INFO - Started process (PID=1381) to work on /home/airflow/.local/lib/python3.12/site-packages/airflow/example_dags/example_params_ui_tutorial.py
[2026-05-19T13:42:04.983+0000] {processor.py:830} INFO - Processing file /home/airflow/.local/lib/python3.12/site-packages/airflow/example_dags/example_params_ui_tutorial.py for tasks to queue
[2026-05-19T13:42:04.988+0000] {logging_mixin.py:188} INFO - [2026-05-19T13:42:04.987+0000] {dagbag.py:545} INFO - Filling up the DagBag from /home/airflow/.local/lib/python3.12/site-packages/airflow/example_dags/example_params_ui_tutorial.py
[2026-05-19T13:42:05.026+0000] {processor.py:840} INFO - DAG(s) 'example_params_ui_tutorial' retrieved from /home/airflow/.local/lib/python3.12/site-packages/airflow/example_dags/example_params_ui_tutorial.py
[2026-05-19T13:42:05.115+0000] {logging_mixin.py:188} INFO - [2026-05-19T13:42:05.114+0000] {dag.py:3096} INFO - Sync 1 DAGs
[2026-05-19T13:42:05.138+0000] {logging_mixin.py:188} INFO - [2026-05-19T13:42:05.138+0000] {dag.py:3954} INFO - Setting next_dagrun for example_params_ui_tutorial to None, run_after=None
[2026-05-19T13:42:05.172+0000] {processor.py:183} INFO - Processing /home/airflow/.local/lib/python3.12/site-packages/airflow/example_dags/example_params_ui_tutorial.py took 0.203 seconds
[2026-05-19T13:42:36.029+0000] {processor.py:161} INFO - Started process (PID=1440) to work on /home/airflow/.local/lib/python3.12/site-packages/airflow/example_dags/example_params_ui_tutorial.py
[2026-05-19T13:42:36.031+0000] {processor.py:830} INFO - Processing file /home/airflow/.local/lib/python3.12/site-packages/airflow/example_dags/example_params_ui_tutorial.py for tasks to queue
[2026-05-19T13:42:36.035+0000] {logging_mixin.py:188} INFO - [2026-05-19T13:42:36.034+0000] {dagbag.py:545} INFO - Filling up the DagBag from /home/airflow/.local/lib/python3.12/site-packages/airflow/example_dags/example_params_ui_tutorial.py
[2026-05-19T13:42:36.053+0000] {processor.py:840} INFO - DAG(s) 'example_params_ui_tutorial' retrieved from /home/airflow/.local/lib/python3.12/site-packages/airflow/example_dags/example_params_ui_tutorial.py
[2026-05-19T13:42:36.120+0000] {logging_mixin.py:188} INFO - [2026-05-19T13:42:36.120+0000] {dag.py:3096} INFO - Sync 1 DAGs
[2026-05-19T13:42:36.137+0000] {logging_mixin.py:188} INFO - [2026-05-19T13:42:36.137+0000] {dag.py:3954} INFO - Setting next_dagrun for example_params_ui_tutorial to None, run_after=None
[2026-05-19T13:42:36.172+0000] {processor.py:183} INFO - Processing /home/airflow/.local/lib/python3.12/site-packages/airflow/example_dags/example_params_ui_tutorial.py took 0.153 seconds
[2026-05-19T13:43:06.442+0000] {processor.py:161} INFO - Started process (PID=1499) to work on /home/airflow/.local/lib/python3.12/site-packages/airflow/example_dags/example_params_ui_tutorial.py
[2026-05-19T13:43:06.444+0000] {processor.py:830} INFO - Processing file /home/airflow/.local/lib/python3.12/site-packages/airflow/example_dags/example_params_ui_tutorial.py for tasks to queue
[2026-05-19T13:43:06.446+0000] {logging_mixin.py:188} INFO - [2026-05-19T13:43:06.446+0000] {dagbag.py:545} INFO - Filling up the DagBag from /home/airflow/.local/lib/python3.12/site-packages/airflow/example_dags/example_params_ui_tutorial.py
[2026-05-19T13:43:06.462+0000] {processor.py:840} INFO - DAG(s) 'example_params_ui_tutorial' retrieved from /home/airflow/.local/lib/python3.12/site-packages/airflow/example_dags/example_params_ui_tutorial.py
[2026-05-19T13:43:06.516+0000] {logging_mixin.py:188} INFO - [2026-05-19T13:43:06.516+0000] {dag.py:3096} INFO - Sync 1 DAGs
[2026-05-19T13:43:06.532+0000] {logging_mixin.py:188} INFO - [2026-05-19T13:43:06.532+0000] {dag.py:3954} INFO - Setting next_dagrun for example_params_ui_tutorial to None, run_after=None
[2026-05-19T13:43:06.565+0000] {processor.py:183} INFO - Processing /home/airflow/.local/lib/python3.12/site-packages/airflow/example_dags/example_params_ui_tutorial.py took 0.130 seconds
[2026-05-19T13:43:37.201+0000] {processor.py:161} INFO - Started process (PID=1559) to work on /home/airflow/.local/lib/python3.12/site-packages/airflow/example_dags/example_params_ui_tutorial.py
[2026-05-19T13:43:37.204+0000] {processor.py:830} INFO - Processing file /home/airflow/.local/lib/python3.12/site-packages/airflow/example_dags/example_params_ui_tutorial.py for tasks to queue
[2026-05-19T13:43:37.208+0000] {logging_mixin.py:188} INFO - [2026-05-19T13:43:37.207+0000] {dagbag.py:545} INFO - Filling up the DagBag from /home/airflow/.local/lib/python3.12/site-packages/airflow/example_dags/example_params_ui_tutorial.py
[2026-05-19T13:43:37.508+0000] {processor.py:840} INFO - DAG(s) 'example_params_ui_tutorial' retrieved from /home/airflow/.local/lib/python3.12/site-packages/airflow/example_dags/example_params_ui_tutorial.py
[2026-05-19T13:43:37.598+0000] {logging_mixin.py:188} INFO - [2026-05-19T13:43:37.598+0000] {dag.py:3096} INFO - Sync 1 DAGs
[2026-05-19T13:43:37.622+0000] {logging_mixin.py:188} INFO - [2026-05-19T13:43:37.621+0000] {dag.py:3954} INFO - Setting next_dagrun for example_params_ui_tutorial to None, run_after=None
[2026-05-19T13:43:37.674+0000] {processor.py:183} INFO - Processing /home/airflow/.local/lib/python3.12/site-packages/airflow/example_dags/example_params_ui_tutorial.py took 0.491 seconds
[2026-05-19T13:44:07.769+0000] {processor.py:161} INFO - Started process (PID=1618) to work on /home/airflow/.local/lib/python3.12/site-packages/airflow/example_dags/example_params_ui_tutorial.py
[2026-05-19T13:44:07.770+0000] {processor.py:830} INFO - Processing file /home/airflow/.local/lib/python3.12/site-packages/airflow/example_dags/example_params_ui_tutorial.py for tasks to queue
[2026-05-19T13:44:07.774+0000] {logging_mixin.py:188} INFO - [2026-05-19T13:44:07.773+0000] {dagbag.py:545} INFO - Filling up the DagBag from /home/airflow/.local/lib/python3.12/site-packages/airflow/example_dags/example_params_ui_tutorial.py
[2026-05-19T13:44:07.789+0000] {processor.py:840} INFO - DAG(s) 'example_params_ui_tutorial' retrieved from /home/airflow/.local/lib/python3.12/site-packages/airflow/example_dags/example_params_ui_tutorial.py
[2026-05-19T13:44:07.840+0000] {logging_mixin.py:188} INFO - [2026-05-19T13:44:07.839+0000] {dag.py:3096} INFO - Sync 1 DAGs
[2026-05-19T13:44:07.858+0000] {logging_mixin.py:188} INFO - [2026-05-19T13:44:07.858+0000] {dag.py:3954} INFO - Setting next_dagrun for example_params_ui_tutorial to None, run_after=None
[2026-05-19T13:44:07.881+0000] {processor.py:183} INFO - Processing /home/airflow/.local/lib/python3.12/site-packages/airflow/example_dags/example_params_ui_tutorial.py took 0.119 seconds
[2026-05-19T13:44:37.972+0000] {processor.py:161} INFO - Started process (PID=1677) to work on /home/airflow/.local/lib/python3.12/site-packages/airflow/example_dags/example_params_ui_tutorial.py
[2026-05-19T13:44:37.974+0000] {processor.py:830} INFO - Processing file /home/airflow/.local/lib/python3.12/site-packages/airflow/example_dags/example_params_ui_tutorial.py for tasks to queue
[2026-05-19T13:44:37.976+0000] {logging_mixin.py:188} INFO - [2026-05-19T13:44:37.975+0000] {dagbag.py:545} INFO - Filling up the DagBag from /home/airflow/.local/lib/python3.12/site-packages/airflow/example_dags/example_params_ui_tutorial.py
[2026-05-19T13:44:37.989+0000] {processor.py:840} INFO - DAG(s) 'example_params_ui_tutorial' retrieved from /home/airflow/.local/lib/python3.12/site-packages/airflow/example_dags/example_params_ui_tutorial.py
[2026-05-19T13:44:38.061+0000] {logging_mixin.py:188} INFO - [2026-05-19T13:44:38.061+0000] {dag.py:3096} INFO - Sync 1 DAGs
[2026-05-19T13:44:38.081+0000] {logging_mixin.py:188} INFO - [2026-05-19T13:44:38.081+0000] {dag.py:3954} INFO - Setting next_dagrun for example_params_ui_tutorial to None, run_after=None
[2026-05-19T13:44:38.113+0000] {processor.py:183} INFO - Processing /home/airflow/.local/lib/python3.12/site-packages/airflow/example_dags/example_params_ui_tutorial.py took 0.149 seconds
[2026-05-19T13:45:08.371+0000] {processor.py:161} INFO - Started process (PID=1734) to work on /home/airflow/.local/lib/python3.12/site-packages/airflow/example_dags/example_params_ui_tutorial.py
[2026-05-19T13:45:08.373+0000] {processor.py:830} INFO - Processing file /home/airflow/.local/lib/python3.12/site-packages/airflow/example_dags/example_params_ui_tutorial.py for tasks to queue
[2026-05-19T13:45:08.378+0000] {logging_mixin.py:188} INFO - [2026-05-19T13:45:08.377+0000] {dagbag.py:545} INFO - Filling up the DagBag from /home/airflow/.local/lib/python3.12/site-packages/airflow/example_dags/example_params_ui_tutorial.py
[2026-05-19T13:45:08.413+0000] {processor.py:840} INFO - DAG(s) 'example_params_ui_tutorial' retrieved from /home/airflow/.local/lib/python3.12/site-packages/airflow/example_dags/example_params_ui_tutorial.py
[2026-05-19T13:45:08.502+0000] {logging_mixin.py:188} INFO - [2026-05-19T13:45:08.501+0000] {dag.py:3096} INFO - Sync 1 DAGs
[2026-05-19T13:45:08.525+0000] {logging_mixin.py:188} INFO - [2026-05-19T13:45:08.525+0000] {dag.py:3954} INFO - Setting next_dagrun for example_params_ui_tutorial to None, run_after=None
[2026-05-19T13:45:08.576+0000] {processor.py:183} INFO - Processing /home/airflow/.local/lib/python3.12/site-packages/airflow/example_dags/example_params_ui_tutorial.py took 0.215 seconds
[2026-05-19T13:45:38.839+0000] {processor.py:161} INFO - Started process (PID=1793) to work on /home/airflow/.local/lib/python3.12/site-packages/airflow/example_dags/example_params_ui_tutorial.py
[2026-05-19T13:45:38.842+0000] {processor.py:830} INFO - Processing file /home/airflow/.local/lib/python3.12/site-packages/airflow/example_dags/example_params_ui_tutorial.py for tasks to queue
[2026-05-19T13:45:38.847+0000] {logging_mixin.py:188} INFO - [2026-05-19T13:45:38.846+0000] {dagbag.py:545} INFO - Filling up the DagBag from /home/airflow/.local/lib/python3.12/site-packages/airflow/example_dags/example_params_ui_tutorial.py
[2026-05-19T13:45:38.874+0000] {processor.py:840} INFO - DAG(s) 'example_params_ui_tutorial' retrieved from /home/airflow/.local/lib/python3.12/site-packages/airflow/example_dags/example_params_ui_tutorial.py
[2026-05-19T13:45:38.961+0000] {logging_mixin.py:188} INFO - [2026-05-19T13:45:38.961+0000] {dag.py:3096} INFO - Sync 1 DAGs
[2026-05-19T13:45:38.985+0000] {logging_mixin.py:188} INFO - [2026-05-19T13:45:38.985+0000] {dag.py:3954} INFO - Setting next_dagrun for example_params_ui_tutorial to None, run_after=None
[2026-05-19T13:45:39.025+0000] {processor.py:183} INFO - Processing /home/airflow/.local/lib/python3.12/site-packages/airflow/example_dags/example_params_ui_tutorial.py took 0.196 seconds
[2026-05-19T13:46:09.173+0000] {processor.py:161} INFO - Started process (PID=1852) to work on /home/airflow/.local/lib/python3.12/site-packages/airflow/example_dags/example_params_ui_tutorial.py
[2026-05-19T13:46:09.174+0000] {processor.py:830} INFO - Processing file /home/airflow/.local/lib/python3.12/site-packages/airflow/example_dags/example_params_ui_tutorial.py for tasks to queue
[2026-05-19T13:46:09.177+0000] {logging_mixin.py:188} INFO - [2026-05-19T13:46:09.176+0000] {dagbag.py:545} INFO - Filling up the DagBag from /home/airflow/.local/lib/python3.12/site-packages/airflow/example_dags/example_params_ui_tutorial.py
[2026-05-19T13:46:09.189+0000] {processor.py:840} INFO - DAG(s) 'example_params_ui_tutorial' retrieved from /home/airflow/.local/lib/python3.12/site-packages/airflow/example_dags/example_params_ui_tutorial.py
[2026-05-19T13:46:09.248+0000] {logging_mixin.py:188} INFO - [2026-05-19T13:46:09.248+0000] {dag.py:3096} INFO - Sync 1 DAGs
[2026-05-19T13:46:09.260+0000] {logging_mixin.py:188} INFO - [2026-05-19T13:46:09.260+0000] {dag.py:3954} INFO - Setting next_dagrun for example_params_ui_tutorial to None, run_after=None
[2026-05-19T13:46:09.284+0000] {processor.py:183} INFO - Processing /home/airflow/.local/lib/python3.12/site-packages/airflow/example_dags/example_params_ui_tutorial.py took 0.118 seconds
[2026-05-19T13:46:39.738+0000] {processor.py:161} INFO - Started process (PID=1912) to work on /home/airflow/.local/lib/python3.12/site-packages/airflow/example_dags/example_params_ui_tutorial.py
[2026-05-19T13:46:39.740+0000] {processor.py:830} INFO - Processing file /home/airflow/.local/lib/python3.12/site-packages/airflow/example_dags/example_params_ui_tutorial.py for tasks to queue
[2026-05-19T13:46:39.745+0000] {logging_mixin.py:188} INFO - [2026-05-19T13:46:39.745+0000] {dagbag.py:545} INFO - Filling up the DagBag from /home/airflow/.local/lib/python3.12/site-packages/airflow/example_dags/example_params_ui_tutorial.py
[2026-05-19T13:46:39.769+0000] {processor.py:840} INFO - DAG(s) 'example_params_ui_tutorial' retrieved from /home/airflow/.local/lib/python3.12/site-packages/airflow/example_dags/example_params_ui_tutorial.py
[2026-05-19T13:46:39.859+0000] {logging_mixin.py:188} INFO - [2026-05-19T13:46:39.858+0000] {dag.py:3096} INFO - Sync 1 DAGs
[2026-05-19T13:46:39.883+0000] {logging_mixin.py:188} INFO - [2026-05-19T13:46:39.883+0000] {dag.py:3954} INFO - Setting next_dagrun for example_params_ui_tutorial to None, run_after=None
[2026-05-19T13:46:39.924+0000] {processor.py:183} INFO - Processing /home/airflow/.local/lib/python3.12/site-packages/airflow/example_dags/example_params_ui_tutorial.py took 0.197 seconds
[2026-05-19T13:47:10.362+0000] {processor.py:161} INFO - Started process (PID=1971) to work on /home/airflow/.local/lib/python3.12/site-packages/airflow/example_dags/example_params_ui_tutorial.py
[2026-05-19T13:47:10.364+0000] {processor.py:830} INFO - Processing file /home/airflow/.local/lib/python3.12/site-packages/airflow/example_dags/example_params_ui_tutorial.py for tasks to queue
[2026-05-19T13:47:10.368+0000] {logging_mixin.py:188} INFO - [2026-05-19T13:47:10.367+0000] {dagbag.py:545} INFO - Filling up the DagBag from /home/airflow/.local/lib/python3.12/site-packages/airflow/example_dags/example_params_ui_tutorial.py
[2026-05-19T13:47:10.386+0000] {processor.py:840} INFO - DAG(s) 'example_params_ui_tutorial' retrieved from /home/airflow/.local/lib/python3.12/site-packages/airflow/example_dags/example_params_ui_tutorial.py
[2026-05-19T13:47:10.452+0000] {logging_mixin.py:188} INFO - [2026-05-19T13:47:10.452+0000] {dag.py:3096} INFO - Sync 1 DAGs
[2026-05-19T13:47:10.468+0000] {logging_mixin.py:188} INFO - [2026-05-19T13:47:10.468+0000] {dag.py:3954} INFO - Setting next_dagrun for example_params_ui_tutorial to None, run_after=None
[2026-05-19T13:47:10.491+0000] {processor.py:183} INFO - Processing /home/airflow/.local/lib/python3.12/site-packages/airflow/example_dags/example_params_ui_tutorial.py took 0.136 seconds
[2026-05-19T13:47:40.853+0000] {processor.py:161} INFO - Started process (PID=2030) to work on /home/airflow/.local/lib/python3.12/site-packages/airflow/example_dags/example_params_ui_tutorial.py
[2026-05-19T13:47:40.855+0000] {processor.py:830} INFO - Processing file /home/airflow/.local/lib/python3.12/site-packages/airflow/example_dags/example_params_ui_tutorial.py for tasks to queue
[2026-05-19T13:47:40.858+0000] {logging_mixin.py:188} INFO - [2026-05-19T13:47:40.858+0000] {dagbag.py:545} INFO - Filling up the DagBag from /home/airflow/.local/lib/python3.12/site-packages/airflow/example_dags/example_params_ui_tutorial.py
[2026-05-19T13:47:40.875+0000] {processor.py:840} INFO - DAG(s) 'example_params_ui_tutorial' retrieved from /home/airflow/.local/lib/python3.12/site-packages/airflow/example_dags/example_params_ui_tutorial.py
[2026-05-19T13:47:40.941+0000] {logging_mixin.py:188} INFO - [2026-05-19T13:47:40.940+0000] {dag.py:3096} INFO - Sync 1 DAGs
[2026-05-19T13:47:40.959+0000] {logging_mixin.py:188} INFO - [2026-05-19T13:47:40.958+0000] {dag.py:3954} INFO - Setting next_dagrun for example_params_ui_tutorial to None, run_after=None
[2026-05-19T13:47:40.994+0000] {processor.py:183} INFO - Processing /home/airflow/.local/lib/python3.12/site-packages/airflow/example_dags/example_params_ui_tutorial.py took 0.153 seconds
[2026-05-19T13:48:11.530+0000] {processor.py:161} INFO - Started process (PID=2089) to work on /home/airflow/.local/lib/python3.12/site-packages/airflow/example_dags/example_params_ui_tutorial.py
[2026-05-19T13:48:11.532+0000] {processor.py:830} INFO - Processing file /home/airflow/.local/lib/python3.12/site-packages/airflow/example_dags/example_params_ui_tutorial.py for tasks to queue
[2026-05-19T13:48:11.535+0000] {logging_mixin.py:188} INFO - [2026-05-19T13:48:11.534+0000] {dagbag.py:545} INFO - Filling up the DagBag from /home/airflow/.local/lib/python3.12/site-packages/airflow/example_dags/example_params_ui_tutorial.py
[2026-05-19T13:48:11.552+0000] {processor.py:840} INFO - DAG(s) 'example_params_ui_tutorial' retrieved from /home/airflow/.local/lib/python3.12/site-packages/airflow/example_dags/example_params_ui_tutorial.py
[2026-05-19T13:48:11.633+0000] {logging_mixin.py:188} INFO - [2026-05-19T13:48:11.632+0000] {dag.py:3096} INFO - Sync 1 DAGs
[2026-05-19T13:48:11.650+0000] {logging_mixin.py:188} INFO - [2026-05-19T13:48:11.650+0000] {dag.py:3954} INFO - Setting next_dagrun for example_params_ui_tutorial to None, run_after=None
[2026-05-19T13:48:11.694+0000] {processor.py:183} INFO - Processing /home/airflow/.local/lib/python3.12/site-packages/airflow/example_dags/example_params_ui_tutorial.py took 0.170 seconds
[2026-05-19T13:48:42.174+0000] {processor.py:161} INFO - Started process (PID=2148) to work on /home/airflow/.local/lib/python3.12/site-packages/airflow/example_dags/example_params_ui_tutorial.py
[2026-05-19T13:48:42.177+0000] {processor.py:830} INFO - Processing file /home/airflow/.local/lib/python3.12/site-packages/airflow/example_dags/example_params_ui_tutorial.py for tasks to queue
[2026-05-19T13:48:42.182+0000] {logging_mixin.py:188} INFO - [2026-05-19T13:48:42.181+0000] {dagbag.py:545} INFO - Filling up the DagBag from /home/airflow/.local/lib/python3.12/site-packages/airflow/example_dags/example_params_ui_tutorial.py
[2026-05-19T13:48:42.209+0000] {processor.py:840} INFO - DAG(s) 'example_params_ui_tutorial' retrieved from /home/airflow/.local/lib/python3.12/site-packages/airflow/example_dags/example_params_ui_tutorial.py
[2026-05-19T13:48:42.286+0000] {logging_mixin.py:188} INFO - [2026-05-19T13:48:42.285+0000] {dag.py:3096} INFO - Sync 1 DAGs
[2026-05-19T13:48:42.308+0000] {logging_mixin.py:188} INFO - [2026-05-19T13:48:42.308+0000] {dag.py:3954} INFO - Setting next_dagrun for example_params_ui_tutorial to None, run_after=None
[2026-05-19T13:48:42.345+0000] {processor.py:183} INFO - Processing /home/airflow/.local/lib/python3.12/site-packages/airflow/example_dags/example_params_ui_tutorial.py took 0.184 seconds
[2026-05-19T13:49:13.238+0000] {processor.py:161} INFO - Started process (PID=2207) to work on /home/airflow/.local/lib/python3.12/site-packages/airflow/example_dags/example_params_ui_tutorial.py
[2026-05-19T13:49:13.240+0000] {processor.py:830} INFO - Processing file /home/airflow/.local/lib/python3.12/site-packages/airflow/example_dags/example_params_ui_tutorial.py for tasks to queue
[2026-05-19T13:49:13.244+0000] {logging_mixin.py:188} INFO - [2026-05-19T13:49:13.244+0000] {dagbag.py:545} INFO - Filling up the DagBag from /home/airflow/.local/lib/python3.12/site-packages/airflow/example_dags/example_params_ui_tutorial.py
[2026-05-19T13:49:13.257+0000] {processor.py:840} INFO - DAG(s) 'example_params_ui_tutorial' retrieved from /home/airflow/.local/lib/python3.12/site-packages/airflow/example_dags/example_params_ui_tutorial.py
[2026-05-19T13:49:13.333+0000] {logging_mixin.py:188} INFO - [2026-05-19T13:49:13.332+0000] {dag.py:3096} INFO - Sync 1 DAGs
[2026-05-19T13:49:13.354+0000] {logging_mixin.py:188} INFO - [2026-05-19T13:49:13.353+0000] {dag.py:3954} INFO - Setting next_dagrun for example_params_ui_tutorial to None, run_after=None
[2026-05-19T13:49:13.411+0000] {processor.py:183} INFO - Processing /home/airflow/.local/lib/python3.12/site-packages/airflow/example_dags/example_params_ui_tutorial.py took 0.184 seconds
[2026-05-19T13:49:43.595+0000] {processor.py:161} INFO - Started process (PID=2266) to work on /home/airflow/.local/lib/python3.12/site-packages/airflow/example_dags/example_params_ui_tutorial.py
[2026-05-19T13:49:43.597+0000] {processor.py:830} INFO - Processing file /home/airflow/.local/lib/python3.12/site-packages/airflow/example_dags/example_params_ui_tutorial.py for tasks to queue
[2026-05-19T13:49:43.601+0000] {logging_mixin.py:188} INFO - [2026-05-19T13:49:43.601+0000] {dagbag.py:545} INFO - Filling up the DagBag from /home/airflow/.local/lib/python3.12/site-packages/airflow/example_dags/example_params_ui_tutorial.py
[2026-05-19T13:49:43.618+0000] {processor.py:840} INFO - DAG(s) 'example_params_ui_tutorial' retrieved from /home/airflow/.local/lib/python3.12/site-packages/airflow/example_dags/example_params_ui_tutorial.py
[2026-05-19T13:49:43.708+0000] {logging_mixin.py:188} INFO - [2026-05-19T13:49:43.707+0000] {dag.py:3096} INFO - Sync 1 DAGs
[2026-05-19T13:49:43.737+0000] {logging_mixin.py:188} INFO - [2026-05-19T13:49:43.736+0000] {dag.py:3954} INFO - Setting next_dagrun for example_params_ui_tutorial to None, run_after=None
[2026-05-19T13:49:43.788+0000] {processor.py:183} INFO - Processing /home/airflow/.local/lib/python3.12/site-packages/airflow/example_dags/example_params_ui_tutorial.py took 0.204 seconds
[2026-05-19T13:50:14.077+0000] {processor.py:161} INFO - Started process (PID=2326) to work on /home/airflow/.local/lib/python3.12/site-packages/airflow/example_dags/example_params_ui_tutorial.py
[2026-05-19T13:50:14.084+0000] {processor.py:830} INFO - Processing file /home/airflow/.local/lib/python3.12/site-packages/airflow/example_dags/example_params_ui_tutorial.py for tasks to queue
[2026-05-19T13:50:14.092+0000] {logging_mixin.py:188} INFO - [2026-05-19T13:50:14.091+0000] {dagbag.py:545} INFO - Filling up the DagBag from /home/airflow/.local/lib/python3.12/site-packages/airflow/example_dags/example_params_ui_tutorial.py
[2026-05-19T13:50:14.143+0000] {processor.py:840} INFO - DAG(s) 'example_params_ui_tutorial' retrieved from /home/airflow/.local/lib/python3.12/site-packages/airflow/example_dags/example_params_ui_tutorial.py
[2026-05-19T13:50:14.275+0000] {logging_mixin.py:188} INFO - [2026-05-19T13:50:14.274+0000] {dag.py:3096} INFO - Sync 1 DAGs
[2026-05-19T13:50:14.303+0000] {logging_mixin.py:188} INFO - [2026-05-19T13:50:14.302+0000] {dag.py:3954} INFO - Setting next_dagrun for example_params_ui_tutorial to None, run_after=None
[2026-05-19T13:50:14.377+0000] {processor.py:183} INFO - Processing /home/airflow/.local/lib/python3.12/site-packages/airflow/example_dags/example_params_ui_tutorial.py took 0.327 seconds
[2026-05-19T13:50:44.452+0000] {processor.py:161} INFO - Started process (PID=2385) to work on /home/airflow/.local/lib/python3.12/site-packages/airflow/example_dags/example_params_ui_tutorial.py
[2026-05-19T13:50:44.454+0000] {processor.py:830} INFO - Processing file /home/airflow/.local/lib/python3.12/site-packages/airflow/example_dags/example_params_ui_tutorial.py for tasks to queue
[2026-05-19T13:50:44.458+0000] {logging_mixin.py:188} INFO - [2026-05-19T13:50:44.458+0000] {dagbag.py:545} INFO - Filling up the DagBag from /home/airflow/.local/lib/python3.12/site-packages/airflow/example_dags/example_params_ui_tutorial.py
[2026-05-19T13:50:44.474+0000] {processor.py:840} INFO - DAG(s) 'example_params_ui_tutorial' retrieved from /home/airflow/.local/lib/python3.12/site-packages/airflow/example_dags/example_params_ui_tutorial.py
[2026-05-19T13:50:44.535+0000] {logging_mixin.py:188} INFO - [2026-05-19T13:50:44.534+0000] {dag.py:3096} INFO - Sync 1 DAGs
[2026-05-19T13:50:44.552+0000] {logging_mixin.py:188} INFO - [2026-05-19T13:50:44.551+0000] {dag.py:3954} INFO - Setting next_dagrun for example_params_ui_tutorial to None, run_after=None
[2026-05-19T13:50:44.582+0000] {processor.py:183} INFO - Processing /home/airflow/.local/lib/python3.12/site-packages/airflow/example_dags/example_params_ui_tutorial.py took 0.138 seconds
[2026-05-19T13:51:14.978+0000] {processor.py:161} INFO - Started process (PID=2443) to work on /home/airflow/.local/lib/python3.12/site-packages/airflow/example_dags/example_params_ui_tutorial.py
[2026-05-19T13:51:14.980+0000] {processor.py:830} INFO - Processing file /home/airflow/.local/lib/python3.12/site-packages/airflow/example_dags/example_params_ui_tutorial.py for tasks to queue
[2026-05-19T13:51:14.981+0000] {logging_mixin.py:188} INFO - [2026-05-19T13:51:14.981+0000] {dagbag.py:545} INFO - Filling up the DagBag from /home/airflow/.local/lib/python3.12/site-packages/airflow/example_dags/example_params_ui_tutorial.py
[2026-05-19T13:51:14.995+0000] {processor.py:840} INFO - DAG(s) 'example_params_ui_tutorial' retrieved from /home/airflow/.local/lib/python3.12/site-packages/airflow/example_dags/example_params_ui_tutorial.py
[2026-05-19T13:51:15.063+0000] {logging_mixin.py:188} INFO - [2026-05-19T13:51:15.062+0000] {dag.py:3096} INFO - Sync 1 DAGs
[2026-05-19T13:51:15.084+0000] {logging_mixin.py:188} INFO - [2026-05-19T13:51:15.084+0000] {dag.py:3954} INFO - Setting next_dagrun for example_params_ui_tutorial to None, run_after=None
[2026-05-19T13:51:15.115+0000] {processor.py:183} INFO - Processing /home/airflow/.local/lib/python3.12/site-packages/airflow/example_dags/example_params_ui_tutorial.py took 0.143 seconds
[2026-05-19T13:51:45.479+0000] {processor.py:161} INFO - Started process (PID=2502) to work on /home/airflow/.local/lib/python3.12/site-packages/airflow/example_dags/example_params_ui_tutorial.py
[2026-05-19T13:51:45.481+0000] {processor.py:830} INFO - Processing file /home/airflow/.local/lib/python3.12/site-packages/airflow/example_dags/example_params_ui_tutorial.py for tasks to queue
[2026-05-19T13:51:45.486+0000] {logging_mixin.py:188} INFO - [2026-05-19T13:51:45.485+0000] {dagbag.py:545} INFO - Filling up the DagBag from /home/airflow/.local/lib/python3.12/site-packages/airflow/example_dags/example_params_ui_tutorial.py
[2026-05-19T13:51:45.505+0000] {processor.py:840} INFO - DAG(s) 'example_params_ui_tutorial' retrieved from /home/airflow/.local/lib/python3.12/site-packages/airflow/example_dags/example_params_ui_tutorial.py
[2026-05-19T13:51:45.584+0000] {logging_mixin.py:188} INFO - [2026-05-19T13:51:45.584+0000] {dag.py:3096} INFO - Sync 1 DAGs
[2026-05-19T13:51:45.605+0000] {logging_mixin.py:188} INFO - [2026-05-19T13:51:45.604+0000] {dag.py:3954} INFO - Setting next_dagrun for example_params_ui_tutorial to None, run_after=None
[2026-05-19T13:51:45.645+0000] {processor.py:183} INFO - Processing /home/airflow/.local/lib/python3.12/site-packages/airflow/example_dags/example_params_ui_tutorial.py took 0.178 seconds
[2026-05-19T13:52:15.853+0000] {processor.py:161} INFO - Started process (PID=2562) to work on /home/airflow/.local/lib/python3.12/site-packages/airflow/example_dags/example_params_ui_tutorial.py
[2026-05-19T13:52:15.854+0000] {processor.py:830} INFO - Processing file /home/airflow/.local/lib/python3.12/site-packages/airflow/example_dags/example_params_ui_tutorial.py for tasks to queue
[2026-05-19T13:52:15.858+0000] {logging_mixin.py:188} INFO - [2026-05-19T13:52:15.857+0000] {dagbag.py:545} INFO - Filling up the DagBag from /home/airflow/.local/lib/python3.12/site-packages/airflow/example_dags/example_params_ui_tutorial.py
[2026-05-19T13:52:15.873+0000] {processor.py:840} INFO - DAG(s) 'example_params_ui_tutorial' retrieved from /home/airflow/.local/lib/python3.12/site-packages/airflow/example_dags/example_params_ui_tutorial.py
[2026-05-19T13:52:15.941+0000] {logging_mixin.py:188} INFO - [2026-05-19T13:52:15.940+0000] {dag.py:3096} INFO - Sync 1 DAGs
[2026-05-19T13:52:15.963+0000] {logging_mixin.py:188} INFO - [2026-05-19T13:52:15.963+0000] {dag.py:3954} INFO - Setting next_dagrun for example_params_ui_tutorial to None, run_after=None
[2026-05-19T13:52:16.005+0000] {processor.py:183} INFO - Processing /home/airflow/.local/lib/python3.12/site-packages/airflow/example_dags/example_params_ui_tutorial.py took 0.165 seconds
[2026-05-19T13:52:46.139+0000] {processor.py:161} INFO - Started process (PID=2621) to work on /home/airflow/.local/lib/python3.12/site-packages/airflow/example_dags/example_params_ui_tutorial.py
[2026-05-19T13:52:46.141+0000] {processor.py:830} INFO - Processing file /home/airflow/.local/lib/python3.12/site-packages/airflow/example_dags/example_params_ui_tutorial.py for tasks to queue
[2026-05-19T13:52:46.143+0000] {logging_mixin.py:188} INFO - [2026-05-19T13:52:46.143+0000] {dagbag.py:545} INFO - Filling up the DagBag from /home/airflow/.local/lib/python3.12/site-packages/airflow/example_dags/example_params_ui_tutorial.py
[2026-05-19T13:52:46.153+0000] {processor.py:840} INFO - DAG(s) 'example_params_ui_tutorial' retrieved from /home/airflow/.local/lib/python3.12/site-packages/airflow/example_dags/example_params_ui_tutorial.py
[2026-05-19T13:52:46.207+0000] {logging_mixin.py:188} INFO - [2026-05-19T13:52:46.207+0000] {dag.py:3096} INFO - Sync 1 DAGs
[2026-05-19T13:52:46.219+0000] {logging_mixin.py:188} INFO - [2026-05-19T13:52:46.218+0000] {dag.py:3954} INFO - Setting next_dagrun for example_params_ui_tutorial to None, run_after=None
[2026-05-19T13:52:46.244+0000] {processor.py:183} INFO - Processing /home/airflow/.local/lib/python3.12/site-packages/airflow/example_dags/example_params_ui_tutorial.py took 0.113 seconds
[2026-05-19T13:53:16.426+0000] {processor.py:161} INFO - Started process (PID=2679) to work on /home/airflow/.local/lib/python3.12/site-packages/airflow/example_dags/example_params_ui_tutorial.py
[2026-05-19T13:53:16.427+0000] {processor.py:830} INFO - Processing file /home/airflow/.local/lib/python3.12/site-packages/airflow/example_dags/example_params_ui_tutorial.py for tasks to queue
[2026-05-19T13:53:16.431+0000] {logging_mixin.py:188} INFO - [2026-05-19T13:53:16.430+0000] {dagbag.py:545} INFO - Filling up the DagBag from /home/airflow/.local/lib/python3.12/site-packages/airflow/example_dags/example_params_ui_tutorial.py
[2026-05-19T13:53:16.443+0000] {processor.py:840} INFO - DAG(s) 'example_params_ui_tutorial' retrieved from /home/airflow/.local/lib/python3.12/site-packages/airflow/example_dags/example_params_ui_tutorial.py
[2026-05-19T13:53:16.503+0000] {logging_mixin.py:188} INFO - [2026-05-19T13:53:16.502+0000] {dag.py:3096} INFO - Sync 1 DAGs
[2026-05-19T13:53:16.526+0000] {logging_mixin.py:188} INFO - [2026-05-19T13:53:16.526+0000] {dag.py:3954} INFO - Setting next_dagrun for example_params_ui_tutorial to None, run_after=None
[2026-05-19T13:53:16.552+0000] {processor.py:183} INFO - Processing /home/airflow/.local/lib/python3.12/site-packages/airflow/example_dags/example_params_ui_tutorial.py took 0.132 seconds
[2026-05-19T13:53:46.703+0000] {processor.py:161} INFO - Started process (PID=2738) to work on /home/airflow/.local/lib/python3.12/site-packages/airflow/example_dags/example_params_ui_tutorial.py
[2026-05-19T13:53:46.704+0000] {processor.py:830} INFO - Processing file /home/airflow/.local/lib/python3.12/site-packages/airflow/example_dags/example_params_ui_tutorial.py for tasks to queue
[2026-05-19T13:53:46.706+0000] {logging_mixin.py:188} INFO - [2026-05-19T13:53:46.706+0000] {dagbag.py:545} INFO - Filling up the DagBag from /home/airflow/.local/lib/python3.12/site-packages/airflow/example_dags/example_params_ui_tutorial.py
[2026-05-19T13:53:46.722+0000] {processor.py:840} INFO - DAG(s) 'example_params_ui_tutorial' retrieved from /home/airflow/.local/lib/python3.12/site-packages/airflow/example_dags/example_params_ui_tutorial.py
[2026-05-19T13:53:46.806+0000] {logging_mixin.py:188} INFO - [2026-05-19T13:53:46.805+0000] {dag.py:3096} INFO - Sync 1 DAGs
[2026-05-19T13:53:46.821+0000] {logging_mixin.py:188} INFO - [2026-05-19T13:53:46.821+0000] {dag.py:3954} INFO - Setting next_dagrun for example_params_ui_tutorial to None, run_after=None
[2026-05-19T13:53:46.851+0000] {processor.py:183} INFO - Processing /home/airflow/.local/lib/python3.12/site-packages/airflow/example_dags/example_params_ui_tutorial.py took 0.154 seconds
[2026-05-19T13:54:17.353+0000] {processor.py:161} INFO - Started process (PID=2803) to work on /home/airflow/.local/lib/python3.12/site-packages/airflow/example_dags/example_params_ui_tutorial.py
[2026-05-19T13:54:17.355+0000] {processor.py:830} INFO - Processing file /home/airflow/.local/lib/python3.12/site-packages/airflow/example_dags/example_params_ui_tutorial.py for tasks to queue
[2026-05-19T13:54:17.359+0000] {logging_mixin.py:188} INFO - [2026-05-19T13:54:17.358+0000] {dagbag.py:545} INFO - Filling up the DagBag from /home/airflow/.local/lib/python3.12/site-packages/airflow/example_dags/example_params_ui_tutorial.py
[2026-05-19T13:54:17.375+0000] {processor.py:840} INFO - DAG(s) 'example_params_ui_tutorial' retrieved from /home/airflow/.local/lib/python3.12/site-packages/airflow/example_dags/example_params_ui_tutorial.py
[2026-05-19T13:54:17.466+0000] {logging_mixin.py:188} INFO - [2026-05-19T13:54:17.465+0000] {dag.py:3096} INFO - Sync 1 DAGs
[2026-05-19T13:54:17.491+0000] {logging_mixin.py:188} INFO - [2026-05-19T13:54:17.490+0000] {dag.py:3954} INFO - Setting next_dagrun for example_params_ui_tutorial to None, run_after=None
[2026-05-19T13:54:17.522+0000] {processor.py:183} INFO - Processing /home/airflow/.local/lib/python3.12/site-packages/airflow/example_dags/example_params_ui_tutorial.py took 0.176 seconds
[2026-05-19T13:54:47.977+0000] {processor.py:161} INFO - Started process (PID=2862) to work on /home/airflow/.local/lib/python3.12/site-packages/airflow/example_dags/example_params_ui_tutorial.py
[2026-05-19T13:54:47.978+0000] {processor.py:830} INFO - Processing file /home/airflow/.local/lib/python3.12/site-packages/airflow/example_dags/example_params_ui_tutorial.py for tasks to queue
[2026-05-19T13:54:47.983+0000] {logging_mixin.py:188} INFO - [2026-05-19T13:54:47.981+0000] {dagbag.py:545} INFO - Filling up the DagBag from /home/airflow/.local/lib/python3.12/site-packages/airflow/example_dags/example_params_ui_tutorial.py
[2026-05-19T13:54:47.999+0000] {processor.py:840} INFO - DAG(s) 'example_params_ui_tutorial' retrieved from /home/airflow/.local/lib/python3.12/site-packages/airflow/example_dags/example_params_ui_tutorial.py
[2026-05-19T13:54:48.069+0000] {logging_mixin.py:188} INFO - [2026-05-19T13:54:48.069+0000] {dag.py:3096} INFO - Sync 1 DAGs
[2026-05-19T13:54:48.090+0000] {logging_mixin.py:188} INFO - [2026-05-19T13:54:48.090+0000] {dag.py:3954} INFO - Setting next_dagrun for example_params_ui_tutorial to None, run_after=None
[2026-05-19T13:54:48.123+0000] {processor.py:183} INFO - Processing /home/airflow/.local/lib/python3.12/site-packages/airflow/example_dags/example_params_ui_tutorial.py took 0.154 seconds
[2026-05-19T13:55:18.591+0000] {processor.py:161} INFO - Started process (PID=2921) to work on /home/airflow/.local/lib/python3.12/site-packages/airflow/example_dags/example_params_ui_tutorial.py
[2026-05-19T13:55:18.592+0000] {processor.py:830} INFO - Processing file /home/airflow/.local/lib/python3.12/site-packages/airflow/example_dags/example_params_ui_tutorial.py for tasks to queue
[2026-05-19T13:55:18.594+0000] {logging_mixin.py:188} INFO - [2026-05-19T13:55:18.594+0000] {dagbag.py:545} INFO - Filling up the DagBag from /home/airflow/.local/lib/python3.12/site-packages/airflow/example_dags/example_params_ui_tutorial.py
[2026-05-19T13:55:18.607+0000] {processor.py:840} INFO - DAG(s) 'example_params_ui_tutorial' retrieved from /home/airflow/.local/lib/python3.12/site-packages/airflow/example_dags/example_params_ui_tutorial.py
[2026-05-19T13:55:18.662+0000] {logging_mixin.py:188} INFO - [2026-05-19T13:55:18.662+0000] {dag.py:3096} INFO - Sync 1 DAGs
[2026-05-19T13:55:18.679+0000] {logging_mixin.py:188} INFO - [2026-05-19T13:55:18.678+0000] {dag.py:3954} INFO - Setting next_dagrun for example_params_ui_tutorial to None, run_after=None
[2026-05-19T13:55:18.712+0000] {processor.py:183} INFO - Processing /home/airflow/.local/lib/python3.12/site-packages/airflow/example_dags/example_params_ui_tutorial.py took 0.127 seconds
[2026-05-19T13:55:48.850+0000] {processor.py:161} INFO - Started process (PID=2979) to work on /home/airflow/.local/lib/python3.12/site-packages/airflow/example_dags/example_params_ui_tutorial.py
[2026-05-19T13:55:48.853+0000] {processor.py:830} INFO - Processing file /home/airflow/.local/lib/python3.12/site-packages/airflow/example_dags/example_params_ui_tutorial.py for tasks to queue
[2026-05-19T13:55:48.857+0000] {logging_mixin.py:188} INFO - [2026-05-19T13:55:48.856+0000] {dagbag.py:545} INFO - Filling up the DagBag from /home/airflow/.local/lib/python3.12/site-packages/airflow/example_dags/example_params_ui_tutorial.py
[2026-05-19T13:55:48.890+0000] {processor.py:840} INFO - DAG(s) 'example_params_ui_tutorial' retrieved from /home/airflow/.local/lib/python3.12/site-packages/airflow/example_dags/example_params_ui_tutorial.py
[2026-05-19T13:55:49.011+0000] {logging_mixin.py:188} INFO - [2026-05-19T13:55:49.011+0000] {dag.py:3096} INFO - Sync 1 DAGs
[2026-05-19T13:55:49.035+0000] {logging_mixin.py:188} INFO - [2026-05-19T13:55:49.035+0000] {dag.py:3954} INFO - Setting next_dagrun for example_params_ui_tutorial to None, run_after=None
[2026-05-19T13:55:49.076+0000] {processor.py:183} INFO - Processing /home/airflow/.local/lib/python3.12/site-packages/airflow/example_dags/example_params_ui_tutorial.py took 0.242 seconds
[2026-05-19T13:56:19.977+0000] {processor.py:161} INFO - Started process (PID=3037) to work on /home/airflow/.local/lib/python3.12/site-packages/airflow/example_dags/example_params_ui_tutorial.py
[2026-05-19T13:56:19.980+0000] {processor.py:830} INFO - Processing file /home/airflow/.local/lib/python3.12/site-packages/airflow/example_dags/example_params_ui_tutorial.py for tasks to queue
[2026-05-19T13:56:19.985+0000] {logging_mixin.py:188} INFO - [2026-05-19T13:56:19.984+0000] {dagbag.py:545} INFO - Filling up the DagBag from /home/airflow/.local/lib/python3.12/site-packages/airflow/example_dags/example_params_ui_tutorial.py
[2026-05-19T13:56:20.024+0000] {processor.py:840} INFO - DAG(s) 'example_params_ui_tutorial' retrieved from /home/airflow/.local/lib/python3.12/site-packages/airflow/example_dags/example_params_ui_tutorial.py
[2026-05-19T13:56:20.128+0000] {logging_mixin.py:188} INFO - [2026-05-19T13:56:20.128+0000] {dag.py:3096} INFO - Sync 1 DAGs
[2026-05-19T13:56:20.147+0000] {logging_mixin.py:188} INFO - [2026-05-19T13:56:20.147+0000] {dag.py:3954} INFO - Setting next_dagrun for example_params_ui_tutorial to None, run_after=None
[2026-05-19T13:56:20.181+0000] {processor.py:183} INFO - Processing /home/airflow/.local/lib/python3.12/site-packages/airflow/example_dags/example_params_ui_tutorial.py took 0.214 seconds
[2026-05-19T13:56:50.743+0000] {processor.py:161} INFO - Started process (PID=3096) to work on /home/airflow/.local/lib/python3.12/site-packages/airflow/example_dags/example_params_ui_tutorial.py
[2026-05-19T13:56:50.746+0000] {processor.py:830} INFO - Processing file /home/airflow/.local/lib/python3.12/site-packages/airflow/example_dags/example_params_ui_tutorial.py for tasks to queue
[2026-05-19T13:56:50.750+0000] {logging_mixin.py:188} INFO - [2026-05-19T13:56:50.749+0000] {dagbag.py:545} INFO - Filling up the DagBag from /home/airflow/.local/lib/python3.12/site-packages/airflow/example_dags/example_params_ui_tutorial.py
[2026-05-19T13:56:50.762+0000] {processor.py:840} INFO - DAG(s) 'example_params_ui_tutorial' retrieved from /home/airflow/.local/lib/python3.12/site-packages/airflow/example_dags/example_params_ui_tutorial.py
[2026-05-19T13:56:50.828+0000] {logging_mixin.py:188} INFO - [2026-05-19T13:56:50.828+0000] {dag.py:3096} INFO - Sync 1 DAGs
[2026-05-19T13:56:50.844+0000] {logging_mixin.py:188} INFO - [2026-05-19T13:56:50.844+0000] {dag.py:3954} INFO - Setting next_dagrun for example_params_ui_tutorial to None, run_after=None
[2026-05-19T13:56:50.879+0000] {processor.py:183} INFO - Processing /home/airflow/.local/lib/python3.12/site-packages/airflow/example_dags/example_params_ui_tutorial.py took 0.144 seconds
[2026-05-19T13:57:21.098+0000] {processor.py:161} INFO - Started process (PID=3155) to work on /home/airflow/.local/lib/python3.12/site-packages/airflow/example_dags/example_params_ui_tutorial.py
[2026-05-19T13:57:21.100+0000] {processor.py:830} INFO - Processing file /home/airflow/.local/lib/python3.12/site-packages/airflow/example_dags/example_params_ui_tutorial.py for tasks to queue
[2026-05-19T13:57:21.105+0000] {logging_mixin.py:188} INFO - [2026-05-19T13:57:21.104+0000] {dagbag.py:545} INFO - Filling up the DagBag from /home/airflow/.local/lib/python3.12/site-packages/airflow/example_dags/example_params_ui_tutorial.py
[2026-05-19T13:57:21.122+0000] {processor.py:840} INFO - DAG(s) 'example_params_ui_tutorial' retrieved from /home/airflow/.local/lib/python3.12/site-packages/airflow/example_dags/example_params_ui_tutorial.py
[2026-05-19T13:57:21.179+0000] {logging_mixin.py:188} INFO - [2026-05-19T13:57:21.179+0000] {dag.py:3096} INFO - Sync 1 DAGs
[2026-05-19T13:57:21.198+0000] {logging_mixin.py:188} INFO - [2026-05-19T13:57:21.198+0000] {dag.py:3954} INFO - Setting next_dagrun for example_params_ui_tutorial to None, run_after=None
[2026-05-19T13:57:21.229+0000] {processor.py:183} INFO - Processing /home/airflow/.local/lib/python3.12/site-packages/airflow/example_dags/example_params_ui_tutorial.py took 0.142 seconds
[2026-05-19T13:57:51.706+0000] {processor.py:161} INFO - Started process (PID=3214) to work on /home/airflow/.local/lib/python3.12/site-packages/airflow/example_dags/example_params_ui_tutorial.py
[2026-05-19T13:57:51.708+0000] {processor.py:830} INFO - Processing file /home/airflow/.local/lib/python3.12/site-packages/airflow/example_dags/example_params_ui_tutorial.py for tasks to queue
[2026-05-19T13:57:51.711+0000] {logging_mixin.py:188} INFO - [2026-05-19T13:57:51.710+0000] {dagbag.py:545} INFO - Filling up the DagBag from /home/airflow/.local/lib/python3.12/site-packages/airflow/example_dags/example_params_ui_tutorial.py
[2026-05-19T13:57:51.727+0000] {processor.py:840} INFO - DAG(s) 'example_params_ui_tutorial' retrieved from /home/airflow/.local/lib/python3.12/site-packages/airflow/example_dags/example_params_ui_tutorial.py
[2026-05-19T13:57:51.800+0000] {logging_mixin.py:188} INFO - [2026-05-19T13:57:51.799+0000] {dag.py:3096} INFO - Sync 1 DAGs
[2026-05-19T13:57:51.819+0000] {logging_mixin.py:188} INFO - [2026-05-19T13:57:51.818+0000] {dag.py:3954} INFO - Setting next_dagrun for example_params_ui_tutorial to None, run_after=None
[2026-05-19T13:57:51.856+0000] {processor.py:183} INFO - Processing /home/airflow/.local/lib/python3.12/site-packages/airflow/example_dags/example_params_ui_tutorial.py took 0.160 seconds
[2026-05-19T13:58:22.457+0000] {processor.py:161} INFO - Started process (PID=3273) to work on /home/airflow/.local/lib/python3.12/site-packages/airflow/example_dags/example_params_ui_tutorial.py
[2026-05-19T13:58:22.458+0000] {processor.py:830} INFO - Processing file /home/airflow/.local/lib/python3.12/site-packages/airflow/example_dags/example_params_ui_tutorial.py for tasks to queue
[2026-05-19T13:58:22.460+0000] {logging_mixin.py:188} INFO - [2026-05-19T13:58:22.460+0000] {dagbag.py:545} INFO - Filling up the DagBag from /home/airflow/.local/lib/python3.12/site-packages/airflow/example_dags/example_params_ui_tutorial.py
[2026-05-19T13:58:22.471+0000] {processor.py:840} INFO - DAG(s) 'example_params_ui_tutorial' retrieved from /home/airflow/.local/lib/python3.12/site-packages/airflow/example_dags/example_params_ui_tutorial.py
[2026-05-19T13:58:22.532+0000] {logging_mixin.py:188} INFO - [2026-05-19T13:58:22.532+0000] {dag.py:3096} INFO - Sync 1 DAGs
[2026-05-19T13:58:22.547+0000] {logging_mixin.py:188} INFO - [2026-05-19T13:58:22.547+0000] {dag.py:3954} INFO - Setting next_dagrun for example_params_ui_tutorial to None, run_after=None
[2026-05-19T13:58:22.574+0000] {processor.py:183} INFO - Processing /home/airflow/.local/lib/python3.12/site-packages/airflow/example_dags/example_params_ui_tutorial.py took 0.123 seconds
[2026-05-19T13:58:52.834+0000] {processor.py:161} INFO - Started process (PID=3332) to work on /home/airflow/.local/lib/python3.12/site-packages/airflow/example_dags/example_params_ui_tutorial.py
[2026-05-19T13:58:52.836+0000] {processor.py:830} INFO - Processing file /home/airflow/.local/lib/python3.12/site-packages/airflow/example_dags/example_params_ui_tutorial.py for tasks to queue
[2026-05-19T13:58:52.839+0000] {logging_mixin.py:188} INFO - [2026-05-19T13:58:52.838+0000] {dagbag.py:545} INFO - Filling up the DagBag from /home/airflow/.local/lib/python3.12/site-packages/airflow/example_dags/example_params_ui_tutorial.py
[2026-05-19T13:58:52.855+0000] {processor.py:840} INFO - DAG(s) 'example_params_ui_tutorial' retrieved from /home/airflow/.local/lib/python3.12/site-packages/airflow/example_dags/example_params_ui_tutorial.py
[2026-05-19T13:58:52.926+0000] {logging_mixin.py:188} INFO - [2026-05-19T13:58:52.925+0000] {dag.py:3096} INFO - Sync 1 DAGs
[2026-05-19T13:58:52.941+0000] {logging_mixin.py:188} INFO - [2026-05-19T13:58:52.940+0000] {dag.py:3954} INFO - Setting next_dagrun for example_params_ui_tutorial to None, run_after=None
[2026-05-19T13:58:52.972+0000] {processor.py:183} INFO - Processing /home/airflow/.local/lib/python3.12/site-packages/airflow/example_dags/example_params_ui_tutorial.py took 0.144 seconds
[2026-05-19T13:59:23.242+0000] {processor.py:161} INFO - Started process (PID=3391) to work on /home/airflow/.local/lib/python3.12/site-packages/airflow/example_dags/example_params_ui_tutorial.py
[2026-05-19T13:59:23.244+0000] {processor.py:830} INFO - Processing file /home/airflow/.local/lib/python3.12/site-packages/airflow/example_dags/example_params_ui_tutorial.py for tasks to queue
[2026-05-19T13:59:23.249+0000] {logging_mixin.py:188} INFO - [2026-05-19T13:59:23.248+0000] {dagbag.py:545} INFO - Filling up the DagBag from /home/airflow/.local/lib/python3.12/site-packages/airflow/example_dags/example_params_ui_tutorial.py
[2026-05-19T13:59:23.265+0000] {processor.py:840} INFO - DAG(s) 'example_params_ui_tutorial' retrieved from /home/airflow/.local/lib/python3.12/site-packages/airflow/example_dags/example_params_ui_tutorial.py
[2026-05-19T13:59:23.312+0000] {logging_mixin.py:188} INFO - [2026-05-19T13:59:23.312+0000] {dag.py:3096} INFO - Sync 1 DAGs
[2026-05-19T13:59:23.327+0000] {logging_mixin.py:188} INFO - [2026-05-19T13:59:23.327+0000] {dag.py:3954} INFO - Setting next_dagrun for example_params_ui_tutorial to None, run_after=None
[2026-05-19T13:59:23.352+0000] {processor.py:183} INFO - Processing /home/airflow/.local/lib/python3.12/site-packages/airflow/example_dags/example_params_ui_tutorial.py took 0.116 seconds
[2026-05-19T13:59:53.747+0000] {processor.py:161} INFO - Started process (PID=3451) to work on /home/airflow/.local/lib/python3.12/site-packages/airflow/example_dags/example_params_ui_tutorial.py
[2026-05-19T13:59:53.753+0000] {processor.py:830} INFO - Processing file /home/airflow/.local/lib/python3.12/site-packages/airflow/example_dags/example_params_ui_tutorial.py for tasks to queue
[2026-05-19T13:59:53.763+0000] {logging_mixin.py:188} INFO - [2026-05-19T13:59:53.762+0000] {dagbag.py:545} INFO - Filling up the DagBag from /home/airflow/.local/lib/python3.12/site-packages/airflow/example_dags/example_params_ui_tutorial.py
[2026-05-19T13:59:53.885+0000] {processor.py:840} INFO - DAG(s) 'example_params_ui_tutorial' retrieved from /home/airflow/.local/lib/python3.12/site-packages/airflow/example_dags/example_params_ui_tutorial.py
[2026-05-19T13:59:54.140+0000] {logging_mixin.py:188} INFO - [2026-05-19T13:59:54.139+0000] {dag.py:3096} INFO - Sync 1 DAGs
[2026-05-19T13:59:54.169+0000] {logging_mixin.py:188} INFO - [2026-05-19T13:59:54.168+0000] {dag.py:3954} INFO - Setting next_dagrun for example_params_ui_tutorial to None, run_after=None
[2026-05-19T13:59:54.263+0000] {processor.py:183} INFO - Processing /home/airflow/.local/lib/python3.12/site-packages/airflow/example_dags/example_params_ui_tutorial.py took 0.555 seconds
[2026-05-19T14:00:24.428+0000] {processor.py:161} INFO - Started process (PID=3510) to work on /home/airflow/.local/lib/python3.12/site-packages/airflow/example_dags/example_params_ui_tutorial.py
[2026-05-19T14:00:24.431+0000] {processor.py:830} INFO - Processing file /home/airflow/.local/lib/python3.12/site-packages/airflow/example_dags/example_params_ui_tutorial.py for tasks to queue
[2026-05-19T14:00:24.437+0000] {logging_mixin.py:188} INFO - [2026-05-19T14:00:24.435+0000] {dagbag.py:545} INFO - Filling up the DagBag from /home/airflow/.local/lib/python3.12/site-packages/airflow/example_dags/example_params_ui_tutorial.py
[2026-05-19T14:00:24.483+0000] {processor.py:840} INFO - DAG(s) 'example_params_ui_tutorial' retrieved from /home/airflow/.local/lib/python3.12/site-packages/airflow/example_dags/example_params_ui_tutorial.py
[2026-05-19T14:00:24.618+0000] {logging_mixin.py:188} INFO - [2026-05-19T14:00:24.618+0000] {dag.py:3096} INFO - Sync 1 DAGs
[2026-05-19T14:00:24.651+0000] {logging_mixin.py:188} INFO - [2026-05-19T14:00:24.650+0000] {dag.py:3954} INFO - Setting next_dagrun for example_params_ui_tutorial to None, run_after=None
[2026-05-19T14:00:24.700+0000] {processor.py:183} INFO - Processing /home/airflow/.local/lib/python3.12/site-packages/airflow/example_dags/example_params_ui_tutorial.py took 0.293 seconds
[2026-05-19T14:00:54.940+0000] {processor.py:161} INFO - Started process (PID=3570) to work on /home/airflow/.local/lib/python3.12/site-packages/airflow/example_dags/example_params_ui_tutorial.py
[2026-05-19T14:00:54.944+0000] {processor.py:830} INFO - Processing file /home/airflow/.local/lib/python3.12/site-packages/airflow/example_dags/example_params_ui_tutorial.py for tasks to queue
[2026-05-19T14:00:54.950+0000] {logging_mixin.py:188} INFO - [2026-05-19T14:00:54.949+0000] {dagbag.py:545} INFO - Filling up the DagBag from /home/airflow/.local/lib/python3.12/site-packages/airflow/example_dags/example_params_ui_tutorial.py
[2026-05-19T14:00:54.993+0000] {processor.py:840} INFO - DAG(s) 'example_params_ui_tutorial' retrieved from /home/airflow/.local/lib/python3.12/site-packages/airflow/example_dags/example_params_ui_tutorial.py
[2026-05-19T14:00:55.227+0000] {logging_mixin.py:188} INFO - [2026-05-19T14:00:55.226+0000] {dag.py:3096} INFO - Sync 1 DAGs
[2026-05-19T14:00:55.285+0000] {logging_mixin.py:188} INFO - [2026-05-19T14:00:55.284+0000] {dag.py:3954} INFO - Setting next_dagrun for example_params_ui_tutorial to None, run_after=None
[2026-05-19T14:00:55.418+0000] {processor.py:183} INFO - Processing /home/airflow/.local/lib/python3.12/site-packages/airflow/example_dags/example_params_ui_tutorial.py took 0.491 seconds
[2026-05-19T14:01:26.322+0000] {processor.py:161} INFO - Started process (PID=3629) to work on /home/airflow/.local/lib/python3.12/site-packages/airflow/example_dags/example_params_ui_tutorial.py
[2026-05-19T14:01:26.324+0000] {processor.py:830} INFO - Processing file /home/airflow/.local/lib/python3.12/site-packages/airflow/example_dags/example_params_ui_tutorial.py for tasks to queue
[2026-05-19T14:01:26.327+0000] {logging_mixin.py:188} INFO - [2026-05-19T14:01:26.327+0000] {dagbag.py:545} INFO - Filling up the DagBag from /home/airflow/.local/lib/python3.12/site-packages/airflow/example_dags/example_params_ui_tutorial.py
[2026-05-19T14:01:26.344+0000] {processor.py:840} INFO - DAG(s) 'example_params_ui_tutorial' retrieved from /home/airflow/.local/lib/python3.12/site-packages/airflow/example_dags/example_params_ui_tutorial.py
[2026-05-19T14:01:26.428+0000] {logging_mixin.py:188} INFO - [2026-05-19T14:01:26.427+0000] {dag.py:3096} INFO - Sync 1 DAGs
[2026-05-19T14:01:26.452+0000] {logging_mixin.py:188} INFO - [2026-05-19T14:01:26.452+0000] {dag.py:3954} INFO - Setting next_dagrun for example_params_ui_tutorial to None, run_after=None
[2026-05-19T14:01:26.484+0000] {processor.py:183} INFO - Processing /home/airflow/.local/lib/python3.12/site-packages/airflow/example_dags/example_params_ui_tutorial.py took 0.172 seconds
[2026-05-19T14:01:56.767+0000] {processor.py:161} INFO - Started process (PID=3688) to work on /home/airflow/.local/lib/python3.12/site-packages/airflow/example_dags/example_params_ui_tutorial.py
[2026-05-19T14:01:56.770+0000] {processor.py:830} INFO - Processing file /home/airflow/.local/lib/python3.12/site-packages/airflow/example_dags/example_params_ui_tutorial.py for tasks to queue
[2026-05-19T14:01:56.775+0000] {logging_mixin.py:188} INFO - [2026-05-19T14:01:56.774+0000] {dagbag.py:545} INFO - Filling up the DagBag from /home/airflow/.local/lib/python3.12/site-packages/airflow/example_dags/example_params_ui_tutorial.py
[2026-05-19T14:01:56.850+0000] {processor.py:840} INFO - DAG(s) 'example_params_ui_tutorial' retrieved from /home/airflow/.local/lib/python3.12/site-packages/airflow/example_dags/example_params_ui_tutorial.py
[2026-05-19T14:01:57.061+0000] {logging_mixin.py:188} INFO - [2026-05-19T14:01:57.059+0000] {dag.py:3096} INFO - Sync 1 DAGs
[2026-05-19T14:01:57.108+0000] {logging_mixin.py:188} INFO - [2026-05-19T14:01:57.107+0000] {dag.py:3954} INFO - Setting next_dagrun for example_params_ui_tutorial to None, run_after=None
[2026-05-19T14:01:57.179+0000] {processor.py:183} INFO - Processing /home/airflow/.local/lib/python3.12/site-packages/airflow/example_dags/example_params_ui_tutorial.py took 0.424 seconds
[2026-05-19T14:02:27.346+0000] {processor.py:161} INFO - Started process (PID=3747) to work on /home/airflow/.local/lib/python3.12/site-packages/airflow/example_dags/example_params_ui_tutorial.py
[2026-05-19T14:02:27.348+0000] {processor.py:830} INFO - Processing file /home/airflow/.local/lib/python3.12/site-packages/airflow/example_dags/example_params_ui_tutorial.py for tasks to queue
[2026-05-19T14:02:27.350+0000] {logging_mixin.py:188} INFO - [2026-05-19T14:02:27.350+0000] {dagbag.py:545} INFO - Filling up the DagBag from /home/airflow/.local/lib/python3.12/site-packages/airflow/example_dags/example_params_ui_tutorial.py
[2026-05-19T14:02:27.366+0000] {processor.py:840} INFO - DAG(s) 'example_params_ui_tutorial' retrieved from /home/airflow/.local/lib/python3.12/site-packages/airflow/example_dags/example_params_ui_tutorial.py
[2026-05-19T14:02:27.427+0000] {logging_mixin.py:188} INFO - [2026-05-19T14:02:27.427+0000] {dag.py:3096} INFO - Sync 1 DAGs
[2026-05-19T14:02:27.444+0000] {logging_mixin.py:188} INFO - [2026-05-19T14:02:27.444+0000] {dag.py:3954} INFO - Setting next_dagrun for example_params_ui_tutorial to None, run_after=None
[2026-05-19T14:02:27.470+0000] {processor.py:183} INFO - Processing /home/airflow/.local/lib/python3.12/site-packages/airflow/example_dags/example_params_ui_tutorial.py took 0.131 seconds
[2026-05-19T14:02:58.270+0000] {processor.py:161} INFO - Started process (PID=3806) to work on /home/airflow/.local/lib/python3.12/site-packages/airflow/example_dags/example_params_ui_tutorial.py
[2026-05-19T14:02:58.273+0000] {processor.py:830} INFO - Processing file /home/airflow/.local/lib/python3.12/site-packages/airflow/example_dags/example_params_ui_tutorial.py for tasks to queue
[2026-05-19T14:02:58.276+0000] {logging_mixin.py:188} INFO - [2026-05-19T14:02:58.276+0000] {dagbag.py:545} INFO - Filling up the DagBag from /home/airflow/.local/lib/python3.12/site-packages/airflow/example_dags/example_params_ui_tutorial.py
[2026-05-19T14:02:58.296+0000] {processor.py:840} INFO - DAG(s) 'example_params_ui_tutorial' retrieved from /home/airflow/.local/lib/python3.12/site-packages/airflow/example_dags/example_params_ui_tutorial.py
[2026-05-19T14:02:58.379+0000] {logging_mixin.py:188} INFO - [2026-05-19T14:02:58.379+0000] {dag.py:3096} INFO - Sync 1 DAGs
[2026-05-19T14:02:58.405+0000] {logging_mixin.py:188} INFO - [2026-05-19T14:02:58.405+0000] {dag.py:3954} INFO - Setting next_dagrun for example_params_ui_tutorial to None, run_after=None
[2026-05-19T14:02:58.438+0000] {processor.py:183} INFO - Processing /home/airflow/.local/lib/python3.12/site-packages/airflow/example_dags/example_params_ui_tutorial.py took 0.176 seconds
[2026-05-19T14:03:28.621+0000] {processor.py:161} INFO - Started process (PID=3865) to work on /home/airflow/.local/lib/python3.12/site-packages/airflow/example_dags/example_params_ui_tutorial.py
[2026-05-19T14:03:28.623+0000] {processor.py:830} INFO - Processing file /home/airflow/.local/lib/python3.12/site-packages/airflow/example_dags/example_params_ui_tutorial.py for tasks to queue
[2026-05-19T14:03:28.626+0000] {logging_mixin.py:188} INFO - [2026-05-19T14:03:28.626+0000] {dagbag.py:545} INFO - Filling up the DagBag from /home/airflow/.local/lib/python3.12/site-packages/airflow/example_dags/example_params_ui_tutorial.py
[2026-05-19T14:03:28.639+0000] {processor.py:840} INFO - DAG(s) 'example_params_ui_tutorial' retrieved from /home/airflow/.local/lib/python3.12/site-packages/airflow/example_dags/example_params_ui_tutorial.py
[2026-05-19T14:03:28.699+0000] {logging_mixin.py:188} INFO - [2026-05-19T14:03:28.699+0000] {dag.py:3096} INFO - Sync 1 DAGs
[2026-05-19T14:03:28.713+0000] {logging_mixin.py:188} INFO - [2026-05-19T14:03:28.712+0000] {dag.py:3954} INFO - Setting next_dagrun for example_params_ui_tutorial to None, run_after=None
[2026-05-19T14:03:28.740+0000] {processor.py:183} INFO - Processing /home/airflow/.local/lib/python3.12/site-packages/airflow/example_dags/example_params_ui_tutorial.py took 0.125 seconds
[2026-05-19T14:03:58.896+0000] {processor.py:161} INFO - Started process (PID=3924) to work on /home/airflow/.local/lib/python3.12/site-packages/airflow/example_dags/example_params_ui_tutorial.py
[2026-05-19T14:03:58.898+0000] {processor.py:830} INFO - Processing file /home/airflow/.local/lib/python3.12/site-packages/airflow/example_dags/example_params_ui_tutorial.py for tasks to queue
[2026-05-19T14:03:58.902+0000] {logging_mixin.py:188} INFO - [2026-05-19T14:03:58.902+0000] {dagbag.py:545} INFO - Filling up the DagBag from /home/airflow/.local/lib/python3.12/site-packages/airflow/example_dags/example_params_ui_tutorial.py
[2026-05-19T14:03:58.916+0000] {processor.py:840} INFO - DAG(s) 'example_params_ui_tutorial' retrieved from /home/airflow/.local/lib/python3.12/site-packages/airflow/example_dags/example_params_ui_tutorial.py
[2026-05-19T14:03:58.980+0000] {logging_mixin.py:188} INFO - [2026-05-19T14:03:58.979+0000] {dag.py:3096} INFO - Sync 1 DAGs
[2026-05-19T14:03:58.995+0000] {logging_mixin.py:188} INFO - [2026-05-19T14:03:58.994+0000] {dag.py:3954} INFO - Setting next_dagrun for example_params_ui_tutorial to None, run_after=None
[2026-05-19T14:03:59.030+0000] {processor.py:183} INFO - Processing /home/airflow/.local/lib/python3.12/site-packages/airflow/example_dags/example_params_ui_tutorial.py took 0.141 seconds
[2026-05-19T14:04:29.078+0000] {processor.py:161} INFO - Started process (PID=3983) to work on /home/airflow/.local/lib/python3.12/site-packages/airflow/example_dags/example_params_ui_tutorial.py
[2026-05-19T14:04:29.079+0000] {processor.py:830} INFO - Processing file /home/airflow/.local/lib/python3.12/site-packages/airflow/example_dags/example_params_ui_tutorial.py for tasks to queue
[2026-05-19T14:04:29.082+0000] {logging_mixin.py:188} INFO - [2026-05-19T14:04:29.082+0000] {dagbag.py:545} INFO - Filling up the DagBag from /home/airflow/.local/lib/python3.12/site-packages/airflow/example_dags/example_params_ui_tutorial.py
[2026-05-19T14:04:29.100+0000] {processor.py:840} INFO - DAG(s) 'example_params_ui_tutorial' retrieved from /home/airflow/.local/lib/python3.12/site-packages/airflow/example_dags/example_params_ui_tutorial.py
[2026-05-19T14:04:29.171+0000] {logging_mixin.py:188} INFO - [2026-05-19T14:04:29.170+0000] {dag.py:3096} INFO - Sync 1 DAGs
[2026-05-19T14:04:29.194+0000] {logging_mixin.py:188} INFO - [2026-05-19T14:04:29.194+0000] {dag.py:3954} INFO - Setting next_dagrun for example_params_ui_tutorial to None, run_after=None
[2026-05-19T14:04:29.221+0000] {processor.py:183} INFO - Processing /home/airflow/.local/lib/python3.12/site-packages/airflow/example_dags/example_params_ui_tutorial.py took 0.149 seconds
[2026-05-19T14:04:59.744+0000] {processor.py:161} INFO - Started process (PID=4042) to work on /home/airflow/.local/lib/python3.12/site-packages/airflow/example_dags/example_params_ui_tutorial.py
[2026-05-19T14:04:59.746+0000] {processor.py:830} INFO - Processing file /home/airflow/.local/lib/python3.12/site-packages/airflow/example_dags/example_params_ui_tutorial.py for tasks to queue
[2026-05-19T14:04:59.749+0000] {logging_mixin.py:188} INFO - [2026-05-19T14:04:59.749+0000] {dagbag.py:545} INFO - Filling up the DagBag from /home/airflow/.local/lib/python3.12/site-packages/airflow/example_dags/example_params_ui_tutorial.py
[2026-05-19T14:04:59.761+0000] {processor.py:840} INFO - DAG(s) 'example_params_ui_tutorial' retrieved from /home/airflow/.local/lib/python3.12/site-packages/airflow/example_dags/example_params_ui_tutorial.py
[2026-05-19T14:04:59.829+0000] {logging_mixin.py:188} INFO - [2026-05-19T14:04:59.829+0000] {dag.py:3096} INFO - Sync 1 DAGs
[2026-05-19T14:04:59.852+0000] {logging_mixin.py:188} INFO - [2026-05-19T14:04:59.852+0000] {dag.py:3954} INFO - Setting next_dagrun for example_params_ui_tutorial to None, run_after=None
[2026-05-19T14:04:59.887+0000] {processor.py:183} INFO - Processing /home/airflow/.local/lib/python3.12/site-packages/airflow/example_dags/example_params_ui_tutorial.py took 0.149 seconds
[2026-05-19T14:05:30.784+0000] {processor.py:161} INFO - Started process (PID=4101) to work on /home/airflow/.local/lib/python3.12/site-packages/airflow/example_dags/example_params_ui_tutorial.py
[2026-05-19T14:05:30.786+0000] {processor.py:830} INFO - Processing file /home/airflow/.local/lib/python3.12/site-packages/airflow/example_dags/example_params_ui_tutorial.py for tasks to queue
[2026-05-19T14:05:30.789+0000] {logging_mixin.py:188} INFO - [2026-05-19T14:05:30.789+0000] {dagbag.py:545} INFO - Filling up the DagBag from /home/airflow/.local/lib/python3.12/site-packages/airflow/example_dags/example_params_ui_tutorial.py
[2026-05-19T14:05:30.804+0000] {processor.py:840} INFO - DAG(s) 'example_params_ui_tutorial' retrieved from /home/airflow/.local/lib/python3.12/site-packages/airflow/example_dags/example_params_ui_tutorial.py
[2026-05-19T14:05:30.871+0000] {logging_mixin.py:188} INFO - [2026-05-19T14:05:30.870+0000] {dag.py:3096} INFO - Sync 1 DAGs
[2026-05-19T14:05:30.884+0000] {logging_mixin.py:188} INFO - [2026-05-19T14:05:30.884+0000] {dag.py:3954} INFO - Setting next_dagrun for example_params_ui_tutorial to None, run_after=None
[2026-05-19T14:05:30.907+0000] {processor.py:183} INFO - Processing /home/airflow/.local/lib/python3.12/site-packages/airflow/example_dags/example_params_ui_tutorial.py took 0.130 seconds
[2026-05-19T14:06:01.302+0000] {processor.py:161} INFO - Started process (PID=4161) to work on /home/airflow/.local/lib/python3.12/site-packages/airflow/example_dags/example_params_ui_tutorial.py
[2026-05-19T14:06:01.303+0000] {processor.py:830} INFO - Processing file /home/airflow/.local/lib/python3.12/site-packages/airflow/example_dags/example_params_ui_tutorial.py for tasks to queue
[2026-05-19T14:06:01.305+0000] {logging_mixin.py:188} INFO - [2026-05-19T14:06:01.305+0000] {dagbag.py:545} INFO - Filling up the DagBag from /home/airflow/.local/lib/python3.12/site-packages/airflow/example_dags/example_params_ui_tutorial.py
[2026-05-19T14:06:01.321+0000] {processor.py:840} INFO - DAG(s) 'example_params_ui_tutorial' retrieved from /home/airflow/.local/lib/python3.12/site-packages/airflow/example_dags/example_params_ui_tutorial.py
[2026-05-19T14:06:01.382+0000] {logging_mixin.py:188} INFO - [2026-05-19T14:06:01.382+0000] {dag.py:3096} INFO - Sync 1 DAGs
[2026-05-19T14:06:01.400+0000] {logging_mixin.py:188} INFO - [2026-05-19T14:06:01.400+0000] {dag.py:3954} INFO - Setting next_dagrun for example_params_ui_tutorial to None, run_after=None
[2026-05-19T14:06:01.431+0000] {processor.py:183} INFO - Processing /home/airflow/.local/lib/python3.12/site-packages/airflow/example_dags/example_params_ui_tutorial.py took 0.134 seconds
[2026-05-19T14:06:31.885+0000] {processor.py:161} INFO - Started process (PID=4220) to work on /home/airflow/.local/lib/python3.12/site-packages/airflow/example_dags/example_params_ui_tutorial.py
[2026-05-19T14:06:31.886+0000] {processor.py:830} INFO - Processing file /home/airflow/.local/lib/python3.12/site-packages/airflow/example_dags/example_params_ui_tutorial.py for tasks to queue
[2026-05-19T14:06:31.893+0000] {logging_mixin.py:188} INFO - [2026-05-19T14:06:31.892+0000] {dagbag.py:545} INFO - Filling up the DagBag from /home/airflow/.local/lib/python3.12/site-packages/airflow/example_dags/example_params_ui_tutorial.py
[2026-05-19T14:06:31.922+0000] {processor.py:840} INFO - DAG(s) 'example_params_ui_tutorial' retrieved from /home/airflow/.local/lib/python3.12/site-packages/airflow/example_dags/example_params_ui_tutorial.py
[2026-05-19T14:06:32.031+0000] {logging_mixin.py:188} INFO - [2026-05-19T14:06:32.030+0000] {dag.py:3096} INFO - Sync 1 DAGs
[2026-05-19T14:06:32.072+0000] {logging_mixin.py:188} INFO - [2026-05-19T14:06:32.071+0000] {dag.py:3954} INFO - Setting next_dagrun for example_params_ui_tutorial to None, run_after=None
[2026-05-19T14:06:32.123+0000] {processor.py:183} INFO - Processing /home/airflow/.local/lib/python3.12/site-packages/airflow/example_dags/example_params_ui_tutorial.py took 0.249 seconds
[2026-05-19T14:07:02.608+0000] {processor.py:161} INFO - Started process (PID=4279) to work on /home/airflow/.local/lib/python3.12/site-packages/airflow/example_dags/example_params_ui_tutorial.py
[2026-05-19T14:07:02.610+0000] {processor.py:830} INFO - Processing file /home/airflow/.local/lib/python3.12/site-packages/airflow/example_dags/example_params_ui_tutorial.py for tasks to queue
[2026-05-19T14:07:02.613+0000] {logging_mixin.py:188} INFO - [2026-05-19T14:07:02.613+0000] {dagbag.py:545} INFO - Filling up the DagBag from /home/airflow/.local/lib/python3.12/site-packages/airflow/example_dags/example_params_ui_tutorial.py
[2026-05-19T14:07:02.626+0000] {processor.py:840} INFO - DAG(s) 'example_params_ui_tutorial' retrieved from /home/airflow/.local/lib/python3.12/site-packages/airflow/example_dags/example_params_ui_tutorial.py
[2026-05-19T14:07:02.684+0000] {logging_mixin.py:188} INFO - [2026-05-19T14:07:02.684+0000] {dag.py:3096} INFO - Sync 1 DAGs
[2026-05-19T14:07:02.703+0000] {logging_mixin.py:188} INFO - [2026-05-19T14:07:02.702+0000] {dag.py:3954} INFO - Setting next_dagrun for example_params_ui_tutorial to None, run_after=None
[2026-05-19T14:07:02.729+0000] {processor.py:183} INFO - Processing /home/airflow/.local/lib/python3.12/site-packages/airflow/example_dags/example_params_ui_tutorial.py took 0.126 seconds
[2026-05-19T14:07:32.974+0000] {processor.py:161} INFO - Started process (PID=4338) to work on /home/airflow/.local/lib/python3.12/site-packages/airflow/example_dags/example_params_ui_tutorial.py
[2026-05-19T14:07:32.976+0000] {processor.py:830} INFO - Processing file /home/airflow/.local/lib/python3.12/site-packages/airflow/example_dags/example_params_ui_tutorial.py for tasks to queue
[2026-05-19T14:07:32.984+0000] {logging_mixin.py:188} INFO - [2026-05-19T14:07:32.983+0000] {dagbag.py:545} INFO - Filling up the DagBag from /home/airflow/.local/lib/python3.12/site-packages/airflow/example_dags/example_params_ui_tutorial.py
[2026-05-19T14:07:33.015+0000] {processor.py:840} INFO - DAG(s) 'example_params_ui_tutorial' retrieved from /home/airflow/.local/lib/python3.12/site-packages/airflow/example_dags/example_params_ui_tutorial.py
[2026-05-19T14:07:33.154+0000] {logging_mixin.py:188} INFO - [2026-05-19T14:07:33.153+0000] {dag.py:3096} INFO - Sync 1 DAGs
[2026-05-19T14:07:33.191+0000] {logging_mixin.py:188} INFO - [2026-05-19T14:07:33.190+0000] {dag.py:3954} INFO - Setting next_dagrun for example_params_ui_tutorial to None, run_after=None
[2026-05-19T14:07:33.248+0000] {processor.py:183} INFO - Processing /home/airflow/.local/lib/python3.12/site-packages/airflow/example_dags/example_params_ui_tutorial.py took 0.287 seconds
[2026-05-19T14:08:03.991+0000] {processor.py:161} INFO - Started process (PID=4397) to work on /home/airflow/.local/lib/python3.12/site-packages/airflow/example_dags/example_params_ui_tutorial.py
[2026-05-19T14:08:03.993+0000] {processor.py:830} INFO - Processing file /home/airflow/.local/lib/python3.12/site-packages/airflow/example_dags/example_params_ui_tutorial.py for tasks to queue
[2026-05-19T14:08:03.995+0000] {logging_mixin.py:188} INFO - [2026-05-19T14:08:03.995+0000] {dagbag.py:545} INFO - Filling up the DagBag from /home/airflow/.local/lib/python3.12/site-packages/airflow/example_dags/example_params_ui_tutorial.py
[2026-05-19T14:08:04.012+0000] {processor.py:840} INFO - DAG(s) 'example_params_ui_tutorial' retrieved from /home/airflow/.local/lib/python3.12/site-packages/airflow/example_dags/example_params_ui_tutorial.py
[2026-05-19T14:08:04.072+0000] {logging_mixin.py:188} INFO - [2026-05-19T14:08:04.071+0000] {dag.py:3096} INFO - Sync 1 DAGs
[2026-05-19T14:08:04.085+0000] {logging_mixin.py:188} INFO - [2026-05-19T14:08:04.085+0000] {dag.py:3954} INFO - Setting next_dagrun for example_params_ui_tutorial to None, run_after=None
[2026-05-19T14:08:04.108+0000] {processor.py:183} INFO - Processing /home/airflow/.local/lib/python3.12/site-packages/airflow/example_dags/example_params_ui_tutorial.py took 0.124 seconds
[2026-05-19T14:08:34.341+0000] {processor.py:161} INFO - Started process (PID=4456) to work on /home/airflow/.local/lib/python3.12/site-packages/airflow/example_dags/example_params_ui_tutorial.py
[2026-05-19T14:08:34.343+0000] {processor.py:830} INFO - Processing file /home/airflow/.local/lib/python3.12/site-packages/airflow/example_dags/example_params_ui_tutorial.py for tasks to queue
[2026-05-19T14:08:34.347+0000] {logging_mixin.py:188} INFO - [2026-05-19T14:08:34.346+0000] {dagbag.py:545} INFO - Filling up the DagBag from /home/airflow/.local/lib/python3.12/site-packages/airflow/example_dags/example_params_ui_tutorial.py
[2026-05-19T14:08:34.362+0000] {processor.py:840} INFO - DAG(s) 'example_params_ui_tutorial' retrieved from /home/airflow/.local/lib/python3.12/site-packages/airflow/example_dags/example_params_ui_tutorial.py
[2026-05-19T14:08:34.441+0000] {logging_mixin.py:188} INFO - [2026-05-19T14:08:34.441+0000] {dag.py:3096} INFO - Sync 1 DAGs
[2026-05-19T14:08:34.461+0000] {logging_mixin.py:188} INFO - [2026-05-19T14:08:34.461+0000] {dag.py:3954} INFO - Setting next_dagrun for example_params_ui_tutorial to None, run_after=None
[2026-05-19T14:08:34.497+0000] {processor.py:183} INFO - Processing /home/airflow/.local/lib/python3.12/site-packages/airflow/example_dags/example_params_ui_tutorial.py took 0.163 seconds
[2026-05-19T14:09:04.658+0000] {processor.py:161} INFO - Started process (PID=4515) to work on /home/airflow/.local/lib/python3.12/site-packages/airflow/example_dags/example_params_ui_tutorial.py
[2026-05-19T14:09:04.661+0000] {processor.py:830} INFO - Processing file /home/airflow/.local/lib/python3.12/site-packages/airflow/example_dags/example_params_ui_tutorial.py for tasks to queue
[2026-05-19T14:09:04.664+0000] {logging_mixin.py:188} INFO - [2026-05-19T14:09:04.663+0000] {dagbag.py:545} INFO - Filling up the DagBag from /home/airflow/.local/lib/python3.12/site-packages/airflow/example_dags/example_params_ui_tutorial.py
[2026-05-19T14:09:04.683+0000] {processor.py:840} INFO - DAG(s) 'example_params_ui_tutorial' retrieved from /home/airflow/.local/lib/python3.12/site-packages/airflow/example_dags/example_params_ui_tutorial.py
[2026-05-19T14:09:04.794+0000] {logging_mixin.py:188} INFO - [2026-05-19T14:09:04.793+0000] {dag.py:3096} INFO - Sync 1 DAGs
[2026-05-19T14:09:04.818+0000] {logging_mixin.py:188} INFO - [2026-05-19T14:09:04.818+0000] {dag.py:3954} INFO - Setting next_dagrun for example_params_ui_tutorial to None, run_after=None
[2026-05-19T14:09:04.853+0000] {processor.py:183} INFO - Processing /home/airflow/.local/lib/python3.12/site-packages/airflow/example_dags/example_params_ui_tutorial.py took 0.203 seconds
[2026-05-19T14:09:34.962+0000] {processor.py:161} INFO - Started process (PID=4575) to work on /home/airflow/.local/lib/python3.12/site-packages/airflow/example_dags/example_params_ui_tutorial.py
[2026-05-19T14:09:34.964+0000] {processor.py:830} INFO - Processing file /home/airflow/.local/lib/python3.12/site-packages/airflow/example_dags/example_params_ui_tutorial.py for tasks to queue
[2026-05-19T14:09:34.967+0000] {logging_mixin.py:188} INFO - [2026-05-19T14:09:34.966+0000] {dagbag.py:545} INFO - Filling up the DagBag from /home/airflow/.local/lib/python3.12/site-packages/airflow/example_dags/example_params_ui_tutorial.py
[2026-05-19T14:09:34.978+0000] {processor.py:840} INFO - DAG(s) 'example_params_ui_tutorial' retrieved from /home/airflow/.local/lib/python3.12/site-packages/airflow/example_dags/example_params_ui_tutorial.py
[2026-05-19T14:09:35.041+0000] {logging_mixin.py:188} INFO - [2026-05-19T14:09:35.040+0000] {dag.py:3096} INFO - Sync 1 DAGs
[2026-05-19T14:09:35.054+0000] {logging_mixin.py:188} INFO - [2026-05-19T14:09:35.054+0000] {dag.py:3954} INFO - Setting next_dagrun for example_params_ui_tutorial to None, run_after=None
[2026-05-19T14:09:35.087+0000] {processor.py:183} INFO - Processing /home/airflow/.local/lib/python3.12/site-packages/airflow/example_dags/example_params_ui_tutorial.py took 0.134 seconds
[2026-05-19T14:10:05.136+0000] {processor.py:161} INFO - Started process (PID=4634) to work on /home/airflow/.local/lib/python3.12/site-packages/airflow/example_dags/example_params_ui_tutorial.py
[2026-05-19T14:10:05.137+0000] {processor.py:830} INFO - Processing file /home/airflow/.local/lib/python3.12/site-packages/airflow/example_dags/example_params_ui_tutorial.py for tasks to queue
[2026-05-19T14:10:05.140+0000] {logging_mixin.py:188} INFO - [2026-05-19T14:10:05.140+0000] {dagbag.py:545} INFO - Filling up the DagBag from /home/airflow/.local/lib/python3.12/site-packages/airflow/example_dags/example_params_ui_tutorial.py
[2026-05-19T14:10:05.153+0000] {processor.py:840} INFO - DAG(s) 'example_params_ui_tutorial' retrieved from /home/airflow/.local/lib/python3.12/site-packages/airflow/example_dags/example_params_ui_tutorial.py
[2026-05-19T14:10:05.199+0000] {logging_mixin.py:188} INFO - [2026-05-19T14:10:05.199+0000] {dag.py:3096} INFO - Sync 1 DAGs
[2026-05-19T14:10:05.211+0000] {logging_mixin.py:188} INFO - [2026-05-19T14:10:05.210+0000] {dag.py:3954} INFO - Setting next_dagrun for example_params_ui_tutorial to None, run_after=None
[2026-05-19T14:10:05.239+0000] {processor.py:183} INFO - Processing /home/airflow/.local/lib/python3.12/site-packages/airflow/example_dags/example_params_ui_tutorial.py took 0.107 seconds
[2026-05-19T14:10:35.426+0000] {processor.py:161} INFO - Started process (PID=4693) to work on /home/airflow/.local/lib/python3.12/site-packages/airflow/example_dags/example_params_ui_tutorial.py
[2026-05-19T14:10:35.427+0000] {processor.py:830} INFO - Processing file /home/airflow/.local/lib/python3.12/site-packages/airflow/example_dags/example_params_ui_tutorial.py for tasks to queue
[2026-05-19T14:10:35.430+0000] {logging_mixin.py:188} INFO - [2026-05-19T14:10:35.429+0000] {dagbag.py:545} INFO - Filling up the DagBag from /home/airflow/.local/lib/python3.12/site-packages/airflow/example_dags/example_params_ui_tutorial.py
[2026-05-19T14:10:35.444+0000] {processor.py:840} INFO - DAG(s) 'example_params_ui_tutorial' retrieved from /home/airflow/.local/lib/python3.12/site-packages/airflow/example_dags/example_params_ui_tutorial.py
[2026-05-19T14:10:35.504+0000] {logging_mixin.py:188} INFO - [2026-05-19T14:10:35.504+0000] {dag.py:3096} INFO - Sync 1 DAGs
[2026-05-19T14:10:35.521+0000] {logging_mixin.py:188} INFO - [2026-05-19T14:10:35.521+0000] {dag.py:3954} INFO - Setting next_dagrun for example_params_ui_tutorial to None, run_after=None
[2026-05-19T14:10:35.546+0000] {processor.py:183} INFO - Processing /home/airflow/.local/lib/python3.12/site-packages/airflow/example_dags/example_params_ui_tutorial.py took 0.124 seconds
[2026-05-19T14:11:06.113+0000] {processor.py:161} INFO - Started process (PID=4750) to work on /home/airflow/.local/lib/python3.12/site-packages/airflow/example_dags/example_params_ui_tutorial.py
[2026-05-19T14:11:06.115+0000] {processor.py:830} INFO - Processing file /home/airflow/.local/lib/python3.12/site-packages/airflow/example_dags/example_params_ui_tutorial.py for tasks to queue
[2026-05-19T14:11:06.118+0000] {logging_mixin.py:188} INFO - [2026-05-19T14:11:06.117+0000] {dagbag.py:545} INFO - Filling up the DagBag from /home/airflow/.local/lib/python3.12/site-packages/airflow/example_dags/example_params_ui_tutorial.py
[2026-05-19T14:11:06.137+0000] {processor.py:840} INFO - DAG(s) 'example_params_ui_tutorial' retrieved from /home/airflow/.local/lib/python3.12/site-packages/airflow/example_dags/example_params_ui_tutorial.py
[2026-05-19T14:11:06.202+0000] {logging_mixin.py:188} INFO - [2026-05-19T14:11:06.202+0000] {dag.py:3096} INFO - Sync 1 DAGs
[2026-05-19T14:11:06.220+0000] {logging_mixin.py:188} INFO - [2026-05-19T14:11:06.220+0000] {dag.py:3954} INFO - Setting next_dagrun for example_params_ui_tutorial to None, run_after=None
[2026-05-19T14:11:06.260+0000] {processor.py:183} INFO - Processing /home/airflow/.local/lib/python3.12/site-packages/airflow/example_dags/example_params_ui_tutorial.py took 0.157 seconds
[2026-05-19T14:11:36.313+0000] {processor.py:161} INFO - Started process (PID=4809) to work on /home/airflow/.local/lib/python3.12/site-packages/airflow/example_dags/example_params_ui_tutorial.py
[2026-05-19T14:11:36.315+0000] {processor.py:830} INFO - Processing file /home/airflow/.local/lib/python3.12/site-packages/airflow/example_dags/example_params_ui_tutorial.py for tasks to queue
[2026-05-19T14:11:36.320+0000] {logging_mixin.py:188} INFO - [2026-05-19T14:11:36.320+0000] {dagbag.py:545} INFO - Filling up the DagBag from /home/airflow/.local/lib/python3.12/site-packages/airflow/example_dags/example_params_ui_tutorial.py
[2026-05-19T14:11:36.340+0000] {processor.py:840} INFO - DAG(s) 'example_params_ui_tutorial' retrieved from /home/airflow/.local/lib/python3.12/site-packages/airflow/example_dags/example_params_ui_tutorial.py
[2026-05-19T14:11:36.410+0000] {logging_mixin.py:188} INFO - [2026-05-19T14:11:36.409+0000] {dag.py:3096} INFO - Sync 1 DAGs
[2026-05-19T14:11:36.430+0000] {logging_mixin.py:188} INFO - [2026-05-19T14:11:36.429+0000] {dag.py:3954} INFO - Setting next_dagrun for example_params_ui_tutorial to None, run_after=None
[2026-05-19T14:11:36.469+0000] {processor.py:183} INFO - Processing /home/airflow/.local/lib/python3.12/site-packages/airflow/example_dags/example_params_ui_tutorial.py took 0.162 seconds
[2026-05-19T14:12:06.765+0000] {processor.py:161} INFO - Started process (PID=4868) to work on /home/airflow/.local/lib/python3.12/site-packages/airflow/example_dags/example_params_ui_tutorial.py
[2026-05-19T14:12:06.767+0000] {processor.py:830} INFO - Processing file /home/airflow/.local/lib/python3.12/site-packages/airflow/example_dags/example_params_ui_tutorial.py for tasks to queue
[2026-05-19T14:12:06.770+0000] {logging_mixin.py:188} INFO - [2026-05-19T14:12:06.769+0000] {dagbag.py:545} INFO - Filling up the DagBag from /home/airflow/.local/lib/python3.12/site-packages/airflow/example_dags/example_params_ui_tutorial.py
[2026-05-19T14:12:06.781+0000] {processor.py:840} INFO - DAG(s) 'example_params_ui_tutorial' retrieved from /home/airflow/.local/lib/python3.12/site-packages/airflow/example_dags/example_params_ui_tutorial.py
[2026-05-19T14:12:06.843+0000] {logging_mixin.py:188} INFO - [2026-05-19T14:12:06.843+0000] {dag.py:3096} INFO - Sync 1 DAGs
[2026-05-19T14:12:06.856+0000] {logging_mixin.py:188} INFO - [2026-05-19T14:12:06.856+0000] {dag.py:3954} INFO - Setting next_dagrun for example_params_ui_tutorial to None, run_after=None
[2026-05-19T14:12:06.897+0000] {processor.py:183} INFO - Processing /home/airflow/.local/lib/python3.12/site-packages/airflow/example_dags/example_params_ui_tutorial.py took 0.141 seconds
[2026-05-19T14:12:37.271+0000] {processor.py:161} INFO - Started process (PID=4927) to work on /home/airflow/.local/lib/python3.12/site-packages/airflow/example_dags/example_params_ui_tutorial.py
[2026-05-19T14:12:37.273+0000] {processor.py:830} INFO - Processing file /home/airflow/.local/lib/python3.12/site-packages/airflow/example_dags/example_params_ui_tutorial.py for tasks to queue
[2026-05-19T14:12:37.275+0000] {logging_mixin.py:188} INFO - [2026-05-19T14:12:37.275+0000] {dagbag.py:545} INFO - Filling up the DagBag from /home/airflow/.local/lib/python3.12/site-packages/airflow/example_dags/example_params_ui_tutorial.py
[2026-05-19T14:12:37.294+0000] {processor.py:840} INFO - DAG(s) 'example_params_ui_tutorial' retrieved from /home/airflow/.local/lib/python3.12/site-packages/airflow/example_dags/example_params_ui_tutorial.py
[2026-05-19T14:12:37.357+0000] {logging_mixin.py:188} INFO - [2026-05-19T14:12:37.357+0000] {dag.py:3096} INFO - Sync 1 DAGs
[2026-05-19T14:12:37.375+0000] {logging_mixin.py:188} INFO - [2026-05-19T14:12:37.375+0000] {dag.py:3954} INFO - Setting next_dagrun for example_params_ui_tutorial to None, run_after=None
[2026-05-19T14:12:37.402+0000] {processor.py:183} INFO - Processing /home/airflow/.local/lib/python3.12/site-packages/airflow/example_dags/example_params_ui_tutorial.py took 0.136 seconds
[2026-05-19T14:13:07.717+0000] {processor.py:161} INFO - Started process (PID=4986) to work on /home/airflow/.local/lib/python3.12/site-packages/airflow/example_dags/example_params_ui_tutorial.py
[2026-05-19T14:13:07.720+0000] {processor.py:830} INFO - Processing file /home/airflow/.local/lib/python3.12/site-packages/airflow/example_dags/example_params_ui_tutorial.py for tasks to queue
[2026-05-19T14:13:07.726+0000] {logging_mixin.py:188} INFO - [2026-05-19T14:13:07.725+0000] {dagbag.py:545} INFO - Filling up the DagBag from /home/airflow/.local/lib/python3.12/site-packages/airflow/example_dags/example_params_ui_tutorial.py
[2026-05-19T14:13:07.752+0000] {processor.py:840} INFO - DAG(s) 'example_params_ui_tutorial' retrieved from /home/airflow/.local/lib/python3.12/site-packages/airflow/example_dags/example_params_ui_tutorial.py
[2026-05-19T14:13:07.883+0000] {logging_mixin.py:188} INFO - [2026-05-19T14:13:07.883+0000] {dag.py:3096} INFO - Sync 1 DAGs
[2026-05-19T14:13:07.913+0000] {logging_mixin.py:188} INFO - [2026-05-19T14:13:07.912+0000] {dag.py:3954} INFO - Setting next_dagrun for example_params_ui_tutorial to None, run_after=None
[2026-05-19T14:13:07.960+0000] {processor.py:183} INFO - Processing /home/airflow/.local/lib/python3.12/site-packages/airflow/example_dags/example_params_ui_tutorial.py took 0.259 seconds
[2026-05-19T14:13:38.505+0000] {processor.py:161} INFO - Started process (PID=5045) to work on /home/airflow/.local/lib/python3.12/site-packages/airflow/example_dags/example_params_ui_tutorial.py
[2026-05-19T14:13:38.507+0000] {processor.py:830} INFO - Processing file /home/airflow/.local/lib/python3.12/site-packages/airflow/example_dags/example_params_ui_tutorial.py for tasks to queue
[2026-05-19T14:13:38.509+0000] {logging_mixin.py:188} INFO - [2026-05-19T14:13:38.509+0000] {dagbag.py:545} INFO - Filling up the DagBag from /home/airflow/.local/lib/python3.12/site-packages/airflow/example_dags/example_params_ui_tutorial.py
[2026-05-19T14:13:38.524+0000] {processor.py:840} INFO - DAG(s) 'example_params_ui_tutorial' retrieved from /home/airflow/.local/lib/python3.12/site-packages/airflow/example_dags/example_params_ui_tutorial.py
[2026-05-19T14:13:38.572+0000] {logging_mixin.py:188} INFO - [2026-05-19T14:13:38.572+0000] {dag.py:3096} INFO - Sync 1 DAGs
[2026-05-19T14:13:38.590+0000] {logging_mixin.py:188} INFO - [2026-05-19T14:13:38.587+0000] {dag.py:3954} INFO - Setting next_dagrun for example_params_ui_tutorial to None, run_after=None
[2026-05-19T14:13:38.618+0000] {processor.py:183} INFO - Processing /home/airflow/.local/lib/python3.12/site-packages/airflow/example_dags/example_params_ui_tutorial.py took 0.117 seconds
[2026-05-19T14:14:08.790+0000] {processor.py:161} INFO - Started process (PID=5104) to work on /home/airflow/.local/lib/python3.12/site-packages/airflow/example_dags/example_params_ui_tutorial.py
[2026-05-19T14:14:08.792+0000] {processor.py:830} INFO - Processing file /home/airflow/.local/lib/python3.12/site-packages/airflow/example_dags/example_params_ui_tutorial.py for tasks to queue
[2026-05-19T14:14:08.795+0000] {logging_mixin.py:188} INFO - [2026-05-19T14:14:08.794+0000] {dagbag.py:545} INFO - Filling up the DagBag from /home/airflow/.local/lib/python3.12/site-packages/airflow/example_dags/example_params_ui_tutorial.py
[2026-05-19T14:14:08.810+0000] {processor.py:840} INFO - DAG(s) 'example_params_ui_tutorial' retrieved from /home/airflow/.local/lib/python3.12/site-packages/airflow/example_dags/example_params_ui_tutorial.py
[2026-05-19T14:14:08.872+0000] {logging_mixin.py:188} INFO - [2026-05-19T14:14:08.872+0000] {dag.py:3096} INFO - Sync 1 DAGs
[2026-05-19T14:14:08.887+0000] {logging_mixin.py:188} INFO - [2026-05-19T14:14:08.887+0000] {dag.py:3954} INFO - Setting next_dagrun for example_params_ui_tutorial to None, run_after=None
[2026-05-19T14:14:08.912+0000] {processor.py:183} INFO - Processing /home/airflow/.local/lib/python3.12/site-packages/airflow/example_dags/example_params_ui_tutorial.py took 0.128 seconds
[2026-05-19T14:14:39.278+0000] {processor.py:161} INFO - Started process (PID=5164) to work on /home/airflow/.local/lib/python3.12/site-packages/airflow/example_dags/example_params_ui_tutorial.py
[2026-05-19T14:14:39.281+0000] {processor.py:830} INFO - Processing file /home/airflow/.local/lib/python3.12/site-packages/airflow/example_dags/example_params_ui_tutorial.py for tasks to queue
[2026-05-19T14:14:39.284+0000] {logging_mixin.py:188} INFO - [2026-05-19T14:14:39.284+0000] {dagbag.py:545} INFO - Filling up the DagBag from /home/airflow/.local/lib/python3.12/site-packages/airflow/example_dags/example_params_ui_tutorial.py
[2026-05-19T14:14:39.301+0000] {processor.py:840} INFO - DAG(s) 'example_params_ui_tutorial' retrieved from /home/airflow/.local/lib/python3.12/site-packages/airflow/example_dags/example_params_ui_tutorial.py
[2026-05-19T14:14:39.369+0000] {logging_mixin.py:188} INFO - [2026-05-19T14:14:39.368+0000] {dag.py:3096} INFO - Sync 1 DAGs
[2026-05-19T14:14:39.386+0000] {logging_mixin.py:188} INFO - [2026-05-19T14:14:39.386+0000] {dag.py:3954} INFO - Setting next_dagrun for example_params_ui_tutorial to None, run_after=None
[2026-05-19T14:14:39.415+0000] {processor.py:183} INFO - Processing /home/airflow/.local/lib/python3.12/site-packages/airflow/example_dags/example_params_ui_tutorial.py took 0.145 seconds
[2026-05-19T14:15:09.728+0000] {processor.py:161} INFO - Started process (PID=5222) to work on /home/airflow/.local/lib/python3.12/site-packages/airflow/example_dags/example_params_ui_tutorial.py
[2026-05-19T14:15:09.730+0000] {processor.py:830} INFO - Processing file /home/airflow/.local/lib/python3.12/site-packages/airflow/example_dags/example_params_ui_tutorial.py for tasks to queue
[2026-05-19T14:15:09.733+0000] {logging_mixin.py:188} INFO - [2026-05-19T14:15:09.733+0000] {dagbag.py:545} INFO - Filling up the DagBag from /home/airflow/.local/lib/python3.12/site-packages/airflow/example_dags/example_params_ui_tutorial.py
[2026-05-19T14:15:09.754+0000] {processor.py:840} INFO - DAG(s) 'example_params_ui_tutorial' retrieved from /home/airflow/.local/lib/python3.12/site-packages/airflow/example_dags/example_params_ui_tutorial.py
[2026-05-19T14:15:09.863+0000] {logging_mixin.py:188} INFO - [2026-05-19T14:15:09.863+0000] {dag.py:3096} INFO - Sync 1 DAGs
[2026-05-19T14:15:09.900+0000] {logging_mixin.py:188} INFO - [2026-05-19T14:15:09.900+0000] {dag.py:3954} INFO - Setting next_dagrun for example_params_ui_tutorial to None, run_after=None
[2026-05-19T14:15:09.943+0000] {processor.py:183} INFO - Processing /home/airflow/.local/lib/python3.12/site-packages/airflow/example_dags/example_params_ui_tutorial.py took 0.227 seconds
[2026-05-19T14:15:40.114+0000] {processor.py:161} INFO - Started process (PID=5281) to work on /home/airflow/.local/lib/python3.12/site-packages/airflow/example_dags/example_params_ui_tutorial.py
[2026-05-19T14:15:40.115+0000] {processor.py:830} INFO - Processing file /home/airflow/.local/lib/python3.12/site-packages/airflow/example_dags/example_params_ui_tutorial.py for tasks to queue
[2026-05-19T14:15:40.119+0000] {logging_mixin.py:188} INFO - [2026-05-19T14:15:40.118+0000] {dagbag.py:545} INFO - Filling up the DagBag from /home/airflow/.local/lib/python3.12/site-packages/airflow/example_dags/example_params_ui_tutorial.py
[2026-05-19T14:15:40.142+0000] {processor.py:840} INFO - DAG(s) 'example_params_ui_tutorial' retrieved from /home/airflow/.local/lib/python3.12/site-packages/airflow/example_dags/example_params_ui_tutorial.py
[2026-05-19T14:15:40.263+0000] {logging_mixin.py:188} INFO - [2026-05-19T14:15:40.263+0000] {dag.py:3096} INFO - Sync 1 DAGs
[2026-05-19T14:15:40.286+0000] {logging_mixin.py:188} INFO - [2026-05-19T14:15:40.285+0000] {dag.py:3954} INFO - Setting next_dagrun for example_params_ui_tutorial to None, run_after=None
[2026-05-19T14:15:40.330+0000] {processor.py:183} INFO - Processing /home/airflow/.local/lib/python3.12/site-packages/airflow/example_dags/example_params_ui_tutorial.py took 0.232 seconds
[2026-05-19T14:16:11.228+0000] {processor.py:161} INFO - Started process (PID=5343) to work on /home/airflow/.local/lib/python3.12/site-packages/airflow/example_dags/example_params_ui_tutorial.py
[2026-05-19T14:16:11.231+0000] {processor.py:830} INFO - Processing file /home/airflow/.local/lib/python3.12/site-packages/airflow/example_dags/example_params_ui_tutorial.py for tasks to queue
[2026-05-19T14:16:11.240+0000] {logging_mixin.py:188} INFO - [2026-05-19T14:16:11.237+0000] {dagbag.py:545} INFO - Filling up the DagBag from /home/airflow/.local/lib/python3.12/site-packages/airflow/example_dags/example_params_ui_tutorial.py
[2026-05-19T14:16:11.279+0000] {processor.py:840} INFO - DAG(s) 'example_params_ui_tutorial' retrieved from /home/airflow/.local/lib/python3.12/site-packages/airflow/example_dags/example_params_ui_tutorial.py
[2026-05-19T14:16:11.471+0000] {logging_mixin.py:188} INFO - [2026-05-19T14:16:11.470+0000] {dag.py:3096} INFO - Sync 1 DAGs
[2026-05-19T14:16:11.515+0000] {logging_mixin.py:188} INFO - [2026-05-19T14:16:11.514+0000] {dag.py:3954} INFO - Setting next_dagrun for example_params_ui_tutorial to None, run_after=None
[2026-05-19T14:16:11.584+0000] {processor.py:183} INFO - Processing /home/airflow/.local/lib/python3.12/site-packages/airflow/example_dags/example_params_ui_tutorial.py took 0.373 seconds
[2026-05-19T14:16:42.283+0000] {processor.py:161} INFO - Started process (PID=5401) to work on /home/airflow/.local/lib/python3.12/site-packages/airflow/example_dags/example_params_ui_tutorial.py
[2026-05-19T14:16:42.285+0000] {processor.py:830} INFO - Processing file /home/airflow/.local/lib/python3.12/site-packages/airflow/example_dags/example_params_ui_tutorial.py for tasks to queue
[2026-05-19T14:16:42.288+0000] {logging_mixin.py:188} INFO - [2026-05-19T14:16:42.287+0000] {dagbag.py:545} INFO - Filling up the DagBag from /home/airflow/.local/lib/python3.12/site-packages/airflow/example_dags/example_params_ui_tutorial.py
[2026-05-19T14:16:42.302+0000] {processor.py:840} INFO - DAG(s) 'example_params_ui_tutorial' retrieved from /home/airflow/.local/lib/python3.12/site-packages/airflow/example_dags/example_params_ui_tutorial.py
[2026-05-19T14:16:42.387+0000] {logging_mixin.py:188} INFO - [2026-05-19T14:16:42.386+0000] {dag.py:3096} INFO - Sync 1 DAGs
[2026-05-19T14:16:42.405+0000] {logging_mixin.py:188} INFO - [2026-05-19T14:16:42.405+0000] {dag.py:3954} INFO - Setting next_dagrun for example_params_ui_tutorial to None, run_after=None
[2026-05-19T14:16:42.439+0000] {processor.py:183} INFO - Processing /home/airflow/.local/lib/python3.12/site-packages/airflow/example_dags/example_params_ui_tutorial.py took 0.164 seconds
[2026-05-19T14:17:12.654+0000] {processor.py:161} INFO - Started process (PID=5460) to work on /home/airflow/.local/lib/python3.12/site-packages/airflow/example_dags/example_params_ui_tutorial.py
[2026-05-19T14:17:12.656+0000] {processor.py:830} INFO - Processing file /home/airflow/.local/lib/python3.12/site-packages/airflow/example_dags/example_params_ui_tutorial.py for tasks to queue
[2026-05-19T14:17:12.659+0000] {logging_mixin.py:188} INFO - [2026-05-19T14:17:12.659+0000] {dagbag.py:545} INFO - Filling up the DagBag from /home/airflow/.local/lib/python3.12/site-packages/airflow/example_dags/example_params_ui_tutorial.py
[2026-05-19T14:17:12.679+0000] {processor.py:840} INFO - DAG(s) 'example_params_ui_tutorial' retrieved from /home/airflow/.local/lib/python3.12/site-packages/airflow/example_dags/example_params_ui_tutorial.py
[2026-05-19T14:17:12.736+0000] {logging_mixin.py:188} INFO - [2026-05-19T14:17:12.735+0000] {dag.py:3096} INFO - Sync 1 DAGs
[2026-05-19T14:17:12.754+0000] {logging_mixin.py:188} INFO - [2026-05-19T14:17:12.754+0000] {dag.py:3954} INFO - Setting next_dagrun for example_params_ui_tutorial to None, run_after=None
[2026-05-19T14:17:12.775+0000] {processor.py:183} INFO - Processing /home/airflow/.local/lib/python3.12/site-packages/airflow/example_dags/example_params_ui_tutorial.py took 0.130 seconds
[2026-05-19T14:17:42.996+0000] {processor.py:161} INFO - Started process (PID=5519) to work on /home/airflow/.local/lib/python3.12/site-packages/airflow/example_dags/example_params_ui_tutorial.py
[2026-05-19T14:17:42.998+0000] {processor.py:830} INFO - Processing file /home/airflow/.local/lib/python3.12/site-packages/airflow/example_dags/example_params_ui_tutorial.py for tasks to queue
[2026-05-19T14:17:43.000+0000] {logging_mixin.py:188} INFO - [2026-05-19T14:17:43.000+0000] {dagbag.py:545} INFO - Filling up the DagBag from /home/airflow/.local/lib/python3.12/site-packages/airflow/example_dags/example_params_ui_tutorial.py
[2026-05-19T14:17:43.016+0000] {processor.py:840} INFO - DAG(s) 'example_params_ui_tutorial' retrieved from /home/airflow/.local/lib/python3.12/site-packages/airflow/example_dags/example_params_ui_tutorial.py
[2026-05-19T14:17:43.078+0000] {logging_mixin.py:188} INFO - [2026-05-19T14:17:43.078+0000] {dag.py:3096} INFO - Sync 1 DAGs
[2026-05-19T14:17:43.102+0000] {logging_mixin.py:188} INFO - [2026-05-19T14:17:43.101+0000] {dag.py:3954} INFO - Setting next_dagrun for example_params_ui_tutorial to None, run_after=None
[2026-05-19T14:17:43.127+0000] {processor.py:183} INFO - Processing /home/airflow/.local/lib/python3.12/site-packages/airflow/example_dags/example_params_ui_tutorial.py took 0.135 seconds
[2026-05-19T14:18:13.246+0000] {processor.py:161} INFO - Started process (PID=5578) to work on /home/airflow/.local/lib/python3.12/site-packages/airflow/example_dags/example_params_ui_tutorial.py
[2026-05-19T14:18:13.247+0000] {processor.py:830} INFO - Processing file /home/airflow/.local/lib/python3.12/site-packages/airflow/example_dags/example_params_ui_tutorial.py for tasks to queue
[2026-05-19T14:18:13.249+0000] {logging_mixin.py:188} INFO - [2026-05-19T14:18:13.249+0000] {dagbag.py:545} INFO - Filling up the DagBag from /home/airflow/.local/lib/python3.12/site-packages/airflow/example_dags/example_params_ui_tutorial.py
[2026-05-19T14:18:13.264+0000] {processor.py:840} INFO - DAG(s) 'example_params_ui_tutorial' retrieved from /home/airflow/.local/lib/python3.12/site-packages/airflow/example_dags/example_params_ui_tutorial.py
[2026-05-19T14:18:13.319+0000] {logging_mixin.py:188} INFO - [2026-05-19T14:18:13.318+0000] {dag.py:3096} INFO - Sync 1 DAGs
[2026-05-19T14:18:13.333+0000] {logging_mixin.py:188} INFO - [2026-05-19T14:18:13.333+0000] {dag.py:3954} INFO - Setting next_dagrun for example_params_ui_tutorial to None, run_after=None
[2026-05-19T14:18:13.359+0000] {processor.py:183} INFO - Processing /home/airflow/.local/lib/python3.12/site-packages/airflow/example_dags/example_params_ui_tutorial.py took 0.123 seconds
[2026-05-19T14:18:43.915+0000] {processor.py:161} INFO - Started process (PID=5637) to work on /home/airflow/.local/lib/python3.12/site-packages/airflow/example_dags/example_params_ui_tutorial.py
[2026-05-19T14:18:43.916+0000] {processor.py:830} INFO - Processing file /home/airflow/.local/lib/python3.12/site-packages/airflow/example_dags/example_params_ui_tutorial.py for tasks to queue
[2026-05-19T14:18:43.921+0000] {logging_mixin.py:188} INFO - [2026-05-19T14:18:43.920+0000] {dagbag.py:545} INFO - Filling up the DagBag from /home/airflow/.local/lib/python3.12/site-packages/airflow/example_dags/example_params_ui_tutorial.py
[2026-05-19T14:18:43.933+0000] {processor.py:840} INFO - DAG(s) 'example_params_ui_tutorial' retrieved from /home/airflow/.local/lib/python3.12/site-packages/airflow/example_dags/example_params_ui_tutorial.py
[2026-05-19T14:18:43.989+0000] {logging_mixin.py:188} INFO - [2026-05-19T14:18:43.989+0000] {dag.py:3096} INFO - Sync 1 DAGs
[2026-05-19T14:18:44.000+0000] {logging_mixin.py:188} INFO - [2026-05-19T14:18:44.000+0000] {dag.py:3954} INFO - Setting next_dagrun for example_params_ui_tutorial to None, run_after=None
[2026-05-19T14:18:44.030+0000] {processor.py:183} INFO - Processing /home/airflow/.local/lib/python3.12/site-packages/airflow/example_dags/example_params_ui_tutorial.py took 0.122 seconds
[2026-05-19T14:19:14.216+0000] {processor.py:161} INFO - Started process (PID=5696) to work on /home/airflow/.local/lib/python3.12/site-packages/airflow/example_dags/example_params_ui_tutorial.py
[2026-05-19T14:19:14.217+0000] {processor.py:830} INFO - Processing file /home/airflow/.local/lib/python3.12/site-packages/airflow/example_dags/example_params_ui_tutorial.py for tasks to queue
[2026-05-19T14:19:14.221+0000] {logging_mixin.py:188} INFO - [2026-05-19T14:19:14.220+0000] {dagbag.py:545} INFO - Filling up the DagBag from /home/airflow/.local/lib/python3.12/site-packages/airflow/example_dags/example_params_ui_tutorial.py
[2026-05-19T14:19:14.243+0000] {processor.py:840} INFO - DAG(s) 'example_params_ui_tutorial' retrieved from /home/airflow/.local/lib/python3.12/site-packages/airflow/example_dags/example_params_ui_tutorial.py
[2026-05-19T14:19:14.350+0000] {logging_mixin.py:188} INFO - [2026-05-19T14:19:14.350+0000] {dag.py:3096} INFO - Sync 1 DAGs
[2026-05-19T14:19:14.371+0000] {logging_mixin.py:188} INFO - [2026-05-19T14:19:14.370+0000] {dag.py:3954} INFO - Setting next_dagrun for example_params_ui_tutorial to None, run_after=None
[2026-05-19T14:19:14.411+0000] {processor.py:183} INFO - Processing /home/airflow/.local/lib/python3.12/site-packages/airflow/example_dags/example_params_ui_tutorial.py took 0.203 seconds
[2026-05-19T14:19:44.587+0000] {processor.py:161} INFO - Started process (PID=5755) to work on /home/airflow/.local/lib/python3.12/site-packages/airflow/example_dags/example_params_ui_tutorial.py
[2026-05-19T14:19:44.589+0000] {processor.py:830} INFO - Processing file /home/airflow/.local/lib/python3.12/site-packages/airflow/example_dags/example_params_ui_tutorial.py for tasks to queue
[2026-05-19T14:19:44.593+0000] {logging_mixin.py:188} INFO - [2026-05-19T14:19:44.592+0000] {dagbag.py:545} INFO - Filling up the DagBag from /home/airflow/.local/lib/python3.12/site-packages/airflow/example_dags/example_params_ui_tutorial.py
[2026-05-19T14:19:44.610+0000] {processor.py:840} INFO - DAG(s) 'example_params_ui_tutorial' retrieved from /home/airflow/.local/lib/python3.12/site-packages/airflow/example_dags/example_params_ui_tutorial.py
[2026-05-19T14:19:44.681+0000] {logging_mixin.py:188} INFO - [2026-05-19T14:19:44.681+0000] {dag.py:3096} INFO - Sync 1 DAGs
[2026-05-19T14:19:44.701+0000] {logging_mixin.py:188} INFO - [2026-05-19T14:19:44.701+0000] {dag.py:3954} INFO - Setting next_dagrun for example_params_ui_tutorial to None, run_after=None
[2026-05-19T14:19:44.732+0000] {processor.py:183} INFO - Processing /home/airflow/.local/lib/python3.12/site-packages/airflow/example_dags/example_params_ui_tutorial.py took 0.155 seconds
[2026-05-19T14:20:15.248+0000] {processor.py:161} INFO - Started process (PID=5814) to work on /home/airflow/.local/lib/python3.12/site-packages/airflow/example_dags/example_params_ui_tutorial.py
[2026-05-19T14:20:15.251+0000] {processor.py:830} INFO - Processing file /home/airflow/.local/lib/python3.12/site-packages/airflow/example_dags/example_params_ui_tutorial.py for tasks to queue
[2026-05-19T14:20:15.254+0000] {logging_mixin.py:188} INFO - [2026-05-19T14:20:15.253+0000] {dagbag.py:545} INFO - Filling up the DagBag from /home/airflow/.local/lib/python3.12/site-packages/airflow/example_dags/example_params_ui_tutorial.py
[2026-05-19T14:20:15.271+0000] {processor.py:840} INFO - DAG(s) 'example_params_ui_tutorial' retrieved from /home/airflow/.local/lib/python3.12/site-packages/airflow/example_dags/example_params_ui_tutorial.py
[2026-05-19T14:20:15.361+0000] {logging_mixin.py:188} INFO - [2026-05-19T14:20:15.360+0000] {dag.py:3096} INFO - Sync 1 DAGs
[2026-05-19T14:20:15.378+0000] {logging_mixin.py:188} INFO - [2026-05-19T14:20:15.378+0000] {dag.py:3954} INFO - Setting next_dagrun for example_params_ui_tutorial to None, run_after=None
[2026-05-19T14:20:15.404+0000] {processor.py:183} INFO - Processing /home/airflow/.local/lib/python3.12/site-packages/airflow/example_dags/example_params_ui_tutorial.py took 0.166 seconds
[2026-05-19T14:20:45.531+0000] {processor.py:161} INFO - Started process (PID=5873) to work on /home/airflow/.local/lib/python3.12/site-packages/airflow/example_dags/example_params_ui_tutorial.py
[2026-05-19T14:20:45.533+0000] {processor.py:830} INFO - Processing file /home/airflow/.local/lib/python3.12/site-packages/airflow/example_dags/example_params_ui_tutorial.py for tasks to queue
[2026-05-19T14:20:45.536+0000] {logging_mixin.py:188} INFO - [2026-05-19T14:20:45.535+0000] {dagbag.py:545} INFO - Filling up the DagBag from /home/airflow/.local/lib/python3.12/site-packages/airflow/example_dags/example_params_ui_tutorial.py
[2026-05-19T14:20:45.553+0000] {processor.py:840} INFO - DAG(s) 'example_params_ui_tutorial' retrieved from /home/airflow/.local/lib/python3.12/site-packages/airflow/example_dags/example_params_ui_tutorial.py
[2026-05-19T14:20:45.624+0000] {logging_mixin.py:188} INFO - [2026-05-19T14:20:45.623+0000] {dag.py:3096} INFO - Sync 1 DAGs
[2026-05-19T14:20:45.639+0000] {logging_mixin.py:188} INFO - [2026-05-19T14:20:45.639+0000] {dag.py:3954} INFO - Setting next_dagrun for example_params_ui_tutorial to None, run_after=None
[2026-05-19T14:20:45.669+0000] {processor.py:183} INFO - Processing /home/airflow/.local/lib/python3.12/site-packages/airflow/example_dags/example_params_ui_tutorial.py took 0.147 seconds
[2026-05-19T14:21:15.738+0000] {processor.py:161} INFO - Started process (PID=5932) to work on /home/airflow/.local/lib/python3.12/site-packages/airflow/example_dags/example_params_ui_tutorial.py
[2026-05-19T14:21:15.739+0000] {processor.py:830} INFO - Processing file /home/airflow/.local/lib/python3.12/site-packages/airflow/example_dags/example_params_ui_tutorial.py for tasks to queue
[2026-05-19T14:21:15.742+0000] {logging_mixin.py:188} INFO - [2026-05-19T14:21:15.742+0000] {dagbag.py:545} INFO - Filling up the DagBag from /home/airflow/.local/lib/python3.12/site-packages/airflow/example_dags/example_params_ui_tutorial.py
[2026-05-19T14:21:15.753+0000] {processor.py:840} INFO - DAG(s) 'example_params_ui_tutorial' retrieved from /home/airflow/.local/lib/python3.12/site-packages/airflow/example_dags/example_params_ui_tutorial.py
[2026-05-19T14:21:15.809+0000] {logging_mixin.py:188} INFO - [2026-05-19T14:21:15.809+0000] {dag.py:3096} INFO - Sync 1 DAGs
[2026-05-19T14:21:15.824+0000] {logging_mixin.py:188} INFO - [2026-05-19T14:21:15.824+0000] {dag.py:3954} INFO - Setting next_dagrun for example_params_ui_tutorial to None, run_after=None
[2026-05-19T14:21:15.853+0000] {processor.py:183} INFO - Processing /home/airflow/.local/lib/python3.12/site-packages/airflow/example_dags/example_params_ui_tutorial.py took 0.126 seconds
[2026-05-19T17:35:39.478+0000] {processor.py:161} INFO - Started process (PID=5995) to work on /home/airflow/.local/lib/python3.12/site-packages/airflow/example_dags/example_params_ui_tutorial.py
[2026-05-19T17:35:39.481+0000] {processor.py:830} INFO - Processing file /home/airflow/.local/lib/python3.12/site-packages/airflow/example_dags/example_params_ui_tutorial.py for tasks to queue
[2026-05-19T17:35:39.486+0000] {logging_mixin.py:188} INFO - [2026-05-19T17:35:39.484+0000] {dagbag.py:545} INFO - Filling up the DagBag from /home/airflow/.local/lib/python3.12/site-packages/airflow/example_dags/example_params_ui_tutorial.py
[2026-05-19T17:35:39.516+0000] {processor.py:840} INFO - DAG(s) 'example_params_ui_tutorial' retrieved from /home/airflow/.local/lib/python3.12/site-packages/airflow/example_dags/example_params_ui_tutorial.py
[2026-05-19T17:35:39.753+0000] {logging_mixin.py:188} INFO - [2026-05-19T17:35:39.752+0000] {dag.py:3096} INFO - Sync 1 DAGs
[2026-05-19T17:35:39.789+0000] {logging_mixin.py:188} INFO - [2026-05-19T17:35:39.789+0000] {dag.py:3954} INFO - Setting next_dagrun for example_params_ui_tutorial to None, run_after=None
[2026-05-19T17:35:39.841+0000] {processor.py:183} INFO - Processing /home/airflow/.local/lib/python3.12/site-packages/airflow/example_dags/example_params_ui_tutorial.py took 0.374 seconds
[2026-05-19T17:36:09.902+0000] {processor.py:161} INFO - Started process (PID=6054) to work on /home/airflow/.local/lib/python3.12/site-packages/airflow/example_dags/example_params_ui_tutorial.py
[2026-05-19T17:36:09.903+0000] {processor.py:830} INFO - Processing file /home/airflow/.local/lib/python3.12/site-packages/airflow/example_dags/example_params_ui_tutorial.py for tasks to queue
[2026-05-19T17:36:09.905+0000] {logging_mixin.py:188} INFO - [2026-05-19T17:36:09.905+0000] {dagbag.py:545} INFO - Filling up the DagBag from /home/airflow/.local/lib/python3.12/site-packages/airflow/example_dags/example_params_ui_tutorial.py
[2026-05-19T17:36:09.916+0000] {processor.py:840} INFO - DAG(s) 'example_params_ui_tutorial' retrieved from /home/airflow/.local/lib/python3.12/site-packages/airflow/example_dags/example_params_ui_tutorial.py
[2026-05-19T17:36:10.096+0000] {logging_mixin.py:188} INFO - [2026-05-19T17:36:10.095+0000] {dag.py:3096} INFO - Sync 1 DAGs
[2026-05-19T17:36:10.106+0000] {logging_mixin.py:188} INFO - [2026-05-19T17:36:10.106+0000] {dag.py:3954} INFO - Setting next_dagrun for example_params_ui_tutorial to None, run_after=None
[2026-05-19T17:36:10.125+0000] {processor.py:183} INFO - Processing /home/airflow/.local/lib/python3.12/site-packages/airflow/example_dags/example_params_ui_tutorial.py took 0.230 seconds
[2026-05-19T17:36:40.563+0000] {processor.py:161} INFO - Started process (PID=6114) to work on /home/airflow/.local/lib/python3.12/site-packages/airflow/example_dags/example_params_ui_tutorial.py
[2026-05-19T17:36:40.564+0000] {processor.py:830} INFO - Processing file /home/airflow/.local/lib/python3.12/site-packages/airflow/example_dags/example_params_ui_tutorial.py for tasks to queue
[2026-05-19T17:36:40.566+0000] {logging_mixin.py:188} INFO - [2026-05-19T17:36:40.566+0000] {dagbag.py:545} INFO - Filling up the DagBag from /home/airflow/.local/lib/python3.12/site-packages/airflow/example_dags/example_params_ui_tutorial.py
[2026-05-19T17:36:40.579+0000] {processor.py:840} INFO - DAG(s) 'example_params_ui_tutorial' retrieved from /home/airflow/.local/lib/python3.12/site-packages/airflow/example_dags/example_params_ui_tutorial.py
[2026-05-19T17:36:40.628+0000] {logging_mixin.py:188} INFO - [2026-05-19T17:36:40.628+0000] {dag.py:3096} INFO - Sync 1 DAGs
[2026-05-19T17:36:40.645+0000] {logging_mixin.py:188} INFO - [2026-05-19T17:36:40.644+0000] {dag.py:3954} INFO - Setting next_dagrun for example_params_ui_tutorial to None, run_after=None
[2026-05-19T17:36:40.662+0000] {processor.py:183} INFO - Processing /home/airflow/.local/lib/python3.12/site-packages/airflow/example_dags/example_params_ui_tutorial.py took 0.105 seconds
[2026-05-19T17:37:11.214+0000] {processor.py:161} INFO - Started process (PID=6173) to work on /home/airflow/.local/lib/python3.12/site-packages/airflow/example_dags/example_params_ui_tutorial.py
[2026-05-19T17:37:11.216+0000] {processor.py:830} INFO - Processing file /home/airflow/.local/lib/python3.12/site-packages/airflow/example_dags/example_params_ui_tutorial.py for tasks to queue
[2026-05-19T17:37:11.218+0000] {logging_mixin.py:188} INFO - [2026-05-19T17:37:11.217+0000] {dagbag.py:545} INFO - Filling up the DagBag from /home/airflow/.local/lib/python3.12/site-packages/airflow/example_dags/example_params_ui_tutorial.py
[2026-05-19T17:37:11.227+0000] {processor.py:840} INFO - DAG(s) 'example_params_ui_tutorial' retrieved from /home/airflow/.local/lib/python3.12/site-packages/airflow/example_dags/example_params_ui_tutorial.py
[2026-05-19T17:37:11.264+0000] {logging_mixin.py:188} INFO - [2026-05-19T17:37:11.264+0000] {dag.py:3096} INFO - Sync 1 DAGs
[2026-05-19T17:37:11.274+0000] {logging_mixin.py:188} INFO - [2026-05-19T17:37:11.274+0000] {dag.py:3954} INFO - Setting next_dagrun for example_params_ui_tutorial to None, run_after=None
[2026-05-19T17:37:11.288+0000] {processor.py:183} INFO - Processing /home/airflow/.local/lib/python3.12/site-packages/airflow/example_dags/example_params_ui_tutorial.py took 0.079 seconds
[2026-05-19T17:37:41.762+0000] {processor.py:161} INFO - Started process (PID=6232) to work on /home/airflow/.local/lib/python3.12/site-packages/airflow/example_dags/example_params_ui_tutorial.py
[2026-05-19T17:37:41.763+0000] {processor.py:830} INFO - Processing file /home/airflow/.local/lib/python3.12/site-packages/airflow/example_dags/example_params_ui_tutorial.py for tasks to queue
[2026-05-19T17:37:41.764+0000] {logging_mixin.py:188} INFO - [2026-05-19T17:37:41.764+0000] {dagbag.py:545} INFO - Filling up the DagBag from /home/airflow/.local/lib/python3.12/site-packages/airflow/example_dags/example_params_ui_tutorial.py
[2026-05-19T17:37:41.775+0000] {processor.py:840} INFO - DAG(s) 'example_params_ui_tutorial' retrieved from /home/airflow/.local/lib/python3.12/site-packages/airflow/example_dags/example_params_ui_tutorial.py
[2026-05-19T17:37:41.816+0000] {logging_mixin.py:188} INFO - [2026-05-19T17:37:41.816+0000] {dag.py:3096} INFO - Sync 1 DAGs
[2026-05-19T17:37:41.831+0000] {logging_mixin.py:188} INFO - [2026-05-19T17:37:41.831+0000] {dag.py:3954} INFO - Setting next_dagrun for example_params_ui_tutorial to None, run_after=None
[2026-05-19T17:37:41.850+0000] {processor.py:183} INFO - Processing /home/airflow/.local/lib/python3.12/site-packages/airflow/example_dags/example_params_ui_tutorial.py took 0.094 seconds
[2026-05-19T17:38:12.289+0000] {processor.py:161} INFO - Started process (PID=6291) to work on /home/airflow/.local/lib/python3.12/site-packages/airflow/example_dags/example_params_ui_tutorial.py
[2026-05-19T17:38:12.290+0000] {processor.py:830} INFO - Processing file /home/airflow/.local/lib/python3.12/site-packages/airflow/example_dags/example_params_ui_tutorial.py for tasks to queue
[2026-05-19T17:38:12.293+0000] {logging_mixin.py:188} INFO - [2026-05-19T17:38:12.291+0000] {dagbag.py:545} INFO - Filling up the DagBag from /home/airflow/.local/lib/python3.12/site-packages/airflow/example_dags/example_params_ui_tutorial.py
[2026-05-19T17:38:12.304+0000] {processor.py:840} INFO - DAG(s) 'example_params_ui_tutorial' retrieved from /home/airflow/.local/lib/python3.12/site-packages/airflow/example_dags/example_params_ui_tutorial.py
[2026-05-19T17:38:12.352+0000] {logging_mixin.py:188} INFO - [2026-05-19T17:38:12.352+0000] {dag.py:3096} INFO - Sync 1 DAGs
[2026-05-19T17:38:12.365+0000] {logging_mixin.py:188} INFO - [2026-05-19T17:38:12.365+0000] {dag.py:3954} INFO - Setting next_dagrun for example_params_ui_tutorial to None, run_after=None
[2026-05-19T17:38:12.388+0000] {processor.py:183} INFO - Processing /home/airflow/.local/lib/python3.12/site-packages/airflow/example_dags/example_params_ui_tutorial.py took 0.104 seconds
[2026-05-19T17:38:42.481+0000] {processor.py:161} INFO - Started process (PID=6350) to work on /home/airflow/.local/lib/python3.12/site-packages/airflow/example_dags/example_params_ui_tutorial.py
[2026-05-19T17:38:42.483+0000] {processor.py:830} INFO - Processing file /home/airflow/.local/lib/python3.12/site-packages/airflow/example_dags/example_params_ui_tutorial.py for tasks to queue
[2026-05-19T17:38:42.485+0000] {logging_mixin.py:188} INFO - [2026-05-19T17:38:42.485+0000] {dagbag.py:545} INFO - Filling up the DagBag from /home/airflow/.local/lib/python3.12/site-packages/airflow/example_dags/example_params_ui_tutorial.py
[2026-05-19T17:38:42.495+0000] {processor.py:840} INFO - DAG(s) 'example_params_ui_tutorial' retrieved from /home/airflow/.local/lib/python3.12/site-packages/airflow/example_dags/example_params_ui_tutorial.py
[2026-05-19T17:38:42.542+0000] {logging_mixin.py:188} INFO - [2026-05-19T17:38:42.542+0000] {dag.py:3096} INFO - Sync 1 DAGs
[2026-05-19T17:38:42.553+0000] {logging_mixin.py:188} INFO - [2026-05-19T17:38:42.553+0000] {dag.py:3954} INFO - Setting next_dagrun for example_params_ui_tutorial to None, run_after=None
[2026-05-19T17:38:42.571+0000] {processor.py:183} INFO - Processing /home/airflow/.local/lib/python3.12/site-packages/airflow/example_dags/example_params_ui_tutorial.py took 0.097 seconds
[2026-05-19T17:39:12.912+0000] {processor.py:161} INFO - Started process (PID=6409) to work on /home/airflow/.local/lib/python3.12/site-packages/airflow/example_dags/example_params_ui_tutorial.py
[2026-05-19T17:39:12.913+0000] {processor.py:830} INFO - Processing file /home/airflow/.local/lib/python3.12/site-packages/airflow/example_dags/example_params_ui_tutorial.py for tasks to queue
[2026-05-19T17:39:12.916+0000] {logging_mixin.py:188} INFO - [2026-05-19T17:39:12.915+0000] {dagbag.py:545} INFO - Filling up the DagBag from /home/airflow/.local/lib/python3.12/site-packages/airflow/example_dags/example_params_ui_tutorial.py
[2026-05-19T17:39:12.927+0000] {processor.py:840} INFO - DAG(s) 'example_params_ui_tutorial' retrieved from /home/airflow/.local/lib/python3.12/site-packages/airflow/example_dags/example_params_ui_tutorial.py
[2026-05-19T17:39:12.969+0000] {logging_mixin.py:188} INFO - [2026-05-19T17:39:12.969+0000] {dag.py:3096} INFO - Sync 1 DAGs
[2026-05-19T17:39:12.979+0000] {logging_mixin.py:188} INFO - [2026-05-19T17:39:12.979+0000] {dag.py:3954} INFO - Setting next_dagrun for example_params_ui_tutorial to None, run_after=None
[2026-05-19T17:39:12.999+0000] {processor.py:183} INFO - Processing /home/airflow/.local/lib/python3.12/site-packages/airflow/example_dags/example_params_ui_tutorial.py took 0.092 seconds
[2026-05-19T17:39:43.214+0000] {processor.py:161} INFO - Started process (PID=6474) to work on /home/airflow/.local/lib/python3.12/site-packages/airflow/example_dags/example_params_ui_tutorial.py
[2026-05-19T17:39:43.215+0000] {processor.py:830} INFO - Processing file /home/airflow/.local/lib/python3.12/site-packages/airflow/example_dags/example_params_ui_tutorial.py for tasks to queue
[2026-05-19T17:39:43.217+0000] {logging_mixin.py:188} INFO - [2026-05-19T17:39:43.217+0000] {dagbag.py:545} INFO - Filling up the DagBag from /home/airflow/.local/lib/python3.12/site-packages/airflow/example_dags/example_params_ui_tutorial.py
[2026-05-19T17:39:43.228+0000] {processor.py:840} INFO - DAG(s) 'example_params_ui_tutorial' retrieved from /home/airflow/.local/lib/python3.12/site-packages/airflow/example_dags/example_params_ui_tutorial.py
[2026-05-19T17:39:43.312+0000] {logging_mixin.py:188} INFO - [2026-05-19T17:39:43.312+0000] {dag.py:3096} INFO - Sync 1 DAGs
[2026-05-19T17:39:43.330+0000] {logging_mixin.py:188} INFO - [2026-05-19T17:39:43.330+0000] {dag.py:3954} INFO - Setting next_dagrun for example_params_ui_tutorial to None, run_after=None
[2026-05-19T17:39:43.372+0000] {processor.py:183} INFO - Processing /home/airflow/.local/lib/python3.12/site-packages/airflow/example_dags/example_params_ui_tutorial.py took 0.165 seconds
[2026-05-19T17:40:13.477+0000] {processor.py:161} INFO - Started process (PID=6534) to work on /home/airflow/.local/lib/python3.12/site-packages/airflow/example_dags/example_params_ui_tutorial.py
[2026-05-19T17:40:13.478+0000] {processor.py:830} INFO - Processing file /home/airflow/.local/lib/python3.12/site-packages/airflow/example_dags/example_params_ui_tutorial.py for tasks to queue
[2026-05-19T17:40:13.480+0000] {logging_mixin.py:188} INFO - [2026-05-19T17:40:13.480+0000] {dagbag.py:545} INFO - Filling up the DagBag from /home/airflow/.local/lib/python3.12/site-packages/airflow/example_dags/example_params_ui_tutorial.py
[2026-05-19T17:40:13.488+0000] {processor.py:840} INFO - DAG(s) 'example_params_ui_tutorial' retrieved from /home/airflow/.local/lib/python3.12/site-packages/airflow/example_dags/example_params_ui_tutorial.py
[2026-05-19T17:40:13.525+0000] {logging_mixin.py:188} INFO - [2026-05-19T17:40:13.524+0000] {dag.py:3096} INFO - Sync 1 DAGs
[2026-05-19T17:40:13.534+0000] {logging_mixin.py:188} INFO - [2026-05-19T17:40:13.534+0000] {dag.py:3954} INFO - Setting next_dagrun for example_params_ui_tutorial to None, run_after=None
[2026-05-19T17:40:13.549+0000] {processor.py:183} INFO - Processing /home/airflow/.local/lib/python3.12/site-packages/airflow/example_dags/example_params_ui_tutorial.py took 0.077 seconds
[2026-05-19T17:40:43.774+0000] {processor.py:161} INFO - Started process (PID=6593) to work on /home/airflow/.local/lib/python3.12/site-packages/airflow/example_dags/example_params_ui_tutorial.py
[2026-05-19T17:40:43.775+0000] {processor.py:830} INFO - Processing file /home/airflow/.local/lib/python3.12/site-packages/airflow/example_dags/example_params_ui_tutorial.py for tasks to queue
[2026-05-19T17:40:43.778+0000] {logging_mixin.py:188} INFO - [2026-05-19T17:40:43.777+0000] {dagbag.py:545} INFO - Filling up the DagBag from /home/airflow/.local/lib/python3.12/site-packages/airflow/example_dags/example_params_ui_tutorial.py
[2026-05-19T17:40:43.789+0000] {processor.py:840} INFO - DAG(s) 'example_params_ui_tutorial' retrieved from /home/airflow/.local/lib/python3.12/site-packages/airflow/example_dags/example_params_ui_tutorial.py
[2026-05-19T17:40:43.834+0000] {logging_mixin.py:188} INFO - [2026-05-19T17:40:43.834+0000] {dag.py:3096} INFO - Sync 1 DAGs
[2026-05-19T17:40:43.849+0000] {logging_mixin.py:188} INFO - [2026-05-19T17:40:43.848+0000] {dag.py:3954} INFO - Setting next_dagrun for example_params_ui_tutorial to None, run_after=None
[2026-05-19T17:40:43.872+0000] {processor.py:183} INFO - Processing /home/airflow/.local/lib/python3.12/site-packages/airflow/example_dags/example_params_ui_tutorial.py took 0.102 seconds
[2026-05-19T17:41:14.084+0000] {processor.py:161} INFO - Started process (PID=6651) to work on /home/airflow/.local/lib/python3.12/site-packages/airflow/example_dags/example_params_ui_tutorial.py
[2026-05-19T17:41:14.085+0000] {processor.py:830} INFO - Processing file /home/airflow/.local/lib/python3.12/site-packages/airflow/example_dags/example_params_ui_tutorial.py for tasks to queue
[2026-05-19T17:41:14.087+0000] {logging_mixin.py:188} INFO - [2026-05-19T17:41:14.087+0000] {dagbag.py:545} INFO - Filling up the DagBag from /home/airflow/.local/lib/python3.12/site-packages/airflow/example_dags/example_params_ui_tutorial.py
[2026-05-19T17:41:14.096+0000] {processor.py:840} INFO - DAG(s) 'example_params_ui_tutorial' retrieved from /home/airflow/.local/lib/python3.12/site-packages/airflow/example_dags/example_params_ui_tutorial.py
[2026-05-19T17:41:14.153+0000] {logging_mixin.py:188} INFO - [2026-05-19T17:41:14.152+0000] {dag.py:3096} INFO - Sync 1 DAGs
[2026-05-19T17:41:14.169+0000] {logging_mixin.py:188} INFO - [2026-05-19T17:41:14.169+0000] {dag.py:3954} INFO - Setting next_dagrun for example_params_ui_tutorial to None, run_after=None
[2026-05-19T17:41:14.197+0000] {processor.py:183} INFO - Processing /home/airflow/.local/lib/python3.12/site-packages/airflow/example_dags/example_params_ui_tutorial.py took 0.118 seconds
[2026-05-19T17:41:44.315+0000] {processor.py:161} INFO - Started process (PID=6710) to work on /home/airflow/.local/lib/python3.12/site-packages/airflow/example_dags/example_params_ui_tutorial.py
[2026-05-19T17:41:44.317+0000] {processor.py:830} INFO - Processing file /home/airflow/.local/lib/python3.12/site-packages/airflow/example_dags/example_params_ui_tutorial.py for tasks to queue
[2026-05-19T17:41:44.319+0000] {logging_mixin.py:188} INFO - [2026-05-19T17:41:44.319+0000] {dagbag.py:545} INFO - Filling up the DagBag from /home/airflow/.local/lib/python3.12/site-packages/airflow/example_dags/example_params_ui_tutorial.py
[2026-05-19T17:41:44.332+0000] {processor.py:840} INFO - DAG(s) 'example_params_ui_tutorial' retrieved from /home/airflow/.local/lib/python3.12/site-packages/airflow/example_dags/example_params_ui_tutorial.py
[2026-05-19T17:41:44.371+0000] {logging_mixin.py:188} INFO - [2026-05-19T17:41:44.371+0000] {dag.py:3096} INFO - Sync 1 DAGs
[2026-05-19T17:41:44.381+0000] {logging_mixin.py:188} INFO - [2026-05-19T17:41:44.381+0000] {dag.py:3954} INFO - Setting next_dagrun for example_params_ui_tutorial to None, run_after=None
[2026-05-19T17:41:44.398+0000] {processor.py:183} INFO - Processing /home/airflow/.local/lib/python3.12/site-packages/airflow/example_dags/example_params_ui_tutorial.py took 0.090 seconds
[2026-05-19T17:42:14.529+0000] {processor.py:161} INFO - Started process (PID=6769) to work on /home/airflow/.local/lib/python3.12/site-packages/airflow/example_dags/example_params_ui_tutorial.py
[2026-05-19T17:42:14.530+0000] {processor.py:830} INFO - Processing file /home/airflow/.local/lib/python3.12/site-packages/airflow/example_dags/example_params_ui_tutorial.py for tasks to queue
[2026-05-19T17:42:14.533+0000] {logging_mixin.py:188} INFO - [2026-05-19T17:42:14.532+0000] {dagbag.py:545} INFO - Filling up the DagBag from /home/airflow/.local/lib/python3.12/site-packages/airflow/example_dags/example_params_ui_tutorial.py
[2026-05-19T17:42:14.544+0000] {processor.py:840} INFO - DAG(s) 'example_params_ui_tutorial' retrieved from /home/airflow/.local/lib/python3.12/site-packages/airflow/example_dags/example_params_ui_tutorial.py
[2026-05-19T17:42:14.585+0000] {logging_mixin.py:188} INFO - [2026-05-19T17:42:14.585+0000] {dag.py:3096} INFO - Sync 1 DAGs
[2026-05-19T17:42:14.596+0000] {logging_mixin.py:188} INFO - [2026-05-19T17:42:14.596+0000] {dag.py:3954} INFO - Setting next_dagrun for example_params_ui_tutorial to None, run_after=None
[2026-05-19T17:42:14.615+0000] {processor.py:183} INFO - Processing /home/airflow/.local/lib/python3.12/site-packages/airflow/example_dags/example_params_ui_tutorial.py took 0.091 seconds
[2026-05-19T17:42:45.637+0000] {processor.py:161} INFO - Started process (PID=6828) to work on /home/airflow/.local/lib/python3.12/site-packages/airflow/example_dags/example_params_ui_tutorial.py
[2026-05-19T17:42:45.638+0000] {processor.py:830} INFO - Processing file /home/airflow/.local/lib/python3.12/site-packages/airflow/example_dags/example_params_ui_tutorial.py for tasks to queue
[2026-05-19T17:42:45.640+0000] {logging_mixin.py:188} INFO - [2026-05-19T17:42:45.640+0000] {dagbag.py:545} INFO - Filling up the DagBag from /home/airflow/.local/lib/python3.12/site-packages/airflow/example_dags/example_params_ui_tutorial.py
[2026-05-19T17:42:45.651+0000] {processor.py:840} INFO - DAG(s) 'example_params_ui_tutorial' retrieved from /home/airflow/.local/lib/python3.12/site-packages/airflow/example_dags/example_params_ui_tutorial.py
[2026-05-19T17:42:45.702+0000] {logging_mixin.py:188} INFO - [2026-05-19T17:42:45.702+0000] {dag.py:3096} INFO - Sync 1 DAGs
[2026-05-19T17:42:45.716+0000] {logging_mixin.py:188} INFO - [2026-05-19T17:42:45.716+0000] {dag.py:3954} INFO - Setting next_dagrun for example_params_ui_tutorial to None, run_after=None
[2026-05-19T17:42:45.738+0000] {processor.py:183} INFO - Processing /home/airflow/.local/lib/python3.12/site-packages/airflow/example_dags/example_params_ui_tutorial.py took 0.107 seconds
[2026-05-19T17:43:16.025+0000] {processor.py:161} INFO - Started process (PID=6887) to work on /home/airflow/.local/lib/python3.12/site-packages/airflow/example_dags/example_params_ui_tutorial.py
[2026-05-19T17:43:16.026+0000] {processor.py:830} INFO - Processing file /home/airflow/.local/lib/python3.12/site-packages/airflow/example_dags/example_params_ui_tutorial.py for tasks to queue
[2026-05-19T17:43:16.028+0000] {logging_mixin.py:188} INFO - [2026-05-19T17:43:16.028+0000] {dagbag.py:545} INFO - Filling up the DagBag from /home/airflow/.local/lib/python3.12/site-packages/airflow/example_dags/example_params_ui_tutorial.py
[2026-05-19T17:43:16.040+0000] {processor.py:840} INFO - DAG(s) 'example_params_ui_tutorial' retrieved from /home/airflow/.local/lib/python3.12/site-packages/airflow/example_dags/example_params_ui_tutorial.py
[2026-05-19T17:43:16.085+0000] {logging_mixin.py:188} INFO - [2026-05-19T17:43:16.084+0000] {dag.py:3096} INFO - Sync 1 DAGs
[2026-05-19T17:43:16.099+0000] {logging_mixin.py:188} INFO - [2026-05-19T17:43:16.098+0000] {dag.py:3954} INFO - Setting next_dagrun for example_params_ui_tutorial to None, run_after=None
[2026-05-19T17:43:16.130+0000] {processor.py:183} INFO - Processing /home/airflow/.local/lib/python3.12/site-packages/airflow/example_dags/example_params_ui_tutorial.py took 0.111 seconds
[2026-05-19T17:43:46.281+0000] {processor.py:161} INFO - Started process (PID=6946) to work on /home/airflow/.local/lib/python3.12/site-packages/airflow/example_dags/example_params_ui_tutorial.py
[2026-05-19T17:43:46.282+0000] {processor.py:830} INFO - Processing file /home/airflow/.local/lib/python3.12/site-packages/airflow/example_dags/example_params_ui_tutorial.py for tasks to queue
[2026-05-19T17:43:46.285+0000] {logging_mixin.py:188} INFO - [2026-05-19T17:43:46.285+0000] {dagbag.py:545} INFO - Filling up the DagBag from /home/airflow/.local/lib/python3.12/site-packages/airflow/example_dags/example_params_ui_tutorial.py
[2026-05-19T17:43:46.298+0000] {processor.py:840} INFO - DAG(s) 'example_params_ui_tutorial' retrieved from /home/airflow/.local/lib/python3.12/site-packages/airflow/example_dags/example_params_ui_tutorial.py
[2026-05-19T17:43:46.370+0000] {logging_mixin.py:188} INFO - [2026-05-19T17:43:46.369+0000] {dag.py:3096} INFO - Sync 1 DAGs
[2026-05-19T17:43:46.401+0000] {logging_mixin.py:188} INFO - [2026-05-19T17:43:46.401+0000] {dag.py:3954} INFO - Setting next_dagrun for example_params_ui_tutorial to None, run_after=None
[2026-05-19T17:43:46.444+0000] {processor.py:183} INFO - Processing /home/airflow/.local/lib/python3.12/site-packages/airflow/example_dags/example_params_ui_tutorial.py took 0.172 seconds
[2026-05-19T17:44:16.546+0000] {processor.py:161} INFO - Started process (PID=7005) to work on /home/airflow/.local/lib/python3.12/site-packages/airflow/example_dags/example_params_ui_tutorial.py
[2026-05-19T17:44:16.549+0000] {processor.py:830} INFO - Processing file /home/airflow/.local/lib/python3.12/site-packages/airflow/example_dags/example_params_ui_tutorial.py for tasks to queue
[2026-05-19T17:44:16.552+0000] {logging_mixin.py:188} INFO - [2026-05-19T17:44:16.552+0000] {dagbag.py:545} INFO - Filling up the DagBag from /home/airflow/.local/lib/python3.12/site-packages/airflow/example_dags/example_params_ui_tutorial.py
[2026-05-19T17:44:16.566+0000] {processor.py:840} INFO - DAG(s) 'example_params_ui_tutorial' retrieved from /home/airflow/.local/lib/python3.12/site-packages/airflow/example_dags/example_params_ui_tutorial.py
[2026-05-19T17:44:16.626+0000] {logging_mixin.py:188} INFO - [2026-05-19T17:44:16.626+0000] {dag.py:3096} INFO - Sync 1 DAGs
[2026-05-19T17:44:16.644+0000] {logging_mixin.py:188} INFO - [2026-05-19T17:44:16.644+0000] {dag.py:3954} INFO - Setting next_dagrun for example_params_ui_tutorial to None, run_after=None
[2026-05-19T17:44:16.675+0000] {processor.py:183} INFO - Processing /home/airflow/.local/lib/python3.12/site-packages/airflow/example_dags/example_params_ui_tutorial.py took 0.137 seconds
[2026-05-19T17:44:46.863+0000] {processor.py:161} INFO - Started process (PID=7064) to work on /home/airflow/.local/lib/python3.12/site-packages/airflow/example_dags/example_params_ui_tutorial.py
[2026-05-19T17:44:46.867+0000] {processor.py:830} INFO - Processing file /home/airflow/.local/lib/python3.12/site-packages/airflow/example_dags/example_params_ui_tutorial.py for tasks to queue
[2026-05-19T17:44:46.872+0000] {logging_mixin.py:188} INFO - [2026-05-19T17:44:46.871+0000] {dagbag.py:545} INFO - Filling up the DagBag from /home/airflow/.local/lib/python3.12/site-packages/airflow/example_dags/example_params_ui_tutorial.py
[2026-05-19T17:44:46.893+0000] {processor.py:840} INFO - DAG(s) 'example_params_ui_tutorial' retrieved from /home/airflow/.local/lib/python3.12/site-packages/airflow/example_dags/example_params_ui_tutorial.py
[2026-05-19T17:44:46.948+0000] {logging_mixin.py:188} INFO - [2026-05-19T17:44:46.947+0000] {dag.py:3096} INFO - Sync 1 DAGs
[2026-05-19T17:44:46.964+0000] {logging_mixin.py:188} INFO - [2026-05-19T17:44:46.964+0000] {dag.py:3954} INFO - Setting next_dagrun for example_params_ui_tutorial to None, run_after=None
[2026-05-19T17:44:46.985+0000] {processor.py:183} INFO - Processing /home/airflow/.local/lib/python3.12/site-packages/airflow/example_dags/example_params_ui_tutorial.py took 0.136 seconds
[2026-05-19T17:45:17.116+0000] {processor.py:161} INFO - Started process (PID=7123) to work on /home/airflow/.local/lib/python3.12/site-packages/airflow/example_dags/example_params_ui_tutorial.py
[2026-05-19T17:45:17.117+0000] {processor.py:830} INFO - Processing file /home/airflow/.local/lib/python3.12/site-packages/airflow/example_dags/example_params_ui_tutorial.py for tasks to queue
[2026-05-19T17:45:17.119+0000] {logging_mixin.py:188} INFO - [2026-05-19T17:45:17.119+0000] {dagbag.py:545} INFO - Filling up the DagBag from /home/airflow/.local/lib/python3.12/site-packages/airflow/example_dags/example_params_ui_tutorial.py
[2026-05-19T17:45:17.133+0000] {processor.py:840} INFO - DAG(s) 'example_params_ui_tutorial' retrieved from /home/airflow/.local/lib/python3.12/site-packages/airflow/example_dags/example_params_ui_tutorial.py
[2026-05-19T17:45:17.190+0000] {logging_mixin.py:188} INFO - [2026-05-19T17:45:17.190+0000] {dag.py:3096} INFO - Sync 1 DAGs
[2026-05-19T17:45:17.204+0000] {logging_mixin.py:188} INFO - [2026-05-19T17:45:17.203+0000] {dag.py:3954} INFO - Setting next_dagrun for example_params_ui_tutorial to None, run_after=None
[2026-05-19T17:45:17.236+0000] {processor.py:183} INFO - Processing /home/airflow/.local/lib/python3.12/site-packages/airflow/example_dags/example_params_ui_tutorial.py took 0.124 seconds
[2026-05-19T17:45:47.977+0000] {processor.py:161} INFO - Started process (PID=7182) to work on /home/airflow/.local/lib/python3.12/site-packages/airflow/example_dags/example_params_ui_tutorial.py
[2026-05-19T17:45:47.979+0000] {processor.py:830} INFO - Processing file /home/airflow/.local/lib/python3.12/site-packages/airflow/example_dags/example_params_ui_tutorial.py for tasks to queue
[2026-05-19T17:45:47.981+0000] {logging_mixin.py:188} INFO - [2026-05-19T17:45:47.981+0000] {dagbag.py:545} INFO - Filling up the DagBag from /home/airflow/.local/lib/python3.12/site-packages/airflow/example_dags/example_params_ui_tutorial.py
[2026-05-19T17:45:47.992+0000] {processor.py:840} INFO - DAG(s) 'example_params_ui_tutorial' retrieved from /home/airflow/.local/lib/python3.12/site-packages/airflow/example_dags/example_params_ui_tutorial.py
[2026-05-19T17:45:48.043+0000] {logging_mixin.py:188} INFO - [2026-05-19T17:45:48.042+0000] {dag.py:3096} INFO - Sync 1 DAGs
[2026-05-19T17:45:48.057+0000] {logging_mixin.py:188} INFO - [2026-05-19T17:45:48.057+0000] {dag.py:3954} INFO - Setting next_dagrun for example_params_ui_tutorial to None, run_after=None
[2026-05-19T17:45:48.085+0000] {processor.py:183} INFO - Processing /home/airflow/.local/lib/python3.12/site-packages/airflow/example_dags/example_params_ui_tutorial.py took 0.114 seconds
[2026-05-19T17:47:12.483+0000] {processor.py:161} INFO - Started process (PID=80) to work on /home/airflow/.local/lib/python3.12/site-packages/airflow/example_dags/example_params_ui_tutorial.py
[2026-05-19T17:47:12.498+0000] {processor.py:830} INFO - Processing file /home/airflow/.local/lib/python3.12/site-packages/airflow/example_dags/example_params_ui_tutorial.py for tasks to queue
[2026-05-19T17:47:12.521+0000] {logging_mixin.py:188} INFO - [2026-05-19T17:47:12.518+0000] {dagbag.py:545} INFO - Filling up the DagBag from /home/airflow/.local/lib/python3.12/site-packages/airflow/example_dags/example_params_ui_tutorial.py
[2026-05-19T17:47:12.670+0000] {processor.py:840} INFO - DAG(s) 'example_params_ui_tutorial' retrieved from /home/airflow/.local/lib/python3.12/site-packages/airflow/example_dags/example_params_ui_tutorial.py
[2026-05-19T17:47:13.331+0000] {logging_mixin.py:188} INFO - [2026-05-19T17:47:13.331+0000] {dag.py:3096} INFO - Sync 1 DAGs
[2026-05-19T17:47:13.397+0000] {logging_mixin.py:188} INFO - [2026-05-19T17:47:13.397+0000] {dag.py:3954} INFO - Setting next_dagrun for example_params_ui_tutorial to None, run_after=None
[2026-05-19T17:47:13.511+0000] {processor.py:183} INFO - Processing /home/airflow/.local/lib/python3.12/site-packages/airflow/example_dags/example_params_ui_tutorial.py took 1.111 seconds
[2026-05-19T17:47:44.202+0000] {processor.py:161} INFO - Started process (PID=138) to work on /home/airflow/.local/lib/python3.12/site-packages/airflow/example_dags/example_params_ui_tutorial.py
[2026-05-19T17:47:44.203+0000] {processor.py:830} INFO - Processing file /home/airflow/.local/lib/python3.12/site-packages/airflow/example_dags/example_params_ui_tutorial.py for tasks to queue
[2026-05-19T17:47:44.206+0000] {logging_mixin.py:188} INFO - [2026-05-19T17:47:44.205+0000] {dagbag.py:545} INFO - Filling up the DagBag from /home/airflow/.local/lib/python3.12/site-packages/airflow/example_dags/example_params_ui_tutorial.py
[2026-05-19T17:47:44.215+0000] {processor.py:840} INFO - DAG(s) 'example_params_ui_tutorial' retrieved from /home/airflow/.local/lib/python3.12/site-packages/airflow/example_dags/example_params_ui_tutorial.py
[2026-05-19T17:47:44.253+0000] {logging_mixin.py:188} INFO - [2026-05-19T17:47:44.253+0000] {dag.py:3096} INFO - Sync 1 DAGs
[2026-05-19T17:47:44.264+0000] {logging_mixin.py:188} INFO - [2026-05-19T17:47:44.264+0000] {dag.py:3954} INFO - Setting next_dagrun for example_params_ui_tutorial to None, run_after=None
[2026-05-19T17:47:44.280+0000] {processor.py:183} INFO - Processing /home/airflow/.local/lib/python3.12/site-packages/airflow/example_dags/example_params_ui_tutorial.py took 0.083 seconds
[2026-05-19T17:48:14.364+0000] {processor.py:161} INFO - Started process (PID=196) to work on /home/airflow/.local/lib/python3.12/site-packages/airflow/example_dags/example_params_ui_tutorial.py
[2026-05-19T17:48:14.365+0000] {processor.py:830} INFO - Processing file /home/airflow/.local/lib/python3.12/site-packages/airflow/example_dags/example_params_ui_tutorial.py for tasks to queue
[2026-05-19T17:48:14.368+0000] {logging_mixin.py:188} INFO - [2026-05-19T17:48:14.367+0000] {dagbag.py:545} INFO - Filling up the DagBag from /home/airflow/.local/lib/python3.12/site-packages/airflow/example_dags/example_params_ui_tutorial.py
[2026-05-19T17:48:14.381+0000] {processor.py:840} INFO - DAG(s) 'example_params_ui_tutorial' retrieved from /home/airflow/.local/lib/python3.12/site-packages/airflow/example_dags/example_params_ui_tutorial.py
[2026-05-19T17:48:14.446+0000] {logging_mixin.py:188} INFO - [2026-05-19T17:48:14.446+0000] {dag.py:3096} INFO - Sync 1 DAGs
[2026-05-19T17:48:14.466+0000] {logging_mixin.py:188} INFO - [2026-05-19T17:48:14.466+0000] {dag.py:3954} INFO - Setting next_dagrun for example_params_ui_tutorial to None, run_after=None
[2026-05-19T17:48:14.493+0000] {processor.py:183} INFO - Processing /home/airflow/.local/lib/python3.12/site-packages/airflow/example_dags/example_params_ui_tutorial.py took 0.135 seconds
[2026-05-19T17:48:44.995+0000] {processor.py:161} INFO - Started process (PID=255) to work on /home/airflow/.local/lib/python3.12/site-packages/airflow/example_dags/example_params_ui_tutorial.py
[2026-05-19T17:48:44.996+0000] {processor.py:830} INFO - Processing file /home/airflow/.local/lib/python3.12/site-packages/airflow/example_dags/example_params_ui_tutorial.py for tasks to queue
[2026-05-19T17:48:44.998+0000] {logging_mixin.py:188} INFO - [2026-05-19T17:48:44.998+0000] {dagbag.py:545} INFO - Filling up the DagBag from /home/airflow/.local/lib/python3.12/site-packages/airflow/example_dags/example_params_ui_tutorial.py
[2026-05-19T17:48:45.009+0000] {processor.py:840} INFO - DAG(s) 'example_params_ui_tutorial' retrieved from /home/airflow/.local/lib/python3.12/site-packages/airflow/example_dags/example_params_ui_tutorial.py
[2026-05-19T17:48:45.053+0000] {logging_mixin.py:188} INFO - [2026-05-19T17:48:45.053+0000] {dag.py:3096} INFO - Sync 1 DAGs
[2026-05-19T17:48:45.063+0000] {logging_mixin.py:188} INFO - [2026-05-19T17:48:45.063+0000] {dag.py:3954} INFO - Setting next_dagrun for example_params_ui_tutorial to None, run_after=None
[2026-05-19T17:48:45.103+0000] {processor.py:183} INFO - Processing /home/airflow/.local/lib/python3.12/site-packages/airflow/example_dags/example_params_ui_tutorial.py took 0.113 seconds
[2026-05-19T17:49:15.145+0000] {processor.py:161} INFO - Started process (PID=313) to work on /home/airflow/.local/lib/python3.12/site-packages/airflow/example_dags/example_params_ui_tutorial.py
[2026-05-19T17:49:15.146+0000] {processor.py:830} INFO - Processing file /home/airflow/.local/lib/python3.12/site-packages/airflow/example_dags/example_params_ui_tutorial.py for tasks to queue
[2026-05-19T17:49:15.148+0000] {logging_mixin.py:188} INFO - [2026-05-19T17:49:15.148+0000] {dagbag.py:545} INFO - Filling up the DagBag from /home/airflow/.local/lib/python3.12/site-packages/airflow/example_dags/example_params_ui_tutorial.py
[2026-05-19T17:49:15.162+0000] {processor.py:840} INFO - DAG(s) 'example_params_ui_tutorial' retrieved from /home/airflow/.local/lib/python3.12/site-packages/airflow/example_dags/example_params_ui_tutorial.py
[2026-05-19T17:49:15.226+0000] {logging_mixin.py:188} INFO - [2026-05-19T17:49:15.225+0000] {dag.py:3096} INFO - Sync 1 DAGs
[2026-05-19T17:49:15.240+0000] {logging_mixin.py:188} INFO - [2026-05-19T17:49:15.240+0000] {dag.py:3954} INFO - Setting next_dagrun for example_params_ui_tutorial to None, run_after=None
[2026-05-19T17:49:15.262+0000] {processor.py:183} INFO - Processing /home/airflow/.local/lib/python3.12/site-packages/airflow/example_dags/example_params_ui_tutorial.py took 0.123 seconds
[2026-05-19T17:49:45.347+0000] {processor.py:161} INFO - Started process (PID=371) to work on /home/airflow/.local/lib/python3.12/site-packages/airflow/example_dags/example_params_ui_tutorial.py
[2026-05-19T17:49:45.349+0000] {processor.py:830} INFO - Processing file /home/airflow/.local/lib/python3.12/site-packages/airflow/example_dags/example_params_ui_tutorial.py for tasks to queue
[2026-05-19T17:49:45.351+0000] {logging_mixin.py:188} INFO - [2026-05-19T17:49:45.350+0000] {dagbag.py:545} INFO - Filling up the DagBag from /home/airflow/.local/lib/python3.12/site-packages/airflow/example_dags/example_params_ui_tutorial.py
[2026-05-19T17:49:45.362+0000] {processor.py:840} INFO - DAG(s) 'example_params_ui_tutorial' retrieved from /home/airflow/.local/lib/python3.12/site-packages/airflow/example_dags/example_params_ui_tutorial.py
[2026-05-19T17:49:45.414+0000] {logging_mixin.py:188} INFO - [2026-05-19T17:49:45.414+0000] {dag.py:3096} INFO - Sync 1 DAGs
[2026-05-19T17:49:45.434+0000] {logging_mixin.py:188} INFO - [2026-05-19T17:49:45.433+0000] {dag.py:3954} INFO - Setting next_dagrun for example_params_ui_tutorial to None, run_after=None
[2026-05-19T17:49:45.480+0000] {processor.py:183} INFO - Processing /home/airflow/.local/lib/python3.12/site-packages/airflow/example_dags/example_params_ui_tutorial.py took 0.138 seconds
[2026-05-19T17:50:15.664+0000] {processor.py:161} INFO - Started process (PID=430) to work on /home/airflow/.local/lib/python3.12/site-packages/airflow/example_dags/example_params_ui_tutorial.py
[2026-05-19T17:50:15.665+0000] {processor.py:830} INFO - Processing file /home/airflow/.local/lib/python3.12/site-packages/airflow/example_dags/example_params_ui_tutorial.py for tasks to queue
[2026-05-19T17:50:15.668+0000] {logging_mixin.py:188} INFO - [2026-05-19T17:50:15.667+0000] {dagbag.py:545} INFO - Filling up the DagBag from /home/airflow/.local/lib/python3.12/site-packages/airflow/example_dags/example_params_ui_tutorial.py
[2026-05-19T17:50:15.681+0000] {processor.py:840} INFO - DAG(s) 'example_params_ui_tutorial' retrieved from /home/airflow/.local/lib/python3.12/site-packages/airflow/example_dags/example_params_ui_tutorial.py
[2026-05-19T17:50:15.717+0000] {logging_mixin.py:188} INFO - [2026-05-19T17:50:15.716+0000] {dag.py:3096} INFO - Sync 1 DAGs
[2026-05-19T17:50:15.726+0000] {logging_mixin.py:188} INFO - [2026-05-19T17:50:15.726+0000] {dag.py:3954} INFO - Setting next_dagrun for example_params_ui_tutorial to None, run_after=None
[2026-05-19T17:50:15.747+0000] {processor.py:183} INFO - Processing /home/airflow/.local/lib/python3.12/site-packages/airflow/example_dags/example_params_ui_tutorial.py took 0.088 seconds
[2026-05-19T17:50:45.881+0000] {processor.py:161} INFO - Started process (PID=488) to work on /home/airflow/.local/lib/python3.12/site-packages/airflow/example_dags/example_params_ui_tutorial.py
[2026-05-19T17:50:45.882+0000] {processor.py:830} INFO - Processing file /home/airflow/.local/lib/python3.12/site-packages/airflow/example_dags/example_params_ui_tutorial.py for tasks to queue
[2026-05-19T17:50:45.884+0000] {logging_mixin.py:188} INFO - [2026-05-19T17:50:45.884+0000] {dagbag.py:545} INFO - Filling up the DagBag from /home/airflow/.local/lib/python3.12/site-packages/airflow/example_dags/example_params_ui_tutorial.py
[2026-05-19T17:50:45.895+0000] {processor.py:840} INFO - DAG(s) 'example_params_ui_tutorial' retrieved from /home/airflow/.local/lib/python3.12/site-packages/airflow/example_dags/example_params_ui_tutorial.py
[2026-05-19T17:50:45.957+0000] {logging_mixin.py:188} INFO - [2026-05-19T17:50:45.957+0000] {dag.py:3096} INFO - Sync 1 DAGs
[2026-05-19T17:50:45.979+0000] {logging_mixin.py:188} INFO - [2026-05-19T17:50:45.978+0000] {dag.py:3954} INFO - Setting next_dagrun for example_params_ui_tutorial to None, run_after=None
[2026-05-19T17:50:46.010+0000] {processor.py:183} INFO - Processing /home/airflow/.local/lib/python3.12/site-packages/airflow/example_dags/example_params_ui_tutorial.py took 0.136 seconds
[2026-05-19T17:51:16.260+0000] {processor.py:161} INFO - Started process (PID=546) to work on /home/airflow/.local/lib/python3.12/site-packages/airflow/example_dags/example_params_ui_tutorial.py
[2026-05-19T17:51:16.261+0000] {processor.py:830} INFO - Processing file /home/airflow/.local/lib/python3.12/site-packages/airflow/example_dags/example_params_ui_tutorial.py for tasks to queue
[2026-05-19T17:51:16.263+0000] {logging_mixin.py:188} INFO - [2026-05-19T17:51:16.262+0000] {dagbag.py:545} INFO - Filling up the DagBag from /home/airflow/.local/lib/python3.12/site-packages/airflow/example_dags/example_params_ui_tutorial.py
[2026-05-19T17:51:16.277+0000] {processor.py:840} INFO - DAG(s) 'example_params_ui_tutorial' retrieved from /home/airflow/.local/lib/python3.12/site-packages/airflow/example_dags/example_params_ui_tutorial.py
[2026-05-19T17:51:16.326+0000] {logging_mixin.py:188} INFO - [2026-05-19T17:51:16.326+0000] {dag.py:3096} INFO - Sync 1 DAGs
[2026-05-19T17:51:16.342+0000] {logging_mixin.py:188} INFO - [2026-05-19T17:51:16.342+0000] {dag.py:3954} INFO - Setting next_dagrun for example_params_ui_tutorial to None, run_after=None
[2026-05-19T17:51:16.363+0000] {processor.py:183} INFO - Processing /home/airflow/.local/lib/python3.12/site-packages/airflow/example_dags/example_params_ui_tutorial.py took 0.108 seconds
[2026-05-19T17:51:47.004+0000] {processor.py:161} INFO - Started process (PID=604) to work on /home/airflow/.local/lib/python3.12/site-packages/airflow/example_dags/example_params_ui_tutorial.py
[2026-05-19T17:51:47.006+0000] {processor.py:830} INFO - Processing file /home/airflow/.local/lib/python3.12/site-packages/airflow/example_dags/example_params_ui_tutorial.py for tasks to queue
[2026-05-19T17:51:47.008+0000] {logging_mixin.py:188} INFO - [2026-05-19T17:51:47.007+0000] {dagbag.py:545} INFO - Filling up the DagBag from /home/airflow/.local/lib/python3.12/site-packages/airflow/example_dags/example_params_ui_tutorial.py
[2026-05-19T17:51:47.017+0000] {processor.py:840} INFO - DAG(s) 'example_params_ui_tutorial' retrieved from /home/airflow/.local/lib/python3.12/site-packages/airflow/example_dags/example_params_ui_tutorial.py
[2026-05-19T17:51:47.065+0000] {logging_mixin.py:188} INFO - [2026-05-19T17:51:47.065+0000] {dag.py:3096} INFO - Sync 1 DAGs
[2026-05-19T17:51:47.076+0000] {logging_mixin.py:188} INFO - [2026-05-19T17:51:47.076+0000] {dag.py:3954} INFO - Setting next_dagrun for example_params_ui_tutorial to None, run_after=None
[2026-05-19T17:51:47.095+0000] {processor.py:183} INFO - Processing /home/airflow/.local/lib/python3.12/site-packages/airflow/example_dags/example_params_ui_tutorial.py took 0.097 seconds
[2026-05-19T17:52:17.162+0000] {processor.py:161} INFO - Started process (PID=662) to work on /home/airflow/.local/lib/python3.12/site-packages/airflow/example_dags/example_params_ui_tutorial.py
[2026-05-19T17:52:17.164+0000] {processor.py:830} INFO - Processing file /home/airflow/.local/lib/python3.12/site-packages/airflow/example_dags/example_params_ui_tutorial.py for tasks to queue
[2026-05-19T17:52:17.166+0000] {logging_mixin.py:188} INFO - [2026-05-19T17:52:17.165+0000] {dagbag.py:545} INFO - Filling up the DagBag from /home/airflow/.local/lib/python3.12/site-packages/airflow/example_dags/example_params_ui_tutorial.py
[2026-05-19T17:52:17.178+0000] {processor.py:840} INFO - DAG(s) 'example_params_ui_tutorial' retrieved from /home/airflow/.local/lib/python3.12/site-packages/airflow/example_dags/example_params_ui_tutorial.py
[2026-05-19T17:52:17.219+0000] {logging_mixin.py:188} INFO - [2026-05-19T17:52:17.219+0000] {dag.py:3096} INFO - Sync 1 DAGs
[2026-05-19T17:52:17.230+0000] {logging_mixin.py:188} INFO - [2026-05-19T17:52:17.230+0000] {dag.py:3954} INFO - Setting next_dagrun for example_params_ui_tutorial to None, run_after=None
[2026-05-19T17:52:17.271+0000] {processor.py:183} INFO - Processing /home/airflow/.local/lib/python3.12/site-packages/airflow/example_dags/example_params_ui_tutorial.py took 0.116 seconds
[2026-05-19T17:52:47.505+0000] {processor.py:161} INFO - Started process (PID=720) to work on /home/airflow/.local/lib/python3.12/site-packages/airflow/example_dags/example_params_ui_tutorial.py
[2026-05-19T17:52:47.506+0000] {processor.py:830} INFO - Processing file /home/airflow/.local/lib/python3.12/site-packages/airflow/example_dags/example_params_ui_tutorial.py for tasks to queue
[2026-05-19T17:52:47.507+0000] {logging_mixin.py:188} INFO - [2026-05-19T17:52:47.507+0000] {dagbag.py:545} INFO - Filling up the DagBag from /home/airflow/.local/lib/python3.12/site-packages/airflow/example_dags/example_params_ui_tutorial.py
[2026-05-19T17:52:47.518+0000] {processor.py:840} INFO - DAG(s) 'example_params_ui_tutorial' retrieved from /home/airflow/.local/lib/python3.12/site-packages/airflow/example_dags/example_params_ui_tutorial.py
[2026-05-19T17:52:47.554+0000] {logging_mixin.py:188} INFO - [2026-05-19T17:52:47.553+0000] {dag.py:3096} INFO - Sync 1 DAGs
[2026-05-19T17:52:47.564+0000] {logging_mixin.py:188} INFO - [2026-05-19T17:52:47.563+0000] {dag.py:3954} INFO - Setting next_dagrun for example_params_ui_tutorial to None, run_after=None
[2026-05-19T17:52:47.579+0000] {processor.py:183} INFO - Processing /home/airflow/.local/lib/python3.12/site-packages/airflow/example_dags/example_params_ui_tutorial.py took 0.078 seconds
[2026-05-19T17:53:18.122+0000] {processor.py:161} INFO - Started process (PID=778) to work on /home/airflow/.local/lib/python3.12/site-packages/airflow/example_dags/example_params_ui_tutorial.py
[2026-05-19T17:53:18.124+0000] {processor.py:830} INFO - Processing file /home/airflow/.local/lib/python3.12/site-packages/airflow/example_dags/example_params_ui_tutorial.py for tasks to queue
[2026-05-19T17:53:18.128+0000] {logging_mixin.py:188} INFO - [2026-05-19T17:53:18.127+0000] {dagbag.py:545} INFO - Filling up the DagBag from /home/airflow/.local/lib/python3.12/site-packages/airflow/example_dags/example_params_ui_tutorial.py
[2026-05-19T17:53:18.144+0000] {processor.py:840} INFO - DAG(s) 'example_params_ui_tutorial' retrieved from /home/airflow/.local/lib/python3.12/site-packages/airflow/example_dags/example_params_ui_tutorial.py
[2026-05-19T17:53:18.206+0000] {logging_mixin.py:188} INFO - [2026-05-19T17:53:18.205+0000] {dag.py:3096} INFO - Sync 1 DAGs
[2026-05-19T17:53:18.234+0000] {logging_mixin.py:188} INFO - [2026-05-19T17:53:18.233+0000] {dag.py:3954} INFO - Setting next_dagrun for example_params_ui_tutorial to None, run_after=None
[2026-05-19T17:53:18.261+0000] {processor.py:183} INFO - Processing /home/airflow/.local/lib/python3.12/site-packages/airflow/example_dags/example_params_ui_tutorial.py took 0.145 seconds
[2026-05-19T17:53:48.627+0000] {processor.py:161} INFO - Started process (PID=836) to work on /home/airflow/.local/lib/python3.12/site-packages/airflow/example_dags/example_params_ui_tutorial.py
[2026-05-19T17:53:48.628+0000] {processor.py:830} INFO - Processing file /home/airflow/.local/lib/python3.12/site-packages/airflow/example_dags/example_params_ui_tutorial.py for tasks to queue
[2026-05-19T17:53:48.630+0000] {logging_mixin.py:188} INFO - [2026-05-19T17:53:48.630+0000] {dagbag.py:545} INFO - Filling up the DagBag from /home/airflow/.local/lib/python3.12/site-packages/airflow/example_dags/example_params_ui_tutorial.py
[2026-05-19T17:53:48.641+0000] {processor.py:840} INFO - DAG(s) 'example_params_ui_tutorial' retrieved from /home/airflow/.local/lib/python3.12/site-packages/airflow/example_dags/example_params_ui_tutorial.py
[2026-05-19T17:53:48.679+0000] {logging_mixin.py:188} INFO - [2026-05-19T17:53:48.679+0000] {dag.py:3096} INFO - Sync 1 DAGs
[2026-05-19T17:53:48.689+0000] {logging_mixin.py:188} INFO - [2026-05-19T17:53:48.689+0000] {dag.py:3954} INFO - Setting next_dagrun for example_params_ui_tutorial to None, run_after=None
[2026-05-19T17:53:48.705+0000] {processor.py:183} INFO - Processing /home/airflow/.local/lib/python3.12/site-packages/airflow/example_dags/example_params_ui_tutorial.py took 0.083 seconds
[2026-05-19T17:54:19.235+0000] {processor.py:161} INFO - Started process (PID=894) to work on /home/airflow/.local/lib/python3.12/site-packages/airflow/example_dags/example_params_ui_tutorial.py
[2026-05-19T17:54:19.236+0000] {processor.py:830} INFO - Processing file /home/airflow/.local/lib/python3.12/site-packages/airflow/example_dags/example_params_ui_tutorial.py for tasks to queue
[2026-05-19T17:54:19.238+0000] {logging_mixin.py:188} INFO - [2026-05-19T17:54:19.237+0000] {dagbag.py:545} INFO - Filling up the DagBag from /home/airflow/.local/lib/python3.12/site-packages/airflow/example_dags/example_params_ui_tutorial.py
[2026-05-19T17:54:19.247+0000] {processor.py:840} INFO - DAG(s) 'example_params_ui_tutorial' retrieved from /home/airflow/.local/lib/python3.12/site-packages/airflow/example_dags/example_params_ui_tutorial.py
[2026-05-19T17:54:19.283+0000] {logging_mixin.py:188} INFO - [2026-05-19T17:54:19.283+0000] {dag.py:3096} INFO - Sync 1 DAGs
[2026-05-19T17:54:19.292+0000] {logging_mixin.py:188} INFO - [2026-05-19T17:54:19.292+0000] {dag.py:3954} INFO - Setting next_dagrun for example_params_ui_tutorial to None, run_after=None
[2026-05-19T17:54:19.306+0000] {processor.py:183} INFO - Processing /home/airflow/.local/lib/python3.12/site-packages/airflow/example_dags/example_params_ui_tutorial.py took 0.076 seconds
[2026-05-19T17:54:49.552+0000] {processor.py:161} INFO - Started process (PID=951) to work on /home/airflow/.local/lib/python3.12/site-packages/airflow/example_dags/example_params_ui_tutorial.py
[2026-05-19T17:54:49.553+0000] {processor.py:830} INFO - Processing file /home/airflow/.local/lib/python3.12/site-packages/airflow/example_dags/example_params_ui_tutorial.py for tasks to queue
[2026-05-19T17:54:49.555+0000] {logging_mixin.py:188} INFO - [2026-05-19T17:54:49.555+0000] {dagbag.py:545} INFO - Filling up the DagBag from /home/airflow/.local/lib/python3.12/site-packages/airflow/example_dags/example_params_ui_tutorial.py
[2026-05-19T17:54:49.565+0000] {processor.py:840} INFO - DAG(s) 'example_params_ui_tutorial' retrieved from /home/airflow/.local/lib/python3.12/site-packages/airflow/example_dags/example_params_ui_tutorial.py
[2026-05-19T17:54:49.606+0000] {logging_mixin.py:188} INFO - [2026-05-19T17:54:49.606+0000] {dag.py:3096} INFO - Sync 1 DAGs
[2026-05-19T17:54:49.617+0000] {logging_mixin.py:188} INFO - [2026-05-19T17:54:49.617+0000] {dag.py:3954} INFO - Setting next_dagrun for example_params_ui_tutorial to None, run_after=None
[2026-05-19T17:54:49.633+0000] {processor.py:183} INFO - Processing /home/airflow/.local/lib/python3.12/site-packages/airflow/example_dags/example_params_ui_tutorial.py took 0.085 seconds
[2026-05-19T17:55:19.808+0000] {processor.py:161} INFO - Started process (PID=1009) to work on /home/airflow/.local/lib/python3.12/site-packages/airflow/example_dags/example_params_ui_tutorial.py
[2026-05-19T17:55:19.810+0000] {processor.py:830} INFO - Processing file /home/airflow/.local/lib/python3.12/site-packages/airflow/example_dags/example_params_ui_tutorial.py for tasks to queue
[2026-05-19T17:55:19.812+0000] {logging_mixin.py:188} INFO - [2026-05-19T17:55:19.811+0000] {dagbag.py:545} INFO - Filling up the DagBag from /home/airflow/.local/lib/python3.12/site-packages/airflow/example_dags/example_params_ui_tutorial.py
[2026-05-19T17:55:19.824+0000] {processor.py:840} INFO - DAG(s) 'example_params_ui_tutorial' retrieved from /home/airflow/.local/lib/python3.12/site-packages/airflow/example_dags/example_params_ui_tutorial.py
[2026-05-19T17:55:19.881+0000] {logging_mixin.py:188} INFO - [2026-05-19T17:55:19.881+0000] {dag.py:3096} INFO - Sync 1 DAGs
[2026-05-19T17:55:19.894+0000] {logging_mixin.py:188} INFO - [2026-05-19T17:55:19.894+0000] {dag.py:3954} INFO - Setting next_dagrun for example_params_ui_tutorial to None, run_after=None
[2026-05-19T17:55:19.915+0000] {processor.py:183} INFO - Processing /home/airflow/.local/lib/python3.12/site-packages/airflow/example_dags/example_params_ui_tutorial.py took 0.114 seconds
[2026-05-19T17:55:49.993+0000] {processor.py:161} INFO - Started process (PID=1067) to work on /home/airflow/.local/lib/python3.12/site-packages/airflow/example_dags/example_params_ui_tutorial.py
[2026-05-19T17:55:49.994+0000] {processor.py:830} INFO - Processing file /home/airflow/.local/lib/python3.12/site-packages/airflow/example_dags/example_params_ui_tutorial.py for tasks to queue
[2026-05-19T17:55:49.997+0000] {logging_mixin.py:188} INFO - [2026-05-19T17:55:49.996+0000] {dagbag.py:545} INFO - Filling up the DagBag from /home/airflow/.local/lib/python3.12/site-packages/airflow/example_dags/example_params_ui_tutorial.py
[2026-05-19T17:55:50.007+0000] {processor.py:840} INFO - DAG(s) 'example_params_ui_tutorial' retrieved from /home/airflow/.local/lib/python3.12/site-packages/airflow/example_dags/example_params_ui_tutorial.py
[2026-05-19T17:55:50.069+0000] {logging_mixin.py:188} INFO - [2026-05-19T17:55:50.068+0000] {dag.py:3096} INFO - Sync 1 DAGs
[2026-05-19T17:55:50.083+0000] {logging_mixin.py:188} INFO - [2026-05-19T17:55:50.082+0000] {dag.py:3954} INFO - Setting next_dagrun for example_params_ui_tutorial to None, run_after=None
[2026-05-19T17:55:50.114+0000] {processor.py:183} INFO - Processing /home/airflow/.local/lib/python3.12/site-packages/airflow/example_dags/example_params_ui_tutorial.py took 0.126 seconds
[2026-05-19T17:56:20.214+0000] {processor.py:161} INFO - Started process (PID=1125) to work on /home/airflow/.local/lib/python3.12/site-packages/airflow/example_dags/example_params_ui_tutorial.py
[2026-05-19T17:56:20.216+0000] {processor.py:830} INFO - Processing file /home/airflow/.local/lib/python3.12/site-packages/airflow/example_dags/example_params_ui_tutorial.py for tasks to queue
[2026-05-19T17:56:20.218+0000] {logging_mixin.py:188} INFO - [2026-05-19T17:56:20.218+0000] {dagbag.py:545} INFO - Filling up the DagBag from /home/airflow/.local/lib/python3.12/site-packages/airflow/example_dags/example_params_ui_tutorial.py
[2026-05-19T17:56:20.227+0000] {processor.py:840} INFO - DAG(s) 'example_params_ui_tutorial' retrieved from /home/airflow/.local/lib/python3.12/site-packages/airflow/example_dags/example_params_ui_tutorial.py
[2026-05-19T17:56:20.261+0000] {logging_mixin.py:188} INFO - [2026-05-19T17:56:20.261+0000] {dag.py:3096} INFO - Sync 1 DAGs
[2026-05-19T17:56:20.270+0000] {logging_mixin.py:188} INFO - [2026-05-19T17:56:20.270+0000] {dag.py:3954} INFO - Setting next_dagrun for example_params_ui_tutorial to None, run_after=None
[2026-05-19T17:56:20.310+0000] {processor.py:183} INFO - Processing /home/airflow/.local/lib/python3.12/site-packages/airflow/example_dags/example_params_ui_tutorial.py took 0.102 seconds
[2026-05-19T17:56:50.551+0000] {processor.py:161} INFO - Started process (PID=1183) to work on /home/airflow/.local/lib/python3.12/site-packages/airflow/example_dags/example_params_ui_tutorial.py
[2026-05-19T17:56:50.554+0000] {processor.py:830} INFO - Processing file /home/airflow/.local/lib/python3.12/site-packages/airflow/example_dags/example_params_ui_tutorial.py for tasks to queue
[2026-05-19T17:56:50.558+0000] {logging_mixin.py:188} INFO - [2026-05-19T17:56:50.557+0000] {dagbag.py:545} INFO - Filling up the DagBag from /home/airflow/.local/lib/python3.12/site-packages/airflow/example_dags/example_params_ui_tutorial.py
[2026-05-19T17:56:50.576+0000] {processor.py:840} INFO - DAG(s) 'example_params_ui_tutorial' retrieved from /home/airflow/.local/lib/python3.12/site-packages/airflow/example_dags/example_params_ui_tutorial.py
[2026-05-19T17:56:50.649+0000] {logging_mixin.py:188} INFO - [2026-05-19T17:56:50.649+0000] {dag.py:3096} INFO - Sync 1 DAGs
[2026-05-19T17:56:50.664+0000] {logging_mixin.py:188} INFO - [2026-05-19T17:56:50.664+0000] {dag.py:3954} INFO - Setting next_dagrun for example_params_ui_tutorial to None, run_after=None
[2026-05-19T17:56:50.691+0000] {processor.py:183} INFO - Processing /home/airflow/.local/lib/python3.12/site-packages/airflow/example_dags/example_params_ui_tutorial.py took 0.151 seconds
[2026-05-19T17:57:56.867+0000] {processor.py:161} INFO - Started process (PID=79) to work on /home/airflow/.local/lib/python3.12/site-packages/airflow/example_dags/example_params_ui_tutorial.py
[2026-05-19T17:57:56.869+0000] {processor.py:830} INFO - Processing file /home/airflow/.local/lib/python3.12/site-packages/airflow/example_dags/example_params_ui_tutorial.py for tasks to queue
[2026-05-19T17:57:56.873+0000] {logging_mixin.py:188} INFO - [2026-05-19T17:57:56.873+0000] {dagbag.py:545} INFO - Filling up the DagBag from /home/airflow/.local/lib/python3.12/site-packages/airflow/example_dags/example_params_ui_tutorial.py
[2026-05-19T17:57:56.898+0000] {processor.py:840} INFO - DAG(s) 'example_params_ui_tutorial' retrieved from /home/airflow/.local/lib/python3.12/site-packages/airflow/example_dags/example_params_ui_tutorial.py
[2026-05-19T17:57:57.312+0000] {logging_mixin.py:188} INFO - [2026-05-19T17:57:57.311+0000] {dag.py:3096} INFO - Sync 1 DAGs
[2026-05-19T17:57:57.346+0000] {logging_mixin.py:188} INFO - [2026-05-19T17:57:57.346+0000] {dag.py:3954} INFO - Setting next_dagrun for example_params_ui_tutorial to None, run_after=None
[2026-05-19T17:57:57.412+0000] {processor.py:183} INFO - Processing /home/airflow/.local/lib/python3.12/site-packages/airflow/example_dags/example_params_ui_tutorial.py took 0.554 seconds
[2026-05-19T17:58:27.625+0000] {processor.py:161} INFO - Started process (PID=137) to work on /home/airflow/.local/lib/python3.12/site-packages/airflow/example_dags/example_params_ui_tutorial.py
[2026-05-19T17:58:27.628+0000] {processor.py:830} INFO - Processing file /home/airflow/.local/lib/python3.12/site-packages/airflow/example_dags/example_params_ui_tutorial.py for tasks to queue
[2026-05-19T17:58:27.632+0000] {logging_mixin.py:188} INFO - [2026-05-19T17:58:27.631+0000] {dagbag.py:545} INFO - Filling up the DagBag from /home/airflow/.local/lib/python3.12/site-packages/airflow/example_dags/example_params_ui_tutorial.py
[2026-05-19T17:58:27.649+0000] {processor.py:840} INFO - DAG(s) 'example_params_ui_tutorial' retrieved from /home/airflow/.local/lib/python3.12/site-packages/airflow/example_dags/example_params_ui_tutorial.py
[2026-05-19T17:58:27.736+0000] {logging_mixin.py:188} INFO - [2026-05-19T17:58:27.736+0000] {dag.py:3096} INFO - Sync 1 DAGs
[2026-05-19T17:58:27.759+0000] {logging_mixin.py:188} INFO - [2026-05-19T17:58:27.758+0000] {dag.py:3954} INFO - Setting next_dagrun for example_params_ui_tutorial to None, run_after=None
[2026-05-19T17:58:27.791+0000] {processor.py:183} INFO - Processing /home/airflow/.local/lib/python3.12/site-packages/airflow/example_dags/example_params_ui_tutorial.py took 0.174 seconds
