[2026-05-19T13:25:30.042+0000] {processor.py:161} INFO - Started process (PID=113) to work on /home/airflow/.local/lib/python3.12/site-packages/airflow/example_dags/example_subdag_operator.py
[2026-05-19T13:25:30.045+0000] {processor.py:830} INFO - Processing file /home/airflow/.local/lib/python3.12/site-packages/airflow/example_dags/example_subdag_operator.py for tasks to queue
[2026-05-19T13:25:30.051+0000] {logging_mixin.py:188} INFO - [2026-05-19T13:25:30.050+0000] {dagbag.py:545} INFO - Filling up the DagBag from /home/airflow/.local/lib/python3.12/site-packages/airflow/example_dags/example_subdag_operator.py
[2026-05-19T13:25:30.144+0000] {processor.py:840} INFO - DAG(s) 'example_subdag_operator.section-1', 'example_subdag_operator.section-2', 'example_subdag_operator' retrieved from /home/airflow/.local/lib/python3.12/site-packages/airflow/example_dags/example_subdag_operator.py
[2026-05-19T13:25:30.632+0000] {logging_mixin.py:188} INFO - [2026-05-19T13:25:30.630+0000] {override.py:1829} INFO - Created Permission View: can read on DAG:example_subdag_operator
[2026-05-19T13:25:30.671+0000] {logging_mixin.py:188} INFO - [2026-05-19T13:25:30.670+0000] {override.py:1829} INFO - Created Permission View: can edit on DAG:example_subdag_operator
[2026-05-19T13:25:30.695+0000] {logging_mixin.py:188} INFO - [2026-05-19T13:25:30.694+0000] {override.py:1829} INFO - Created Permission View: can delete on DAG:example_subdag_operator
[2026-05-19T13:25:30.697+0000] {logging_mixin.py:188} INFO - [2026-05-19T13:25:30.697+0000] {dag.py:3096} INFO - Sync 3 DAGs
[2026-05-19T13:25:30.735+0000] {logging_mixin.py:188} INFO - [2026-05-19T13:25:30.735+0000] {dag.py:3118} INFO - Creating ORM DAG for example_subdag_operator
[2026-05-19T13:25:30.739+0000] {logging_mixin.py:188} INFO - [2026-05-19T13:25:30.738+0000] {dag.py:3118} INFO - Creating ORM DAG for example_subdag_operator.section-1
[2026-05-19T13:25:30.743+0000] {logging_mixin.py:188} INFO - [2026-05-19T13:25:30.742+0000] {dag.py:3118} INFO - Creating ORM DAG for example_subdag_operator.section-2
[2026-05-19T13:25:30.787+0000] {logging_mixin.py:188} INFO - [2026-05-19T13:25:30.787+0000] {dag.py:3954} INFO - Setting next_dagrun for example_subdag_operator to 2022-01-01 00:00:00+00:00, run_after=2022-01-01 00:00:00+00:00
[2026-05-19T13:25:30.789+0000] {logging_mixin.py:188} INFO - [2026-05-19T13:25:30.789+0000] {dag.py:3954} INFO - Setting next_dagrun for example_subdag_operator.section-1 to None, run_after=None
[2026-05-19T13:25:30.791+0000] {logging_mixin.py:188} INFO - [2026-05-19T13:25:30.791+0000] {dag.py:3954} INFO - Setting next_dagrun for example_subdag_operator.section-2 to None, run_after=None
[2026-05-19T13:25:30.816+0000] {logging_mixin.py:188} INFO - [2026-05-19T13:25:30.815+0000] {dag.py:3096} INFO - Sync 2 DAGs
[2026-05-19T13:25:30.831+0000] {logging_mixin.py:188} INFO - [2026-05-19T13:25:30.830+0000] {dag.py:3954} INFO - Setting next_dagrun for example_subdag_operator.section-1 to None, run_after=None
[2026-05-19T13:25:30.842+0000] {logging_mixin.py:188} INFO - [2026-05-19T13:25:30.841+0000] {dag.py:3954} INFO - Setting next_dagrun for example_subdag_operator.section-2 to None, run_after=None
[2026-05-19T13:25:30.879+0000] {processor.py:183} INFO - Processing /home/airflow/.local/lib/python3.12/site-packages/airflow/example_dags/example_subdag_operator.py took 0.861 seconds
[2026-05-19T13:26:01.874+0000] {processor.py:161} INFO - Started process (PID=171) to work on /home/airflow/.local/lib/python3.12/site-packages/airflow/example_dags/example_subdag_operator.py
[2026-05-19T13:26:01.876+0000] {processor.py:830} INFO - Processing file /home/airflow/.local/lib/python3.12/site-packages/airflow/example_dags/example_subdag_operator.py for tasks to queue
[2026-05-19T13:26:01.879+0000] {logging_mixin.py:188} INFO - [2026-05-19T13:26:01.878+0000] {dagbag.py:545} INFO - Filling up the DagBag from /home/airflow/.local/lib/python3.12/site-packages/airflow/example_dags/example_subdag_operator.py
[2026-05-19T13:26:01.915+0000] {processor.py:840} INFO - DAG(s) 'example_subdag_operator.section-1', 'example_subdag_operator.section-2', 'example_subdag_operator' retrieved from /home/airflow/.local/lib/python3.12/site-packages/airflow/example_dags/example_subdag_operator.py
[2026-05-19T13:26:01.941+0000] {logging_mixin.py:188} INFO - [2026-05-19T13:26:01.940+0000] {dag.py:3096} INFO - Sync 3 DAGs
[2026-05-19T13:26:01.978+0000] {logging_mixin.py:188} INFO - [2026-05-19T13:26:01.977+0000] {dag.py:3954} INFO - Setting next_dagrun for example_subdag_operator to 2022-01-01 00:00:00+00:00, run_after=2022-01-01 00:00:00+00:00
[2026-05-19T13:26:01.989+0000] {logging_mixin.py:188} INFO - [2026-05-19T13:26:01.989+0000] {dag.py:3954} INFO - Setting next_dagrun for example_subdag_operator.section-1 to None, run_after=None
[2026-05-19T13:26:01.993+0000] {logging_mixin.py:188} INFO - [2026-05-19T13:26:01.992+0000] {dag.py:3954} INFO - Setting next_dagrun for example_subdag_operator.section-2 to None, run_after=None
[2026-05-19T13:26:02.010+0000] {logging_mixin.py:188} INFO - [2026-05-19T13:26:02.010+0000] {dag.py:3096} INFO - Sync 2 DAGs
[2026-05-19T13:26:02.019+0000] {logging_mixin.py:188} INFO - [2026-05-19T13:26:02.018+0000] {dag.py:3954} INFO - Setting next_dagrun for example_subdag_operator.section-1 to None, run_after=None
[2026-05-19T13:26:02.020+0000] {logging_mixin.py:188} INFO - [2026-05-19T13:26:02.020+0000] {dag.py:3954} INFO - Setting next_dagrun for example_subdag_operator.section-2 to None, run_after=None
[2026-05-19T13:26:02.044+0000] {processor.py:183} INFO - Processing /home/airflow/.local/lib/python3.12/site-packages/airflow/example_dags/example_subdag_operator.py took 0.180 seconds
[2026-05-19T13:26:32.209+0000] {processor.py:161} INFO - Started process (PID=229) to work on /home/airflow/.local/lib/python3.12/site-packages/airflow/example_dags/example_subdag_operator.py
[2026-05-19T13:26:32.211+0000] {processor.py:830} INFO - Processing file /home/airflow/.local/lib/python3.12/site-packages/airflow/example_dags/example_subdag_operator.py for tasks to queue
[2026-05-19T13:26:32.213+0000] {logging_mixin.py:188} INFO - [2026-05-19T13:26:32.213+0000] {dagbag.py:545} INFO - Filling up the DagBag from /home/airflow/.local/lib/python3.12/site-packages/airflow/example_dags/example_subdag_operator.py
[2026-05-19T13:26:32.250+0000] {processor.py:840} INFO - DAG(s) 'example_subdag_operator.section-1', 'example_subdag_operator.section-2', 'example_subdag_operator' retrieved from /home/airflow/.local/lib/python3.12/site-packages/airflow/example_dags/example_subdag_operator.py
[2026-05-19T13:26:32.274+0000] {logging_mixin.py:188} INFO - [2026-05-19T13:26:32.274+0000] {dag.py:3096} INFO - Sync 3 DAGs
[2026-05-19T13:26:32.301+0000] {logging_mixin.py:188} INFO - [2026-05-19T13:26:32.301+0000] {dag.py:3954} INFO - Setting next_dagrun for example_subdag_operator to 2022-01-01 00:00:00+00:00, run_after=2022-01-01 00:00:00+00:00
[2026-05-19T13:26:32.307+0000] {logging_mixin.py:188} INFO - [2026-05-19T13:26:32.306+0000] {dag.py:3954} INFO - Setting next_dagrun for example_subdag_operator.section-1 to None, run_after=None
[2026-05-19T13:26:32.309+0000] {logging_mixin.py:188} INFO - [2026-05-19T13:26:32.309+0000] {dag.py:3954} INFO - Setting next_dagrun for example_subdag_operator.section-2 to None, run_after=None
[2026-05-19T13:26:32.323+0000] {logging_mixin.py:188} INFO - [2026-05-19T13:26:32.322+0000] {dag.py:3096} INFO - Sync 2 DAGs
[2026-05-19T13:26:32.332+0000] {logging_mixin.py:188} INFO - [2026-05-19T13:26:32.332+0000] {dag.py:3954} INFO - Setting next_dagrun for example_subdag_operator.section-1 to None, run_after=None
[2026-05-19T13:26:32.333+0000] {logging_mixin.py:188} INFO - [2026-05-19T13:26:32.333+0000] {dag.py:3954} INFO - Setting next_dagrun for example_subdag_operator.section-2 to None, run_after=None
[2026-05-19T13:26:32.353+0000] {processor.py:183} INFO - Processing /home/airflow/.local/lib/python3.12/site-packages/airflow/example_dags/example_subdag_operator.py took 0.155 seconds
[2026-05-19T13:27:02.922+0000] {processor.py:161} INFO - Started process (PID=287) to work on /home/airflow/.local/lib/python3.12/site-packages/airflow/example_dags/example_subdag_operator.py
[2026-05-19T13:27:02.925+0000] {processor.py:830} INFO - Processing file /home/airflow/.local/lib/python3.12/site-packages/airflow/example_dags/example_subdag_operator.py for tasks to queue
[2026-05-19T13:27:02.928+0000] {logging_mixin.py:188} INFO - [2026-05-19T13:27:02.928+0000] {dagbag.py:545} INFO - Filling up the DagBag from /home/airflow/.local/lib/python3.12/site-packages/airflow/example_dags/example_subdag_operator.py
[2026-05-19T13:27:02.961+0000] {processor.py:840} INFO - DAG(s) 'example_subdag_operator.section-1', 'example_subdag_operator.section-2', 'example_subdag_operator' retrieved from /home/airflow/.local/lib/python3.12/site-packages/airflow/example_dags/example_subdag_operator.py
[2026-05-19T13:27:02.980+0000] {logging_mixin.py:188} INFO - [2026-05-19T13:27:02.980+0000] {dag.py:3096} INFO - Sync 3 DAGs
[2026-05-19T13:27:03.004+0000] {logging_mixin.py:188} INFO - [2026-05-19T13:27:03.004+0000] {dag.py:3954} INFO - Setting next_dagrun for example_subdag_operator to 2022-01-01 00:00:00+00:00, run_after=2022-01-01 00:00:00+00:00
[2026-05-19T13:27:03.012+0000] {logging_mixin.py:188} INFO - [2026-05-19T13:27:03.011+0000] {dag.py:3954} INFO - Setting next_dagrun for example_subdag_operator.section-1 to None, run_after=None
[2026-05-19T13:27:03.014+0000] {logging_mixin.py:188} INFO - [2026-05-19T13:27:03.013+0000] {dag.py:3954} INFO - Setting next_dagrun for example_subdag_operator.section-2 to None, run_after=None
[2026-05-19T13:27:03.025+0000] {logging_mixin.py:188} INFO - [2026-05-19T13:27:03.025+0000] {dag.py:3096} INFO - Sync 2 DAGs
[2026-05-19T13:27:03.032+0000] {logging_mixin.py:188} INFO - [2026-05-19T13:27:03.031+0000] {dag.py:3954} INFO - Setting next_dagrun for example_subdag_operator.section-1 to None, run_after=None
[2026-05-19T13:27:03.032+0000] {logging_mixin.py:188} INFO - [2026-05-19T13:27:03.032+0000] {dag.py:3954} INFO - Setting next_dagrun for example_subdag_operator.section-2 to None, run_after=None
[2026-05-19T13:27:03.047+0000] {processor.py:183} INFO - Processing /home/airflow/.local/lib/python3.12/site-packages/airflow/example_dags/example_subdag_operator.py took 0.132 seconds
[2026-05-19T13:27:33.334+0000] {processor.py:161} INFO - Started process (PID=345) to work on /home/airflow/.local/lib/python3.12/site-packages/airflow/example_dags/example_subdag_operator.py
[2026-05-19T13:27:33.336+0000] {processor.py:830} INFO - Processing file /home/airflow/.local/lib/python3.12/site-packages/airflow/example_dags/example_subdag_operator.py for tasks to queue
[2026-05-19T13:27:33.341+0000] {logging_mixin.py:188} INFO - [2026-05-19T13:27:33.340+0000] {dagbag.py:545} INFO - Filling up the DagBag from /home/airflow/.local/lib/python3.12/site-packages/airflow/example_dags/example_subdag_operator.py
[2026-05-19T13:27:33.388+0000] {processor.py:840} INFO - DAG(s) 'example_subdag_operator.section-1', 'example_subdag_operator.section-2', 'example_subdag_operator' retrieved from /home/airflow/.local/lib/python3.12/site-packages/airflow/example_dags/example_subdag_operator.py
[2026-05-19T13:27:33.426+0000] {logging_mixin.py:188} INFO - [2026-05-19T13:27:33.425+0000] {dag.py:3096} INFO - Sync 3 DAGs
[2026-05-19T13:27:33.466+0000] {logging_mixin.py:188} INFO - [2026-05-19T13:27:33.466+0000] {dag.py:3954} INFO - Setting next_dagrun for example_subdag_operator to 2022-01-01 00:00:00+00:00, run_after=2022-01-01 00:00:00+00:00
[2026-05-19T13:27:33.473+0000] {logging_mixin.py:188} INFO - [2026-05-19T13:27:33.472+0000] {dag.py:3954} INFO - Setting next_dagrun for example_subdag_operator.section-1 to None, run_after=None
[2026-05-19T13:27:33.476+0000] {logging_mixin.py:188} INFO - [2026-05-19T13:27:33.475+0000] {dag.py:3954} INFO - Setting next_dagrun for example_subdag_operator.section-2 to None, run_after=None
[2026-05-19T13:27:33.492+0000] {logging_mixin.py:188} INFO - [2026-05-19T13:27:33.492+0000] {dag.py:3096} INFO - Sync 2 DAGs
[2026-05-19T13:27:33.507+0000] {logging_mixin.py:188} INFO - [2026-05-19T13:27:33.507+0000] {dag.py:3954} INFO - Setting next_dagrun for example_subdag_operator.section-1 to None, run_after=None
[2026-05-19T13:27:33.509+0000] {logging_mixin.py:188} INFO - [2026-05-19T13:27:33.509+0000] {dag.py:3954} INFO - Setting next_dagrun for example_subdag_operator.section-2 to None, run_after=None
[2026-05-19T13:27:33.532+0000] {processor.py:183} INFO - Processing /home/airflow/.local/lib/python3.12/site-packages/airflow/example_dags/example_subdag_operator.py took 0.208 seconds
[2026-05-19T13:28:04.124+0000] {processor.py:161} INFO - Started process (PID=402) to work on /home/airflow/.local/lib/python3.12/site-packages/airflow/example_dags/example_subdag_operator.py
[2026-05-19T13:28:04.125+0000] {processor.py:830} INFO - Processing file /home/airflow/.local/lib/python3.12/site-packages/airflow/example_dags/example_subdag_operator.py for tasks to queue
[2026-05-19T13:28:04.129+0000] {logging_mixin.py:188} INFO - [2026-05-19T13:28:04.129+0000] {dagbag.py:545} INFO - Filling up the DagBag from /home/airflow/.local/lib/python3.12/site-packages/airflow/example_dags/example_subdag_operator.py
[2026-05-19T13:28:04.170+0000] {processor.py:840} INFO - DAG(s) 'example_subdag_operator.section-1', 'example_subdag_operator.section-2', 'example_subdag_operator' retrieved from /home/airflow/.local/lib/python3.12/site-packages/airflow/example_dags/example_subdag_operator.py
[2026-05-19T13:28:04.196+0000] {logging_mixin.py:188} INFO - [2026-05-19T13:28:04.196+0000] {dag.py:3096} INFO - Sync 3 DAGs
[2026-05-19T13:28:04.233+0000] {logging_mixin.py:188} INFO - [2026-05-19T13:28:04.232+0000] {dag.py:3954} INFO - Setting next_dagrun for example_subdag_operator to 2022-01-01 00:00:00+00:00, run_after=2022-01-01 00:00:00+00:00
[2026-05-19T13:28:04.239+0000] {logging_mixin.py:188} INFO - [2026-05-19T13:28:04.239+0000] {dag.py:3954} INFO - Setting next_dagrun for example_subdag_operator.section-1 to None, run_after=None
[2026-05-19T13:28:04.243+0000] {logging_mixin.py:188} INFO - [2026-05-19T13:28:04.243+0000] {dag.py:3954} INFO - Setting next_dagrun for example_subdag_operator.section-2 to None, run_after=None
[2026-05-19T13:28:04.258+0000] {logging_mixin.py:188} INFO - [2026-05-19T13:28:04.257+0000] {dag.py:3096} INFO - Sync 2 DAGs
[2026-05-19T13:28:04.269+0000] {logging_mixin.py:188} INFO - [2026-05-19T13:28:04.269+0000] {dag.py:3954} INFO - Setting next_dagrun for example_subdag_operator.section-1 to None, run_after=None
[2026-05-19T13:28:04.271+0000] {logging_mixin.py:188} INFO - [2026-05-19T13:28:04.271+0000] {dag.py:3954} INFO - Setting next_dagrun for example_subdag_operator.section-2 to None, run_after=None
[2026-05-19T13:28:04.297+0000] {processor.py:183} INFO - Processing /home/airflow/.local/lib/python3.12/site-packages/airflow/example_dags/example_subdag_operator.py took 0.182 seconds
[2026-05-19T13:28:35.198+0000] {processor.py:161} INFO - Started process (PID=460) to work on /home/airflow/.local/lib/python3.12/site-packages/airflow/example_dags/example_subdag_operator.py
[2026-05-19T13:28:35.199+0000] {processor.py:830} INFO - Processing file /home/airflow/.local/lib/python3.12/site-packages/airflow/example_dags/example_subdag_operator.py for tasks to queue
[2026-05-19T13:28:35.207+0000] {logging_mixin.py:188} INFO - [2026-05-19T13:28:35.206+0000] {dagbag.py:545} INFO - Filling up the DagBag from /home/airflow/.local/lib/python3.12/site-packages/airflow/example_dags/example_subdag_operator.py
[2026-05-19T13:28:35.271+0000] {processor.py:840} INFO - DAG(s) 'example_subdag_operator.section-1', 'example_subdag_operator.section-2', 'example_subdag_operator' retrieved from /home/airflow/.local/lib/python3.12/site-packages/airflow/example_dags/example_subdag_operator.py
[2026-05-19T13:28:35.302+0000] {logging_mixin.py:188} INFO - [2026-05-19T13:28:35.301+0000] {dag.py:3096} INFO - Sync 3 DAGs
[2026-05-19T13:28:35.345+0000] {logging_mixin.py:188} INFO - [2026-05-19T13:28:35.345+0000] {dag.py:3954} INFO - Setting next_dagrun for example_subdag_operator to 2022-01-01 00:00:00+00:00, run_after=2022-01-01 00:00:00+00:00
[2026-05-19T13:28:35.354+0000] {logging_mixin.py:188} INFO - [2026-05-19T13:28:35.354+0000] {dag.py:3954} INFO - Setting next_dagrun for example_subdag_operator.section-1 to None, run_after=None
[2026-05-19T13:28:35.357+0000] {logging_mixin.py:188} INFO - [2026-05-19T13:28:35.356+0000] {dag.py:3954} INFO - Setting next_dagrun for example_subdag_operator.section-2 to None, run_after=None
[2026-05-19T13:28:35.372+0000] {logging_mixin.py:188} INFO - [2026-05-19T13:28:35.372+0000] {dag.py:3096} INFO - Sync 2 DAGs
[2026-05-19T13:28:35.382+0000] {logging_mixin.py:188} INFO - [2026-05-19T13:28:35.382+0000] {dag.py:3954} INFO - Setting next_dagrun for example_subdag_operator.section-1 to None, run_after=None
[2026-05-19T13:28:35.384+0000] {logging_mixin.py:188} INFO - [2026-05-19T13:28:35.384+0000] {dag.py:3954} INFO - Setting next_dagrun for example_subdag_operator.section-2 to None, run_after=None
[2026-05-19T13:28:35.406+0000] {processor.py:183} INFO - Processing /home/airflow/.local/lib/python3.12/site-packages/airflow/example_dags/example_subdag_operator.py took 0.216 seconds
[2026-05-19T13:29:05.680+0000] {processor.py:161} INFO - Started process (PID=518) to work on /home/airflow/.local/lib/python3.12/site-packages/airflow/example_dags/example_subdag_operator.py
[2026-05-19T13:29:05.682+0000] {processor.py:830} INFO - Processing file /home/airflow/.local/lib/python3.12/site-packages/airflow/example_dags/example_subdag_operator.py for tasks to queue
[2026-05-19T13:29:05.684+0000] {logging_mixin.py:188} INFO - [2026-05-19T13:29:05.684+0000] {dagbag.py:545} INFO - Filling up the DagBag from /home/airflow/.local/lib/python3.12/site-packages/airflow/example_dags/example_subdag_operator.py
[2026-05-19T13:29:05.721+0000] {processor.py:840} INFO - DAG(s) 'example_subdag_operator.section-1', 'example_subdag_operator.section-2', 'example_subdag_operator' retrieved from /home/airflow/.local/lib/python3.12/site-packages/airflow/example_dags/example_subdag_operator.py
[2026-05-19T13:29:05.743+0000] {logging_mixin.py:188} INFO - [2026-05-19T13:29:05.743+0000] {dag.py:3096} INFO - Sync 3 DAGs
[2026-05-19T13:29:05.767+0000] {logging_mixin.py:188} INFO - [2026-05-19T13:29:05.767+0000] {dag.py:3954} INFO - Setting next_dagrun for example_subdag_operator to 2022-01-01 00:00:00+00:00, run_after=2022-01-01 00:00:00+00:00
[2026-05-19T13:29:05.773+0000] {logging_mixin.py:188} INFO - [2026-05-19T13:29:05.772+0000] {dag.py:3954} INFO - Setting next_dagrun for example_subdag_operator.section-1 to None, run_after=None
[2026-05-19T13:29:05.775+0000] {logging_mixin.py:188} INFO - [2026-05-19T13:29:05.775+0000] {dag.py:3954} INFO - Setting next_dagrun for example_subdag_operator.section-2 to None, run_after=None
[2026-05-19T13:29:05.787+0000] {logging_mixin.py:188} INFO - [2026-05-19T13:29:05.786+0000] {dag.py:3096} INFO - Sync 2 DAGs
[2026-05-19T13:29:05.796+0000] {logging_mixin.py:188} INFO - [2026-05-19T13:29:05.796+0000] {dag.py:3954} INFO - Setting next_dagrun for example_subdag_operator.section-1 to None, run_after=None
[2026-05-19T13:29:05.797+0000] {logging_mixin.py:188} INFO - [2026-05-19T13:29:05.797+0000] {dag.py:3954} INFO - Setting next_dagrun for example_subdag_operator.section-2 to None, run_after=None
[2026-05-19T13:29:05.822+0000] {processor.py:183} INFO - Processing /home/airflow/.local/lib/python3.12/site-packages/airflow/example_dags/example_subdag_operator.py took 0.146 seconds
[2026-05-19T13:30:59.676+0000] {processor.py:161} INFO - Started process (PID=109) to work on /home/airflow/.local/lib/python3.12/site-packages/airflow/example_dags/example_subdag_operator.py
[2026-05-19T13:30:59.678+0000] {processor.py:830} INFO - Processing file /home/airflow/.local/lib/python3.12/site-packages/airflow/example_dags/example_subdag_operator.py for tasks to queue
[2026-05-19T13:30:59.684+0000] {logging_mixin.py:188} INFO - [2026-05-19T13:30:59.683+0000] {dagbag.py:545} INFO - Filling up the DagBag from /home/airflow/.local/lib/python3.12/site-packages/airflow/example_dags/example_subdag_operator.py
[2026-05-19T13:30:59.736+0000] {processor.py:840} INFO - DAG(s) 'example_subdag_operator.section-1', 'example_subdag_operator.section-2', 'example_subdag_operator' retrieved from /home/airflow/.local/lib/python3.12/site-packages/airflow/example_dags/example_subdag_operator.py
[2026-05-19T13:30:59.943+0000] {logging_mixin.py:188} INFO - [2026-05-19T13:30:59.942+0000] {dag.py:3096} INFO - Sync 3 DAGs
[2026-05-19T13:30:59.999+0000] {logging_mixin.py:188} INFO - [2026-05-19T13:30:59.998+0000] {dag.py:3954} INFO - Setting next_dagrun for example_subdag_operator to 2022-01-01 00:00:00+00:00, run_after=2022-01-01 00:00:00+00:00
[2026-05-19T13:31:00.007+0000] {logging_mixin.py:188} INFO - [2026-05-19T13:31:00.006+0000] {dag.py:3954} INFO - Setting next_dagrun for example_subdag_operator.section-1 to None, run_after=None
[2026-05-19T13:31:00.013+0000] {logging_mixin.py:188} INFO - [2026-05-19T13:31:00.011+0000] {dag.py:3954} INFO - Setting next_dagrun for example_subdag_operator.section-2 to None, run_after=None
[2026-05-19T13:31:00.048+0000] {logging_mixin.py:188} INFO - [2026-05-19T13:31:00.048+0000] {dag.py:3096} INFO - Sync 2 DAGs
[2026-05-19T13:31:00.059+0000] {logging_mixin.py:188} INFO - [2026-05-19T13:31:00.059+0000] {dag.py:3954} INFO - Setting next_dagrun for example_subdag_operator.section-1 to None, run_after=None
[2026-05-19T13:31:00.061+0000] {logging_mixin.py:188} INFO - [2026-05-19T13:31:00.060+0000] {dag.py:3954} INFO - Setting next_dagrun for example_subdag_operator.section-2 to None, run_after=None
[2026-05-19T13:31:00.093+0000] {processor.py:183} INFO - Processing /home/airflow/.local/lib/python3.12/site-packages/airflow/example_dags/example_subdag_operator.py took 0.430 seconds
[2026-05-19T13:31:30.162+0000] {processor.py:161} INFO - Started process (PID=168) to work on /home/airflow/.local/lib/python3.12/site-packages/airflow/example_dags/example_subdag_operator.py
[2026-05-19T13:31:30.164+0000] {processor.py:830} INFO - Processing file /home/airflow/.local/lib/python3.12/site-packages/airflow/example_dags/example_subdag_operator.py for tasks to queue
[2026-05-19T13:31:30.170+0000] {logging_mixin.py:188} INFO - [2026-05-19T13:31:30.169+0000] {dagbag.py:545} INFO - Filling up the DagBag from /home/airflow/.local/lib/python3.12/site-packages/airflow/example_dags/example_subdag_operator.py
[2026-05-19T13:31:30.210+0000] {processor.py:840} INFO - DAG(s) 'example_subdag_operator.section-1', 'example_subdag_operator.section-2', 'example_subdag_operator' retrieved from /home/airflow/.local/lib/python3.12/site-packages/airflow/example_dags/example_subdag_operator.py
[2026-05-19T13:31:30.234+0000] {logging_mixin.py:188} INFO - [2026-05-19T13:31:30.233+0000] {dag.py:3096} INFO - Sync 3 DAGs
[2026-05-19T13:31:30.269+0000] {logging_mixin.py:188} INFO - [2026-05-19T13:31:30.268+0000] {dag.py:3954} INFO - Setting next_dagrun for example_subdag_operator to 2022-01-01 00:00:00+00:00, run_after=2022-01-01 00:00:00+00:00
[2026-05-19T13:31:30.274+0000] {logging_mixin.py:188} INFO - [2026-05-19T13:31:30.274+0000] {dag.py:3954} INFO - Setting next_dagrun for example_subdag_operator.section-1 to None, run_after=None
[2026-05-19T13:31:30.276+0000] {logging_mixin.py:188} INFO - [2026-05-19T13:31:30.276+0000] {dag.py:3954} INFO - Setting next_dagrun for example_subdag_operator.section-2 to None, run_after=None
[2026-05-19T13:31:30.291+0000] {logging_mixin.py:188} INFO - [2026-05-19T13:31:30.291+0000] {dag.py:3096} INFO - Sync 2 DAGs
[2026-05-19T13:31:30.307+0000] {logging_mixin.py:188} INFO - [2026-05-19T13:31:30.307+0000] {dag.py:3954} INFO - Setting next_dagrun for example_subdag_operator.section-1 to None, run_after=None
[2026-05-19T13:31:30.308+0000] {logging_mixin.py:188} INFO - [2026-05-19T13:31:30.308+0000] {dag.py:3954} INFO - Setting next_dagrun for example_subdag_operator.section-2 to None, run_after=None
[2026-05-19T13:31:30.350+0000] {processor.py:183} INFO - Processing /home/airflow/.local/lib/python3.12/site-packages/airflow/example_dags/example_subdag_operator.py took 0.198 seconds
[2026-05-19T13:32:01.137+0000] {processor.py:161} INFO - Started process (PID=227) to work on /home/airflow/.local/lib/python3.12/site-packages/airflow/example_dags/example_subdag_operator.py
[2026-05-19T13:32:01.139+0000] {processor.py:830} INFO - Processing file /home/airflow/.local/lib/python3.12/site-packages/airflow/example_dags/example_subdag_operator.py for tasks to queue
[2026-05-19T13:32:01.142+0000] {logging_mixin.py:188} INFO - [2026-05-19T13:32:01.142+0000] {dagbag.py:545} INFO - Filling up the DagBag from /home/airflow/.local/lib/python3.12/site-packages/airflow/example_dags/example_subdag_operator.py
[2026-05-19T13:32:01.177+0000] {processor.py:840} INFO - DAG(s) 'example_subdag_operator.section-1', 'example_subdag_operator.section-2', 'example_subdag_operator' retrieved from /home/airflow/.local/lib/python3.12/site-packages/airflow/example_dags/example_subdag_operator.py
[2026-05-19T13:32:01.196+0000] {logging_mixin.py:188} INFO - [2026-05-19T13:32:01.196+0000] {dag.py:3096} INFO - Sync 3 DAGs
[2026-05-19T13:32:01.223+0000] {logging_mixin.py:188} INFO - [2026-05-19T13:32:01.222+0000] {dag.py:3954} INFO - Setting next_dagrun for example_subdag_operator to 2022-01-01 00:00:00+00:00, run_after=2022-01-01 00:00:00+00:00
[2026-05-19T13:32:01.228+0000] {logging_mixin.py:188} INFO - [2026-05-19T13:32:01.228+0000] {dag.py:3954} INFO - Setting next_dagrun for example_subdag_operator.section-1 to None, run_after=None
[2026-05-19T13:32:01.231+0000] {logging_mixin.py:188} INFO - [2026-05-19T13:32:01.231+0000] {dag.py:3954} INFO - Setting next_dagrun for example_subdag_operator.section-2 to None, run_after=None
[2026-05-19T13:32:01.242+0000] {logging_mixin.py:188} INFO - [2026-05-19T13:32:01.241+0000] {dag.py:3096} INFO - Sync 2 DAGs
[2026-05-19T13:32:01.250+0000] {logging_mixin.py:188} INFO - [2026-05-19T13:32:01.249+0000] {dag.py:3954} INFO - Setting next_dagrun for example_subdag_operator.section-1 to None, run_after=None
[2026-05-19T13:32:01.251+0000] {logging_mixin.py:188} INFO - [2026-05-19T13:32:01.250+0000] {dag.py:3954} INFO - Setting next_dagrun for example_subdag_operator.section-2 to None, run_after=None
[2026-05-19T13:32:01.268+0000] {processor.py:183} INFO - Processing /home/airflow/.local/lib/python3.12/site-packages/airflow/example_dags/example_subdag_operator.py took 0.138 seconds
[2026-05-19T13:32:31.829+0000] {processor.py:161} INFO - Started process (PID=286) to work on /home/airflow/.local/lib/python3.12/site-packages/airflow/example_dags/example_subdag_operator.py
[2026-05-19T13:32:31.835+0000] {processor.py:830} INFO - Processing file /home/airflow/.local/lib/python3.12/site-packages/airflow/example_dags/example_subdag_operator.py for tasks to queue
[2026-05-19T13:32:31.840+0000] {logging_mixin.py:188} INFO - [2026-05-19T13:32:31.839+0000] {dagbag.py:545} INFO - Filling up the DagBag from /home/airflow/.local/lib/python3.12/site-packages/airflow/example_dags/example_subdag_operator.py
[2026-05-19T13:32:31.906+0000] {processor.py:840} INFO - DAG(s) 'example_subdag_operator.section-1', 'example_subdag_operator.section-2', 'example_subdag_operator' retrieved from /home/airflow/.local/lib/python3.12/site-packages/airflow/example_dags/example_subdag_operator.py
[2026-05-19T13:32:31.937+0000] {logging_mixin.py:188} INFO - [2026-05-19T13:32:31.936+0000] {dag.py:3096} INFO - Sync 3 DAGs
[2026-05-19T13:32:32.001+0000] {logging_mixin.py:188} INFO - [2026-05-19T13:32:32.000+0000] {dag.py:3954} INFO - Setting next_dagrun for example_subdag_operator to 2022-01-01 00:00:00+00:00, run_after=2022-01-01 00:00:00+00:00
[2026-05-19T13:32:32.023+0000] {logging_mixin.py:188} INFO - [2026-05-19T13:32:32.018+0000] {dag.py:3954} INFO - Setting next_dagrun for example_subdag_operator.section-1 to None, run_after=None
[2026-05-19T13:32:32.030+0000] {logging_mixin.py:188} INFO - [2026-05-19T13:32:32.029+0000] {dag.py:3954} INFO - Setting next_dagrun for example_subdag_operator.section-2 to None, run_after=None
[2026-05-19T13:32:32.064+0000] {logging_mixin.py:188} INFO - [2026-05-19T13:32:32.064+0000] {dag.py:3096} INFO - Sync 2 DAGs
[2026-05-19T13:32:32.084+0000] {logging_mixin.py:188} INFO - [2026-05-19T13:32:32.083+0000] {dag.py:3954} INFO - Setting next_dagrun for example_subdag_operator.section-1 to None, run_after=None
[2026-05-19T13:32:32.086+0000] {logging_mixin.py:188} INFO - [2026-05-19T13:32:32.085+0000] {dag.py:3954} INFO - Setting next_dagrun for example_subdag_operator.section-2 to None, run_after=None
[2026-05-19T13:32:32.124+0000] {processor.py:183} INFO - Processing /home/airflow/.local/lib/python3.12/site-packages/airflow/example_dags/example_subdag_operator.py took 0.312 seconds
[2026-05-19T13:33:03.014+0000] {processor.py:161} INFO - Started process (PID=345) to work on /home/airflow/.local/lib/python3.12/site-packages/airflow/example_dags/example_subdag_operator.py
[2026-05-19T13:33:03.016+0000] {processor.py:830} INFO - Processing file /home/airflow/.local/lib/python3.12/site-packages/airflow/example_dags/example_subdag_operator.py for tasks to queue
[2026-05-19T13:33:03.022+0000] {logging_mixin.py:188} INFO - [2026-05-19T13:33:03.021+0000] {dagbag.py:545} INFO - Filling up the DagBag from /home/airflow/.local/lib/python3.12/site-packages/airflow/example_dags/example_subdag_operator.py
[2026-05-19T13:33:03.069+0000] {processor.py:840} INFO - DAG(s) 'example_subdag_operator.section-1', 'example_subdag_operator.section-2', 'example_subdag_operator' retrieved from /home/airflow/.local/lib/python3.12/site-packages/airflow/example_dags/example_subdag_operator.py
[2026-05-19T13:33:03.100+0000] {logging_mixin.py:188} INFO - [2026-05-19T13:33:03.099+0000] {dag.py:3096} INFO - Sync 3 DAGs
[2026-05-19T13:33:03.142+0000] {logging_mixin.py:188} INFO - [2026-05-19T13:33:03.141+0000] {dag.py:3954} INFO - Setting next_dagrun for example_subdag_operator to 2022-01-01 00:00:00+00:00, run_after=2022-01-01 00:00:00+00:00
[2026-05-19T13:33:03.151+0000] {logging_mixin.py:188} INFO - [2026-05-19T13:33:03.151+0000] {dag.py:3954} INFO - Setting next_dagrun for example_subdag_operator.section-1 to None, run_after=None
[2026-05-19T13:33:03.154+0000] {logging_mixin.py:188} INFO - [2026-05-19T13:33:03.154+0000] {dag.py:3954} INFO - Setting next_dagrun for example_subdag_operator.section-2 to None, run_after=None
[2026-05-19T13:33:03.167+0000] {logging_mixin.py:188} INFO - [2026-05-19T13:33:03.167+0000] {dag.py:3096} INFO - Sync 2 DAGs
[2026-05-19T13:33:03.176+0000] {logging_mixin.py:188} INFO - [2026-05-19T13:33:03.176+0000] {dag.py:3954} INFO - Setting next_dagrun for example_subdag_operator.section-1 to None, run_after=None
[2026-05-19T13:33:03.177+0000] {logging_mixin.py:188} INFO - [2026-05-19T13:33:03.177+0000] {dag.py:3954} INFO - Setting next_dagrun for example_subdag_operator.section-2 to None, run_after=None
[2026-05-19T13:33:03.193+0000] {processor.py:183} INFO - Processing /home/airflow/.local/lib/python3.12/site-packages/airflow/example_dags/example_subdag_operator.py took 0.190 seconds
[2026-05-19T13:33:33.522+0000] {processor.py:161} INFO - Started process (PID=404) to work on /home/airflow/.local/lib/python3.12/site-packages/airflow/example_dags/example_subdag_operator.py
[2026-05-19T13:33:33.525+0000] {processor.py:830} INFO - Processing file /home/airflow/.local/lib/python3.12/site-packages/airflow/example_dags/example_subdag_operator.py for tasks to queue
[2026-05-19T13:33:33.531+0000] {logging_mixin.py:188} INFO - [2026-05-19T13:33:33.530+0000] {dagbag.py:545} INFO - Filling up the DagBag from /home/airflow/.local/lib/python3.12/site-packages/airflow/example_dags/example_subdag_operator.py
[2026-05-19T13:33:33.607+0000] {processor.py:840} INFO - DAG(s) 'example_subdag_operator.section-1', 'example_subdag_operator.section-2', 'example_subdag_operator' retrieved from /home/airflow/.local/lib/python3.12/site-packages/airflow/example_dags/example_subdag_operator.py
[2026-05-19T13:33:33.645+0000] {logging_mixin.py:188} INFO - [2026-05-19T13:33:33.645+0000] {dag.py:3096} INFO - Sync 3 DAGs
[2026-05-19T13:33:33.716+0000] {logging_mixin.py:188} INFO - [2026-05-19T13:33:33.715+0000] {dag.py:3954} INFO - Setting next_dagrun for example_subdag_operator to 2022-01-01 00:00:00+00:00, run_after=2022-01-01 00:00:00+00:00
[2026-05-19T13:33:33.726+0000] {logging_mixin.py:188} INFO - [2026-05-19T13:33:33.726+0000] {dag.py:3954} INFO - Setting next_dagrun for example_subdag_operator.section-1 to None, run_after=None
[2026-05-19T13:33:33.732+0000] {logging_mixin.py:188} INFO - [2026-05-19T13:33:33.731+0000] {dag.py:3954} INFO - Setting next_dagrun for example_subdag_operator.section-2 to None, run_after=None
[2026-05-19T13:33:33.759+0000] {logging_mixin.py:188} INFO - [2026-05-19T13:33:33.758+0000] {dag.py:3096} INFO - Sync 2 DAGs
[2026-05-19T13:33:33.777+0000] {logging_mixin.py:188} INFO - [2026-05-19T13:33:33.776+0000] {dag.py:3954} INFO - Setting next_dagrun for example_subdag_operator.section-1 to None, run_after=None
[2026-05-19T13:33:33.779+0000] {logging_mixin.py:188} INFO - [2026-05-19T13:33:33.779+0000] {dag.py:3954} INFO - Setting next_dagrun for example_subdag_operator.section-2 to None, run_after=None
[2026-05-19T13:33:33.819+0000] {processor.py:183} INFO - Processing /home/airflow/.local/lib/python3.12/site-packages/airflow/example_dags/example_subdag_operator.py took 0.311 seconds
[2026-05-19T13:34:04.510+0000] {processor.py:161} INFO - Started process (PID=463) to work on /home/airflow/.local/lib/python3.12/site-packages/airflow/example_dags/example_subdag_operator.py
[2026-05-19T13:34:04.514+0000] {processor.py:830} INFO - Processing file /home/airflow/.local/lib/python3.12/site-packages/airflow/example_dags/example_subdag_operator.py for tasks to queue
[2026-05-19T13:34:04.517+0000] {logging_mixin.py:188} INFO - [2026-05-19T13:34:04.516+0000] {dagbag.py:545} INFO - Filling up the DagBag from /home/airflow/.local/lib/python3.12/site-packages/airflow/example_dags/example_subdag_operator.py
[2026-05-19T13:34:04.557+0000] {processor.py:840} INFO - DAG(s) 'example_subdag_operator.section-1', 'example_subdag_operator.section-2', 'example_subdag_operator' retrieved from /home/airflow/.local/lib/python3.12/site-packages/airflow/example_dags/example_subdag_operator.py
[2026-05-19T13:34:04.589+0000] {logging_mixin.py:188} INFO - [2026-05-19T13:34:04.588+0000] {dag.py:3096} INFO - Sync 3 DAGs
[2026-05-19T13:34:04.629+0000] {logging_mixin.py:188} INFO - [2026-05-19T13:34:04.629+0000] {dag.py:3954} INFO - Setting next_dagrun for example_subdag_operator to 2022-01-01 00:00:00+00:00, run_after=2022-01-01 00:00:00+00:00
[2026-05-19T13:34:04.638+0000] {logging_mixin.py:188} INFO - [2026-05-19T13:34:04.638+0000] {dag.py:3954} INFO - Setting next_dagrun for example_subdag_operator.section-1 to None, run_after=None
[2026-05-19T13:34:04.642+0000] {logging_mixin.py:188} INFO - [2026-05-19T13:34:04.642+0000] {dag.py:3954} INFO - Setting next_dagrun for example_subdag_operator.section-2 to None, run_after=None
[2026-05-19T13:34:04.665+0000] {logging_mixin.py:188} INFO - [2026-05-19T13:34:04.665+0000] {dag.py:3096} INFO - Sync 2 DAGs
[2026-05-19T13:34:04.681+0000] {logging_mixin.py:188} INFO - [2026-05-19T13:34:04.680+0000] {dag.py:3954} INFO - Setting next_dagrun for example_subdag_operator.section-1 to None, run_after=None
[2026-05-19T13:34:04.682+0000] {logging_mixin.py:188} INFO - [2026-05-19T13:34:04.682+0000] {dag.py:3954} INFO - Setting next_dagrun for example_subdag_operator.section-2 to None, run_after=None
[2026-05-19T13:34:04.708+0000] {processor.py:183} INFO - Processing /home/airflow/.local/lib/python3.12/site-packages/airflow/example_dags/example_subdag_operator.py took 0.208 seconds
[2026-05-19T13:34:35.062+0000] {processor.py:161} INFO - Started process (PID=522) to work on /home/airflow/.local/lib/python3.12/site-packages/airflow/example_dags/example_subdag_operator.py
[2026-05-19T13:34:35.063+0000] {processor.py:830} INFO - Processing file /home/airflow/.local/lib/python3.12/site-packages/airflow/example_dags/example_subdag_operator.py for tasks to queue
[2026-05-19T13:34:35.066+0000] {logging_mixin.py:188} INFO - [2026-05-19T13:34:35.065+0000] {dagbag.py:545} INFO - Filling up the DagBag from /home/airflow/.local/lib/python3.12/site-packages/airflow/example_dags/example_subdag_operator.py
[2026-05-19T13:34:35.090+0000] {processor.py:840} INFO - DAG(s) 'example_subdag_operator.section-1', 'example_subdag_operator.section-2', 'example_subdag_operator' retrieved from /home/airflow/.local/lib/python3.12/site-packages/airflow/example_dags/example_subdag_operator.py
[2026-05-19T13:34:35.104+0000] {logging_mixin.py:188} INFO - [2026-05-19T13:34:35.104+0000] {dag.py:3096} INFO - Sync 3 DAGs
[2026-05-19T13:34:35.124+0000] {logging_mixin.py:188} INFO - [2026-05-19T13:34:35.124+0000] {dag.py:3954} INFO - Setting next_dagrun for example_subdag_operator to 2022-01-01 00:00:00+00:00, run_after=2022-01-01 00:00:00+00:00
[2026-05-19T13:34:35.128+0000] {logging_mixin.py:188} INFO - [2026-05-19T13:34:35.128+0000] {dag.py:3954} INFO - Setting next_dagrun for example_subdag_operator.section-1 to None, run_after=None
[2026-05-19T13:34:35.130+0000] {logging_mixin.py:188} INFO - [2026-05-19T13:34:35.130+0000] {dag.py:3954} INFO - Setting next_dagrun for example_subdag_operator.section-2 to None, run_after=None
[2026-05-19T13:34:35.138+0000] {logging_mixin.py:188} INFO - [2026-05-19T13:34:35.138+0000] {dag.py:3096} INFO - Sync 2 DAGs
[2026-05-19T13:34:35.145+0000] {logging_mixin.py:188} INFO - [2026-05-19T13:34:35.145+0000] {dag.py:3954} INFO - Setting next_dagrun for example_subdag_operator.section-1 to None, run_after=None
[2026-05-19T13:34:35.146+0000] {logging_mixin.py:188} INFO - [2026-05-19T13:34:35.146+0000] {dag.py:3954} INFO - Setting next_dagrun for example_subdag_operator.section-2 to None, run_after=None
[2026-05-19T13:34:35.157+0000] {processor.py:183} INFO - Processing /home/airflow/.local/lib/python3.12/site-packages/airflow/example_dags/example_subdag_operator.py took 0.100 seconds
[2026-05-19T13:35:05.309+0000] {processor.py:161} INFO - Started process (PID=581) to work on /home/airflow/.local/lib/python3.12/site-packages/airflow/example_dags/example_subdag_operator.py
[2026-05-19T13:35:05.311+0000] {processor.py:830} INFO - Processing file /home/airflow/.local/lib/python3.12/site-packages/airflow/example_dags/example_subdag_operator.py for tasks to queue
[2026-05-19T13:35:05.315+0000] {logging_mixin.py:188} INFO - [2026-05-19T13:35:05.314+0000] {dagbag.py:545} INFO - Filling up the DagBag from /home/airflow/.local/lib/python3.12/site-packages/airflow/example_dags/example_subdag_operator.py
[2026-05-19T13:35:05.353+0000] {processor.py:840} INFO - DAG(s) 'example_subdag_operator.section-1', 'example_subdag_operator.section-2', 'example_subdag_operator' retrieved from /home/airflow/.local/lib/python3.12/site-packages/airflow/example_dags/example_subdag_operator.py
[2026-05-19T13:35:05.376+0000] {logging_mixin.py:188} INFO - [2026-05-19T13:35:05.376+0000] {dag.py:3096} INFO - Sync 3 DAGs
[2026-05-19T13:35:05.412+0000] {logging_mixin.py:188} INFO - [2026-05-19T13:35:05.412+0000] {dag.py:3954} INFO - Setting next_dagrun for example_subdag_operator to 2022-01-01 00:00:00+00:00, run_after=2022-01-01 00:00:00+00:00
[2026-05-19T13:35:05.419+0000] {logging_mixin.py:188} INFO - [2026-05-19T13:35:05.419+0000] {dag.py:3954} INFO - Setting next_dagrun for example_subdag_operator.section-1 to None, run_after=None
[2026-05-19T13:35:05.422+0000] {logging_mixin.py:188} INFO - [2026-05-19T13:35:05.422+0000] {dag.py:3954} INFO - Setting next_dagrun for example_subdag_operator.section-2 to None, run_after=None
[2026-05-19T13:35:05.433+0000] {logging_mixin.py:188} INFO - [2026-05-19T13:35:05.432+0000] {dag.py:3096} INFO - Sync 2 DAGs
[2026-05-19T13:35:05.441+0000] {logging_mixin.py:188} INFO - [2026-05-19T13:35:05.441+0000] {dag.py:3954} INFO - Setting next_dagrun for example_subdag_operator.section-1 to None, run_after=None
[2026-05-19T13:35:05.443+0000] {logging_mixin.py:188} INFO - [2026-05-19T13:35:05.442+0000] {dag.py:3954} INFO - Setting next_dagrun for example_subdag_operator.section-2 to None, run_after=None
[2026-05-19T13:35:05.464+0000] {processor.py:183} INFO - Processing /home/airflow/.local/lib/python3.12/site-packages/airflow/example_dags/example_subdag_operator.py took 0.164 seconds
[2026-05-19T13:35:35.557+0000] {processor.py:161} INFO - Started process (PID=640) to work on /home/airflow/.local/lib/python3.12/site-packages/airflow/example_dags/example_subdag_operator.py
[2026-05-19T13:35:35.559+0000] {processor.py:830} INFO - Processing file /home/airflow/.local/lib/python3.12/site-packages/airflow/example_dags/example_subdag_operator.py for tasks to queue
[2026-05-19T13:35:35.564+0000] {logging_mixin.py:188} INFO - [2026-05-19T13:35:35.563+0000] {dagbag.py:545} INFO - Filling up the DagBag from /home/airflow/.local/lib/python3.12/site-packages/airflow/example_dags/example_subdag_operator.py
[2026-05-19T13:35:35.607+0000] {processor.py:840} INFO - DAG(s) 'example_subdag_operator.section-1', 'example_subdag_operator.section-2', 'example_subdag_operator' retrieved from /home/airflow/.local/lib/python3.12/site-packages/airflow/example_dags/example_subdag_operator.py
[2026-05-19T13:35:35.636+0000] {logging_mixin.py:188} INFO - [2026-05-19T13:35:35.635+0000] {dag.py:3096} INFO - Sync 3 DAGs
[2026-05-19T13:35:35.673+0000] {logging_mixin.py:188} INFO - [2026-05-19T13:35:35.673+0000] {dag.py:3954} INFO - Setting next_dagrun for example_subdag_operator to 2022-01-01 00:00:00+00:00, run_after=2022-01-01 00:00:00+00:00
[2026-05-19T13:35:35.678+0000] {logging_mixin.py:188} INFO - [2026-05-19T13:35:35.678+0000] {dag.py:3954} INFO - Setting next_dagrun for example_subdag_operator.section-1 to None, run_after=None
[2026-05-19T13:35:35.680+0000] {logging_mixin.py:188} INFO - [2026-05-19T13:35:35.680+0000] {dag.py:3954} INFO - Setting next_dagrun for example_subdag_operator.section-2 to None, run_after=None
[2026-05-19T13:35:35.692+0000] {logging_mixin.py:188} INFO - [2026-05-19T13:35:35.692+0000] {dag.py:3096} INFO - Sync 2 DAGs
[2026-05-19T13:35:35.701+0000] {logging_mixin.py:188} INFO - [2026-05-19T13:35:35.700+0000] {dag.py:3954} INFO - Setting next_dagrun for example_subdag_operator.section-1 to None, run_after=None
[2026-05-19T13:35:35.702+0000] {logging_mixin.py:188} INFO - [2026-05-19T13:35:35.702+0000] {dag.py:3954} INFO - Setting next_dagrun for example_subdag_operator.section-2 to None, run_after=None
[2026-05-19T13:35:35.728+0000] {processor.py:183} INFO - Processing /home/airflow/.local/lib/python3.12/site-packages/airflow/example_dags/example_subdag_operator.py took 0.179 seconds
[2026-05-19T13:36:06.132+0000] {processor.py:161} INFO - Started process (PID=699) to work on /home/airflow/.local/lib/python3.12/site-packages/airflow/example_dags/example_subdag_operator.py
[2026-05-19T13:36:06.134+0000] {processor.py:830} INFO - Processing file /home/airflow/.local/lib/python3.12/site-packages/airflow/example_dags/example_subdag_operator.py for tasks to queue
[2026-05-19T13:36:06.138+0000] {logging_mixin.py:188} INFO - [2026-05-19T13:36:06.137+0000] {dagbag.py:545} INFO - Filling up the DagBag from /home/airflow/.local/lib/python3.12/site-packages/airflow/example_dags/example_subdag_operator.py
[2026-05-19T13:36:06.176+0000] {processor.py:840} INFO - DAG(s) 'example_subdag_operator.section-1', 'example_subdag_operator.section-2', 'example_subdag_operator' retrieved from /home/airflow/.local/lib/python3.12/site-packages/airflow/example_dags/example_subdag_operator.py
[2026-05-19T13:36:06.202+0000] {logging_mixin.py:188} INFO - [2026-05-19T13:36:06.202+0000] {dag.py:3096} INFO - Sync 3 DAGs
[2026-05-19T13:36:06.235+0000] {logging_mixin.py:188} INFO - [2026-05-19T13:36:06.235+0000] {dag.py:3954} INFO - Setting next_dagrun for example_subdag_operator to 2022-01-01 00:00:00+00:00, run_after=2022-01-01 00:00:00+00:00
[2026-05-19T13:36:06.240+0000] {logging_mixin.py:188} INFO - [2026-05-19T13:36:06.240+0000] {dag.py:3954} INFO - Setting next_dagrun for example_subdag_operator.section-1 to None, run_after=None
[2026-05-19T13:36:06.242+0000] {logging_mixin.py:188} INFO - [2026-05-19T13:36:06.242+0000] {dag.py:3954} INFO - Setting next_dagrun for example_subdag_operator.section-2 to None, run_after=None
[2026-05-19T13:36:06.255+0000] {logging_mixin.py:188} INFO - [2026-05-19T13:36:06.255+0000] {dag.py:3096} INFO - Sync 2 DAGs
[2026-05-19T13:36:06.266+0000] {logging_mixin.py:188} INFO - [2026-05-19T13:36:06.266+0000] {dag.py:3954} INFO - Setting next_dagrun for example_subdag_operator.section-1 to None, run_after=None
[2026-05-19T13:36:06.267+0000] {logging_mixin.py:188} INFO - [2026-05-19T13:36:06.267+0000] {dag.py:3954} INFO - Setting next_dagrun for example_subdag_operator.section-2 to None, run_after=None
[2026-05-19T13:36:06.287+0000] {processor.py:183} INFO - Processing /home/airflow/.local/lib/python3.12/site-packages/airflow/example_dags/example_subdag_operator.py took 0.164 seconds
[2026-05-19T13:36:37.599+0000] {processor.py:161} INFO - Started process (PID=759) to work on /home/airflow/.local/lib/python3.12/site-packages/airflow/example_dags/example_subdag_operator.py
[2026-05-19T13:36:37.601+0000] {processor.py:830} INFO - Processing file /home/airflow/.local/lib/python3.12/site-packages/airflow/example_dags/example_subdag_operator.py for tasks to queue
[2026-05-19T13:36:37.604+0000] {logging_mixin.py:188} INFO - [2026-05-19T13:36:37.604+0000] {dagbag.py:545} INFO - Filling up the DagBag from /home/airflow/.local/lib/python3.12/site-packages/airflow/example_dags/example_subdag_operator.py
[2026-05-19T13:36:37.646+0000] {processor.py:840} INFO - DAG(s) 'example_subdag_operator.section-1', 'example_subdag_operator.section-2', 'example_subdag_operator' retrieved from /home/airflow/.local/lib/python3.12/site-packages/airflow/example_dags/example_subdag_operator.py
[2026-05-19T13:36:37.670+0000] {logging_mixin.py:188} INFO - [2026-05-19T13:36:37.670+0000] {dag.py:3096} INFO - Sync 3 DAGs
[2026-05-19T13:36:37.709+0000] {logging_mixin.py:188} INFO - [2026-05-19T13:36:37.709+0000] {dag.py:3954} INFO - Setting next_dagrun for example_subdag_operator to 2022-01-01 00:00:00+00:00, run_after=2022-01-01 00:00:00+00:00
[2026-05-19T13:36:37.716+0000] {logging_mixin.py:188} INFO - [2026-05-19T13:36:37.716+0000] {dag.py:3954} INFO - Setting next_dagrun for example_subdag_operator.section-1 to None, run_after=None
[2026-05-19T13:36:37.719+0000] {logging_mixin.py:188} INFO - [2026-05-19T13:36:37.719+0000] {dag.py:3954} INFO - Setting next_dagrun for example_subdag_operator.section-2 to None, run_after=None
[2026-05-19T13:36:37.732+0000] {logging_mixin.py:188} INFO - [2026-05-19T13:36:37.732+0000] {dag.py:3096} INFO - Sync 2 DAGs
[2026-05-19T13:36:37.740+0000] {logging_mixin.py:188} INFO - [2026-05-19T13:36:37.740+0000] {dag.py:3954} INFO - Setting next_dagrun for example_subdag_operator.section-1 to None, run_after=None
[2026-05-19T13:36:37.742+0000] {logging_mixin.py:188} INFO - [2026-05-19T13:36:37.741+0000] {dag.py:3954} INFO - Setting next_dagrun for example_subdag_operator.section-2 to None, run_after=None
[2026-05-19T13:36:37.762+0000] {processor.py:183} INFO - Processing /home/airflow/.local/lib/python3.12/site-packages/airflow/example_dags/example_subdag_operator.py took 0.172 seconds
[2026-05-19T13:37:08.278+0000] {processor.py:161} INFO - Started process (PID=818) to work on /home/airflow/.local/lib/python3.12/site-packages/airflow/example_dags/example_subdag_operator.py
[2026-05-19T13:37:08.280+0000] {processor.py:830} INFO - Processing file /home/airflow/.local/lib/python3.12/site-packages/airflow/example_dags/example_subdag_operator.py for tasks to queue
[2026-05-19T13:37:08.283+0000] {logging_mixin.py:188} INFO - [2026-05-19T13:37:08.282+0000] {dagbag.py:545} INFO - Filling up the DagBag from /home/airflow/.local/lib/python3.12/site-packages/airflow/example_dags/example_subdag_operator.py
[2026-05-19T13:37:08.325+0000] {processor.py:840} INFO - DAG(s) 'example_subdag_operator.section-1', 'example_subdag_operator.section-2', 'example_subdag_operator' retrieved from /home/airflow/.local/lib/python3.12/site-packages/airflow/example_dags/example_subdag_operator.py
[2026-05-19T13:37:08.344+0000] {logging_mixin.py:188} INFO - [2026-05-19T13:37:08.343+0000] {dag.py:3096} INFO - Sync 3 DAGs
[2026-05-19T13:37:08.379+0000] {logging_mixin.py:188} INFO - [2026-05-19T13:37:08.379+0000] {dag.py:3954} INFO - Setting next_dagrun for example_subdag_operator to 2022-01-01 00:00:00+00:00, run_after=2022-01-01 00:00:00+00:00
[2026-05-19T13:37:08.386+0000] {logging_mixin.py:188} INFO - [2026-05-19T13:37:08.385+0000] {dag.py:3954} INFO - Setting next_dagrun for example_subdag_operator.section-1 to None, run_after=None
[2026-05-19T13:37:08.389+0000] {logging_mixin.py:188} INFO - [2026-05-19T13:37:08.389+0000] {dag.py:3954} INFO - Setting next_dagrun for example_subdag_operator.section-2 to None, run_after=None
[2026-05-19T13:37:08.398+0000] {logging_mixin.py:188} INFO - [2026-05-19T13:37:08.397+0000] {dag.py:3096} INFO - Sync 2 DAGs
[2026-05-19T13:37:08.409+0000] {logging_mixin.py:188} INFO - [2026-05-19T13:37:08.409+0000] {dag.py:3954} INFO - Setting next_dagrun for example_subdag_operator.section-1 to None, run_after=None
[2026-05-19T13:37:08.410+0000] {logging_mixin.py:188} INFO - [2026-05-19T13:37:08.410+0000] {dag.py:3954} INFO - Setting next_dagrun for example_subdag_operator.section-2 to None, run_after=None
[2026-05-19T13:37:08.432+0000] {processor.py:183} INFO - Processing /home/airflow/.local/lib/python3.12/site-packages/airflow/example_dags/example_subdag_operator.py took 0.160 seconds
[2026-05-19T13:37:39.798+0000] {processor.py:161} INFO - Started process (PID=876) to work on /home/airflow/.local/lib/python3.12/site-packages/airflow/example_dags/example_subdag_operator.py
[2026-05-19T13:37:39.801+0000] {processor.py:830} INFO - Processing file /home/airflow/.local/lib/python3.12/site-packages/airflow/example_dags/example_subdag_operator.py for tasks to queue
[2026-05-19T13:37:39.805+0000] {logging_mixin.py:188} INFO - [2026-05-19T13:37:39.805+0000] {dagbag.py:545} INFO - Filling up the DagBag from /home/airflow/.local/lib/python3.12/site-packages/airflow/example_dags/example_subdag_operator.py
[2026-05-19T13:37:39.868+0000] {processor.py:840} INFO - DAG(s) 'example_subdag_operator.section-1', 'example_subdag_operator.section-2', 'example_subdag_operator' retrieved from /home/airflow/.local/lib/python3.12/site-packages/airflow/example_dags/example_subdag_operator.py
[2026-05-19T13:37:39.904+0000] {logging_mixin.py:188} INFO - [2026-05-19T13:37:39.903+0000] {dag.py:3096} INFO - Sync 3 DAGs
[2026-05-19T13:37:39.952+0000] {logging_mixin.py:188} INFO - [2026-05-19T13:37:39.952+0000] {dag.py:3954} INFO - Setting next_dagrun for example_subdag_operator to 2022-01-01 00:00:00+00:00, run_after=2022-01-01 00:00:00+00:00
[2026-05-19T13:37:39.960+0000] {logging_mixin.py:188} INFO - [2026-05-19T13:37:39.959+0000] {dag.py:3954} INFO - Setting next_dagrun for example_subdag_operator.section-1 to None, run_after=None
[2026-05-19T13:37:39.967+0000] {logging_mixin.py:188} INFO - [2026-05-19T13:37:39.967+0000] {dag.py:3954} INFO - Setting next_dagrun for example_subdag_operator.section-2 to None, run_after=None
[2026-05-19T13:37:39.982+0000] {logging_mixin.py:188} INFO - [2026-05-19T13:37:39.982+0000] {dag.py:3096} INFO - Sync 2 DAGs
[2026-05-19T13:37:39.994+0000] {logging_mixin.py:188} INFO - [2026-05-19T13:37:39.993+0000] {dag.py:3954} INFO - Setting next_dagrun for example_subdag_operator.section-1 to None, run_after=None
[2026-05-19T13:37:39.996+0000] {logging_mixin.py:188} INFO - [2026-05-19T13:37:39.995+0000] {dag.py:3954} INFO - Setting next_dagrun for example_subdag_operator.section-2 to None, run_after=None
[2026-05-19T13:37:40.022+0000] {processor.py:183} INFO - Processing /home/airflow/.local/lib/python3.12/site-packages/airflow/example_dags/example_subdag_operator.py took 0.235 seconds
[2026-05-19T13:38:10.422+0000] {processor.py:161} INFO - Started process (PID=935) to work on /home/airflow/.local/lib/python3.12/site-packages/airflow/example_dags/example_subdag_operator.py
[2026-05-19T13:38:10.424+0000] {processor.py:830} INFO - Processing file /home/airflow/.local/lib/python3.12/site-packages/airflow/example_dags/example_subdag_operator.py for tasks to queue
[2026-05-19T13:38:10.427+0000] {logging_mixin.py:188} INFO - [2026-05-19T13:38:10.427+0000] {dagbag.py:545} INFO - Filling up the DagBag from /home/airflow/.local/lib/python3.12/site-packages/airflow/example_dags/example_subdag_operator.py
[2026-05-19T13:38:10.465+0000] {processor.py:840} INFO - DAG(s) 'example_subdag_operator.section-1', 'example_subdag_operator.section-2', 'example_subdag_operator' retrieved from /home/airflow/.local/lib/python3.12/site-packages/airflow/example_dags/example_subdag_operator.py
[2026-05-19T13:38:10.496+0000] {logging_mixin.py:188} INFO - [2026-05-19T13:38:10.495+0000] {dag.py:3096} INFO - Sync 3 DAGs
[2026-05-19T13:38:10.538+0000] {logging_mixin.py:188} INFO - [2026-05-19T13:38:10.537+0000] {dag.py:3954} INFO - Setting next_dagrun for example_subdag_operator to 2022-01-01 00:00:00+00:00, run_after=2022-01-01 00:00:00+00:00
[2026-05-19T13:38:10.544+0000] {logging_mixin.py:188} INFO - [2026-05-19T13:38:10.543+0000] {dag.py:3954} INFO - Setting next_dagrun for example_subdag_operator.section-1 to None, run_after=None
[2026-05-19T13:38:10.547+0000] {logging_mixin.py:188} INFO - [2026-05-19T13:38:10.547+0000] {dag.py:3954} INFO - Setting next_dagrun for example_subdag_operator.section-2 to None, run_after=None
[2026-05-19T13:38:10.563+0000] {logging_mixin.py:188} INFO - [2026-05-19T13:38:10.562+0000] {dag.py:3096} INFO - Sync 2 DAGs
[2026-05-19T13:38:10.578+0000] {logging_mixin.py:188} INFO - [2026-05-19T13:38:10.577+0000] {dag.py:3954} INFO - Setting next_dagrun for example_subdag_operator.section-1 to None, run_after=None
[2026-05-19T13:38:10.579+0000] {logging_mixin.py:188} INFO - [2026-05-19T13:38:10.579+0000] {dag.py:3954} INFO - Setting next_dagrun for example_subdag_operator.section-2 to None, run_after=None
[2026-05-19T13:38:10.612+0000] {processor.py:183} INFO - Processing /home/airflow/.local/lib/python3.12/site-packages/airflow/example_dags/example_subdag_operator.py took 0.199 seconds
[2026-05-19T13:38:41.429+0000] {processor.py:161} INFO - Started process (PID=995) to work on /home/airflow/.local/lib/python3.12/site-packages/airflow/example_dags/example_subdag_operator.py
[2026-05-19T13:38:41.431+0000] {processor.py:830} INFO - Processing file /home/airflow/.local/lib/python3.12/site-packages/airflow/example_dags/example_subdag_operator.py for tasks to queue
[2026-05-19T13:38:41.435+0000] {logging_mixin.py:188} INFO - [2026-05-19T13:38:41.434+0000] {dagbag.py:545} INFO - Filling up the DagBag from /home/airflow/.local/lib/python3.12/site-packages/airflow/example_dags/example_subdag_operator.py
[2026-05-19T13:38:41.479+0000] {processor.py:840} INFO - DAG(s) 'example_subdag_operator.section-1', 'example_subdag_operator.section-2', 'example_subdag_operator' retrieved from /home/airflow/.local/lib/python3.12/site-packages/airflow/example_dags/example_subdag_operator.py
[2026-05-19T13:38:41.512+0000] {logging_mixin.py:188} INFO - [2026-05-19T13:38:41.511+0000] {dag.py:3096} INFO - Sync 3 DAGs
[2026-05-19T13:38:41.562+0000] {logging_mixin.py:188} INFO - [2026-05-19T13:38:41.561+0000] {dag.py:3954} INFO - Setting next_dagrun for example_subdag_operator to 2022-01-01 00:00:00+00:00, run_after=2022-01-01 00:00:00+00:00
[2026-05-19T13:38:41.569+0000] {logging_mixin.py:188} INFO - [2026-05-19T13:38:41.569+0000] {dag.py:3954} INFO - Setting next_dagrun for example_subdag_operator.section-1 to None, run_after=None
[2026-05-19T13:38:41.572+0000] {logging_mixin.py:188} INFO - [2026-05-19T13:38:41.572+0000] {dag.py:3954} INFO - Setting next_dagrun for example_subdag_operator.section-2 to None, run_after=None
[2026-05-19T13:38:41.592+0000] {logging_mixin.py:188} INFO - [2026-05-19T13:38:41.592+0000] {dag.py:3096} INFO - Sync 2 DAGs
[2026-05-19T13:38:41.605+0000] {logging_mixin.py:188} INFO - [2026-05-19T13:38:41.605+0000] {dag.py:3954} INFO - Setting next_dagrun for example_subdag_operator.section-1 to None, run_after=None
[2026-05-19T13:38:41.607+0000] {logging_mixin.py:188} INFO - [2026-05-19T13:38:41.606+0000] {dag.py:3954} INFO - Setting next_dagrun for example_subdag_operator.section-2 to None, run_after=None
[2026-05-19T13:38:41.634+0000] {processor.py:183} INFO - Processing /home/airflow/.local/lib/python3.12/site-packages/airflow/example_dags/example_subdag_operator.py took 0.218 seconds
[2026-05-19T13:39:13.124+0000] {processor.py:161} INFO - Started process (PID=1055) to work on /home/airflow/.local/lib/python3.12/site-packages/airflow/example_dags/example_subdag_operator.py
[2026-05-19T13:39:13.128+0000] {processor.py:830} INFO - Processing file /home/airflow/.local/lib/python3.12/site-packages/airflow/example_dags/example_subdag_operator.py for tasks to queue
[2026-05-19T13:39:13.135+0000] {logging_mixin.py:188} INFO - [2026-05-19T13:39:13.134+0000] {dagbag.py:545} INFO - Filling up the DagBag from /home/airflow/.local/lib/python3.12/site-packages/airflow/example_dags/example_subdag_operator.py
[2026-05-19T13:39:13.282+0000] {processor.py:840} INFO - DAG(s) 'example_subdag_operator.section-1', 'example_subdag_operator.section-2', 'example_subdag_operator' retrieved from /home/airflow/.local/lib/python3.12/site-packages/airflow/example_dags/example_subdag_operator.py
[2026-05-19T13:39:13.396+0000] {logging_mixin.py:188} INFO - [2026-05-19T13:39:13.395+0000] {dag.py:3096} INFO - Sync 3 DAGs
[2026-05-19T13:39:13.541+0000] {logging_mixin.py:188} INFO - [2026-05-19T13:39:13.540+0000] {dag.py:3954} INFO - Setting next_dagrun for example_subdag_operator to 2022-01-01 00:00:00+00:00, run_after=2022-01-01 00:00:00+00:00
[2026-05-19T13:39:13.578+0000] {logging_mixin.py:188} INFO - [2026-05-19T13:39:13.577+0000] {dag.py:3954} INFO - Setting next_dagrun for example_subdag_operator.section-1 to None, run_after=None
[2026-05-19T13:39:13.601+0000] {logging_mixin.py:188} INFO - [2026-05-19T13:39:13.600+0000] {dag.py:3954} INFO - Setting next_dagrun for example_subdag_operator.section-2 to None, run_after=None
[2026-05-19T13:39:13.666+0000] {logging_mixin.py:188} INFO - [2026-05-19T13:39:13.656+0000] {dag.py:3096} INFO - Sync 2 DAGs
[2026-05-19T13:39:13.704+0000] {logging_mixin.py:188} INFO - [2026-05-19T13:39:13.703+0000] {dag.py:3954} INFO - Setting next_dagrun for example_subdag_operator.section-1 to None, run_after=None
[2026-05-19T13:39:13.717+0000] {logging_mixin.py:188} INFO - [2026-05-19T13:39:13.707+0000] {dag.py:3954} INFO - Setting next_dagrun for example_subdag_operator.section-2 to None, run_after=None
[2026-05-19T13:39:13.851+0000] {processor.py:183} INFO - Processing /home/airflow/.local/lib/python3.12/site-packages/airflow/example_dags/example_subdag_operator.py took 0.758 seconds
[2026-05-19T13:39:43.944+0000] {processor.py:161} INFO - Started process (PID=1120) to work on /home/airflow/.local/lib/python3.12/site-packages/airflow/example_dags/example_subdag_operator.py
[2026-05-19T13:39:43.948+0000] {processor.py:830} INFO - Processing file /home/airflow/.local/lib/python3.12/site-packages/airflow/example_dags/example_subdag_operator.py for tasks to queue
[2026-05-19T13:39:43.953+0000] {logging_mixin.py:188} INFO - [2026-05-19T13:39:43.953+0000] {dagbag.py:545} INFO - Filling up the DagBag from /home/airflow/.local/lib/python3.12/site-packages/airflow/example_dags/example_subdag_operator.py
[2026-05-19T13:39:44.006+0000] {processor.py:840} INFO - DAG(s) 'example_subdag_operator.section-1', 'example_subdag_operator.section-2', 'example_subdag_operator' retrieved from /home/airflow/.local/lib/python3.12/site-packages/airflow/example_dags/example_subdag_operator.py
[2026-05-19T13:39:44.037+0000] {logging_mixin.py:188} INFO - [2026-05-19T13:39:44.037+0000] {dag.py:3096} INFO - Sync 3 DAGs
[2026-05-19T13:39:44.073+0000] {logging_mixin.py:188} INFO - [2026-05-19T13:39:44.072+0000] {dag.py:3954} INFO - Setting next_dagrun for example_subdag_operator to 2022-01-01 00:00:00+00:00, run_after=2022-01-01 00:00:00+00:00
[2026-05-19T13:39:44.078+0000] {logging_mixin.py:188} INFO - [2026-05-19T13:39:44.078+0000] {dag.py:3954} INFO - Setting next_dagrun for example_subdag_operator.section-1 to None, run_after=None
[2026-05-19T13:39:44.081+0000] {logging_mixin.py:188} INFO - [2026-05-19T13:39:44.081+0000] {dag.py:3954} INFO - Setting next_dagrun for example_subdag_operator.section-2 to None, run_after=None
[2026-05-19T13:39:44.095+0000] {logging_mixin.py:188} INFO - [2026-05-19T13:39:44.094+0000] {dag.py:3096} INFO - Sync 2 DAGs
[2026-05-19T13:39:44.105+0000] {logging_mixin.py:188} INFO - [2026-05-19T13:39:44.104+0000] {dag.py:3954} INFO - Setting next_dagrun for example_subdag_operator.section-1 to None, run_after=None
[2026-05-19T13:39:44.107+0000] {logging_mixin.py:188} INFO - [2026-05-19T13:39:44.106+0000] {dag.py:3954} INFO - Setting next_dagrun for example_subdag_operator.section-2 to None, run_after=None
[2026-05-19T13:39:44.134+0000] {processor.py:183} INFO - Processing /home/airflow/.local/lib/python3.12/site-packages/airflow/example_dags/example_subdag_operator.py took 0.199 seconds
[2026-05-19T13:40:14.632+0000] {processor.py:161} INFO - Started process (PID=1179) to work on /home/airflow/.local/lib/python3.12/site-packages/airflow/example_dags/example_subdag_operator.py
[2026-05-19T13:40:14.634+0000] {processor.py:830} INFO - Processing file /home/airflow/.local/lib/python3.12/site-packages/airflow/example_dags/example_subdag_operator.py for tasks to queue
[2026-05-19T13:40:14.639+0000] {logging_mixin.py:188} INFO - [2026-05-19T13:40:14.639+0000] {dagbag.py:545} INFO - Filling up the DagBag from /home/airflow/.local/lib/python3.12/site-packages/airflow/example_dags/example_subdag_operator.py
[2026-05-19T13:40:14.686+0000] {processor.py:840} INFO - DAG(s) 'example_subdag_operator.section-1', 'example_subdag_operator.section-2', 'example_subdag_operator' retrieved from /home/airflow/.local/lib/python3.12/site-packages/airflow/example_dags/example_subdag_operator.py
[2026-05-19T13:40:14.715+0000] {logging_mixin.py:188} INFO - [2026-05-19T13:40:14.714+0000] {dag.py:3096} INFO - Sync 3 DAGs
[2026-05-19T13:40:14.755+0000] {logging_mixin.py:188} INFO - [2026-05-19T13:40:14.755+0000] {dag.py:3954} INFO - Setting next_dagrun for example_subdag_operator to 2022-01-01 00:00:00+00:00, run_after=2022-01-01 00:00:00+00:00
[2026-05-19T13:40:14.762+0000] {logging_mixin.py:188} INFO - [2026-05-19T13:40:14.761+0000] {dag.py:3954} INFO - Setting next_dagrun for example_subdag_operator.section-1 to None, run_after=None
[2026-05-19T13:40:14.764+0000] {logging_mixin.py:188} INFO - [2026-05-19T13:40:14.764+0000] {dag.py:3954} INFO - Setting next_dagrun for example_subdag_operator.section-2 to None, run_after=None
[2026-05-19T13:40:14.783+0000] {logging_mixin.py:188} INFO - [2026-05-19T13:40:14.782+0000] {dag.py:3096} INFO - Sync 2 DAGs
[2026-05-19T13:40:14.795+0000] {logging_mixin.py:188} INFO - [2026-05-19T13:40:14.795+0000] {dag.py:3954} INFO - Setting next_dagrun for example_subdag_operator.section-1 to None, run_after=None
[2026-05-19T13:40:14.797+0000] {logging_mixin.py:188} INFO - [2026-05-19T13:40:14.797+0000] {dag.py:3954} INFO - Setting next_dagrun for example_subdag_operator.section-2 to None, run_after=None
[2026-05-19T13:40:14.820+0000] {processor.py:183} INFO - Processing /home/airflow/.local/lib/python3.12/site-packages/airflow/example_dags/example_subdag_operator.py took 0.196 seconds
[2026-05-19T13:40:45.806+0000] {processor.py:161} INFO - Started process (PID=1238) to work on /home/airflow/.local/lib/python3.12/site-packages/airflow/example_dags/example_subdag_operator.py
[2026-05-19T13:40:45.807+0000] {processor.py:830} INFO - Processing file /home/airflow/.local/lib/python3.12/site-packages/airflow/example_dags/example_subdag_operator.py for tasks to queue
[2026-05-19T13:40:45.810+0000] {logging_mixin.py:188} INFO - [2026-05-19T13:40:45.809+0000] {dagbag.py:545} INFO - Filling up the DagBag from /home/airflow/.local/lib/python3.12/site-packages/airflow/example_dags/example_subdag_operator.py
[2026-05-19T13:40:45.841+0000] {processor.py:840} INFO - DAG(s) 'example_subdag_operator.section-1', 'example_subdag_operator.section-2', 'example_subdag_operator' retrieved from /home/airflow/.local/lib/python3.12/site-packages/airflow/example_dags/example_subdag_operator.py
[2026-05-19T13:40:45.862+0000] {logging_mixin.py:188} INFO - [2026-05-19T13:40:45.862+0000] {dag.py:3096} INFO - Sync 3 DAGs
[2026-05-19T13:40:45.894+0000] {logging_mixin.py:188} INFO - [2026-05-19T13:40:45.894+0000] {dag.py:3954} INFO - Setting next_dagrun for example_subdag_operator to 2022-01-01 00:00:00+00:00, run_after=2022-01-01 00:00:00+00:00
[2026-05-19T13:40:45.899+0000] {logging_mixin.py:188} INFO - [2026-05-19T13:40:45.899+0000] {dag.py:3954} INFO - Setting next_dagrun for example_subdag_operator.section-1 to None, run_after=None
[2026-05-19T13:40:45.902+0000] {logging_mixin.py:188} INFO - [2026-05-19T13:40:45.902+0000] {dag.py:3954} INFO - Setting next_dagrun for example_subdag_operator.section-2 to None, run_after=None
[2026-05-19T13:40:45.917+0000] {logging_mixin.py:188} INFO - [2026-05-19T13:40:45.916+0000] {dag.py:3096} INFO - Sync 2 DAGs
[2026-05-19T13:40:45.925+0000] {logging_mixin.py:188} INFO - [2026-05-19T13:40:45.925+0000] {dag.py:3954} INFO - Setting next_dagrun for example_subdag_operator.section-1 to None, run_after=None
[2026-05-19T13:40:45.927+0000] {logging_mixin.py:188} INFO - [2026-05-19T13:40:45.926+0000] {dag.py:3954} INFO - Setting next_dagrun for example_subdag_operator.section-2 to None, run_after=None
[2026-05-19T13:40:45.948+0000] {processor.py:183} INFO - Processing /home/airflow/.local/lib/python3.12/site-packages/airflow/example_dags/example_subdag_operator.py took 0.149 seconds
[2026-05-19T13:41:17.151+0000] {processor.py:161} INFO - Started process (PID=1297) to work on /home/airflow/.local/lib/python3.12/site-packages/airflow/example_dags/example_subdag_operator.py
[2026-05-19T13:41:17.153+0000] {processor.py:830} INFO - Processing file /home/airflow/.local/lib/python3.12/site-packages/airflow/example_dags/example_subdag_operator.py for tasks to queue
[2026-05-19T13:41:17.158+0000] {logging_mixin.py:188} INFO - [2026-05-19T13:41:17.157+0000] {dagbag.py:545} INFO - Filling up the DagBag from /home/airflow/.local/lib/python3.12/site-packages/airflow/example_dags/example_subdag_operator.py
[2026-05-19T13:41:17.216+0000] {processor.py:840} INFO - DAG(s) 'example_subdag_operator.section-1', 'example_subdag_operator.section-2', 'example_subdag_operator' retrieved from /home/airflow/.local/lib/python3.12/site-packages/airflow/example_dags/example_subdag_operator.py
[2026-05-19T13:41:17.256+0000] {logging_mixin.py:188} INFO - [2026-05-19T13:41:17.255+0000] {dag.py:3096} INFO - Sync 3 DAGs
[2026-05-19T13:41:17.308+0000] {logging_mixin.py:188} INFO - [2026-05-19T13:41:17.307+0000] {dag.py:3954} INFO - Setting next_dagrun for example_subdag_operator to 2022-01-01 00:00:00+00:00, run_after=2022-01-01 00:00:00+00:00
[2026-05-19T13:41:17.315+0000] {logging_mixin.py:188} INFO - [2026-05-19T13:41:17.315+0000] {dag.py:3954} INFO - Setting next_dagrun for example_subdag_operator.section-1 to None, run_after=None
[2026-05-19T13:41:17.319+0000] {logging_mixin.py:188} INFO - [2026-05-19T13:41:17.318+0000] {dag.py:3954} INFO - Setting next_dagrun for example_subdag_operator.section-2 to None, run_after=None
[2026-05-19T13:41:17.340+0000] {logging_mixin.py:188} INFO - [2026-05-19T13:41:17.340+0000] {dag.py:3096} INFO - Sync 2 DAGs
[2026-05-19T13:41:17.352+0000] {logging_mixin.py:188} INFO - [2026-05-19T13:41:17.351+0000] {dag.py:3954} INFO - Setting next_dagrun for example_subdag_operator.section-1 to None, run_after=None
[2026-05-19T13:41:17.353+0000] {logging_mixin.py:188} INFO - [2026-05-19T13:41:17.353+0000] {dag.py:3954} INFO - Setting next_dagrun for example_subdag_operator.section-2 to None, run_after=None
[2026-05-19T13:41:17.380+0000] {processor.py:183} INFO - Processing /home/airflow/.local/lib/python3.12/site-packages/airflow/example_dags/example_subdag_operator.py took 0.240 seconds
[2026-05-19T13:41:48.961+0000] {processor.py:161} INFO - Started process (PID=1356) to work on /home/airflow/.local/lib/python3.12/site-packages/airflow/example_dags/example_subdag_operator.py
[2026-05-19T13:41:48.966+0000] {processor.py:830} INFO - Processing file /home/airflow/.local/lib/python3.12/site-packages/airflow/example_dags/example_subdag_operator.py for tasks to queue
[2026-05-19T13:41:48.979+0000] {logging_mixin.py:188} INFO - [2026-05-19T13:41:48.976+0000] {dagbag.py:545} INFO - Filling up the DagBag from /home/airflow/.local/lib/python3.12/site-packages/airflow/example_dags/example_subdag_operator.py
[2026-05-19T13:41:49.174+0000] {processor.py:840} INFO - DAG(s) 'example_subdag_operator.section-1', 'example_subdag_operator.section-2', 'example_subdag_operator' retrieved from /home/airflow/.local/lib/python3.12/site-packages/airflow/example_dags/example_subdag_operator.py
[2026-05-19T13:41:49.254+0000] {logging_mixin.py:188} INFO - [2026-05-19T13:41:49.253+0000] {dag.py:3096} INFO - Sync 3 DAGs
[2026-05-19T13:41:49.374+0000] {logging_mixin.py:188} INFO - [2026-05-19T13:41:49.373+0000] {dag.py:3954} INFO - Setting next_dagrun for example_subdag_operator to 2022-01-01 00:00:00+00:00, run_after=2022-01-01 00:00:00+00:00
[2026-05-19T13:41:49.397+0000] {logging_mixin.py:188} INFO - [2026-05-19T13:41:49.396+0000] {dag.py:3954} INFO - Setting next_dagrun for example_subdag_operator.section-1 to None, run_after=None
[2026-05-19T13:41:49.406+0000] {logging_mixin.py:188} INFO - [2026-05-19T13:41:49.403+0000] {dag.py:3954} INFO - Setting next_dagrun for example_subdag_operator.section-2 to None, run_after=None
[2026-05-19T13:41:49.438+0000] {logging_mixin.py:188} INFO - [2026-05-19T13:41:49.437+0000] {dag.py:3096} INFO - Sync 2 DAGs
[2026-05-19T13:41:49.459+0000] {logging_mixin.py:188} INFO - [2026-05-19T13:41:49.458+0000] {dag.py:3954} INFO - Setting next_dagrun for example_subdag_operator.section-1 to None, run_after=None
[2026-05-19T13:41:49.463+0000] {logging_mixin.py:188} INFO - [2026-05-19T13:41:49.461+0000] {dag.py:3954} INFO - Setting next_dagrun for example_subdag_operator.section-2 to None, run_after=None
[2026-05-19T13:41:49.521+0000] {processor.py:183} INFO - Processing /home/airflow/.local/lib/python3.12/site-packages/airflow/example_dags/example_subdag_operator.py took 0.596 seconds
[2026-05-19T13:42:19.876+0000] {processor.py:161} INFO - Started process (PID=1415) to work on /home/airflow/.local/lib/python3.12/site-packages/airflow/example_dags/example_subdag_operator.py
[2026-05-19T13:42:19.877+0000] {processor.py:830} INFO - Processing file /home/airflow/.local/lib/python3.12/site-packages/airflow/example_dags/example_subdag_operator.py for tasks to queue
[2026-05-19T13:42:19.879+0000] {logging_mixin.py:188} INFO - [2026-05-19T13:42:19.879+0000] {dagbag.py:545} INFO - Filling up the DagBag from /home/airflow/.local/lib/python3.12/site-packages/airflow/example_dags/example_subdag_operator.py
[2026-05-19T13:42:19.912+0000] {processor.py:840} INFO - DAG(s) 'example_subdag_operator.section-1', 'example_subdag_operator.section-2', 'example_subdag_operator' retrieved from /home/airflow/.local/lib/python3.12/site-packages/airflow/example_dags/example_subdag_operator.py
[2026-05-19T13:42:19.932+0000] {logging_mixin.py:188} INFO - [2026-05-19T13:42:19.931+0000] {dag.py:3096} INFO - Sync 3 DAGs
[2026-05-19T13:42:19.967+0000] {logging_mixin.py:188} INFO - [2026-05-19T13:42:19.967+0000] {dag.py:3954} INFO - Setting next_dagrun for example_subdag_operator to 2022-01-01 00:00:00+00:00, run_after=2022-01-01 00:00:00+00:00
[2026-05-19T13:42:19.973+0000] {logging_mixin.py:188} INFO - [2026-05-19T13:42:19.973+0000] {dag.py:3954} INFO - Setting next_dagrun for example_subdag_operator.section-1 to None, run_after=None
[2026-05-19T13:42:20.133+0000] {logging_mixin.py:188} INFO - [2026-05-19T13:42:20.133+0000] {dag.py:3954} INFO - Setting next_dagrun for example_subdag_operator.section-2 to None, run_after=None
[2026-05-19T13:42:20.142+0000] {logging_mixin.py:188} INFO - [2026-05-19T13:42:20.142+0000] {dag.py:3096} INFO - Sync 2 DAGs
[2026-05-19T13:42:20.149+0000] {logging_mixin.py:188} INFO - [2026-05-19T13:42:20.149+0000] {dag.py:3954} INFO - Setting next_dagrun for example_subdag_operator.section-1 to None, run_after=None
[2026-05-19T13:42:20.150+0000] {logging_mixin.py:188} INFO - [2026-05-19T13:42:20.150+0000] {dag.py:3954} INFO - Setting next_dagrun for example_subdag_operator.section-2 to None, run_after=None
[2026-05-19T13:42:20.171+0000] {processor.py:183} INFO - Processing /home/airflow/.local/lib/python3.12/site-packages/airflow/example_dags/example_subdag_operator.py took 0.301 seconds
[2026-05-19T13:42:50.706+0000] {processor.py:161} INFO - Started process (PID=1474) to work on /home/airflow/.local/lib/python3.12/site-packages/airflow/example_dags/example_subdag_operator.py
[2026-05-19T13:42:50.709+0000] {processor.py:830} INFO - Processing file /home/airflow/.local/lib/python3.12/site-packages/airflow/example_dags/example_subdag_operator.py for tasks to queue
[2026-05-19T13:42:50.719+0000] {logging_mixin.py:188} INFO - [2026-05-19T13:42:50.718+0000] {dagbag.py:545} INFO - Filling up the DagBag from /home/airflow/.local/lib/python3.12/site-packages/airflow/example_dags/example_subdag_operator.py
[2026-05-19T13:42:50.779+0000] {processor.py:840} INFO - DAG(s) 'example_subdag_operator.section-1', 'example_subdag_operator.section-2', 'example_subdag_operator' retrieved from /home/airflow/.local/lib/python3.12/site-packages/airflow/example_dags/example_subdag_operator.py
[2026-05-19T13:42:50.824+0000] {logging_mixin.py:188} INFO - [2026-05-19T13:42:50.823+0000] {dag.py:3096} INFO - Sync 3 DAGs
[2026-05-19T13:42:50.894+0000] {logging_mixin.py:188} INFO - [2026-05-19T13:42:50.893+0000] {dag.py:3954} INFO - Setting next_dagrun for example_subdag_operator to 2022-01-01 00:00:00+00:00, run_after=2022-01-01 00:00:00+00:00
[2026-05-19T13:42:50.904+0000] {logging_mixin.py:188} INFO - [2026-05-19T13:42:50.903+0000] {dag.py:3954} INFO - Setting next_dagrun for example_subdag_operator.section-1 to None, run_after=None
[2026-05-19T13:42:50.915+0000] {logging_mixin.py:188} INFO - [2026-05-19T13:42:50.914+0000] {dag.py:3954} INFO - Setting next_dagrun for example_subdag_operator.section-2 to None, run_after=None
[2026-05-19T13:42:50.942+0000] {logging_mixin.py:188} INFO - [2026-05-19T13:42:50.942+0000] {dag.py:3096} INFO - Sync 2 DAGs
[2026-05-19T13:42:50.956+0000] {logging_mixin.py:188} INFO - [2026-05-19T13:42:50.955+0000] {dag.py:3954} INFO - Setting next_dagrun for example_subdag_operator.section-1 to None, run_after=None
[2026-05-19T13:42:50.958+0000] {logging_mixin.py:188} INFO - [2026-05-19T13:42:50.957+0000] {dag.py:3954} INFO - Setting next_dagrun for example_subdag_operator.section-2 to None, run_after=None
[2026-05-19T13:42:51.247+0000] {processor.py:183} INFO - Processing /home/airflow/.local/lib/python3.12/site-packages/airflow/example_dags/example_subdag_operator.py took 0.553 seconds
[2026-05-19T13:43:21.829+0000] {processor.py:161} INFO - Started process (PID=1534) to work on /home/airflow/.local/lib/python3.12/site-packages/airflow/example_dags/example_subdag_operator.py
[2026-05-19T13:43:21.831+0000] {processor.py:830} INFO - Processing file /home/airflow/.local/lib/python3.12/site-packages/airflow/example_dags/example_subdag_operator.py for tasks to queue
[2026-05-19T13:43:21.835+0000] {logging_mixin.py:188} INFO - [2026-05-19T13:43:21.834+0000] {dagbag.py:545} INFO - Filling up the DagBag from /home/airflow/.local/lib/python3.12/site-packages/airflow/example_dags/example_subdag_operator.py
[2026-05-19T13:43:21.947+0000] {processor.py:840} INFO - DAG(s) 'example_subdag_operator.section-1', 'example_subdag_operator.section-2', 'example_subdag_operator' retrieved from /home/airflow/.local/lib/python3.12/site-packages/airflow/example_dags/example_subdag_operator.py
[2026-05-19T13:43:21.981+0000] {logging_mixin.py:188} INFO - [2026-05-19T13:43:21.981+0000] {dag.py:3096} INFO - Sync 3 DAGs
[2026-05-19T13:43:22.031+0000] {logging_mixin.py:188} INFO - [2026-05-19T13:43:22.031+0000] {dag.py:3954} INFO - Setting next_dagrun for example_subdag_operator to 2022-01-01 00:00:00+00:00, run_after=2022-01-01 00:00:00+00:00
[2026-05-19T13:43:22.037+0000] {logging_mixin.py:188} INFO - [2026-05-19T13:43:22.037+0000] {dag.py:3954} INFO - Setting next_dagrun for example_subdag_operator.section-1 to None, run_after=None
[2026-05-19T13:43:22.041+0000] {logging_mixin.py:188} INFO - [2026-05-19T13:43:22.040+0000] {dag.py:3954} INFO - Setting next_dagrun for example_subdag_operator.section-2 to None, run_after=None
[2026-05-19T13:43:22.055+0000] {logging_mixin.py:188} INFO - [2026-05-19T13:43:22.054+0000] {dag.py:3096} INFO - Sync 2 DAGs
[2026-05-19T13:43:22.065+0000] {logging_mixin.py:188} INFO - [2026-05-19T13:43:22.065+0000] {dag.py:3954} INFO - Setting next_dagrun for example_subdag_operator.section-1 to None, run_after=None
[2026-05-19T13:43:22.067+0000] {logging_mixin.py:188} INFO - [2026-05-19T13:43:22.067+0000] {dag.py:3954} INFO - Setting next_dagrun for example_subdag_operator.section-2 to None, run_after=None
[2026-05-19T13:43:22.287+0000] {processor.py:183} INFO - Processing /home/airflow/.local/lib/python3.12/site-packages/airflow/example_dags/example_subdag_operator.py took 0.504 seconds
[2026-05-19T13:43:52.346+0000] {processor.py:161} INFO - Started process (PID=1593) to work on /home/airflow/.local/lib/python3.12/site-packages/airflow/example_dags/example_subdag_operator.py
[2026-05-19T13:43:52.347+0000] {processor.py:830} INFO - Processing file /home/airflow/.local/lib/python3.12/site-packages/airflow/example_dags/example_subdag_operator.py for tasks to queue
[2026-05-19T13:43:52.351+0000] {logging_mixin.py:188} INFO - [2026-05-19T13:43:52.351+0000] {dagbag.py:545} INFO - Filling up the DagBag from /home/airflow/.local/lib/python3.12/site-packages/airflow/example_dags/example_subdag_operator.py
[2026-05-19T13:43:52.381+0000] {processor.py:840} INFO - DAG(s) 'example_subdag_operator.section-1', 'example_subdag_operator.section-2', 'example_subdag_operator' retrieved from /home/airflow/.local/lib/python3.12/site-packages/airflow/example_dags/example_subdag_operator.py
[2026-05-19T13:43:52.404+0000] {logging_mixin.py:188} INFO - [2026-05-19T13:43:52.403+0000] {dag.py:3096} INFO - Sync 3 DAGs
[2026-05-19T13:43:52.437+0000] {logging_mixin.py:188} INFO - [2026-05-19T13:43:52.437+0000] {dag.py:3954} INFO - Setting next_dagrun for example_subdag_operator to 2022-01-01 00:00:00+00:00, run_after=2022-01-01 00:00:00+00:00
[2026-05-19T13:43:52.444+0000] {logging_mixin.py:188} INFO - [2026-05-19T13:43:52.444+0000] {dag.py:3954} INFO - Setting next_dagrun for example_subdag_operator.section-1 to None, run_after=None
[2026-05-19T13:43:52.447+0000] {logging_mixin.py:188} INFO - [2026-05-19T13:43:52.447+0000] {dag.py:3954} INFO - Setting next_dagrun for example_subdag_operator.section-2 to None, run_after=None
[2026-05-19T13:43:52.459+0000] {logging_mixin.py:188} INFO - [2026-05-19T13:43:52.459+0000] {dag.py:3096} INFO - Sync 2 DAGs
[2026-05-19T13:43:52.471+0000] {logging_mixin.py:188} INFO - [2026-05-19T13:43:52.471+0000] {dag.py:3954} INFO - Setting next_dagrun for example_subdag_operator.section-1 to None, run_after=None
[2026-05-19T13:43:52.474+0000] {logging_mixin.py:188} INFO - [2026-05-19T13:43:52.473+0000] {dag.py:3954} INFO - Setting next_dagrun for example_subdag_operator.section-2 to None, run_after=None
[2026-05-19T13:43:52.501+0000] {processor.py:183} INFO - Processing /home/airflow/.local/lib/python3.12/site-packages/airflow/example_dags/example_subdag_operator.py took 0.166 seconds
[2026-05-19T13:44:22.789+0000] {processor.py:161} INFO - Started process (PID=1652) to work on /home/airflow/.local/lib/python3.12/site-packages/airflow/example_dags/example_subdag_operator.py
[2026-05-19T13:44:22.790+0000] {processor.py:830} INFO - Processing file /home/airflow/.local/lib/python3.12/site-packages/airflow/example_dags/example_subdag_operator.py for tasks to queue
[2026-05-19T13:44:22.792+0000] {logging_mixin.py:188} INFO - [2026-05-19T13:44:22.792+0000] {dagbag.py:545} INFO - Filling up the DagBag from /home/airflow/.local/lib/python3.12/site-packages/airflow/example_dags/example_subdag_operator.py
[2026-05-19T13:44:22.831+0000] {processor.py:840} INFO - DAG(s) 'example_subdag_operator.section-1', 'example_subdag_operator.section-2', 'example_subdag_operator' retrieved from /home/airflow/.local/lib/python3.12/site-packages/airflow/example_dags/example_subdag_operator.py
[2026-05-19T13:44:22.848+0000] {logging_mixin.py:188} INFO - [2026-05-19T13:44:22.847+0000] {dag.py:3096} INFO - Sync 3 DAGs
[2026-05-19T13:44:22.869+0000] {logging_mixin.py:188} INFO - [2026-05-19T13:44:22.868+0000] {dag.py:3954} INFO - Setting next_dagrun for example_subdag_operator to 2022-01-01 00:00:00+00:00, run_after=2022-01-01 00:00:00+00:00
[2026-05-19T13:44:22.874+0000] {logging_mixin.py:188} INFO - [2026-05-19T13:44:22.874+0000] {dag.py:3954} INFO - Setting next_dagrun for example_subdag_operator.section-1 to None, run_after=None
[2026-05-19T13:44:22.878+0000] {logging_mixin.py:188} INFO - [2026-05-19T13:44:22.878+0000] {dag.py:3954} INFO - Setting next_dagrun for example_subdag_operator.section-2 to None, run_after=None
[2026-05-19T13:44:22.888+0000] {logging_mixin.py:188} INFO - [2026-05-19T13:44:22.888+0000] {dag.py:3096} INFO - Sync 2 DAGs
[2026-05-19T13:44:22.895+0000] {logging_mixin.py:188} INFO - [2026-05-19T13:44:22.895+0000] {dag.py:3954} INFO - Setting next_dagrun for example_subdag_operator.section-1 to None, run_after=None
[2026-05-19T13:44:22.896+0000] {logging_mixin.py:188} INFO - [2026-05-19T13:44:22.896+0000] {dag.py:3954} INFO - Setting next_dagrun for example_subdag_operator.section-2 to None, run_after=None
[2026-05-19T13:44:22.914+0000] {processor.py:183} INFO - Processing /home/airflow/.local/lib/python3.12/site-packages/airflow/example_dags/example_subdag_operator.py took 0.131 seconds
[2026-05-19T13:44:53.029+0000] {processor.py:161} INFO - Started process (PID=1711) to work on /home/airflow/.local/lib/python3.12/site-packages/airflow/example_dags/example_subdag_operator.py
[2026-05-19T13:44:53.032+0000] {processor.py:830} INFO - Processing file /home/airflow/.local/lib/python3.12/site-packages/airflow/example_dags/example_subdag_operator.py for tasks to queue
[2026-05-19T13:44:53.037+0000] {logging_mixin.py:188} INFO - [2026-05-19T13:44:53.036+0000] {dagbag.py:545} INFO - Filling up the DagBag from /home/airflow/.local/lib/python3.12/site-packages/airflow/example_dags/example_subdag_operator.py
[2026-05-19T13:44:53.080+0000] {processor.py:840} INFO - DAG(s) 'example_subdag_operator.section-1', 'example_subdag_operator.section-2', 'example_subdag_operator' retrieved from /home/airflow/.local/lib/python3.12/site-packages/airflow/example_dags/example_subdag_operator.py
[2026-05-19T13:44:53.100+0000] {logging_mixin.py:188} INFO - [2026-05-19T13:44:53.100+0000] {dag.py:3096} INFO - Sync 3 DAGs
[2026-05-19T13:44:53.126+0000] {logging_mixin.py:188} INFO - [2026-05-19T13:44:53.125+0000] {dag.py:3954} INFO - Setting next_dagrun for example_subdag_operator to 2022-01-01 00:00:00+00:00, run_after=2022-01-01 00:00:00+00:00
[2026-05-19T13:44:53.129+0000] {logging_mixin.py:188} INFO - [2026-05-19T13:44:53.129+0000] {dag.py:3954} INFO - Setting next_dagrun for example_subdag_operator.section-1 to None, run_after=None
[2026-05-19T13:44:53.131+0000] {logging_mixin.py:188} INFO - [2026-05-19T13:44:53.131+0000] {dag.py:3954} INFO - Setting next_dagrun for example_subdag_operator.section-2 to None, run_after=None
[2026-05-19T13:44:53.139+0000] {logging_mixin.py:188} INFO - [2026-05-19T13:44:53.138+0000] {dag.py:3096} INFO - Sync 2 DAGs
[2026-05-19T13:44:53.143+0000] {logging_mixin.py:188} INFO - [2026-05-19T13:44:53.143+0000] {dag.py:3954} INFO - Setting next_dagrun for example_subdag_operator.section-1 to None, run_after=None
[2026-05-19T13:44:53.144+0000] {logging_mixin.py:188} INFO - [2026-05-19T13:44:53.144+0000] {dag.py:3954} INFO - Setting next_dagrun for example_subdag_operator.section-2 to None, run_after=None
[2026-05-19T13:44:53.164+0000] {processor.py:183} INFO - Processing /home/airflow/.local/lib/python3.12/site-packages/airflow/example_dags/example_subdag_operator.py took 0.144 seconds
[2026-05-19T13:45:23.675+0000] {processor.py:161} INFO - Started process (PID=1770) to work on /home/airflow/.local/lib/python3.12/site-packages/airflow/example_dags/example_subdag_operator.py
[2026-05-19T13:45:23.677+0000] {processor.py:830} INFO - Processing file /home/airflow/.local/lib/python3.12/site-packages/airflow/example_dags/example_subdag_operator.py for tasks to queue
[2026-05-19T13:45:23.680+0000] {logging_mixin.py:188} INFO - [2026-05-19T13:45:23.679+0000] {dagbag.py:545} INFO - Filling up the DagBag from /home/airflow/.local/lib/python3.12/site-packages/airflow/example_dags/example_subdag_operator.py
[2026-05-19T13:45:23.734+0000] {processor.py:840} INFO - DAG(s) 'example_subdag_operator.section-1', 'example_subdag_operator.section-2', 'example_subdag_operator' retrieved from /home/airflow/.local/lib/python3.12/site-packages/airflow/example_dags/example_subdag_operator.py
[2026-05-19T13:45:23.779+0000] {logging_mixin.py:188} INFO - [2026-05-19T13:45:23.779+0000] {dag.py:3096} INFO - Sync 3 DAGs
[2026-05-19T13:45:23.829+0000] {logging_mixin.py:188} INFO - [2026-05-19T13:45:23.828+0000] {dag.py:3954} INFO - Setting next_dagrun for example_subdag_operator to 2022-01-01 00:00:00+00:00, run_after=2022-01-01 00:00:00+00:00
[2026-05-19T13:45:23.839+0000] {logging_mixin.py:188} INFO - [2026-05-19T13:45:23.838+0000] {dag.py:3954} INFO - Setting next_dagrun for example_subdag_operator.section-1 to None, run_after=None
[2026-05-19T13:45:23.846+0000] {logging_mixin.py:188} INFO - [2026-05-19T13:45:23.845+0000] {dag.py:3954} INFO - Setting next_dagrun for example_subdag_operator.section-2 to None, run_after=None
[2026-05-19T13:45:23.860+0000] {logging_mixin.py:188} INFO - [2026-05-19T13:45:23.860+0000] {dag.py:3096} INFO - Sync 2 DAGs
[2026-05-19T13:45:23.867+0000] {logging_mixin.py:188} INFO - [2026-05-19T13:45:23.867+0000] {dag.py:3954} INFO - Setting next_dagrun for example_subdag_operator.section-1 to None, run_after=None
[2026-05-19T13:45:23.868+0000] {logging_mixin.py:188} INFO - [2026-05-19T13:45:23.868+0000] {dag.py:3954} INFO - Setting next_dagrun for example_subdag_operator.section-2 to None, run_after=None
[2026-05-19T13:45:23.887+0000] {processor.py:183} INFO - Processing /home/airflow/.local/lib/python3.12/site-packages/airflow/example_dags/example_subdag_operator.py took 0.224 seconds
[2026-05-19T13:45:54.352+0000] {processor.py:161} INFO - Started process (PID=1829) to work on /home/airflow/.local/lib/python3.12/site-packages/airflow/example_dags/example_subdag_operator.py
[2026-05-19T13:45:54.353+0000] {processor.py:830} INFO - Processing file /home/airflow/.local/lib/python3.12/site-packages/airflow/example_dags/example_subdag_operator.py for tasks to queue
[2026-05-19T13:45:54.355+0000] {logging_mixin.py:188} INFO - [2026-05-19T13:45:54.354+0000] {dagbag.py:545} INFO - Filling up the DagBag from /home/airflow/.local/lib/python3.12/site-packages/airflow/example_dags/example_subdag_operator.py
[2026-05-19T13:45:54.392+0000] {processor.py:840} INFO - DAG(s) 'example_subdag_operator.section-1', 'example_subdag_operator.section-2', 'example_subdag_operator' retrieved from /home/airflow/.local/lib/python3.12/site-packages/airflow/example_dags/example_subdag_operator.py
[2026-05-19T13:45:54.408+0000] {logging_mixin.py:188} INFO - [2026-05-19T13:45:54.408+0000] {dag.py:3096} INFO - Sync 3 DAGs
[2026-05-19T13:45:54.429+0000] {logging_mixin.py:188} INFO - [2026-05-19T13:45:54.429+0000] {dag.py:3954} INFO - Setting next_dagrun for example_subdag_operator to 2022-01-01 00:00:00+00:00, run_after=2022-01-01 00:00:00+00:00
[2026-05-19T13:45:54.434+0000] {logging_mixin.py:188} INFO - [2026-05-19T13:45:54.434+0000] {dag.py:3954} INFO - Setting next_dagrun for example_subdag_operator.section-1 to None, run_after=None
[2026-05-19T13:45:54.436+0000] {logging_mixin.py:188} INFO - [2026-05-19T13:45:54.436+0000] {dag.py:3954} INFO - Setting next_dagrun for example_subdag_operator.section-2 to None, run_after=None
[2026-05-19T13:45:54.443+0000] {logging_mixin.py:188} INFO - [2026-05-19T13:45:54.443+0000] {dag.py:3096} INFO - Sync 2 DAGs
[2026-05-19T13:45:54.453+0000] {logging_mixin.py:188} INFO - [2026-05-19T13:45:54.453+0000] {dag.py:3954} INFO - Setting next_dagrun for example_subdag_operator.section-1 to None, run_after=None
[2026-05-19T13:45:54.454+0000] {logging_mixin.py:188} INFO - [2026-05-19T13:45:54.454+0000] {dag.py:3954} INFO - Setting next_dagrun for example_subdag_operator.section-2 to None, run_after=None
[2026-05-19T13:45:54.472+0000] {processor.py:183} INFO - Processing /home/airflow/.local/lib/python3.12/site-packages/airflow/example_dags/example_subdag_operator.py took 0.126 seconds
[2026-05-19T13:46:24.868+0000] {processor.py:161} INFO - Started process (PID=1889) to work on /home/airflow/.local/lib/python3.12/site-packages/airflow/example_dags/example_subdag_operator.py
[2026-05-19T13:46:24.870+0000] {processor.py:830} INFO - Processing file /home/airflow/.local/lib/python3.12/site-packages/airflow/example_dags/example_subdag_operator.py for tasks to queue
[2026-05-19T13:46:24.874+0000] {logging_mixin.py:188} INFO - [2026-05-19T13:46:24.873+0000] {dagbag.py:545} INFO - Filling up the DagBag from /home/airflow/.local/lib/python3.12/site-packages/airflow/example_dags/example_subdag_operator.py
[2026-05-19T13:46:24.912+0000] {processor.py:840} INFO - DAG(s) 'example_subdag_operator.section-1', 'example_subdag_operator.section-2', 'example_subdag_operator' retrieved from /home/airflow/.local/lib/python3.12/site-packages/airflow/example_dags/example_subdag_operator.py
[2026-05-19T13:46:24.933+0000] {logging_mixin.py:188} INFO - [2026-05-19T13:46:24.932+0000] {dag.py:3096} INFO - Sync 3 DAGs
[2026-05-19T13:46:24.969+0000] {logging_mixin.py:188} INFO - [2026-05-19T13:46:24.969+0000] {dag.py:3954} INFO - Setting next_dagrun for example_subdag_operator to 2022-01-01 00:00:00+00:00, run_after=2022-01-01 00:00:00+00:00
[2026-05-19T13:46:24.977+0000] {logging_mixin.py:188} INFO - [2026-05-19T13:46:24.976+0000] {dag.py:3954} INFO - Setting next_dagrun for example_subdag_operator.section-1 to None, run_after=None
[2026-05-19T13:46:24.979+0000] {logging_mixin.py:188} INFO - [2026-05-19T13:46:24.979+0000] {dag.py:3954} INFO - Setting next_dagrun for example_subdag_operator.section-2 to None, run_after=None
[2026-05-19T13:46:24.988+0000] {logging_mixin.py:188} INFO - [2026-05-19T13:46:24.988+0000] {dag.py:3096} INFO - Sync 2 DAGs
[2026-05-19T13:46:24.997+0000] {logging_mixin.py:188} INFO - [2026-05-19T13:46:24.997+0000] {dag.py:3954} INFO - Setting next_dagrun for example_subdag_operator.section-1 to None, run_after=None
[2026-05-19T13:46:24.998+0000] {logging_mixin.py:188} INFO - [2026-05-19T13:46:24.998+0000] {dag.py:3954} INFO - Setting next_dagrun for example_subdag_operator.section-2 to None, run_after=None
[2026-05-19T13:46:25.017+0000] {processor.py:183} INFO - Processing /home/airflow/.local/lib/python3.12/site-packages/airflow/example_dags/example_subdag_operator.py took 0.158 seconds
[2026-05-19T13:46:55.438+0000] {processor.py:161} INFO - Started process (PID=1948) to work on /home/airflow/.local/lib/python3.12/site-packages/airflow/example_dags/example_subdag_operator.py
[2026-05-19T13:46:55.440+0000] {processor.py:830} INFO - Processing file /home/airflow/.local/lib/python3.12/site-packages/airflow/example_dags/example_subdag_operator.py for tasks to queue
[2026-05-19T13:46:55.445+0000] {logging_mixin.py:188} INFO - [2026-05-19T13:46:55.444+0000] {dagbag.py:545} INFO - Filling up the DagBag from /home/airflow/.local/lib/python3.12/site-packages/airflow/example_dags/example_subdag_operator.py
[2026-05-19T13:46:55.488+0000] {processor.py:840} INFO - DAG(s) 'example_subdag_operator.section-1', 'example_subdag_operator.section-2', 'example_subdag_operator' retrieved from /home/airflow/.local/lib/python3.12/site-packages/airflow/example_dags/example_subdag_operator.py
[2026-05-19T13:46:55.510+0000] {logging_mixin.py:188} INFO - [2026-05-19T13:46:55.509+0000] {dag.py:3096} INFO - Sync 3 DAGs
[2026-05-19T13:46:55.548+0000] {logging_mixin.py:188} INFO - [2026-05-19T13:46:55.547+0000] {dag.py:3954} INFO - Setting next_dagrun for example_subdag_operator to 2022-01-01 00:00:00+00:00, run_after=2022-01-01 00:00:00+00:00
[2026-05-19T13:46:55.554+0000] {logging_mixin.py:188} INFO - [2026-05-19T13:46:55.554+0000] {dag.py:3954} INFO - Setting next_dagrun for example_subdag_operator.section-1 to None, run_after=None
[2026-05-19T13:46:55.557+0000] {logging_mixin.py:188} INFO - [2026-05-19T13:46:55.557+0000] {dag.py:3954} INFO - Setting next_dagrun for example_subdag_operator.section-2 to None, run_after=None
[2026-05-19T13:46:55.571+0000] {logging_mixin.py:188} INFO - [2026-05-19T13:46:55.571+0000] {dag.py:3096} INFO - Sync 2 DAGs
[2026-05-19T13:46:55.579+0000] {logging_mixin.py:188} INFO - [2026-05-19T13:46:55.579+0000] {dag.py:3954} INFO - Setting next_dagrun for example_subdag_operator.section-1 to None, run_after=None
[2026-05-19T13:46:55.581+0000] {logging_mixin.py:188} INFO - [2026-05-19T13:46:55.580+0000] {dag.py:3954} INFO - Setting next_dagrun for example_subdag_operator.section-2 to None, run_after=None
[2026-05-19T13:46:55.598+0000] {processor.py:183} INFO - Processing /home/airflow/.local/lib/python3.12/site-packages/airflow/example_dags/example_subdag_operator.py took 0.170 seconds
[2026-05-19T13:47:25.901+0000] {processor.py:161} INFO - Started process (PID=2007) to work on /home/airflow/.local/lib/python3.12/site-packages/airflow/example_dags/example_subdag_operator.py
[2026-05-19T13:47:25.903+0000] {processor.py:830} INFO - Processing file /home/airflow/.local/lib/python3.12/site-packages/airflow/example_dags/example_subdag_operator.py for tasks to queue
[2026-05-19T13:47:25.906+0000] {logging_mixin.py:188} INFO - [2026-05-19T13:47:25.906+0000] {dagbag.py:545} INFO - Filling up the DagBag from /home/airflow/.local/lib/python3.12/site-packages/airflow/example_dags/example_subdag_operator.py
[2026-05-19T13:47:25.940+0000] {processor.py:840} INFO - DAG(s) 'example_subdag_operator.section-1', 'example_subdag_operator.section-2', 'example_subdag_operator' retrieved from /home/airflow/.local/lib/python3.12/site-packages/airflow/example_dags/example_subdag_operator.py
[2026-05-19T13:47:25.960+0000] {logging_mixin.py:188} INFO - [2026-05-19T13:47:25.959+0000] {dag.py:3096} INFO - Sync 3 DAGs
[2026-05-19T13:47:25.993+0000] {logging_mixin.py:188} INFO - [2026-05-19T13:47:25.992+0000] {dag.py:3954} INFO - Setting next_dagrun for example_subdag_operator to 2022-01-01 00:00:00+00:00, run_after=2022-01-01 00:00:00+00:00
[2026-05-19T13:47:25.997+0000] {logging_mixin.py:188} INFO - [2026-05-19T13:47:25.997+0000] {dag.py:3954} INFO - Setting next_dagrun for example_subdag_operator.section-1 to None, run_after=None
[2026-05-19T13:47:26.000+0000] {logging_mixin.py:188} INFO - [2026-05-19T13:47:26.000+0000] {dag.py:3954} INFO - Setting next_dagrun for example_subdag_operator.section-2 to None, run_after=None
[2026-05-19T13:47:26.012+0000] {logging_mixin.py:188} INFO - [2026-05-19T13:47:26.011+0000] {dag.py:3096} INFO - Sync 2 DAGs
[2026-05-19T13:47:26.019+0000] {logging_mixin.py:188} INFO - [2026-05-19T13:47:26.019+0000] {dag.py:3954} INFO - Setting next_dagrun for example_subdag_operator.section-1 to None, run_after=None
[2026-05-19T13:47:26.020+0000] {logging_mixin.py:188} INFO - [2026-05-19T13:47:26.020+0000] {dag.py:3954} INFO - Setting next_dagrun for example_subdag_operator.section-2 to None, run_after=None
[2026-05-19T13:47:26.042+0000] {processor.py:183} INFO - Processing /home/airflow/.local/lib/python3.12/site-packages/airflow/example_dags/example_subdag_operator.py took 0.152 seconds
[2026-05-19T13:47:56.572+0000] {processor.py:161} INFO - Started process (PID=2066) to work on /home/airflow/.local/lib/python3.12/site-packages/airflow/example_dags/example_subdag_operator.py
[2026-05-19T13:47:56.574+0000] {processor.py:830} INFO - Processing file /home/airflow/.local/lib/python3.12/site-packages/airflow/example_dags/example_subdag_operator.py for tasks to queue
[2026-05-19T13:47:56.578+0000] {logging_mixin.py:188} INFO - [2026-05-19T13:47:56.577+0000] {dagbag.py:545} INFO - Filling up the DagBag from /home/airflow/.local/lib/python3.12/site-packages/airflow/example_dags/example_subdag_operator.py
[2026-05-19T13:47:56.626+0000] {processor.py:840} INFO - DAG(s) 'example_subdag_operator.section-1', 'example_subdag_operator.section-2', 'example_subdag_operator' retrieved from /home/airflow/.local/lib/python3.12/site-packages/airflow/example_dags/example_subdag_operator.py
[2026-05-19T13:47:56.656+0000] {logging_mixin.py:188} INFO - [2026-05-19T13:47:56.655+0000] {dag.py:3096} INFO - Sync 3 DAGs
[2026-05-19T13:47:56.691+0000] {logging_mixin.py:188} INFO - [2026-05-19T13:47:56.690+0000] {dag.py:3954} INFO - Setting next_dagrun for example_subdag_operator to 2022-01-01 00:00:00+00:00, run_after=2022-01-01 00:00:00+00:00
[2026-05-19T13:47:56.699+0000] {logging_mixin.py:188} INFO - [2026-05-19T13:47:56.698+0000] {dag.py:3954} INFO - Setting next_dagrun for example_subdag_operator.section-1 to None, run_after=None
[2026-05-19T13:47:56.702+0000] {logging_mixin.py:188} INFO - [2026-05-19T13:47:56.702+0000] {dag.py:3954} INFO - Setting next_dagrun for example_subdag_operator.section-2 to None, run_after=None
[2026-05-19T13:47:56.718+0000] {logging_mixin.py:188} INFO - [2026-05-19T13:47:56.717+0000] {dag.py:3096} INFO - Sync 2 DAGs
[2026-05-19T13:47:56.729+0000] {logging_mixin.py:188} INFO - [2026-05-19T13:47:56.729+0000] {dag.py:3954} INFO - Setting next_dagrun for example_subdag_operator.section-1 to None, run_after=None
[2026-05-19T13:47:56.730+0000] {logging_mixin.py:188} INFO - [2026-05-19T13:47:56.730+0000] {dag.py:3954} INFO - Setting next_dagrun for example_subdag_operator.section-2 to None, run_after=None
[2026-05-19T13:47:56.757+0000] {processor.py:183} INFO - Processing /home/airflow/.local/lib/python3.12/site-packages/airflow/example_dags/example_subdag_operator.py took 0.194 seconds
[2026-05-19T13:48:27.018+0000] {processor.py:161} INFO - Started process (PID=2125) to work on /home/airflow/.local/lib/python3.12/site-packages/airflow/example_dags/example_subdag_operator.py
[2026-05-19T13:48:27.020+0000] {processor.py:830} INFO - Processing file /home/airflow/.local/lib/python3.12/site-packages/airflow/example_dags/example_subdag_operator.py for tasks to queue
[2026-05-19T13:48:27.022+0000] {logging_mixin.py:188} INFO - [2026-05-19T13:48:27.022+0000] {dagbag.py:545} INFO - Filling up the DagBag from /home/airflow/.local/lib/python3.12/site-packages/airflow/example_dags/example_subdag_operator.py
[2026-05-19T13:48:27.053+0000] {processor.py:840} INFO - DAG(s) 'example_subdag_operator.section-1', 'example_subdag_operator.section-2', 'example_subdag_operator' retrieved from /home/airflow/.local/lib/python3.12/site-packages/airflow/example_dags/example_subdag_operator.py
[2026-05-19T13:48:27.073+0000] {logging_mixin.py:188} INFO - [2026-05-19T13:48:27.073+0000] {dag.py:3096} INFO - Sync 3 DAGs
[2026-05-19T13:48:27.096+0000] {logging_mixin.py:188} INFO - [2026-05-19T13:48:27.095+0000] {dag.py:3954} INFO - Setting next_dagrun for example_subdag_operator to 2022-01-01 00:00:00+00:00, run_after=2022-01-01 00:00:00+00:00
[2026-05-19T13:48:27.102+0000] {logging_mixin.py:188} INFO - [2026-05-19T13:48:27.101+0000] {dag.py:3954} INFO - Setting next_dagrun for example_subdag_operator.section-1 to None, run_after=None
[2026-05-19T13:48:27.105+0000] {logging_mixin.py:188} INFO - [2026-05-19T13:48:27.105+0000] {dag.py:3954} INFO - Setting next_dagrun for example_subdag_operator.section-2 to None, run_after=None
[2026-05-19T13:48:27.118+0000] {logging_mixin.py:188} INFO - [2026-05-19T13:48:27.118+0000] {dag.py:3096} INFO - Sync 2 DAGs
[2026-05-19T13:48:27.126+0000] {logging_mixin.py:188} INFO - [2026-05-19T13:48:27.125+0000] {dag.py:3954} INFO - Setting next_dagrun for example_subdag_operator.section-1 to None, run_after=None
[2026-05-19T13:48:27.127+0000] {logging_mixin.py:188} INFO - [2026-05-19T13:48:27.126+0000] {dag.py:3954} INFO - Setting next_dagrun for example_subdag_operator.section-2 to None, run_after=None
[2026-05-19T13:48:27.145+0000] {processor.py:183} INFO - Processing /home/airflow/.local/lib/python3.12/site-packages/airflow/example_dags/example_subdag_operator.py took 0.132 seconds
[2026-05-19T13:48:57.582+0000] {processor.py:161} INFO - Started process (PID=2184) to work on /home/airflow/.local/lib/python3.12/site-packages/airflow/example_dags/example_subdag_operator.py
[2026-05-19T13:48:57.584+0000] {processor.py:830} INFO - Processing file /home/airflow/.local/lib/python3.12/site-packages/airflow/example_dags/example_subdag_operator.py for tasks to queue
[2026-05-19T13:48:57.587+0000] {logging_mixin.py:188} INFO - [2026-05-19T13:48:57.586+0000] {dagbag.py:545} INFO - Filling up the DagBag from /home/airflow/.local/lib/python3.12/site-packages/airflow/example_dags/example_subdag_operator.py
[2026-05-19T13:48:57.620+0000] {processor.py:840} INFO - DAG(s) 'example_subdag_operator.section-1', 'example_subdag_operator.section-2', 'example_subdag_operator' retrieved from /home/airflow/.local/lib/python3.12/site-packages/airflow/example_dags/example_subdag_operator.py
[2026-05-19T13:48:57.641+0000] {logging_mixin.py:188} INFO - [2026-05-19T13:48:57.641+0000] {dag.py:3096} INFO - Sync 3 DAGs
[2026-05-19T13:48:57.667+0000] {logging_mixin.py:188} INFO - [2026-05-19T13:48:57.667+0000] {dag.py:3954} INFO - Setting next_dagrun for example_subdag_operator to 2022-01-01 00:00:00+00:00, run_after=2022-01-01 00:00:00+00:00
[2026-05-19T13:48:57.673+0000] {logging_mixin.py:188} INFO - [2026-05-19T13:48:57.673+0000] {dag.py:3954} INFO - Setting next_dagrun for example_subdag_operator.section-1 to None, run_after=None
[2026-05-19T13:48:57.676+0000] {logging_mixin.py:188} INFO - [2026-05-19T13:48:57.675+0000] {dag.py:3954} INFO - Setting next_dagrun for example_subdag_operator.section-2 to None, run_after=None
[2026-05-19T13:48:57.684+0000] {logging_mixin.py:188} INFO - [2026-05-19T13:48:57.684+0000] {dag.py:3096} INFO - Sync 2 DAGs
[2026-05-19T13:48:57.689+0000] {logging_mixin.py:188} INFO - [2026-05-19T13:48:57.689+0000] {dag.py:3954} INFO - Setting next_dagrun for example_subdag_operator.section-1 to None, run_after=None
[2026-05-19T13:48:57.690+0000] {logging_mixin.py:188} INFO - [2026-05-19T13:48:57.690+0000] {dag.py:3954} INFO - Setting next_dagrun for example_subdag_operator.section-2 to None, run_after=None
[2026-05-19T13:48:57.704+0000] {processor.py:183} INFO - Processing /home/airflow/.local/lib/python3.12/site-packages/airflow/example_dags/example_subdag_operator.py took 0.129 seconds
[2026-05-19T13:49:29.367+0000] {processor.py:161} INFO - Started process (PID=2243) to work on /home/airflow/.local/lib/python3.12/site-packages/airflow/example_dags/example_subdag_operator.py
[2026-05-19T13:49:29.371+0000] {processor.py:830} INFO - Processing file /home/airflow/.local/lib/python3.12/site-packages/airflow/example_dags/example_subdag_operator.py for tasks to queue
[2026-05-19T13:49:29.375+0000] {logging_mixin.py:188} INFO - [2026-05-19T13:49:29.374+0000] {dagbag.py:545} INFO - Filling up the DagBag from /home/airflow/.local/lib/python3.12/site-packages/airflow/example_dags/example_subdag_operator.py
[2026-05-19T13:49:29.451+0000] {processor.py:840} INFO - DAG(s) 'example_subdag_operator.section-1', 'example_subdag_operator.section-2', 'example_subdag_operator' retrieved from /home/airflow/.local/lib/python3.12/site-packages/airflow/example_dags/example_subdag_operator.py
[2026-05-19T13:49:29.506+0000] {logging_mixin.py:188} INFO - [2026-05-19T13:49:29.505+0000] {dag.py:3096} INFO - Sync 3 DAGs
[2026-05-19T13:49:29.542+0000] {logging_mixin.py:188} INFO - [2026-05-19T13:49:29.542+0000] {dag.py:3954} INFO - Setting next_dagrun for example_subdag_operator to 2022-01-01 00:00:00+00:00, run_after=2022-01-01 00:00:00+00:00
[2026-05-19T13:49:29.553+0000] {logging_mixin.py:188} INFO - [2026-05-19T13:49:29.553+0000] {dag.py:3954} INFO - Setting next_dagrun for example_subdag_operator.section-1 to None, run_after=None
[2026-05-19T13:49:29.558+0000] {logging_mixin.py:188} INFO - [2026-05-19T13:49:29.557+0000] {dag.py:3954} INFO - Setting next_dagrun for example_subdag_operator.section-2 to None, run_after=None
[2026-05-19T13:49:29.575+0000] {logging_mixin.py:188} INFO - [2026-05-19T13:49:29.575+0000] {dag.py:3096} INFO - Sync 2 DAGs
[2026-05-19T13:49:29.586+0000] {logging_mixin.py:188} INFO - [2026-05-19T13:49:29.586+0000] {dag.py:3954} INFO - Setting next_dagrun for example_subdag_operator.section-1 to None, run_after=None
[2026-05-19T13:49:29.588+0000] {logging_mixin.py:188} INFO - [2026-05-19T13:49:29.587+0000] {dag.py:3954} INFO - Setting next_dagrun for example_subdag_operator.section-2 to None, run_after=None
[2026-05-19T13:49:29.615+0000] {processor.py:183} INFO - Processing /home/airflow/.local/lib/python3.12/site-packages/airflow/example_dags/example_subdag_operator.py took 0.256 seconds
[2026-05-19T13:49:59.896+0000] {processor.py:161} INFO - Started process (PID=2302) to work on /home/airflow/.local/lib/python3.12/site-packages/airflow/example_dags/example_subdag_operator.py
[2026-05-19T13:49:59.898+0000] {processor.py:830} INFO - Processing file /home/airflow/.local/lib/python3.12/site-packages/airflow/example_dags/example_subdag_operator.py for tasks to queue
[2026-05-19T13:49:59.901+0000] {logging_mixin.py:188} INFO - [2026-05-19T13:49:59.901+0000] {dagbag.py:545} INFO - Filling up the DagBag from /home/airflow/.local/lib/python3.12/site-packages/airflow/example_dags/example_subdag_operator.py
[2026-05-19T13:49:59.945+0000] {processor.py:840} INFO - DAG(s) 'example_subdag_operator.section-1', 'example_subdag_operator.section-2', 'example_subdag_operator' retrieved from /home/airflow/.local/lib/python3.12/site-packages/airflow/example_dags/example_subdag_operator.py
[2026-05-19T13:49:59.974+0000] {logging_mixin.py:188} INFO - [2026-05-19T13:49:59.973+0000] {dag.py:3096} INFO - Sync 3 DAGs
[2026-05-19T13:50:00.010+0000] {logging_mixin.py:188} INFO - [2026-05-19T13:50:00.009+0000] {dag.py:3954} INFO - Setting next_dagrun for example_subdag_operator to 2022-01-01 00:00:00+00:00, run_after=2022-01-01 00:00:00+00:00
[2026-05-19T13:50:00.020+0000] {logging_mixin.py:188} INFO - [2026-05-19T13:50:00.020+0000] {dag.py:3954} INFO - Setting next_dagrun for example_subdag_operator.section-1 to None, run_after=None
[2026-05-19T13:50:00.024+0000] {logging_mixin.py:188} INFO - [2026-05-19T13:50:00.023+0000] {dag.py:3954} INFO - Setting next_dagrun for example_subdag_operator.section-2 to None, run_after=None
[2026-05-19T13:50:00.039+0000] {logging_mixin.py:188} INFO - [2026-05-19T13:50:00.039+0000] {dag.py:3096} INFO - Sync 2 DAGs
[2026-05-19T13:50:00.050+0000] {logging_mixin.py:188} INFO - [2026-05-19T13:50:00.050+0000] {dag.py:3954} INFO - Setting next_dagrun for example_subdag_operator.section-1 to None, run_after=None
[2026-05-19T13:50:00.051+0000] {logging_mixin.py:188} INFO - [2026-05-19T13:50:00.051+0000] {dag.py:3954} INFO - Setting next_dagrun for example_subdag_operator.section-2 to None, run_after=None
[2026-05-19T13:50:00.072+0000] {processor.py:183} INFO - Processing /home/airflow/.local/lib/python3.12/site-packages/airflow/example_dags/example_subdag_operator.py took 0.184 seconds
[2026-05-19T13:50:30.358+0000] {processor.py:161} INFO - Started process (PID=2361) to work on /home/airflow/.local/lib/python3.12/site-packages/airflow/example_dags/example_subdag_operator.py
[2026-05-19T13:50:30.359+0000] {processor.py:830} INFO - Processing file /home/airflow/.local/lib/python3.12/site-packages/airflow/example_dags/example_subdag_operator.py for tasks to queue
[2026-05-19T13:50:30.363+0000] {logging_mixin.py:188} INFO - [2026-05-19T13:50:30.362+0000] {dagbag.py:545} INFO - Filling up the DagBag from /home/airflow/.local/lib/python3.12/site-packages/airflow/example_dags/example_subdag_operator.py
[2026-05-19T13:50:30.396+0000] {processor.py:840} INFO - DAG(s) 'example_subdag_operator.section-1', 'example_subdag_operator.section-2', 'example_subdag_operator' retrieved from /home/airflow/.local/lib/python3.12/site-packages/airflow/example_dags/example_subdag_operator.py
[2026-05-19T13:50:30.414+0000] {logging_mixin.py:188} INFO - [2026-05-19T13:50:30.414+0000] {dag.py:3096} INFO - Sync 3 DAGs
[2026-05-19T13:50:30.446+0000] {logging_mixin.py:188} INFO - [2026-05-19T13:50:30.445+0000] {dag.py:3954} INFO - Setting next_dagrun for example_subdag_operator to 2022-01-01 00:00:00+00:00, run_after=2022-01-01 00:00:00+00:00
[2026-05-19T13:50:30.451+0000] {logging_mixin.py:188} INFO - [2026-05-19T13:50:30.451+0000] {dag.py:3954} INFO - Setting next_dagrun for example_subdag_operator.section-1 to None, run_after=None
[2026-05-19T13:50:30.454+0000] {logging_mixin.py:188} INFO - [2026-05-19T13:50:30.453+0000] {dag.py:3954} INFO - Setting next_dagrun for example_subdag_operator.section-2 to None, run_after=None
[2026-05-19T13:50:30.462+0000] {logging_mixin.py:188} INFO - [2026-05-19T13:50:30.461+0000] {dag.py:3096} INFO - Sync 2 DAGs
[2026-05-19T13:50:30.471+0000] {logging_mixin.py:188} INFO - [2026-05-19T13:50:30.471+0000] {dag.py:3954} INFO - Setting next_dagrun for example_subdag_operator.section-1 to None, run_after=None
[2026-05-19T13:50:30.472+0000] {logging_mixin.py:188} INFO - [2026-05-19T13:50:30.472+0000] {dag.py:3954} INFO - Setting next_dagrun for example_subdag_operator.section-2 to None, run_after=None
[2026-05-19T13:50:30.492+0000] {processor.py:183} INFO - Processing /home/airflow/.local/lib/python3.12/site-packages/airflow/example_dags/example_subdag_operator.py took 0.143 seconds
[2026-05-19T13:51:01.028+0000] {processor.py:161} INFO - Started process (PID=2420) to work on /home/airflow/.local/lib/python3.12/site-packages/airflow/example_dags/example_subdag_operator.py
[2026-05-19T13:51:01.029+0000] {processor.py:830} INFO - Processing file /home/airflow/.local/lib/python3.12/site-packages/airflow/example_dags/example_subdag_operator.py for tasks to queue
[2026-05-19T13:51:01.033+0000] {logging_mixin.py:188} INFO - [2026-05-19T13:51:01.032+0000] {dagbag.py:545} INFO - Filling up the DagBag from /home/airflow/.local/lib/python3.12/site-packages/airflow/example_dags/example_subdag_operator.py
[2026-05-19T13:51:01.065+0000] {processor.py:840} INFO - DAG(s) 'example_subdag_operator.section-1', 'example_subdag_operator.section-2', 'example_subdag_operator' retrieved from /home/airflow/.local/lib/python3.12/site-packages/airflow/example_dags/example_subdag_operator.py
[2026-05-19T13:51:01.082+0000] {logging_mixin.py:188} INFO - [2026-05-19T13:51:01.081+0000] {dag.py:3096} INFO - Sync 3 DAGs
[2026-05-19T13:51:01.111+0000] {logging_mixin.py:188} INFO - [2026-05-19T13:51:01.110+0000] {dag.py:3954} INFO - Setting next_dagrun for example_subdag_operator to 2022-01-01 00:00:00+00:00, run_after=2022-01-01 00:00:00+00:00
[2026-05-19T13:51:01.118+0000] {logging_mixin.py:188} INFO - [2026-05-19T13:51:01.118+0000] {dag.py:3954} INFO - Setting next_dagrun for example_subdag_operator.section-1 to None, run_after=None
[2026-05-19T13:51:01.121+0000] {logging_mixin.py:188} INFO - [2026-05-19T13:51:01.121+0000] {dag.py:3954} INFO - Setting next_dagrun for example_subdag_operator.section-2 to None, run_after=None
[2026-05-19T13:51:01.136+0000] {logging_mixin.py:188} INFO - [2026-05-19T13:51:01.135+0000] {dag.py:3096} INFO - Sync 2 DAGs
[2026-05-19T13:51:01.144+0000] {logging_mixin.py:188} INFO - [2026-05-19T13:51:01.144+0000] {dag.py:3954} INFO - Setting next_dagrun for example_subdag_operator.section-1 to None, run_after=None
[2026-05-19T13:51:01.145+0000] {logging_mixin.py:188} INFO - [2026-05-19T13:51:01.145+0000] {dag.py:3954} INFO - Setting next_dagrun for example_subdag_operator.section-2 to None, run_after=None
[2026-05-19T13:51:01.163+0000] {processor.py:183} INFO - Processing /home/airflow/.local/lib/python3.12/site-packages/airflow/example_dags/example_subdag_operator.py took 0.142 seconds
[2026-05-19T13:51:31.236+0000] {processor.py:161} INFO - Started process (PID=2479) to work on /home/airflow/.local/lib/python3.12/site-packages/airflow/example_dags/example_subdag_operator.py
[2026-05-19T13:51:31.237+0000] {processor.py:830} INFO - Processing file /home/airflow/.local/lib/python3.12/site-packages/airflow/example_dags/example_subdag_operator.py for tasks to queue
[2026-05-19T13:51:31.244+0000] {logging_mixin.py:188} INFO - [2026-05-19T13:51:31.243+0000] {dagbag.py:545} INFO - Filling up the DagBag from /home/airflow/.local/lib/python3.12/site-packages/airflow/example_dags/example_subdag_operator.py
[2026-05-19T13:51:31.297+0000] {processor.py:840} INFO - DAG(s) 'example_subdag_operator.section-1', 'example_subdag_operator.section-2', 'example_subdag_operator' retrieved from /home/airflow/.local/lib/python3.12/site-packages/airflow/example_dags/example_subdag_operator.py
[2026-05-19T13:51:31.337+0000] {logging_mixin.py:188} INFO - [2026-05-19T13:51:31.336+0000] {dag.py:3096} INFO - Sync 3 DAGs
[2026-05-19T13:51:31.393+0000] {logging_mixin.py:188} INFO - [2026-05-19T13:51:31.392+0000] {dag.py:3954} INFO - Setting next_dagrun for example_subdag_operator to 2022-01-01 00:00:00+00:00, run_after=2022-01-01 00:00:00+00:00
[2026-05-19T13:51:31.401+0000] {logging_mixin.py:188} INFO - [2026-05-19T13:51:31.400+0000] {dag.py:3954} INFO - Setting next_dagrun for example_subdag_operator.section-1 to None, run_after=None
[2026-05-19T13:51:31.404+0000] {logging_mixin.py:188} INFO - [2026-05-19T13:51:31.403+0000] {dag.py:3954} INFO - Setting next_dagrun for example_subdag_operator.section-2 to None, run_after=None
[2026-05-19T13:51:31.418+0000] {logging_mixin.py:188} INFO - [2026-05-19T13:51:31.417+0000] {dag.py:3096} INFO - Sync 2 DAGs
[2026-05-19T13:51:31.426+0000] {logging_mixin.py:188} INFO - [2026-05-19T13:51:31.426+0000] {dag.py:3954} INFO - Setting next_dagrun for example_subdag_operator.section-1 to None, run_after=None
[2026-05-19T13:51:31.428+0000] {logging_mixin.py:188} INFO - [2026-05-19T13:51:31.427+0000] {dag.py:3954} INFO - Setting next_dagrun for example_subdag_operator.section-2 to None, run_after=None
[2026-05-19T13:51:31.449+0000] {processor.py:183} INFO - Processing /home/airflow/.local/lib/python3.12/site-packages/airflow/example_dags/example_subdag_operator.py took 0.223 seconds
[2026-05-19T13:52:01.695+0000] {processor.py:161} INFO - Started process (PID=2537) to work on /home/airflow/.local/lib/python3.12/site-packages/airflow/example_dags/example_subdag_operator.py
[2026-05-19T13:52:01.696+0000] {processor.py:830} INFO - Processing file /home/airflow/.local/lib/python3.12/site-packages/airflow/example_dags/example_subdag_operator.py for tasks to queue
[2026-05-19T13:52:01.699+0000] {logging_mixin.py:188} INFO - [2026-05-19T13:52:01.699+0000] {dagbag.py:545} INFO - Filling up the DagBag from /home/airflow/.local/lib/python3.12/site-packages/airflow/example_dags/example_subdag_operator.py
[2026-05-19T13:52:01.737+0000] {processor.py:840} INFO - DAG(s) 'example_subdag_operator.section-1', 'example_subdag_operator.section-2', 'example_subdag_operator' retrieved from /home/airflow/.local/lib/python3.12/site-packages/airflow/example_dags/example_subdag_operator.py
[2026-05-19T13:52:01.766+0000] {logging_mixin.py:188} INFO - [2026-05-19T13:52:01.766+0000] {dag.py:3096} INFO - Sync 3 DAGs
[2026-05-19T13:52:01.810+0000] {logging_mixin.py:188} INFO - [2026-05-19T13:52:01.810+0000] {dag.py:3954} INFO - Setting next_dagrun for example_subdag_operator to 2022-01-01 00:00:00+00:00, run_after=2022-01-01 00:00:00+00:00
[2026-05-19T13:52:01.819+0000] {logging_mixin.py:188} INFO - [2026-05-19T13:52:01.818+0000] {dag.py:3954} INFO - Setting next_dagrun for example_subdag_operator.section-1 to None, run_after=None
[2026-05-19T13:52:01.822+0000] {logging_mixin.py:188} INFO - [2026-05-19T13:52:01.822+0000] {dag.py:3954} INFO - Setting next_dagrun for example_subdag_operator.section-2 to None, run_after=None
[2026-05-19T13:52:01.833+0000] {logging_mixin.py:188} INFO - [2026-05-19T13:52:01.833+0000] {dag.py:3096} INFO - Sync 2 DAGs
[2026-05-19T13:52:01.841+0000] {logging_mixin.py:188} INFO - [2026-05-19T13:52:01.841+0000] {dag.py:3954} INFO - Setting next_dagrun for example_subdag_operator.section-1 to None, run_after=None
[2026-05-19T13:52:01.842+0000] {logging_mixin.py:188} INFO - [2026-05-19T13:52:01.842+0000] {dag.py:3954} INFO - Setting next_dagrun for example_subdag_operator.section-2 to None, run_after=None
[2026-05-19T13:52:01.863+0000] {processor.py:183} INFO - Processing /home/airflow/.local/lib/python3.12/site-packages/airflow/example_dags/example_subdag_operator.py took 0.177 seconds
[2026-05-19T13:52:32.090+0000] {processor.py:161} INFO - Started process (PID=2596) to work on /home/airflow/.local/lib/python3.12/site-packages/airflow/example_dags/example_subdag_operator.py
[2026-05-19T13:52:32.093+0000] {processor.py:830} INFO - Processing file /home/airflow/.local/lib/python3.12/site-packages/airflow/example_dags/example_subdag_operator.py for tasks to queue
[2026-05-19T13:52:32.097+0000] {logging_mixin.py:188} INFO - [2026-05-19T13:52:32.097+0000] {dagbag.py:545} INFO - Filling up the DagBag from /home/airflow/.local/lib/python3.12/site-packages/airflow/example_dags/example_subdag_operator.py
[2026-05-19T13:52:32.134+0000] {processor.py:840} INFO - DAG(s) 'example_subdag_operator.section-1', 'example_subdag_operator.section-2', 'example_subdag_operator' retrieved from /home/airflow/.local/lib/python3.12/site-packages/airflow/example_dags/example_subdag_operator.py
[2026-05-19T13:52:32.157+0000] {logging_mixin.py:188} INFO - [2026-05-19T13:52:32.157+0000] {dag.py:3096} INFO - Sync 3 DAGs
[2026-05-19T13:52:32.181+0000] {logging_mixin.py:188} INFO - [2026-05-19T13:52:32.181+0000] {dag.py:3954} INFO - Setting next_dagrun for example_subdag_operator to 2022-01-01 00:00:00+00:00, run_after=2022-01-01 00:00:00+00:00
[2026-05-19T13:52:32.185+0000] {logging_mixin.py:188} INFO - [2026-05-19T13:52:32.185+0000] {dag.py:3954} INFO - Setting next_dagrun for example_subdag_operator.section-1 to None, run_after=None
[2026-05-19T13:52:32.188+0000] {logging_mixin.py:188} INFO - [2026-05-19T13:52:32.187+0000] {dag.py:3954} INFO - Setting next_dagrun for example_subdag_operator.section-2 to None, run_after=None
[2026-05-19T13:52:32.198+0000] {logging_mixin.py:188} INFO - [2026-05-19T13:52:32.198+0000] {dag.py:3096} INFO - Sync 2 DAGs
[2026-05-19T13:52:32.208+0000] {logging_mixin.py:188} INFO - [2026-05-19T13:52:32.207+0000] {dag.py:3954} INFO - Setting next_dagrun for example_subdag_operator.section-1 to None, run_after=None
[2026-05-19T13:52:32.209+0000] {logging_mixin.py:188} INFO - [2026-05-19T13:52:32.208+0000] {dag.py:3954} INFO - Setting next_dagrun for example_subdag_operator.section-2 to None, run_after=None
[2026-05-19T13:52:32.227+0000] {processor.py:183} INFO - Processing /home/airflow/.local/lib/python3.12/site-packages/airflow/example_dags/example_subdag_operator.py took 0.148 seconds
[2026-05-19T13:53:02.371+0000] {processor.py:161} INFO - Started process (PID=2655) to work on /home/airflow/.local/lib/python3.12/site-packages/airflow/example_dags/example_subdag_operator.py
[2026-05-19T13:53:02.372+0000] {processor.py:830} INFO - Processing file /home/airflow/.local/lib/python3.12/site-packages/airflow/example_dags/example_subdag_operator.py for tasks to queue
[2026-05-19T13:53:02.374+0000] {logging_mixin.py:188} INFO - [2026-05-19T13:53:02.374+0000] {dagbag.py:545} INFO - Filling up the DagBag from /home/airflow/.local/lib/python3.12/site-packages/airflow/example_dags/example_subdag_operator.py
[2026-05-19T13:53:02.414+0000] {processor.py:840} INFO - DAG(s) 'example_subdag_operator.section-1', 'example_subdag_operator.section-2', 'example_subdag_operator' retrieved from /home/airflow/.local/lib/python3.12/site-packages/airflow/example_dags/example_subdag_operator.py
[2026-05-19T13:53:02.445+0000] {logging_mixin.py:188} INFO - [2026-05-19T13:53:02.444+0000] {dag.py:3096} INFO - Sync 3 DAGs
[2026-05-19T13:53:02.470+0000] {logging_mixin.py:188} INFO - [2026-05-19T13:53:02.470+0000] {dag.py:3954} INFO - Setting next_dagrun for example_subdag_operator to 2022-01-01 00:00:00+00:00, run_after=2022-01-01 00:00:00+00:00
[2026-05-19T13:53:02.474+0000] {logging_mixin.py:188} INFO - [2026-05-19T13:53:02.474+0000] {dag.py:3954} INFO - Setting next_dagrun for example_subdag_operator.section-1 to None, run_after=None
[2026-05-19T13:53:02.477+0000] {logging_mixin.py:188} INFO - [2026-05-19T13:53:02.477+0000] {dag.py:3954} INFO - Setting next_dagrun for example_subdag_operator.section-2 to None, run_after=None
[2026-05-19T13:53:02.490+0000] {logging_mixin.py:188} INFO - [2026-05-19T13:53:02.490+0000] {dag.py:3096} INFO - Sync 2 DAGs
[2026-05-19T13:53:02.500+0000] {logging_mixin.py:188} INFO - [2026-05-19T13:53:02.500+0000] {dag.py:3954} INFO - Setting next_dagrun for example_subdag_operator.section-1 to None, run_after=None
[2026-05-19T13:53:02.501+0000] {logging_mixin.py:188} INFO - [2026-05-19T13:53:02.501+0000] {dag.py:3954} INFO - Setting next_dagrun for example_subdag_operator.section-2 to None, run_after=None
[2026-05-19T13:53:02.520+0000] {processor.py:183} INFO - Processing /home/airflow/.local/lib/python3.12/site-packages/airflow/example_dags/example_subdag_operator.py took 0.157 seconds
[2026-05-19T13:53:32.663+0000] {processor.py:161} INFO - Started process (PID=2714) to work on /home/airflow/.local/lib/python3.12/site-packages/airflow/example_dags/example_subdag_operator.py
[2026-05-19T13:53:32.664+0000] {processor.py:830} INFO - Processing file /home/airflow/.local/lib/python3.12/site-packages/airflow/example_dags/example_subdag_operator.py for tasks to queue
[2026-05-19T13:53:32.671+0000] {logging_mixin.py:188} INFO - [2026-05-19T13:53:32.670+0000] {dagbag.py:545} INFO - Filling up the DagBag from /home/airflow/.local/lib/python3.12/site-packages/airflow/example_dags/example_subdag_operator.py
[2026-05-19T13:53:32.708+0000] {processor.py:840} INFO - DAG(s) 'example_subdag_operator.section-1', 'example_subdag_operator.section-2', 'example_subdag_operator' retrieved from /home/airflow/.local/lib/python3.12/site-packages/airflow/example_dags/example_subdag_operator.py
[2026-05-19T13:53:32.732+0000] {logging_mixin.py:188} INFO - [2026-05-19T13:53:32.731+0000] {dag.py:3096} INFO - Sync 3 DAGs
[2026-05-19T13:53:32.767+0000] {logging_mixin.py:188} INFO - [2026-05-19T13:53:32.767+0000] {dag.py:3954} INFO - Setting next_dagrun for example_subdag_operator to 2022-01-01 00:00:00+00:00, run_after=2022-01-01 00:00:00+00:00
[2026-05-19T13:53:32.776+0000] {logging_mixin.py:188} INFO - [2026-05-19T13:53:32.775+0000] {dag.py:3954} INFO - Setting next_dagrun for example_subdag_operator.section-1 to None, run_after=None
[2026-05-19T13:53:32.778+0000] {logging_mixin.py:188} INFO - [2026-05-19T13:53:32.778+0000] {dag.py:3954} INFO - Setting next_dagrun for example_subdag_operator.section-2 to None, run_after=None
[2026-05-19T13:53:32.792+0000] {logging_mixin.py:188} INFO - [2026-05-19T13:53:32.792+0000] {dag.py:3096} INFO - Sync 2 DAGs
[2026-05-19T13:53:32.800+0000] {logging_mixin.py:188} INFO - [2026-05-19T13:53:32.800+0000] {dag.py:3954} INFO - Setting next_dagrun for example_subdag_operator.section-1 to None, run_after=None
[2026-05-19T13:53:32.801+0000] {logging_mixin.py:188} INFO - [2026-05-19T13:53:32.801+0000] {dag.py:3954} INFO - Setting next_dagrun for example_subdag_operator.section-2 to None, run_after=None
[2026-05-19T13:53:32.821+0000] {processor.py:183} INFO - Processing /home/airflow/.local/lib/python3.12/site-packages/airflow/example_dags/example_subdag_operator.py took 0.163 seconds
[2026-05-19T13:54:03.204+0000] {processor.py:161} INFO - Started process (PID=2773) to work on /home/airflow/.local/lib/python3.12/site-packages/airflow/example_dags/example_subdag_operator.py
[2026-05-19T13:54:03.206+0000] {processor.py:830} INFO - Processing file /home/airflow/.local/lib/python3.12/site-packages/airflow/example_dags/example_subdag_operator.py for tasks to queue
[2026-05-19T13:54:03.211+0000] {logging_mixin.py:188} INFO - [2026-05-19T13:54:03.210+0000] {dagbag.py:545} INFO - Filling up the DagBag from /home/airflow/.local/lib/python3.12/site-packages/airflow/example_dags/example_subdag_operator.py
[2026-05-19T13:54:03.243+0000] {processor.py:840} INFO - DAG(s) 'example_subdag_operator.section-1', 'example_subdag_operator.section-2', 'example_subdag_operator' retrieved from /home/airflow/.local/lib/python3.12/site-packages/airflow/example_dags/example_subdag_operator.py
[2026-05-19T13:54:03.264+0000] {logging_mixin.py:188} INFO - [2026-05-19T13:54:03.264+0000] {dag.py:3096} INFO - Sync 3 DAGs
[2026-05-19T13:54:03.289+0000] {logging_mixin.py:188} INFO - [2026-05-19T13:54:03.288+0000] {dag.py:3954} INFO - Setting next_dagrun for example_subdag_operator to 2022-01-01 00:00:00+00:00, run_after=2022-01-01 00:00:00+00:00
[2026-05-19T13:54:03.296+0000] {logging_mixin.py:188} INFO - [2026-05-19T13:54:03.296+0000] {dag.py:3954} INFO - Setting next_dagrun for example_subdag_operator.section-1 to None, run_after=None
[2026-05-19T13:54:03.299+0000] {logging_mixin.py:188} INFO - [2026-05-19T13:54:03.298+0000] {dag.py:3954} INFO - Setting next_dagrun for example_subdag_operator.section-2 to None, run_after=None
[2026-05-19T13:54:03.312+0000] {logging_mixin.py:188} INFO - [2026-05-19T13:54:03.312+0000] {dag.py:3096} INFO - Sync 2 DAGs
[2026-05-19T13:54:03.322+0000] {logging_mixin.py:188} INFO - [2026-05-19T13:54:03.321+0000] {dag.py:3954} INFO - Setting next_dagrun for example_subdag_operator.section-1 to None, run_after=None
[2026-05-19T13:54:03.324+0000] {logging_mixin.py:188} INFO - [2026-05-19T13:54:03.323+0000] {dag.py:3954} INFO - Setting next_dagrun for example_subdag_operator.section-2 to None, run_after=None
[2026-05-19T13:54:03.338+0000] {processor.py:183} INFO - Processing /home/airflow/.local/lib/python3.12/site-packages/airflow/example_dags/example_subdag_operator.py took 0.139 seconds
[2026-05-19T13:54:34.315+0000] {processor.py:161} INFO - Started process (PID=2832) to work on /home/airflow/.local/lib/python3.12/site-packages/airflow/example_dags/example_subdag_operator.py
[2026-05-19T13:54:34.323+0000] {processor.py:830} INFO - Processing file /home/airflow/.local/lib/python3.12/site-packages/airflow/example_dags/example_subdag_operator.py for tasks to queue
[2026-05-19T13:54:34.340+0000] {logging_mixin.py:188} INFO - [2026-05-19T13:54:34.330+0000] {dagbag.py:545} INFO - Filling up the DagBag from /home/airflow/.local/lib/python3.12/site-packages/airflow/example_dags/example_subdag_operator.py
[2026-05-19T13:54:34.483+0000] {processor.py:840} INFO - DAG(s) 'example_subdag_operator.section-1', 'example_subdag_operator.section-2', 'example_subdag_operator' retrieved from /home/airflow/.local/lib/python3.12/site-packages/airflow/example_dags/example_subdag_operator.py
[2026-05-19T13:54:34.570+0000] {logging_mixin.py:188} INFO - [2026-05-19T13:54:34.569+0000] {dag.py:3096} INFO - Sync 3 DAGs
[2026-05-19T13:54:34.692+0000] {logging_mixin.py:188} INFO - [2026-05-19T13:54:34.690+0000] {dag.py:3954} INFO - Setting next_dagrun for example_subdag_operator to 2022-01-01 00:00:00+00:00, run_after=2022-01-01 00:00:00+00:00
[2026-05-19T13:54:34.709+0000] {logging_mixin.py:188} INFO - [2026-05-19T13:54:34.708+0000] {dag.py:3954} INFO - Setting next_dagrun for example_subdag_operator.section-1 to None, run_after=None
[2026-05-19T13:54:34.722+0000] {logging_mixin.py:188} INFO - [2026-05-19T13:54:34.721+0000] {dag.py:3954} INFO - Setting next_dagrun for example_subdag_operator.section-2 to None, run_after=None
[2026-05-19T13:54:34.763+0000] {logging_mixin.py:188} INFO - [2026-05-19T13:54:34.762+0000] {dag.py:3096} INFO - Sync 2 DAGs
[2026-05-19T13:54:34.788+0000] {logging_mixin.py:188} INFO - [2026-05-19T13:54:34.788+0000] {dag.py:3954} INFO - Setting next_dagrun for example_subdag_operator.section-1 to None, run_after=None
[2026-05-19T13:54:34.796+0000] {logging_mixin.py:188} INFO - [2026-05-19T13:54:34.794+0000] {dag.py:3954} INFO - Setting next_dagrun for example_subdag_operator.section-2 to None, run_after=None
[2026-05-19T13:54:34.852+0000] {processor.py:183} INFO - Processing /home/airflow/.local/lib/python3.12/site-packages/airflow/example_dags/example_subdag_operator.py took 0.585 seconds
[2026-05-19T13:55:05.420+0000] {processor.py:161} INFO - Started process (PID=2891) to work on /home/airflow/.local/lib/python3.12/site-packages/airflow/example_dags/example_subdag_operator.py
[2026-05-19T13:55:05.422+0000] {processor.py:830} INFO - Processing file /home/airflow/.local/lib/python3.12/site-packages/airflow/example_dags/example_subdag_operator.py for tasks to queue
[2026-05-19T13:55:05.429+0000] {logging_mixin.py:188} INFO - [2026-05-19T13:55:05.427+0000] {dagbag.py:545} INFO - Filling up the DagBag from /home/airflow/.local/lib/python3.12/site-packages/airflow/example_dags/example_subdag_operator.py
[2026-05-19T13:55:05.486+0000] {processor.py:840} INFO - DAG(s) 'example_subdag_operator.section-1', 'example_subdag_operator.section-2', 'example_subdag_operator' retrieved from /home/airflow/.local/lib/python3.12/site-packages/airflow/example_dags/example_subdag_operator.py
[2026-05-19T13:55:05.521+0000] {logging_mixin.py:188} INFO - [2026-05-19T13:55:05.520+0000] {dag.py:3096} INFO - Sync 3 DAGs
[2026-05-19T13:55:05.571+0000] {logging_mixin.py:188} INFO - [2026-05-19T13:55:05.571+0000] {dag.py:3954} INFO - Setting next_dagrun for example_subdag_operator to 2022-01-01 00:00:00+00:00, run_after=2022-01-01 00:00:00+00:00
[2026-05-19T13:55:05.584+0000] {logging_mixin.py:188} INFO - [2026-05-19T13:55:05.583+0000] {dag.py:3954} INFO - Setting next_dagrun for example_subdag_operator.section-1 to None, run_after=None
[2026-05-19T13:55:05.588+0000] {logging_mixin.py:188} INFO - [2026-05-19T13:55:05.587+0000] {dag.py:3954} INFO - Setting next_dagrun for example_subdag_operator.section-2 to None, run_after=None
[2026-05-19T13:55:05.608+0000] {logging_mixin.py:188} INFO - [2026-05-19T13:55:05.608+0000] {dag.py:3096} INFO - Sync 2 DAGs
[2026-05-19T13:55:05.623+0000] {logging_mixin.py:188} INFO - [2026-05-19T13:55:05.623+0000] {dag.py:3954} INFO - Setting next_dagrun for example_subdag_operator.section-1 to None, run_after=None
[2026-05-19T13:55:05.625+0000] {logging_mixin.py:188} INFO - [2026-05-19T13:55:05.625+0000] {dag.py:3954} INFO - Setting next_dagrun for example_subdag_operator.section-2 to None, run_after=None
[2026-05-19T13:55:05.655+0000] {processor.py:183} INFO - Processing /home/airflow/.local/lib/python3.12/site-packages/airflow/example_dags/example_subdag_operator.py took 0.245 seconds
[2026-05-19T13:55:36.506+0000] {processor.py:161} INFO - Started process (PID=2951) to work on /home/airflow/.local/lib/python3.12/site-packages/airflow/example_dags/example_subdag_operator.py
[2026-05-19T13:55:36.507+0000] {processor.py:830} INFO - Processing file /home/airflow/.local/lib/python3.12/site-packages/airflow/example_dags/example_subdag_operator.py for tasks to queue
[2026-05-19T13:55:36.510+0000] {logging_mixin.py:188} INFO - [2026-05-19T13:55:36.509+0000] {dagbag.py:545} INFO - Filling up the DagBag from /home/airflow/.local/lib/python3.12/site-packages/airflow/example_dags/example_subdag_operator.py
[2026-05-19T13:55:36.544+0000] {processor.py:840} INFO - DAG(s) 'example_subdag_operator.section-1', 'example_subdag_operator.section-2', 'example_subdag_operator' retrieved from /home/airflow/.local/lib/python3.12/site-packages/airflow/example_dags/example_subdag_operator.py
[2026-05-19T13:55:36.566+0000] {logging_mixin.py:188} INFO - [2026-05-19T13:55:36.566+0000] {dag.py:3096} INFO - Sync 3 DAGs
[2026-05-19T13:55:36.600+0000] {logging_mixin.py:188} INFO - [2026-05-19T13:55:36.600+0000] {dag.py:3954} INFO - Setting next_dagrun for example_subdag_operator to 2022-01-01 00:00:00+00:00, run_after=2022-01-01 00:00:00+00:00
[2026-05-19T13:55:36.608+0000] {logging_mixin.py:188} INFO - [2026-05-19T13:55:36.608+0000] {dag.py:3954} INFO - Setting next_dagrun for example_subdag_operator.section-1 to None, run_after=None
[2026-05-19T13:55:36.612+0000] {logging_mixin.py:188} INFO - [2026-05-19T13:55:36.612+0000] {dag.py:3954} INFO - Setting next_dagrun for example_subdag_operator.section-2 to None, run_after=None
[2026-05-19T13:55:36.625+0000] {logging_mixin.py:188} INFO - [2026-05-19T13:55:36.624+0000] {dag.py:3096} INFO - Sync 2 DAGs
[2026-05-19T13:55:36.635+0000] {logging_mixin.py:188} INFO - [2026-05-19T13:55:36.634+0000] {dag.py:3954} INFO - Setting next_dagrun for example_subdag_operator.section-1 to None, run_after=None
[2026-05-19T13:55:36.637+0000] {logging_mixin.py:188} INFO - [2026-05-19T13:55:36.636+0000] {dag.py:3954} INFO - Setting next_dagrun for example_subdag_operator.section-2 to None, run_after=None
[2026-05-19T13:55:36.662+0000] {processor.py:183} INFO - Processing /home/airflow/.local/lib/python3.12/site-packages/airflow/example_dags/example_subdag_operator.py took 0.166 seconds
[2026-05-19T13:56:06.957+0000] {processor.py:161} INFO - Started process (PID=3010) to work on /home/airflow/.local/lib/python3.12/site-packages/airflow/example_dags/example_subdag_operator.py
[2026-05-19T13:56:06.959+0000] {processor.py:830} INFO - Processing file /home/airflow/.local/lib/python3.12/site-packages/airflow/example_dags/example_subdag_operator.py for tasks to queue
[2026-05-19T13:56:06.962+0000] {logging_mixin.py:188} INFO - [2026-05-19T13:56:06.962+0000] {dagbag.py:545} INFO - Filling up the DagBag from /home/airflow/.local/lib/python3.12/site-packages/airflow/example_dags/example_subdag_operator.py
[2026-05-19T13:56:06.992+0000] {processor.py:840} INFO - DAG(s) 'example_subdag_operator.section-1', 'example_subdag_operator.section-2', 'example_subdag_operator' retrieved from /home/airflow/.local/lib/python3.12/site-packages/airflow/example_dags/example_subdag_operator.py
[2026-05-19T13:56:07.012+0000] {logging_mixin.py:188} INFO - [2026-05-19T13:56:07.011+0000] {dag.py:3096} INFO - Sync 3 DAGs
[2026-05-19T13:56:07.041+0000] {logging_mixin.py:188} INFO - [2026-05-19T13:56:07.040+0000] {dag.py:3954} INFO - Setting next_dagrun for example_subdag_operator to 2022-01-01 00:00:00+00:00, run_after=2022-01-01 00:00:00+00:00
[2026-05-19T13:56:07.045+0000] {logging_mixin.py:188} INFO - [2026-05-19T13:56:07.045+0000] {dag.py:3954} INFO - Setting next_dagrun for example_subdag_operator.section-1 to None, run_after=None
[2026-05-19T13:56:07.047+0000] {logging_mixin.py:188} INFO - [2026-05-19T13:56:07.046+0000] {dag.py:3954} INFO - Setting next_dagrun for example_subdag_operator.section-2 to None, run_after=None
[2026-05-19T13:56:07.057+0000] {logging_mixin.py:188} INFO - [2026-05-19T13:56:07.057+0000] {dag.py:3096} INFO - Sync 2 DAGs
[2026-05-19T13:56:07.063+0000] {logging_mixin.py:188} INFO - [2026-05-19T13:56:07.063+0000] {dag.py:3954} INFO - Setting next_dagrun for example_subdag_operator.section-1 to None, run_after=None
[2026-05-19T13:56:07.064+0000] {logging_mixin.py:188} INFO - [2026-05-19T13:56:07.064+0000] {dag.py:3954} INFO - Setting next_dagrun for example_subdag_operator.section-2 to None, run_after=None
[2026-05-19T13:56:07.082+0000] {processor.py:183} INFO - Processing /home/airflow/.local/lib/python3.12/site-packages/airflow/example_dags/example_subdag_operator.py took 0.134 seconds
[2026-05-19T13:56:37.203+0000] {processor.py:161} INFO - Started process (PID=3068) to work on /home/airflow/.local/lib/python3.12/site-packages/airflow/example_dags/example_subdag_operator.py
[2026-05-19T13:56:37.205+0000] {processor.py:830} INFO - Processing file /home/airflow/.local/lib/python3.12/site-packages/airflow/example_dags/example_subdag_operator.py for tasks to queue
[2026-05-19T13:56:37.207+0000] {logging_mixin.py:188} INFO - [2026-05-19T13:56:37.206+0000] {dagbag.py:545} INFO - Filling up the DagBag from /home/airflow/.local/lib/python3.12/site-packages/airflow/example_dags/example_subdag_operator.py
[2026-05-19T13:56:37.240+0000] {processor.py:840} INFO - DAG(s) 'example_subdag_operator.section-1', 'example_subdag_operator.section-2', 'example_subdag_operator' retrieved from /home/airflow/.local/lib/python3.12/site-packages/airflow/example_dags/example_subdag_operator.py
[2026-05-19T13:56:37.259+0000] {logging_mixin.py:188} INFO - [2026-05-19T13:56:37.258+0000] {dag.py:3096} INFO - Sync 3 DAGs
[2026-05-19T13:56:37.289+0000] {logging_mixin.py:188} INFO - [2026-05-19T13:56:37.289+0000] {dag.py:3954} INFO - Setting next_dagrun for example_subdag_operator to 2022-01-01 00:00:00+00:00, run_after=2022-01-01 00:00:00+00:00
[2026-05-19T13:56:37.295+0000] {logging_mixin.py:188} INFO - [2026-05-19T13:56:37.294+0000] {dag.py:3954} INFO - Setting next_dagrun for example_subdag_operator.section-1 to None, run_after=None
[2026-05-19T13:56:37.297+0000] {logging_mixin.py:188} INFO - [2026-05-19T13:56:37.296+0000] {dag.py:3954} INFO - Setting next_dagrun for example_subdag_operator.section-2 to None, run_after=None
[2026-05-19T13:56:37.307+0000] {logging_mixin.py:188} INFO - [2026-05-19T13:56:37.307+0000] {dag.py:3096} INFO - Sync 2 DAGs
[2026-05-19T13:56:37.316+0000] {logging_mixin.py:188} INFO - [2026-05-19T13:56:37.315+0000] {dag.py:3954} INFO - Setting next_dagrun for example_subdag_operator.section-1 to None, run_after=None
[2026-05-19T13:56:37.319+0000] {logging_mixin.py:188} INFO - [2026-05-19T13:56:37.318+0000] {dag.py:3954} INFO - Setting next_dagrun for example_subdag_operator.section-2 to None, run_after=None
[2026-05-19T13:56:37.335+0000] {processor.py:183} INFO - Processing /home/airflow/.local/lib/python3.12/site-packages/airflow/example_dags/example_subdag_operator.py took 0.139 seconds
[2026-05-19T13:57:07.684+0000] {processor.py:161} INFO - Started process (PID=3127) to work on /home/airflow/.local/lib/python3.12/site-packages/airflow/example_dags/example_subdag_operator.py
[2026-05-19T13:57:07.685+0000] {processor.py:830} INFO - Processing file /home/airflow/.local/lib/python3.12/site-packages/airflow/example_dags/example_subdag_operator.py for tasks to queue
[2026-05-19T13:57:07.689+0000] {logging_mixin.py:188} INFO - [2026-05-19T13:57:07.688+0000] {dagbag.py:545} INFO - Filling up the DagBag from /home/airflow/.local/lib/python3.12/site-packages/airflow/example_dags/example_subdag_operator.py
[2026-05-19T13:57:07.743+0000] {processor.py:840} INFO - DAG(s) 'example_subdag_operator.section-1', 'example_subdag_operator.section-2', 'example_subdag_operator' retrieved from /home/airflow/.local/lib/python3.12/site-packages/airflow/example_dags/example_subdag_operator.py
[2026-05-19T13:57:07.770+0000] {logging_mixin.py:188} INFO - [2026-05-19T13:57:07.768+0000] {dag.py:3096} INFO - Sync 3 DAGs
[2026-05-19T13:57:07.807+0000] {logging_mixin.py:188} INFO - [2026-05-19T13:57:07.806+0000] {dag.py:3954} INFO - Setting next_dagrun for example_subdag_operator to 2022-01-01 00:00:00+00:00, run_after=2022-01-01 00:00:00+00:00
[2026-05-19T13:57:07.813+0000] {logging_mixin.py:188} INFO - [2026-05-19T13:57:07.812+0000] {dag.py:3954} INFO - Setting next_dagrun for example_subdag_operator.section-1 to None, run_after=None
[2026-05-19T13:57:07.815+0000] {logging_mixin.py:188} INFO - [2026-05-19T13:57:07.815+0000] {dag.py:3954} INFO - Setting next_dagrun for example_subdag_operator.section-2 to None, run_after=None
[2026-05-19T13:57:07.829+0000] {logging_mixin.py:188} INFO - [2026-05-19T13:57:07.828+0000] {dag.py:3096} INFO - Sync 2 DAGs
[2026-05-19T13:57:07.839+0000] {logging_mixin.py:188} INFO - [2026-05-19T13:57:07.839+0000] {dag.py:3954} INFO - Setting next_dagrun for example_subdag_operator.section-1 to None, run_after=None
[2026-05-19T13:57:07.841+0000] {logging_mixin.py:188} INFO - [2026-05-19T13:57:07.840+0000] {dag.py:3954} INFO - Setting next_dagrun for example_subdag_operator.section-2 to None, run_after=None
[2026-05-19T13:57:07.862+0000] {processor.py:183} INFO - Processing /home/airflow/.local/lib/python3.12/site-packages/airflow/example_dags/example_subdag_operator.py took 0.188 seconds
[2026-05-19T13:57:37.949+0000] {processor.py:161} INFO - Started process (PID=3186) to work on /home/airflow/.local/lib/python3.12/site-packages/airflow/example_dags/example_subdag_operator.py
[2026-05-19T13:57:37.950+0000] {processor.py:830} INFO - Processing file /home/airflow/.local/lib/python3.12/site-packages/airflow/example_dags/example_subdag_operator.py for tasks to queue
[2026-05-19T13:57:37.952+0000] {logging_mixin.py:188} INFO - [2026-05-19T13:57:37.952+0000] {dagbag.py:545} INFO - Filling up the DagBag from /home/airflow/.local/lib/python3.12/site-packages/airflow/example_dags/example_subdag_operator.py
[2026-05-19T13:57:37.981+0000] {processor.py:840} INFO - DAG(s) 'example_subdag_operator.section-1', 'example_subdag_operator.section-2', 'example_subdag_operator' retrieved from /home/airflow/.local/lib/python3.12/site-packages/airflow/example_dags/example_subdag_operator.py
[2026-05-19T13:57:37.999+0000] {logging_mixin.py:188} INFO - [2026-05-19T13:57:37.999+0000] {dag.py:3096} INFO - Sync 3 DAGs
[2026-05-19T13:57:38.023+0000] {logging_mixin.py:188} INFO - [2026-05-19T13:57:38.023+0000] {dag.py:3954} INFO - Setting next_dagrun for example_subdag_operator to 2022-01-01 00:00:00+00:00, run_after=2022-01-01 00:00:00+00:00
[2026-05-19T13:57:38.029+0000] {logging_mixin.py:188} INFO - [2026-05-19T13:57:38.027+0000] {dag.py:3954} INFO - Setting next_dagrun for example_subdag_operator.section-1 to None, run_after=None
[2026-05-19T13:57:38.033+0000] {logging_mixin.py:188} INFO - [2026-05-19T13:57:38.032+0000] {dag.py:3954} INFO - Setting next_dagrun for example_subdag_operator.section-2 to None, run_after=None
[2026-05-19T13:57:38.042+0000] {logging_mixin.py:188} INFO - [2026-05-19T13:57:38.042+0000] {dag.py:3096} INFO - Sync 2 DAGs
[2026-05-19T13:57:38.055+0000] {logging_mixin.py:188} INFO - [2026-05-19T13:57:38.055+0000] {dag.py:3954} INFO - Setting next_dagrun for example_subdag_operator.section-1 to None, run_after=None
[2026-05-19T13:57:38.056+0000] {logging_mixin.py:188} INFO - [2026-05-19T13:57:38.056+0000] {dag.py:3954} INFO - Setting next_dagrun for example_subdag_operator.section-2 to None, run_after=None
[2026-05-19T13:57:38.074+0000] {processor.py:183} INFO - Processing /home/airflow/.local/lib/python3.12/site-packages/airflow/example_dags/example_subdag_operator.py took 0.132 seconds
[2026-05-19T13:58:08.196+0000] {processor.py:161} INFO - Started process (PID=3245) to work on /home/airflow/.local/lib/python3.12/site-packages/airflow/example_dags/example_subdag_operator.py
[2026-05-19T13:58:08.197+0000] {processor.py:830} INFO - Processing file /home/airflow/.local/lib/python3.12/site-packages/airflow/example_dags/example_subdag_operator.py for tasks to queue
[2026-05-19T13:58:08.201+0000] {logging_mixin.py:188} INFO - [2026-05-19T13:58:08.201+0000] {dagbag.py:545} INFO - Filling up the DagBag from /home/airflow/.local/lib/python3.12/site-packages/airflow/example_dags/example_subdag_operator.py
[2026-05-19T13:58:08.230+0000] {processor.py:840} INFO - DAG(s) 'example_subdag_operator.section-1', 'example_subdag_operator.section-2', 'example_subdag_operator' retrieved from /home/airflow/.local/lib/python3.12/site-packages/airflow/example_dags/example_subdag_operator.py
[2026-05-19T13:58:08.250+0000] {logging_mixin.py:188} INFO - [2026-05-19T13:58:08.249+0000] {dag.py:3096} INFO - Sync 3 DAGs
[2026-05-19T13:58:08.277+0000] {logging_mixin.py:188} INFO - [2026-05-19T13:58:08.276+0000] {dag.py:3954} INFO - Setting next_dagrun for example_subdag_operator to 2022-01-01 00:00:00+00:00, run_after=2022-01-01 00:00:00+00:00
[2026-05-19T13:58:08.281+0000] {logging_mixin.py:188} INFO - [2026-05-19T13:58:08.281+0000] {dag.py:3954} INFO - Setting next_dagrun for example_subdag_operator.section-1 to None, run_after=None
[2026-05-19T13:58:08.283+0000] {logging_mixin.py:188} INFO - [2026-05-19T13:58:08.283+0000] {dag.py:3954} INFO - Setting next_dagrun for example_subdag_operator.section-2 to None, run_after=None
[2026-05-19T13:58:08.292+0000] {logging_mixin.py:188} INFO - [2026-05-19T13:58:08.292+0000] {dag.py:3096} INFO - Sync 2 DAGs
[2026-05-19T13:58:08.298+0000] {logging_mixin.py:188} INFO - [2026-05-19T13:58:08.298+0000] {dag.py:3954} INFO - Setting next_dagrun for example_subdag_operator.section-1 to None, run_after=None
[2026-05-19T13:58:08.299+0000] {logging_mixin.py:188} INFO - [2026-05-19T13:58:08.299+0000] {dag.py:3954} INFO - Setting next_dagrun for example_subdag_operator.section-2 to None, run_after=None
[2026-05-19T13:58:08.315+0000] {processor.py:183} INFO - Processing /home/airflow/.local/lib/python3.12/site-packages/airflow/example_dags/example_subdag_operator.py took 0.127 seconds
[2026-05-19T13:58:39.035+0000] {processor.py:161} INFO - Started process (PID=3304) to work on /home/airflow/.local/lib/python3.12/site-packages/airflow/example_dags/example_subdag_operator.py
[2026-05-19T13:58:39.036+0000] {processor.py:830} INFO - Processing file /home/airflow/.local/lib/python3.12/site-packages/airflow/example_dags/example_subdag_operator.py for tasks to queue
[2026-05-19T13:58:39.039+0000] {logging_mixin.py:188} INFO - [2026-05-19T13:58:39.039+0000] {dagbag.py:545} INFO - Filling up the DagBag from /home/airflow/.local/lib/python3.12/site-packages/airflow/example_dags/example_subdag_operator.py
[2026-05-19T13:58:39.069+0000] {processor.py:840} INFO - DAG(s) 'example_subdag_operator.section-1', 'example_subdag_operator.section-2', 'example_subdag_operator' retrieved from /home/airflow/.local/lib/python3.12/site-packages/airflow/example_dags/example_subdag_operator.py
[2026-05-19T13:58:39.091+0000] {logging_mixin.py:188} INFO - [2026-05-19T13:58:39.090+0000] {dag.py:3096} INFO - Sync 3 DAGs
[2026-05-19T13:58:39.113+0000] {logging_mixin.py:188} INFO - [2026-05-19T13:58:39.113+0000] {dag.py:3954} INFO - Setting next_dagrun for example_subdag_operator to 2022-01-01 00:00:00+00:00, run_after=2022-01-01 00:00:00+00:00
[2026-05-19T13:58:39.122+0000] {logging_mixin.py:188} INFO - [2026-05-19T13:58:39.121+0000] {dag.py:3954} INFO - Setting next_dagrun for example_subdag_operator.section-1 to None, run_after=None
[2026-05-19T13:58:39.124+0000] {logging_mixin.py:188} INFO - [2026-05-19T13:58:39.124+0000] {dag.py:3954} INFO - Setting next_dagrun for example_subdag_operator.section-2 to None, run_after=None
[2026-05-19T13:58:39.135+0000] {logging_mixin.py:188} INFO - [2026-05-19T13:58:39.134+0000] {dag.py:3096} INFO - Sync 2 DAGs
[2026-05-19T13:58:39.149+0000] {logging_mixin.py:188} INFO - [2026-05-19T13:58:39.149+0000] {dag.py:3954} INFO - Setting next_dagrun for example_subdag_operator.section-1 to None, run_after=None
[2026-05-19T13:58:39.150+0000] {logging_mixin.py:188} INFO - [2026-05-19T13:58:39.150+0000] {dag.py:3954} INFO - Setting next_dagrun for example_subdag_operator.section-2 to None, run_after=None
[2026-05-19T13:58:39.168+0000] {processor.py:183} INFO - Processing /home/airflow/.local/lib/python3.12/site-packages/airflow/example_dags/example_subdag_operator.py took 0.138 seconds
[2026-05-19T13:59:09.376+0000] {processor.py:161} INFO - Started process (PID=3363) to work on /home/airflow/.local/lib/python3.12/site-packages/airflow/example_dags/example_subdag_operator.py
[2026-05-19T13:59:09.377+0000] {processor.py:830} INFO - Processing file /home/airflow/.local/lib/python3.12/site-packages/airflow/example_dags/example_subdag_operator.py for tasks to queue
[2026-05-19T13:59:09.381+0000] {logging_mixin.py:188} INFO - [2026-05-19T13:59:09.380+0000] {dagbag.py:545} INFO - Filling up the DagBag from /home/airflow/.local/lib/python3.12/site-packages/airflow/example_dags/example_subdag_operator.py
[2026-05-19T13:59:09.416+0000] {processor.py:840} INFO - DAG(s) 'example_subdag_operator.section-1', 'example_subdag_operator.section-2', 'example_subdag_operator' retrieved from /home/airflow/.local/lib/python3.12/site-packages/airflow/example_dags/example_subdag_operator.py
[2026-05-19T13:59:09.441+0000] {logging_mixin.py:188} INFO - [2026-05-19T13:59:09.441+0000] {dag.py:3096} INFO - Sync 3 DAGs
[2026-05-19T13:59:09.471+0000] {logging_mixin.py:188} INFO - [2026-05-19T13:59:09.471+0000] {dag.py:3954} INFO - Setting next_dagrun for example_subdag_operator to 2022-01-01 00:00:00+00:00, run_after=2022-01-01 00:00:00+00:00
[2026-05-19T13:59:09.477+0000] {logging_mixin.py:188} INFO - [2026-05-19T13:59:09.477+0000] {dag.py:3954} INFO - Setting next_dagrun for example_subdag_operator.section-1 to None, run_after=None
[2026-05-19T13:59:09.481+0000] {logging_mixin.py:188} INFO - [2026-05-19T13:59:09.480+0000] {dag.py:3954} INFO - Setting next_dagrun for example_subdag_operator.section-2 to None, run_after=None
[2026-05-19T13:59:09.493+0000] {logging_mixin.py:188} INFO - [2026-05-19T13:59:09.493+0000] {dag.py:3096} INFO - Sync 2 DAGs
[2026-05-19T13:59:09.503+0000] {logging_mixin.py:188} INFO - [2026-05-19T13:59:09.503+0000] {dag.py:3954} INFO - Setting next_dagrun for example_subdag_operator.section-1 to None, run_after=None
[2026-05-19T13:59:09.504+0000] {logging_mixin.py:188} INFO - [2026-05-19T13:59:09.504+0000] {dag.py:3954} INFO - Setting next_dagrun for example_subdag_operator.section-2 to None, run_after=None
[2026-05-19T13:59:09.522+0000] {processor.py:183} INFO - Processing /home/airflow/.local/lib/python3.12/site-packages/airflow/example_dags/example_subdag_operator.py took 0.152 seconds
[2026-05-19T13:59:40.263+0000] {processor.py:161} INFO - Started process (PID=3422) to work on /home/airflow/.local/lib/python3.12/site-packages/airflow/example_dags/example_subdag_operator.py
[2026-05-19T13:59:40.269+0000] {processor.py:830} INFO - Processing file /home/airflow/.local/lib/python3.12/site-packages/airflow/example_dags/example_subdag_operator.py for tasks to queue
[2026-05-19T13:59:40.275+0000] {logging_mixin.py:188} INFO - [2026-05-19T13:59:40.274+0000] {dagbag.py:545} INFO - Filling up the DagBag from /home/airflow/.local/lib/python3.12/site-packages/airflow/example_dags/example_subdag_operator.py
[2026-05-19T13:59:40.399+0000] {processor.py:840} INFO - DAG(s) 'example_subdag_operator.section-1', 'example_subdag_operator.section-2', 'example_subdag_operator' retrieved from /home/airflow/.local/lib/python3.12/site-packages/airflow/example_dags/example_subdag_operator.py
[2026-05-19T13:59:40.492+0000] {logging_mixin.py:188} INFO - [2026-05-19T13:59:40.491+0000] {dag.py:3096} INFO - Sync 3 DAGs
[2026-05-19T13:59:40.633+0000] {logging_mixin.py:188} INFO - [2026-05-19T13:59:40.631+0000] {dag.py:3954} INFO - Setting next_dagrun for example_subdag_operator to 2022-01-01 00:00:00+00:00, run_after=2022-01-01 00:00:00+00:00
[2026-05-19T13:59:40.651+0000] {logging_mixin.py:188} INFO - [2026-05-19T13:59:40.651+0000] {dag.py:3954} INFO - Setting next_dagrun for example_subdag_operator.section-1 to None, run_after=None
[2026-05-19T13:59:40.657+0000] {logging_mixin.py:188} INFO - [2026-05-19T13:59:40.656+0000] {dag.py:3954} INFO - Setting next_dagrun for example_subdag_operator.section-2 to None, run_after=None
[2026-05-19T13:59:40.686+0000] {logging_mixin.py:188} INFO - [2026-05-19T13:59:40.685+0000] {dag.py:3096} INFO - Sync 2 DAGs
[2026-05-19T13:59:40.712+0000] {logging_mixin.py:188} INFO - [2026-05-19T13:59:40.711+0000] {dag.py:3954} INFO - Setting next_dagrun for example_subdag_operator.section-1 to None, run_after=None
[2026-05-19T13:59:40.715+0000] {logging_mixin.py:188} INFO - [2026-05-19T13:59:40.714+0000] {dag.py:3954} INFO - Setting next_dagrun for example_subdag_operator.section-2 to None, run_after=None
[2026-05-19T13:59:40.775+0000] {processor.py:183} INFO - Processing /home/airflow/.local/lib/python3.12/site-packages/airflow/example_dags/example_subdag_operator.py took 0.524 seconds
[2026-05-19T14:00:11.355+0000] {processor.py:161} INFO - Started process (PID=3482) to work on /home/airflow/.local/lib/python3.12/site-packages/airflow/example_dags/example_subdag_operator.py
[2026-05-19T14:00:11.357+0000] {processor.py:830} INFO - Processing file /home/airflow/.local/lib/python3.12/site-packages/airflow/example_dags/example_subdag_operator.py for tasks to queue
[2026-05-19T14:00:11.360+0000] {logging_mixin.py:188} INFO - [2026-05-19T14:00:11.360+0000] {dagbag.py:545} INFO - Filling up the DagBag from /home/airflow/.local/lib/python3.12/site-packages/airflow/example_dags/example_subdag_operator.py
[2026-05-19T14:00:11.391+0000] {processor.py:840} INFO - DAG(s) 'example_subdag_operator.section-1', 'example_subdag_operator.section-2', 'example_subdag_operator' retrieved from /home/airflow/.local/lib/python3.12/site-packages/airflow/example_dags/example_subdag_operator.py
[2026-05-19T14:00:11.408+0000] {logging_mixin.py:188} INFO - [2026-05-19T14:00:11.407+0000] {dag.py:3096} INFO - Sync 3 DAGs
[2026-05-19T14:00:11.439+0000] {logging_mixin.py:188} INFO - [2026-05-19T14:00:11.439+0000] {dag.py:3954} INFO - Setting next_dagrun for example_subdag_operator to 2022-01-01 00:00:00+00:00, run_after=2022-01-01 00:00:00+00:00
[2026-05-19T14:00:11.446+0000] {logging_mixin.py:188} INFO - [2026-05-19T14:00:11.445+0000] {dag.py:3954} INFO - Setting next_dagrun for example_subdag_operator.section-1 to None, run_after=None
[2026-05-19T14:00:11.448+0000] {logging_mixin.py:188} INFO - [2026-05-19T14:00:11.447+0000] {dag.py:3954} INFO - Setting next_dagrun for example_subdag_operator.section-2 to None, run_after=None
[2026-05-19T14:00:11.457+0000] {logging_mixin.py:188} INFO - [2026-05-19T14:00:11.456+0000] {dag.py:3096} INFO - Sync 2 DAGs
[2026-05-19T14:00:11.464+0000] {logging_mixin.py:188} INFO - [2026-05-19T14:00:11.464+0000] {dag.py:3954} INFO - Setting next_dagrun for example_subdag_operator.section-1 to None, run_after=None
[2026-05-19T14:00:11.465+0000] {logging_mixin.py:188} INFO - [2026-05-19T14:00:11.465+0000] {dag.py:3954} INFO - Setting next_dagrun for example_subdag_operator.section-2 to None, run_after=None
[2026-05-19T14:00:11.480+0000] {processor.py:183} INFO - Processing /home/airflow/.local/lib/python3.12/site-packages/airflow/example_dags/example_subdag_operator.py took 0.132 seconds
[2026-05-19T14:00:41.846+0000] {processor.py:161} INFO - Started process (PID=3541) to work on /home/airflow/.local/lib/python3.12/site-packages/airflow/example_dags/example_subdag_operator.py
[2026-05-19T14:00:41.847+0000] {processor.py:830} INFO - Processing file /home/airflow/.local/lib/python3.12/site-packages/airflow/example_dags/example_subdag_operator.py for tasks to queue
[2026-05-19T14:00:41.852+0000] {logging_mixin.py:188} INFO - [2026-05-19T14:00:41.851+0000] {dagbag.py:545} INFO - Filling up the DagBag from /home/airflow/.local/lib/python3.12/site-packages/airflow/example_dags/example_subdag_operator.py
[2026-05-19T14:00:41.887+0000] {processor.py:840} INFO - DAG(s) 'example_subdag_operator.section-1', 'example_subdag_operator.section-2', 'example_subdag_operator' retrieved from /home/airflow/.local/lib/python3.12/site-packages/airflow/example_dags/example_subdag_operator.py
[2026-05-19T14:00:41.908+0000] {logging_mixin.py:188} INFO - [2026-05-19T14:00:41.908+0000] {dag.py:3096} INFO - Sync 3 DAGs
[2026-05-19T14:00:41.939+0000] {logging_mixin.py:188} INFO - [2026-05-19T14:00:41.939+0000] {dag.py:3954} INFO - Setting next_dagrun for example_subdag_operator to 2022-01-01 00:00:00+00:00, run_after=2022-01-01 00:00:00+00:00
[2026-05-19T14:00:41.945+0000] {logging_mixin.py:188} INFO - [2026-05-19T14:00:41.945+0000] {dag.py:3954} INFO - Setting next_dagrun for example_subdag_operator.section-1 to None, run_after=None
[2026-05-19T14:00:41.947+0000] {logging_mixin.py:188} INFO - [2026-05-19T14:00:41.947+0000] {dag.py:3954} INFO - Setting next_dagrun for example_subdag_operator.section-2 to None, run_after=None
[2026-05-19T14:00:41.960+0000] {logging_mixin.py:188} INFO - [2026-05-19T14:00:41.959+0000] {dag.py:3096} INFO - Sync 2 DAGs
[2026-05-19T14:00:41.966+0000] {logging_mixin.py:188} INFO - [2026-05-19T14:00:41.966+0000] {dag.py:3954} INFO - Setting next_dagrun for example_subdag_operator.section-1 to None, run_after=None
[2026-05-19T14:00:41.968+0000] {logging_mixin.py:188} INFO - [2026-05-19T14:00:41.968+0000] {dag.py:3954} INFO - Setting next_dagrun for example_subdag_operator.section-2 to None, run_after=None
[2026-05-19T14:00:41.989+0000] {processor.py:183} INFO - Processing /home/airflow/.local/lib/python3.12/site-packages/airflow/example_dags/example_subdag_operator.py took 0.153 seconds
[2026-05-19T14:01:12.348+0000] {processor.py:161} INFO - Started process (PID=3601) to work on /home/airflow/.local/lib/python3.12/site-packages/airflow/example_dags/example_subdag_operator.py
[2026-05-19T14:01:12.352+0000] {processor.py:830} INFO - Processing file /home/airflow/.local/lib/python3.12/site-packages/airflow/example_dags/example_subdag_operator.py for tasks to queue
[2026-05-19T14:01:12.358+0000] {logging_mixin.py:188} INFO - [2026-05-19T14:01:12.357+0000] {dagbag.py:545} INFO - Filling up the DagBag from /home/airflow/.local/lib/python3.12/site-packages/airflow/example_dags/example_subdag_operator.py
[2026-05-19T14:01:12.425+0000] {processor.py:840} INFO - DAG(s) 'example_subdag_operator.section-1', 'example_subdag_operator.section-2', 'example_subdag_operator' retrieved from /home/airflow/.local/lib/python3.12/site-packages/airflow/example_dags/example_subdag_operator.py
[2026-05-19T14:01:12.484+0000] {logging_mixin.py:188} INFO - [2026-05-19T14:01:12.483+0000] {dag.py:3096} INFO - Sync 3 DAGs
[2026-05-19T14:01:12.548+0000] {logging_mixin.py:188} INFO - [2026-05-19T14:01:12.547+0000] {dag.py:3954} INFO - Setting next_dagrun for example_subdag_operator to 2022-01-01 00:00:00+00:00, run_after=2022-01-01 00:00:00+00:00
[2026-05-19T14:01:12.561+0000] {logging_mixin.py:188} INFO - [2026-05-19T14:01:12.560+0000] {dag.py:3954} INFO - Setting next_dagrun for example_subdag_operator.section-1 to None, run_after=None
[2026-05-19T14:01:12.566+0000] {logging_mixin.py:188} INFO - [2026-05-19T14:01:12.565+0000] {dag.py:3954} INFO - Setting next_dagrun for example_subdag_operator.section-2 to None, run_after=None
[2026-05-19T14:01:12.587+0000] {logging_mixin.py:188} INFO - [2026-05-19T14:01:12.587+0000] {dag.py:3096} INFO - Sync 2 DAGs
[2026-05-19T14:01:12.612+0000] {logging_mixin.py:188} INFO - [2026-05-19T14:01:12.612+0000] {dag.py:3954} INFO - Setting next_dagrun for example_subdag_operator.section-1 to None, run_after=None
[2026-05-19T14:01:12.618+0000] {logging_mixin.py:188} INFO - [2026-05-19T14:01:12.618+0000] {dag.py:3954} INFO - Setting next_dagrun for example_subdag_operator.section-2 to None, run_after=None
[2026-05-19T14:01:12.668+0000] {processor.py:183} INFO - Processing /home/airflow/.local/lib/python3.12/site-packages/airflow/example_dags/example_subdag_operator.py took 0.343 seconds
[2026-05-19T14:01:43.293+0000] {processor.py:161} INFO - Started process (PID=3660) to work on /home/airflow/.local/lib/python3.12/site-packages/airflow/example_dags/example_subdag_operator.py
[2026-05-19T14:01:43.297+0000] {processor.py:830} INFO - Processing file /home/airflow/.local/lib/python3.12/site-packages/airflow/example_dags/example_subdag_operator.py for tasks to queue
[2026-05-19T14:01:43.302+0000] {logging_mixin.py:188} INFO - [2026-05-19T14:01:43.301+0000] {dagbag.py:545} INFO - Filling up the DagBag from /home/airflow/.local/lib/python3.12/site-packages/airflow/example_dags/example_subdag_operator.py
[2026-05-19T14:01:43.370+0000] {processor.py:840} INFO - DAG(s) 'example_subdag_operator.section-1', 'example_subdag_operator.section-2', 'example_subdag_operator' retrieved from /home/airflow/.local/lib/python3.12/site-packages/airflow/example_dags/example_subdag_operator.py
[2026-05-19T14:01:43.419+0000] {logging_mixin.py:188} INFO - [2026-05-19T14:01:43.419+0000] {dag.py:3096} INFO - Sync 3 DAGs
[2026-05-19T14:01:43.479+0000] {logging_mixin.py:188} INFO - [2026-05-19T14:01:43.478+0000] {dag.py:3954} INFO - Setting next_dagrun for example_subdag_operator to 2022-01-01 00:00:00+00:00, run_after=2022-01-01 00:00:00+00:00
[2026-05-19T14:01:43.490+0000] {logging_mixin.py:188} INFO - [2026-05-19T14:01:43.489+0000] {dag.py:3954} INFO - Setting next_dagrun for example_subdag_operator.section-1 to None, run_after=None
[2026-05-19T14:01:43.495+0000] {logging_mixin.py:188} INFO - [2026-05-19T14:01:43.495+0000] {dag.py:3954} INFO - Setting next_dagrun for example_subdag_operator.section-2 to None, run_after=None
[2026-05-19T14:01:43.516+0000] {logging_mixin.py:188} INFO - [2026-05-19T14:01:43.516+0000] {dag.py:3096} INFO - Sync 2 DAGs
[2026-05-19T14:01:43.532+0000] {logging_mixin.py:188} INFO - [2026-05-19T14:01:43.531+0000] {dag.py:3954} INFO - Setting next_dagrun for example_subdag_operator.section-1 to None, run_after=None
[2026-05-19T14:01:43.533+0000] {logging_mixin.py:188} INFO - [2026-05-19T14:01:43.533+0000] {dag.py:3954} INFO - Setting next_dagrun for example_subdag_operator.section-2 to None, run_after=None
[2026-05-19T14:01:43.568+0000] {processor.py:183} INFO - Processing /home/airflow/.local/lib/python3.12/site-packages/airflow/example_dags/example_subdag_operator.py took 0.294 seconds
[2026-05-19T14:02:15.783+0000] {processor.py:161} INFO - Started process (PID=3719) to work on /home/airflow/.local/lib/python3.12/site-packages/airflow/example_dags/example_subdag_operator.py
[2026-05-19T14:02:15.787+0000] {processor.py:830} INFO - Processing file /home/airflow/.local/lib/python3.12/site-packages/airflow/example_dags/example_subdag_operator.py for tasks to queue
[2026-05-19T14:02:15.794+0000] {logging_mixin.py:188} INFO - [2026-05-19T14:02:15.792+0000] {dagbag.py:545} INFO - Filling up the DagBag from /home/airflow/.local/lib/python3.12/site-packages/airflow/example_dags/example_subdag_operator.py
[2026-05-19T14:02:15.873+0000] {processor.py:840} INFO - DAG(s) 'example_subdag_operator.section-1', 'example_subdag_operator.section-2', 'example_subdag_operator' retrieved from /home/airflow/.local/lib/python3.12/site-packages/airflow/example_dags/example_subdag_operator.py
[2026-05-19T14:02:15.915+0000] {logging_mixin.py:188} INFO - [2026-05-19T14:02:15.914+0000] {dag.py:3096} INFO - Sync 3 DAGs
[2026-05-19T14:02:15.991+0000] {logging_mixin.py:188} INFO - [2026-05-19T14:02:15.990+0000] {dag.py:3954} INFO - Setting next_dagrun for example_subdag_operator to 2022-01-01 00:00:00+00:00, run_after=2022-01-01 00:00:00+00:00
[2026-05-19T14:02:16.000+0000] {logging_mixin.py:188} INFO - [2026-05-19T14:02:15.999+0000] {dag.py:3954} INFO - Setting next_dagrun for example_subdag_operator.section-1 to None, run_after=None
[2026-05-19T14:02:16.004+0000] {logging_mixin.py:188} INFO - [2026-05-19T14:02:16.003+0000] {dag.py:3954} INFO - Setting next_dagrun for example_subdag_operator.section-2 to None, run_after=None
[2026-05-19T14:02:16.035+0000] {logging_mixin.py:188} INFO - [2026-05-19T14:02:16.034+0000] {dag.py:3096} INFO - Sync 2 DAGs
[2026-05-19T14:02:16.055+0000] {logging_mixin.py:188} INFO - [2026-05-19T14:02:16.054+0000] {dag.py:3954} INFO - Setting next_dagrun for example_subdag_operator.section-1 to None, run_after=None
[2026-05-19T14:02:16.057+0000] {logging_mixin.py:188} INFO - [2026-05-19T14:02:16.056+0000] {dag.py:3954} INFO - Setting next_dagrun for example_subdag_operator.section-2 to None, run_after=None
[2026-05-19T14:02:16.095+0000] {processor.py:183} INFO - Processing /home/airflow/.local/lib/python3.12/site-packages/airflow/example_dags/example_subdag_operator.py took 0.338 seconds
[2026-05-19T14:02:46.458+0000] {processor.py:161} INFO - Started process (PID=3776) to work on /home/airflow/.local/lib/python3.12/site-packages/airflow/example_dags/example_subdag_operator.py
[2026-05-19T14:02:46.460+0000] {processor.py:830} INFO - Processing file /home/airflow/.local/lib/python3.12/site-packages/airflow/example_dags/example_subdag_operator.py for tasks to queue
[2026-05-19T14:02:46.464+0000] {logging_mixin.py:188} INFO - [2026-05-19T14:02:46.464+0000] {dagbag.py:545} INFO - Filling up the DagBag from /home/airflow/.local/lib/python3.12/site-packages/airflow/example_dags/example_subdag_operator.py
[2026-05-19T14:02:46.494+0000] {processor.py:840} INFO - DAG(s) 'example_subdag_operator.section-1', 'example_subdag_operator.section-2', 'example_subdag_operator' retrieved from /home/airflow/.local/lib/python3.12/site-packages/airflow/example_dags/example_subdag_operator.py
[2026-05-19T14:02:46.518+0000] {logging_mixin.py:188} INFO - [2026-05-19T14:02:46.518+0000] {dag.py:3096} INFO - Sync 3 DAGs
[2026-05-19T14:02:46.546+0000] {logging_mixin.py:188} INFO - [2026-05-19T14:02:46.545+0000] {dag.py:3954} INFO - Setting next_dagrun for example_subdag_operator to 2022-01-01 00:00:00+00:00, run_after=2022-01-01 00:00:00+00:00
[2026-05-19T14:02:46.551+0000] {logging_mixin.py:188} INFO - [2026-05-19T14:02:46.551+0000] {dag.py:3954} INFO - Setting next_dagrun for example_subdag_operator.section-1 to None, run_after=None
[2026-05-19T14:02:46.554+0000] {logging_mixin.py:188} INFO - [2026-05-19T14:02:46.553+0000] {dag.py:3954} INFO - Setting next_dagrun for example_subdag_operator.section-2 to None, run_after=None
[2026-05-19T14:02:46.566+0000] {logging_mixin.py:188} INFO - [2026-05-19T14:02:46.565+0000] {dag.py:3096} INFO - Sync 2 DAGs
[2026-05-19T14:02:46.575+0000] {logging_mixin.py:188} INFO - [2026-05-19T14:02:46.574+0000] {dag.py:3954} INFO - Setting next_dagrun for example_subdag_operator.section-1 to None, run_after=None
[2026-05-19T14:02:46.576+0000] {logging_mixin.py:188} INFO - [2026-05-19T14:02:46.576+0000] {dag.py:3954} INFO - Setting next_dagrun for example_subdag_operator.section-2 to None, run_after=None
[2026-05-19T14:02:46.596+0000] {processor.py:183} INFO - Processing /home/airflow/.local/lib/python3.12/site-packages/airflow/example_dags/example_subdag_operator.py took 0.149 seconds
[2026-05-19T14:03:16.697+0000] {processor.py:161} INFO - Started process (PID=3835) to work on /home/airflow/.local/lib/python3.12/site-packages/airflow/example_dags/example_subdag_operator.py
[2026-05-19T14:03:16.698+0000] {processor.py:830} INFO - Processing file /home/airflow/.local/lib/python3.12/site-packages/airflow/example_dags/example_subdag_operator.py for tasks to queue
[2026-05-19T14:03:16.701+0000] {logging_mixin.py:188} INFO - [2026-05-19T14:03:16.700+0000] {dagbag.py:545} INFO - Filling up the DagBag from /home/airflow/.local/lib/python3.12/site-packages/airflow/example_dags/example_subdag_operator.py
[2026-05-19T14:03:16.736+0000] {processor.py:840} INFO - DAG(s) 'example_subdag_operator.section-1', 'example_subdag_operator.section-2', 'example_subdag_operator' retrieved from /home/airflow/.local/lib/python3.12/site-packages/airflow/example_dags/example_subdag_operator.py
[2026-05-19T14:03:16.751+0000] {logging_mixin.py:188} INFO - [2026-05-19T14:03:16.751+0000] {dag.py:3096} INFO - Sync 3 DAGs
[2026-05-19T14:03:16.775+0000] {logging_mixin.py:188} INFO - [2026-05-19T14:03:16.774+0000] {dag.py:3954} INFO - Setting next_dagrun for example_subdag_operator to 2022-01-01 00:00:00+00:00, run_after=2022-01-01 00:00:00+00:00
[2026-05-19T14:03:16.782+0000] {logging_mixin.py:188} INFO - [2026-05-19T14:03:16.781+0000] {dag.py:3954} INFO - Setting next_dagrun for example_subdag_operator.section-1 to None, run_after=None
[2026-05-19T14:03:16.785+0000] {logging_mixin.py:188} INFO - [2026-05-19T14:03:16.785+0000] {dag.py:3954} INFO - Setting next_dagrun for example_subdag_operator.section-2 to None, run_after=None
[2026-05-19T14:03:16.800+0000] {logging_mixin.py:188} INFO - [2026-05-19T14:03:16.799+0000] {dag.py:3096} INFO - Sync 2 DAGs
[2026-05-19T14:03:16.807+0000] {logging_mixin.py:188} INFO - [2026-05-19T14:03:16.806+0000] {dag.py:3954} INFO - Setting next_dagrun for example_subdag_operator.section-1 to None, run_after=None
[2026-05-19T14:03:16.807+0000] {logging_mixin.py:188} INFO - [2026-05-19T14:03:16.807+0000] {dag.py:3954} INFO - Setting next_dagrun for example_subdag_operator.section-2 to None, run_after=None
[2026-05-19T14:03:16.827+0000] {processor.py:183} INFO - Processing /home/airflow/.local/lib/python3.12/site-packages/airflow/example_dags/example_subdag_operator.py took 0.134 seconds
[2026-05-19T14:03:47.455+0000] {processor.py:161} INFO - Started process (PID=3894) to work on /home/airflow/.local/lib/python3.12/site-packages/airflow/example_dags/example_subdag_operator.py
[2026-05-19T14:03:47.457+0000] {processor.py:830} INFO - Processing file /home/airflow/.local/lib/python3.12/site-packages/airflow/example_dags/example_subdag_operator.py for tasks to queue
[2026-05-19T14:03:47.459+0000] {logging_mixin.py:188} INFO - [2026-05-19T14:03:47.458+0000] {dagbag.py:545} INFO - Filling up the DagBag from /home/airflow/.local/lib/python3.12/site-packages/airflow/example_dags/example_subdag_operator.py
[2026-05-19T14:03:47.489+0000] {processor.py:840} INFO - DAG(s) 'example_subdag_operator.section-1', 'example_subdag_operator.section-2', 'example_subdag_operator' retrieved from /home/airflow/.local/lib/python3.12/site-packages/airflow/example_dags/example_subdag_operator.py
[2026-05-19T14:03:47.505+0000] {logging_mixin.py:188} INFO - [2026-05-19T14:03:47.505+0000] {dag.py:3096} INFO - Sync 3 DAGs
[2026-05-19T14:03:47.535+0000] {logging_mixin.py:188} INFO - [2026-05-19T14:03:47.535+0000] {dag.py:3954} INFO - Setting next_dagrun for example_subdag_operator to 2022-01-01 00:00:00+00:00, run_after=2022-01-01 00:00:00+00:00
[2026-05-19T14:03:47.541+0000] {logging_mixin.py:188} INFO - [2026-05-19T14:03:47.541+0000] {dag.py:3954} INFO - Setting next_dagrun for example_subdag_operator.section-1 to None, run_after=None
[2026-05-19T14:03:47.544+0000] {logging_mixin.py:188} INFO - [2026-05-19T14:03:47.543+0000] {dag.py:3954} INFO - Setting next_dagrun for example_subdag_operator.section-2 to None, run_after=None
[2026-05-19T14:03:47.552+0000] {logging_mixin.py:188} INFO - [2026-05-19T14:03:47.552+0000] {dag.py:3096} INFO - Sync 2 DAGs
[2026-05-19T14:03:47.557+0000] {logging_mixin.py:188} INFO - [2026-05-19T14:03:47.557+0000] {dag.py:3954} INFO - Setting next_dagrun for example_subdag_operator.section-1 to None, run_after=None
[2026-05-19T14:03:47.558+0000] {logging_mixin.py:188} INFO - [2026-05-19T14:03:47.557+0000] {dag.py:3954} INFO - Setting next_dagrun for example_subdag_operator.section-2 to None, run_after=None
[2026-05-19T14:03:47.570+0000] {processor.py:183} INFO - Processing /home/airflow/.local/lib/python3.12/site-packages/airflow/example_dags/example_subdag_operator.py took 0.121 seconds
[2026-05-19T14:04:17.931+0000] {processor.py:161} INFO - Started process (PID=3953) to work on /home/airflow/.local/lib/python3.12/site-packages/airflow/example_dags/example_subdag_operator.py
[2026-05-19T14:04:17.932+0000] {processor.py:830} INFO - Processing file /home/airflow/.local/lib/python3.12/site-packages/airflow/example_dags/example_subdag_operator.py for tasks to queue
[2026-05-19T14:04:17.937+0000] {logging_mixin.py:188} INFO - [2026-05-19T14:04:17.937+0000] {dagbag.py:545} INFO - Filling up the DagBag from /home/airflow/.local/lib/python3.12/site-packages/airflow/example_dags/example_subdag_operator.py
[2026-05-19T14:04:17.970+0000] {processor.py:840} INFO - DAG(s) 'example_subdag_operator.section-1', 'example_subdag_operator.section-2', 'example_subdag_operator' retrieved from /home/airflow/.local/lib/python3.12/site-packages/airflow/example_dags/example_subdag_operator.py
[2026-05-19T14:04:17.987+0000] {logging_mixin.py:188} INFO - [2026-05-19T14:04:17.986+0000] {dag.py:3096} INFO - Sync 3 DAGs
[2026-05-19T14:04:18.010+0000] {logging_mixin.py:188} INFO - [2026-05-19T14:04:18.010+0000] {dag.py:3954} INFO - Setting next_dagrun for example_subdag_operator to 2022-01-01 00:00:00+00:00, run_after=2022-01-01 00:00:00+00:00
[2026-05-19T14:04:18.016+0000] {logging_mixin.py:188} INFO - [2026-05-19T14:04:18.016+0000] {dag.py:3954} INFO - Setting next_dagrun for example_subdag_operator.section-1 to None, run_after=None
[2026-05-19T14:04:18.019+0000] {logging_mixin.py:188} INFO - [2026-05-19T14:04:18.018+0000] {dag.py:3954} INFO - Setting next_dagrun for example_subdag_operator.section-2 to None, run_after=None
[2026-05-19T14:04:18.029+0000] {logging_mixin.py:188} INFO - [2026-05-19T14:04:18.029+0000] {dag.py:3096} INFO - Sync 2 DAGs
[2026-05-19T14:04:18.034+0000] {logging_mixin.py:188} INFO - [2026-05-19T14:04:18.034+0000] {dag.py:3954} INFO - Setting next_dagrun for example_subdag_operator.section-1 to None, run_after=None
[2026-05-19T14:04:18.035+0000] {logging_mixin.py:188} INFO - [2026-05-19T14:04:18.035+0000] {dag.py:3954} INFO - Setting next_dagrun for example_subdag_operator.section-2 to None, run_after=None
[2026-05-19T14:04:18.053+0000] {processor.py:183} INFO - Processing /home/airflow/.local/lib/python3.12/site-packages/airflow/example_dags/example_subdag_operator.py took 0.128 seconds
[2026-05-19T14:04:48.359+0000] {processor.py:161} INFO - Started process (PID=4012) to work on /home/airflow/.local/lib/python3.12/site-packages/airflow/example_dags/example_subdag_operator.py
[2026-05-19T14:04:48.360+0000] {processor.py:830} INFO - Processing file /home/airflow/.local/lib/python3.12/site-packages/airflow/example_dags/example_subdag_operator.py for tasks to queue
[2026-05-19T14:04:48.364+0000] {logging_mixin.py:188} INFO - [2026-05-19T14:04:48.364+0000] {dagbag.py:545} INFO - Filling up the DagBag from /home/airflow/.local/lib/python3.12/site-packages/airflow/example_dags/example_subdag_operator.py
[2026-05-19T14:04:48.400+0000] {processor.py:840} INFO - DAG(s) 'example_subdag_operator.section-1', 'example_subdag_operator.section-2', 'example_subdag_operator' retrieved from /home/airflow/.local/lib/python3.12/site-packages/airflow/example_dags/example_subdag_operator.py
[2026-05-19T14:04:48.428+0000] {logging_mixin.py:188} INFO - [2026-05-19T14:04:48.427+0000] {dag.py:3096} INFO - Sync 3 DAGs
[2026-05-19T14:04:48.455+0000] {logging_mixin.py:188} INFO - [2026-05-19T14:04:48.454+0000] {dag.py:3954} INFO - Setting next_dagrun for example_subdag_operator to 2022-01-01 00:00:00+00:00, run_after=2022-01-01 00:00:00+00:00
[2026-05-19T14:04:48.462+0000] {logging_mixin.py:188} INFO - [2026-05-19T14:04:48.462+0000] {dag.py:3954} INFO - Setting next_dagrun for example_subdag_operator.section-1 to None, run_after=None
[2026-05-19T14:04:48.466+0000] {logging_mixin.py:188} INFO - [2026-05-19T14:04:48.465+0000] {dag.py:3954} INFO - Setting next_dagrun for example_subdag_operator.section-2 to None, run_after=None
[2026-05-19T14:04:48.476+0000] {logging_mixin.py:188} INFO - [2026-05-19T14:04:48.476+0000] {dag.py:3096} INFO - Sync 2 DAGs
[2026-05-19T14:04:48.487+0000] {logging_mixin.py:188} INFO - [2026-05-19T14:04:48.486+0000] {dag.py:3954} INFO - Setting next_dagrun for example_subdag_operator.section-1 to None, run_after=None
[2026-05-19T14:04:48.489+0000] {logging_mixin.py:188} INFO - [2026-05-19T14:04:48.488+0000] {dag.py:3954} INFO - Setting next_dagrun for example_subdag_operator.section-2 to None, run_after=None
[2026-05-19T14:04:48.513+0000] {processor.py:183} INFO - Processing /home/airflow/.local/lib/python3.12/site-packages/airflow/example_dags/example_subdag_operator.py took 0.165 seconds
[2026-05-19T14:05:18.921+0000] {processor.py:161} INFO - Started process (PID=4071) to work on /home/airflow/.local/lib/python3.12/site-packages/airflow/example_dags/example_subdag_operator.py
[2026-05-19T14:05:18.922+0000] {processor.py:830} INFO - Processing file /home/airflow/.local/lib/python3.12/site-packages/airflow/example_dags/example_subdag_operator.py for tasks to queue
[2026-05-19T14:05:18.925+0000] {logging_mixin.py:188} INFO - [2026-05-19T14:05:18.924+0000] {dagbag.py:545} INFO - Filling up the DagBag from /home/airflow/.local/lib/python3.12/site-packages/airflow/example_dags/example_subdag_operator.py
[2026-05-19T14:05:18.955+0000] {processor.py:840} INFO - DAG(s) 'example_subdag_operator.section-1', 'example_subdag_operator.section-2', 'example_subdag_operator' retrieved from /home/airflow/.local/lib/python3.12/site-packages/airflow/example_dags/example_subdag_operator.py
[2026-05-19T14:05:18.976+0000] {logging_mixin.py:188} INFO - [2026-05-19T14:05:18.976+0000] {dag.py:3096} INFO - Sync 3 DAGs
[2026-05-19T14:05:19.002+0000] {logging_mixin.py:188} INFO - [2026-05-19T14:05:19.002+0000] {dag.py:3954} INFO - Setting next_dagrun for example_subdag_operator to 2022-01-01 00:00:00+00:00, run_after=2022-01-01 00:00:00+00:00
[2026-05-19T14:05:19.007+0000] {logging_mixin.py:188} INFO - [2026-05-19T14:05:19.006+0000] {dag.py:3954} INFO - Setting next_dagrun for example_subdag_operator.section-1 to None, run_after=None
[2026-05-19T14:05:19.009+0000] {logging_mixin.py:188} INFO - [2026-05-19T14:05:19.009+0000] {dag.py:3954} INFO - Setting next_dagrun for example_subdag_operator.section-2 to None, run_after=None
[2026-05-19T14:05:19.016+0000] {logging_mixin.py:188} INFO - [2026-05-19T14:05:19.016+0000] {dag.py:3096} INFO - Sync 2 DAGs
[2026-05-19T14:05:19.021+0000] {logging_mixin.py:188} INFO - [2026-05-19T14:05:19.021+0000] {dag.py:3954} INFO - Setting next_dagrun for example_subdag_operator.section-1 to None, run_after=None
[2026-05-19T14:05:19.022+0000] {logging_mixin.py:188} INFO - [2026-05-19T14:05:19.022+0000] {dag.py:3954} INFO - Setting next_dagrun for example_subdag_operator.section-2 to None, run_after=None
[2026-05-19T14:05:19.047+0000] {processor.py:183} INFO - Processing /home/airflow/.local/lib/python3.12/site-packages/airflow/example_dags/example_subdag_operator.py took 0.133 seconds
[2026-05-19T14:05:49.375+0000] {processor.py:161} INFO - Started process (PID=4130) to work on /home/airflow/.local/lib/python3.12/site-packages/airflow/example_dags/example_subdag_operator.py
[2026-05-19T14:05:49.376+0000] {processor.py:830} INFO - Processing file /home/airflow/.local/lib/python3.12/site-packages/airflow/example_dags/example_subdag_operator.py for tasks to queue
[2026-05-19T14:05:49.379+0000] {logging_mixin.py:188} INFO - [2026-05-19T14:05:49.378+0000] {dagbag.py:545} INFO - Filling up the DagBag from /home/airflow/.local/lib/python3.12/site-packages/airflow/example_dags/example_subdag_operator.py
[2026-05-19T14:05:49.407+0000] {processor.py:840} INFO - DAG(s) 'example_subdag_operator.section-1', 'example_subdag_operator.section-2', 'example_subdag_operator' retrieved from /home/airflow/.local/lib/python3.12/site-packages/airflow/example_dags/example_subdag_operator.py
[2026-05-19T14:05:49.422+0000] {logging_mixin.py:188} INFO - [2026-05-19T14:05:49.422+0000] {dag.py:3096} INFO - Sync 3 DAGs
[2026-05-19T14:05:49.451+0000] {logging_mixin.py:188} INFO - [2026-05-19T14:05:49.451+0000] {dag.py:3954} INFO - Setting next_dagrun for example_subdag_operator to 2022-01-01 00:00:00+00:00, run_after=2022-01-01 00:00:00+00:00
[2026-05-19T14:05:49.455+0000] {logging_mixin.py:188} INFO - [2026-05-19T14:05:49.455+0000] {dag.py:3954} INFO - Setting next_dagrun for example_subdag_operator.section-1 to None, run_after=None
[2026-05-19T14:05:49.457+0000] {logging_mixin.py:188} INFO - [2026-05-19T14:05:49.456+0000] {dag.py:3954} INFO - Setting next_dagrun for example_subdag_operator.section-2 to None, run_after=None
[2026-05-19T14:05:49.464+0000] {logging_mixin.py:188} INFO - [2026-05-19T14:05:49.464+0000] {dag.py:3096} INFO - Sync 2 DAGs
[2026-05-19T14:05:49.473+0000] {logging_mixin.py:188} INFO - [2026-05-19T14:05:49.472+0000] {dag.py:3954} INFO - Setting next_dagrun for example_subdag_operator.section-1 to None, run_after=None
[2026-05-19T14:05:49.474+0000] {logging_mixin.py:188} INFO - [2026-05-19T14:05:49.474+0000] {dag.py:3954} INFO - Setting next_dagrun for example_subdag_operator.section-2 to None, run_after=None
[2026-05-19T14:05:49.489+0000] {processor.py:183} INFO - Processing /home/airflow/.local/lib/python3.12/site-packages/airflow/example_dags/example_subdag_operator.py took 0.122 seconds
[2026-05-19T14:06:20.343+0000] {processor.py:161} INFO - Started process (PID=4196) to work on /home/airflow/.local/lib/python3.12/site-packages/airflow/example_dags/example_subdag_operator.py
[2026-05-19T14:06:20.344+0000] {processor.py:830} INFO - Processing file /home/airflow/.local/lib/python3.12/site-packages/airflow/example_dags/example_subdag_operator.py for tasks to queue
[2026-05-19T14:06:20.348+0000] {logging_mixin.py:188} INFO - [2026-05-19T14:06:20.347+0000] {dagbag.py:545} INFO - Filling up the DagBag from /home/airflow/.local/lib/python3.12/site-packages/airflow/example_dags/example_subdag_operator.py
[2026-05-19T14:06:20.397+0000] {processor.py:840} INFO - DAG(s) 'example_subdag_operator.section-1', 'example_subdag_operator.section-2', 'example_subdag_operator' retrieved from /home/airflow/.local/lib/python3.12/site-packages/airflow/example_dags/example_subdag_operator.py
[2026-05-19T14:06:20.429+0000] {logging_mixin.py:188} INFO - [2026-05-19T14:06:20.429+0000] {dag.py:3096} INFO - Sync 3 DAGs
[2026-05-19T14:06:20.472+0000] {logging_mixin.py:188} INFO - [2026-05-19T14:06:20.471+0000] {dag.py:3954} INFO - Setting next_dagrun for example_subdag_operator to 2022-01-01 00:00:00+00:00, run_after=2022-01-01 00:00:00+00:00
[2026-05-19T14:06:20.485+0000] {logging_mixin.py:188} INFO - [2026-05-19T14:06:20.485+0000] {dag.py:3954} INFO - Setting next_dagrun for example_subdag_operator.section-1 to None, run_after=None
[2026-05-19T14:06:20.488+0000] {logging_mixin.py:188} INFO - [2026-05-19T14:06:20.488+0000] {dag.py:3954} INFO - Setting next_dagrun for example_subdag_operator.section-2 to None, run_after=None
[2026-05-19T14:06:20.506+0000] {logging_mixin.py:188} INFO - [2026-05-19T14:06:20.505+0000] {dag.py:3096} INFO - Sync 2 DAGs
[2026-05-19T14:06:20.519+0000] {logging_mixin.py:188} INFO - [2026-05-19T14:06:20.518+0000] {dag.py:3954} INFO - Setting next_dagrun for example_subdag_operator.section-1 to None, run_after=None
[2026-05-19T14:06:20.521+0000] {logging_mixin.py:188} INFO - [2026-05-19T14:06:20.520+0000] {dag.py:3954} INFO - Setting next_dagrun for example_subdag_operator.section-2 to None, run_after=None
[2026-05-19T14:06:20.551+0000] {processor.py:183} INFO - Processing /home/airflow/.local/lib/python3.12/site-packages/airflow/example_dags/example_subdag_operator.py took 0.216 seconds
[2026-05-19T14:06:51.262+0000] {processor.py:161} INFO - Started process (PID=4255) to work on /home/airflow/.local/lib/python3.12/site-packages/airflow/example_dags/example_subdag_operator.py
[2026-05-19T14:06:51.264+0000] {processor.py:830} INFO - Processing file /home/airflow/.local/lib/python3.12/site-packages/airflow/example_dags/example_subdag_operator.py for tasks to queue
[2026-05-19T14:06:51.268+0000] {logging_mixin.py:188} INFO - [2026-05-19T14:06:51.267+0000] {dagbag.py:545} INFO - Filling up the DagBag from /home/airflow/.local/lib/python3.12/site-packages/airflow/example_dags/example_subdag_operator.py
[2026-05-19T14:06:51.308+0000] {processor.py:840} INFO - DAG(s) 'example_subdag_operator.section-1', 'example_subdag_operator.section-2', 'example_subdag_operator' retrieved from /home/airflow/.local/lib/python3.12/site-packages/airflow/example_dags/example_subdag_operator.py
[2026-05-19T14:06:51.335+0000] {logging_mixin.py:188} INFO - [2026-05-19T14:06:51.334+0000] {dag.py:3096} INFO - Sync 3 DAGs
[2026-05-19T14:06:51.373+0000] {logging_mixin.py:188} INFO - [2026-05-19T14:06:51.372+0000] {dag.py:3954} INFO - Setting next_dagrun for example_subdag_operator to 2022-01-01 00:00:00+00:00, run_after=2022-01-01 00:00:00+00:00
[2026-05-19T14:06:51.383+0000] {logging_mixin.py:188} INFO - [2026-05-19T14:06:51.382+0000] {dag.py:3954} INFO - Setting next_dagrun for example_subdag_operator.section-1 to None, run_after=None
[2026-05-19T14:06:51.388+0000] {logging_mixin.py:188} INFO - [2026-05-19T14:06:51.388+0000] {dag.py:3954} INFO - Setting next_dagrun for example_subdag_operator.section-2 to None, run_after=None
[2026-05-19T14:06:51.402+0000] {logging_mixin.py:188} INFO - [2026-05-19T14:06:51.401+0000] {dag.py:3096} INFO - Sync 2 DAGs
[2026-05-19T14:06:51.413+0000] {logging_mixin.py:188} INFO - [2026-05-19T14:06:51.412+0000] {dag.py:3954} INFO - Setting next_dagrun for example_subdag_operator.section-1 to None, run_after=None
[2026-05-19T14:06:51.414+0000] {logging_mixin.py:188} INFO - [2026-05-19T14:06:51.413+0000] {dag.py:3954} INFO - Setting next_dagrun for example_subdag_operator.section-2 to None, run_after=None
[2026-05-19T14:06:51.432+0000] {processor.py:183} INFO - Processing /home/airflow/.local/lib/python3.12/site-packages/airflow/example_dags/example_subdag_operator.py took 0.178 seconds
[2026-05-19T14:07:21.755+0000] {processor.py:161} INFO - Started process (PID=4314) to work on /home/airflow/.local/lib/python3.12/site-packages/airflow/example_dags/example_subdag_operator.py
[2026-05-19T14:07:21.759+0000] {processor.py:830} INFO - Processing file /home/airflow/.local/lib/python3.12/site-packages/airflow/example_dags/example_subdag_operator.py for tasks to queue
[2026-05-19T14:07:21.769+0000] {logging_mixin.py:188} INFO - [2026-05-19T14:07:21.767+0000] {dagbag.py:545} INFO - Filling up the DagBag from /home/airflow/.local/lib/python3.12/site-packages/airflow/example_dags/example_subdag_operator.py
[2026-05-19T14:07:21.864+0000] {processor.py:840} INFO - DAG(s) 'example_subdag_operator.section-1', 'example_subdag_operator.section-2', 'example_subdag_operator' retrieved from /home/airflow/.local/lib/python3.12/site-packages/airflow/example_dags/example_subdag_operator.py
[2026-05-19T14:07:21.915+0000] {logging_mixin.py:188} INFO - [2026-05-19T14:07:21.915+0000] {dag.py:3096} INFO - Sync 3 DAGs
[2026-05-19T14:07:22.009+0000] {logging_mixin.py:188} INFO - [2026-05-19T14:07:22.009+0000] {dag.py:3954} INFO - Setting next_dagrun for example_subdag_operator to 2022-01-01 00:00:00+00:00, run_after=2022-01-01 00:00:00+00:00
[2026-05-19T14:07:22.027+0000] {logging_mixin.py:188} INFO - [2026-05-19T14:07:22.026+0000] {dag.py:3954} INFO - Setting next_dagrun for example_subdag_operator.section-1 to None, run_after=None
[2026-05-19T14:07:22.034+0000] {logging_mixin.py:188} INFO - [2026-05-19T14:07:22.033+0000] {dag.py:3954} INFO - Setting next_dagrun for example_subdag_operator.section-2 to None, run_after=None
[2026-05-19T14:07:22.066+0000] {logging_mixin.py:188} INFO - [2026-05-19T14:07:22.066+0000] {dag.py:3096} INFO - Sync 2 DAGs
[2026-05-19T14:07:22.092+0000] {logging_mixin.py:188} INFO - [2026-05-19T14:07:22.092+0000] {dag.py:3954} INFO - Setting next_dagrun for example_subdag_operator.section-1 to None, run_after=None
[2026-05-19T14:07:22.096+0000] {logging_mixin.py:188} INFO - [2026-05-19T14:07:22.095+0000] {dag.py:3954} INFO - Setting next_dagrun for example_subdag_operator.section-2 to None, run_after=None
[2026-05-19T14:07:22.138+0000] {processor.py:183} INFO - Processing /home/airflow/.local/lib/python3.12/site-packages/airflow/example_dags/example_subdag_operator.py took 0.407 seconds
[2026-05-19T14:07:52.342+0000] {processor.py:161} INFO - Started process (PID=4373) to work on /home/airflow/.local/lib/python3.12/site-packages/airflow/example_dags/example_subdag_operator.py
[2026-05-19T14:07:52.343+0000] {processor.py:830} INFO - Processing file /home/airflow/.local/lib/python3.12/site-packages/airflow/example_dags/example_subdag_operator.py for tasks to queue
[2026-05-19T14:07:52.345+0000] {logging_mixin.py:188} INFO - [2026-05-19T14:07:52.345+0000] {dagbag.py:545} INFO - Filling up the DagBag from /home/airflow/.local/lib/python3.12/site-packages/airflow/example_dags/example_subdag_operator.py
[2026-05-19T14:07:52.378+0000] {processor.py:840} INFO - DAG(s) 'example_subdag_operator.section-1', 'example_subdag_operator.section-2', 'example_subdag_operator' retrieved from /home/airflow/.local/lib/python3.12/site-packages/airflow/example_dags/example_subdag_operator.py
[2026-05-19T14:07:52.392+0000] {logging_mixin.py:188} INFO - [2026-05-19T14:07:52.391+0000] {dag.py:3096} INFO - Sync 3 DAGs
[2026-05-19T14:07:52.412+0000] {logging_mixin.py:188} INFO - [2026-05-19T14:07:52.412+0000] {dag.py:3954} INFO - Setting next_dagrun for example_subdag_operator to 2022-01-01 00:00:00+00:00, run_after=2022-01-01 00:00:00+00:00
[2026-05-19T14:07:52.416+0000] {logging_mixin.py:188} INFO - [2026-05-19T14:07:52.416+0000] {dag.py:3954} INFO - Setting next_dagrun for example_subdag_operator.section-1 to None, run_after=None
[2026-05-19T14:07:52.418+0000] {logging_mixin.py:188} INFO - [2026-05-19T14:07:52.418+0000] {dag.py:3954} INFO - Setting next_dagrun for example_subdag_operator.section-2 to None, run_after=None
[2026-05-19T14:07:52.432+0000] {logging_mixin.py:188} INFO - [2026-05-19T14:07:52.432+0000] {dag.py:3096} INFO - Sync 2 DAGs
[2026-05-19T14:07:52.441+0000] {logging_mixin.py:188} INFO - [2026-05-19T14:07:52.441+0000] {dag.py:3954} INFO - Setting next_dagrun for example_subdag_operator.section-1 to None, run_after=None
[2026-05-19T14:07:52.442+0000] {logging_mixin.py:188} INFO - [2026-05-19T14:07:52.442+0000] {dag.py:3954} INFO - Setting next_dagrun for example_subdag_operator.section-2 to None, run_after=None
[2026-05-19T14:07:52.453+0000] {processor.py:183} INFO - Processing /home/airflow/.local/lib/python3.12/site-packages/airflow/example_dags/example_subdag_operator.py took 0.117 seconds
[2026-05-19T14:08:22.963+0000] {processor.py:161} INFO - Started process (PID=4432) to work on /home/airflow/.local/lib/python3.12/site-packages/airflow/example_dags/example_subdag_operator.py
[2026-05-19T14:08:22.965+0000] {processor.py:830} INFO - Processing file /home/airflow/.local/lib/python3.12/site-packages/airflow/example_dags/example_subdag_operator.py for tasks to queue
[2026-05-19T14:08:22.969+0000] {logging_mixin.py:188} INFO - [2026-05-19T14:08:22.968+0000] {dagbag.py:545} INFO - Filling up the DagBag from /home/airflow/.local/lib/python3.12/site-packages/airflow/example_dags/example_subdag_operator.py
[2026-05-19T14:08:23.004+0000] {processor.py:840} INFO - DAG(s) 'example_subdag_operator.section-1', 'example_subdag_operator.section-2', 'example_subdag_operator' retrieved from /home/airflow/.local/lib/python3.12/site-packages/airflow/example_dags/example_subdag_operator.py
[2026-05-19T14:08:23.025+0000] {logging_mixin.py:188} INFO - [2026-05-19T14:08:23.024+0000] {dag.py:3096} INFO - Sync 3 DAGs
[2026-05-19T14:08:23.058+0000] {logging_mixin.py:188} INFO - [2026-05-19T14:08:23.058+0000] {dag.py:3954} INFO - Setting next_dagrun for example_subdag_operator to 2022-01-01 00:00:00+00:00, run_after=2022-01-01 00:00:00+00:00
[2026-05-19T14:08:23.063+0000] {logging_mixin.py:188} INFO - [2026-05-19T14:08:23.062+0000] {dag.py:3954} INFO - Setting next_dagrun for example_subdag_operator.section-1 to None, run_after=None
[2026-05-19T14:08:23.065+0000] {logging_mixin.py:188} INFO - [2026-05-19T14:08:23.065+0000] {dag.py:3954} INFO - Setting next_dagrun for example_subdag_operator.section-2 to None, run_after=None
[2026-05-19T14:08:23.075+0000] {logging_mixin.py:188} INFO - [2026-05-19T14:08:23.074+0000] {dag.py:3096} INFO - Sync 2 DAGs
[2026-05-19T14:08:23.085+0000] {logging_mixin.py:188} INFO - [2026-05-19T14:08:23.084+0000] {dag.py:3954} INFO - Setting next_dagrun for example_subdag_operator.section-1 to None, run_after=None
[2026-05-19T14:08:23.086+0000] {logging_mixin.py:188} INFO - [2026-05-19T14:08:23.085+0000] {dag.py:3954} INFO - Setting next_dagrun for example_subdag_operator.section-2 to None, run_after=None
[2026-05-19T14:08:23.108+0000] {processor.py:183} INFO - Processing /home/airflow/.local/lib/python3.12/site-packages/airflow/example_dags/example_subdag_operator.py took 0.153 seconds
[2026-05-19T14:08:53.356+0000] {processor.py:161} INFO - Started process (PID=4491) to work on /home/airflow/.local/lib/python3.12/site-packages/airflow/example_dags/example_subdag_operator.py
[2026-05-19T14:08:53.358+0000] {processor.py:830} INFO - Processing file /home/airflow/.local/lib/python3.12/site-packages/airflow/example_dags/example_subdag_operator.py for tasks to queue
[2026-05-19T14:08:53.361+0000] {logging_mixin.py:188} INFO - [2026-05-19T14:08:53.360+0000] {dagbag.py:545} INFO - Filling up the DagBag from /home/airflow/.local/lib/python3.12/site-packages/airflow/example_dags/example_subdag_operator.py
[2026-05-19T14:08:53.392+0000] {processor.py:840} INFO - DAG(s) 'example_subdag_operator.section-1', 'example_subdag_operator.section-2', 'example_subdag_operator' retrieved from /home/airflow/.local/lib/python3.12/site-packages/airflow/example_dags/example_subdag_operator.py
[2026-05-19T14:08:53.413+0000] {logging_mixin.py:188} INFO - [2026-05-19T14:08:53.412+0000] {dag.py:3096} INFO - Sync 3 DAGs
[2026-05-19T14:08:53.445+0000] {logging_mixin.py:188} INFO - [2026-05-19T14:08:53.444+0000] {dag.py:3954} INFO - Setting next_dagrun for example_subdag_operator to 2022-01-01 00:00:00+00:00, run_after=2022-01-01 00:00:00+00:00
[2026-05-19T14:08:53.453+0000] {logging_mixin.py:188} INFO - [2026-05-19T14:08:53.452+0000] {dag.py:3954} INFO - Setting next_dagrun for example_subdag_operator.section-1 to None, run_after=None
[2026-05-19T14:08:53.456+0000] {logging_mixin.py:188} INFO - [2026-05-19T14:08:53.456+0000] {dag.py:3954} INFO - Setting next_dagrun for example_subdag_operator.section-2 to None, run_after=None
[2026-05-19T14:08:53.468+0000] {logging_mixin.py:188} INFO - [2026-05-19T14:08:53.468+0000] {dag.py:3096} INFO - Sync 2 DAGs
[2026-05-19T14:08:53.476+0000] {logging_mixin.py:188} INFO - [2026-05-19T14:08:53.475+0000] {dag.py:3954} INFO - Setting next_dagrun for example_subdag_operator.section-1 to None, run_after=None
[2026-05-19T14:08:53.477+0000] {logging_mixin.py:188} INFO - [2026-05-19T14:08:53.476+0000] {dag.py:3954} INFO - Setting next_dagrun for example_subdag_operator.section-2 to None, run_after=None
[2026-05-19T14:08:53.495+0000] {processor.py:183} INFO - Processing /home/airflow/.local/lib/python3.12/site-packages/airflow/example_dags/example_subdag_operator.py took 0.144 seconds
[2026-05-19T14:09:23.813+0000] {processor.py:161} INFO - Started process (PID=4551) to work on /home/airflow/.local/lib/python3.12/site-packages/airflow/example_dags/example_subdag_operator.py
[2026-05-19T14:09:23.814+0000] {processor.py:830} INFO - Processing file /home/airflow/.local/lib/python3.12/site-packages/airflow/example_dags/example_subdag_operator.py for tasks to queue
[2026-05-19T14:09:23.817+0000] {logging_mixin.py:188} INFO - [2026-05-19T14:09:23.816+0000] {dagbag.py:545} INFO - Filling up the DagBag from /home/airflow/.local/lib/python3.12/site-packages/airflow/example_dags/example_subdag_operator.py
[2026-05-19T14:09:23.845+0000] {processor.py:840} INFO - DAG(s) 'example_subdag_operator.section-1', 'example_subdag_operator.section-2', 'example_subdag_operator' retrieved from /home/airflow/.local/lib/python3.12/site-packages/airflow/example_dags/example_subdag_operator.py
[2026-05-19T14:09:23.865+0000] {logging_mixin.py:188} INFO - [2026-05-19T14:09:23.864+0000] {dag.py:3096} INFO - Sync 3 DAGs
[2026-05-19T14:09:23.893+0000] {logging_mixin.py:188} INFO - [2026-05-19T14:09:23.893+0000] {dag.py:3954} INFO - Setting next_dagrun for example_subdag_operator to 2022-01-01 00:00:00+00:00, run_after=2022-01-01 00:00:00+00:00
[2026-05-19T14:09:23.897+0000] {logging_mixin.py:188} INFO - [2026-05-19T14:09:23.897+0000] {dag.py:3954} INFO - Setting next_dagrun for example_subdag_operator.section-1 to None, run_after=None
[2026-05-19T14:09:23.899+0000] {logging_mixin.py:188} INFO - [2026-05-19T14:09:23.899+0000] {dag.py:3954} INFO - Setting next_dagrun for example_subdag_operator.section-2 to None, run_after=None
[2026-05-19T14:09:23.909+0000] {logging_mixin.py:188} INFO - [2026-05-19T14:09:23.909+0000] {dag.py:3096} INFO - Sync 2 DAGs
[2026-05-19T14:09:23.918+0000] {logging_mixin.py:188} INFO - [2026-05-19T14:09:23.917+0000] {dag.py:3954} INFO - Setting next_dagrun for example_subdag_operator.section-1 to None, run_after=None
[2026-05-19T14:09:23.919+0000] {logging_mixin.py:188} INFO - [2026-05-19T14:09:23.918+0000] {dag.py:3954} INFO - Setting next_dagrun for example_subdag_operator.section-2 to None, run_after=None
[2026-05-19T14:09:23.940+0000] {processor.py:183} INFO - Processing /home/airflow/.local/lib/python3.12/site-packages/airflow/example_dags/example_subdag_operator.py took 0.139 seconds
[2026-05-19T14:09:54.043+0000] {processor.py:161} INFO - Started process (PID=4610) to work on /home/airflow/.local/lib/python3.12/site-packages/airflow/example_dags/example_subdag_operator.py
[2026-05-19T14:09:54.044+0000] {processor.py:830} INFO - Processing file /home/airflow/.local/lib/python3.12/site-packages/airflow/example_dags/example_subdag_operator.py for tasks to queue
[2026-05-19T14:09:54.048+0000] {logging_mixin.py:188} INFO - [2026-05-19T14:09:54.047+0000] {dagbag.py:545} INFO - Filling up the DagBag from /home/airflow/.local/lib/python3.12/site-packages/airflow/example_dags/example_subdag_operator.py
[2026-05-19T14:09:54.074+0000] {processor.py:840} INFO - DAG(s) 'example_subdag_operator.section-1', 'example_subdag_operator.section-2', 'example_subdag_operator' retrieved from /home/airflow/.local/lib/python3.12/site-packages/airflow/example_dags/example_subdag_operator.py
[2026-05-19T14:09:54.093+0000] {logging_mixin.py:188} INFO - [2026-05-19T14:09:54.093+0000] {dag.py:3096} INFO - Sync 3 DAGs
[2026-05-19T14:09:54.112+0000] {logging_mixin.py:188} INFO - [2026-05-19T14:09:54.112+0000] {dag.py:3954} INFO - Setting next_dagrun for example_subdag_operator to 2022-01-01 00:00:00+00:00, run_after=2022-01-01 00:00:00+00:00
[2026-05-19T14:09:54.117+0000] {logging_mixin.py:188} INFO - [2026-05-19T14:09:54.116+0000] {dag.py:3954} INFO - Setting next_dagrun for example_subdag_operator.section-1 to None, run_after=None
[2026-05-19T14:09:54.118+0000] {logging_mixin.py:188} INFO - [2026-05-19T14:09:54.118+0000] {dag.py:3954} INFO - Setting next_dagrun for example_subdag_operator.section-2 to None, run_after=None
[2026-05-19T14:09:54.126+0000] {logging_mixin.py:188} INFO - [2026-05-19T14:09:54.125+0000] {dag.py:3096} INFO - Sync 2 DAGs
[2026-05-19T14:09:54.135+0000] {logging_mixin.py:188} INFO - [2026-05-19T14:09:54.135+0000] {dag.py:3954} INFO - Setting next_dagrun for example_subdag_operator.section-1 to None, run_after=None
[2026-05-19T14:09:54.136+0000] {logging_mixin.py:188} INFO - [2026-05-19T14:09:54.135+0000] {dag.py:3954} INFO - Setting next_dagrun for example_subdag_operator.section-2 to None, run_after=None
[2026-05-19T14:09:54.156+0000] {processor.py:183} INFO - Processing /home/airflow/.local/lib/python3.12/site-packages/airflow/example_dags/example_subdag_operator.py took 0.118 seconds
[2026-05-19T14:10:24.260+0000] {processor.py:161} INFO - Started process (PID=4669) to work on /home/airflow/.local/lib/python3.12/site-packages/airflow/example_dags/example_subdag_operator.py
[2026-05-19T14:10:24.261+0000] {processor.py:830} INFO - Processing file /home/airflow/.local/lib/python3.12/site-packages/airflow/example_dags/example_subdag_operator.py for tasks to queue
[2026-05-19T14:10:24.263+0000] {logging_mixin.py:188} INFO - [2026-05-19T14:10:24.262+0000] {dagbag.py:545} INFO - Filling up the DagBag from /home/airflow/.local/lib/python3.12/site-packages/airflow/example_dags/example_subdag_operator.py
[2026-05-19T14:10:24.291+0000] {processor.py:840} INFO - DAG(s) 'example_subdag_operator.section-1', 'example_subdag_operator.section-2', 'example_subdag_operator' retrieved from /home/airflow/.local/lib/python3.12/site-packages/airflow/example_dags/example_subdag_operator.py
[2026-05-19T14:10:24.317+0000] {logging_mixin.py:188} INFO - [2026-05-19T14:10:24.317+0000] {dag.py:3096} INFO - Sync 3 DAGs
[2026-05-19T14:10:24.348+0000] {logging_mixin.py:188} INFO - [2026-05-19T14:10:24.347+0000] {dag.py:3954} INFO - Setting next_dagrun for example_subdag_operator to 2022-01-01 00:00:00+00:00, run_after=2022-01-01 00:00:00+00:00
[2026-05-19T14:10:24.355+0000] {logging_mixin.py:188} INFO - [2026-05-19T14:10:24.354+0000] {dag.py:3954} INFO - Setting next_dagrun for example_subdag_operator.section-1 to None, run_after=None
[2026-05-19T14:10:24.357+0000] {logging_mixin.py:188} INFO - [2026-05-19T14:10:24.357+0000] {dag.py:3954} INFO - Setting next_dagrun for example_subdag_operator.section-2 to None, run_after=None
[2026-05-19T14:10:24.366+0000] {logging_mixin.py:188} INFO - [2026-05-19T14:10:24.365+0000] {dag.py:3096} INFO - Sync 2 DAGs
[2026-05-19T14:10:24.374+0000] {logging_mixin.py:188} INFO - [2026-05-19T14:10:24.374+0000] {dag.py:3954} INFO - Setting next_dagrun for example_subdag_operator.section-1 to None, run_after=None
[2026-05-19T14:10:24.375+0000] {logging_mixin.py:188} INFO - [2026-05-19T14:10:24.375+0000] {dag.py:3954} INFO - Setting next_dagrun for example_subdag_operator.section-2 to None, run_after=None
[2026-05-19T14:10:24.391+0000] {processor.py:183} INFO - Processing /home/airflow/.local/lib/python3.12/site-packages/airflow/example_dags/example_subdag_operator.py took 0.137 seconds
[2026-05-19T14:10:54.544+0000] {processor.py:161} INFO - Started process (PID=4728) to work on /home/airflow/.local/lib/python3.12/site-packages/airflow/example_dags/example_subdag_operator.py
[2026-05-19T14:10:54.549+0000] {processor.py:830} INFO - Processing file /home/airflow/.local/lib/python3.12/site-packages/airflow/example_dags/example_subdag_operator.py for tasks to queue
[2026-05-19T14:10:54.552+0000] {logging_mixin.py:188} INFO - [2026-05-19T14:10:54.552+0000] {dagbag.py:545} INFO - Filling up the DagBag from /home/airflow/.local/lib/python3.12/site-packages/airflow/example_dags/example_subdag_operator.py
[2026-05-19T14:10:54.583+0000] {processor.py:840} INFO - DAG(s) 'example_subdag_operator.section-1', 'example_subdag_operator.section-2', 'example_subdag_operator' retrieved from /home/airflow/.local/lib/python3.12/site-packages/airflow/example_dags/example_subdag_operator.py
[2026-05-19T14:10:54.596+0000] {logging_mixin.py:188} INFO - [2026-05-19T14:10:54.596+0000] {dag.py:3096} INFO - Sync 3 DAGs
[2026-05-19T14:10:54.616+0000] {logging_mixin.py:188} INFO - [2026-05-19T14:10:54.616+0000] {dag.py:3954} INFO - Setting next_dagrun for example_subdag_operator to 2022-01-01 00:00:00+00:00, run_after=2022-01-01 00:00:00+00:00
[2026-05-19T14:10:54.619+0000] {logging_mixin.py:188} INFO - [2026-05-19T14:10:54.619+0000] {dag.py:3954} INFO - Setting next_dagrun for example_subdag_operator.section-1 to None, run_after=None
[2026-05-19T14:10:54.622+0000] {logging_mixin.py:188} INFO - [2026-05-19T14:10:54.621+0000] {dag.py:3954} INFO - Setting next_dagrun for example_subdag_operator.section-2 to None, run_after=None
[2026-05-19T14:10:54.633+0000] {logging_mixin.py:188} INFO - [2026-05-19T14:10:54.632+0000] {dag.py:3096} INFO - Sync 2 DAGs
[2026-05-19T14:10:54.642+0000] {logging_mixin.py:188} INFO - [2026-05-19T14:10:54.642+0000] {dag.py:3954} INFO - Setting next_dagrun for example_subdag_operator.section-1 to None, run_after=None
[2026-05-19T14:10:54.644+0000] {logging_mixin.py:188} INFO - [2026-05-19T14:10:54.644+0000] {dag.py:3954} INFO - Setting next_dagrun for example_subdag_operator.section-2 to None, run_after=None
[2026-05-19T14:10:54.660+0000] {processor.py:183} INFO - Processing /home/airflow/.local/lib/python3.12/site-packages/airflow/example_dags/example_subdag_operator.py took 0.121 seconds
[2026-05-19T14:11:24.968+0000] {processor.py:161} INFO - Started process (PID=4787) to work on /home/airflow/.local/lib/python3.12/site-packages/airflow/example_dags/example_subdag_operator.py
[2026-05-19T14:11:24.970+0000] {processor.py:830} INFO - Processing file /home/airflow/.local/lib/python3.12/site-packages/airflow/example_dags/example_subdag_operator.py for tasks to queue
[2026-05-19T14:11:24.973+0000] {logging_mixin.py:188} INFO - [2026-05-19T14:11:24.973+0000] {dagbag.py:545} INFO - Filling up the DagBag from /home/airflow/.local/lib/python3.12/site-packages/airflow/example_dags/example_subdag_operator.py
[2026-05-19T14:11:25.008+0000] {processor.py:840} INFO - DAG(s) 'example_subdag_operator.section-1', 'example_subdag_operator.section-2', 'example_subdag_operator' retrieved from /home/airflow/.local/lib/python3.12/site-packages/airflow/example_dags/example_subdag_operator.py
[2026-05-19T14:11:25.028+0000] {logging_mixin.py:188} INFO - [2026-05-19T14:11:25.028+0000] {dag.py:3096} INFO - Sync 3 DAGs
[2026-05-19T14:11:25.058+0000] {logging_mixin.py:188} INFO - [2026-05-19T14:11:25.058+0000] {dag.py:3954} INFO - Setting next_dagrun for example_subdag_operator to 2022-01-01 00:00:00+00:00, run_after=2022-01-01 00:00:00+00:00
[2026-05-19T14:11:25.062+0000] {logging_mixin.py:188} INFO - [2026-05-19T14:11:25.062+0000] {dag.py:3954} INFO - Setting next_dagrun for example_subdag_operator.section-1 to None, run_after=None
[2026-05-19T14:11:25.065+0000] {logging_mixin.py:188} INFO - [2026-05-19T14:11:25.065+0000] {dag.py:3954} INFO - Setting next_dagrun for example_subdag_operator.section-2 to None, run_after=None
[2026-05-19T14:11:25.074+0000] {logging_mixin.py:188} INFO - [2026-05-19T14:11:25.074+0000] {dag.py:3096} INFO - Sync 2 DAGs
[2026-05-19T14:11:25.081+0000] {logging_mixin.py:188} INFO - [2026-05-19T14:11:25.080+0000] {dag.py:3954} INFO - Setting next_dagrun for example_subdag_operator.section-1 to None, run_after=None
[2026-05-19T14:11:25.082+0000] {logging_mixin.py:188} INFO - [2026-05-19T14:11:25.082+0000] {dag.py:3954} INFO - Setting next_dagrun for example_subdag_operator.section-2 to None, run_after=None
[2026-05-19T14:11:25.105+0000] {processor.py:183} INFO - Processing /home/airflow/.local/lib/python3.12/site-packages/airflow/example_dags/example_subdag_operator.py took 0.146 seconds
[2026-05-19T14:11:55.200+0000] {processor.py:161} INFO - Started process (PID=4846) to work on /home/airflow/.local/lib/python3.12/site-packages/airflow/example_dags/example_subdag_operator.py
[2026-05-19T14:11:55.201+0000] {processor.py:830} INFO - Processing file /home/airflow/.local/lib/python3.12/site-packages/airflow/example_dags/example_subdag_operator.py for tasks to queue
[2026-05-19T14:11:55.205+0000] {logging_mixin.py:188} INFO - [2026-05-19T14:11:55.204+0000] {dagbag.py:545} INFO - Filling up the DagBag from /home/airflow/.local/lib/python3.12/site-packages/airflow/example_dags/example_subdag_operator.py
[2026-05-19T14:11:55.229+0000] {processor.py:840} INFO - DAG(s) 'example_subdag_operator.section-1', 'example_subdag_operator.section-2', 'example_subdag_operator' retrieved from /home/airflow/.local/lib/python3.12/site-packages/airflow/example_dags/example_subdag_operator.py
[2026-05-19T14:11:55.255+0000] {logging_mixin.py:188} INFO - [2026-05-19T14:11:55.254+0000] {dag.py:3096} INFO - Sync 3 DAGs
[2026-05-19T14:11:55.280+0000] {logging_mixin.py:188} INFO - [2026-05-19T14:11:55.280+0000] {dag.py:3954} INFO - Setting next_dagrun for example_subdag_operator to 2022-01-01 00:00:00+00:00, run_after=2022-01-01 00:00:00+00:00
[2026-05-19T14:11:55.285+0000] {logging_mixin.py:188} INFO - [2026-05-19T14:11:55.285+0000] {dag.py:3954} INFO - Setting next_dagrun for example_subdag_operator.section-1 to None, run_after=None
[2026-05-19T14:11:55.287+0000] {logging_mixin.py:188} INFO - [2026-05-19T14:11:55.287+0000] {dag.py:3954} INFO - Setting next_dagrun for example_subdag_operator.section-2 to None, run_after=None
[2026-05-19T14:11:55.295+0000] {logging_mixin.py:188} INFO - [2026-05-19T14:11:55.295+0000] {dag.py:3096} INFO - Sync 2 DAGs
[2026-05-19T14:11:55.301+0000] {logging_mixin.py:188} INFO - [2026-05-19T14:11:55.301+0000] {dag.py:3954} INFO - Setting next_dagrun for example_subdag_operator.section-1 to None, run_after=None
[2026-05-19T14:11:55.303+0000] {logging_mixin.py:188} INFO - [2026-05-19T14:11:55.302+0000] {dag.py:3954} INFO - Setting next_dagrun for example_subdag_operator.section-2 to None, run_after=None
[2026-05-19T14:11:55.325+0000] {processor.py:183} INFO - Processing /home/airflow/.local/lib/python3.12/site-packages/airflow/example_dags/example_subdag_operator.py took 0.129 seconds
[2026-05-19T14:12:25.970+0000] {processor.py:161} INFO - Started process (PID=4905) to work on /home/airflow/.local/lib/python3.12/site-packages/airflow/example_dags/example_subdag_operator.py
[2026-05-19T14:12:25.971+0000] {processor.py:830} INFO - Processing file /home/airflow/.local/lib/python3.12/site-packages/airflow/example_dags/example_subdag_operator.py for tasks to queue
[2026-05-19T14:12:25.974+0000] {logging_mixin.py:188} INFO - [2026-05-19T14:12:25.973+0000] {dagbag.py:545} INFO - Filling up the DagBag from /home/airflow/.local/lib/python3.12/site-packages/airflow/example_dags/example_subdag_operator.py
[2026-05-19T14:12:26.006+0000] {processor.py:840} INFO - DAG(s) 'example_subdag_operator.section-1', 'example_subdag_operator.section-2', 'example_subdag_operator' retrieved from /home/airflow/.local/lib/python3.12/site-packages/airflow/example_dags/example_subdag_operator.py
[2026-05-19T14:12:26.024+0000] {logging_mixin.py:188} INFO - [2026-05-19T14:12:26.024+0000] {dag.py:3096} INFO - Sync 3 DAGs
[2026-05-19T14:12:26.050+0000] {logging_mixin.py:188} INFO - [2026-05-19T14:12:26.050+0000] {dag.py:3954} INFO - Setting next_dagrun for example_subdag_operator to 2022-01-01 00:00:00+00:00, run_after=2022-01-01 00:00:00+00:00
[2026-05-19T14:12:26.056+0000] {logging_mixin.py:188} INFO - [2026-05-19T14:12:26.056+0000] {dag.py:3954} INFO - Setting next_dagrun for example_subdag_operator.section-1 to None, run_after=None
[2026-05-19T14:12:26.058+0000] {logging_mixin.py:188} INFO - [2026-05-19T14:12:26.058+0000] {dag.py:3954} INFO - Setting next_dagrun for example_subdag_operator.section-2 to None, run_after=None
[2026-05-19T14:12:26.071+0000] {logging_mixin.py:188} INFO - [2026-05-19T14:12:26.070+0000] {dag.py:3096} INFO - Sync 2 DAGs
[2026-05-19T14:12:26.080+0000] {logging_mixin.py:188} INFO - [2026-05-19T14:12:26.080+0000] {dag.py:3954} INFO - Setting next_dagrun for example_subdag_operator.section-1 to None, run_after=None
[2026-05-19T14:12:26.082+0000] {logging_mixin.py:188} INFO - [2026-05-19T14:12:26.081+0000] {dag.py:3954} INFO - Setting next_dagrun for example_subdag_operator.section-2 to None, run_after=None
[2026-05-19T14:12:26.095+0000] {processor.py:183} INFO - Processing /home/airflow/.local/lib/python3.12/site-packages/airflow/example_dags/example_subdag_operator.py took 0.130 seconds
[2026-05-19T14:12:56.297+0000] {processor.py:161} INFO - Started process (PID=4965) to work on /home/airflow/.local/lib/python3.12/site-packages/airflow/example_dags/example_subdag_operator.py
[2026-05-19T14:12:56.298+0000] {processor.py:830} INFO - Processing file /home/airflow/.local/lib/python3.12/site-packages/airflow/example_dags/example_subdag_operator.py for tasks to queue
[2026-05-19T14:12:56.303+0000] {logging_mixin.py:188} INFO - [2026-05-19T14:12:56.302+0000] {dagbag.py:545} INFO - Filling up the DagBag from /home/airflow/.local/lib/python3.12/site-packages/airflow/example_dags/example_subdag_operator.py
[2026-05-19T14:12:56.344+0000] {processor.py:840} INFO - DAG(s) 'example_subdag_operator.section-1', 'example_subdag_operator.section-2', 'example_subdag_operator' retrieved from /home/airflow/.local/lib/python3.12/site-packages/airflow/example_dags/example_subdag_operator.py
[2026-05-19T14:12:56.374+0000] {logging_mixin.py:188} INFO - [2026-05-19T14:12:56.374+0000] {dag.py:3096} INFO - Sync 3 DAGs
[2026-05-19T14:12:56.408+0000] {logging_mixin.py:188} INFO - [2026-05-19T14:12:56.408+0000] {dag.py:3954} INFO - Setting next_dagrun for example_subdag_operator to 2022-01-01 00:00:00+00:00, run_after=2022-01-01 00:00:00+00:00
[2026-05-19T14:12:56.416+0000] {logging_mixin.py:188} INFO - [2026-05-19T14:12:56.416+0000] {dag.py:3954} INFO - Setting next_dagrun for example_subdag_operator.section-1 to None, run_after=None
[2026-05-19T14:12:56.419+0000] {logging_mixin.py:188} INFO - [2026-05-19T14:12:56.419+0000] {dag.py:3954} INFO - Setting next_dagrun for example_subdag_operator.section-2 to None, run_after=None
[2026-05-19T14:12:56.431+0000] {logging_mixin.py:188} INFO - [2026-05-19T14:12:56.430+0000] {dag.py:3096} INFO - Sync 2 DAGs
[2026-05-19T14:12:56.441+0000] {logging_mixin.py:188} INFO - [2026-05-19T14:12:56.441+0000] {dag.py:3954} INFO - Setting next_dagrun for example_subdag_operator.section-1 to None, run_after=None
[2026-05-19T14:12:56.442+0000] {logging_mixin.py:188} INFO - [2026-05-19T14:12:56.442+0000] {dag.py:3954} INFO - Setting next_dagrun for example_subdag_operator.section-2 to None, run_after=None
[2026-05-19T14:12:56.464+0000] {processor.py:183} INFO - Processing /home/airflow/.local/lib/python3.12/site-packages/airflow/example_dags/example_subdag_operator.py took 0.173 seconds
[2026-05-19T14:13:27.375+0000] {processor.py:161} INFO - Started process (PID=5024) to work on /home/airflow/.local/lib/python3.12/site-packages/airflow/example_dags/example_subdag_operator.py
[2026-05-19T14:13:27.377+0000] {processor.py:830} INFO - Processing file /home/airflow/.local/lib/python3.12/site-packages/airflow/example_dags/example_subdag_operator.py for tasks to queue
[2026-05-19T14:13:27.379+0000] {logging_mixin.py:188} INFO - [2026-05-19T14:13:27.379+0000] {dagbag.py:545} INFO - Filling up the DagBag from /home/airflow/.local/lib/python3.12/site-packages/airflow/example_dags/example_subdag_operator.py
[2026-05-19T14:13:27.411+0000] {processor.py:840} INFO - DAG(s) 'example_subdag_operator.section-1', 'example_subdag_operator.section-2', 'example_subdag_operator' retrieved from /home/airflow/.local/lib/python3.12/site-packages/airflow/example_dags/example_subdag_operator.py
[2026-05-19T14:13:27.432+0000] {logging_mixin.py:188} INFO - [2026-05-19T14:13:27.432+0000] {dag.py:3096} INFO - Sync 3 DAGs
[2026-05-19T14:13:27.463+0000] {logging_mixin.py:188} INFO - [2026-05-19T14:13:27.462+0000] {dag.py:3954} INFO - Setting next_dagrun for example_subdag_operator to 2022-01-01 00:00:00+00:00, run_after=2022-01-01 00:00:00+00:00
[2026-05-19T14:13:27.468+0000] {logging_mixin.py:188} INFO - [2026-05-19T14:13:27.468+0000] {dag.py:3954} INFO - Setting next_dagrun for example_subdag_operator.section-1 to None, run_after=None
[2026-05-19T14:13:27.470+0000] {logging_mixin.py:188} INFO - [2026-05-19T14:13:27.470+0000] {dag.py:3954} INFO - Setting next_dagrun for example_subdag_operator.section-2 to None, run_after=None
[2026-05-19T14:13:27.483+0000] {logging_mixin.py:188} INFO - [2026-05-19T14:13:27.482+0000] {dag.py:3096} INFO - Sync 2 DAGs
[2026-05-19T14:13:27.490+0000] {logging_mixin.py:188} INFO - [2026-05-19T14:13:27.490+0000] {dag.py:3954} INFO - Setting next_dagrun for example_subdag_operator.section-1 to None, run_after=None
[2026-05-19T14:13:27.491+0000] {logging_mixin.py:188} INFO - [2026-05-19T14:13:27.491+0000] {dag.py:3954} INFO - Setting next_dagrun for example_subdag_operator.section-2 to None, run_after=None
[2026-05-19T14:13:27.507+0000] {processor.py:183} INFO - Processing /home/airflow/.local/lib/python3.12/site-packages/airflow/example_dags/example_subdag_operator.py took 0.139 seconds
[2026-05-19T14:13:57.679+0000] {processor.py:161} INFO - Started process (PID=5083) to work on /home/airflow/.local/lib/python3.12/site-packages/airflow/example_dags/example_subdag_operator.py
[2026-05-19T14:13:57.680+0000] {processor.py:830} INFO - Processing file /home/airflow/.local/lib/python3.12/site-packages/airflow/example_dags/example_subdag_operator.py for tasks to queue
[2026-05-19T14:13:57.683+0000] {logging_mixin.py:188} INFO - [2026-05-19T14:13:57.682+0000] {dagbag.py:545} INFO - Filling up the DagBag from /home/airflow/.local/lib/python3.12/site-packages/airflow/example_dags/example_subdag_operator.py
[2026-05-19T14:13:57.720+0000] {processor.py:840} INFO - DAG(s) 'example_subdag_operator.section-1', 'example_subdag_operator.section-2', 'example_subdag_operator' retrieved from /home/airflow/.local/lib/python3.12/site-packages/airflow/example_dags/example_subdag_operator.py
[2026-05-19T14:13:57.737+0000] {logging_mixin.py:188} INFO - [2026-05-19T14:13:57.736+0000] {dag.py:3096} INFO - Sync 3 DAGs
[2026-05-19T14:13:57.758+0000] {logging_mixin.py:188} INFO - [2026-05-19T14:13:57.757+0000] {dag.py:3954} INFO - Setting next_dagrun for example_subdag_operator to 2022-01-01 00:00:00+00:00, run_after=2022-01-01 00:00:00+00:00
[2026-05-19T14:13:57.766+0000] {logging_mixin.py:188} INFO - [2026-05-19T14:13:57.766+0000] {dag.py:3954} INFO - Setting next_dagrun for example_subdag_operator.section-1 to None, run_after=None
[2026-05-19T14:13:57.768+0000] {logging_mixin.py:188} INFO - [2026-05-19T14:13:57.768+0000] {dag.py:3954} INFO - Setting next_dagrun for example_subdag_operator.section-2 to None, run_after=None
[2026-05-19T14:13:57.781+0000] {logging_mixin.py:188} INFO - [2026-05-19T14:13:57.781+0000] {dag.py:3096} INFO - Sync 2 DAGs
[2026-05-19T14:13:57.791+0000] {logging_mixin.py:188} INFO - [2026-05-19T14:13:57.791+0000] {dag.py:3954} INFO - Setting next_dagrun for example_subdag_operator.section-1 to None, run_after=None
[2026-05-19T14:13:57.792+0000] {logging_mixin.py:188} INFO - [2026-05-19T14:13:57.792+0000] {dag.py:3954} INFO - Setting next_dagrun for example_subdag_operator.section-2 to None, run_after=None
[2026-05-19T14:13:57.806+0000] {processor.py:183} INFO - Processing /home/airflow/.local/lib/python3.12/site-packages/airflow/example_dags/example_subdag_operator.py took 0.133 seconds
[2026-05-19T14:14:28.659+0000] {processor.py:161} INFO - Started process (PID=5142) to work on /home/airflow/.local/lib/python3.12/site-packages/airflow/example_dags/example_subdag_operator.py
[2026-05-19T14:14:28.661+0000] {processor.py:830} INFO - Processing file /home/airflow/.local/lib/python3.12/site-packages/airflow/example_dags/example_subdag_operator.py for tasks to queue
[2026-05-19T14:14:28.665+0000] {logging_mixin.py:188} INFO - [2026-05-19T14:14:28.665+0000] {dagbag.py:545} INFO - Filling up the DagBag from /home/airflow/.local/lib/python3.12/site-packages/airflow/example_dags/example_subdag_operator.py
[2026-05-19T14:14:28.708+0000] {processor.py:840} INFO - DAG(s) 'example_subdag_operator.section-1', 'example_subdag_operator.section-2', 'example_subdag_operator' retrieved from /home/airflow/.local/lib/python3.12/site-packages/airflow/example_dags/example_subdag_operator.py
[2026-05-19T14:14:28.745+0000] {logging_mixin.py:188} INFO - [2026-05-19T14:14:28.743+0000] {dag.py:3096} INFO - Sync 3 DAGs
[2026-05-19T14:14:28.793+0000] {logging_mixin.py:188} INFO - [2026-05-19T14:14:28.793+0000] {dag.py:3954} INFO - Setting next_dagrun for example_subdag_operator to 2022-01-01 00:00:00+00:00, run_after=2022-01-01 00:00:00+00:00
[2026-05-19T14:14:28.805+0000] {logging_mixin.py:188} INFO - [2026-05-19T14:14:28.804+0000] {dag.py:3954} INFO - Setting next_dagrun for example_subdag_operator.section-1 to None, run_after=None
[2026-05-19T14:14:28.807+0000] {logging_mixin.py:188} INFO - [2026-05-19T14:14:28.807+0000] {dag.py:3954} INFO - Setting next_dagrun for example_subdag_operator.section-2 to None, run_after=None
[2026-05-19T14:14:28.824+0000] {logging_mixin.py:188} INFO - [2026-05-19T14:14:28.823+0000] {dag.py:3096} INFO - Sync 2 DAGs
[2026-05-19T14:14:28.831+0000] {logging_mixin.py:188} INFO - [2026-05-19T14:14:28.831+0000] {dag.py:3954} INFO - Setting next_dagrun for example_subdag_operator.section-1 to None, run_after=None
[2026-05-19T14:14:28.833+0000] {logging_mixin.py:188} INFO - [2026-05-19T14:14:28.832+0000] {dag.py:3954} INFO - Setting next_dagrun for example_subdag_operator.section-2 to None, run_after=None
[2026-05-19T14:14:28.857+0000] {processor.py:183} INFO - Processing /home/airflow/.local/lib/python3.12/site-packages/airflow/example_dags/example_subdag_operator.py took 0.205 seconds
[2026-05-19T14:14:59.025+0000] {processor.py:161} INFO - Started process (PID=5202) to work on /home/airflow/.local/lib/python3.12/site-packages/airflow/example_dags/example_subdag_operator.py
[2026-05-19T14:14:59.027+0000] {processor.py:830} INFO - Processing file /home/airflow/.local/lib/python3.12/site-packages/airflow/example_dags/example_subdag_operator.py for tasks to queue
[2026-05-19T14:14:59.029+0000] {logging_mixin.py:188} INFO - [2026-05-19T14:14:59.029+0000] {dagbag.py:545} INFO - Filling up the DagBag from /home/airflow/.local/lib/python3.12/site-packages/airflow/example_dags/example_subdag_operator.py
[2026-05-19T14:14:59.075+0000] {processor.py:840} INFO - DAG(s) 'example_subdag_operator.section-1', 'example_subdag_operator.section-2', 'example_subdag_operator' retrieved from /home/airflow/.local/lib/python3.12/site-packages/airflow/example_dags/example_subdag_operator.py
[2026-05-19T14:14:59.097+0000] {logging_mixin.py:188} INFO - [2026-05-19T14:14:59.096+0000] {dag.py:3096} INFO - Sync 3 DAGs
[2026-05-19T14:14:59.130+0000] {logging_mixin.py:188} INFO - [2026-05-19T14:14:59.129+0000] {dag.py:3954} INFO - Setting next_dagrun for example_subdag_operator to 2022-01-01 00:00:00+00:00, run_after=2022-01-01 00:00:00+00:00
[2026-05-19T14:14:59.137+0000] {logging_mixin.py:188} INFO - [2026-05-19T14:14:59.137+0000] {dag.py:3954} INFO - Setting next_dagrun for example_subdag_operator.section-1 to None, run_after=None
[2026-05-19T14:14:59.139+0000] {logging_mixin.py:188} INFO - [2026-05-19T14:14:59.139+0000] {dag.py:3954} INFO - Setting next_dagrun for example_subdag_operator.section-2 to None, run_after=None
[2026-05-19T14:14:59.152+0000] {logging_mixin.py:188} INFO - [2026-05-19T14:14:59.151+0000] {dag.py:3096} INFO - Sync 2 DAGs
[2026-05-19T14:14:59.158+0000] {logging_mixin.py:188} INFO - [2026-05-19T14:14:59.158+0000] {dag.py:3954} INFO - Setting next_dagrun for example_subdag_operator.section-1 to None, run_after=None
[2026-05-19T14:14:59.159+0000] {logging_mixin.py:188} INFO - [2026-05-19T14:14:59.159+0000] {dag.py:3954} INFO - Setting next_dagrun for example_subdag_operator.section-2 to None, run_after=None
[2026-05-19T14:14:59.176+0000] {processor.py:183} INFO - Processing /home/airflow/.local/lib/python3.12/site-packages/airflow/example_dags/example_subdag_operator.py took 0.157 seconds
[2026-05-19T14:15:29.361+0000] {processor.py:161} INFO - Started process (PID=5259) to work on /home/airflow/.local/lib/python3.12/site-packages/airflow/example_dags/example_subdag_operator.py
[2026-05-19T14:15:29.362+0000] {processor.py:830} INFO - Processing file /home/airflow/.local/lib/python3.12/site-packages/airflow/example_dags/example_subdag_operator.py for tasks to queue
[2026-05-19T14:15:29.364+0000] {logging_mixin.py:188} INFO - [2026-05-19T14:15:29.364+0000] {dagbag.py:545} INFO - Filling up the DagBag from /home/airflow/.local/lib/python3.12/site-packages/airflow/example_dags/example_subdag_operator.py
[2026-05-19T14:15:29.396+0000] {processor.py:840} INFO - DAG(s) 'example_subdag_operator.section-1', 'example_subdag_operator.section-2', 'example_subdag_operator' retrieved from /home/airflow/.local/lib/python3.12/site-packages/airflow/example_dags/example_subdag_operator.py
[2026-05-19T14:15:29.420+0000] {logging_mixin.py:188} INFO - [2026-05-19T14:15:29.419+0000] {dag.py:3096} INFO - Sync 3 DAGs
[2026-05-19T14:15:29.452+0000] {logging_mixin.py:188} INFO - [2026-05-19T14:15:29.451+0000] {dag.py:3954} INFO - Setting next_dagrun for example_subdag_operator to 2022-01-01 00:00:00+00:00, run_after=2022-01-01 00:00:00+00:00
[2026-05-19T14:15:29.458+0000] {logging_mixin.py:188} INFO - [2026-05-19T14:15:29.457+0000] {dag.py:3954} INFO - Setting next_dagrun for example_subdag_operator.section-1 to None, run_after=None
[2026-05-19T14:15:29.461+0000] {logging_mixin.py:188} INFO - [2026-05-19T14:15:29.461+0000] {dag.py:3954} INFO - Setting next_dagrun for example_subdag_operator.section-2 to None, run_after=None
[2026-05-19T14:15:29.474+0000] {logging_mixin.py:188} INFO - [2026-05-19T14:15:29.474+0000] {dag.py:3096} INFO - Sync 2 DAGs
[2026-05-19T14:15:29.486+0000] {logging_mixin.py:188} INFO - [2026-05-19T14:15:29.486+0000] {dag.py:3954} INFO - Setting next_dagrun for example_subdag_operator.section-1 to None, run_after=None
[2026-05-19T14:15:29.492+0000] {logging_mixin.py:188} INFO - [2026-05-19T14:15:29.492+0000] {dag.py:3954} INFO - Setting next_dagrun for example_subdag_operator.section-2 to None, run_after=None
[2026-05-19T14:15:29.507+0000] {processor.py:183} INFO - Processing /home/airflow/.local/lib/python3.12/site-packages/airflow/example_dags/example_subdag_operator.py took 0.153 seconds
[2026-05-19T14:16:00.325+0000] {processor.py:161} INFO - Started process (PID=5322) to work on /home/airflow/.local/lib/python3.12/site-packages/airflow/example_dags/example_subdag_operator.py
[2026-05-19T14:16:00.329+0000] {processor.py:830} INFO - Processing file /home/airflow/.local/lib/python3.12/site-packages/airflow/example_dags/example_subdag_operator.py for tasks to queue
[2026-05-19T14:16:00.336+0000] {logging_mixin.py:188} INFO - [2026-05-19T14:16:00.335+0000] {dagbag.py:545} INFO - Filling up the DagBag from /home/airflow/.local/lib/python3.12/site-packages/airflow/example_dags/example_subdag_operator.py
[2026-05-19T14:16:00.425+0000] {processor.py:840} INFO - DAG(s) 'example_subdag_operator.section-1', 'example_subdag_operator.section-2', 'example_subdag_operator' retrieved from /home/airflow/.local/lib/python3.12/site-packages/airflow/example_dags/example_subdag_operator.py
[2026-05-19T14:16:00.492+0000] {logging_mixin.py:188} INFO - [2026-05-19T14:16:00.490+0000] {dag.py:3096} INFO - Sync 3 DAGs
[2026-05-19T14:16:00.578+0000] {logging_mixin.py:188} INFO - [2026-05-19T14:16:00.577+0000] {dag.py:3954} INFO - Setting next_dagrun for example_subdag_operator to 2022-01-01 00:00:00+00:00, run_after=2022-01-01 00:00:00+00:00
[2026-05-19T14:16:00.596+0000] {logging_mixin.py:188} INFO - [2026-05-19T14:16:00.595+0000] {dag.py:3954} INFO - Setting next_dagrun for example_subdag_operator.section-1 to None, run_after=None
[2026-05-19T14:16:00.602+0000] {logging_mixin.py:188} INFO - [2026-05-19T14:16:00.601+0000] {dag.py:3954} INFO - Setting next_dagrun for example_subdag_operator.section-2 to None, run_after=None
[2026-05-19T14:16:00.638+0000] {logging_mixin.py:188} INFO - [2026-05-19T14:16:00.637+0000] {dag.py:3096} INFO - Sync 2 DAGs
[2026-05-19T14:16:00.658+0000] {logging_mixin.py:188} INFO - [2026-05-19T14:16:00.657+0000] {dag.py:3954} INFO - Setting next_dagrun for example_subdag_operator.section-1 to None, run_after=None
[2026-05-19T14:16:00.660+0000] {logging_mixin.py:188} INFO - [2026-05-19T14:16:00.659+0000] {dag.py:3954} INFO - Setting next_dagrun for example_subdag_operator.section-2 to None, run_after=None
[2026-05-19T14:16:00.705+0000] {processor.py:183} INFO - Processing /home/airflow/.local/lib/python3.12/site-packages/airflow/example_dags/example_subdag_operator.py took 0.402 seconds
[2026-05-19T14:16:31.636+0000] {processor.py:161} INFO - Started process (PID=5380) to work on /home/airflow/.local/lib/python3.12/site-packages/airflow/example_dags/example_subdag_operator.py
[2026-05-19T14:16:31.638+0000] {processor.py:830} INFO - Processing file /home/airflow/.local/lib/python3.12/site-packages/airflow/example_dags/example_subdag_operator.py for tasks to queue
[2026-05-19T14:16:31.643+0000] {logging_mixin.py:188} INFO - [2026-05-19T14:16:31.642+0000] {dagbag.py:545} INFO - Filling up the DagBag from /home/airflow/.local/lib/python3.12/site-packages/airflow/example_dags/example_subdag_operator.py
[2026-05-19T14:16:31.693+0000] {processor.py:840} INFO - DAG(s) 'example_subdag_operator.section-1', 'example_subdag_operator.section-2', 'example_subdag_operator' retrieved from /home/airflow/.local/lib/python3.12/site-packages/airflow/example_dags/example_subdag_operator.py
[2026-05-19T14:16:31.726+0000] {logging_mixin.py:188} INFO - [2026-05-19T14:16:31.725+0000] {dag.py:3096} INFO - Sync 3 DAGs
[2026-05-19T14:16:31.774+0000] {logging_mixin.py:188} INFO - [2026-05-19T14:16:31.773+0000] {dag.py:3954} INFO - Setting next_dagrun for example_subdag_operator to 2022-01-01 00:00:00+00:00, run_after=2022-01-01 00:00:00+00:00
[2026-05-19T14:16:31.783+0000] {logging_mixin.py:188} INFO - [2026-05-19T14:16:31.782+0000] {dag.py:3954} INFO - Setting next_dagrun for example_subdag_operator.section-1 to None, run_after=None
[2026-05-19T14:16:31.786+0000] {logging_mixin.py:188} INFO - [2026-05-19T14:16:31.786+0000] {dag.py:3954} INFO - Setting next_dagrun for example_subdag_operator.section-2 to None, run_after=None
[2026-05-19T14:16:31.799+0000] {logging_mixin.py:188} INFO - [2026-05-19T14:16:31.799+0000] {dag.py:3096} INFO - Sync 2 DAGs
[2026-05-19T14:16:31.811+0000] {logging_mixin.py:188} INFO - [2026-05-19T14:16:31.811+0000] {dag.py:3954} INFO - Setting next_dagrun for example_subdag_operator.section-1 to None, run_after=None
[2026-05-19T14:16:31.813+0000] {logging_mixin.py:188} INFO - [2026-05-19T14:16:31.812+0000] {dag.py:3954} INFO - Setting next_dagrun for example_subdag_operator.section-2 to None, run_after=None
[2026-05-19T14:16:31.844+0000] {processor.py:183} INFO - Processing /home/airflow/.local/lib/python3.12/site-packages/airflow/example_dags/example_subdag_operator.py took 0.218 seconds
[2026-05-19T14:17:02.138+0000] {processor.py:161} INFO - Started process (PID=5439) to work on /home/airflow/.local/lib/python3.12/site-packages/airflow/example_dags/example_subdag_operator.py
[2026-05-19T14:17:02.140+0000] {processor.py:830} INFO - Processing file /home/airflow/.local/lib/python3.12/site-packages/airflow/example_dags/example_subdag_operator.py for tasks to queue
[2026-05-19T14:17:02.144+0000] {logging_mixin.py:188} INFO - [2026-05-19T14:17:02.144+0000] {dagbag.py:545} INFO - Filling up the DagBag from /home/airflow/.local/lib/python3.12/site-packages/airflow/example_dags/example_subdag_operator.py
[2026-05-19T14:17:02.203+0000] {processor.py:840} INFO - DAG(s) 'example_subdag_operator.section-1', 'example_subdag_operator.section-2', 'example_subdag_operator' retrieved from /home/airflow/.local/lib/python3.12/site-packages/airflow/example_dags/example_subdag_operator.py
[2026-05-19T14:17:02.238+0000] {logging_mixin.py:188} INFO - [2026-05-19T14:17:02.238+0000] {dag.py:3096} INFO - Sync 3 DAGs
[2026-05-19T14:17:02.285+0000] {logging_mixin.py:188} INFO - [2026-05-19T14:17:02.284+0000] {dag.py:3954} INFO - Setting next_dagrun for example_subdag_operator to 2022-01-01 00:00:00+00:00, run_after=2022-01-01 00:00:00+00:00
[2026-05-19T14:17:02.296+0000] {logging_mixin.py:188} INFO - [2026-05-19T14:17:02.295+0000] {dag.py:3954} INFO - Setting next_dagrun for example_subdag_operator.section-1 to None, run_after=None
[2026-05-19T14:17:02.300+0000] {logging_mixin.py:188} INFO - [2026-05-19T14:17:02.299+0000] {dag.py:3954} INFO - Setting next_dagrun for example_subdag_operator.section-2 to None, run_after=None
[2026-05-19T14:17:02.316+0000] {logging_mixin.py:188} INFO - [2026-05-19T14:17:02.315+0000] {dag.py:3096} INFO - Sync 2 DAGs
[2026-05-19T14:17:02.333+0000] {logging_mixin.py:188} INFO - [2026-05-19T14:17:02.332+0000] {dag.py:3954} INFO - Setting next_dagrun for example_subdag_operator.section-1 to None, run_after=None
[2026-05-19T14:17:02.335+0000] {logging_mixin.py:188} INFO - [2026-05-19T14:17:02.334+0000] {dag.py:3954} INFO - Setting next_dagrun for example_subdag_operator.section-2 to None, run_after=None
[2026-05-19T14:17:02.364+0000] {processor.py:183} INFO - Processing /home/airflow/.local/lib/python3.12/site-packages/airflow/example_dags/example_subdag_operator.py took 0.237 seconds
[2026-05-19T14:17:33.097+0000] {processor.py:161} INFO - Started process (PID=5498) to work on /home/airflow/.local/lib/python3.12/site-packages/airflow/example_dags/example_subdag_operator.py
[2026-05-19T14:17:33.098+0000] {processor.py:830} INFO - Processing file /home/airflow/.local/lib/python3.12/site-packages/airflow/example_dags/example_subdag_operator.py for tasks to queue
[2026-05-19T14:17:33.103+0000] {logging_mixin.py:188} INFO - [2026-05-19T14:17:33.102+0000] {dagbag.py:545} INFO - Filling up the DagBag from /home/airflow/.local/lib/python3.12/site-packages/airflow/example_dags/example_subdag_operator.py
[2026-05-19T14:17:33.149+0000] {processor.py:840} INFO - DAG(s) 'example_subdag_operator.section-1', 'example_subdag_operator.section-2', 'example_subdag_operator' retrieved from /home/airflow/.local/lib/python3.12/site-packages/airflow/example_dags/example_subdag_operator.py
[2026-05-19T14:17:33.173+0000] {logging_mixin.py:188} INFO - [2026-05-19T14:17:33.173+0000] {dag.py:3096} INFO - Sync 3 DAGs
[2026-05-19T14:17:33.214+0000] {logging_mixin.py:188} INFO - [2026-05-19T14:17:33.213+0000] {dag.py:3954} INFO - Setting next_dagrun for example_subdag_operator to 2022-01-01 00:00:00+00:00, run_after=2022-01-01 00:00:00+00:00
[2026-05-19T14:17:33.223+0000] {logging_mixin.py:188} INFO - [2026-05-19T14:17:33.223+0000] {dag.py:3954} INFO - Setting next_dagrun for example_subdag_operator.section-1 to None, run_after=None
[2026-05-19T14:17:33.226+0000] {logging_mixin.py:188} INFO - [2026-05-19T14:17:33.225+0000] {dag.py:3954} INFO - Setting next_dagrun for example_subdag_operator.section-2 to None, run_after=None
[2026-05-19T14:17:33.236+0000] {logging_mixin.py:188} INFO - [2026-05-19T14:17:33.236+0000] {dag.py:3096} INFO - Sync 2 DAGs
[2026-05-19T14:17:33.247+0000] {logging_mixin.py:188} INFO - [2026-05-19T14:17:33.246+0000] {dag.py:3954} INFO - Setting next_dagrun for example_subdag_operator.section-1 to None, run_after=None
[2026-05-19T14:17:33.248+0000] {logging_mixin.py:188} INFO - [2026-05-19T14:17:33.248+0000] {dag.py:3954} INFO - Setting next_dagrun for example_subdag_operator.section-2 to None, run_after=None
[2026-05-19T14:17:33.278+0000] {processor.py:183} INFO - Processing /home/airflow/.local/lib/python3.12/site-packages/airflow/example_dags/example_subdag_operator.py took 0.191 seconds
[2026-05-19T14:18:03.537+0000] {processor.py:161} INFO - Started process (PID=5557) to work on /home/airflow/.local/lib/python3.12/site-packages/airflow/example_dags/example_subdag_operator.py
[2026-05-19T14:18:03.539+0000] {processor.py:830} INFO - Processing file /home/airflow/.local/lib/python3.12/site-packages/airflow/example_dags/example_subdag_operator.py for tasks to queue
[2026-05-19T14:18:03.544+0000] {logging_mixin.py:188} INFO - [2026-05-19T14:18:03.543+0000] {dagbag.py:545} INFO - Filling up the DagBag from /home/airflow/.local/lib/python3.12/site-packages/airflow/example_dags/example_subdag_operator.py
[2026-05-19T14:18:03.573+0000] {processor.py:840} INFO - DAG(s) 'example_subdag_operator.section-1', 'example_subdag_operator.section-2', 'example_subdag_operator' retrieved from /home/airflow/.local/lib/python3.12/site-packages/airflow/example_dags/example_subdag_operator.py
[2026-05-19T14:18:03.599+0000] {logging_mixin.py:188} INFO - [2026-05-19T14:18:03.598+0000] {dag.py:3096} INFO - Sync 3 DAGs
[2026-05-19T14:18:03.631+0000] {logging_mixin.py:188} INFO - [2026-05-19T14:18:03.631+0000] {dag.py:3954} INFO - Setting next_dagrun for example_subdag_operator to 2022-01-01 00:00:00+00:00, run_after=2022-01-01 00:00:00+00:00
[2026-05-19T14:18:03.635+0000] {logging_mixin.py:188} INFO - [2026-05-19T14:18:03.635+0000] {dag.py:3954} INFO - Setting next_dagrun for example_subdag_operator.section-1 to None, run_after=None
[2026-05-19T14:18:03.638+0000] {logging_mixin.py:188} INFO - [2026-05-19T14:18:03.637+0000] {dag.py:3954} INFO - Setting next_dagrun for example_subdag_operator.section-2 to None, run_after=None
[2026-05-19T14:18:03.650+0000] {logging_mixin.py:188} INFO - [2026-05-19T14:18:03.650+0000] {dag.py:3096} INFO - Sync 2 DAGs
[2026-05-19T14:18:03.659+0000] {logging_mixin.py:188} INFO - [2026-05-19T14:18:03.659+0000] {dag.py:3954} INFO - Setting next_dagrun for example_subdag_operator.section-1 to None, run_after=None
[2026-05-19T14:18:03.662+0000] {logging_mixin.py:188} INFO - [2026-05-19T14:18:03.661+0000] {dag.py:3954} INFO - Setting next_dagrun for example_subdag_operator.section-2 to None, run_after=None
[2026-05-19T14:18:03.689+0000] {processor.py:183} INFO - Processing /home/airflow/.local/lib/python3.12/site-packages/airflow/example_dags/example_subdag_operator.py took 0.160 seconds
[2026-05-19T14:18:34.226+0000] {processor.py:161} INFO - Started process (PID=5616) to work on /home/airflow/.local/lib/python3.12/site-packages/airflow/example_dags/example_subdag_operator.py
[2026-05-19T14:18:34.228+0000] {processor.py:830} INFO - Processing file /home/airflow/.local/lib/python3.12/site-packages/airflow/example_dags/example_subdag_operator.py for tasks to queue
[2026-05-19T14:18:34.230+0000] {logging_mixin.py:188} INFO - [2026-05-19T14:18:34.230+0000] {dagbag.py:545} INFO - Filling up the DagBag from /home/airflow/.local/lib/python3.12/site-packages/airflow/example_dags/example_subdag_operator.py
[2026-05-19T14:18:34.256+0000] {processor.py:840} INFO - DAG(s) 'example_subdag_operator.section-1', 'example_subdag_operator.section-2', 'example_subdag_operator' retrieved from /home/airflow/.local/lib/python3.12/site-packages/airflow/example_dags/example_subdag_operator.py
[2026-05-19T14:18:34.270+0000] {logging_mixin.py:188} INFO - [2026-05-19T14:18:34.270+0000] {dag.py:3096} INFO - Sync 3 DAGs
[2026-05-19T14:18:34.299+0000] {logging_mixin.py:188} INFO - [2026-05-19T14:18:34.299+0000] {dag.py:3954} INFO - Setting next_dagrun for example_subdag_operator to 2022-01-01 00:00:00+00:00, run_after=2022-01-01 00:00:00+00:00
[2026-05-19T14:18:34.306+0000] {logging_mixin.py:188} INFO - [2026-05-19T14:18:34.305+0000] {dag.py:3954} INFO - Setting next_dagrun for example_subdag_operator.section-1 to None, run_after=None
[2026-05-19T14:18:34.310+0000] {logging_mixin.py:188} INFO - [2026-05-19T14:18:34.310+0000] {dag.py:3954} INFO - Setting next_dagrun for example_subdag_operator.section-2 to None, run_after=None
[2026-05-19T14:18:34.317+0000] {logging_mixin.py:188} INFO - [2026-05-19T14:18:34.317+0000] {dag.py:3096} INFO - Sync 2 DAGs
[2026-05-19T14:18:34.326+0000] {logging_mixin.py:188} INFO - [2026-05-19T14:18:34.325+0000] {dag.py:3954} INFO - Setting next_dagrun for example_subdag_operator.section-1 to None, run_after=None
[2026-05-19T14:18:34.327+0000] {logging_mixin.py:188} INFO - [2026-05-19T14:18:34.326+0000] {dag.py:3954} INFO - Setting next_dagrun for example_subdag_operator.section-2 to None, run_after=None
[2026-05-19T14:18:34.345+0000] {processor.py:183} INFO - Processing /home/airflow/.local/lib/python3.12/site-packages/airflow/example_dags/example_subdag_operator.py took 0.126 seconds
[2026-05-19T14:19:04.746+0000] {processor.py:161} INFO - Started process (PID=5675) to work on /home/airflow/.local/lib/python3.12/site-packages/airflow/example_dags/example_subdag_operator.py
[2026-05-19T14:19:04.748+0000] {processor.py:830} INFO - Processing file /home/airflow/.local/lib/python3.12/site-packages/airflow/example_dags/example_subdag_operator.py for tasks to queue
[2026-05-19T14:19:04.751+0000] {logging_mixin.py:188} INFO - [2026-05-19T14:19:04.751+0000] {dagbag.py:545} INFO - Filling up the DagBag from /home/airflow/.local/lib/python3.12/site-packages/airflow/example_dags/example_subdag_operator.py
[2026-05-19T14:19:04.801+0000] {processor.py:840} INFO - DAG(s) 'example_subdag_operator.section-1', 'example_subdag_operator.section-2', 'example_subdag_operator' retrieved from /home/airflow/.local/lib/python3.12/site-packages/airflow/example_dags/example_subdag_operator.py
[2026-05-19T14:19:04.829+0000] {logging_mixin.py:188} INFO - [2026-05-19T14:19:04.829+0000] {dag.py:3096} INFO - Sync 3 DAGs
[2026-05-19T14:19:04.861+0000] {logging_mixin.py:188} INFO - [2026-05-19T14:19:04.861+0000] {dag.py:3954} INFO - Setting next_dagrun for example_subdag_operator to 2022-01-01 00:00:00+00:00, run_after=2022-01-01 00:00:00+00:00
[2026-05-19T14:19:04.866+0000] {logging_mixin.py:188} INFO - [2026-05-19T14:19:04.865+0000] {dag.py:3954} INFO - Setting next_dagrun for example_subdag_operator.section-1 to None, run_after=None
[2026-05-19T14:19:04.868+0000] {logging_mixin.py:188} INFO - [2026-05-19T14:19:04.867+0000] {dag.py:3954} INFO - Setting next_dagrun for example_subdag_operator.section-2 to None, run_after=None
[2026-05-19T14:19:04.877+0000] {logging_mixin.py:188} INFO - [2026-05-19T14:19:04.877+0000] {dag.py:3096} INFO - Sync 2 DAGs
[2026-05-19T14:19:04.884+0000] {logging_mixin.py:188} INFO - [2026-05-19T14:19:04.884+0000] {dag.py:3954} INFO - Setting next_dagrun for example_subdag_operator.section-1 to None, run_after=None
[2026-05-19T14:19:04.886+0000] {logging_mixin.py:188} INFO - [2026-05-19T14:19:04.885+0000] {dag.py:3954} INFO - Setting next_dagrun for example_subdag_operator.section-2 to None, run_after=None
[2026-05-19T14:19:04.912+0000] {processor.py:183} INFO - Processing /home/airflow/.local/lib/python3.12/site-packages/airflow/example_dags/example_subdag_operator.py took 0.182 seconds
[2026-05-19T14:19:35.396+0000] {processor.py:161} INFO - Started process (PID=5734) to work on /home/airflow/.local/lib/python3.12/site-packages/airflow/example_dags/example_subdag_operator.py
[2026-05-19T14:19:35.399+0000] {processor.py:830} INFO - Processing file /home/airflow/.local/lib/python3.12/site-packages/airflow/example_dags/example_subdag_operator.py for tasks to queue
[2026-05-19T14:19:35.406+0000] {logging_mixin.py:188} INFO - [2026-05-19T14:19:35.405+0000] {dagbag.py:545} INFO - Filling up the DagBag from /home/airflow/.local/lib/python3.12/site-packages/airflow/example_dags/example_subdag_operator.py
[2026-05-19T14:19:35.474+0000] {processor.py:840} INFO - DAG(s) 'example_subdag_operator.section-1', 'example_subdag_operator.section-2', 'example_subdag_operator' retrieved from /home/airflow/.local/lib/python3.12/site-packages/airflow/example_dags/example_subdag_operator.py
[2026-05-19T14:19:35.518+0000] {logging_mixin.py:188} INFO - [2026-05-19T14:19:35.517+0000] {dag.py:3096} INFO - Sync 3 DAGs
[2026-05-19T14:19:35.557+0000] {logging_mixin.py:188} INFO - [2026-05-19T14:19:35.556+0000] {dag.py:3954} INFO - Setting next_dagrun for example_subdag_operator to 2022-01-01 00:00:00+00:00, run_after=2022-01-01 00:00:00+00:00
[2026-05-19T14:19:35.566+0000] {logging_mixin.py:188} INFO - [2026-05-19T14:19:35.566+0000] {dag.py:3954} INFO - Setting next_dagrun for example_subdag_operator.section-1 to None, run_after=None
[2026-05-19T14:19:35.570+0000] {logging_mixin.py:188} INFO - [2026-05-19T14:19:35.569+0000] {dag.py:3954} INFO - Setting next_dagrun for example_subdag_operator.section-2 to None, run_after=None
[2026-05-19T14:19:35.581+0000] {logging_mixin.py:188} INFO - [2026-05-19T14:19:35.581+0000] {dag.py:3096} INFO - Sync 2 DAGs
[2026-05-19T14:19:35.591+0000] {logging_mixin.py:188} INFO - [2026-05-19T14:19:35.591+0000] {dag.py:3954} INFO - Setting next_dagrun for example_subdag_operator.section-1 to None, run_after=None
[2026-05-19T14:19:35.592+0000] {logging_mixin.py:188} INFO - [2026-05-19T14:19:35.592+0000] {dag.py:3954} INFO - Setting next_dagrun for example_subdag_operator.section-2 to None, run_after=None
[2026-05-19T14:19:35.614+0000] {processor.py:183} INFO - Processing /home/airflow/.local/lib/python3.12/site-packages/airflow/example_dags/example_subdag_operator.py took 0.237 seconds
[2026-05-19T14:20:05.722+0000] {processor.py:161} INFO - Started process (PID=5793) to work on /home/airflow/.local/lib/python3.12/site-packages/airflow/example_dags/example_subdag_operator.py
[2026-05-19T14:20:05.723+0000] {processor.py:830} INFO - Processing file /home/airflow/.local/lib/python3.12/site-packages/airflow/example_dags/example_subdag_operator.py for tasks to queue
[2026-05-19T14:20:05.726+0000] {logging_mixin.py:188} INFO - [2026-05-19T14:20:05.726+0000] {dagbag.py:545} INFO - Filling up the DagBag from /home/airflow/.local/lib/python3.12/site-packages/airflow/example_dags/example_subdag_operator.py
[2026-05-19T14:20:05.764+0000] {processor.py:840} INFO - DAG(s) 'example_subdag_operator.section-1', 'example_subdag_operator.section-2', 'example_subdag_operator' retrieved from /home/airflow/.local/lib/python3.12/site-packages/airflow/example_dags/example_subdag_operator.py
[2026-05-19T14:20:05.784+0000] {logging_mixin.py:188} INFO - [2026-05-19T14:20:05.783+0000] {dag.py:3096} INFO - Sync 3 DAGs
[2026-05-19T14:20:05.808+0000] {logging_mixin.py:188} INFO - [2026-05-19T14:20:05.807+0000] {dag.py:3954} INFO - Setting next_dagrun for example_subdag_operator to 2022-01-01 00:00:00+00:00, run_after=2022-01-01 00:00:00+00:00
[2026-05-19T14:20:05.815+0000] {logging_mixin.py:188} INFO - [2026-05-19T14:20:05.814+0000] {dag.py:3954} INFO - Setting next_dagrun for example_subdag_operator.section-1 to None, run_after=None
[2026-05-19T14:20:05.817+0000] {logging_mixin.py:188} INFO - [2026-05-19T14:20:05.817+0000] {dag.py:3954} INFO - Setting next_dagrun for example_subdag_operator.section-2 to None, run_after=None
[2026-05-19T14:20:05.827+0000] {logging_mixin.py:188} INFO - [2026-05-19T14:20:05.826+0000] {dag.py:3096} INFO - Sync 2 DAGs
[2026-05-19T14:20:05.834+0000] {logging_mixin.py:188} INFO - [2026-05-19T14:20:05.833+0000] {dag.py:3954} INFO - Setting next_dagrun for example_subdag_operator.section-1 to None, run_after=None
[2026-05-19T14:20:05.834+0000] {logging_mixin.py:188} INFO - [2026-05-19T14:20:05.834+0000] {dag.py:3954} INFO - Setting next_dagrun for example_subdag_operator.section-2 to None, run_after=None
[2026-05-19T14:20:05.856+0000] {processor.py:183} INFO - Processing /home/airflow/.local/lib/python3.12/site-packages/airflow/example_dags/example_subdag_operator.py took 0.141 seconds
[2026-05-19T14:20:36.268+0000] {processor.py:161} INFO - Started process (PID=5852) to work on /home/airflow/.local/lib/python3.12/site-packages/airflow/example_dags/example_subdag_operator.py
[2026-05-19T14:20:36.269+0000] {processor.py:830} INFO - Processing file /home/airflow/.local/lib/python3.12/site-packages/airflow/example_dags/example_subdag_operator.py for tasks to queue
[2026-05-19T14:20:36.271+0000] {logging_mixin.py:188} INFO - [2026-05-19T14:20:36.271+0000] {dagbag.py:545} INFO - Filling up the DagBag from /home/airflow/.local/lib/python3.12/site-packages/airflow/example_dags/example_subdag_operator.py
[2026-05-19T14:20:36.295+0000] {processor.py:840} INFO - DAG(s) 'example_subdag_operator.section-1', 'example_subdag_operator.section-2', 'example_subdag_operator' retrieved from /home/airflow/.local/lib/python3.12/site-packages/airflow/example_dags/example_subdag_operator.py
[2026-05-19T14:20:36.310+0000] {logging_mixin.py:188} INFO - [2026-05-19T14:20:36.310+0000] {dag.py:3096} INFO - Sync 3 DAGs
[2026-05-19T14:20:36.334+0000] {logging_mixin.py:188} INFO - [2026-05-19T14:20:36.334+0000] {dag.py:3954} INFO - Setting next_dagrun for example_subdag_operator to 2022-01-01 00:00:00+00:00, run_after=2022-01-01 00:00:00+00:00
[2026-05-19T14:20:36.469+0000] {logging_mixin.py:188} INFO - [2026-05-19T14:20:36.469+0000] {dag.py:3954} INFO - Setting next_dagrun for example_subdag_operator.section-1 to None, run_after=None
[2026-05-19T14:20:36.471+0000] {logging_mixin.py:188} INFO - [2026-05-19T14:20:36.471+0000] {dag.py:3954} INFO - Setting next_dagrun for example_subdag_operator.section-2 to None, run_after=None
[2026-05-19T14:20:36.478+0000] {logging_mixin.py:188} INFO - [2026-05-19T14:20:36.477+0000] {dag.py:3096} INFO - Sync 2 DAGs
[2026-05-19T14:20:36.487+0000] {logging_mixin.py:188} INFO - [2026-05-19T14:20:36.486+0000] {dag.py:3954} INFO - Setting next_dagrun for example_subdag_operator.section-1 to None, run_after=None
[2026-05-19T14:20:36.487+0000] {logging_mixin.py:188} INFO - [2026-05-19T14:20:36.487+0000] {dag.py:3954} INFO - Setting next_dagrun for example_subdag_operator.section-2 to None, run_after=None
[2026-05-19T14:20:36.500+0000] {processor.py:183} INFO - Processing /home/airflow/.local/lib/python3.12/site-packages/airflow/example_dags/example_subdag_operator.py took 0.237 seconds
[2026-05-19T14:21:06.590+0000] {processor.py:161} INFO - Started process (PID=5911) to work on /home/airflow/.local/lib/python3.12/site-packages/airflow/example_dags/example_subdag_operator.py
[2026-05-19T14:21:06.591+0000] {processor.py:830} INFO - Processing file /home/airflow/.local/lib/python3.12/site-packages/airflow/example_dags/example_subdag_operator.py for tasks to queue
[2026-05-19T14:21:06.593+0000] {logging_mixin.py:188} INFO - [2026-05-19T14:21:06.592+0000] {dagbag.py:545} INFO - Filling up the DagBag from /home/airflow/.local/lib/python3.12/site-packages/airflow/example_dags/example_subdag_operator.py
[2026-05-19T14:21:06.614+0000] {processor.py:840} INFO - DAG(s) 'example_subdag_operator.section-1', 'example_subdag_operator.section-2', 'example_subdag_operator' retrieved from /home/airflow/.local/lib/python3.12/site-packages/airflow/example_dags/example_subdag_operator.py
[2026-05-19T14:21:06.626+0000] {logging_mixin.py:188} INFO - [2026-05-19T14:21:06.625+0000] {dag.py:3096} INFO - Sync 3 DAGs
[2026-05-19T14:21:06.642+0000] {logging_mixin.py:188} INFO - [2026-05-19T14:21:06.642+0000] {dag.py:3954} INFO - Setting next_dagrun for example_subdag_operator to 2022-01-01 00:00:00+00:00, run_after=2022-01-01 00:00:00+00:00
[2026-05-19T14:21:06.646+0000] {logging_mixin.py:188} INFO - [2026-05-19T14:21:06.646+0000] {dag.py:3954} INFO - Setting next_dagrun for example_subdag_operator.section-1 to None, run_after=None
[2026-05-19T14:21:06.648+0000] {logging_mixin.py:188} INFO - [2026-05-19T14:21:06.648+0000] {dag.py:3954} INFO - Setting next_dagrun for example_subdag_operator.section-2 to None, run_after=None
[2026-05-19T14:21:06.778+0000] {logging_mixin.py:188} INFO - [2026-05-19T14:21:06.778+0000] {dag.py:3096} INFO - Sync 2 DAGs
[2026-05-19T14:21:06.784+0000] {logging_mixin.py:188} INFO - [2026-05-19T14:21:06.783+0000] {dag.py:3954} INFO - Setting next_dagrun for example_subdag_operator.section-1 to None, run_after=None
[2026-05-19T14:21:06.784+0000] {logging_mixin.py:188} INFO - [2026-05-19T14:21:06.784+0000] {dag.py:3954} INFO - Setting next_dagrun for example_subdag_operator.section-2 to None, run_after=None
[2026-05-19T14:21:06.794+0000] {processor.py:183} INFO - Processing /home/airflow/.local/lib/python3.12/site-packages/airflow/example_dags/example_subdag_operator.py took 0.209 seconds
[2026-05-19T14:21:36.906+0000] {processor.py:161} INFO - Started process (PID=5970) to work on /home/airflow/.local/lib/python3.12/site-packages/airflow/example_dags/example_subdag_operator.py
[2026-05-19T14:21:36.907+0000] {processor.py:830} INFO - Processing file /home/airflow/.local/lib/python3.12/site-packages/airflow/example_dags/example_subdag_operator.py for tasks to queue
[2026-05-19T14:21:36.909+0000] {logging_mixin.py:188} INFO - [2026-05-19T14:21:36.909+0000] {dagbag.py:545} INFO - Filling up the DagBag from /home/airflow/.local/lib/python3.12/site-packages/airflow/example_dags/example_subdag_operator.py
[2026-05-19T14:21:36.930+0000] {processor.py:840} INFO - DAG(s) 'example_subdag_operator.section-1', 'example_subdag_operator.section-2', 'example_subdag_operator' retrieved from /home/airflow/.local/lib/python3.12/site-packages/airflow/example_dags/example_subdag_operator.py
[2026-05-19T14:21:36.942+0000] {logging_mixin.py:188} INFO - [2026-05-19T14:21:36.942+0000] {dag.py:3096} INFO - Sync 3 DAGs
[2026-05-19T14:21:36.959+0000] {logging_mixin.py:188} INFO - [2026-05-19T14:21:36.959+0000] {dag.py:3954} INFO - Setting next_dagrun for example_subdag_operator to 2022-01-01 00:00:00+00:00, run_after=2022-01-01 00:00:00+00:00
[2026-05-19T14:21:36.963+0000] {logging_mixin.py:188} INFO - [2026-05-19T14:21:36.963+0000] {dag.py:3954} INFO - Setting next_dagrun for example_subdag_operator.section-1 to None, run_after=None
[2026-05-19T14:21:36.964+0000] {logging_mixin.py:188} INFO - [2026-05-19T14:21:36.964+0000] {dag.py:3954} INFO - Setting next_dagrun for example_subdag_operator.section-2 to None, run_after=None
[2026-05-19T14:21:36.971+0000] {logging_mixin.py:188} INFO - [2026-05-19T14:21:36.970+0000] {dag.py:3096} INFO - Sync 2 DAGs
[2026-05-19T14:21:36.976+0000] {logging_mixin.py:188} INFO - [2026-05-19T14:21:36.975+0000] {dag.py:3954} INFO - Setting next_dagrun for example_subdag_operator.section-1 to None, run_after=None
[2026-05-19T14:21:36.976+0000] {logging_mixin.py:188} INFO - [2026-05-19T14:21:36.976+0000] {dag.py:3954} INFO - Setting next_dagrun for example_subdag_operator.section-2 to None, run_after=None
[2026-05-19T14:21:37.000+0000] {processor.py:183} INFO - Processing /home/airflow/.local/lib/python3.12/site-packages/airflow/example_dags/example_subdag_operator.py took 0.098 seconds
[2026-05-19T17:35:44.019+0000] {processor.py:161} INFO - Started process (PID=6030) to work on /home/airflow/.local/lib/python3.12/site-packages/airflow/example_dags/example_subdag_operator.py
[2026-05-19T17:35:44.023+0000] {processor.py:830} INFO - Processing file /home/airflow/.local/lib/python3.12/site-packages/airflow/example_dags/example_subdag_operator.py for tasks to queue
[2026-05-19T17:35:44.029+0000] {logging_mixin.py:188} INFO - [2026-05-19T17:35:44.028+0000] {dagbag.py:545} INFO - Filling up the DagBag from /home/airflow/.local/lib/python3.12/site-packages/airflow/example_dags/example_subdag_operator.py
[2026-05-19T17:35:44.086+0000] {processor.py:840} INFO - DAG(s) 'example_subdag_operator.section-1', 'example_subdag_operator.section-2', 'example_subdag_operator' retrieved from /home/airflow/.local/lib/python3.12/site-packages/airflow/example_dags/example_subdag_operator.py
[2026-05-19T17:35:44.141+0000] {logging_mixin.py:188} INFO - [2026-05-19T17:35:44.140+0000] {dag.py:3096} INFO - Sync 3 DAGs
[2026-05-19T17:35:44.213+0000] {logging_mixin.py:188} INFO - [2026-05-19T17:35:44.212+0000] {dag.py:3954} INFO - Setting next_dagrun for example_subdag_operator to 2022-01-01 00:00:00+00:00, run_after=2022-01-01 00:00:00+00:00
[2026-05-19T17:35:44.231+0000] {logging_mixin.py:188} INFO - [2026-05-19T17:35:44.230+0000] {dag.py:3954} INFO - Setting next_dagrun for example_subdag_operator.section-1 to None, run_after=None
[2026-05-19T17:35:44.234+0000] {logging_mixin.py:188} INFO - [2026-05-19T17:35:44.234+0000] {dag.py:3954} INFO - Setting next_dagrun for example_subdag_operator.section-2 to None, run_after=None
[2026-05-19T17:35:44.257+0000] {logging_mixin.py:188} INFO - [2026-05-19T17:35:44.256+0000] {dag.py:3096} INFO - Sync 2 DAGs
[2026-05-19T17:35:44.269+0000] {logging_mixin.py:188} INFO - [2026-05-19T17:35:44.269+0000] {dag.py:3954} INFO - Setting next_dagrun for example_subdag_operator.section-1 to None, run_after=None
[2026-05-19T17:35:44.273+0000] {logging_mixin.py:188} INFO - [2026-05-19T17:35:44.271+0000] {dag.py:3954} INFO - Setting next_dagrun for example_subdag_operator.section-2 to None, run_after=None
[2026-05-19T17:35:44.299+0000] {processor.py:183} INFO - Processing /home/airflow/.local/lib/python3.12/site-packages/airflow/example_dags/example_subdag_operator.py took 0.294 seconds
[2026-05-19T17:36:14.926+0000] {processor.py:161} INFO - Started process (PID=6090) to work on /home/airflow/.local/lib/python3.12/site-packages/airflow/example_dags/example_subdag_operator.py
[2026-05-19T17:36:14.928+0000] {processor.py:830} INFO - Processing file /home/airflow/.local/lib/python3.12/site-packages/airflow/example_dags/example_subdag_operator.py for tasks to queue
[2026-05-19T17:36:14.931+0000] {logging_mixin.py:188} INFO - [2026-05-19T17:36:14.930+0000] {dagbag.py:545} INFO - Filling up the DagBag from /home/airflow/.local/lib/python3.12/site-packages/airflow/example_dags/example_subdag_operator.py
[2026-05-19T17:36:14.970+0000] {processor.py:840} INFO - DAG(s) 'example_subdag_operator.section-1', 'example_subdag_operator.section-2', 'example_subdag_operator' retrieved from /home/airflow/.local/lib/python3.12/site-packages/airflow/example_dags/example_subdag_operator.py
[2026-05-19T17:36:14.995+0000] {logging_mixin.py:188} INFO - [2026-05-19T17:36:14.994+0000] {dag.py:3096} INFO - Sync 3 DAGs
[2026-05-19T17:36:15.030+0000] {logging_mixin.py:188} INFO - [2026-05-19T17:36:15.030+0000] {dag.py:3954} INFO - Setting next_dagrun for example_subdag_operator to 2022-01-01 00:00:00+00:00, run_after=2022-01-01 00:00:00+00:00
[2026-05-19T17:36:15.046+0000] {logging_mixin.py:188} INFO - [2026-05-19T17:36:15.045+0000] {dag.py:3954} INFO - Setting next_dagrun for example_subdag_operator.section-1 to None, run_after=None
[2026-05-19T17:36:15.049+0000] {logging_mixin.py:188} INFO - [2026-05-19T17:36:15.049+0000] {dag.py:3954} INFO - Setting next_dagrun for example_subdag_operator.section-2 to None, run_after=None
[2026-05-19T17:36:15.069+0000] {logging_mixin.py:188} INFO - [2026-05-19T17:36:15.069+0000] {dag.py:3096} INFO - Sync 2 DAGs
[2026-05-19T17:36:15.080+0000] {logging_mixin.py:188} INFO - [2026-05-19T17:36:15.080+0000] {dag.py:3954} INFO - Setting next_dagrun for example_subdag_operator.section-1 to None, run_after=None
[2026-05-19T17:36:15.081+0000] {logging_mixin.py:188} INFO - [2026-05-19T17:36:15.081+0000] {dag.py:3954} INFO - Setting next_dagrun for example_subdag_operator.section-2 to None, run_after=None
[2026-05-19T17:36:15.100+0000] {processor.py:183} INFO - Processing /home/airflow/.local/lib/python3.12/site-packages/airflow/example_dags/example_subdag_operator.py took 0.185 seconds
[2026-05-19T17:36:45.451+0000] {processor.py:161} INFO - Started process (PID=6149) to work on /home/airflow/.local/lib/python3.12/site-packages/airflow/example_dags/example_subdag_operator.py
[2026-05-19T17:36:45.452+0000] {processor.py:830} INFO - Processing file /home/airflow/.local/lib/python3.12/site-packages/airflow/example_dags/example_subdag_operator.py for tasks to queue
[2026-05-19T17:36:45.454+0000] {logging_mixin.py:188} INFO - [2026-05-19T17:36:45.454+0000] {dagbag.py:545} INFO - Filling up the DagBag from /home/airflow/.local/lib/python3.12/site-packages/airflow/example_dags/example_subdag_operator.py
[2026-05-19T17:36:45.477+0000] {processor.py:840} INFO - DAG(s) 'example_subdag_operator.section-1', 'example_subdag_operator.section-2', 'example_subdag_operator' retrieved from /home/airflow/.local/lib/python3.12/site-packages/airflow/example_dags/example_subdag_operator.py
[2026-05-19T17:36:45.491+0000] {logging_mixin.py:188} INFO - [2026-05-19T17:36:45.491+0000] {dag.py:3096} INFO - Sync 3 DAGs
[2026-05-19T17:36:45.510+0000] {logging_mixin.py:188} INFO - [2026-05-19T17:36:45.510+0000] {dag.py:3954} INFO - Setting next_dagrun for example_subdag_operator to 2022-01-01 00:00:00+00:00, run_after=2022-01-01 00:00:00+00:00
[2026-05-19T17:36:45.513+0000] {logging_mixin.py:188} INFO - [2026-05-19T17:36:45.513+0000] {dag.py:3954} INFO - Setting next_dagrun for example_subdag_operator.section-1 to None, run_after=None
[2026-05-19T17:36:45.515+0000] {logging_mixin.py:188} INFO - [2026-05-19T17:36:45.515+0000] {dag.py:3954} INFO - Setting next_dagrun for example_subdag_operator.section-2 to None, run_after=None
[2026-05-19T17:36:45.525+0000] {logging_mixin.py:188} INFO - [2026-05-19T17:36:45.524+0000] {dag.py:3096} INFO - Sync 2 DAGs
[2026-05-19T17:36:45.531+0000] {logging_mixin.py:188} INFO - [2026-05-19T17:36:45.531+0000] {dag.py:3954} INFO - Setting next_dagrun for example_subdag_operator.section-1 to None, run_after=None
[2026-05-19T17:36:45.532+0000] {logging_mixin.py:188} INFO - [2026-05-19T17:36:45.532+0000] {dag.py:3954} INFO - Setting next_dagrun for example_subdag_operator.section-2 to None, run_after=None
[2026-05-19T17:36:45.543+0000] {processor.py:183} INFO - Processing /home/airflow/.local/lib/python3.12/site-packages/airflow/example_dags/example_subdag_operator.py took 0.098 seconds
[2026-05-19T17:37:16.269+0000] {processor.py:161} INFO - Started process (PID=6208) to work on /home/airflow/.local/lib/python3.12/site-packages/airflow/example_dags/example_subdag_operator.py
[2026-05-19T17:37:16.271+0000] {processor.py:830} INFO - Processing file /home/airflow/.local/lib/python3.12/site-packages/airflow/example_dags/example_subdag_operator.py for tasks to queue
[2026-05-19T17:37:16.274+0000] {logging_mixin.py:188} INFO - [2026-05-19T17:37:16.273+0000] {dagbag.py:545} INFO - Filling up the DagBag from /home/airflow/.local/lib/python3.12/site-packages/airflow/example_dags/example_subdag_operator.py
[2026-05-19T17:37:16.307+0000] {processor.py:840} INFO - DAG(s) 'example_subdag_operator.section-1', 'example_subdag_operator.section-2', 'example_subdag_operator' retrieved from /home/airflow/.local/lib/python3.12/site-packages/airflow/example_dags/example_subdag_operator.py
[2026-05-19T17:37:16.330+0000] {logging_mixin.py:188} INFO - [2026-05-19T17:37:16.330+0000] {dag.py:3096} INFO - Sync 3 DAGs
[2026-05-19T17:37:16.355+0000] {logging_mixin.py:188} INFO - [2026-05-19T17:37:16.354+0000] {dag.py:3954} INFO - Setting next_dagrun for example_subdag_operator to 2022-01-01 00:00:00+00:00, run_after=2022-01-01 00:00:00+00:00
[2026-05-19T17:37:16.361+0000] {logging_mixin.py:188} INFO - [2026-05-19T17:37:16.361+0000] {dag.py:3954} INFO - Setting next_dagrun for example_subdag_operator.section-1 to None, run_after=None
[2026-05-19T17:37:16.363+0000] {logging_mixin.py:188} INFO - [2026-05-19T17:37:16.363+0000] {dag.py:3954} INFO - Setting next_dagrun for example_subdag_operator.section-2 to None, run_after=None
[2026-05-19T17:37:16.375+0000] {logging_mixin.py:188} INFO - [2026-05-19T17:37:16.374+0000] {dag.py:3096} INFO - Sync 2 DAGs
[2026-05-19T17:37:16.384+0000] {logging_mixin.py:188} INFO - [2026-05-19T17:37:16.383+0000] {dag.py:3954} INFO - Setting next_dagrun for example_subdag_operator.section-1 to None, run_after=None
[2026-05-19T17:37:16.385+0000] {logging_mixin.py:188} INFO - [2026-05-19T17:37:16.384+0000] {dag.py:3954} INFO - Setting next_dagrun for example_subdag_operator.section-2 to None, run_after=None
[2026-05-19T17:37:16.400+0000] {processor.py:183} INFO - Processing /home/airflow/.local/lib/python3.12/site-packages/airflow/example_dags/example_subdag_operator.py took 0.138 seconds
[2026-05-19T17:37:47.844+0000] {processor.py:161} INFO - Started process (PID=6267) to work on /home/airflow/.local/lib/python3.12/site-packages/airflow/example_dags/example_subdag_operator.py
[2026-05-19T17:37:47.845+0000] {processor.py:830} INFO - Processing file /home/airflow/.local/lib/python3.12/site-packages/airflow/example_dags/example_subdag_operator.py for tasks to queue
[2026-05-19T17:37:47.847+0000] {logging_mixin.py:188} INFO - [2026-05-19T17:37:47.846+0000] {dagbag.py:545} INFO - Filling up the DagBag from /home/airflow/.local/lib/python3.12/site-packages/airflow/example_dags/example_subdag_operator.py
[2026-05-19T17:37:47.871+0000] {processor.py:840} INFO - DAG(s) 'example_subdag_operator.section-1', 'example_subdag_operator.section-2', 'example_subdag_operator' retrieved from /home/airflow/.local/lib/python3.12/site-packages/airflow/example_dags/example_subdag_operator.py
[2026-05-19T17:37:47.887+0000] {logging_mixin.py:188} INFO - [2026-05-19T17:37:47.887+0000] {dag.py:3096} INFO - Sync 3 DAGs
[2026-05-19T17:37:47.908+0000] {logging_mixin.py:188} INFO - [2026-05-19T17:37:47.908+0000] {dag.py:3954} INFO - Setting next_dagrun for example_subdag_operator to 2022-01-01 00:00:00+00:00, run_after=2022-01-01 00:00:00+00:00
[2026-05-19T17:37:47.912+0000] {logging_mixin.py:188} INFO - [2026-05-19T17:37:47.912+0000] {dag.py:3954} INFO - Setting next_dagrun for example_subdag_operator.section-1 to None, run_after=None
[2026-05-19T17:37:47.913+0000] {logging_mixin.py:188} INFO - [2026-05-19T17:37:47.913+0000] {dag.py:3954} INFO - Setting next_dagrun for example_subdag_operator.section-2 to None, run_after=None
[2026-05-19T17:37:47.922+0000] {logging_mixin.py:188} INFO - [2026-05-19T17:37:47.922+0000] {dag.py:3096} INFO - Sync 2 DAGs
[2026-05-19T17:37:47.932+0000] {logging_mixin.py:188} INFO - [2026-05-19T17:37:47.932+0000] {dag.py:3954} INFO - Setting next_dagrun for example_subdag_operator.section-1 to None, run_after=None
[2026-05-19T17:37:47.933+0000] {logging_mixin.py:188} INFO - [2026-05-19T17:37:47.933+0000] {dag.py:3954} INFO - Setting next_dagrun for example_subdag_operator.section-2 to None, run_after=None
[2026-05-19T17:37:47.948+0000] {processor.py:183} INFO - Processing /home/airflow/.local/lib/python3.12/site-packages/airflow/example_dags/example_subdag_operator.py took 0.110 seconds
[2026-05-19T17:38:18.238+0000] {processor.py:161} INFO - Started process (PID=6326) to work on /home/airflow/.local/lib/python3.12/site-packages/airflow/example_dags/example_subdag_operator.py
[2026-05-19T17:38:18.239+0000] {processor.py:830} INFO - Processing file /home/airflow/.local/lib/python3.12/site-packages/airflow/example_dags/example_subdag_operator.py for tasks to queue
[2026-05-19T17:38:18.241+0000] {logging_mixin.py:188} INFO - [2026-05-19T17:38:18.241+0000] {dagbag.py:545} INFO - Filling up the DagBag from /home/airflow/.local/lib/python3.12/site-packages/airflow/example_dags/example_subdag_operator.py
[2026-05-19T17:38:18.267+0000] {processor.py:840} INFO - DAG(s) 'example_subdag_operator.section-1', 'example_subdag_operator.section-2', 'example_subdag_operator' retrieved from /home/airflow/.local/lib/python3.12/site-packages/airflow/example_dags/example_subdag_operator.py
[2026-05-19T17:38:18.281+0000] {logging_mixin.py:188} INFO - [2026-05-19T17:38:18.281+0000] {dag.py:3096} INFO - Sync 3 DAGs
[2026-05-19T17:38:18.300+0000] {logging_mixin.py:188} INFO - [2026-05-19T17:38:18.300+0000] {dag.py:3954} INFO - Setting next_dagrun for example_subdag_operator to 2022-01-01 00:00:00+00:00, run_after=2022-01-01 00:00:00+00:00
[2026-05-19T17:38:18.304+0000] {logging_mixin.py:188} INFO - [2026-05-19T17:38:18.304+0000] {dag.py:3954} INFO - Setting next_dagrun for example_subdag_operator.section-1 to None, run_after=None
[2026-05-19T17:38:18.306+0000] {logging_mixin.py:188} INFO - [2026-05-19T17:38:18.306+0000] {dag.py:3954} INFO - Setting next_dagrun for example_subdag_operator.section-2 to None, run_after=None
[2026-05-19T17:38:18.312+0000] {logging_mixin.py:188} INFO - [2026-05-19T17:38:18.312+0000] {dag.py:3096} INFO - Sync 2 DAGs
[2026-05-19T17:38:18.316+0000] {logging_mixin.py:188} INFO - [2026-05-19T17:38:18.316+0000] {dag.py:3954} INFO - Setting next_dagrun for example_subdag_operator.section-1 to None, run_after=None
[2026-05-19T17:38:18.317+0000] {logging_mixin.py:188} INFO - [2026-05-19T17:38:18.317+0000] {dag.py:3954} INFO - Setting next_dagrun for example_subdag_operator.section-2 to None, run_after=None
[2026-05-19T17:38:18.328+0000] {processor.py:183} INFO - Processing /home/airflow/.local/lib/python3.12/site-packages/airflow/example_dags/example_subdag_operator.py took 0.096 seconds
[2026-05-19T17:38:49.360+0000] {processor.py:161} INFO - Started process (PID=6385) to work on /home/airflow/.local/lib/python3.12/site-packages/airflow/example_dags/example_subdag_operator.py
[2026-05-19T17:38:49.361+0000] {processor.py:830} INFO - Processing file /home/airflow/.local/lib/python3.12/site-packages/airflow/example_dags/example_subdag_operator.py for tasks to queue
[2026-05-19T17:38:49.363+0000] {logging_mixin.py:188} INFO - [2026-05-19T17:38:49.363+0000] {dagbag.py:545} INFO - Filling up the DagBag from /home/airflow/.local/lib/python3.12/site-packages/airflow/example_dags/example_subdag_operator.py
[2026-05-19T17:38:49.385+0000] {processor.py:840} INFO - DAG(s) 'example_subdag_operator.section-1', 'example_subdag_operator.section-2', 'example_subdag_operator' retrieved from /home/airflow/.local/lib/python3.12/site-packages/airflow/example_dags/example_subdag_operator.py
[2026-05-19T17:38:49.400+0000] {logging_mixin.py:188} INFO - [2026-05-19T17:38:49.400+0000] {dag.py:3096} INFO - Sync 3 DAGs
[2026-05-19T17:38:49.421+0000] {logging_mixin.py:188} INFO - [2026-05-19T17:38:49.421+0000] {dag.py:3954} INFO - Setting next_dagrun for example_subdag_operator to 2022-01-01 00:00:00+00:00, run_after=2022-01-01 00:00:00+00:00
[2026-05-19T17:38:49.425+0000] {logging_mixin.py:188} INFO - [2026-05-19T17:38:49.425+0000] {dag.py:3954} INFO - Setting next_dagrun for example_subdag_operator.section-1 to None, run_after=None
[2026-05-19T17:38:49.427+0000] {logging_mixin.py:188} INFO - [2026-05-19T17:38:49.426+0000] {dag.py:3954} INFO - Setting next_dagrun for example_subdag_operator.section-2 to None, run_after=None
[2026-05-19T17:38:49.432+0000] {logging_mixin.py:188} INFO - [2026-05-19T17:38:49.432+0000] {dag.py:3096} INFO - Sync 2 DAGs
[2026-05-19T17:38:49.438+0000] {logging_mixin.py:188} INFO - [2026-05-19T17:38:49.438+0000] {dag.py:3954} INFO - Setting next_dagrun for example_subdag_operator.section-1 to None, run_after=None
[2026-05-19T17:38:49.439+0000] {logging_mixin.py:188} INFO - [2026-05-19T17:38:49.439+0000] {dag.py:3954} INFO - Setting next_dagrun for example_subdag_operator.section-2 to None, run_after=None
[2026-05-19T17:38:49.461+0000] {processor.py:183} INFO - Processing /home/airflow/.local/lib/python3.12/site-packages/airflow/example_dags/example_subdag_operator.py took 0.108 seconds
[2026-05-19T17:39:19.681+0000] {processor.py:161} INFO - Started process (PID=6444) to work on /home/airflow/.local/lib/python3.12/site-packages/airflow/example_dags/example_subdag_operator.py
[2026-05-19T17:39:19.682+0000] {processor.py:830} INFO - Processing file /home/airflow/.local/lib/python3.12/site-packages/airflow/example_dags/example_subdag_operator.py for tasks to queue
[2026-05-19T17:39:19.685+0000] {logging_mixin.py:188} INFO - [2026-05-19T17:39:19.684+0000] {dagbag.py:545} INFO - Filling up the DagBag from /home/airflow/.local/lib/python3.12/site-packages/airflow/example_dags/example_subdag_operator.py
[2026-05-19T17:39:19.708+0000] {processor.py:840} INFO - DAG(s) 'example_subdag_operator.section-1', 'example_subdag_operator.section-2', 'example_subdag_operator' retrieved from /home/airflow/.local/lib/python3.12/site-packages/airflow/example_dags/example_subdag_operator.py
[2026-05-19T17:39:19.724+0000] {logging_mixin.py:188} INFO - [2026-05-19T17:39:19.724+0000] {dag.py:3096} INFO - Sync 3 DAGs
[2026-05-19T17:39:19.745+0000] {logging_mixin.py:188} INFO - [2026-05-19T17:39:19.745+0000] {dag.py:3954} INFO - Setting next_dagrun for example_subdag_operator to 2022-01-01 00:00:00+00:00, run_after=2022-01-01 00:00:00+00:00
[2026-05-19T17:39:19.749+0000] {logging_mixin.py:188} INFO - [2026-05-19T17:39:19.749+0000] {dag.py:3954} INFO - Setting next_dagrun for example_subdag_operator.section-1 to None, run_after=None
[2026-05-19T17:39:19.751+0000] {logging_mixin.py:188} INFO - [2026-05-19T17:39:19.751+0000] {dag.py:3954} INFO - Setting next_dagrun for example_subdag_operator.section-2 to None, run_after=None
[2026-05-19T17:39:19.758+0000] {logging_mixin.py:188} INFO - [2026-05-19T17:39:19.758+0000] {dag.py:3096} INFO - Sync 2 DAGs
[2026-05-19T17:39:19.764+0000] {logging_mixin.py:188} INFO - [2026-05-19T17:39:19.764+0000] {dag.py:3954} INFO - Setting next_dagrun for example_subdag_operator.section-1 to None, run_after=None
[2026-05-19T17:39:19.765+0000] {logging_mixin.py:188} INFO - [2026-05-19T17:39:19.765+0000] {dag.py:3954} INFO - Setting next_dagrun for example_subdag_operator.section-2 to None, run_after=None
[2026-05-19T17:39:19.776+0000] {processor.py:183} INFO - Processing /home/airflow/.local/lib/python3.12/site-packages/airflow/example_dags/example_subdag_operator.py took 0.108 seconds
[2026-05-19T17:39:49.994+0000] {processor.py:161} INFO - Started process (PID=6503) to work on /home/airflow/.local/lib/python3.12/site-packages/airflow/example_dags/example_subdag_operator.py
[2026-05-19T17:39:49.995+0000] {processor.py:830} INFO - Processing file /home/airflow/.local/lib/python3.12/site-packages/airflow/example_dags/example_subdag_operator.py for tasks to queue
[2026-05-19T17:39:49.997+0000] {logging_mixin.py:188} INFO - [2026-05-19T17:39:49.997+0000] {dagbag.py:545} INFO - Filling up the DagBag from /home/airflow/.local/lib/python3.12/site-packages/airflow/example_dags/example_subdag_operator.py
[2026-05-19T17:39:50.020+0000] {processor.py:840} INFO - DAG(s) 'example_subdag_operator.section-1', 'example_subdag_operator.section-2', 'example_subdag_operator' retrieved from /home/airflow/.local/lib/python3.12/site-packages/airflow/example_dags/example_subdag_operator.py
[2026-05-19T17:39:50.034+0000] {logging_mixin.py:188} INFO - [2026-05-19T17:39:50.034+0000] {dag.py:3096} INFO - Sync 3 DAGs
[2026-05-19T17:39:50.053+0000] {logging_mixin.py:188} INFO - [2026-05-19T17:39:50.053+0000] {dag.py:3954} INFO - Setting next_dagrun for example_subdag_operator to 2022-01-01 00:00:00+00:00, run_after=2022-01-01 00:00:00+00:00
[2026-05-19T17:39:50.057+0000] {logging_mixin.py:188} INFO - [2026-05-19T17:39:50.057+0000] {dag.py:3954} INFO - Setting next_dagrun for example_subdag_operator.section-1 to None, run_after=None
[2026-05-19T17:39:50.059+0000] {logging_mixin.py:188} INFO - [2026-05-19T17:39:50.059+0000] {dag.py:3954} INFO - Setting next_dagrun for example_subdag_operator.section-2 to None, run_after=None
[2026-05-19T17:39:50.066+0000] {logging_mixin.py:188} INFO - [2026-05-19T17:39:50.065+0000] {dag.py:3096} INFO - Sync 2 DAGs
[2026-05-19T17:39:50.070+0000] {logging_mixin.py:188} INFO - [2026-05-19T17:39:50.070+0000] {dag.py:3954} INFO - Setting next_dagrun for example_subdag_operator.section-1 to None, run_after=None
[2026-05-19T17:39:50.071+0000] {logging_mixin.py:188} INFO - [2026-05-19T17:39:50.071+0000] {dag.py:3954} INFO - Setting next_dagrun for example_subdag_operator.section-2 to None, run_after=None
[2026-05-19T17:39:50.081+0000] {processor.py:183} INFO - Processing /home/airflow/.local/lib/python3.12/site-packages/airflow/example_dags/example_subdag_operator.py took 0.093 seconds
[2026-05-19T17:40:20.300+0000] {processor.py:161} INFO - Started process (PID=6562) to work on /home/airflow/.local/lib/python3.12/site-packages/airflow/example_dags/example_subdag_operator.py
[2026-05-19T17:40:20.301+0000] {processor.py:830} INFO - Processing file /home/airflow/.local/lib/python3.12/site-packages/airflow/example_dags/example_subdag_operator.py for tasks to queue
[2026-05-19T17:40:20.303+0000] {logging_mixin.py:188} INFO - [2026-05-19T17:40:20.302+0000] {dagbag.py:545} INFO - Filling up the DagBag from /home/airflow/.local/lib/python3.12/site-packages/airflow/example_dags/example_subdag_operator.py
[2026-05-19T17:40:20.325+0000] {processor.py:840} INFO - DAG(s) 'example_subdag_operator.section-1', 'example_subdag_operator.section-2', 'example_subdag_operator' retrieved from /home/airflow/.local/lib/python3.12/site-packages/airflow/example_dags/example_subdag_operator.py
[2026-05-19T17:40:20.337+0000] {logging_mixin.py:188} INFO - [2026-05-19T17:40:20.337+0000] {dag.py:3096} INFO - Sync 3 DAGs
[2026-05-19T17:40:20.355+0000] {logging_mixin.py:188} INFO - [2026-05-19T17:40:20.355+0000] {dag.py:3954} INFO - Setting next_dagrun for example_subdag_operator to 2022-01-01 00:00:00+00:00, run_after=2022-01-01 00:00:00+00:00
[2026-05-19T17:40:20.358+0000] {logging_mixin.py:188} INFO - [2026-05-19T17:40:20.358+0000] {dag.py:3954} INFO - Setting next_dagrun for example_subdag_operator.section-1 to None, run_after=None
[2026-05-19T17:40:20.360+0000] {logging_mixin.py:188} INFO - [2026-05-19T17:40:20.360+0000] {dag.py:3954} INFO - Setting next_dagrun for example_subdag_operator.section-2 to None, run_after=None
[2026-05-19T17:40:20.367+0000] {logging_mixin.py:188} INFO - [2026-05-19T17:40:20.367+0000] {dag.py:3096} INFO - Sync 2 DAGs
[2026-05-19T17:40:20.373+0000] {logging_mixin.py:188} INFO - [2026-05-19T17:40:20.373+0000] {dag.py:3954} INFO - Setting next_dagrun for example_subdag_operator.section-1 to None, run_after=None
[2026-05-19T17:40:20.374+0000] {logging_mixin.py:188} INFO - [2026-05-19T17:40:20.374+0000] {dag.py:3954} INFO - Setting next_dagrun for example_subdag_operator.section-2 to None, run_after=None
[2026-05-19T17:40:20.388+0000] {processor.py:183} INFO - Processing /home/airflow/.local/lib/python3.12/site-packages/airflow/example_dags/example_subdag_operator.py took 0.094 seconds
[2026-05-19T17:40:50.676+0000] {processor.py:161} INFO - Started process (PID=6622) to work on /home/airflow/.local/lib/python3.12/site-packages/airflow/example_dags/example_subdag_operator.py
[2026-05-19T17:40:50.677+0000] {processor.py:830} INFO - Processing file /home/airflow/.local/lib/python3.12/site-packages/airflow/example_dags/example_subdag_operator.py for tasks to queue
[2026-05-19T17:40:50.679+0000] {logging_mixin.py:188} INFO - [2026-05-19T17:40:50.679+0000] {dagbag.py:545} INFO - Filling up the DagBag from /home/airflow/.local/lib/python3.12/site-packages/airflow/example_dags/example_subdag_operator.py
[2026-05-19T17:40:50.704+0000] {processor.py:840} INFO - DAG(s) 'example_subdag_operator.section-1', 'example_subdag_operator.section-2', 'example_subdag_operator' retrieved from /home/airflow/.local/lib/python3.12/site-packages/airflow/example_dags/example_subdag_operator.py
[2026-05-19T17:40:50.719+0000] {logging_mixin.py:188} INFO - [2026-05-19T17:40:50.719+0000] {dag.py:3096} INFO - Sync 3 DAGs
[2026-05-19T17:40:50.744+0000] {logging_mixin.py:188} INFO - [2026-05-19T17:40:50.744+0000] {dag.py:3954} INFO - Setting next_dagrun for example_subdag_operator to 2022-01-01 00:00:00+00:00, run_after=2022-01-01 00:00:00+00:00
[2026-05-19T17:40:50.748+0000] {logging_mixin.py:188} INFO - [2026-05-19T17:40:50.747+0000] {dag.py:3954} INFO - Setting next_dagrun for example_subdag_operator.section-1 to None, run_after=None
[2026-05-19T17:40:50.749+0000] {logging_mixin.py:188} INFO - [2026-05-19T17:40:50.749+0000] {dag.py:3954} INFO - Setting next_dagrun for example_subdag_operator.section-2 to None, run_after=None
[2026-05-19T17:40:50.758+0000] {logging_mixin.py:188} INFO - [2026-05-19T17:40:50.757+0000] {dag.py:3096} INFO - Sync 2 DAGs
[2026-05-19T17:40:50.762+0000] {logging_mixin.py:188} INFO - [2026-05-19T17:40:50.762+0000] {dag.py:3954} INFO - Setting next_dagrun for example_subdag_operator.section-1 to None, run_after=None
[2026-05-19T17:40:50.763+0000] {logging_mixin.py:188} INFO - [2026-05-19T17:40:50.763+0000] {dag.py:3954} INFO - Setting next_dagrun for example_subdag_operator.section-2 to None, run_after=None
[2026-05-19T17:40:50.776+0000] {processor.py:183} INFO - Processing /home/airflow/.local/lib/python3.12/site-packages/airflow/example_dags/example_subdag_operator.py took 0.106 seconds
[2026-05-19T17:41:21.008+0000] {processor.py:161} INFO - Started process (PID=6680) to work on /home/airflow/.local/lib/python3.12/site-packages/airflow/example_dags/example_subdag_operator.py
[2026-05-19T17:41:21.009+0000] {processor.py:830} INFO - Processing file /home/airflow/.local/lib/python3.12/site-packages/airflow/example_dags/example_subdag_operator.py for tasks to queue
[2026-05-19T17:41:21.011+0000] {logging_mixin.py:188} INFO - [2026-05-19T17:41:21.011+0000] {dagbag.py:545} INFO - Filling up the DagBag from /home/airflow/.local/lib/python3.12/site-packages/airflow/example_dags/example_subdag_operator.py
[2026-05-19T17:41:21.033+0000] {processor.py:840} INFO - DAG(s) 'example_subdag_operator.section-1', 'example_subdag_operator.section-2', 'example_subdag_operator' retrieved from /home/airflow/.local/lib/python3.12/site-packages/airflow/example_dags/example_subdag_operator.py
[2026-05-19T17:41:21.046+0000] {logging_mixin.py:188} INFO - [2026-05-19T17:41:21.046+0000] {dag.py:3096} INFO - Sync 3 DAGs
[2026-05-19T17:41:21.063+0000] {logging_mixin.py:188} INFO - [2026-05-19T17:41:21.063+0000] {dag.py:3954} INFO - Setting next_dagrun for example_subdag_operator to 2022-01-01 00:00:00+00:00, run_after=2022-01-01 00:00:00+00:00
[2026-05-19T17:41:21.067+0000] {logging_mixin.py:188} INFO - [2026-05-19T17:41:21.067+0000] {dag.py:3954} INFO - Setting next_dagrun for example_subdag_operator.section-1 to None, run_after=None
[2026-05-19T17:41:21.068+0000] {logging_mixin.py:188} INFO - [2026-05-19T17:41:21.068+0000] {dag.py:3954} INFO - Setting next_dagrun for example_subdag_operator.section-2 to None, run_after=None
[2026-05-19T17:41:21.075+0000] {logging_mixin.py:188} INFO - [2026-05-19T17:41:21.075+0000] {dag.py:3096} INFO - Sync 2 DAGs
[2026-05-19T17:41:21.081+0000] {logging_mixin.py:188} INFO - [2026-05-19T17:41:21.081+0000] {dag.py:3954} INFO - Setting next_dagrun for example_subdag_operator.section-1 to None, run_after=None
[2026-05-19T17:41:21.082+0000] {logging_mixin.py:188} INFO - [2026-05-19T17:41:21.082+0000] {dag.py:3954} INFO - Setting next_dagrun for example_subdag_operator.section-2 to None, run_after=None
[2026-05-19T17:41:21.096+0000] {processor.py:183} INFO - Processing /home/airflow/.local/lib/python3.12/site-packages/airflow/example_dags/example_subdag_operator.py took 0.094 seconds
[2026-05-19T17:41:51.883+0000] {processor.py:161} INFO - Started process (PID=6739) to work on /home/airflow/.local/lib/python3.12/site-packages/airflow/example_dags/example_subdag_operator.py
[2026-05-19T17:41:51.884+0000] {processor.py:830} INFO - Processing file /home/airflow/.local/lib/python3.12/site-packages/airflow/example_dags/example_subdag_operator.py for tasks to queue
[2026-05-19T17:41:51.886+0000] {logging_mixin.py:188} INFO - [2026-05-19T17:41:51.886+0000] {dagbag.py:545} INFO - Filling up the DagBag from /home/airflow/.local/lib/python3.12/site-packages/airflow/example_dags/example_subdag_operator.py
[2026-05-19T17:41:51.920+0000] {processor.py:840} INFO - DAG(s) 'example_subdag_operator.section-1', 'example_subdag_operator.section-2', 'example_subdag_operator' retrieved from /home/airflow/.local/lib/python3.12/site-packages/airflow/example_dags/example_subdag_operator.py
[2026-05-19T17:41:51.941+0000] {logging_mixin.py:188} INFO - [2026-05-19T17:41:51.941+0000] {dag.py:3096} INFO - Sync 3 DAGs
[2026-05-19T17:41:51.959+0000] {logging_mixin.py:188} INFO - [2026-05-19T17:41:51.959+0000] {dag.py:3954} INFO - Setting next_dagrun for example_subdag_operator to 2022-01-01 00:00:00+00:00, run_after=2022-01-01 00:00:00+00:00
[2026-05-19T17:41:51.962+0000] {logging_mixin.py:188} INFO - [2026-05-19T17:41:51.962+0000] {dag.py:3954} INFO - Setting next_dagrun for example_subdag_operator.section-1 to None, run_after=None
[2026-05-19T17:41:51.964+0000] {logging_mixin.py:188} INFO - [2026-05-19T17:41:51.964+0000] {dag.py:3954} INFO - Setting next_dagrun for example_subdag_operator.section-2 to None, run_after=None
[2026-05-19T17:41:51.969+0000] {logging_mixin.py:188} INFO - [2026-05-19T17:41:51.969+0000] {dag.py:3096} INFO - Sync 2 DAGs
[2026-05-19T17:41:51.973+0000] {logging_mixin.py:188} INFO - [2026-05-19T17:41:51.973+0000] {dag.py:3954} INFO - Setting next_dagrun for example_subdag_operator.section-1 to None, run_after=None
[2026-05-19T17:41:51.974+0000] {logging_mixin.py:188} INFO - [2026-05-19T17:41:51.974+0000] {dag.py:3954} INFO - Setting next_dagrun for example_subdag_operator.section-2 to None, run_after=None
[2026-05-19T17:41:51.983+0000] {processor.py:183} INFO - Processing /home/airflow/.local/lib/python3.12/site-packages/airflow/example_dags/example_subdag_operator.py took 0.105 seconds
[2026-05-19T17:42:22.102+0000] {processor.py:161} INFO - Started process (PID=6798) to work on /home/airflow/.local/lib/python3.12/site-packages/airflow/example_dags/example_subdag_operator.py
[2026-05-19T17:42:22.103+0000] {processor.py:830} INFO - Processing file /home/airflow/.local/lib/python3.12/site-packages/airflow/example_dags/example_subdag_operator.py for tasks to queue
[2026-05-19T17:42:22.105+0000] {logging_mixin.py:188} INFO - [2026-05-19T17:42:22.105+0000] {dagbag.py:545} INFO - Filling up the DagBag from /home/airflow/.local/lib/python3.12/site-packages/airflow/example_dags/example_subdag_operator.py
[2026-05-19T17:42:22.124+0000] {processor.py:840} INFO - DAG(s) 'example_subdag_operator.section-1', 'example_subdag_operator.section-2', 'example_subdag_operator' retrieved from /home/airflow/.local/lib/python3.12/site-packages/airflow/example_dags/example_subdag_operator.py
[2026-05-19T17:42:22.138+0000] {logging_mixin.py:188} INFO - [2026-05-19T17:42:22.137+0000] {dag.py:3096} INFO - Sync 3 DAGs
[2026-05-19T17:42:22.154+0000] {logging_mixin.py:188} INFO - [2026-05-19T17:42:22.154+0000] {dag.py:3954} INFO - Setting next_dagrun for example_subdag_operator to 2022-01-01 00:00:00+00:00, run_after=2022-01-01 00:00:00+00:00
[2026-05-19T17:42:22.158+0000] {logging_mixin.py:188} INFO - [2026-05-19T17:42:22.157+0000] {dag.py:3954} INFO - Setting next_dagrun for example_subdag_operator.section-1 to None, run_after=None
[2026-05-19T17:42:22.159+0000] {logging_mixin.py:188} INFO - [2026-05-19T17:42:22.159+0000] {dag.py:3954} INFO - Setting next_dagrun for example_subdag_operator.section-2 to None, run_after=None
[2026-05-19T17:42:22.165+0000] {logging_mixin.py:188} INFO - [2026-05-19T17:42:22.165+0000] {dag.py:3096} INFO - Sync 2 DAGs
[2026-05-19T17:42:22.169+0000] {logging_mixin.py:188} INFO - [2026-05-19T17:42:22.169+0000] {dag.py:3954} INFO - Setting next_dagrun for example_subdag_operator.section-1 to None, run_after=None
[2026-05-19T17:42:22.170+0000] {logging_mixin.py:188} INFO - [2026-05-19T17:42:22.169+0000] {dag.py:3954} INFO - Setting next_dagrun for example_subdag_operator.section-2 to None, run_after=None
[2026-05-19T17:42:22.180+0000] {processor.py:183} INFO - Processing /home/airflow/.local/lib/python3.12/site-packages/airflow/example_dags/example_subdag_operator.py took 0.082 seconds
[2026-05-19T17:42:52.418+0000] {processor.py:161} INFO - Started process (PID=6857) to work on /home/airflow/.local/lib/python3.12/site-packages/airflow/example_dags/example_subdag_operator.py
[2026-05-19T17:42:52.419+0000] {processor.py:830} INFO - Processing file /home/airflow/.local/lib/python3.12/site-packages/airflow/example_dags/example_subdag_operator.py for tasks to queue
[2026-05-19T17:42:52.421+0000] {logging_mixin.py:188} INFO - [2026-05-19T17:42:52.421+0000] {dagbag.py:545} INFO - Filling up the DagBag from /home/airflow/.local/lib/python3.12/site-packages/airflow/example_dags/example_subdag_operator.py
[2026-05-19T17:42:52.444+0000] {processor.py:840} INFO - DAG(s) 'example_subdag_operator.section-1', 'example_subdag_operator.section-2', 'example_subdag_operator' retrieved from /home/airflow/.local/lib/python3.12/site-packages/airflow/example_dags/example_subdag_operator.py
[2026-05-19T17:42:52.458+0000] {logging_mixin.py:188} INFO - [2026-05-19T17:42:52.458+0000] {dag.py:3096} INFO - Sync 3 DAGs
[2026-05-19T17:42:52.476+0000] {logging_mixin.py:188} INFO - [2026-05-19T17:42:52.476+0000] {dag.py:3954} INFO - Setting next_dagrun for example_subdag_operator to 2022-01-01 00:00:00+00:00, run_after=2022-01-01 00:00:00+00:00
[2026-05-19T17:42:52.480+0000] {logging_mixin.py:188} INFO - [2026-05-19T17:42:52.480+0000] {dag.py:3954} INFO - Setting next_dagrun for example_subdag_operator.section-1 to None, run_after=None
[2026-05-19T17:42:52.481+0000] {logging_mixin.py:188} INFO - [2026-05-19T17:42:52.481+0000] {dag.py:3954} INFO - Setting next_dagrun for example_subdag_operator.section-2 to None, run_after=None
[2026-05-19T17:42:52.488+0000] {logging_mixin.py:188} INFO - [2026-05-19T17:42:52.488+0000] {dag.py:3096} INFO - Sync 2 DAGs
[2026-05-19T17:42:52.493+0000] {logging_mixin.py:188} INFO - [2026-05-19T17:42:52.493+0000] {dag.py:3954} INFO - Setting next_dagrun for example_subdag_operator.section-1 to None, run_after=None
[2026-05-19T17:42:52.494+0000] {logging_mixin.py:188} INFO - [2026-05-19T17:42:52.494+0000] {dag.py:3954} INFO - Setting next_dagrun for example_subdag_operator.section-2 to None, run_after=None
[2026-05-19T17:42:52.506+0000] {processor.py:183} INFO - Processing /home/airflow/.local/lib/python3.12/site-packages/airflow/example_dags/example_subdag_operator.py took 0.093 seconds
[2026-05-19T17:43:23.282+0000] {processor.py:161} INFO - Started process (PID=6916) to work on /home/airflow/.local/lib/python3.12/site-packages/airflow/example_dags/example_subdag_operator.py
[2026-05-19T17:43:23.284+0000] {processor.py:830} INFO - Processing file /home/airflow/.local/lib/python3.12/site-packages/airflow/example_dags/example_subdag_operator.py for tasks to queue
[2026-05-19T17:43:23.288+0000] {logging_mixin.py:188} INFO - [2026-05-19T17:43:23.287+0000] {dagbag.py:545} INFO - Filling up the DagBag from /home/airflow/.local/lib/python3.12/site-packages/airflow/example_dags/example_subdag_operator.py
[2026-05-19T17:43:23.327+0000] {processor.py:840} INFO - DAG(s) 'example_subdag_operator.section-1', 'example_subdag_operator.section-2', 'example_subdag_operator' retrieved from /home/airflow/.local/lib/python3.12/site-packages/airflow/example_dags/example_subdag_operator.py
[2026-05-19T17:43:23.344+0000] {logging_mixin.py:188} INFO - [2026-05-19T17:43:23.344+0000] {dag.py:3096} INFO - Sync 3 DAGs
[2026-05-19T17:43:23.375+0000] {logging_mixin.py:188} INFO - [2026-05-19T17:43:23.374+0000] {dag.py:3954} INFO - Setting next_dagrun for example_subdag_operator to 2022-01-01 00:00:00+00:00, run_after=2022-01-01 00:00:00+00:00
[2026-05-19T17:43:23.381+0000] {logging_mixin.py:188} INFO - [2026-05-19T17:43:23.381+0000] {dag.py:3954} INFO - Setting next_dagrun for example_subdag_operator.section-1 to None, run_after=None
[2026-05-19T17:43:23.385+0000] {logging_mixin.py:188} INFO - [2026-05-19T17:43:23.384+0000] {dag.py:3954} INFO - Setting next_dagrun for example_subdag_operator.section-2 to None, run_after=None
[2026-05-19T17:43:23.398+0000] {logging_mixin.py:188} INFO - [2026-05-19T17:43:23.397+0000] {dag.py:3096} INFO - Sync 2 DAGs
[2026-05-19T17:43:23.406+0000] {logging_mixin.py:188} INFO - [2026-05-19T17:43:23.406+0000] {dag.py:3954} INFO - Setting next_dagrun for example_subdag_operator.section-1 to None, run_after=None
[2026-05-19T17:43:23.407+0000] {logging_mixin.py:188} INFO - [2026-05-19T17:43:23.407+0000] {dag.py:3954} INFO - Setting next_dagrun for example_subdag_operator.section-2 to None, run_after=None
[2026-05-19T17:43:23.423+0000] {processor.py:183} INFO - Processing /home/airflow/.local/lib/python3.12/site-packages/airflow/example_dags/example_subdag_operator.py took 0.150 seconds
[2026-05-19T17:43:53.496+0000] {processor.py:161} INFO - Started process (PID=6975) to work on /home/airflow/.local/lib/python3.12/site-packages/airflow/example_dags/example_subdag_operator.py
[2026-05-19T17:43:53.498+0000] {processor.py:830} INFO - Processing file /home/airflow/.local/lib/python3.12/site-packages/airflow/example_dags/example_subdag_operator.py for tasks to queue
[2026-05-19T17:43:53.503+0000] {logging_mixin.py:188} INFO - [2026-05-19T17:43:53.502+0000] {dagbag.py:545} INFO - Filling up the DagBag from /home/airflow/.local/lib/python3.12/site-packages/airflow/example_dags/example_subdag_operator.py
[2026-05-19T17:43:53.535+0000] {processor.py:840} INFO - DAG(s) 'example_subdag_operator.section-1', 'example_subdag_operator.section-2', 'example_subdag_operator' retrieved from /home/airflow/.local/lib/python3.12/site-packages/airflow/example_dags/example_subdag_operator.py
[2026-05-19T17:43:53.555+0000] {logging_mixin.py:188} INFO - [2026-05-19T17:43:53.554+0000] {dag.py:3096} INFO - Sync 3 DAGs
[2026-05-19T17:43:53.576+0000] {logging_mixin.py:188} INFO - [2026-05-19T17:43:53.576+0000] {dag.py:3954} INFO - Setting next_dagrun for example_subdag_operator to 2022-01-01 00:00:00+00:00, run_after=2022-01-01 00:00:00+00:00
[2026-05-19T17:43:53.581+0000] {logging_mixin.py:188} INFO - [2026-05-19T17:43:53.581+0000] {dag.py:3954} INFO - Setting next_dagrun for example_subdag_operator.section-1 to None, run_after=None
[2026-05-19T17:43:53.584+0000] {logging_mixin.py:188} INFO - [2026-05-19T17:43:53.584+0000] {dag.py:3954} INFO - Setting next_dagrun for example_subdag_operator.section-2 to None, run_after=None
[2026-05-19T17:43:53.591+0000] {logging_mixin.py:188} INFO - [2026-05-19T17:43:53.591+0000] {dag.py:3096} INFO - Sync 2 DAGs
[2026-05-19T17:43:53.597+0000] {logging_mixin.py:188} INFO - [2026-05-19T17:43:53.597+0000] {dag.py:3954} INFO - Setting next_dagrun for example_subdag_operator.section-1 to None, run_after=None
[2026-05-19T17:43:53.598+0000] {logging_mixin.py:188} INFO - [2026-05-19T17:43:53.598+0000] {dag.py:3954} INFO - Setting next_dagrun for example_subdag_operator.section-2 to None, run_after=None
[2026-05-19T17:43:53.614+0000] {processor.py:183} INFO - Processing /home/airflow/.local/lib/python3.12/site-packages/airflow/example_dags/example_subdag_operator.py took 0.124 seconds
[2026-05-19T17:44:24.118+0000] {processor.py:161} INFO - Started process (PID=7034) to work on /home/airflow/.local/lib/python3.12/site-packages/airflow/example_dags/example_subdag_operator.py
[2026-05-19T17:44:24.119+0000] {processor.py:830} INFO - Processing file /home/airflow/.local/lib/python3.12/site-packages/airflow/example_dags/example_subdag_operator.py for tasks to queue
[2026-05-19T17:44:24.122+0000] {logging_mixin.py:188} INFO - [2026-05-19T17:44:24.122+0000] {dagbag.py:545} INFO - Filling up the DagBag from /home/airflow/.local/lib/python3.12/site-packages/airflow/example_dags/example_subdag_operator.py
[2026-05-19T17:44:24.150+0000] {processor.py:840} INFO - DAG(s) 'example_subdag_operator.section-1', 'example_subdag_operator.section-2', 'example_subdag_operator' retrieved from /home/airflow/.local/lib/python3.12/site-packages/airflow/example_dags/example_subdag_operator.py
[2026-05-19T17:44:24.172+0000] {logging_mixin.py:188} INFO - [2026-05-19T17:44:24.171+0000] {dag.py:3096} INFO - Sync 3 DAGs
[2026-05-19T17:44:24.197+0000] {logging_mixin.py:188} INFO - [2026-05-19T17:44:24.196+0000] {dag.py:3954} INFO - Setting next_dagrun for example_subdag_operator to 2022-01-01 00:00:00+00:00, run_after=2022-01-01 00:00:00+00:00
[2026-05-19T17:44:24.202+0000] {logging_mixin.py:188} INFO - [2026-05-19T17:44:24.202+0000] {dag.py:3954} INFO - Setting next_dagrun for example_subdag_operator.section-1 to None, run_after=None
[2026-05-19T17:44:24.205+0000] {logging_mixin.py:188} INFO - [2026-05-19T17:44:24.205+0000] {dag.py:3954} INFO - Setting next_dagrun for example_subdag_operator.section-2 to None, run_after=None
[2026-05-19T17:44:24.215+0000] {logging_mixin.py:188} INFO - [2026-05-19T17:44:24.215+0000] {dag.py:3096} INFO - Sync 2 DAGs
[2026-05-19T17:44:24.223+0000] {logging_mixin.py:188} INFO - [2026-05-19T17:44:24.222+0000] {dag.py:3954} INFO - Setting next_dagrun for example_subdag_operator.section-1 to None, run_after=None
[2026-05-19T17:44:24.224+0000] {logging_mixin.py:188} INFO - [2026-05-19T17:44:24.223+0000] {dag.py:3954} INFO - Setting next_dagrun for example_subdag_operator.section-2 to None, run_after=None
[2026-05-19T17:44:24.240+0000] {processor.py:183} INFO - Processing /home/airflow/.local/lib/python3.12/site-packages/airflow/example_dags/example_subdag_operator.py took 0.130 seconds
[2026-05-19T17:44:54.653+0000] {processor.py:161} INFO - Started process (PID=7093) to work on /home/airflow/.local/lib/python3.12/site-packages/airflow/example_dags/example_subdag_operator.py
[2026-05-19T17:44:54.654+0000] {processor.py:830} INFO - Processing file /home/airflow/.local/lib/python3.12/site-packages/airflow/example_dags/example_subdag_operator.py for tasks to queue
[2026-05-19T17:44:54.656+0000] {logging_mixin.py:188} INFO - [2026-05-19T17:44:54.656+0000] {dagbag.py:545} INFO - Filling up the DagBag from /home/airflow/.local/lib/python3.12/site-packages/airflow/example_dags/example_subdag_operator.py
[2026-05-19T17:44:54.680+0000] {processor.py:840} INFO - DAG(s) 'example_subdag_operator.section-1', 'example_subdag_operator.section-2', 'example_subdag_operator' retrieved from /home/airflow/.local/lib/python3.12/site-packages/airflow/example_dags/example_subdag_operator.py
[2026-05-19T17:44:54.692+0000] {logging_mixin.py:188} INFO - [2026-05-19T17:44:54.692+0000] {dag.py:3096} INFO - Sync 3 DAGs
[2026-05-19T17:44:54.714+0000] {logging_mixin.py:188} INFO - [2026-05-19T17:44:54.714+0000] {dag.py:3954} INFO - Setting next_dagrun for example_subdag_operator to 2022-01-01 00:00:00+00:00, run_after=2022-01-01 00:00:00+00:00
[2026-05-19T17:44:54.718+0000] {logging_mixin.py:188} INFO - [2026-05-19T17:44:54.718+0000] {dag.py:3954} INFO - Setting next_dagrun for example_subdag_operator.section-1 to None, run_after=None
[2026-05-19T17:44:54.720+0000] {logging_mixin.py:188} INFO - [2026-05-19T17:44:54.720+0000] {dag.py:3954} INFO - Setting next_dagrun for example_subdag_operator.section-2 to None, run_after=None
[2026-05-19T17:44:54.728+0000] {logging_mixin.py:188} INFO - [2026-05-19T17:44:54.727+0000] {dag.py:3096} INFO - Sync 2 DAGs
[2026-05-19T17:44:54.734+0000] {logging_mixin.py:188} INFO - [2026-05-19T17:44:54.733+0000] {dag.py:3954} INFO - Setting next_dagrun for example_subdag_operator.section-1 to None, run_after=None
[2026-05-19T17:44:54.734+0000] {logging_mixin.py:188} INFO - [2026-05-19T17:44:54.734+0000] {dag.py:3954} INFO - Setting next_dagrun for example_subdag_operator.section-2 to None, run_after=None
[2026-05-19T17:44:54.746+0000] {processor.py:183} INFO - Processing /home/airflow/.local/lib/python3.12/site-packages/airflow/example_dags/example_subdag_operator.py took 0.098 seconds
[2026-05-19T17:45:24.915+0000] {processor.py:161} INFO - Started process (PID=7152) to work on /home/airflow/.local/lib/python3.12/site-packages/airflow/example_dags/example_subdag_operator.py
[2026-05-19T17:45:24.916+0000] {processor.py:830} INFO - Processing file /home/airflow/.local/lib/python3.12/site-packages/airflow/example_dags/example_subdag_operator.py for tasks to queue
[2026-05-19T17:45:24.919+0000] {logging_mixin.py:188} INFO - [2026-05-19T17:45:24.918+0000] {dagbag.py:545} INFO - Filling up the DagBag from /home/airflow/.local/lib/python3.12/site-packages/airflow/example_dags/example_subdag_operator.py
[2026-05-19T17:45:24.941+0000] {processor.py:840} INFO - DAG(s) 'example_subdag_operator.section-1', 'example_subdag_operator.section-2', 'example_subdag_operator' retrieved from /home/airflow/.local/lib/python3.12/site-packages/airflow/example_dags/example_subdag_operator.py
[2026-05-19T17:45:24.955+0000] {logging_mixin.py:188} INFO - [2026-05-19T17:45:24.955+0000] {dag.py:3096} INFO - Sync 3 DAGs
[2026-05-19T17:45:24.976+0000] {logging_mixin.py:188} INFO - [2026-05-19T17:45:24.975+0000] {dag.py:3954} INFO - Setting next_dagrun for example_subdag_operator to 2022-01-01 00:00:00+00:00, run_after=2022-01-01 00:00:00+00:00
[2026-05-19T17:45:24.980+0000] {logging_mixin.py:188} INFO - [2026-05-19T17:45:24.980+0000] {dag.py:3954} INFO - Setting next_dagrun for example_subdag_operator.section-1 to None, run_after=None
[2026-05-19T17:45:24.981+0000] {logging_mixin.py:188} INFO - [2026-05-19T17:45:24.981+0000] {dag.py:3954} INFO - Setting next_dagrun for example_subdag_operator.section-2 to None, run_after=None
[2026-05-19T17:45:24.986+0000] {logging_mixin.py:188} INFO - [2026-05-19T17:45:24.986+0000] {dag.py:3096} INFO - Sync 2 DAGs
[2026-05-19T17:45:24.991+0000] {logging_mixin.py:188} INFO - [2026-05-19T17:45:24.991+0000] {dag.py:3954} INFO - Setting next_dagrun for example_subdag_operator.section-1 to None, run_after=None
[2026-05-19T17:45:24.992+0000] {logging_mixin.py:188} INFO - [2026-05-19T17:45:24.992+0000] {dag.py:3954} INFO - Setting next_dagrun for example_subdag_operator.section-2 to None, run_after=None
[2026-05-19T17:45:25.003+0000] {processor.py:183} INFO - Processing /home/airflow/.local/lib/python3.12/site-packages/airflow/example_dags/example_subdag_operator.py took 0.092 seconds
[2026-05-19T17:45:55.329+0000] {processor.py:161} INFO - Started process (PID=7211) to work on /home/airflow/.local/lib/python3.12/site-packages/airflow/example_dags/example_subdag_operator.py
[2026-05-19T17:45:55.331+0000] {processor.py:830} INFO - Processing file /home/airflow/.local/lib/python3.12/site-packages/airflow/example_dags/example_subdag_operator.py for tasks to queue
[2026-05-19T17:45:55.336+0000] {logging_mixin.py:188} INFO - [2026-05-19T17:45:55.335+0000] {dagbag.py:545} INFO - Filling up the DagBag from /home/airflow/.local/lib/python3.12/site-packages/airflow/example_dags/example_subdag_operator.py
[2026-05-19T17:45:55.368+0000] {processor.py:840} INFO - DAG(s) 'example_subdag_operator.section-1', 'example_subdag_operator.section-2', 'example_subdag_operator' retrieved from /home/airflow/.local/lib/python3.12/site-packages/airflow/example_dags/example_subdag_operator.py
[2026-05-19T17:45:55.392+0000] {logging_mixin.py:188} INFO - [2026-05-19T17:45:55.392+0000] {dag.py:3096} INFO - Sync 3 DAGs
[2026-05-19T17:45:55.424+0000] {logging_mixin.py:188} INFO - [2026-05-19T17:45:55.424+0000] {dag.py:3954} INFO - Setting next_dagrun for example_subdag_operator to 2022-01-01 00:00:00+00:00, run_after=2022-01-01 00:00:00+00:00
[2026-05-19T17:45:55.429+0000] {logging_mixin.py:188} INFO - [2026-05-19T17:45:55.428+0000] {dag.py:3954} INFO - Setting next_dagrun for example_subdag_operator.section-1 to None, run_after=None
[2026-05-19T17:45:55.433+0000] {logging_mixin.py:188} INFO - [2026-05-19T17:45:55.432+0000] {dag.py:3954} INFO - Setting next_dagrun for example_subdag_operator.section-2 to None, run_after=None
[2026-05-19T17:45:55.445+0000] {logging_mixin.py:188} INFO - [2026-05-19T17:45:55.444+0000] {dag.py:3096} INFO - Sync 2 DAGs
[2026-05-19T17:45:55.454+0000] {logging_mixin.py:188} INFO - [2026-05-19T17:45:55.454+0000] {dag.py:3954} INFO - Setting next_dagrun for example_subdag_operator.section-1 to None, run_after=None
[2026-05-19T17:45:55.456+0000] {logging_mixin.py:188} INFO - [2026-05-19T17:45:55.455+0000] {dag.py:3954} INFO - Setting next_dagrun for example_subdag_operator.section-2 to None, run_after=None
[2026-05-19T17:45:55.474+0000] {processor.py:183} INFO - Processing /home/airflow/.local/lib/python3.12/site-packages/airflow/example_dags/example_subdag_operator.py took 0.152 seconds
[2026-05-19T17:47:22.856+0000] {processor.py:161} INFO - Started process (PID=109) to work on /home/airflow/.local/lib/python3.12/site-packages/airflow/example_dags/example_subdag_operator.py
[2026-05-19T17:47:22.858+0000] {processor.py:830} INFO - Processing file /home/airflow/.local/lib/python3.12/site-packages/airflow/example_dags/example_subdag_operator.py for tasks to queue
[2026-05-19T17:47:22.861+0000] {logging_mixin.py:188} INFO - [2026-05-19T17:47:22.861+0000] {dagbag.py:545} INFO - Filling up the DagBag from /home/airflow/.local/lib/python3.12/site-packages/airflow/example_dags/example_subdag_operator.py
[2026-05-19T17:47:22.896+0000] {processor.py:840} INFO - DAG(s) 'example_subdag_operator.section-1', 'example_subdag_operator.section-2', 'example_subdag_operator' retrieved from /home/airflow/.local/lib/python3.12/site-packages/airflow/example_dags/example_subdag_operator.py
[2026-05-19T17:47:23.019+0000] {logging_mixin.py:188} INFO - [2026-05-19T17:47:23.019+0000] {dag.py:3096} INFO - Sync 3 DAGs
[2026-05-19T17:47:23.047+0000] {logging_mixin.py:188} INFO - [2026-05-19T17:47:23.047+0000] {dag.py:3954} INFO - Setting next_dagrun for example_subdag_operator to 2022-01-01 00:00:00+00:00, run_after=2022-01-01 00:00:00+00:00
[2026-05-19T17:47:23.052+0000] {logging_mixin.py:188} INFO - [2026-05-19T17:47:23.052+0000] {dag.py:3954} INFO - Setting next_dagrun for example_subdag_operator.section-1 to None, run_after=None
[2026-05-19T17:47:23.055+0000] {logging_mixin.py:188} INFO - [2026-05-19T17:47:23.054+0000] {dag.py:3954} INFO - Setting next_dagrun for example_subdag_operator.section-2 to None, run_after=None
[2026-05-19T17:47:23.069+0000] {logging_mixin.py:188} INFO - [2026-05-19T17:47:23.069+0000] {dag.py:3096} INFO - Sync 2 DAGs
[2026-05-19T17:47:23.077+0000] {logging_mixin.py:188} INFO - [2026-05-19T17:47:23.077+0000] {dag.py:3954} INFO - Setting next_dagrun for example_subdag_operator.section-1 to None, run_after=None
[2026-05-19T17:47:23.078+0000] {logging_mixin.py:188} INFO - [2026-05-19T17:47:23.078+0000] {dag.py:3954} INFO - Setting next_dagrun for example_subdag_operator.section-2 to None, run_after=None
[2026-05-19T17:47:23.102+0000] {processor.py:183} INFO - Processing /home/airflow/.local/lib/python3.12/site-packages/airflow/example_dags/example_subdag_operator.py took 0.253 seconds
[2026-05-19T17:47:53.789+0000] {processor.py:161} INFO - Started process (PID=167) to work on /home/airflow/.local/lib/python3.12/site-packages/airflow/example_dags/example_subdag_operator.py
[2026-05-19T17:47:53.790+0000] {processor.py:830} INFO - Processing file /home/airflow/.local/lib/python3.12/site-packages/airflow/example_dags/example_subdag_operator.py for tasks to queue
[2026-05-19T17:47:53.792+0000] {logging_mixin.py:188} INFO - [2026-05-19T17:47:53.792+0000] {dagbag.py:545} INFO - Filling up the DagBag from /home/airflow/.local/lib/python3.12/site-packages/airflow/example_dags/example_subdag_operator.py
[2026-05-19T17:47:53.816+0000] {processor.py:840} INFO - DAG(s) 'example_subdag_operator.section-1', 'example_subdag_operator.section-2', 'example_subdag_operator' retrieved from /home/airflow/.local/lib/python3.12/site-packages/airflow/example_dags/example_subdag_operator.py
[2026-05-19T17:47:53.833+0000] {logging_mixin.py:188} INFO - [2026-05-19T17:47:53.833+0000] {dag.py:3096} INFO - Sync 3 DAGs
[2026-05-19T17:47:53.854+0000] {logging_mixin.py:188} INFO - [2026-05-19T17:47:53.854+0000] {dag.py:3954} INFO - Setting next_dagrun for example_subdag_operator to 2022-01-01 00:00:00+00:00, run_after=2022-01-01 00:00:00+00:00
[2026-05-19T17:47:53.857+0000] {logging_mixin.py:188} INFO - [2026-05-19T17:47:53.857+0000] {dag.py:3954} INFO - Setting next_dagrun for example_subdag_operator.section-1 to None, run_after=None
[2026-05-19T17:47:53.859+0000] {logging_mixin.py:188} INFO - [2026-05-19T17:47:53.859+0000] {dag.py:3954} INFO - Setting next_dagrun for example_subdag_operator.section-2 to None, run_after=None
[2026-05-19T17:47:53.865+0000] {logging_mixin.py:188} INFO - [2026-05-19T17:47:53.865+0000] {dag.py:3096} INFO - Sync 2 DAGs
[2026-05-19T17:47:53.870+0000] {logging_mixin.py:188} INFO - [2026-05-19T17:47:53.870+0000] {dag.py:3954} INFO - Setting next_dagrun for example_subdag_operator.section-1 to None, run_after=None
[2026-05-19T17:47:53.871+0000] {logging_mixin.py:188} INFO - [2026-05-19T17:47:53.871+0000] {dag.py:3954} INFO - Setting next_dagrun for example_subdag_operator.section-2 to None, run_after=None
[2026-05-19T17:47:53.883+0000] {processor.py:183} INFO - Processing /home/airflow/.local/lib/python3.12/site-packages/airflow/example_dags/example_subdag_operator.py took 0.101 seconds
[2026-05-19T17:48:24.161+0000] {processor.py:161} INFO - Started process (PID=225) to work on /home/airflow/.local/lib/python3.12/site-packages/airflow/example_dags/example_subdag_operator.py
[2026-05-19T17:48:24.162+0000] {processor.py:830} INFO - Processing file /home/airflow/.local/lib/python3.12/site-packages/airflow/example_dags/example_subdag_operator.py for tasks to queue
[2026-05-19T17:48:24.164+0000] {logging_mixin.py:188} INFO - [2026-05-19T17:48:24.163+0000] {dagbag.py:545} INFO - Filling up the DagBag from /home/airflow/.local/lib/python3.12/site-packages/airflow/example_dags/example_subdag_operator.py
[2026-05-19T17:48:24.186+0000] {processor.py:840} INFO - DAG(s) 'example_subdag_operator.section-1', 'example_subdag_operator.section-2', 'example_subdag_operator' retrieved from /home/airflow/.local/lib/python3.12/site-packages/airflow/example_dags/example_subdag_operator.py
[2026-05-19T17:48:24.199+0000] {logging_mixin.py:188} INFO - [2026-05-19T17:48:24.199+0000] {dag.py:3096} INFO - Sync 3 DAGs
[2026-05-19T17:48:24.220+0000] {logging_mixin.py:188} INFO - [2026-05-19T17:48:24.219+0000] {dag.py:3954} INFO - Setting next_dagrun for example_subdag_operator to 2022-01-01 00:00:00+00:00, run_after=2022-01-01 00:00:00+00:00
[2026-05-19T17:48:24.223+0000] {logging_mixin.py:188} INFO - [2026-05-19T17:48:24.223+0000] {dag.py:3954} INFO - Setting next_dagrun for example_subdag_operator.section-1 to None, run_after=None
[2026-05-19T17:48:24.225+0000] {logging_mixin.py:188} INFO - [2026-05-19T17:48:24.225+0000] {dag.py:3954} INFO - Setting next_dagrun for example_subdag_operator.section-2 to None, run_after=None
[2026-05-19T17:48:24.232+0000] {logging_mixin.py:188} INFO - [2026-05-19T17:48:24.232+0000] {dag.py:3096} INFO - Sync 2 DAGs
[2026-05-19T17:48:24.239+0000] {logging_mixin.py:188} INFO - [2026-05-19T17:48:24.239+0000] {dag.py:3954} INFO - Setting next_dagrun for example_subdag_operator.section-1 to None, run_after=None
[2026-05-19T17:48:24.240+0000] {logging_mixin.py:188} INFO - [2026-05-19T17:48:24.240+0000] {dag.py:3954} INFO - Setting next_dagrun for example_subdag_operator.section-2 to None, run_after=None
[2026-05-19T17:48:24.254+0000] {processor.py:183} INFO - Processing /home/airflow/.local/lib/python3.12/site-packages/airflow/example_dags/example_subdag_operator.py took 0.099 seconds
[2026-05-19T17:48:54.567+0000] {processor.py:161} INFO - Started process (PID=284) to work on /home/airflow/.local/lib/python3.12/site-packages/airflow/example_dags/example_subdag_operator.py
[2026-05-19T17:48:54.568+0000] {processor.py:830} INFO - Processing file /home/airflow/.local/lib/python3.12/site-packages/airflow/example_dags/example_subdag_operator.py for tasks to queue
[2026-05-19T17:48:54.570+0000] {logging_mixin.py:188} INFO - [2026-05-19T17:48:54.570+0000] {dagbag.py:545} INFO - Filling up the DagBag from /home/airflow/.local/lib/python3.12/site-packages/airflow/example_dags/example_subdag_operator.py
[2026-05-19T17:48:54.601+0000] {processor.py:840} INFO - DAG(s) 'example_subdag_operator.section-1', 'example_subdag_operator.section-2', 'example_subdag_operator' retrieved from /home/airflow/.local/lib/python3.12/site-packages/airflow/example_dags/example_subdag_operator.py
[2026-05-19T17:48:54.617+0000] {logging_mixin.py:188} INFO - [2026-05-19T17:48:54.616+0000] {dag.py:3096} INFO - Sync 3 DAGs
[2026-05-19T17:48:54.634+0000] {logging_mixin.py:188} INFO - [2026-05-19T17:48:54.634+0000] {dag.py:3954} INFO - Setting next_dagrun for example_subdag_operator to 2022-01-01 00:00:00+00:00, run_after=2022-01-01 00:00:00+00:00
[2026-05-19T17:48:54.638+0000] {logging_mixin.py:188} INFO - [2026-05-19T17:48:54.638+0000] {dag.py:3954} INFO - Setting next_dagrun for example_subdag_operator.section-1 to None, run_after=None
[2026-05-19T17:48:54.639+0000] {logging_mixin.py:188} INFO - [2026-05-19T17:48:54.639+0000] {dag.py:3954} INFO - Setting next_dagrun for example_subdag_operator.section-2 to None, run_after=None
[2026-05-19T17:48:54.645+0000] {logging_mixin.py:188} INFO - [2026-05-19T17:48:54.645+0000] {dag.py:3096} INFO - Sync 2 DAGs
[2026-05-19T17:48:54.649+0000] {logging_mixin.py:188} INFO - [2026-05-19T17:48:54.649+0000] {dag.py:3954} INFO - Setting next_dagrun for example_subdag_operator.section-1 to None, run_after=None
[2026-05-19T17:48:54.650+0000] {logging_mixin.py:188} INFO - [2026-05-19T17:48:54.650+0000] {dag.py:3954} INFO - Setting next_dagrun for example_subdag_operator.section-2 to None, run_after=None
[2026-05-19T17:48:54.661+0000] {processor.py:183} INFO - Processing /home/airflow/.local/lib/python3.12/site-packages/airflow/example_dags/example_subdag_operator.py took 0.102 seconds
[2026-05-19T17:49:25.091+0000] {processor.py:161} INFO - Started process (PID=342) to work on /home/airflow/.local/lib/python3.12/site-packages/airflow/example_dags/example_subdag_operator.py
[2026-05-19T17:49:25.093+0000] {processor.py:830} INFO - Processing file /home/airflow/.local/lib/python3.12/site-packages/airflow/example_dags/example_subdag_operator.py for tasks to queue
[2026-05-19T17:49:25.096+0000] {logging_mixin.py:188} INFO - [2026-05-19T17:49:25.095+0000] {dagbag.py:545} INFO - Filling up the DagBag from /home/airflow/.local/lib/python3.12/site-packages/airflow/example_dags/example_subdag_operator.py
[2026-05-19T17:49:25.117+0000] {processor.py:840} INFO - DAG(s) 'example_subdag_operator.section-1', 'example_subdag_operator.section-2', 'example_subdag_operator' retrieved from /home/airflow/.local/lib/python3.12/site-packages/airflow/example_dags/example_subdag_operator.py
[2026-05-19T17:49:25.132+0000] {logging_mixin.py:188} INFO - [2026-05-19T17:49:25.132+0000] {dag.py:3096} INFO - Sync 3 DAGs
[2026-05-19T17:49:25.150+0000] {logging_mixin.py:188} INFO - [2026-05-19T17:49:25.150+0000] {dag.py:3954} INFO - Setting next_dagrun for example_subdag_operator to 2022-01-01 00:00:00+00:00, run_after=2022-01-01 00:00:00+00:00
[2026-05-19T17:49:25.153+0000] {logging_mixin.py:188} INFO - [2026-05-19T17:49:25.153+0000] {dag.py:3954} INFO - Setting next_dagrun for example_subdag_operator.section-1 to None, run_after=None
[2026-05-19T17:49:25.155+0000] {logging_mixin.py:188} INFO - [2026-05-19T17:49:25.154+0000] {dag.py:3954} INFO - Setting next_dagrun for example_subdag_operator.section-2 to None, run_after=None
[2026-05-19T17:49:25.161+0000] {logging_mixin.py:188} INFO - [2026-05-19T17:49:25.161+0000] {dag.py:3096} INFO - Sync 2 DAGs
[2026-05-19T17:49:25.168+0000] {logging_mixin.py:188} INFO - [2026-05-19T17:49:25.168+0000] {dag.py:3954} INFO - Setting next_dagrun for example_subdag_operator.section-1 to None, run_after=None
[2026-05-19T17:49:25.169+0000] {logging_mixin.py:188} INFO - [2026-05-19T17:49:25.169+0000] {dag.py:3954} INFO - Setting next_dagrun for example_subdag_operator.section-2 to None, run_after=None
[2026-05-19T17:49:25.182+0000] {processor.py:183} INFO - Processing /home/airflow/.local/lib/python3.12/site-packages/airflow/example_dags/example_subdag_operator.py took 0.096 seconds
[2026-05-19T17:49:56.023+0000] {processor.py:161} INFO - Started process (PID=400) to work on /home/airflow/.local/lib/python3.12/site-packages/airflow/example_dags/example_subdag_operator.py
[2026-05-19T17:49:56.024+0000] {processor.py:830} INFO - Processing file /home/airflow/.local/lib/python3.12/site-packages/airflow/example_dags/example_subdag_operator.py for tasks to queue
[2026-05-19T17:49:56.026+0000] {logging_mixin.py:188} INFO - [2026-05-19T17:49:56.026+0000] {dagbag.py:545} INFO - Filling up the DagBag from /home/airflow/.local/lib/python3.12/site-packages/airflow/example_dags/example_subdag_operator.py
[2026-05-19T17:49:56.053+0000] {processor.py:840} INFO - DAG(s) 'example_subdag_operator.section-1', 'example_subdag_operator.section-2', 'example_subdag_operator' retrieved from /home/airflow/.local/lib/python3.12/site-packages/airflow/example_dags/example_subdag_operator.py
[2026-05-19T17:49:56.070+0000] {logging_mixin.py:188} INFO - [2026-05-19T17:49:56.069+0000] {dag.py:3096} INFO - Sync 3 DAGs
[2026-05-19T17:49:56.093+0000] {logging_mixin.py:188} INFO - [2026-05-19T17:49:56.093+0000] {dag.py:3954} INFO - Setting next_dagrun for example_subdag_operator to 2022-01-01 00:00:00+00:00, run_after=2022-01-01 00:00:00+00:00
[2026-05-19T17:49:56.098+0000] {logging_mixin.py:188} INFO - [2026-05-19T17:49:56.098+0000] {dag.py:3954} INFO - Setting next_dagrun for example_subdag_operator.section-1 to None, run_after=None
[2026-05-19T17:49:56.100+0000] {logging_mixin.py:188} INFO - [2026-05-19T17:49:56.099+0000] {dag.py:3954} INFO - Setting next_dagrun for example_subdag_operator.section-2 to None, run_after=None
[2026-05-19T17:49:56.105+0000] {logging_mixin.py:188} INFO - [2026-05-19T17:49:56.105+0000] {dag.py:3096} INFO - Sync 2 DAGs
[2026-05-19T17:49:56.110+0000] {logging_mixin.py:188} INFO - [2026-05-19T17:49:56.110+0000] {dag.py:3954} INFO - Setting next_dagrun for example_subdag_operator.section-1 to None, run_after=None
[2026-05-19T17:49:56.112+0000] {logging_mixin.py:188} INFO - [2026-05-19T17:49:56.112+0000] {dag.py:3954} INFO - Setting next_dagrun for example_subdag_operator.section-2 to None, run_after=None
[2026-05-19T17:49:56.127+0000] {processor.py:183} INFO - Processing /home/airflow/.local/lib/python3.12/site-packages/airflow/example_dags/example_subdag_operator.py took 0.109 seconds
[2026-05-19T17:50:26.436+0000] {processor.py:161} INFO - Started process (PID=459) to work on /home/airflow/.local/lib/python3.12/site-packages/airflow/example_dags/example_subdag_operator.py
[2026-05-19T17:50:26.437+0000] {processor.py:830} INFO - Processing file /home/airflow/.local/lib/python3.12/site-packages/airflow/example_dags/example_subdag_operator.py for tasks to queue
[2026-05-19T17:50:26.438+0000] {logging_mixin.py:188} INFO - [2026-05-19T17:50:26.438+0000] {dagbag.py:545} INFO - Filling up the DagBag from /home/airflow/.local/lib/python3.12/site-packages/airflow/example_dags/example_subdag_operator.py
[2026-05-19T17:50:26.461+0000] {processor.py:840} INFO - DAG(s) 'example_subdag_operator.section-1', 'example_subdag_operator.section-2', 'example_subdag_operator' retrieved from /home/airflow/.local/lib/python3.12/site-packages/airflow/example_dags/example_subdag_operator.py
[2026-05-19T17:50:26.474+0000] {logging_mixin.py:188} INFO - [2026-05-19T17:50:26.474+0000] {dag.py:3096} INFO - Sync 3 DAGs
[2026-05-19T17:50:26.493+0000] {logging_mixin.py:188} INFO - [2026-05-19T17:50:26.493+0000] {dag.py:3954} INFO - Setting next_dagrun for example_subdag_operator to 2022-01-01 00:00:00+00:00, run_after=2022-01-01 00:00:00+00:00
[2026-05-19T17:50:26.497+0000] {logging_mixin.py:188} INFO - [2026-05-19T17:50:26.496+0000] {dag.py:3954} INFO - Setting next_dagrun for example_subdag_operator.section-1 to None, run_after=None
[2026-05-19T17:50:26.499+0000] {logging_mixin.py:188} INFO - [2026-05-19T17:50:26.498+0000] {dag.py:3954} INFO - Setting next_dagrun for example_subdag_operator.section-2 to None, run_after=None
[2026-05-19T17:50:26.511+0000] {logging_mixin.py:188} INFO - [2026-05-19T17:50:26.510+0000] {dag.py:3096} INFO - Sync 2 DAGs
[2026-05-19T17:50:26.519+0000] {logging_mixin.py:188} INFO - [2026-05-19T17:50:26.518+0000] {dag.py:3954} INFO - Setting next_dagrun for example_subdag_operator.section-1 to None, run_after=None
[2026-05-19T17:50:26.521+0000] {logging_mixin.py:188} INFO - [2026-05-19T17:50:26.521+0000] {dag.py:3954} INFO - Setting next_dagrun for example_subdag_operator.section-2 to None, run_after=None
[2026-05-19T17:50:26.534+0000] {processor.py:183} INFO - Processing /home/airflow/.local/lib/python3.12/site-packages/airflow/example_dags/example_subdag_operator.py took 0.104 seconds
[2026-05-19T17:50:56.640+0000] {processor.py:161} INFO - Started process (PID=517) to work on /home/airflow/.local/lib/python3.12/site-packages/airflow/example_dags/example_subdag_operator.py
[2026-05-19T17:50:56.642+0000] {processor.py:830} INFO - Processing file /home/airflow/.local/lib/python3.12/site-packages/airflow/example_dags/example_subdag_operator.py for tasks to queue
[2026-05-19T17:50:56.645+0000] {logging_mixin.py:188} INFO - [2026-05-19T17:50:56.644+0000] {dagbag.py:545} INFO - Filling up the DagBag from /home/airflow/.local/lib/python3.12/site-packages/airflow/example_dags/example_subdag_operator.py
[2026-05-19T17:50:56.684+0000] {processor.py:840} INFO - DAG(s) 'example_subdag_operator.section-1', 'example_subdag_operator.section-2', 'example_subdag_operator' retrieved from /home/airflow/.local/lib/python3.12/site-packages/airflow/example_dags/example_subdag_operator.py
[2026-05-19T17:50:56.710+0000] {logging_mixin.py:188} INFO - [2026-05-19T17:50:56.710+0000] {dag.py:3096} INFO - Sync 3 DAGs
[2026-05-19T17:50:56.743+0000] {logging_mixin.py:188} INFO - [2026-05-19T17:50:56.742+0000] {dag.py:3954} INFO - Setting next_dagrun for example_subdag_operator to 2022-01-01 00:00:00+00:00, run_after=2022-01-01 00:00:00+00:00
[2026-05-19T17:50:56.747+0000] {logging_mixin.py:188} INFO - [2026-05-19T17:50:56.747+0000] {dag.py:3954} INFO - Setting next_dagrun for example_subdag_operator.section-1 to None, run_after=None
[2026-05-19T17:50:56.752+0000] {logging_mixin.py:188} INFO - [2026-05-19T17:50:56.752+0000] {dag.py:3954} INFO - Setting next_dagrun for example_subdag_operator.section-2 to None, run_after=None
[2026-05-19T17:50:56.763+0000] {logging_mixin.py:188} INFO - [2026-05-19T17:50:56.762+0000] {dag.py:3096} INFO - Sync 2 DAGs
[2026-05-19T17:50:56.774+0000] {logging_mixin.py:188} INFO - [2026-05-19T17:50:56.773+0000] {dag.py:3954} INFO - Setting next_dagrun for example_subdag_operator.section-1 to None, run_after=None
[2026-05-19T17:50:56.775+0000] {logging_mixin.py:188} INFO - [2026-05-19T17:50:56.775+0000] {dag.py:3954} INFO - Setting next_dagrun for example_subdag_operator.section-2 to None, run_after=None
[2026-05-19T17:50:56.798+0000] {processor.py:183} INFO - Processing /home/airflow/.local/lib/python3.12/site-packages/airflow/example_dags/example_subdag_operator.py took 0.170 seconds
[2026-05-19T17:51:27.512+0000] {processor.py:161} INFO - Started process (PID=575) to work on /home/airflow/.local/lib/python3.12/site-packages/airflow/example_dags/example_subdag_operator.py
[2026-05-19T17:51:27.513+0000] {processor.py:830} INFO - Processing file /home/airflow/.local/lib/python3.12/site-packages/airflow/example_dags/example_subdag_operator.py for tasks to queue
[2026-05-19T17:51:27.515+0000] {logging_mixin.py:188} INFO - [2026-05-19T17:51:27.514+0000] {dagbag.py:545} INFO - Filling up the DagBag from /home/airflow/.local/lib/python3.12/site-packages/airflow/example_dags/example_subdag_operator.py
[2026-05-19T17:51:27.537+0000] {processor.py:840} INFO - DAG(s) 'example_subdag_operator.section-1', 'example_subdag_operator.section-2', 'example_subdag_operator' retrieved from /home/airflow/.local/lib/python3.12/site-packages/airflow/example_dags/example_subdag_operator.py
[2026-05-19T17:51:27.548+0000] {logging_mixin.py:188} INFO - [2026-05-19T17:51:27.548+0000] {dag.py:3096} INFO - Sync 3 DAGs
[2026-05-19T17:51:27.567+0000] {logging_mixin.py:188} INFO - [2026-05-19T17:51:27.567+0000] {dag.py:3954} INFO - Setting next_dagrun for example_subdag_operator to 2022-01-01 00:00:00+00:00, run_after=2022-01-01 00:00:00+00:00
[2026-05-19T17:51:27.571+0000] {logging_mixin.py:188} INFO - [2026-05-19T17:51:27.570+0000] {dag.py:3954} INFO - Setting next_dagrun for example_subdag_operator.section-1 to None, run_after=None
[2026-05-19T17:51:27.572+0000] {logging_mixin.py:188} INFO - [2026-05-19T17:51:27.572+0000] {dag.py:3954} INFO - Setting next_dagrun for example_subdag_operator.section-2 to None, run_after=None
[2026-05-19T17:51:27.578+0000] {logging_mixin.py:188} INFO - [2026-05-19T17:51:27.578+0000] {dag.py:3096} INFO - Sync 2 DAGs
[2026-05-19T17:51:27.583+0000] {logging_mixin.py:188} INFO - [2026-05-19T17:51:27.583+0000] {dag.py:3954} INFO - Setting next_dagrun for example_subdag_operator.section-1 to None, run_after=None
[2026-05-19T17:51:27.584+0000] {logging_mixin.py:188} INFO - [2026-05-19T17:51:27.584+0000] {dag.py:3954} INFO - Setting next_dagrun for example_subdag_operator.section-2 to None, run_after=None
[2026-05-19T17:51:27.597+0000] {processor.py:183} INFO - Processing /home/airflow/.local/lib/python3.12/site-packages/airflow/example_dags/example_subdag_operator.py took 0.091 seconds
[2026-05-19T17:51:58.257+0000] {processor.py:161} INFO - Started process (PID=633) to work on /home/airflow/.local/lib/python3.12/site-packages/airflow/example_dags/example_subdag_operator.py
[2026-05-19T17:51:58.259+0000] {processor.py:830} INFO - Processing file /home/airflow/.local/lib/python3.12/site-packages/airflow/example_dags/example_subdag_operator.py for tasks to queue
[2026-05-19T17:51:58.263+0000] {logging_mixin.py:188} INFO - [2026-05-19T17:51:58.262+0000] {dagbag.py:545} INFO - Filling up the DagBag from /home/airflow/.local/lib/python3.12/site-packages/airflow/example_dags/example_subdag_operator.py
[2026-05-19T17:51:58.309+0000] {processor.py:840} INFO - DAG(s) 'example_subdag_operator.section-1', 'example_subdag_operator.section-2', 'example_subdag_operator' retrieved from /home/airflow/.local/lib/python3.12/site-packages/airflow/example_dags/example_subdag_operator.py
[2026-05-19T17:51:58.343+0000] {logging_mixin.py:188} INFO - [2026-05-19T17:51:58.342+0000] {dag.py:3096} INFO - Sync 3 DAGs
[2026-05-19T17:51:58.380+0000] {logging_mixin.py:188} INFO - [2026-05-19T17:51:58.379+0000] {dag.py:3954} INFO - Setting next_dagrun for example_subdag_operator to 2022-01-01 00:00:00+00:00, run_after=2022-01-01 00:00:00+00:00
[2026-05-19T17:51:58.388+0000] {logging_mixin.py:188} INFO - [2026-05-19T17:51:58.387+0000] {dag.py:3954} INFO - Setting next_dagrun for example_subdag_operator.section-1 to None, run_after=None
[2026-05-19T17:51:58.391+0000] {logging_mixin.py:188} INFO - [2026-05-19T17:51:58.391+0000] {dag.py:3954} INFO - Setting next_dagrun for example_subdag_operator.section-2 to None, run_after=None
[2026-05-19T17:51:58.407+0000] {logging_mixin.py:188} INFO - [2026-05-19T17:51:58.407+0000] {dag.py:3096} INFO - Sync 2 DAGs
[2026-05-19T17:51:58.420+0000] {logging_mixin.py:188} INFO - [2026-05-19T17:51:58.420+0000] {dag.py:3954} INFO - Setting next_dagrun for example_subdag_operator.section-1 to None, run_after=None
[2026-05-19T17:51:58.422+0000] {logging_mixin.py:188} INFO - [2026-05-19T17:51:58.421+0000] {dag.py:3954} INFO - Setting next_dagrun for example_subdag_operator.section-2 to None, run_after=None
[2026-05-19T17:51:58.444+0000] {processor.py:183} INFO - Processing /home/airflow/.local/lib/python3.12/site-packages/airflow/example_dags/example_subdag_operator.py took 0.192 seconds
[2026-05-19T17:52:28.881+0000] {processor.py:161} INFO - Started process (PID=691) to work on /home/airflow/.local/lib/python3.12/site-packages/airflow/example_dags/example_subdag_operator.py
[2026-05-19T17:52:28.882+0000] {processor.py:830} INFO - Processing file /home/airflow/.local/lib/python3.12/site-packages/airflow/example_dags/example_subdag_operator.py for tasks to queue
[2026-05-19T17:52:28.884+0000] {logging_mixin.py:188} INFO - [2026-05-19T17:52:28.884+0000] {dagbag.py:545} INFO - Filling up the DagBag from /home/airflow/.local/lib/python3.12/site-packages/airflow/example_dags/example_subdag_operator.py
[2026-05-19T17:52:28.906+0000] {processor.py:840} INFO - DAG(s) 'example_subdag_operator.section-1', 'example_subdag_operator.section-2', 'example_subdag_operator' retrieved from /home/airflow/.local/lib/python3.12/site-packages/airflow/example_dags/example_subdag_operator.py
[2026-05-19T17:52:28.919+0000] {logging_mixin.py:188} INFO - [2026-05-19T17:52:28.919+0000] {dag.py:3096} INFO - Sync 3 DAGs
[2026-05-19T17:52:28.939+0000] {logging_mixin.py:188} INFO - [2026-05-19T17:52:28.938+0000] {dag.py:3954} INFO - Setting next_dagrun for example_subdag_operator to 2022-01-01 00:00:00+00:00, run_after=2022-01-01 00:00:00+00:00
[2026-05-19T17:52:28.943+0000] {logging_mixin.py:188} INFO - [2026-05-19T17:52:28.942+0000] {dag.py:3954} INFO - Setting next_dagrun for example_subdag_operator.section-1 to None, run_after=None
[2026-05-19T17:52:28.944+0000] {logging_mixin.py:188} INFO - [2026-05-19T17:52:28.944+0000] {dag.py:3954} INFO - Setting next_dagrun for example_subdag_operator.section-2 to None, run_after=None
[2026-05-19T17:52:28.952+0000] {logging_mixin.py:188} INFO - [2026-05-19T17:52:28.951+0000] {dag.py:3096} INFO - Sync 2 DAGs
[2026-05-19T17:52:28.957+0000] {logging_mixin.py:188} INFO - [2026-05-19T17:52:28.957+0000] {dag.py:3954} INFO - Setting next_dagrun for example_subdag_operator.section-1 to None, run_after=None
[2026-05-19T17:52:28.958+0000] {logging_mixin.py:188} INFO - [2026-05-19T17:52:28.958+0000] {dag.py:3954} INFO - Setting next_dagrun for example_subdag_operator.section-2 to None, run_after=None
[2026-05-19T17:52:28.971+0000] {processor.py:183} INFO - Processing /home/airflow/.local/lib/python3.12/site-packages/airflow/example_dags/example_subdag_operator.py took 0.096 seconds
[2026-05-19T17:52:59.694+0000] {processor.py:161} INFO - Started process (PID=749) to work on /home/airflow/.local/lib/python3.12/site-packages/airflow/example_dags/example_subdag_operator.py
[2026-05-19T17:52:59.695+0000] {processor.py:830} INFO - Processing file /home/airflow/.local/lib/python3.12/site-packages/airflow/example_dags/example_subdag_operator.py for tasks to queue
[2026-05-19T17:52:59.698+0000] {logging_mixin.py:188} INFO - [2026-05-19T17:52:59.697+0000] {dagbag.py:545} INFO - Filling up the DagBag from /home/airflow/.local/lib/python3.12/site-packages/airflow/example_dags/example_subdag_operator.py
[2026-05-19T17:52:59.721+0000] {processor.py:840} INFO - DAG(s) 'example_subdag_operator.section-1', 'example_subdag_operator.section-2', 'example_subdag_operator' retrieved from /home/airflow/.local/lib/python3.12/site-packages/airflow/example_dags/example_subdag_operator.py
[2026-05-19T17:52:59.735+0000] {logging_mixin.py:188} INFO - [2026-05-19T17:52:59.734+0000] {dag.py:3096} INFO - Sync 3 DAGs
[2026-05-19T17:52:59.753+0000] {logging_mixin.py:188} INFO - [2026-05-19T17:52:59.753+0000] {dag.py:3954} INFO - Setting next_dagrun for example_subdag_operator to 2022-01-01 00:00:00+00:00, run_after=2022-01-01 00:00:00+00:00
[2026-05-19T17:52:59.757+0000] {logging_mixin.py:188} INFO - [2026-05-19T17:52:59.757+0000] {dag.py:3954} INFO - Setting next_dagrun for example_subdag_operator.section-1 to None, run_after=None
[2026-05-19T17:52:59.758+0000] {logging_mixin.py:188} INFO - [2026-05-19T17:52:59.758+0000] {dag.py:3954} INFO - Setting next_dagrun for example_subdag_operator.section-2 to None, run_after=None
[2026-05-19T17:52:59.764+0000] {logging_mixin.py:188} INFO - [2026-05-19T17:52:59.764+0000] {dag.py:3096} INFO - Sync 2 DAGs
[2026-05-19T17:52:59.770+0000] {logging_mixin.py:188} INFO - [2026-05-19T17:52:59.769+0000] {dag.py:3954} INFO - Setting next_dagrun for example_subdag_operator.section-1 to None, run_after=None
[2026-05-19T17:52:59.770+0000] {logging_mixin.py:188} INFO - [2026-05-19T17:52:59.770+0000] {dag.py:3954} INFO - Setting next_dagrun for example_subdag_operator.section-2 to None, run_after=None
[2026-05-19T17:52:59.785+0000] {processor.py:183} INFO - Processing /home/airflow/.local/lib/python3.12/site-packages/airflow/example_dags/example_subdag_operator.py took 0.096 seconds
[2026-05-19T17:53:30.207+0000] {processor.py:161} INFO - Started process (PID=807) to work on /home/airflow/.local/lib/python3.12/site-packages/airflow/example_dags/example_subdag_operator.py
[2026-05-19T17:53:30.208+0000] {processor.py:830} INFO - Processing file /home/airflow/.local/lib/python3.12/site-packages/airflow/example_dags/example_subdag_operator.py for tasks to queue
[2026-05-19T17:53:30.210+0000] {logging_mixin.py:188} INFO - [2026-05-19T17:53:30.209+0000] {dagbag.py:545} INFO - Filling up the DagBag from /home/airflow/.local/lib/python3.12/site-packages/airflow/example_dags/example_subdag_operator.py
[2026-05-19T17:53:30.230+0000] {processor.py:840} INFO - DAG(s) 'example_subdag_operator.section-1', 'example_subdag_operator.section-2', 'example_subdag_operator' retrieved from /home/airflow/.local/lib/python3.12/site-packages/airflow/example_dags/example_subdag_operator.py
[2026-05-19T17:53:30.245+0000] {logging_mixin.py:188} INFO - [2026-05-19T17:53:30.245+0000] {dag.py:3096} INFO - Sync 3 DAGs
[2026-05-19T17:53:30.265+0000] {logging_mixin.py:188} INFO - [2026-05-19T17:53:30.265+0000] {dag.py:3954} INFO - Setting next_dagrun for example_subdag_operator to 2022-01-01 00:00:00+00:00, run_after=2022-01-01 00:00:00+00:00
[2026-05-19T17:53:30.271+0000] {logging_mixin.py:188} INFO - [2026-05-19T17:53:30.271+0000] {dag.py:3954} INFO - Setting next_dagrun for example_subdag_operator.section-1 to None, run_after=None
[2026-05-19T17:53:30.274+0000] {logging_mixin.py:188} INFO - [2026-05-19T17:53:30.274+0000] {dag.py:3954} INFO - Setting next_dagrun for example_subdag_operator.section-2 to None, run_after=None
[2026-05-19T17:53:30.281+0000] {logging_mixin.py:188} INFO - [2026-05-19T17:53:30.281+0000] {dag.py:3096} INFO - Sync 2 DAGs
[2026-05-19T17:53:30.287+0000] {logging_mixin.py:188} INFO - [2026-05-19T17:53:30.286+0000] {dag.py:3954} INFO - Setting next_dagrun for example_subdag_operator.section-1 to None, run_after=None
[2026-05-19T17:53:30.287+0000] {logging_mixin.py:188} INFO - [2026-05-19T17:53:30.287+0000] {dag.py:3954} INFO - Setting next_dagrun for example_subdag_operator.section-2 to None, run_after=None
[2026-05-19T17:53:30.298+0000] {processor.py:183} INFO - Processing /home/airflow/.local/lib/python3.12/site-packages/airflow/example_dags/example_subdag_operator.py took 0.097 seconds
[2026-05-19T17:54:00.565+0000] {processor.py:161} INFO - Started process (PID=865) to work on /home/airflow/.local/lib/python3.12/site-packages/airflow/example_dags/example_subdag_operator.py
[2026-05-19T17:54:00.566+0000] {processor.py:830} INFO - Processing file /home/airflow/.local/lib/python3.12/site-packages/airflow/example_dags/example_subdag_operator.py for tasks to queue
[2026-05-19T17:54:00.569+0000] {logging_mixin.py:188} INFO - [2026-05-19T17:54:00.568+0000] {dagbag.py:545} INFO - Filling up the DagBag from /home/airflow/.local/lib/python3.12/site-packages/airflow/example_dags/example_subdag_operator.py
[2026-05-19T17:54:00.606+0000] {processor.py:840} INFO - DAG(s) 'example_subdag_operator.section-1', 'example_subdag_operator.section-2', 'example_subdag_operator' retrieved from /home/airflow/.local/lib/python3.12/site-packages/airflow/example_dags/example_subdag_operator.py
[2026-05-19T17:54:00.634+0000] {logging_mixin.py:188} INFO - [2026-05-19T17:54:00.633+0000] {dag.py:3096} INFO - Sync 3 DAGs
[2026-05-19T17:54:00.697+0000] {logging_mixin.py:188} INFO - [2026-05-19T17:54:00.696+0000] {dag.py:3954} INFO - Setting next_dagrun for example_subdag_operator to 2022-01-01 00:00:00+00:00, run_after=2022-01-01 00:00:00+00:00
[2026-05-19T17:54:00.713+0000] {logging_mixin.py:188} INFO - [2026-05-19T17:54:00.712+0000] {dag.py:3954} INFO - Setting next_dagrun for example_subdag_operator.section-1 to None, run_after=None
[2026-05-19T17:54:00.716+0000] {logging_mixin.py:188} INFO - [2026-05-19T17:54:00.716+0000] {dag.py:3954} INFO - Setting next_dagrun for example_subdag_operator.section-2 to None, run_after=None
[2026-05-19T17:54:00.731+0000] {logging_mixin.py:188} INFO - [2026-05-19T17:54:00.730+0000] {dag.py:3096} INFO - Sync 2 DAGs
[2026-05-19T17:54:00.745+0000] {logging_mixin.py:188} INFO - [2026-05-19T17:54:00.744+0000] {dag.py:3954} INFO - Setting next_dagrun for example_subdag_operator.section-1 to None, run_after=None
[2026-05-19T17:54:00.747+0000] {logging_mixin.py:188} INFO - [2026-05-19T17:54:00.746+0000] {dag.py:3954} INFO - Setting next_dagrun for example_subdag_operator.section-2 to None, run_after=None
[2026-05-19T17:54:00.777+0000] {processor.py:183} INFO - Processing /home/airflow/.local/lib/python3.12/site-packages/airflow/example_dags/example_subdag_operator.py took 0.220 seconds
[2026-05-19T17:54:31.170+0000] {processor.py:161} INFO - Started process (PID=923) to work on /home/airflow/.local/lib/python3.12/site-packages/airflow/example_dags/example_subdag_operator.py
[2026-05-19T17:54:31.171+0000] {processor.py:830} INFO - Processing file /home/airflow/.local/lib/python3.12/site-packages/airflow/example_dags/example_subdag_operator.py for tasks to queue
[2026-05-19T17:54:31.173+0000] {logging_mixin.py:188} INFO - [2026-05-19T17:54:31.173+0000] {dagbag.py:545} INFO - Filling up the DagBag from /home/airflow/.local/lib/python3.12/site-packages/airflow/example_dags/example_subdag_operator.py
[2026-05-19T17:54:31.199+0000] {processor.py:840} INFO - DAG(s) 'example_subdag_operator.section-1', 'example_subdag_operator.section-2', 'example_subdag_operator' retrieved from /home/airflow/.local/lib/python3.12/site-packages/airflow/example_dags/example_subdag_operator.py
[2026-05-19T17:54:31.218+0000] {logging_mixin.py:188} INFO - [2026-05-19T17:54:31.217+0000] {dag.py:3096} INFO - Sync 3 DAGs
[2026-05-19T17:54:31.242+0000] {logging_mixin.py:188} INFO - [2026-05-19T17:54:31.241+0000] {dag.py:3954} INFO - Setting next_dagrun for example_subdag_operator to 2022-01-01 00:00:00+00:00, run_after=2022-01-01 00:00:00+00:00
[2026-05-19T17:54:31.248+0000] {logging_mixin.py:188} INFO - [2026-05-19T17:54:31.247+0000] {dag.py:3954} INFO - Setting next_dagrun for example_subdag_operator.section-1 to None, run_after=None
[2026-05-19T17:54:31.250+0000] {logging_mixin.py:188} INFO - [2026-05-19T17:54:31.250+0000] {dag.py:3954} INFO - Setting next_dagrun for example_subdag_operator.section-2 to None, run_after=None
[2026-05-19T17:54:31.260+0000] {logging_mixin.py:188} INFO - [2026-05-19T17:54:31.260+0000] {dag.py:3096} INFO - Sync 2 DAGs
[2026-05-19T17:54:31.268+0000] {logging_mixin.py:188} INFO - [2026-05-19T17:54:31.267+0000] {dag.py:3954} INFO - Setting next_dagrun for example_subdag_operator.section-1 to None, run_after=None
[2026-05-19T17:54:31.269+0000] {logging_mixin.py:188} INFO - [2026-05-19T17:54:31.268+0000] {dag.py:3954} INFO - Setting next_dagrun for example_subdag_operator.section-2 to None, run_after=None
[2026-05-19T17:54:31.282+0000] {processor.py:183} INFO - Processing /home/airflow/.local/lib/python3.12/site-packages/airflow/example_dags/example_subdag_operator.py took 0.118 seconds
[2026-05-19T17:55:01.367+0000] {processor.py:161} INFO - Started process (PID=980) to work on /home/airflow/.local/lib/python3.12/site-packages/airflow/example_dags/example_subdag_operator.py
[2026-05-19T17:55:01.368+0000] {processor.py:830} INFO - Processing file /home/airflow/.local/lib/python3.12/site-packages/airflow/example_dags/example_subdag_operator.py for tasks to queue
[2026-05-19T17:55:01.370+0000] {logging_mixin.py:188} INFO - [2026-05-19T17:55:01.370+0000] {dagbag.py:545} INFO - Filling up the DagBag from /home/airflow/.local/lib/python3.12/site-packages/airflow/example_dags/example_subdag_operator.py
[2026-05-19T17:55:01.395+0000] {processor.py:840} INFO - DAG(s) 'example_subdag_operator.section-1', 'example_subdag_operator.section-2', 'example_subdag_operator' retrieved from /home/airflow/.local/lib/python3.12/site-packages/airflow/example_dags/example_subdag_operator.py
[2026-05-19T17:55:01.411+0000] {logging_mixin.py:188} INFO - [2026-05-19T17:55:01.411+0000] {dag.py:3096} INFO - Sync 3 DAGs
[2026-05-19T17:55:01.430+0000] {logging_mixin.py:188} INFO - [2026-05-19T17:55:01.429+0000] {dag.py:3954} INFO - Setting next_dagrun for example_subdag_operator to 2022-01-01 00:00:00+00:00, run_after=2022-01-01 00:00:00+00:00
[2026-05-19T17:55:01.435+0000] {logging_mixin.py:188} INFO - [2026-05-19T17:55:01.435+0000] {dag.py:3954} INFO - Setting next_dagrun for example_subdag_operator.section-1 to None, run_after=None
[2026-05-19T17:55:01.437+0000] {logging_mixin.py:188} INFO - [2026-05-19T17:55:01.436+0000] {dag.py:3954} INFO - Setting next_dagrun for example_subdag_operator.section-2 to None, run_after=None
[2026-05-19T17:55:01.442+0000] {logging_mixin.py:188} INFO - [2026-05-19T17:55:01.442+0000] {dag.py:3096} INFO - Sync 2 DAGs
[2026-05-19T17:55:01.448+0000] {logging_mixin.py:188} INFO - [2026-05-19T17:55:01.447+0000] {dag.py:3954} INFO - Setting next_dagrun for example_subdag_operator.section-1 to None, run_after=None
[2026-05-19T17:55:01.449+0000] {logging_mixin.py:188} INFO - [2026-05-19T17:55:01.449+0000] {dag.py:3954} INFO - Setting next_dagrun for example_subdag_operator.section-2 to None, run_after=None
[2026-05-19T17:55:01.461+0000] {processor.py:183} INFO - Processing /home/airflow/.local/lib/python3.12/site-packages/airflow/example_dags/example_subdag_operator.py took 0.100 seconds
[2026-05-19T17:55:31.549+0000] {processor.py:161} INFO - Started process (PID=1038) to work on /home/airflow/.local/lib/python3.12/site-packages/airflow/example_dags/example_subdag_operator.py
[2026-05-19T17:55:31.550+0000] {processor.py:830} INFO - Processing file /home/airflow/.local/lib/python3.12/site-packages/airflow/example_dags/example_subdag_operator.py for tasks to queue
[2026-05-19T17:55:31.554+0000] {logging_mixin.py:188} INFO - [2026-05-19T17:55:31.553+0000] {dagbag.py:545} INFO - Filling up the DagBag from /home/airflow/.local/lib/python3.12/site-packages/airflow/example_dags/example_subdag_operator.py
[2026-05-19T17:55:31.583+0000] {processor.py:840} INFO - DAG(s) 'example_subdag_operator.section-1', 'example_subdag_operator.section-2', 'example_subdag_operator' retrieved from /home/airflow/.local/lib/python3.12/site-packages/airflow/example_dags/example_subdag_operator.py
[2026-05-19T17:55:31.605+0000] {logging_mixin.py:188} INFO - [2026-05-19T17:55:31.604+0000] {dag.py:3096} INFO - Sync 3 DAGs
[2026-05-19T17:55:31.627+0000] {logging_mixin.py:188} INFO - [2026-05-19T17:55:31.627+0000] {dag.py:3954} INFO - Setting next_dagrun for example_subdag_operator to 2022-01-01 00:00:00+00:00, run_after=2022-01-01 00:00:00+00:00
[2026-05-19T17:55:31.631+0000] {logging_mixin.py:188} INFO - [2026-05-19T17:55:31.631+0000] {dag.py:3954} INFO - Setting next_dagrun for example_subdag_operator.section-1 to None, run_after=None
[2026-05-19T17:55:31.633+0000] {logging_mixin.py:188} INFO - [2026-05-19T17:55:31.633+0000] {dag.py:3954} INFO - Setting next_dagrun for example_subdag_operator.section-2 to None, run_after=None
[2026-05-19T17:55:31.641+0000] {logging_mixin.py:188} INFO - [2026-05-19T17:55:31.641+0000] {dag.py:3096} INFO - Sync 2 DAGs
[2026-05-19T17:55:31.647+0000] {logging_mixin.py:188} INFO - [2026-05-19T17:55:31.646+0000] {dag.py:3954} INFO - Setting next_dagrun for example_subdag_operator.section-1 to None, run_after=None
[2026-05-19T17:55:31.648+0000] {logging_mixin.py:188} INFO - [2026-05-19T17:55:31.647+0000] {dag.py:3954} INFO - Setting next_dagrun for example_subdag_operator.section-2 to None, run_after=None
[2026-05-19T17:55:31.659+0000] {processor.py:183} INFO - Processing /home/airflow/.local/lib/python3.12/site-packages/airflow/example_dags/example_subdag_operator.py took 0.116 seconds
[2026-05-19T17:56:01.964+0000] {processor.py:161} INFO - Started process (PID=1096) to work on /home/airflow/.local/lib/python3.12/site-packages/airflow/example_dags/example_subdag_operator.py
[2026-05-19T17:56:01.965+0000] {processor.py:830} INFO - Processing file /home/airflow/.local/lib/python3.12/site-packages/airflow/example_dags/example_subdag_operator.py for tasks to queue
[2026-05-19T17:56:01.967+0000] {logging_mixin.py:188} INFO - [2026-05-19T17:56:01.967+0000] {dagbag.py:545} INFO - Filling up the DagBag from /home/airflow/.local/lib/python3.12/site-packages/airflow/example_dags/example_subdag_operator.py
[2026-05-19T17:56:01.991+0000] {processor.py:840} INFO - DAG(s) 'example_subdag_operator.section-1', 'example_subdag_operator.section-2', 'example_subdag_operator' retrieved from /home/airflow/.local/lib/python3.12/site-packages/airflow/example_dags/example_subdag_operator.py
[2026-05-19T17:56:02.005+0000] {logging_mixin.py:188} INFO - [2026-05-19T17:56:02.004+0000] {dag.py:3096} INFO - Sync 3 DAGs
[2026-05-19T17:56:02.025+0000] {logging_mixin.py:188} INFO - [2026-05-19T17:56:02.025+0000] {dag.py:3954} INFO - Setting next_dagrun for example_subdag_operator to 2022-01-01 00:00:00+00:00, run_after=2022-01-01 00:00:00+00:00
[2026-05-19T17:56:02.029+0000] {logging_mixin.py:188} INFO - [2026-05-19T17:56:02.029+0000] {dag.py:3954} INFO - Setting next_dagrun for example_subdag_operator.section-1 to None, run_after=None
[2026-05-19T17:56:02.031+0000] {logging_mixin.py:188} INFO - [2026-05-19T17:56:02.031+0000] {dag.py:3954} INFO - Setting next_dagrun for example_subdag_operator.section-2 to None, run_after=None
[2026-05-19T17:56:02.037+0000] {logging_mixin.py:188} INFO - [2026-05-19T17:56:02.036+0000] {dag.py:3096} INFO - Sync 2 DAGs
[2026-05-19T17:56:02.042+0000] {logging_mixin.py:188} INFO - [2026-05-19T17:56:02.042+0000] {dag.py:3954} INFO - Setting next_dagrun for example_subdag_operator.section-1 to None, run_after=None
[2026-05-19T17:56:02.042+0000] {logging_mixin.py:188} INFO - [2026-05-19T17:56:02.042+0000] {dag.py:3954} INFO - Setting next_dagrun for example_subdag_operator.section-2 to None, run_after=None
[2026-05-19T17:56:02.056+0000] {processor.py:183} INFO - Processing /home/airflow/.local/lib/python3.12/site-packages/airflow/example_dags/example_subdag_operator.py took 0.098 seconds
[2026-05-19T17:56:32.301+0000] {processor.py:161} INFO - Started process (PID=1154) to work on /home/airflow/.local/lib/python3.12/site-packages/airflow/example_dags/example_subdag_operator.py
[2026-05-19T17:56:32.302+0000] {processor.py:830} INFO - Processing file /home/airflow/.local/lib/python3.12/site-packages/airflow/example_dags/example_subdag_operator.py for tasks to queue
[2026-05-19T17:56:32.304+0000] {logging_mixin.py:188} INFO - [2026-05-19T17:56:32.304+0000] {dagbag.py:545} INFO - Filling up the DagBag from /home/airflow/.local/lib/python3.12/site-packages/airflow/example_dags/example_subdag_operator.py
[2026-05-19T17:56:32.325+0000] {processor.py:840} INFO - DAG(s) 'example_subdag_operator.section-1', 'example_subdag_operator.section-2', 'example_subdag_operator' retrieved from /home/airflow/.local/lib/python3.12/site-packages/airflow/example_dags/example_subdag_operator.py
[2026-05-19T17:56:32.339+0000] {logging_mixin.py:188} INFO - [2026-05-19T17:56:32.338+0000] {dag.py:3096} INFO - Sync 3 DAGs
[2026-05-19T17:56:32.358+0000] {logging_mixin.py:188} INFO - [2026-05-19T17:56:32.358+0000] {dag.py:3954} INFO - Setting next_dagrun for example_subdag_operator to 2022-01-01 00:00:00+00:00, run_after=2022-01-01 00:00:00+00:00
[2026-05-19T17:56:32.361+0000] {logging_mixin.py:188} INFO - [2026-05-19T17:56:32.361+0000] {dag.py:3954} INFO - Setting next_dagrun for example_subdag_operator.section-1 to None, run_after=None
[2026-05-19T17:56:32.363+0000] {logging_mixin.py:188} INFO - [2026-05-19T17:56:32.363+0000] {dag.py:3954} INFO - Setting next_dagrun for example_subdag_operator.section-2 to None, run_after=None
[2026-05-19T17:56:32.368+0000] {logging_mixin.py:188} INFO - [2026-05-19T17:56:32.368+0000] {dag.py:3096} INFO - Sync 2 DAGs
[2026-05-19T17:56:32.373+0000] {logging_mixin.py:188} INFO - [2026-05-19T17:56:32.373+0000] {dag.py:3954} INFO - Setting next_dagrun for example_subdag_operator.section-1 to None, run_after=None
[2026-05-19T17:56:32.373+0000] {logging_mixin.py:188} INFO - [2026-05-19T17:56:32.373+0000] {dag.py:3954} INFO - Setting next_dagrun for example_subdag_operator.section-2 to None, run_after=None
[2026-05-19T17:56:32.385+0000] {processor.py:183} INFO - Processing /home/airflow/.local/lib/python3.12/site-packages/airflow/example_dags/example_subdag_operator.py took 0.088 seconds
[2026-05-19T17:58:02.658+0000] {processor.py:161} INFO - Started process (PID=108) to work on /home/airflow/.local/lib/python3.12/site-packages/airflow/example_dags/example_subdag_operator.py
[2026-05-19T17:58:02.659+0000] {processor.py:830} INFO - Processing file /home/airflow/.local/lib/python3.12/site-packages/airflow/example_dags/example_subdag_operator.py for tasks to queue
[2026-05-19T17:58:02.663+0000] {logging_mixin.py:188} INFO - [2026-05-19T17:58:02.662+0000] {dagbag.py:545} INFO - Filling up the DagBag from /home/airflow/.local/lib/python3.12/site-packages/airflow/example_dags/example_subdag_operator.py
[2026-05-19T17:58:02.698+0000] {processor.py:840} INFO - DAG(s) 'example_subdag_operator.section-1', 'example_subdag_operator.section-2', 'example_subdag_operator' retrieved from /home/airflow/.local/lib/python3.12/site-packages/airflow/example_dags/example_subdag_operator.py
[2026-05-19T17:58:02.841+0000] {logging_mixin.py:188} INFO - [2026-05-19T17:58:02.841+0000] {dag.py:3096} INFO - Sync 3 DAGs
[2026-05-19T17:58:02.890+0000] {logging_mixin.py:188} INFO - [2026-05-19T17:58:02.890+0000] {dag.py:3954} INFO - Setting next_dagrun for example_subdag_operator to 2022-01-01 00:00:00+00:00, run_after=2022-01-01 00:00:00+00:00
[2026-05-19T17:58:02.897+0000] {logging_mixin.py:188} INFO - [2026-05-19T17:58:02.896+0000] {dag.py:3954} INFO - Setting next_dagrun for example_subdag_operator.section-1 to None, run_after=None
[2026-05-19T17:58:02.900+0000] {logging_mixin.py:188} INFO - [2026-05-19T17:58:02.900+0000] {dag.py:3954} INFO - Setting next_dagrun for example_subdag_operator.section-2 to None, run_after=None
[2026-05-19T17:58:02.919+0000] {logging_mixin.py:188} INFO - [2026-05-19T17:58:02.919+0000] {dag.py:3096} INFO - Sync 2 DAGs
[2026-05-19T17:58:02.927+0000] {logging_mixin.py:188} INFO - [2026-05-19T17:58:02.926+0000] {dag.py:3954} INFO - Setting next_dagrun for example_subdag_operator.section-1 to None, run_after=None
[2026-05-19T17:58:02.928+0000] {logging_mixin.py:188} INFO - [2026-05-19T17:58:02.928+0000] {dag.py:3954} INFO - Setting next_dagrun for example_subdag_operator.section-2 to None, run_after=None
[2026-05-19T17:58:02.951+0000] {processor.py:183} INFO - Processing /home/airflow/.local/lib/python3.12/site-packages/airflow/example_dags/example_subdag_operator.py took 0.301 seconds
[2026-05-19T17:58:33.687+0000] {processor.py:161} INFO - Started process (PID=166) to work on /home/airflow/.local/lib/python3.12/site-packages/airflow/example_dags/example_subdag_operator.py
[2026-05-19T17:58:33.689+0000] {processor.py:830} INFO - Processing file /home/airflow/.local/lib/python3.12/site-packages/airflow/example_dags/example_subdag_operator.py for tasks to queue
[2026-05-19T17:58:33.692+0000] {logging_mixin.py:188} INFO - [2026-05-19T17:58:33.692+0000] {dagbag.py:545} INFO - Filling up the DagBag from /home/airflow/.local/lib/python3.12/site-packages/airflow/example_dags/example_subdag_operator.py
[2026-05-19T17:58:33.720+0000] {processor.py:840} INFO - DAG(s) 'example_subdag_operator.section-1', 'example_subdag_operator.section-2', 'example_subdag_operator' retrieved from /home/airflow/.local/lib/python3.12/site-packages/airflow/example_dags/example_subdag_operator.py
[2026-05-19T17:58:33.737+0000] {logging_mixin.py:188} INFO - [2026-05-19T17:58:33.737+0000] {dag.py:3096} INFO - Sync 3 DAGs
[2026-05-19T17:58:33.760+0000] {logging_mixin.py:188} INFO - [2026-05-19T17:58:33.760+0000] {dag.py:3954} INFO - Setting next_dagrun for example_subdag_operator to 2022-01-01 00:00:00+00:00, run_after=2022-01-01 00:00:00+00:00
[2026-05-19T17:58:33.767+0000] {logging_mixin.py:188} INFO - [2026-05-19T17:58:33.767+0000] {dag.py:3954} INFO - Setting next_dagrun for example_subdag_operator.section-1 to None, run_after=None
[2026-05-19T17:58:33.770+0000] {logging_mixin.py:188} INFO - [2026-05-19T17:58:33.770+0000] {dag.py:3954} INFO - Setting next_dagrun for example_subdag_operator.section-2 to None, run_after=None
[2026-05-19T17:58:33.779+0000] {logging_mixin.py:188} INFO - [2026-05-19T17:58:33.779+0000] {dag.py:3096} INFO - Sync 2 DAGs
[2026-05-19T17:58:33.785+0000] {logging_mixin.py:188} INFO - [2026-05-19T17:58:33.784+0000] {dag.py:3954} INFO - Setting next_dagrun for example_subdag_operator.section-1 to None, run_after=None
[2026-05-19T17:58:33.785+0000] {logging_mixin.py:188} INFO - [2026-05-19T17:58:33.785+0000] {dag.py:3954} INFO - Setting next_dagrun for example_subdag_operator.section-2 to None, run_after=None
[2026-05-19T17:58:33.805+0000] {processor.py:183} INFO - Processing /home/airflow/.local/lib/python3.12/site-packages/airflow/example_dags/example_subdag_operator.py took 0.124 seconds
