[2026-05-19T13:25:30.970+0000] {processor.py:161} INFO - Started process (PID=115) to work on /home/airflow/.local/lib/python3.12/site-packages/airflow/example_dags/example_trigger_controller_dag.py
[2026-05-19T13:25:30.973+0000] {processor.py:830} INFO - Processing file /home/airflow/.local/lib/python3.12/site-packages/airflow/example_dags/example_trigger_controller_dag.py for tasks to queue
[2026-05-19T13:25:30.984+0000] {logging_mixin.py:188} INFO - [2026-05-19T13:25:30.983+0000] {dagbag.py:545} INFO - Filling up the DagBag from /home/airflow/.local/lib/python3.12/site-packages/airflow/example_dags/example_trigger_controller_dag.py
[2026-05-19T13:25:31.004+0000] {processor.py:840} INFO - DAG(s) 'example_trigger_controller_dag' retrieved from /home/airflow/.local/lib/python3.12/site-packages/airflow/example_dags/example_trigger_controller_dag.py
[2026-05-19T13:25:31.403+0000] {logging_mixin.py:188} INFO - [2026-05-19T13:25:31.397+0000] {override.py:1829} INFO - Created Permission View: can read on DAG:example_trigger_controller_dag
[2026-05-19T13:25:31.436+0000] {logging_mixin.py:188} INFO - [2026-05-19T13:25:31.433+0000] {override.py:1829} INFO - Created Permission View: can edit on DAG:example_trigger_controller_dag
[2026-05-19T13:25:31.459+0000] {logging_mixin.py:188} INFO - [2026-05-19T13:25:31.458+0000] {override.py:1829} INFO - Created Permission View: can delete on DAG:example_trigger_controller_dag
[2026-05-19T13:25:31.463+0000] {logging_mixin.py:188} INFO - [2026-05-19T13:25:31.463+0000] {dag.py:3096} INFO - Sync 1 DAGs
[2026-05-19T13:25:31.505+0000] {logging_mixin.py:188} INFO - [2026-05-19T13:25:31.503+0000] {dag.py:3118} INFO - Creating ORM DAG for example_trigger_controller_dag
[2026-05-19T13:25:31.537+0000] {logging_mixin.py:188} INFO - [2026-05-19T13:25:31.535+0000] {dag.py:3954} INFO - Setting next_dagrun for example_trigger_controller_dag to 2021-01-01 00:00:00+00:00, run_after=2021-01-01 00:00:00+00:00
[2026-05-19T13:25:31.592+0000] {processor.py:183} INFO - Processing /home/airflow/.local/lib/python3.12/site-packages/airflow/example_dags/example_trigger_controller_dag.py took 0.637 seconds
[2026-05-19T13:26:02.048+0000] {processor.py:161} INFO - Started process (PID=173) to work on /home/airflow/.local/lib/python3.12/site-packages/airflow/example_dags/example_trigger_controller_dag.py
[2026-05-19T13:26:02.050+0000] {processor.py:830} INFO - Processing file /home/airflow/.local/lib/python3.12/site-packages/airflow/example_dags/example_trigger_controller_dag.py for tasks to queue
[2026-05-19T13:26:02.055+0000] {logging_mixin.py:188} INFO - [2026-05-19T13:26:02.054+0000] {dagbag.py:545} INFO - Filling up the DagBag from /home/airflow/.local/lib/python3.12/site-packages/airflow/example_dags/example_trigger_controller_dag.py
[2026-05-19T13:26:02.065+0000] {processor.py:840} INFO - DAG(s) 'example_trigger_controller_dag' retrieved from /home/airflow/.local/lib/python3.12/site-packages/airflow/example_dags/example_trigger_controller_dag.py
[2026-05-19T13:26:02.098+0000] {logging_mixin.py:188} INFO - [2026-05-19T13:26:02.097+0000] {dag.py:3096} INFO - Sync 1 DAGs
[2026-05-19T13:26:02.139+0000] {logging_mixin.py:188} INFO - [2026-05-19T13:26:02.139+0000] {dag.py:3954} INFO - Setting next_dagrun for example_trigger_controller_dag to 2021-01-01 00:00:00+00:00, run_after=2021-01-01 00:00:00+00:00
[2026-05-19T13:26:02.179+0000] {processor.py:183} INFO - Processing /home/airflow/.local/lib/python3.12/site-packages/airflow/example_dags/example_trigger_controller_dag.py took 0.140 seconds
[2026-05-19T13:26:32.359+0000] {processor.py:161} INFO - Started process (PID=231) to work on /home/airflow/.local/lib/python3.12/site-packages/airflow/example_dags/example_trigger_controller_dag.py
[2026-05-19T13:26:32.361+0000] {processor.py:830} INFO - Processing file /home/airflow/.local/lib/python3.12/site-packages/airflow/example_dags/example_trigger_controller_dag.py for tasks to queue
[2026-05-19T13:26:32.363+0000] {logging_mixin.py:188} INFO - [2026-05-19T13:26:32.363+0000] {dagbag.py:545} INFO - Filling up the DagBag from /home/airflow/.local/lib/python3.12/site-packages/airflow/example_dags/example_trigger_controller_dag.py
[2026-05-19T13:26:32.370+0000] {processor.py:840} INFO - DAG(s) 'example_trigger_controller_dag' retrieved from /home/airflow/.local/lib/python3.12/site-packages/airflow/example_dags/example_trigger_controller_dag.py
[2026-05-19T13:26:32.406+0000] {logging_mixin.py:188} INFO - [2026-05-19T13:26:32.406+0000] {dag.py:3096} INFO - Sync 1 DAGs
[2026-05-19T13:26:32.430+0000] {logging_mixin.py:188} INFO - [2026-05-19T13:26:32.430+0000] {dag.py:3954} INFO - Setting next_dagrun for example_trigger_controller_dag to 2021-01-01 00:00:00+00:00, run_after=2021-01-01 00:00:00+00:00
[2026-05-19T13:26:32.466+0000] {processor.py:183} INFO - Processing /home/airflow/.local/lib/python3.12/site-packages/airflow/example_dags/example_trigger_controller_dag.py took 0.114 seconds
[2026-05-19T13:27:03.060+0000] {processor.py:161} INFO - Started process (PID=289) to work on /home/airflow/.local/lib/python3.12/site-packages/airflow/example_dags/example_trigger_controller_dag.py
[2026-05-19T13:27:03.062+0000] {processor.py:830} INFO - Processing file /home/airflow/.local/lib/python3.12/site-packages/airflow/example_dags/example_trigger_controller_dag.py for tasks to queue
[2026-05-19T13:27:03.065+0000] {logging_mixin.py:188} INFO - [2026-05-19T13:27:03.064+0000] {dagbag.py:545} INFO - Filling up the DagBag from /home/airflow/.local/lib/python3.12/site-packages/airflow/example_dags/example_trigger_controller_dag.py
[2026-05-19T13:27:03.073+0000] {processor.py:840} INFO - DAG(s) 'example_trigger_controller_dag' retrieved from /home/airflow/.local/lib/python3.12/site-packages/airflow/example_dags/example_trigger_controller_dag.py
[2026-05-19T13:27:03.098+0000] {logging_mixin.py:188} INFO - [2026-05-19T13:27:03.098+0000] {dag.py:3096} INFO - Sync 1 DAGs
[2026-05-19T13:27:03.119+0000] {logging_mixin.py:188} INFO - [2026-05-19T13:27:03.119+0000] {dag.py:3954} INFO - Setting next_dagrun for example_trigger_controller_dag to 2021-01-01 00:00:00+00:00, run_after=2021-01-01 00:00:00+00:00
[2026-05-19T13:27:03.148+0000] {processor.py:183} INFO - Processing /home/airflow/.local/lib/python3.12/site-packages/airflow/example_dags/example_trigger_controller_dag.py took 0.098 seconds
[2026-05-19T13:27:33.551+0000] {processor.py:161} INFO - Started process (PID=347) to work on /home/airflow/.local/lib/python3.12/site-packages/airflow/example_dags/example_trigger_controller_dag.py
[2026-05-19T13:27:33.555+0000] {processor.py:830} INFO - Processing file /home/airflow/.local/lib/python3.12/site-packages/airflow/example_dags/example_trigger_controller_dag.py for tasks to queue
[2026-05-19T13:27:33.562+0000] {logging_mixin.py:188} INFO - [2026-05-19T13:27:33.560+0000] {dagbag.py:545} INFO - Filling up the DagBag from /home/airflow/.local/lib/python3.12/site-packages/airflow/example_dags/example_trigger_controller_dag.py
[2026-05-19T13:27:33.576+0000] {processor.py:840} INFO - DAG(s) 'example_trigger_controller_dag' retrieved from /home/airflow/.local/lib/python3.12/site-packages/airflow/example_dags/example_trigger_controller_dag.py
[2026-05-19T13:27:33.611+0000] {logging_mixin.py:188} INFO - [2026-05-19T13:27:33.611+0000] {dag.py:3096} INFO - Sync 1 DAGs
[2026-05-19T13:27:33.652+0000] {logging_mixin.py:188} INFO - [2026-05-19T13:27:33.652+0000] {dag.py:3954} INFO - Setting next_dagrun for example_trigger_controller_dag to 2021-01-01 00:00:00+00:00, run_after=2021-01-01 00:00:00+00:00
[2026-05-19T13:27:33.692+0000] {processor.py:183} INFO - Processing /home/airflow/.local/lib/python3.12/site-packages/airflow/example_dags/example_trigger_controller_dag.py took 0.159 seconds
[2026-05-19T13:28:04.300+0000] {processor.py:161} INFO - Started process (PID=404) to work on /home/airflow/.local/lib/python3.12/site-packages/airflow/example_dags/example_trigger_controller_dag.py
[2026-05-19T13:28:04.302+0000] {processor.py:830} INFO - Processing file /home/airflow/.local/lib/python3.12/site-packages/airflow/example_dags/example_trigger_controller_dag.py for tasks to queue
[2026-05-19T13:28:04.306+0000] {logging_mixin.py:188} INFO - [2026-05-19T13:28:04.305+0000] {dagbag.py:545} INFO - Filling up the DagBag from /home/airflow/.local/lib/python3.12/site-packages/airflow/example_dags/example_trigger_controller_dag.py
[2026-05-19T13:28:04.317+0000] {processor.py:840} INFO - DAG(s) 'example_trigger_controller_dag' retrieved from /home/airflow/.local/lib/python3.12/site-packages/airflow/example_dags/example_trigger_controller_dag.py
[2026-05-19T13:28:04.362+0000] {logging_mixin.py:188} INFO - [2026-05-19T13:28:04.361+0000] {dag.py:3096} INFO - Sync 1 DAGs
[2026-05-19T13:28:04.411+0000] {logging_mixin.py:188} INFO - [2026-05-19T13:28:04.410+0000] {dag.py:3954} INFO - Setting next_dagrun for example_trigger_controller_dag to 2021-01-01 00:00:00+00:00, run_after=2021-01-01 00:00:00+00:00
[2026-05-19T13:28:04.449+0000] {processor.py:183} INFO - Processing /home/airflow/.local/lib/python3.12/site-packages/airflow/example_dags/example_trigger_controller_dag.py took 0.157 seconds
[2026-05-19T13:28:35.400+0000] {processor.py:161} INFO - Started process (PID=462) to work on /home/airflow/.local/lib/python3.12/site-packages/airflow/example_dags/example_trigger_controller_dag.py
[2026-05-19T13:28:35.401+0000] {processor.py:830} INFO - Processing file /home/airflow/.local/lib/python3.12/site-packages/airflow/example_dags/example_trigger_controller_dag.py for tasks to queue
[2026-05-19T13:28:35.405+0000] {logging_mixin.py:188} INFO - [2026-05-19T13:28:35.405+0000] {dagbag.py:545} INFO - Filling up the DagBag from /home/airflow/.local/lib/python3.12/site-packages/airflow/example_dags/example_trigger_controller_dag.py
[2026-05-19T13:28:35.411+0000] {processor.py:840} INFO - DAG(s) 'example_trigger_controller_dag' retrieved from /home/airflow/.local/lib/python3.12/site-packages/airflow/example_dags/example_trigger_controller_dag.py
[2026-05-19T13:28:35.443+0000] {logging_mixin.py:188} INFO - [2026-05-19T13:28:35.443+0000] {dag.py:3096} INFO - Sync 1 DAGs
[2026-05-19T13:28:35.474+0000] {logging_mixin.py:188} INFO - [2026-05-19T13:28:35.474+0000] {dag.py:3954} INFO - Setting next_dagrun for example_trigger_controller_dag to 2021-01-01 00:00:00+00:00, run_after=2021-01-01 00:00:00+00:00
[2026-05-19T13:28:35.505+0000] {processor.py:183} INFO - Processing /home/airflow/.local/lib/python3.12/site-packages/airflow/example_dags/example_trigger_controller_dag.py took 0.113 seconds
[2026-05-19T13:29:05.830+0000] {processor.py:161} INFO - Started process (PID=520) to work on /home/airflow/.local/lib/python3.12/site-packages/airflow/example_dags/example_trigger_controller_dag.py
[2026-05-19T13:29:05.831+0000] {processor.py:830} INFO - Processing file /home/airflow/.local/lib/python3.12/site-packages/airflow/example_dags/example_trigger_controller_dag.py for tasks to queue
[2026-05-19T13:29:05.834+0000] {logging_mixin.py:188} INFO - [2026-05-19T13:29:05.833+0000] {dagbag.py:545} INFO - Filling up the DagBag from /home/airflow/.local/lib/python3.12/site-packages/airflow/example_dags/example_trigger_controller_dag.py
[2026-05-19T13:29:05.842+0000] {processor.py:840} INFO - DAG(s) 'example_trigger_controller_dag' retrieved from /home/airflow/.local/lib/python3.12/site-packages/airflow/example_dags/example_trigger_controller_dag.py
[2026-05-19T13:29:05.869+0000] {logging_mixin.py:188} INFO - [2026-05-19T13:29:05.869+0000] {dag.py:3096} INFO - Sync 1 DAGs
[2026-05-19T13:29:05.897+0000] {logging_mixin.py:188} INFO - [2026-05-19T13:29:05.897+0000] {dag.py:3954} INFO - Setting next_dagrun for example_trigger_controller_dag to 2021-01-01 00:00:00+00:00, run_after=2021-01-01 00:00:00+00:00
[2026-05-19T13:29:05.927+0000] {processor.py:183} INFO - Processing /home/airflow/.local/lib/python3.12/site-packages/airflow/example_dags/example_trigger_controller_dag.py took 0.104 seconds
[2026-05-19T13:31:00.159+0000] {processor.py:161} INFO - Started process (PID=111) to work on /home/airflow/.local/lib/python3.12/site-packages/airflow/example_dags/example_trigger_controller_dag.py
[2026-05-19T13:31:00.161+0000] {processor.py:830} INFO - Processing file /home/airflow/.local/lib/python3.12/site-packages/airflow/example_dags/example_trigger_controller_dag.py for tasks to queue
[2026-05-19T13:31:00.166+0000] {logging_mixin.py:188} INFO - [2026-05-19T13:31:00.166+0000] {dagbag.py:545} INFO - Filling up the DagBag from /home/airflow/.local/lib/python3.12/site-packages/airflow/example_dags/example_trigger_controller_dag.py
[2026-05-19T13:31:00.175+0000] {processor.py:840} INFO - DAG(s) 'example_trigger_controller_dag' retrieved from /home/airflow/.local/lib/python3.12/site-packages/airflow/example_dags/example_trigger_controller_dag.py
[2026-05-19T13:31:00.435+0000] {logging_mixin.py:188} INFO - [2026-05-19T13:31:00.434+0000] {dag.py:3096} INFO - Sync 1 DAGs
[2026-05-19T13:31:00.494+0000] {logging_mixin.py:188} INFO - [2026-05-19T13:31:00.494+0000] {dag.py:3954} INFO - Setting next_dagrun for example_trigger_controller_dag to 2021-01-01 00:00:00+00:00, run_after=2021-01-01 00:00:00+00:00
[2026-05-19T13:31:00.535+0000] {processor.py:183} INFO - Processing /home/airflow/.local/lib/python3.12/site-packages/airflow/example_dags/example_trigger_controller_dag.py took 0.387 seconds
[2026-05-19T13:31:31.229+0000] {processor.py:161} INFO - Started process (PID=170) to work on /home/airflow/.local/lib/python3.12/site-packages/airflow/example_dags/example_trigger_controller_dag.py
[2026-05-19T13:31:31.231+0000] {processor.py:830} INFO - Processing file /home/airflow/.local/lib/python3.12/site-packages/airflow/example_dags/example_trigger_controller_dag.py for tasks to queue
[2026-05-19T13:31:31.235+0000] {logging_mixin.py:188} INFO - [2026-05-19T13:31:31.235+0000] {dagbag.py:545} INFO - Filling up the DagBag from /home/airflow/.local/lib/python3.12/site-packages/airflow/example_dags/example_trigger_controller_dag.py
[2026-05-19T13:31:31.242+0000] {processor.py:840} INFO - DAG(s) 'example_trigger_controller_dag' retrieved from /home/airflow/.local/lib/python3.12/site-packages/airflow/example_dags/example_trigger_controller_dag.py
[2026-05-19T13:31:31.267+0000] {logging_mixin.py:188} INFO - [2026-05-19T13:31:31.267+0000] {dag.py:3096} INFO - Sync 1 DAGs
[2026-05-19T13:31:31.289+0000] {logging_mixin.py:188} INFO - [2026-05-19T13:31:31.289+0000] {dag.py:3954} INFO - Setting next_dagrun for example_trigger_controller_dag to 2021-01-01 00:00:00+00:00, run_after=2021-01-01 00:00:00+00:00
[2026-05-19T13:31:31.320+0000] {processor.py:183} INFO - Processing /home/airflow/.local/lib/python3.12/site-packages/airflow/example_dags/example_trigger_controller_dag.py took 0.103 seconds
[2026-05-19T13:32:02.203+0000] {processor.py:161} INFO - Started process (PID=229) to work on /home/airflow/.local/lib/python3.12/site-packages/airflow/example_dags/example_trigger_controller_dag.py
[2026-05-19T13:32:02.204+0000] {processor.py:830} INFO - Processing file /home/airflow/.local/lib/python3.12/site-packages/airflow/example_dags/example_trigger_controller_dag.py for tasks to queue
[2026-05-19T13:32:02.207+0000] {logging_mixin.py:188} INFO - [2026-05-19T13:32:02.206+0000] {dagbag.py:545} INFO - Filling up the DagBag from /home/airflow/.local/lib/python3.12/site-packages/airflow/example_dags/example_trigger_controller_dag.py
[2026-05-19T13:32:02.214+0000] {processor.py:840} INFO - DAG(s) 'example_trigger_controller_dag' retrieved from /home/airflow/.local/lib/python3.12/site-packages/airflow/example_dags/example_trigger_controller_dag.py
[2026-05-19T13:32:02.240+0000] {logging_mixin.py:188} INFO - [2026-05-19T13:32:02.239+0000] {dag.py:3096} INFO - Sync 1 DAGs
[2026-05-19T13:32:02.264+0000] {logging_mixin.py:188} INFO - [2026-05-19T13:32:02.263+0000] {dag.py:3954} INFO - Setting next_dagrun for example_trigger_controller_dag to 2021-01-01 00:00:00+00:00, run_after=2021-01-01 00:00:00+00:00
[2026-05-19T13:32:02.288+0000] {processor.py:183} INFO - Processing /home/airflow/.local/lib/python3.12/site-packages/airflow/example_dags/example_trigger_controller_dag.py took 0.092 seconds
[2026-05-19T13:32:33.276+0000] {processor.py:161} INFO - Started process (PID=288) to work on /home/airflow/.local/lib/python3.12/site-packages/airflow/example_dags/example_trigger_controller_dag.py
[2026-05-19T13:32:33.279+0000] {processor.py:830} INFO - Processing file /home/airflow/.local/lib/python3.12/site-packages/airflow/example_dags/example_trigger_controller_dag.py for tasks to queue
[2026-05-19T13:32:33.283+0000] {logging_mixin.py:188} INFO - [2026-05-19T13:32:33.282+0000] {dagbag.py:545} INFO - Filling up the DagBag from /home/airflow/.local/lib/python3.12/site-packages/airflow/example_dags/example_trigger_controller_dag.py
[2026-05-19T13:32:33.292+0000] {processor.py:840} INFO - DAG(s) 'example_trigger_controller_dag' retrieved from /home/airflow/.local/lib/python3.12/site-packages/airflow/example_dags/example_trigger_controller_dag.py
[2026-05-19T13:32:33.332+0000] {logging_mixin.py:188} INFO - [2026-05-19T13:32:33.331+0000] {dag.py:3096} INFO - Sync 1 DAGs
[2026-05-19T13:32:33.372+0000] {logging_mixin.py:188} INFO - [2026-05-19T13:32:33.372+0000] {dag.py:3954} INFO - Setting next_dagrun for example_trigger_controller_dag to 2021-01-01 00:00:00+00:00, run_after=2021-01-01 00:00:00+00:00
[2026-05-19T13:32:33.423+0000] {processor.py:183} INFO - Processing /home/airflow/.local/lib/python3.12/site-packages/airflow/example_dags/example_trigger_controller_dag.py took 0.161 seconds
[2026-05-19T13:33:04.222+0000] {processor.py:161} INFO - Started process (PID=347) to work on /home/airflow/.local/lib/python3.12/site-packages/airflow/example_dags/example_trigger_controller_dag.py
[2026-05-19T13:33:04.224+0000] {processor.py:830} INFO - Processing file /home/airflow/.local/lib/python3.12/site-packages/airflow/example_dags/example_trigger_controller_dag.py for tasks to queue
[2026-05-19T13:33:04.226+0000] {logging_mixin.py:188} INFO - [2026-05-19T13:33:04.226+0000] {dagbag.py:545} INFO - Filling up the DagBag from /home/airflow/.local/lib/python3.12/site-packages/airflow/example_dags/example_trigger_controller_dag.py
[2026-05-19T13:33:04.232+0000] {processor.py:840} INFO - DAG(s) 'example_trigger_controller_dag' retrieved from /home/airflow/.local/lib/python3.12/site-packages/airflow/example_dags/example_trigger_controller_dag.py
[2026-05-19T13:33:04.252+0000] {logging_mixin.py:188} INFO - [2026-05-19T13:33:04.252+0000] {dag.py:3096} INFO - Sync 1 DAGs
[2026-05-19T13:33:04.280+0000] {logging_mixin.py:188} INFO - [2026-05-19T13:33:04.279+0000] {dag.py:3954} INFO - Setting next_dagrun for example_trigger_controller_dag to 2021-01-01 00:00:00+00:00, run_after=2021-01-01 00:00:00+00:00
[2026-05-19T13:33:04.299+0000] {processor.py:183} INFO - Processing /home/airflow/.local/lib/python3.12/site-packages/airflow/example_dags/example_trigger_controller_dag.py took 0.082 seconds
[2026-05-19T13:33:34.864+0000] {processor.py:161} INFO - Started process (PID=406) to work on /home/airflow/.local/lib/python3.12/site-packages/airflow/example_dags/example_trigger_controller_dag.py
[2026-05-19T13:33:34.868+0000] {processor.py:830} INFO - Processing file /home/airflow/.local/lib/python3.12/site-packages/airflow/example_dags/example_trigger_controller_dag.py for tasks to queue
[2026-05-19T13:33:34.872+0000] {logging_mixin.py:188} INFO - [2026-05-19T13:33:34.872+0000] {dagbag.py:545} INFO - Filling up the DagBag from /home/airflow/.local/lib/python3.12/site-packages/airflow/example_dags/example_trigger_controller_dag.py
[2026-05-19T13:33:34.883+0000] {processor.py:840} INFO - DAG(s) 'example_trigger_controller_dag' retrieved from /home/airflow/.local/lib/python3.12/site-packages/airflow/example_dags/example_trigger_controller_dag.py
[2026-05-19T13:33:34.920+0000] {logging_mixin.py:188} INFO - [2026-05-19T13:33:34.919+0000] {dag.py:3096} INFO - Sync 1 DAGs
[2026-05-19T13:33:34.956+0000] {logging_mixin.py:188} INFO - [2026-05-19T13:33:34.956+0000] {dag.py:3954} INFO - Setting next_dagrun for example_trigger_controller_dag to 2021-01-01 00:00:00+00:00, run_after=2021-01-01 00:00:00+00:00
[2026-05-19T13:33:34.988+0000] {processor.py:183} INFO - Processing /home/airflow/.local/lib/python3.12/site-packages/airflow/example_dags/example_trigger_controller_dag.py took 0.132 seconds
[2026-05-19T13:34:05.748+0000] {processor.py:161} INFO - Started process (PID=465) to work on /home/airflow/.local/lib/python3.12/site-packages/airflow/example_dags/example_trigger_controller_dag.py
[2026-05-19T13:34:05.750+0000] {processor.py:830} INFO - Processing file /home/airflow/.local/lib/python3.12/site-packages/airflow/example_dags/example_trigger_controller_dag.py for tasks to queue
[2026-05-19T13:34:05.755+0000] {logging_mixin.py:188} INFO - [2026-05-19T13:34:05.754+0000] {dagbag.py:545} INFO - Filling up the DagBag from /home/airflow/.local/lib/python3.12/site-packages/airflow/example_dags/example_trigger_controller_dag.py
[2026-05-19T13:34:05.764+0000] {processor.py:840} INFO - DAG(s) 'example_trigger_controller_dag' retrieved from /home/airflow/.local/lib/python3.12/site-packages/airflow/example_dags/example_trigger_controller_dag.py
[2026-05-19T13:34:05.810+0000] {logging_mixin.py:188} INFO - [2026-05-19T13:34:05.808+0000] {dag.py:3096} INFO - Sync 1 DAGs
[2026-05-19T13:34:05.869+0000] {logging_mixin.py:188} INFO - [2026-05-19T13:34:05.869+0000] {dag.py:3954} INFO - Setting next_dagrun for example_trigger_controller_dag to 2021-01-01 00:00:00+00:00, run_after=2021-01-01 00:00:00+00:00
[2026-05-19T13:34:05.923+0000] {processor.py:183} INFO - Processing /home/airflow/.local/lib/python3.12/site-packages/airflow/example_dags/example_trigger_controller_dag.py took 0.189 seconds
[2026-05-19T13:34:36.190+0000] {processor.py:161} INFO - Started process (PID=524) to work on /home/airflow/.local/lib/python3.12/site-packages/airflow/example_dags/example_trigger_controller_dag.py
[2026-05-19T13:34:36.191+0000] {processor.py:830} INFO - Processing file /home/airflow/.local/lib/python3.12/site-packages/airflow/example_dags/example_trigger_controller_dag.py for tasks to queue
[2026-05-19T13:34:36.193+0000] {logging_mixin.py:188} INFO - [2026-05-19T13:34:36.193+0000] {dagbag.py:545} INFO - Filling up the DagBag from /home/airflow/.local/lib/python3.12/site-packages/airflow/example_dags/example_trigger_controller_dag.py
[2026-05-19T13:34:36.198+0000] {processor.py:840} INFO - DAG(s) 'example_trigger_controller_dag' retrieved from /home/airflow/.local/lib/python3.12/site-packages/airflow/example_dags/example_trigger_controller_dag.py
[2026-05-19T13:34:36.216+0000] {logging_mixin.py:188} INFO - [2026-05-19T13:34:36.215+0000] {dag.py:3096} INFO - Sync 1 DAGs
[2026-05-19T13:34:36.232+0000] {logging_mixin.py:188} INFO - [2026-05-19T13:34:36.232+0000] {dag.py:3954} INFO - Setting next_dagrun for example_trigger_controller_dag to 2021-01-01 00:00:00+00:00, run_after=2021-01-01 00:00:00+00:00
[2026-05-19T13:34:36.251+0000] {processor.py:183} INFO - Processing /home/airflow/.local/lib/python3.12/site-packages/airflow/example_dags/example_trigger_controller_dag.py took 0.065 seconds
[2026-05-19T13:35:06.485+0000] {processor.py:161} INFO - Started process (PID=583) to work on /home/airflow/.local/lib/python3.12/site-packages/airflow/example_dags/example_trigger_controller_dag.py
[2026-05-19T13:35:06.486+0000] {processor.py:830} INFO - Processing file /home/airflow/.local/lib/python3.12/site-packages/airflow/example_dags/example_trigger_controller_dag.py for tasks to queue
[2026-05-19T13:35:06.489+0000] {logging_mixin.py:188} INFO - [2026-05-19T13:35:06.489+0000] {dagbag.py:545} INFO - Filling up the DagBag from /home/airflow/.local/lib/python3.12/site-packages/airflow/example_dags/example_trigger_controller_dag.py
[2026-05-19T13:35:06.495+0000] {processor.py:840} INFO - DAG(s) 'example_trigger_controller_dag' retrieved from /home/airflow/.local/lib/python3.12/site-packages/airflow/example_dags/example_trigger_controller_dag.py
[2026-05-19T13:35:06.517+0000] {logging_mixin.py:188} INFO - [2026-05-19T13:35:06.517+0000] {dag.py:3096} INFO - Sync 1 DAGs
[2026-05-19T13:35:06.543+0000] {logging_mixin.py:188} INFO - [2026-05-19T13:35:06.543+0000] {dag.py:3954} INFO - Setting next_dagrun for example_trigger_controller_dag to 2021-01-01 00:00:00+00:00, run_after=2021-01-01 00:00:00+00:00
[2026-05-19T13:35:06.566+0000] {processor.py:183} INFO - Processing /home/airflow/.local/lib/python3.12/site-packages/airflow/example_dags/example_trigger_controller_dag.py took 0.087 seconds
[2026-05-19T13:35:36.757+0000] {processor.py:161} INFO - Started process (PID=642) to work on /home/airflow/.local/lib/python3.12/site-packages/airflow/example_dags/example_trigger_controller_dag.py
[2026-05-19T13:35:36.758+0000] {processor.py:830} INFO - Processing file /home/airflow/.local/lib/python3.12/site-packages/airflow/example_dags/example_trigger_controller_dag.py for tasks to queue
[2026-05-19T13:35:36.763+0000] {logging_mixin.py:188} INFO - [2026-05-19T13:35:36.762+0000] {dagbag.py:545} INFO - Filling up the DagBag from /home/airflow/.local/lib/python3.12/site-packages/airflow/example_dags/example_trigger_controller_dag.py
[2026-05-19T13:35:36.769+0000] {processor.py:840} INFO - DAG(s) 'example_trigger_controller_dag' retrieved from /home/airflow/.local/lib/python3.12/site-packages/airflow/example_dags/example_trigger_controller_dag.py
[2026-05-19T13:35:36.791+0000] {logging_mixin.py:188} INFO - [2026-05-19T13:35:36.791+0000] {dag.py:3096} INFO - Sync 1 DAGs
[2026-05-19T13:35:36.816+0000] {logging_mixin.py:188} INFO - [2026-05-19T13:35:36.815+0000] {dag.py:3954} INFO - Setting next_dagrun for example_trigger_controller_dag to 2021-01-01 00:00:00+00:00, run_after=2021-01-01 00:00:00+00:00
[2026-05-19T13:35:36.833+0000] {processor.py:183} INFO - Processing /home/airflow/.local/lib/python3.12/site-packages/airflow/example_dags/example_trigger_controller_dag.py took 0.083 seconds
[2026-05-19T13:36:07.199+0000] {processor.py:161} INFO - Started process (PID=701) to work on /home/airflow/.local/lib/python3.12/site-packages/airflow/example_dags/example_trigger_controller_dag.py
[2026-05-19T13:36:07.201+0000] {processor.py:830} INFO - Processing file /home/airflow/.local/lib/python3.12/site-packages/airflow/example_dags/example_trigger_controller_dag.py for tasks to queue
[2026-05-19T13:36:07.204+0000] {logging_mixin.py:188} INFO - [2026-05-19T13:36:07.204+0000] {dagbag.py:545} INFO - Filling up the DagBag from /home/airflow/.local/lib/python3.12/site-packages/airflow/example_dags/example_trigger_controller_dag.py
[2026-05-19T13:36:07.210+0000] {processor.py:840} INFO - DAG(s) 'example_trigger_controller_dag' retrieved from /home/airflow/.local/lib/python3.12/site-packages/airflow/example_dags/example_trigger_controller_dag.py
[2026-05-19T13:36:07.233+0000] {logging_mixin.py:188} INFO - [2026-05-19T13:36:07.233+0000] {dag.py:3096} INFO - Sync 1 DAGs
[2026-05-19T13:36:07.252+0000] {logging_mixin.py:188} INFO - [2026-05-19T13:36:07.252+0000] {dag.py:3954} INFO - Setting next_dagrun for example_trigger_controller_dag to 2021-01-01 00:00:00+00:00, run_after=2021-01-01 00:00:00+00:00
[2026-05-19T13:36:07.278+0000] {processor.py:183} INFO - Processing /home/airflow/.local/lib/python3.12/site-packages/airflow/example_dags/example_trigger_controller_dag.py took 0.086 seconds
[2026-05-19T13:36:37.833+0000] {processor.py:161} INFO - Started process (PID=760) to work on /home/airflow/.local/lib/python3.12/site-packages/airflow/example_dags/example_trigger_controller_dag.py
[2026-05-19T13:36:37.835+0000] {processor.py:830} INFO - Processing file /home/airflow/.local/lib/python3.12/site-packages/airflow/example_dags/example_trigger_controller_dag.py for tasks to queue
[2026-05-19T13:36:37.839+0000] {logging_mixin.py:188} INFO - [2026-05-19T13:36:37.838+0000] {dagbag.py:545} INFO - Filling up the DagBag from /home/airflow/.local/lib/python3.12/site-packages/airflow/example_dags/example_trigger_controller_dag.py
[2026-05-19T13:36:37.850+0000] {processor.py:840} INFO - DAG(s) 'example_trigger_controller_dag' retrieved from /home/airflow/.local/lib/python3.12/site-packages/airflow/example_dags/example_trigger_controller_dag.py
[2026-05-19T13:36:37.885+0000] {logging_mixin.py:188} INFO - [2026-05-19T13:36:37.885+0000] {dag.py:3096} INFO - Sync 1 DAGs
[2026-05-19T13:36:37.917+0000] {logging_mixin.py:188} INFO - [2026-05-19T13:36:37.916+0000] {dag.py:3954} INFO - Setting next_dagrun for example_trigger_controller_dag to 2021-01-01 00:00:00+00:00, run_after=2021-01-01 00:00:00+00:00
[2026-05-19T13:36:37.949+0000] {processor.py:183} INFO - Processing /home/airflow/.local/lib/python3.12/site-packages/airflow/example_dags/example_trigger_controller_dag.py took 0.124 seconds
[2026-05-19T13:37:08.322+0000] {processor.py:161} INFO - Started process (PID=819) to work on /home/airflow/.local/lib/python3.12/site-packages/airflow/example_dags/example_trigger_controller_dag.py
[2026-05-19T13:37:08.323+0000] {processor.py:830} INFO - Processing file /home/airflow/.local/lib/python3.12/site-packages/airflow/example_dags/example_trigger_controller_dag.py for tasks to queue
[2026-05-19T13:37:08.326+0000] {logging_mixin.py:188} INFO - [2026-05-19T13:37:08.325+0000] {dagbag.py:545} INFO - Filling up the DagBag from /home/airflow/.local/lib/python3.12/site-packages/airflow/example_dags/example_trigger_controller_dag.py
[2026-05-19T13:37:08.333+0000] {processor.py:840} INFO - DAG(s) 'example_trigger_controller_dag' retrieved from /home/airflow/.local/lib/python3.12/site-packages/airflow/example_dags/example_trigger_controller_dag.py
[2026-05-19T13:37:08.360+0000] {logging_mixin.py:188} INFO - [2026-05-19T13:37:08.359+0000] {dag.py:3096} INFO - Sync 1 DAGs
[2026-05-19T13:37:08.392+0000] {logging_mixin.py:188} INFO - [2026-05-19T13:37:08.392+0000] {dag.py:3954} INFO - Setting next_dagrun for example_trigger_controller_dag to 2021-01-01 00:00:00+00:00, run_after=2021-01-01 00:00:00+00:00
[2026-05-19T13:37:08.424+0000] {processor.py:183} INFO - Processing /home/airflow/.local/lib/python3.12/site-packages/airflow/example_dags/example_trigger_controller_dag.py took 0.111 seconds
[2026-05-19T13:37:40.084+0000] {processor.py:161} INFO - Started process (PID=878) to work on /home/airflow/.local/lib/python3.12/site-packages/airflow/example_dags/example_trigger_controller_dag.py
[2026-05-19T13:37:40.087+0000] {processor.py:830} INFO - Processing file /home/airflow/.local/lib/python3.12/site-packages/airflow/example_dags/example_trigger_controller_dag.py for tasks to queue
[2026-05-19T13:37:40.090+0000] {logging_mixin.py:188} INFO - [2026-05-19T13:37:40.090+0000] {dagbag.py:545} INFO - Filling up the DagBag from /home/airflow/.local/lib/python3.12/site-packages/airflow/example_dags/example_trigger_controller_dag.py
[2026-05-19T13:37:40.099+0000] {processor.py:840} INFO - DAG(s) 'example_trigger_controller_dag' retrieved from /home/airflow/.local/lib/python3.12/site-packages/airflow/example_dags/example_trigger_controller_dag.py
[2026-05-19T13:37:40.134+0000] {logging_mixin.py:188} INFO - [2026-05-19T13:37:40.133+0000] {dag.py:3096} INFO - Sync 1 DAGs
[2026-05-19T13:37:40.167+0000] {logging_mixin.py:188} INFO - [2026-05-19T13:37:40.166+0000] {dag.py:3954} INFO - Setting next_dagrun for example_trigger_controller_dag to 2021-01-01 00:00:00+00:00, run_after=2021-01-01 00:00:00+00:00
[2026-05-19T13:37:40.198+0000] {processor.py:183} INFO - Processing /home/airflow/.local/lib/python3.12/site-packages/airflow/example_dags/example_trigger_controller_dag.py took 0.126 seconds
[2026-05-19T13:38:10.635+0000] {processor.py:161} INFO - Started process (PID=937) to work on /home/airflow/.local/lib/python3.12/site-packages/airflow/example_dags/example_trigger_controller_dag.py
[2026-05-19T13:38:10.637+0000] {processor.py:830} INFO - Processing file /home/airflow/.local/lib/python3.12/site-packages/airflow/example_dags/example_trigger_controller_dag.py for tasks to queue
[2026-05-19T13:38:10.641+0000] {logging_mixin.py:188} INFO - [2026-05-19T13:38:10.641+0000] {dagbag.py:545} INFO - Filling up the DagBag from /home/airflow/.local/lib/python3.12/site-packages/airflow/example_dags/example_trigger_controller_dag.py
[2026-05-19T13:38:10.651+0000] {processor.py:840} INFO - DAG(s) 'example_trigger_controller_dag' retrieved from /home/airflow/.local/lib/python3.12/site-packages/airflow/example_dags/example_trigger_controller_dag.py
[2026-05-19T13:38:10.693+0000] {logging_mixin.py:188} INFO - [2026-05-19T13:38:10.693+0000] {dag.py:3096} INFO - Sync 1 DAGs
[2026-05-19T13:38:10.744+0000] {logging_mixin.py:188} INFO - [2026-05-19T13:38:10.743+0000] {dag.py:3954} INFO - Setting next_dagrun for example_trigger_controller_dag to 2021-01-01 00:00:00+00:00, run_after=2021-01-01 00:00:00+00:00
[2026-05-19T13:38:10.779+0000] {processor.py:183} INFO - Processing /home/airflow/.local/lib/python3.12/site-packages/airflow/example_dags/example_trigger_controller_dag.py took 0.155 seconds
[2026-05-19T13:38:41.710+0000] {processor.py:161} INFO - Started process (PID=997) to work on /home/airflow/.local/lib/python3.12/site-packages/airflow/example_dags/example_trigger_controller_dag.py
[2026-05-19T13:38:41.712+0000] {processor.py:830} INFO - Processing file /home/airflow/.local/lib/python3.12/site-packages/airflow/example_dags/example_trigger_controller_dag.py for tasks to queue
[2026-05-19T13:38:41.717+0000] {logging_mixin.py:188} INFO - [2026-05-19T13:38:41.716+0000] {dagbag.py:545} INFO - Filling up the DagBag from /home/airflow/.local/lib/python3.12/site-packages/airflow/example_dags/example_trigger_controller_dag.py
[2026-05-19T13:38:41.729+0000] {processor.py:840} INFO - DAG(s) 'example_trigger_controller_dag' retrieved from /home/airflow/.local/lib/python3.12/site-packages/airflow/example_dags/example_trigger_controller_dag.py
[2026-05-19T13:38:41.765+0000] {logging_mixin.py:188} INFO - [2026-05-19T13:38:41.764+0000] {dag.py:3096} INFO - Sync 1 DAGs
[2026-05-19T13:38:41.810+0000] {logging_mixin.py:188} INFO - [2026-05-19T13:38:41.809+0000] {dag.py:3954} INFO - Setting next_dagrun for example_trigger_controller_dag to 2021-01-01 00:00:00+00:00, run_after=2021-01-01 00:00:00+00:00
[2026-05-19T13:38:41.853+0000] {processor.py:183} INFO - Processing /home/airflow/.local/lib/python3.12/site-packages/airflow/example_dags/example_trigger_controller_dag.py took 0.159 seconds
[2026-05-19T13:39:14.053+0000] {processor.py:161} INFO - Started process (PID=1063) to work on /home/airflow/.local/lib/python3.12/site-packages/airflow/example_dags/example_trigger_controller_dag.py
[2026-05-19T13:39:14.060+0000] {processor.py:830} INFO - Processing file /home/airflow/.local/lib/python3.12/site-packages/airflow/example_dags/example_trigger_controller_dag.py for tasks to queue
[2026-05-19T13:39:14.075+0000] {logging_mixin.py:188} INFO - [2026-05-19T13:39:14.074+0000] {dagbag.py:545} INFO - Filling up the DagBag from /home/airflow/.local/lib/python3.12/site-packages/airflow/example_dags/example_trigger_controller_dag.py
[2026-05-19T13:39:14.113+0000] {processor.py:840} INFO - DAG(s) 'example_trigger_controller_dag' retrieved from /home/airflow/.local/lib/python3.12/site-packages/airflow/example_dags/example_trigger_controller_dag.py
[2026-05-19T13:39:14.287+0000] {logging_mixin.py:188} INFO - [2026-05-19T13:39:14.286+0000] {dag.py:3096} INFO - Sync 1 DAGs
[2026-05-19T13:39:14.401+0000] {logging_mixin.py:188} INFO - [2026-05-19T13:39:14.400+0000] {dag.py:3954} INFO - Setting next_dagrun for example_trigger_controller_dag to 2021-01-01 00:00:00+00:00, run_after=2021-01-01 00:00:00+00:00
[2026-05-19T13:39:14.504+0000] {processor.py:183} INFO - Processing /home/airflow/.local/lib/python3.12/site-packages/airflow/example_dags/example_trigger_controller_dag.py took 0.482 seconds
[2026-05-19T13:39:45.193+0000] {processor.py:161} INFO - Started process (PID=1122) to work on /home/airflow/.local/lib/python3.12/site-packages/airflow/example_dags/example_trigger_controller_dag.py
[2026-05-19T13:39:45.194+0000] {processor.py:830} INFO - Processing file /home/airflow/.local/lib/python3.12/site-packages/airflow/example_dags/example_trigger_controller_dag.py for tasks to queue
[2026-05-19T13:39:45.198+0000] {logging_mixin.py:188} INFO - [2026-05-19T13:39:45.197+0000] {dagbag.py:545} INFO - Filling up the DagBag from /home/airflow/.local/lib/python3.12/site-packages/airflow/example_dags/example_trigger_controller_dag.py
[2026-05-19T13:39:45.205+0000] {processor.py:840} INFO - DAG(s) 'example_trigger_controller_dag' retrieved from /home/airflow/.local/lib/python3.12/site-packages/airflow/example_dags/example_trigger_controller_dag.py
[2026-05-19T13:39:45.253+0000] {logging_mixin.py:188} INFO - [2026-05-19T13:39:45.253+0000] {dag.py:3096} INFO - Sync 1 DAGs
[2026-05-19T13:39:45.291+0000] {logging_mixin.py:188} INFO - [2026-05-19T13:39:45.291+0000] {dag.py:3954} INFO - Setting next_dagrun for example_trigger_controller_dag to 2021-01-01 00:00:00+00:00, run_after=2021-01-01 00:00:00+00:00
[2026-05-19T13:39:45.330+0000] {processor.py:183} INFO - Processing /home/airflow/.local/lib/python3.12/site-packages/airflow/example_dags/example_trigger_controller_dag.py took 0.145 seconds
[2026-05-19T13:40:15.854+0000] {processor.py:161} INFO - Started process (PID=1181) to work on /home/airflow/.local/lib/python3.12/site-packages/airflow/example_dags/example_trigger_controller_dag.py
[2026-05-19T13:40:15.855+0000] {processor.py:830} INFO - Processing file /home/airflow/.local/lib/python3.12/site-packages/airflow/example_dags/example_trigger_controller_dag.py for tasks to queue
[2026-05-19T13:40:15.858+0000] {logging_mixin.py:188} INFO - [2026-05-19T13:40:15.858+0000] {dagbag.py:545} INFO - Filling up the DagBag from /home/airflow/.local/lib/python3.12/site-packages/airflow/example_dags/example_trigger_controller_dag.py
[2026-05-19T13:40:15.865+0000] {processor.py:840} INFO - DAG(s) 'example_trigger_controller_dag' retrieved from /home/airflow/.local/lib/python3.12/site-packages/airflow/example_dags/example_trigger_controller_dag.py
[2026-05-19T13:40:15.891+0000] {logging_mixin.py:188} INFO - [2026-05-19T13:40:15.890+0000] {dag.py:3096} INFO - Sync 1 DAGs
[2026-05-19T13:40:15.922+0000] {logging_mixin.py:188} INFO - [2026-05-19T13:40:15.922+0000] {dag.py:3954} INFO - Setting next_dagrun for example_trigger_controller_dag to 2021-01-01 00:00:00+00:00, run_after=2021-01-01 00:00:00+00:00
[2026-05-19T13:40:15.950+0000] {processor.py:183} INFO - Processing /home/airflow/.local/lib/python3.12/site-packages/airflow/example_dags/example_trigger_controller_dag.py took 0.105 seconds
[2026-05-19T13:40:46.145+0000] {processor.py:161} INFO - Started process (PID=1240) to work on /home/airflow/.local/lib/python3.12/site-packages/airflow/example_dags/example_trigger_controller_dag.py
[2026-05-19T13:40:46.147+0000] {processor.py:830} INFO - Processing file /home/airflow/.local/lib/python3.12/site-packages/airflow/example_dags/example_trigger_controller_dag.py for tasks to queue
[2026-05-19T13:40:46.150+0000] {logging_mixin.py:188} INFO - [2026-05-19T13:40:46.149+0000] {dagbag.py:545} INFO - Filling up the DagBag from /home/airflow/.local/lib/python3.12/site-packages/airflow/example_dags/example_trigger_controller_dag.py
[2026-05-19T13:40:46.155+0000] {processor.py:840} INFO - DAG(s) 'example_trigger_controller_dag' retrieved from /home/airflow/.local/lib/python3.12/site-packages/airflow/example_dags/example_trigger_controller_dag.py
[2026-05-19T13:40:46.178+0000] {logging_mixin.py:188} INFO - [2026-05-19T13:40:46.178+0000] {dag.py:3096} INFO - Sync 1 DAGs
[2026-05-19T13:40:46.205+0000] {logging_mixin.py:188} INFO - [2026-05-19T13:40:46.204+0000] {dag.py:3954} INFO - Setting next_dagrun for example_trigger_controller_dag to 2021-01-01 00:00:00+00:00, run_after=2021-01-01 00:00:00+00:00
[2026-05-19T13:40:46.226+0000] {processor.py:183} INFO - Processing /home/airflow/.local/lib/python3.12/site-packages/airflow/example_dags/example_trigger_controller_dag.py took 0.087 seconds
[2026-05-19T13:41:17.477+0000] {processor.py:161} INFO - Started process (PID=1299) to work on /home/airflow/.local/lib/python3.12/site-packages/airflow/example_dags/example_trigger_controller_dag.py
[2026-05-19T13:41:17.480+0000] {processor.py:830} INFO - Processing file /home/airflow/.local/lib/python3.12/site-packages/airflow/example_dags/example_trigger_controller_dag.py for tasks to queue
[2026-05-19T13:41:17.484+0000] {logging_mixin.py:188} INFO - [2026-05-19T13:41:17.483+0000] {dagbag.py:545} INFO - Filling up the DagBag from /home/airflow/.local/lib/python3.12/site-packages/airflow/example_dags/example_trigger_controller_dag.py
[2026-05-19T13:41:17.493+0000] {processor.py:840} INFO - DAG(s) 'example_trigger_controller_dag' retrieved from /home/airflow/.local/lib/python3.12/site-packages/airflow/example_dags/example_trigger_controller_dag.py
[2026-05-19T13:41:17.530+0000] {logging_mixin.py:188} INFO - [2026-05-19T13:41:17.530+0000] {dag.py:3096} INFO - Sync 1 DAGs
[2026-05-19T13:41:17.573+0000] {logging_mixin.py:188} INFO - [2026-05-19T13:41:17.572+0000] {dag.py:3954} INFO - Setting next_dagrun for example_trigger_controller_dag to 2021-01-01 00:00:00+00:00, run_after=2021-01-01 00:00:00+00:00
[2026-05-19T13:41:17.611+0000] {processor.py:183} INFO - Processing /home/airflow/.local/lib/python3.12/site-packages/airflow/example_dags/example_trigger_controller_dag.py took 0.144 seconds
[2026-05-19T13:41:49.663+0000] {processor.py:161} INFO - Started process (PID=1358) to work on /home/airflow/.local/lib/python3.12/site-packages/airflow/example_dags/example_trigger_controller_dag.py
[2026-05-19T13:41:49.668+0000] {processor.py:830} INFO - Processing file /home/airflow/.local/lib/python3.12/site-packages/airflow/example_dags/example_trigger_controller_dag.py for tasks to queue
[2026-05-19T13:41:49.676+0000] {logging_mixin.py:188} INFO - [2026-05-19T13:41:49.675+0000] {dagbag.py:545} INFO - Filling up the DagBag from /home/airflow/.local/lib/python3.12/site-packages/airflow/example_dags/example_trigger_controller_dag.py
[2026-05-19T13:41:49.711+0000] {processor.py:840} INFO - DAG(s) 'example_trigger_controller_dag' retrieved from /home/airflow/.local/lib/python3.12/site-packages/airflow/example_dags/example_trigger_controller_dag.py
[2026-05-19T13:41:49.845+0000] {logging_mixin.py:188} INFO - [2026-05-19T13:41:49.845+0000] {dag.py:3096} INFO - Sync 1 DAGs
[2026-05-19T13:41:50.005+0000] {logging_mixin.py:188} INFO - [2026-05-19T13:41:50.004+0000] {dag.py:3954} INFO - Setting next_dagrun for example_trigger_controller_dag to 2021-01-01 00:00:00+00:00, run_after=2021-01-01 00:00:00+00:00
[2026-05-19T13:41:50.119+0000] {processor.py:183} INFO - Processing /home/airflow/.local/lib/python3.12/site-packages/airflow/example_dags/example_trigger_controller_dag.py took 0.483 seconds
[2026-05-19T13:42:20.234+0000] {processor.py:161} INFO - Started process (PID=1417) to work on /home/airflow/.local/lib/python3.12/site-packages/airflow/example_dags/example_trigger_controller_dag.py
[2026-05-19T13:42:20.235+0000] {processor.py:830} INFO - Processing file /home/airflow/.local/lib/python3.12/site-packages/airflow/example_dags/example_trigger_controller_dag.py for tasks to queue
[2026-05-19T13:42:20.239+0000] {logging_mixin.py:188} INFO - [2026-05-19T13:42:20.238+0000] {dagbag.py:545} INFO - Filling up the DagBag from /home/airflow/.local/lib/python3.12/site-packages/airflow/example_dags/example_trigger_controller_dag.py
[2026-05-19T13:42:20.246+0000] {processor.py:840} INFO - DAG(s) 'example_trigger_controller_dag' retrieved from /home/airflow/.local/lib/python3.12/site-packages/airflow/example_dags/example_trigger_controller_dag.py
[2026-05-19T13:42:20.272+0000] {logging_mixin.py:188} INFO - [2026-05-19T13:42:20.272+0000] {dag.py:3096} INFO - Sync 1 DAGs
[2026-05-19T13:42:20.305+0000] {logging_mixin.py:188} INFO - [2026-05-19T13:42:20.305+0000] {dag.py:3954} INFO - Setting next_dagrun for example_trigger_controller_dag to 2021-01-01 00:00:00+00:00, run_after=2021-01-01 00:00:00+00:00
[2026-05-19T13:42:20.489+0000] {processor.py:183} INFO - Processing /home/airflow/.local/lib/python3.12/site-packages/airflow/example_dags/example_trigger_controller_dag.py took 0.266 seconds
[2026-05-19T13:42:51.121+0000] {processor.py:161} INFO - Started process (PID=1476) to work on /home/airflow/.local/lib/python3.12/site-packages/airflow/example_dags/example_trigger_controller_dag.py
[2026-05-19T13:42:51.124+0000] {processor.py:830} INFO - Processing file /home/airflow/.local/lib/python3.12/site-packages/airflow/example_dags/example_trigger_controller_dag.py for tasks to queue
[2026-05-19T13:42:51.132+0000] {logging_mixin.py:188} INFO - [2026-05-19T13:42:51.131+0000] {dagbag.py:545} INFO - Filling up the DagBag from /home/airflow/.local/lib/python3.12/site-packages/airflow/example_dags/example_trigger_controller_dag.py
[2026-05-19T13:42:51.148+0000] {processor.py:840} INFO - DAG(s) 'example_trigger_controller_dag' retrieved from /home/airflow/.local/lib/python3.12/site-packages/airflow/example_dags/example_trigger_controller_dag.py
[2026-05-19T13:42:51.200+0000] {logging_mixin.py:188} INFO - [2026-05-19T13:42:51.200+0000] {dag.py:3096} INFO - Sync 1 DAGs
[2026-05-19T13:42:51.249+0000] {logging_mixin.py:188} INFO - [2026-05-19T13:42:51.248+0000] {dag.py:3954} INFO - Setting next_dagrun for example_trigger_controller_dag to 2021-01-01 00:00:00+00:00, run_after=2021-01-01 00:00:00+00:00
[2026-05-19T13:42:51.288+0000] {processor.py:183} INFO - Processing /home/airflow/.local/lib/python3.12/site-packages/airflow/example_dags/example_trigger_controller_dag.py took 0.183 seconds
[2026-05-19T13:43:22.141+0000] {processor.py:161} INFO - Started process (PID=1536) to work on /home/airflow/.local/lib/python3.12/site-packages/airflow/example_dags/example_trigger_controller_dag.py
[2026-05-19T13:43:22.143+0000] {processor.py:830} INFO - Processing file /home/airflow/.local/lib/python3.12/site-packages/airflow/example_dags/example_trigger_controller_dag.py for tasks to queue
[2026-05-19T13:43:22.148+0000] {logging_mixin.py:188} INFO - [2026-05-19T13:43:22.147+0000] {dagbag.py:545} INFO - Filling up the DagBag from /home/airflow/.local/lib/python3.12/site-packages/airflow/example_dags/example_trigger_controller_dag.py
[2026-05-19T13:43:22.158+0000] {processor.py:840} INFO - DAG(s) 'example_trigger_controller_dag' retrieved from /home/airflow/.local/lib/python3.12/site-packages/airflow/example_dags/example_trigger_controller_dag.py
[2026-05-19T13:43:22.226+0000] {logging_mixin.py:188} INFO - [2026-05-19T13:43:22.225+0000] {dag.py:3096} INFO - Sync 1 DAGs
[2026-05-19T13:43:22.258+0000] {logging_mixin.py:188} INFO - [2026-05-19T13:43:22.258+0000] {dag.py:3954} INFO - Setting next_dagrun for example_trigger_controller_dag to 2021-01-01 00:00:00+00:00, run_after=2021-01-01 00:00:00+00:00
[2026-05-19T13:43:22.300+0000] {processor.py:183} INFO - Processing /home/airflow/.local/lib/python3.12/site-packages/airflow/example_dags/example_trigger_controller_dag.py took 0.169 seconds
[2026-05-19T13:43:52.510+0000] {processor.py:161} INFO - Started process (PID=1595) to work on /home/airflow/.local/lib/python3.12/site-packages/airflow/example_dags/example_trigger_controller_dag.py
[2026-05-19T13:43:52.512+0000] {processor.py:830} INFO - Processing file /home/airflow/.local/lib/python3.12/site-packages/airflow/example_dags/example_trigger_controller_dag.py for tasks to queue
[2026-05-19T13:43:52.517+0000] {logging_mixin.py:188} INFO - [2026-05-19T13:43:52.516+0000] {dagbag.py:545} INFO - Filling up the DagBag from /home/airflow/.local/lib/python3.12/site-packages/airflow/example_dags/example_trigger_controller_dag.py
[2026-05-19T13:43:52.522+0000] {processor.py:840} INFO - DAG(s) 'example_trigger_controller_dag' retrieved from /home/airflow/.local/lib/python3.12/site-packages/airflow/example_dags/example_trigger_controller_dag.py
[2026-05-19T13:43:52.554+0000] {logging_mixin.py:188} INFO - [2026-05-19T13:43:52.554+0000] {dag.py:3096} INFO - Sync 1 DAGs
[2026-05-19T13:43:52.580+0000] {logging_mixin.py:188} INFO - [2026-05-19T13:43:52.580+0000] {dag.py:3954} INFO - Setting next_dagrun for example_trigger_controller_dag to 2021-01-01 00:00:00+00:00, run_after=2021-01-01 00:00:00+00:00
[2026-05-19T13:43:52.612+0000] {processor.py:183} INFO - Processing /home/airflow/.local/lib/python3.12/site-packages/airflow/example_dags/example_trigger_controller_dag.py took 0.112 seconds
[2026-05-19T13:44:22.958+0000] {processor.py:161} INFO - Started process (PID=1654) to work on /home/airflow/.local/lib/python3.12/site-packages/airflow/example_dags/example_trigger_controller_dag.py
[2026-05-19T13:44:22.960+0000] {processor.py:830} INFO - Processing file /home/airflow/.local/lib/python3.12/site-packages/airflow/example_dags/example_trigger_controller_dag.py for tasks to queue
[2026-05-19T13:44:22.963+0000] {logging_mixin.py:188} INFO - [2026-05-19T13:44:22.963+0000] {dagbag.py:545} INFO - Filling up the DagBag from /home/airflow/.local/lib/python3.12/site-packages/airflow/example_dags/example_trigger_controller_dag.py
[2026-05-19T13:44:22.970+0000] {processor.py:840} INFO - DAG(s) 'example_trigger_controller_dag' retrieved from /home/airflow/.local/lib/python3.12/site-packages/airflow/example_dags/example_trigger_controller_dag.py
[2026-05-19T13:44:22.999+0000] {logging_mixin.py:188} INFO - [2026-05-19T13:44:22.999+0000] {dag.py:3096} INFO - Sync 1 DAGs
[2026-05-19T13:44:23.037+0000] {logging_mixin.py:188} INFO - [2026-05-19T13:44:23.037+0000] {dag.py:3954} INFO - Setting next_dagrun for example_trigger_controller_dag to 2021-01-01 00:00:00+00:00, run_after=2021-01-01 00:00:00+00:00
[2026-05-19T13:44:23.060+0000] {processor.py:183} INFO - Processing /home/airflow/.local/lib/python3.12/site-packages/airflow/example_dags/example_trigger_controller_dag.py took 0.111 seconds
[2026-05-19T13:44:53.385+0000] {processor.py:161} INFO - Started process (PID=1713) to work on /home/airflow/.local/lib/python3.12/site-packages/airflow/example_dags/example_trigger_controller_dag.py
[2026-05-19T13:44:53.387+0000] {processor.py:830} INFO - Processing file /home/airflow/.local/lib/python3.12/site-packages/airflow/example_dags/example_trigger_controller_dag.py for tasks to queue
[2026-05-19T13:44:53.390+0000] {logging_mixin.py:188} INFO - [2026-05-19T13:44:53.390+0000] {dagbag.py:545} INFO - Filling up the DagBag from /home/airflow/.local/lib/python3.12/site-packages/airflow/example_dags/example_trigger_controller_dag.py
[2026-05-19T13:44:53.396+0000] {processor.py:840} INFO - DAG(s) 'example_trigger_controller_dag' retrieved from /home/airflow/.local/lib/python3.12/site-packages/airflow/example_dags/example_trigger_controller_dag.py
[2026-05-19T13:44:53.422+0000] {logging_mixin.py:188} INFO - [2026-05-19T13:44:53.421+0000] {dag.py:3096} INFO - Sync 1 DAGs
[2026-05-19T13:44:53.453+0000] {logging_mixin.py:188} INFO - [2026-05-19T13:44:53.453+0000] {dag.py:3954} INFO - Setting next_dagrun for example_trigger_controller_dag to 2021-01-01 00:00:00+00:00, run_after=2021-01-01 00:00:00+00:00
[2026-05-19T13:44:53.489+0000] {processor.py:183} INFO - Processing /home/airflow/.local/lib/python3.12/site-packages/airflow/example_dags/example_trigger_controller_dag.py took 0.112 seconds
[2026-05-19T13:45:23.944+0000] {processor.py:161} INFO - Started process (PID=1772) to work on /home/airflow/.local/lib/python3.12/site-packages/airflow/example_dags/example_trigger_controller_dag.py
[2026-05-19T13:45:23.945+0000] {processor.py:830} INFO - Processing file /home/airflow/.local/lib/python3.12/site-packages/airflow/example_dags/example_trigger_controller_dag.py for tasks to queue
[2026-05-19T13:45:23.948+0000] {logging_mixin.py:188} INFO - [2026-05-19T13:45:23.947+0000] {dagbag.py:545} INFO - Filling up the DagBag from /home/airflow/.local/lib/python3.12/site-packages/airflow/example_dags/example_trigger_controller_dag.py
[2026-05-19T13:45:23.954+0000] {processor.py:840} INFO - DAG(s) 'example_trigger_controller_dag' retrieved from /home/airflow/.local/lib/python3.12/site-packages/airflow/example_dags/example_trigger_controller_dag.py
[2026-05-19T13:45:23.985+0000] {logging_mixin.py:188} INFO - [2026-05-19T13:45:23.984+0000] {dag.py:3096} INFO - Sync 1 DAGs
[2026-05-19T13:45:24.020+0000] {logging_mixin.py:188} INFO - [2026-05-19T13:45:24.019+0000] {dag.py:3954} INFO - Setting next_dagrun for example_trigger_controller_dag to 2021-01-01 00:00:00+00:00, run_after=2021-01-01 00:00:00+00:00
[2026-05-19T13:45:24.052+0000] {processor.py:183} INFO - Processing /home/airflow/.local/lib/python3.12/site-packages/airflow/example_dags/example_trigger_controller_dag.py took 0.118 seconds
[2026-05-19T13:45:54.512+0000] {processor.py:161} INFO - Started process (PID=1831) to work on /home/airflow/.local/lib/python3.12/site-packages/airflow/example_dags/example_trigger_controller_dag.py
[2026-05-19T13:45:54.513+0000] {processor.py:830} INFO - Processing file /home/airflow/.local/lib/python3.12/site-packages/airflow/example_dags/example_trigger_controller_dag.py for tasks to queue
[2026-05-19T13:45:54.516+0000] {logging_mixin.py:188} INFO - [2026-05-19T13:45:54.515+0000] {dagbag.py:545} INFO - Filling up the DagBag from /home/airflow/.local/lib/python3.12/site-packages/airflow/example_dags/example_trigger_controller_dag.py
[2026-05-19T13:45:54.522+0000] {processor.py:840} INFO - DAG(s) 'example_trigger_controller_dag' retrieved from /home/airflow/.local/lib/python3.12/site-packages/airflow/example_dags/example_trigger_controller_dag.py
[2026-05-19T13:45:54.545+0000] {logging_mixin.py:188} INFO - [2026-05-19T13:45:54.545+0000] {dag.py:3096} INFO - Sync 1 DAGs
[2026-05-19T13:45:54.565+0000] {logging_mixin.py:188} INFO - [2026-05-19T13:45:54.565+0000] {dag.py:3954} INFO - Setting next_dagrun for example_trigger_controller_dag to 2021-01-01 00:00:00+00:00, run_after=2021-01-01 00:00:00+00:00
[2026-05-19T13:45:54.588+0000] {processor.py:183} INFO - Processing /home/airflow/.local/lib/python3.12/site-packages/airflow/example_dags/example_trigger_controller_dag.py took 0.083 seconds
[2026-05-19T13:46:25.062+0000] {processor.py:161} INFO - Started process (PID=1891) to work on /home/airflow/.local/lib/python3.12/site-packages/airflow/example_dags/example_trigger_controller_dag.py
[2026-05-19T13:46:25.064+0000] {processor.py:830} INFO - Processing file /home/airflow/.local/lib/python3.12/site-packages/airflow/example_dags/example_trigger_controller_dag.py for tasks to queue
[2026-05-19T13:46:25.066+0000] {logging_mixin.py:188} INFO - [2026-05-19T13:46:25.066+0000] {dagbag.py:545} INFO - Filling up the DagBag from /home/airflow/.local/lib/python3.12/site-packages/airflow/example_dags/example_trigger_controller_dag.py
[2026-05-19T13:46:25.073+0000] {processor.py:840} INFO - DAG(s) 'example_trigger_controller_dag' retrieved from /home/airflow/.local/lib/python3.12/site-packages/airflow/example_dags/example_trigger_controller_dag.py
[2026-05-19T13:46:25.097+0000] {logging_mixin.py:188} INFO - [2026-05-19T13:46:25.097+0000] {dag.py:3096} INFO - Sync 1 DAGs
[2026-05-19T13:46:25.140+0000] {logging_mixin.py:188} INFO - [2026-05-19T13:46:25.140+0000] {dag.py:3954} INFO - Setting next_dagrun for example_trigger_controller_dag to 2021-01-01 00:00:00+00:00, run_after=2021-01-01 00:00:00+00:00
[2026-05-19T13:46:25.173+0000] {processor.py:183} INFO - Processing /home/airflow/.local/lib/python3.12/site-packages/airflow/example_dags/example_trigger_controller_dag.py took 0.120 seconds
[2026-05-19T13:46:55.662+0000] {processor.py:161} INFO - Started process (PID=1950) to work on /home/airflow/.local/lib/python3.12/site-packages/airflow/example_dags/example_trigger_controller_dag.py
[2026-05-19T13:46:55.664+0000] {processor.py:830} INFO - Processing file /home/airflow/.local/lib/python3.12/site-packages/airflow/example_dags/example_trigger_controller_dag.py for tasks to queue
[2026-05-19T13:46:55.668+0000] {logging_mixin.py:188} INFO - [2026-05-19T13:46:55.667+0000] {dagbag.py:545} INFO - Filling up the DagBag from /home/airflow/.local/lib/python3.12/site-packages/airflow/example_dags/example_trigger_controller_dag.py
[2026-05-19T13:46:55.677+0000] {processor.py:840} INFO - DAG(s) 'example_trigger_controller_dag' retrieved from /home/airflow/.local/lib/python3.12/site-packages/airflow/example_dags/example_trigger_controller_dag.py
[2026-05-19T13:46:55.706+0000] {logging_mixin.py:188} INFO - [2026-05-19T13:46:55.706+0000] {dag.py:3096} INFO - Sync 1 DAGs
[2026-05-19T13:46:55.741+0000] {logging_mixin.py:188} INFO - [2026-05-19T13:46:55.741+0000] {dag.py:3954} INFO - Setting next_dagrun for example_trigger_controller_dag to 2021-01-01 00:00:00+00:00, run_after=2021-01-01 00:00:00+00:00
[2026-05-19T13:46:55.771+0000] {processor.py:183} INFO - Processing /home/airflow/.local/lib/python3.12/site-packages/airflow/example_dags/example_trigger_controller_dag.py took 0.119 seconds
[2026-05-19T13:47:26.087+0000] {processor.py:161} INFO - Started process (PID=2009) to work on /home/airflow/.local/lib/python3.12/site-packages/airflow/example_dags/example_trigger_controller_dag.py
[2026-05-19T13:47:26.089+0000] {processor.py:830} INFO - Processing file /home/airflow/.local/lib/python3.12/site-packages/airflow/example_dags/example_trigger_controller_dag.py for tasks to queue
[2026-05-19T13:47:26.092+0000] {logging_mixin.py:188} INFO - [2026-05-19T13:47:26.091+0000] {dagbag.py:545} INFO - Filling up the DagBag from /home/airflow/.local/lib/python3.12/site-packages/airflow/example_dags/example_trigger_controller_dag.py
[2026-05-19T13:47:26.100+0000] {processor.py:840} INFO - DAG(s) 'example_trigger_controller_dag' retrieved from /home/airflow/.local/lib/python3.12/site-packages/airflow/example_dags/example_trigger_controller_dag.py
[2026-05-19T13:47:26.124+0000] {logging_mixin.py:188} INFO - [2026-05-19T13:47:26.124+0000] {dag.py:3096} INFO - Sync 1 DAGs
[2026-05-19T13:47:26.150+0000] {logging_mixin.py:188} INFO - [2026-05-19T13:47:26.150+0000] {dag.py:3954} INFO - Setting next_dagrun for example_trigger_controller_dag to 2021-01-01 00:00:00+00:00, run_after=2021-01-01 00:00:00+00:00
[2026-05-19T13:47:26.178+0000] {processor.py:183} INFO - Processing /home/airflow/.local/lib/python3.12/site-packages/airflow/example_dags/example_trigger_controller_dag.py took 0.101 seconds
[2026-05-19T13:47:56.812+0000] {processor.py:161} INFO - Started process (PID=2068) to work on /home/airflow/.local/lib/python3.12/site-packages/airflow/example_dags/example_trigger_controller_dag.py
[2026-05-19T13:47:56.814+0000] {processor.py:830} INFO - Processing file /home/airflow/.local/lib/python3.12/site-packages/airflow/example_dags/example_trigger_controller_dag.py for tasks to queue
[2026-05-19T13:47:56.818+0000] {logging_mixin.py:188} INFO - [2026-05-19T13:47:56.816+0000] {dagbag.py:545} INFO - Filling up the DagBag from /home/airflow/.local/lib/python3.12/site-packages/airflow/example_dags/example_trigger_controller_dag.py
[2026-05-19T13:47:56.826+0000] {processor.py:840} INFO - DAG(s) 'example_trigger_controller_dag' retrieved from /home/airflow/.local/lib/python3.12/site-packages/airflow/example_dags/example_trigger_controller_dag.py
[2026-05-19T13:47:56.869+0000] {logging_mixin.py:188} INFO - [2026-05-19T13:47:56.869+0000] {dag.py:3096} INFO - Sync 1 DAGs
[2026-05-19T13:47:56.910+0000] {logging_mixin.py:188} INFO - [2026-05-19T13:47:56.910+0000] {dag.py:3954} INFO - Setting next_dagrun for example_trigger_controller_dag to 2021-01-01 00:00:00+00:00, run_after=2021-01-01 00:00:00+00:00
[2026-05-19T13:47:56.948+0000] {processor.py:183} INFO - Processing /home/airflow/.local/lib/python3.12/site-packages/airflow/example_dags/example_trigger_controller_dag.py took 0.142 seconds
[2026-05-19T13:48:27.150+0000] {processor.py:161} INFO - Started process (PID=2127) to work on /home/airflow/.local/lib/python3.12/site-packages/airflow/example_dags/example_trigger_controller_dag.py
[2026-05-19T13:48:27.152+0000] {processor.py:830} INFO - Processing file /home/airflow/.local/lib/python3.12/site-packages/airflow/example_dags/example_trigger_controller_dag.py for tasks to queue
[2026-05-19T13:48:27.155+0000] {logging_mixin.py:188} INFO - [2026-05-19T13:48:27.154+0000] {dagbag.py:545} INFO - Filling up the DagBag from /home/airflow/.local/lib/python3.12/site-packages/airflow/example_dags/example_trigger_controller_dag.py
[2026-05-19T13:48:27.162+0000] {processor.py:840} INFO - DAG(s) 'example_trigger_controller_dag' retrieved from /home/airflow/.local/lib/python3.12/site-packages/airflow/example_dags/example_trigger_controller_dag.py
[2026-05-19T13:48:27.189+0000] {logging_mixin.py:188} INFO - [2026-05-19T13:48:27.189+0000] {dag.py:3096} INFO - Sync 1 DAGs
[2026-05-19T13:48:27.211+0000] {logging_mixin.py:188} INFO - [2026-05-19T13:48:27.211+0000] {dag.py:3954} INFO - Setting next_dagrun for example_trigger_controller_dag to 2021-01-01 00:00:00+00:00, run_after=2021-01-01 00:00:00+00:00
[2026-05-19T13:48:27.230+0000] {processor.py:183} INFO - Processing /home/airflow/.local/lib/python3.12/site-packages/airflow/example_dags/example_trigger_controller_dag.py took 0.087 seconds
[2026-05-19T13:48:57.747+0000] {processor.py:161} INFO - Started process (PID=2186) to work on /home/airflow/.local/lib/python3.12/site-packages/airflow/example_dags/example_trigger_controller_dag.py
[2026-05-19T13:48:57.748+0000] {processor.py:830} INFO - Processing file /home/airflow/.local/lib/python3.12/site-packages/airflow/example_dags/example_trigger_controller_dag.py for tasks to queue
[2026-05-19T13:48:57.750+0000] {logging_mixin.py:188} INFO - [2026-05-19T13:48:57.750+0000] {dagbag.py:545} INFO - Filling up the DagBag from /home/airflow/.local/lib/python3.12/site-packages/airflow/example_dags/example_trigger_controller_dag.py
[2026-05-19T13:48:57.756+0000] {processor.py:840} INFO - DAG(s) 'example_trigger_controller_dag' retrieved from /home/airflow/.local/lib/python3.12/site-packages/airflow/example_dags/example_trigger_controller_dag.py
[2026-05-19T13:48:57.791+0000] {logging_mixin.py:188} INFO - [2026-05-19T13:48:57.790+0000] {dag.py:3096} INFO - Sync 1 DAGs
[2026-05-19T13:48:57.818+0000] {logging_mixin.py:188} INFO - [2026-05-19T13:48:57.818+0000] {dag.py:3954} INFO - Setting next_dagrun for example_trigger_controller_dag to 2021-01-01 00:00:00+00:00, run_after=2021-01-01 00:00:00+00:00
[2026-05-19T13:48:57.844+0000] {processor.py:183} INFO - Processing /home/airflow/.local/lib/python3.12/site-packages/airflow/example_dags/example_trigger_controller_dag.py took 0.106 seconds
[2026-05-19T13:49:29.990+0000] {processor.py:161} INFO - Started process (PID=2246) to work on /home/airflow/.local/lib/python3.12/site-packages/airflow/example_dags/example_trigger_controller_dag.py
[2026-05-19T13:49:29.992+0000] {processor.py:830} INFO - Processing file /home/airflow/.local/lib/python3.12/site-packages/airflow/example_dags/example_trigger_controller_dag.py for tasks to queue
[2026-05-19T13:49:29.995+0000] {logging_mixin.py:188} INFO - [2026-05-19T13:49:29.995+0000] {dagbag.py:545} INFO - Filling up the DagBag from /home/airflow/.local/lib/python3.12/site-packages/airflow/example_dags/example_trigger_controller_dag.py
[2026-05-19T13:49:30.005+0000] {processor.py:840} INFO - DAG(s) 'example_trigger_controller_dag' retrieved from /home/airflow/.local/lib/python3.12/site-packages/airflow/example_dags/example_trigger_controller_dag.py
[2026-05-19T13:49:30.047+0000] {logging_mixin.py:188} INFO - [2026-05-19T13:49:30.047+0000] {dag.py:3096} INFO - Sync 1 DAGs
[2026-05-19T13:49:30.090+0000] {logging_mixin.py:188} INFO - [2026-05-19T13:49:30.089+0000] {dag.py:3954} INFO - Setting next_dagrun for example_trigger_controller_dag to 2021-01-01 00:00:00+00:00, run_after=2021-01-01 00:00:00+00:00
[2026-05-19T13:49:30.128+0000] {processor.py:183} INFO - Processing /home/airflow/.local/lib/python3.12/site-packages/airflow/example_dags/example_trigger_controller_dag.py took 0.146 seconds
[2026-05-19T13:50:01.205+0000] {processor.py:161} INFO - Started process (PID=2305) to work on /home/airflow/.local/lib/python3.12/site-packages/airflow/example_dags/example_trigger_controller_dag.py
[2026-05-19T13:50:01.207+0000] {processor.py:830} INFO - Processing file /home/airflow/.local/lib/python3.12/site-packages/airflow/example_dags/example_trigger_controller_dag.py for tasks to queue
[2026-05-19T13:50:01.213+0000] {logging_mixin.py:188} INFO - [2026-05-19T13:50:01.211+0000] {dagbag.py:545} INFO - Filling up the DagBag from /home/airflow/.local/lib/python3.12/site-packages/airflow/example_dags/example_trigger_controller_dag.py
[2026-05-19T13:50:01.223+0000] {processor.py:840} INFO - DAG(s) 'example_trigger_controller_dag' retrieved from /home/airflow/.local/lib/python3.12/site-packages/airflow/example_dags/example_trigger_controller_dag.py
[2026-05-19T13:50:01.286+0000] {logging_mixin.py:188} INFO - [2026-05-19T13:50:01.286+0000] {dag.py:3096} INFO - Sync 1 DAGs
[2026-05-19T13:50:01.340+0000] {logging_mixin.py:188} INFO - [2026-05-19T13:50:01.339+0000] {dag.py:3954} INFO - Setting next_dagrun for example_trigger_controller_dag to 2021-01-01 00:00:00+00:00, run_after=2021-01-01 00:00:00+00:00
[2026-05-19T13:50:01.387+0000] {processor.py:183} INFO - Processing /home/airflow/.local/lib/python3.12/site-packages/airflow/example_dags/example_trigger_controller_dag.py took 0.189 seconds
[2026-05-19T13:50:31.540+0000] {processor.py:161} INFO - Started process (PID=2364) to work on /home/airflow/.local/lib/python3.12/site-packages/airflow/example_dags/example_trigger_controller_dag.py
[2026-05-19T13:50:31.541+0000] {processor.py:830} INFO - Processing file /home/airflow/.local/lib/python3.12/site-packages/airflow/example_dags/example_trigger_controller_dag.py for tasks to queue
[2026-05-19T13:50:31.543+0000] {logging_mixin.py:188} INFO - [2026-05-19T13:50:31.543+0000] {dagbag.py:545} INFO - Filling up the DagBag from /home/airflow/.local/lib/python3.12/site-packages/airflow/example_dags/example_trigger_controller_dag.py
[2026-05-19T13:50:31.550+0000] {processor.py:840} INFO - DAG(s) 'example_trigger_controller_dag' retrieved from /home/airflow/.local/lib/python3.12/site-packages/airflow/example_dags/example_trigger_controller_dag.py
[2026-05-19T13:50:31.582+0000] {logging_mixin.py:188} INFO - [2026-05-19T13:50:31.582+0000] {dag.py:3096} INFO - Sync 1 DAGs
[2026-05-19T13:50:31.605+0000] {logging_mixin.py:188} INFO - [2026-05-19T13:50:31.605+0000] {dag.py:3954} INFO - Setting next_dagrun for example_trigger_controller_dag to 2021-01-01 00:00:00+00:00, run_after=2021-01-01 00:00:00+00:00
[2026-05-19T13:50:31.634+0000] {processor.py:183} INFO - Processing /home/airflow/.local/lib/python3.12/site-packages/airflow/example_dags/example_trigger_controller_dag.py took 0.101 seconds
[2026-05-19T13:51:02.252+0000] {processor.py:161} INFO - Started process (PID=2423) to work on /home/airflow/.local/lib/python3.12/site-packages/airflow/example_dags/example_trigger_controller_dag.py
[2026-05-19T13:51:02.254+0000] {processor.py:830} INFO - Processing file /home/airflow/.local/lib/python3.12/site-packages/airflow/example_dags/example_trigger_controller_dag.py for tasks to queue
[2026-05-19T13:51:02.259+0000] {logging_mixin.py:188} INFO - [2026-05-19T13:51:02.258+0000] {dagbag.py:545} INFO - Filling up the DagBag from /home/airflow/.local/lib/python3.12/site-packages/airflow/example_dags/example_trigger_controller_dag.py
[2026-05-19T13:51:02.267+0000] {processor.py:840} INFO - DAG(s) 'example_trigger_controller_dag' retrieved from /home/airflow/.local/lib/python3.12/site-packages/airflow/example_dags/example_trigger_controller_dag.py
[2026-05-19T13:51:02.297+0000] {logging_mixin.py:188} INFO - [2026-05-19T13:51:02.296+0000] {dag.py:3096} INFO - Sync 1 DAGs
[2026-05-19T13:51:02.337+0000] {logging_mixin.py:188} INFO - [2026-05-19T13:51:02.336+0000] {dag.py:3954} INFO - Setting next_dagrun for example_trigger_controller_dag to 2021-01-01 00:00:00+00:00, run_after=2021-01-01 00:00:00+00:00
[2026-05-19T13:51:02.367+0000] {processor.py:183} INFO - Processing /home/airflow/.local/lib/python3.12/site-packages/airflow/example_dags/example_trigger_controller_dag.py took 0.123 seconds
[2026-05-19T13:51:32.669+0000] {processor.py:161} INFO - Started process (PID=2482) to work on /home/airflow/.local/lib/python3.12/site-packages/airflow/example_dags/example_trigger_controller_dag.py
[2026-05-19T13:51:32.670+0000] {processor.py:830} INFO - Processing file /home/airflow/.local/lib/python3.12/site-packages/airflow/example_dags/example_trigger_controller_dag.py for tasks to queue
[2026-05-19T13:51:32.673+0000] {logging_mixin.py:188} INFO - [2026-05-19T13:51:32.673+0000] {dagbag.py:545} INFO - Filling up the DagBag from /home/airflow/.local/lib/python3.12/site-packages/airflow/example_dags/example_trigger_controller_dag.py
[2026-05-19T13:51:32.678+0000] {processor.py:840} INFO - DAG(s) 'example_trigger_controller_dag' retrieved from /home/airflow/.local/lib/python3.12/site-packages/airflow/example_dags/example_trigger_controller_dag.py
[2026-05-19T13:51:32.703+0000] {logging_mixin.py:188} INFO - [2026-05-19T13:51:32.702+0000] {dag.py:3096} INFO - Sync 1 DAGs
[2026-05-19T13:51:32.733+0000] {logging_mixin.py:188} INFO - [2026-05-19T13:51:32.733+0000] {dag.py:3954} INFO - Setting next_dagrun for example_trigger_controller_dag to 2021-01-01 00:00:00+00:00, run_after=2021-01-01 00:00:00+00:00
[2026-05-19T13:51:32.760+0000] {processor.py:183} INFO - Processing /home/airflow/.local/lib/python3.12/site-packages/airflow/example_dags/example_trigger_controller_dag.py took 0.097 seconds
[2026-05-19T13:52:03.090+0000] {processor.py:161} INFO - Started process (PID=2541) to work on /home/airflow/.local/lib/python3.12/site-packages/airflow/example_dags/example_trigger_controller_dag.py
[2026-05-19T13:52:03.092+0000] {processor.py:830} INFO - Processing file /home/airflow/.local/lib/python3.12/site-packages/airflow/example_dags/example_trigger_controller_dag.py for tasks to queue
[2026-05-19T13:52:03.095+0000] {logging_mixin.py:188} INFO - [2026-05-19T13:52:03.094+0000] {dagbag.py:545} INFO - Filling up the DagBag from /home/airflow/.local/lib/python3.12/site-packages/airflow/example_dags/example_trigger_controller_dag.py
[2026-05-19T13:52:03.100+0000] {processor.py:840} INFO - DAG(s) 'example_trigger_controller_dag' retrieved from /home/airflow/.local/lib/python3.12/site-packages/airflow/example_dags/example_trigger_controller_dag.py
[2026-05-19T13:52:03.129+0000] {logging_mixin.py:188} INFO - [2026-05-19T13:52:03.129+0000] {dag.py:3096} INFO - Sync 1 DAGs
[2026-05-19T13:52:03.156+0000] {logging_mixin.py:188} INFO - [2026-05-19T13:52:03.155+0000] {dag.py:3954} INFO - Setting next_dagrun for example_trigger_controller_dag to 2021-01-01 00:00:00+00:00, run_after=2021-01-01 00:00:00+00:00
[2026-05-19T13:52:03.180+0000] {processor.py:183} INFO - Processing /home/airflow/.local/lib/python3.12/site-packages/airflow/example_dags/example_trigger_controller_dag.py took 0.097 seconds
[2026-05-19T13:52:33.403+0000] {processor.py:161} INFO - Started process (PID=2600) to work on /home/airflow/.local/lib/python3.12/site-packages/airflow/example_dags/example_trigger_controller_dag.py
[2026-05-19T13:52:33.410+0000] {processor.py:830} INFO - Processing file /home/airflow/.local/lib/python3.12/site-packages/airflow/example_dags/example_trigger_controller_dag.py for tasks to queue
[2026-05-19T13:52:33.416+0000] {logging_mixin.py:188} INFO - [2026-05-19T13:52:33.416+0000] {dagbag.py:545} INFO - Filling up the DagBag from /home/airflow/.local/lib/python3.12/site-packages/airflow/example_dags/example_trigger_controller_dag.py
[2026-05-19T13:52:33.427+0000] {processor.py:840} INFO - DAG(s) 'example_trigger_controller_dag' retrieved from /home/airflow/.local/lib/python3.12/site-packages/airflow/example_dags/example_trigger_controller_dag.py
[2026-05-19T13:52:33.462+0000] {logging_mixin.py:188} INFO - [2026-05-19T13:52:33.462+0000] {dag.py:3096} INFO - Sync 1 DAGs
[2026-05-19T13:52:33.489+0000] {logging_mixin.py:188} INFO - [2026-05-19T13:52:33.489+0000] {dag.py:3954} INFO - Setting next_dagrun for example_trigger_controller_dag to 2021-01-01 00:00:00+00:00, run_after=2021-01-01 00:00:00+00:00
[2026-05-19T13:52:33.518+0000] {processor.py:183} INFO - Processing /home/airflow/.local/lib/python3.12/site-packages/airflow/example_dags/example_trigger_controller_dag.py took 0.123 seconds
[2026-05-19T13:53:03.769+0000] {processor.py:161} INFO - Started process (PID=2659) to work on /home/airflow/.local/lib/python3.12/site-packages/airflow/example_dags/example_trigger_controller_dag.py
[2026-05-19T13:53:03.770+0000] {processor.py:830} INFO - Processing file /home/airflow/.local/lib/python3.12/site-packages/airflow/example_dags/example_trigger_controller_dag.py for tasks to queue
[2026-05-19T13:53:03.773+0000] {logging_mixin.py:188} INFO - [2026-05-19T13:53:03.772+0000] {dagbag.py:545} INFO - Filling up the DagBag from /home/airflow/.local/lib/python3.12/site-packages/airflow/example_dags/example_trigger_controller_dag.py
[2026-05-19T13:53:03.779+0000] {processor.py:840} INFO - DAG(s) 'example_trigger_controller_dag' retrieved from /home/airflow/.local/lib/python3.12/site-packages/airflow/example_dags/example_trigger_controller_dag.py
[2026-05-19T13:53:03.807+0000] {logging_mixin.py:188} INFO - [2026-05-19T13:53:03.807+0000] {dag.py:3096} INFO - Sync 1 DAGs
[2026-05-19T13:53:03.845+0000] {logging_mixin.py:188} INFO - [2026-05-19T13:53:03.845+0000] {dag.py:3954} INFO - Setting next_dagrun for example_trigger_controller_dag to 2021-01-01 00:00:00+00:00, run_after=2021-01-01 00:00:00+00:00
[2026-05-19T13:53:03.879+0000] {processor.py:183} INFO - Processing /home/airflow/.local/lib/python3.12/site-packages/airflow/example_dags/example_trigger_controller_dag.py took 0.119 seconds
[2026-05-19T13:53:34.128+0000] {processor.py:161} INFO - Started process (PID=2718) to work on /home/airflow/.local/lib/python3.12/site-packages/airflow/example_dags/example_trigger_controller_dag.py
[2026-05-19T13:53:34.130+0000] {processor.py:830} INFO - Processing file /home/airflow/.local/lib/python3.12/site-packages/airflow/example_dags/example_trigger_controller_dag.py for tasks to queue
[2026-05-19T13:53:34.135+0000] {logging_mixin.py:188} INFO - [2026-05-19T13:53:34.134+0000] {dagbag.py:545} INFO - Filling up the DagBag from /home/airflow/.local/lib/python3.12/site-packages/airflow/example_dags/example_trigger_controller_dag.py
[2026-05-19T13:53:34.145+0000] {processor.py:840} INFO - DAG(s) 'example_trigger_controller_dag' retrieved from /home/airflow/.local/lib/python3.12/site-packages/airflow/example_dags/example_trigger_controller_dag.py
[2026-05-19T13:53:34.188+0000] {logging_mixin.py:188} INFO - [2026-05-19T13:53:34.187+0000] {dag.py:3096} INFO - Sync 1 DAGs
[2026-05-19T13:53:34.216+0000] {logging_mixin.py:188} INFO - [2026-05-19T13:53:34.216+0000] {dag.py:3954} INFO - Setting next_dagrun for example_trigger_controller_dag to 2021-01-01 00:00:00+00:00, run_after=2021-01-01 00:00:00+00:00
[2026-05-19T13:53:34.255+0000] {processor.py:183} INFO - Processing /home/airflow/.local/lib/python3.12/site-packages/airflow/example_dags/example_trigger_controller_dag.py took 0.143 seconds
[2026-05-19T13:54:04.431+0000] {processor.py:161} INFO - Started process (PID=2777) to work on /home/airflow/.local/lib/python3.12/site-packages/airflow/example_dags/example_trigger_controller_dag.py
[2026-05-19T13:54:04.433+0000] {processor.py:830} INFO - Processing file /home/airflow/.local/lib/python3.12/site-packages/airflow/example_dags/example_trigger_controller_dag.py for tasks to queue
[2026-05-19T13:54:04.435+0000] {logging_mixin.py:188} INFO - [2026-05-19T13:54:04.435+0000] {dagbag.py:545} INFO - Filling up the DagBag from /home/airflow/.local/lib/python3.12/site-packages/airflow/example_dags/example_trigger_controller_dag.py
[2026-05-19T13:54:04.442+0000] {processor.py:840} INFO - DAG(s) 'example_trigger_controller_dag' retrieved from /home/airflow/.local/lib/python3.12/site-packages/airflow/example_dags/example_trigger_controller_dag.py
[2026-05-19T13:54:04.470+0000] {logging_mixin.py:188} INFO - [2026-05-19T13:54:04.470+0000] {dag.py:3096} INFO - Sync 1 DAGs
[2026-05-19T13:54:04.496+0000] {logging_mixin.py:188} INFO - [2026-05-19T13:54:04.496+0000] {dag.py:3954} INFO - Setting next_dagrun for example_trigger_controller_dag to 2021-01-01 00:00:00+00:00, run_after=2021-01-01 00:00:00+00:00
[2026-05-19T13:54:04.534+0000] {processor.py:183} INFO - Processing /home/airflow/.local/lib/python3.12/site-packages/airflow/example_dags/example_trigger_controller_dag.py took 0.110 seconds
[2026-05-19T13:54:35.388+0000] {processor.py:161} INFO - Started process (PID=2836) to work on /home/airflow/.local/lib/python3.12/site-packages/airflow/example_dags/example_trigger_controller_dag.py
[2026-05-19T13:54:35.391+0000] {processor.py:830} INFO - Processing file /home/airflow/.local/lib/python3.12/site-packages/airflow/example_dags/example_trigger_controller_dag.py for tasks to queue
[2026-05-19T13:54:35.399+0000] {logging_mixin.py:188} INFO - [2026-05-19T13:54:35.398+0000] {dagbag.py:545} INFO - Filling up the DagBag from /home/airflow/.local/lib/python3.12/site-packages/airflow/example_dags/example_trigger_controller_dag.py
[2026-05-19T13:54:35.413+0000] {processor.py:840} INFO - DAG(s) 'example_trigger_controller_dag' retrieved from /home/airflow/.local/lib/python3.12/site-packages/airflow/example_dags/example_trigger_controller_dag.py
[2026-05-19T13:54:35.479+0000] {logging_mixin.py:188} INFO - [2026-05-19T13:54:35.478+0000] {dag.py:3096} INFO - Sync 1 DAGs
[2026-05-19T13:54:35.537+0000] {logging_mixin.py:188} INFO - [2026-05-19T13:54:35.536+0000] {dag.py:3954} INFO - Setting next_dagrun for example_trigger_controller_dag to 2021-01-01 00:00:00+00:00, run_after=2021-01-01 00:00:00+00:00
[2026-05-19T13:54:35.597+0000] {processor.py:183} INFO - Processing /home/airflow/.local/lib/python3.12/site-packages/airflow/example_dags/example_trigger_controller_dag.py took 0.227 seconds
[2026-05-19T13:55:05.769+0000] {processor.py:161} INFO - Started process (PID=2894) to work on /home/airflow/.local/lib/python3.12/site-packages/airflow/example_dags/example_trigger_controller_dag.py
[2026-05-19T13:55:05.771+0000] {processor.py:830} INFO - Processing file /home/airflow/.local/lib/python3.12/site-packages/airflow/example_dags/example_trigger_controller_dag.py for tasks to queue
[2026-05-19T13:55:05.776+0000] {logging_mixin.py:188} INFO - [2026-05-19T13:55:05.775+0000] {dagbag.py:545} INFO - Filling up the DagBag from /home/airflow/.local/lib/python3.12/site-packages/airflow/example_dags/example_trigger_controller_dag.py
[2026-05-19T13:55:05.790+0000] {processor.py:840} INFO - DAG(s) 'example_trigger_controller_dag' retrieved from /home/airflow/.local/lib/python3.12/site-packages/airflow/example_dags/example_trigger_controller_dag.py
[2026-05-19T13:55:05.831+0000] {logging_mixin.py:188} INFO - [2026-05-19T13:55:05.830+0000] {dag.py:3096} INFO - Sync 1 DAGs
[2026-05-19T13:55:05.881+0000] {logging_mixin.py:188} INFO - [2026-05-19T13:55:05.881+0000] {dag.py:3954} INFO - Setting next_dagrun for example_trigger_controller_dag to 2021-01-01 00:00:00+00:00, run_after=2021-01-01 00:00:00+00:00
[2026-05-19T13:55:05.931+0000] {processor.py:183} INFO - Processing /home/airflow/.local/lib/python3.12/site-packages/airflow/example_dags/example_trigger_controller_dag.py took 0.182 seconds
[2026-05-19T13:55:36.681+0000] {processor.py:161} INFO - Started process (PID=2953) to work on /home/airflow/.local/lib/python3.12/site-packages/airflow/example_dags/example_trigger_controller_dag.py
[2026-05-19T13:55:36.682+0000] {processor.py:830} INFO - Processing file /home/airflow/.local/lib/python3.12/site-packages/airflow/example_dags/example_trigger_controller_dag.py for tasks to queue
[2026-05-19T13:55:36.686+0000] {logging_mixin.py:188} INFO - [2026-05-19T13:55:36.686+0000] {dagbag.py:545} INFO - Filling up the DagBag from /home/airflow/.local/lib/python3.12/site-packages/airflow/example_dags/example_trigger_controller_dag.py
[2026-05-19T13:55:36.692+0000] {processor.py:840} INFO - DAG(s) 'example_trigger_controller_dag' retrieved from /home/airflow/.local/lib/python3.12/site-packages/airflow/example_dags/example_trigger_controller_dag.py
[2026-05-19T13:55:36.720+0000] {logging_mixin.py:188} INFO - [2026-05-19T13:55:36.719+0000] {dag.py:3096} INFO - Sync 1 DAGs
[2026-05-19T13:55:36.750+0000] {logging_mixin.py:188} INFO - [2026-05-19T13:55:36.749+0000] {dag.py:3954} INFO - Setting next_dagrun for example_trigger_controller_dag to 2021-01-01 00:00:00+00:00, run_after=2021-01-01 00:00:00+00:00
[2026-05-19T13:55:36.778+0000] {processor.py:183} INFO - Processing /home/airflow/.local/lib/python3.12/site-packages/airflow/example_dags/example_trigger_controller_dag.py took 0.111 seconds
[2026-05-19T13:56:07.094+0000] {processor.py:161} INFO - Started process (PID=3012) to work on /home/airflow/.local/lib/python3.12/site-packages/airflow/example_dags/example_trigger_controller_dag.py
[2026-05-19T13:56:07.096+0000] {processor.py:830} INFO - Processing file /home/airflow/.local/lib/python3.12/site-packages/airflow/example_dags/example_trigger_controller_dag.py for tasks to queue
[2026-05-19T13:56:07.099+0000] {logging_mixin.py:188} INFO - [2026-05-19T13:56:07.099+0000] {dagbag.py:545} INFO - Filling up the DagBag from /home/airflow/.local/lib/python3.12/site-packages/airflow/example_dags/example_trigger_controller_dag.py
[2026-05-19T13:56:07.105+0000] {processor.py:840} INFO - DAG(s) 'example_trigger_controller_dag' retrieved from /home/airflow/.local/lib/python3.12/site-packages/airflow/example_dags/example_trigger_controller_dag.py
[2026-05-19T13:56:07.125+0000] {logging_mixin.py:188} INFO - [2026-05-19T13:56:07.125+0000] {dag.py:3096} INFO - Sync 1 DAGs
[2026-05-19T13:56:07.155+0000] {logging_mixin.py:188} INFO - [2026-05-19T13:56:07.154+0000] {dag.py:3954} INFO - Setting next_dagrun for example_trigger_controller_dag to 2021-01-01 00:00:00+00:00, run_after=2021-01-01 00:00:00+00:00
[2026-05-19T13:56:07.180+0000] {processor.py:183} INFO - Processing /home/airflow/.local/lib/python3.12/site-packages/airflow/example_dags/example_trigger_controller_dag.py took 0.097 seconds
[2026-05-19T13:56:37.352+0000] {processor.py:161} INFO - Started process (PID=3070) to work on /home/airflow/.local/lib/python3.12/site-packages/airflow/example_dags/example_trigger_controller_dag.py
[2026-05-19T13:56:37.355+0000] {processor.py:830} INFO - Processing file /home/airflow/.local/lib/python3.12/site-packages/airflow/example_dags/example_trigger_controller_dag.py for tasks to queue
[2026-05-19T13:56:37.359+0000] {logging_mixin.py:188} INFO - [2026-05-19T13:56:37.359+0000] {dagbag.py:545} INFO - Filling up the DagBag from /home/airflow/.local/lib/python3.12/site-packages/airflow/example_dags/example_trigger_controller_dag.py
[2026-05-19T13:56:37.367+0000] {processor.py:840} INFO - DAG(s) 'example_trigger_controller_dag' retrieved from /home/airflow/.local/lib/python3.12/site-packages/airflow/example_dags/example_trigger_controller_dag.py
[2026-05-19T13:56:37.394+0000] {logging_mixin.py:188} INFO - [2026-05-19T13:56:37.393+0000] {dag.py:3096} INFO - Sync 1 DAGs
[2026-05-19T13:56:37.421+0000] {logging_mixin.py:188} INFO - [2026-05-19T13:56:37.420+0000] {dag.py:3954} INFO - Setting next_dagrun for example_trigger_controller_dag to 2021-01-01 00:00:00+00:00, run_after=2021-01-01 00:00:00+00:00
[2026-05-19T13:56:37.447+0000] {processor.py:183} INFO - Processing /home/airflow/.local/lib/python3.12/site-packages/airflow/example_dags/example_trigger_controller_dag.py took 0.110 seconds
[2026-05-19T13:57:07.874+0000] {processor.py:161} INFO - Started process (PID=3129) to work on /home/airflow/.local/lib/python3.12/site-packages/airflow/example_dags/example_trigger_controller_dag.py
[2026-05-19T13:57:07.876+0000] {processor.py:830} INFO - Processing file /home/airflow/.local/lib/python3.12/site-packages/airflow/example_dags/example_trigger_controller_dag.py for tasks to queue
[2026-05-19T13:57:07.879+0000] {logging_mixin.py:188} INFO - [2026-05-19T13:57:07.878+0000] {dagbag.py:545} INFO - Filling up the DagBag from /home/airflow/.local/lib/python3.12/site-packages/airflow/example_dags/example_trigger_controller_dag.py
[2026-05-19T13:57:07.886+0000] {processor.py:840} INFO - DAG(s) 'example_trigger_controller_dag' retrieved from /home/airflow/.local/lib/python3.12/site-packages/airflow/example_dags/example_trigger_controller_dag.py
[2026-05-19T13:57:07.920+0000] {logging_mixin.py:188} INFO - [2026-05-19T13:57:07.920+0000] {dag.py:3096} INFO - Sync 1 DAGs
[2026-05-19T13:57:07.960+0000] {logging_mixin.py:188} INFO - [2026-05-19T13:57:07.959+0000] {dag.py:3954} INFO - Setting next_dagrun for example_trigger_controller_dag to 2021-01-01 00:00:00+00:00, run_after=2021-01-01 00:00:00+00:00
[2026-05-19T13:57:07.989+0000] {processor.py:183} INFO - Processing /home/airflow/.local/lib/python3.12/site-packages/airflow/example_dags/example_trigger_controller_dag.py took 0.123 seconds
[2026-05-19T13:57:38.087+0000] {processor.py:161} INFO - Started process (PID=3188) to work on /home/airflow/.local/lib/python3.12/site-packages/airflow/example_dags/example_trigger_controller_dag.py
[2026-05-19T13:57:38.088+0000] {processor.py:830} INFO - Processing file /home/airflow/.local/lib/python3.12/site-packages/airflow/example_dags/example_trigger_controller_dag.py for tasks to queue
[2026-05-19T13:57:38.090+0000] {logging_mixin.py:188} INFO - [2026-05-19T13:57:38.090+0000] {dagbag.py:545} INFO - Filling up the DagBag from /home/airflow/.local/lib/python3.12/site-packages/airflow/example_dags/example_trigger_controller_dag.py
[2026-05-19T13:57:38.099+0000] {processor.py:840} INFO - DAG(s) 'example_trigger_controller_dag' retrieved from /home/airflow/.local/lib/python3.12/site-packages/airflow/example_dags/example_trigger_controller_dag.py
[2026-05-19T13:57:38.123+0000] {logging_mixin.py:188} INFO - [2026-05-19T13:57:38.123+0000] {dag.py:3096} INFO - Sync 1 DAGs
[2026-05-19T13:57:38.151+0000] {logging_mixin.py:188} INFO - [2026-05-19T13:57:38.150+0000] {dag.py:3954} INFO - Setting next_dagrun for example_trigger_controller_dag to 2021-01-01 00:00:00+00:00, run_after=2021-01-01 00:00:00+00:00
[2026-05-19T13:57:38.172+0000] {processor.py:183} INFO - Processing /home/airflow/.local/lib/python3.12/site-packages/airflow/example_dags/example_trigger_controller_dag.py took 0.091 seconds
[2026-05-19T13:58:08.332+0000] {processor.py:161} INFO - Started process (PID=3247) to work on /home/airflow/.local/lib/python3.12/site-packages/airflow/example_dags/example_trigger_controller_dag.py
[2026-05-19T13:58:08.333+0000] {processor.py:830} INFO - Processing file /home/airflow/.local/lib/python3.12/site-packages/airflow/example_dags/example_trigger_controller_dag.py for tasks to queue
[2026-05-19T13:58:08.339+0000] {logging_mixin.py:188} INFO - [2026-05-19T13:58:08.337+0000] {dagbag.py:545} INFO - Filling up the DagBag from /home/airflow/.local/lib/python3.12/site-packages/airflow/example_dags/example_trigger_controller_dag.py
[2026-05-19T13:58:08.347+0000] {processor.py:840} INFO - DAG(s) 'example_trigger_controller_dag' retrieved from /home/airflow/.local/lib/python3.12/site-packages/airflow/example_dags/example_trigger_controller_dag.py
[2026-05-19T13:58:08.371+0000] {logging_mixin.py:188} INFO - [2026-05-19T13:58:08.371+0000] {dag.py:3096} INFO - Sync 1 DAGs
[2026-05-19T13:58:08.394+0000] {logging_mixin.py:188} INFO - [2026-05-19T13:58:08.394+0000] {dag.py:3954} INFO - Setting next_dagrun for example_trigger_controller_dag to 2021-01-01 00:00:00+00:00, run_after=2021-01-01 00:00:00+00:00
[2026-05-19T13:58:08.420+0000] {processor.py:183} INFO - Processing /home/airflow/.local/lib/python3.12/site-packages/airflow/example_dags/example_trigger_controller_dag.py took 0.095 seconds
[2026-05-19T13:58:39.177+0000] {processor.py:161} INFO - Started process (PID=3306) to work on /home/airflow/.local/lib/python3.12/site-packages/airflow/example_dags/example_trigger_controller_dag.py
[2026-05-19T13:58:39.179+0000] {processor.py:830} INFO - Processing file /home/airflow/.local/lib/python3.12/site-packages/airflow/example_dags/example_trigger_controller_dag.py for tasks to queue
[2026-05-19T13:58:39.184+0000] {logging_mixin.py:188} INFO - [2026-05-19T13:58:39.184+0000] {dagbag.py:545} INFO - Filling up the DagBag from /home/airflow/.local/lib/python3.12/site-packages/airflow/example_dags/example_trigger_controller_dag.py
[2026-05-19T13:58:39.192+0000] {processor.py:840} INFO - DAG(s) 'example_trigger_controller_dag' retrieved from /home/airflow/.local/lib/python3.12/site-packages/airflow/example_dags/example_trigger_controller_dag.py
[2026-05-19T13:58:39.220+0000] {logging_mixin.py:188} INFO - [2026-05-19T13:58:39.220+0000] {dag.py:3096} INFO - Sync 1 DAGs
[2026-05-19T13:58:39.244+0000] {logging_mixin.py:188} INFO - [2026-05-19T13:58:39.243+0000] {dag.py:3954} INFO - Setting next_dagrun for example_trigger_controller_dag to 2021-01-01 00:00:00+00:00, run_after=2021-01-01 00:00:00+00:00
[2026-05-19T13:58:39.266+0000] {processor.py:183} INFO - Processing /home/airflow/.local/lib/python3.12/site-packages/airflow/example_dags/example_trigger_controller_dag.py took 0.098 seconds
[2026-05-19T13:59:09.537+0000] {processor.py:161} INFO - Started process (PID=3365) to work on /home/airflow/.local/lib/python3.12/site-packages/airflow/example_dags/example_trigger_controller_dag.py
[2026-05-19T13:59:09.538+0000] {processor.py:830} INFO - Processing file /home/airflow/.local/lib/python3.12/site-packages/airflow/example_dags/example_trigger_controller_dag.py for tasks to queue
[2026-05-19T13:59:09.542+0000] {logging_mixin.py:188} INFO - [2026-05-19T13:59:09.541+0000] {dagbag.py:545} INFO - Filling up the DagBag from /home/airflow/.local/lib/python3.12/site-packages/airflow/example_dags/example_trigger_controller_dag.py
[2026-05-19T13:59:09.550+0000] {processor.py:840} INFO - DAG(s) 'example_trigger_controller_dag' retrieved from /home/airflow/.local/lib/python3.12/site-packages/airflow/example_dags/example_trigger_controller_dag.py
[2026-05-19T13:59:09.576+0000] {logging_mixin.py:188} INFO - [2026-05-19T13:59:09.576+0000] {dag.py:3096} INFO - Sync 1 DAGs
[2026-05-19T13:59:09.600+0000] {logging_mixin.py:188} INFO - [2026-05-19T13:59:09.600+0000] {dag.py:3954} INFO - Setting next_dagrun for example_trigger_controller_dag to 2021-01-01 00:00:00+00:00, run_after=2021-01-01 00:00:00+00:00
[2026-05-19T13:59:09.630+0000] {processor.py:183} INFO - Processing /home/airflow/.local/lib/python3.12/site-packages/airflow/example_dags/example_trigger_controller_dag.py took 0.102 seconds
[2026-05-19T13:59:40.777+0000] {processor.py:161} INFO - Started process (PID=3424) to work on /home/airflow/.local/lib/python3.12/site-packages/airflow/example_dags/example_trigger_controller_dag.py
[2026-05-19T13:59:40.782+0000] {processor.py:830} INFO - Processing file /home/airflow/.local/lib/python3.12/site-packages/airflow/example_dags/example_trigger_controller_dag.py for tasks to queue
[2026-05-19T13:59:40.789+0000] {logging_mixin.py:188} INFO - [2026-05-19T13:59:40.787+0000] {dagbag.py:545} INFO - Filling up the DagBag from /home/airflow/.local/lib/python3.12/site-packages/airflow/example_dags/example_trigger_controller_dag.py
[2026-05-19T13:59:40.804+0000] {processor.py:840} INFO - DAG(s) 'example_trigger_controller_dag' retrieved from /home/airflow/.local/lib/python3.12/site-packages/airflow/example_dags/example_trigger_controller_dag.py
[2026-05-19T13:59:40.875+0000] {logging_mixin.py:188} INFO - [2026-05-19T13:59:40.873+0000] {dag.py:3096} INFO - Sync 1 DAGs
[2026-05-19T13:59:40.960+0000] {logging_mixin.py:188} INFO - [2026-05-19T13:59:40.959+0000] {dag.py:3954} INFO - Setting next_dagrun for example_trigger_controller_dag to 2021-01-01 00:00:00+00:00, run_after=2021-01-01 00:00:00+00:00
[2026-05-19T13:59:41.023+0000] {processor.py:183} INFO - Processing /home/airflow/.local/lib/python3.12/site-packages/airflow/example_dags/example_trigger_controller_dag.py took 0.277 seconds
[2026-05-19T14:00:11.534+0000] {processor.py:161} INFO - Started process (PID=3484) to work on /home/airflow/.local/lib/python3.12/site-packages/airflow/example_dags/example_trigger_controller_dag.py
[2026-05-19T14:00:11.535+0000] {processor.py:830} INFO - Processing file /home/airflow/.local/lib/python3.12/site-packages/airflow/example_dags/example_trigger_controller_dag.py for tasks to queue
[2026-05-19T14:00:11.537+0000] {logging_mixin.py:188} INFO - [2026-05-19T14:00:11.537+0000] {dagbag.py:545} INFO - Filling up the DagBag from /home/airflow/.local/lib/python3.12/site-packages/airflow/example_dags/example_trigger_controller_dag.py
[2026-05-19T14:00:11.544+0000] {processor.py:840} INFO - DAG(s) 'example_trigger_controller_dag' retrieved from /home/airflow/.local/lib/python3.12/site-packages/airflow/example_dags/example_trigger_controller_dag.py
[2026-05-19T14:00:11.572+0000] {logging_mixin.py:188} INFO - [2026-05-19T14:00:11.571+0000] {dag.py:3096} INFO - Sync 1 DAGs
[2026-05-19T14:00:11.599+0000] {logging_mixin.py:188} INFO - [2026-05-19T14:00:11.599+0000] {dag.py:3954} INFO - Setting next_dagrun for example_trigger_controller_dag to 2021-01-01 00:00:00+00:00, run_after=2021-01-01 00:00:00+00:00
[2026-05-19T14:00:11.629+0000] {processor.py:183} INFO - Processing /home/airflow/.local/lib/python3.12/site-packages/airflow/example_dags/example_trigger_controller_dag.py took 0.102 seconds
[2026-05-19T14:00:42.000+0000] {processor.py:161} INFO - Started process (PID=3543) to work on /home/airflow/.local/lib/python3.12/site-packages/airflow/example_dags/example_trigger_controller_dag.py
[2026-05-19T14:00:42.001+0000] {processor.py:830} INFO - Processing file /home/airflow/.local/lib/python3.12/site-packages/airflow/example_dags/example_trigger_controller_dag.py for tasks to queue
[2026-05-19T14:00:42.005+0000] {logging_mixin.py:188} INFO - [2026-05-19T14:00:42.004+0000] {dagbag.py:545} INFO - Filling up the DagBag from /home/airflow/.local/lib/python3.12/site-packages/airflow/example_dags/example_trigger_controller_dag.py
[2026-05-19T14:00:42.012+0000] {processor.py:840} INFO - DAG(s) 'example_trigger_controller_dag' retrieved from /home/airflow/.local/lib/python3.12/site-packages/airflow/example_dags/example_trigger_controller_dag.py
[2026-05-19T14:00:42.036+0000] {logging_mixin.py:188} INFO - [2026-05-19T14:00:42.036+0000] {dag.py:3096} INFO - Sync 1 DAGs
[2026-05-19T14:00:42.066+0000] {logging_mixin.py:188} INFO - [2026-05-19T14:00:42.065+0000] {dag.py:3954} INFO - Setting next_dagrun for example_trigger_controller_dag to 2021-01-01 00:00:00+00:00, run_after=2021-01-01 00:00:00+00:00
[2026-05-19T14:00:42.092+0000] {processor.py:183} INFO - Processing /home/airflow/.local/lib/python3.12/site-packages/airflow/example_dags/example_trigger_controller_dag.py took 0.100 seconds
[2026-05-19T14:01:12.726+0000] {processor.py:161} INFO - Started process (PID=3603) to work on /home/airflow/.local/lib/python3.12/site-packages/airflow/example_dags/example_trigger_controller_dag.py
[2026-05-19T14:01:12.729+0000] {processor.py:830} INFO - Processing file /home/airflow/.local/lib/python3.12/site-packages/airflow/example_dags/example_trigger_controller_dag.py for tasks to queue
[2026-05-19T14:01:12.743+0000] {logging_mixin.py:188} INFO - [2026-05-19T14:01:12.740+0000] {dagbag.py:545} INFO - Filling up the DagBag from /home/airflow/.local/lib/python3.12/site-packages/airflow/example_dags/example_trigger_controller_dag.py
[2026-05-19T14:01:12.766+0000] {processor.py:840} INFO - DAG(s) 'example_trigger_controller_dag' retrieved from /home/airflow/.local/lib/python3.12/site-packages/airflow/example_dags/example_trigger_controller_dag.py
[2026-05-19T14:01:12.824+0000] {logging_mixin.py:188} INFO - [2026-05-19T14:01:12.823+0000] {dag.py:3096} INFO - Sync 1 DAGs
[2026-05-19T14:01:12.875+0000] {logging_mixin.py:188} INFO - [2026-05-19T14:01:12.874+0000] {dag.py:3954} INFO - Setting next_dagrun for example_trigger_controller_dag to 2021-01-01 00:00:00+00:00, run_after=2021-01-01 00:00:00+00:00
[2026-05-19T14:01:12.925+0000] {processor.py:183} INFO - Processing /home/airflow/.local/lib/python3.12/site-packages/airflow/example_dags/example_trigger_controller_dag.py took 0.216 seconds
[2026-05-19T14:01:43.639+0000] {processor.py:161} INFO - Started process (PID=3662) to work on /home/airflow/.local/lib/python3.12/site-packages/airflow/example_dags/example_trigger_controller_dag.py
[2026-05-19T14:01:43.643+0000] {processor.py:830} INFO - Processing file /home/airflow/.local/lib/python3.12/site-packages/airflow/example_dags/example_trigger_controller_dag.py for tasks to queue
[2026-05-19T14:01:43.647+0000] {logging_mixin.py:188} INFO - [2026-05-19T14:01:43.647+0000] {dagbag.py:545} INFO - Filling up the DagBag from /home/airflow/.local/lib/python3.12/site-packages/airflow/example_dags/example_trigger_controller_dag.py
[2026-05-19T14:01:43.656+0000] {processor.py:840} INFO - DAG(s) 'example_trigger_controller_dag' retrieved from /home/airflow/.local/lib/python3.12/site-packages/airflow/example_dags/example_trigger_controller_dag.py
[2026-05-19T14:01:43.700+0000] {logging_mixin.py:188} INFO - [2026-05-19T14:01:43.699+0000] {dag.py:3096} INFO - Sync 1 DAGs
[2026-05-19T14:01:43.748+0000] {logging_mixin.py:188} INFO - [2026-05-19T14:01:43.748+0000] {dag.py:3954} INFO - Setting next_dagrun for example_trigger_controller_dag to 2021-01-01 00:00:00+00:00, run_after=2021-01-01 00:00:00+00:00
[2026-05-19T14:01:43.792+0000] {processor.py:183} INFO - Processing /home/airflow/.local/lib/python3.12/site-packages/airflow/example_dags/example_trigger_controller_dag.py took 0.165 seconds
[2026-05-19T14:02:16.191+0000] {processor.py:161} INFO - Started process (PID=3721) to work on /home/airflow/.local/lib/python3.12/site-packages/airflow/example_dags/example_trigger_controller_dag.py
[2026-05-19T14:02:16.194+0000] {processor.py:830} INFO - Processing file /home/airflow/.local/lib/python3.12/site-packages/airflow/example_dags/example_trigger_controller_dag.py for tasks to queue
[2026-05-19T14:02:16.200+0000] {logging_mixin.py:188} INFO - [2026-05-19T14:02:16.199+0000] {dagbag.py:545} INFO - Filling up the DagBag from /home/airflow/.local/lib/python3.12/site-packages/airflow/example_dags/example_trigger_controller_dag.py
[2026-05-19T14:02:16.211+0000] {processor.py:840} INFO - DAG(s) 'example_trigger_controller_dag' retrieved from /home/airflow/.local/lib/python3.12/site-packages/airflow/example_dags/example_trigger_controller_dag.py
[2026-05-19T14:02:16.271+0000] {logging_mixin.py:188} INFO - [2026-05-19T14:02:16.270+0000] {dag.py:3096} INFO - Sync 1 DAGs
[2026-05-19T14:02:16.368+0000] {logging_mixin.py:188} INFO - [2026-05-19T14:02:16.367+0000] {dag.py:3954} INFO - Setting next_dagrun for example_trigger_controller_dag to 2021-01-01 00:00:00+00:00, run_after=2021-01-01 00:00:00+00:00
[2026-05-19T14:02:16.438+0000] {processor.py:183} INFO - Processing /home/airflow/.local/lib/python3.12/site-packages/airflow/example_dags/example_trigger_controller_dag.py took 0.262 seconds
[2026-05-19T14:02:46.759+0000] {processor.py:161} INFO - Started process (PID=3780) to work on /home/airflow/.local/lib/python3.12/site-packages/airflow/example_dags/example_trigger_controller_dag.py
[2026-05-19T14:02:46.761+0000] {processor.py:830} INFO - Processing file /home/airflow/.local/lib/python3.12/site-packages/airflow/example_dags/example_trigger_controller_dag.py for tasks to queue
[2026-05-19T14:02:46.763+0000] {logging_mixin.py:188} INFO - [2026-05-19T14:02:46.763+0000] {dagbag.py:545} INFO - Filling up the DagBag from /home/airflow/.local/lib/python3.12/site-packages/airflow/example_dags/example_trigger_controller_dag.py
[2026-05-19T14:02:46.772+0000] {processor.py:840} INFO - DAG(s) 'example_trigger_controller_dag' retrieved from /home/airflow/.local/lib/python3.12/site-packages/airflow/example_dags/example_trigger_controller_dag.py
[2026-05-19T14:02:46.799+0000] {logging_mixin.py:188} INFO - [2026-05-19T14:02:46.799+0000] {dag.py:3096} INFO - Sync 1 DAGs
[2026-05-19T14:02:46.821+0000] {logging_mixin.py:188} INFO - [2026-05-19T14:02:46.821+0000] {dag.py:3954} INFO - Setting next_dagrun for example_trigger_controller_dag to 2021-01-01 00:00:00+00:00, run_after=2021-01-01 00:00:00+00:00
[2026-05-19T14:02:46.847+0000] {processor.py:183} INFO - Processing /home/airflow/.local/lib/python3.12/site-packages/airflow/example_dags/example_trigger_controller_dag.py took 0.093 seconds
[2026-05-19T14:03:17.002+0000] {processor.py:161} INFO - Started process (PID=3837) to work on /home/airflow/.local/lib/python3.12/site-packages/airflow/example_dags/example_trigger_controller_dag.py
[2026-05-19T14:03:17.004+0000] {processor.py:830} INFO - Processing file /home/airflow/.local/lib/python3.12/site-packages/airflow/example_dags/example_trigger_controller_dag.py for tasks to queue
[2026-05-19T14:03:17.007+0000] {logging_mixin.py:188} INFO - [2026-05-19T14:03:17.006+0000] {dagbag.py:545} INFO - Filling up the DagBag from /home/airflow/.local/lib/python3.12/site-packages/airflow/example_dags/example_trigger_controller_dag.py
[2026-05-19T14:03:17.012+0000] {processor.py:840} INFO - DAG(s) 'example_trigger_controller_dag' retrieved from /home/airflow/.local/lib/python3.12/site-packages/airflow/example_dags/example_trigger_controller_dag.py
[2026-05-19T14:03:17.040+0000] {logging_mixin.py:188} INFO - [2026-05-19T14:03:17.039+0000] {dag.py:3096} INFO - Sync 1 DAGs
[2026-05-19T14:03:17.070+0000] {logging_mixin.py:188} INFO - [2026-05-19T14:03:17.069+0000] {dag.py:3954} INFO - Setting next_dagrun for example_trigger_controller_dag to 2021-01-01 00:00:00+00:00, run_after=2021-01-01 00:00:00+00:00
[2026-05-19T14:03:17.093+0000] {processor.py:183} INFO - Processing /home/airflow/.local/lib/python3.12/site-packages/airflow/example_dags/example_trigger_controller_dag.py took 0.102 seconds
[2026-05-19T14:03:47.734+0000] {processor.py:161} INFO - Started process (PID=3896) to work on /home/airflow/.local/lib/python3.12/site-packages/airflow/example_dags/example_trigger_controller_dag.py
[2026-05-19T14:03:47.735+0000] {processor.py:830} INFO - Processing file /home/airflow/.local/lib/python3.12/site-packages/airflow/example_dags/example_trigger_controller_dag.py for tasks to queue
[2026-05-19T14:03:47.737+0000] {logging_mixin.py:188} INFO - [2026-05-19T14:03:47.737+0000] {dagbag.py:545} INFO - Filling up the DagBag from /home/airflow/.local/lib/python3.12/site-packages/airflow/example_dags/example_trigger_controller_dag.py
[2026-05-19T14:03:47.744+0000] {processor.py:840} INFO - DAG(s) 'example_trigger_controller_dag' retrieved from /home/airflow/.local/lib/python3.12/site-packages/airflow/example_dags/example_trigger_controller_dag.py
[2026-05-19T14:03:47.765+0000] {logging_mixin.py:188} INFO - [2026-05-19T14:03:47.765+0000] {dag.py:3096} INFO - Sync 1 DAGs
[2026-05-19T14:03:47.787+0000] {logging_mixin.py:188} INFO - [2026-05-19T14:03:47.787+0000] {dag.py:3954} INFO - Setting next_dagrun for example_trigger_controller_dag to 2021-01-01 00:00:00+00:00, run_after=2021-01-01 00:00:00+00:00
[2026-05-19T14:03:47.816+0000] {processor.py:183} INFO - Processing /home/airflow/.local/lib/python3.12/site-packages/airflow/example_dags/example_trigger_controller_dag.py took 0.088 seconds
[2026-05-19T14:04:18.096+0000] {processor.py:161} INFO - Started process (PID=3955) to work on /home/airflow/.local/lib/python3.12/site-packages/airflow/example_dags/example_trigger_controller_dag.py
[2026-05-19T14:04:18.097+0000] {processor.py:830} INFO - Processing file /home/airflow/.local/lib/python3.12/site-packages/airflow/example_dags/example_trigger_controller_dag.py for tasks to queue
[2026-05-19T14:04:18.100+0000] {logging_mixin.py:188} INFO - [2026-05-19T14:04:18.099+0000] {dagbag.py:545} INFO - Filling up the DagBag from /home/airflow/.local/lib/python3.12/site-packages/airflow/example_dags/example_trigger_controller_dag.py
[2026-05-19T14:04:18.105+0000] {processor.py:840} INFO - DAG(s) 'example_trigger_controller_dag' retrieved from /home/airflow/.local/lib/python3.12/site-packages/airflow/example_dags/example_trigger_controller_dag.py
[2026-05-19T14:04:18.127+0000] {logging_mixin.py:188} INFO - [2026-05-19T14:04:18.127+0000] {dag.py:3096} INFO - Sync 1 DAGs
[2026-05-19T14:04:18.156+0000] {logging_mixin.py:188} INFO - [2026-05-19T14:04:18.155+0000] {dag.py:3954} INFO - Setting next_dagrun for example_trigger_controller_dag to 2021-01-01 00:00:00+00:00, run_after=2021-01-01 00:00:00+00:00
[2026-05-19T14:04:18.178+0000] {processor.py:183} INFO - Processing /home/airflow/.local/lib/python3.12/site-packages/airflow/example_dags/example_trigger_controller_dag.py took 0.089 seconds
[2026-05-19T14:04:48.568+0000] {processor.py:161} INFO - Started process (PID=4014) to work on /home/airflow/.local/lib/python3.12/site-packages/airflow/example_dags/example_trigger_controller_dag.py
[2026-05-19T14:04:48.576+0000] {processor.py:830} INFO - Processing file /home/airflow/.local/lib/python3.12/site-packages/airflow/example_dags/example_trigger_controller_dag.py for tasks to queue
[2026-05-19T14:04:48.581+0000] {logging_mixin.py:188} INFO - [2026-05-19T14:04:48.580+0000] {dagbag.py:545} INFO - Filling up the DagBag from /home/airflow/.local/lib/python3.12/site-packages/airflow/example_dags/example_trigger_controller_dag.py
[2026-05-19T14:04:48.590+0000] {processor.py:840} INFO - DAG(s) 'example_trigger_controller_dag' retrieved from /home/airflow/.local/lib/python3.12/site-packages/airflow/example_dags/example_trigger_controller_dag.py
[2026-05-19T14:04:48.623+0000] {logging_mixin.py:188} INFO - [2026-05-19T14:04:48.623+0000] {dag.py:3096} INFO - Sync 1 DAGs
[2026-05-19T14:04:48.652+0000] {logging_mixin.py:188} INFO - [2026-05-19T14:04:48.652+0000] {dag.py:3954} INFO - Setting next_dagrun for example_trigger_controller_dag to 2021-01-01 00:00:00+00:00, run_after=2021-01-01 00:00:00+00:00
[2026-05-19T14:04:48.679+0000] {processor.py:183} INFO - Processing /home/airflow/.local/lib/python3.12/site-packages/airflow/example_dags/example_trigger_controller_dag.py took 0.122 seconds
[2026-05-19T14:05:19.086+0000] {processor.py:161} INFO - Started process (PID=4073) to work on /home/airflow/.local/lib/python3.12/site-packages/airflow/example_dags/example_trigger_controller_dag.py
[2026-05-19T14:05:19.088+0000] {processor.py:830} INFO - Processing file /home/airflow/.local/lib/python3.12/site-packages/airflow/example_dags/example_trigger_controller_dag.py for tasks to queue
[2026-05-19T14:05:19.091+0000] {logging_mixin.py:188} INFO - [2026-05-19T14:05:19.090+0000] {dagbag.py:545} INFO - Filling up the DagBag from /home/airflow/.local/lib/python3.12/site-packages/airflow/example_dags/example_trigger_controller_dag.py
[2026-05-19T14:05:19.100+0000] {processor.py:840} INFO - DAG(s) 'example_trigger_controller_dag' retrieved from /home/airflow/.local/lib/python3.12/site-packages/airflow/example_dags/example_trigger_controller_dag.py
[2026-05-19T14:05:19.127+0000] {logging_mixin.py:188} INFO - [2026-05-19T14:05:19.126+0000] {dag.py:3096} INFO - Sync 1 DAGs
[2026-05-19T14:05:19.150+0000] {logging_mixin.py:188} INFO - [2026-05-19T14:05:19.149+0000] {dag.py:3954} INFO - Setting next_dagrun for example_trigger_controller_dag to 2021-01-01 00:00:00+00:00, run_after=2021-01-01 00:00:00+00:00
[2026-05-19T14:05:19.182+0000] {processor.py:183} INFO - Processing /home/airflow/.local/lib/python3.12/site-packages/airflow/example_dags/example_trigger_controller_dag.py took 0.102 seconds
[2026-05-19T14:05:49.507+0000] {processor.py:161} INFO - Started process (PID=4132) to work on /home/airflow/.local/lib/python3.12/site-packages/airflow/example_dags/example_trigger_controller_dag.py
[2026-05-19T14:05:49.509+0000] {processor.py:830} INFO - Processing file /home/airflow/.local/lib/python3.12/site-packages/airflow/example_dags/example_trigger_controller_dag.py for tasks to queue
[2026-05-19T14:05:49.512+0000] {logging_mixin.py:188} INFO - [2026-05-19T14:05:49.511+0000] {dagbag.py:545} INFO - Filling up the DagBag from /home/airflow/.local/lib/python3.12/site-packages/airflow/example_dags/example_trigger_controller_dag.py
[2026-05-19T14:05:49.519+0000] {processor.py:840} INFO - DAG(s) 'example_trigger_controller_dag' retrieved from /home/airflow/.local/lib/python3.12/site-packages/airflow/example_dags/example_trigger_controller_dag.py
[2026-05-19T14:05:49.544+0000] {logging_mixin.py:188} INFO - [2026-05-19T14:05:49.544+0000] {dag.py:3096} INFO - Sync 1 DAGs
[2026-05-19T14:05:49.570+0000] {logging_mixin.py:188} INFO - [2026-05-19T14:05:49.569+0000] {dag.py:3954} INFO - Setting next_dagrun for example_trigger_controller_dag to 2021-01-01 00:00:00+00:00, run_after=2021-01-01 00:00:00+00:00
[2026-05-19T14:05:49.599+0000] {processor.py:183} INFO - Processing /home/airflow/.local/lib/python3.12/site-packages/airflow/example_dags/example_trigger_controller_dag.py took 0.103 seconds
[2026-05-19T14:06:20.568+0000] {processor.py:161} INFO - Started process (PID=4198) to work on /home/airflow/.local/lib/python3.12/site-packages/airflow/example_dags/example_trigger_controller_dag.py
[2026-05-19T14:06:20.570+0000] {processor.py:830} INFO - Processing file /home/airflow/.local/lib/python3.12/site-packages/airflow/example_dags/example_trigger_controller_dag.py for tasks to queue
[2026-05-19T14:06:20.574+0000] {logging_mixin.py:188} INFO - [2026-05-19T14:06:20.573+0000] {dagbag.py:545} INFO - Filling up the DagBag from /home/airflow/.local/lib/python3.12/site-packages/airflow/example_dags/example_trigger_controller_dag.py
[2026-05-19T14:06:20.588+0000] {processor.py:840} INFO - DAG(s) 'example_trigger_controller_dag' retrieved from /home/airflow/.local/lib/python3.12/site-packages/airflow/example_dags/example_trigger_controller_dag.py
[2026-05-19T14:06:20.634+0000] {logging_mixin.py:188} INFO - [2026-05-19T14:06:20.633+0000] {dag.py:3096} INFO - Sync 1 DAGs
[2026-05-19T14:06:20.709+0000] {logging_mixin.py:188} INFO - [2026-05-19T14:06:20.708+0000] {dag.py:3954} INFO - Setting next_dagrun for example_trigger_controller_dag to 2021-01-01 00:00:00+00:00, run_after=2021-01-01 00:00:00+00:00
[2026-05-19T14:06:20.785+0000] {processor.py:183} INFO - Processing /home/airflow/.local/lib/python3.12/site-packages/airflow/example_dags/example_trigger_controller_dag.py took 0.228 seconds
[2026-05-19T14:06:51.428+0000] {processor.py:161} INFO - Started process (PID=4257) to work on /home/airflow/.local/lib/python3.12/site-packages/airflow/example_dags/example_trigger_controller_dag.py
[2026-05-19T14:06:51.429+0000] {processor.py:830} INFO - Processing file /home/airflow/.local/lib/python3.12/site-packages/airflow/example_dags/example_trigger_controller_dag.py for tasks to queue
[2026-05-19T14:06:51.432+0000] {logging_mixin.py:188} INFO - [2026-05-19T14:06:51.432+0000] {dagbag.py:545} INFO - Filling up the DagBag from /home/airflow/.local/lib/python3.12/site-packages/airflow/example_dags/example_trigger_controller_dag.py
[2026-05-19T14:06:51.439+0000] {processor.py:840} INFO - DAG(s) 'example_trigger_controller_dag' retrieved from /home/airflow/.local/lib/python3.12/site-packages/airflow/example_dags/example_trigger_controller_dag.py
[2026-05-19T14:06:51.479+0000] {logging_mixin.py:188} INFO - [2026-05-19T14:06:51.478+0000] {dag.py:3096} INFO - Sync 1 DAGs
[2026-05-19T14:06:51.508+0000] {logging_mixin.py:188} INFO - [2026-05-19T14:06:51.508+0000] {dag.py:3954} INFO - Setting next_dagrun for example_trigger_controller_dag to 2021-01-01 00:00:00+00:00, run_after=2021-01-01 00:00:00+00:00
[2026-05-19T14:06:51.545+0000] {processor.py:183} INFO - Processing /home/airflow/.local/lib/python3.12/site-packages/airflow/example_dags/example_trigger_controller_dag.py took 0.124 seconds
[2026-05-19T14:07:22.131+0000] {processor.py:161} INFO - Started process (PID=4316) to work on /home/airflow/.local/lib/python3.12/site-packages/airflow/example_dags/example_trigger_controller_dag.py
[2026-05-19T14:07:22.135+0000] {processor.py:830} INFO - Processing file /home/airflow/.local/lib/python3.12/site-packages/airflow/example_dags/example_trigger_controller_dag.py for tasks to queue
[2026-05-19T14:07:22.148+0000] {logging_mixin.py:188} INFO - [2026-05-19T14:07:22.147+0000] {dagbag.py:545} INFO - Filling up the DagBag from /home/airflow/.local/lib/python3.12/site-packages/airflow/example_dags/example_trigger_controller_dag.py
[2026-05-19T14:07:22.173+0000] {processor.py:840} INFO - DAG(s) 'example_trigger_controller_dag' retrieved from /home/airflow/.local/lib/python3.12/site-packages/airflow/example_dags/example_trigger_controller_dag.py
[2026-05-19T14:07:22.257+0000] {logging_mixin.py:188} INFO - [2026-05-19T14:07:22.256+0000] {dag.py:3096} INFO - Sync 1 DAGs
[2026-05-19T14:07:22.330+0000] {logging_mixin.py:188} INFO - [2026-05-19T14:07:22.329+0000] {dag.py:3954} INFO - Setting next_dagrun for example_trigger_controller_dag to 2021-01-01 00:00:00+00:00, run_after=2021-01-01 00:00:00+00:00
[2026-05-19T14:07:22.424+0000] {processor.py:183} INFO - Processing /home/airflow/.local/lib/python3.12/site-packages/airflow/example_dags/example_trigger_controller_dag.py took 0.306 seconds
[2026-05-19T14:07:52.506+0000] {processor.py:161} INFO - Started process (PID=4375) to work on /home/airflow/.local/lib/python3.12/site-packages/airflow/example_dags/example_trigger_controller_dag.py
[2026-05-19T14:07:52.507+0000] {processor.py:830} INFO - Processing file /home/airflow/.local/lib/python3.12/site-packages/airflow/example_dags/example_trigger_controller_dag.py for tasks to queue
[2026-05-19T14:07:52.509+0000] {logging_mixin.py:188} INFO - [2026-05-19T14:07:52.509+0000] {dagbag.py:545} INFO - Filling up the DagBag from /home/airflow/.local/lib/python3.12/site-packages/airflow/example_dags/example_trigger_controller_dag.py
[2026-05-19T14:07:52.514+0000] {processor.py:840} INFO - DAG(s) 'example_trigger_controller_dag' retrieved from /home/airflow/.local/lib/python3.12/site-packages/airflow/example_dags/example_trigger_controller_dag.py
[2026-05-19T14:07:52.532+0000] {logging_mixin.py:188} INFO - [2026-05-19T14:07:52.531+0000] {dag.py:3096} INFO - Sync 1 DAGs
[2026-05-19T14:07:52.556+0000] {logging_mixin.py:188} INFO - [2026-05-19T14:07:52.555+0000] {dag.py:3954} INFO - Setting next_dagrun for example_trigger_controller_dag to 2021-01-01 00:00:00+00:00, run_after=2021-01-01 00:00:00+00:00
[2026-05-19T14:07:52.577+0000] {processor.py:183} INFO - Processing /home/airflow/.local/lib/python3.12/site-packages/airflow/example_dags/example_trigger_controller_dag.py took 0.077 seconds
[2026-05-19T14:08:23.118+0000] {processor.py:161} INFO - Started process (PID=4434) to work on /home/airflow/.local/lib/python3.12/site-packages/airflow/example_dags/example_trigger_controller_dag.py
[2026-05-19T14:08:23.119+0000] {processor.py:830} INFO - Processing file /home/airflow/.local/lib/python3.12/site-packages/airflow/example_dags/example_trigger_controller_dag.py for tasks to queue
[2026-05-19T14:08:23.122+0000] {logging_mixin.py:188} INFO - [2026-05-19T14:08:23.122+0000] {dagbag.py:545} INFO - Filling up the DagBag from /home/airflow/.local/lib/python3.12/site-packages/airflow/example_dags/example_trigger_controller_dag.py
[2026-05-19T14:08:23.128+0000] {processor.py:840} INFO - DAG(s) 'example_trigger_controller_dag' retrieved from /home/airflow/.local/lib/python3.12/site-packages/airflow/example_dags/example_trigger_controller_dag.py
[2026-05-19T14:08:23.149+0000] {logging_mixin.py:188} INFO - [2026-05-19T14:08:23.149+0000] {dag.py:3096} INFO - Sync 1 DAGs
[2026-05-19T14:08:23.173+0000] {logging_mixin.py:188} INFO - [2026-05-19T14:08:23.172+0000] {dag.py:3954} INFO - Setting next_dagrun for example_trigger_controller_dag to 2021-01-01 00:00:00+00:00, run_after=2021-01-01 00:00:00+00:00
[2026-05-19T14:08:23.197+0000] {processor.py:183} INFO - Processing /home/airflow/.local/lib/python3.12/site-packages/airflow/example_dags/example_trigger_controller_dag.py took 0.086 seconds
[2026-05-19T14:08:53.515+0000] {processor.py:161} INFO - Started process (PID=4493) to work on /home/airflow/.local/lib/python3.12/site-packages/airflow/example_dags/example_trigger_controller_dag.py
[2026-05-19T14:08:53.517+0000] {processor.py:830} INFO - Processing file /home/airflow/.local/lib/python3.12/site-packages/airflow/example_dags/example_trigger_controller_dag.py for tasks to queue
[2026-05-19T14:08:53.521+0000] {logging_mixin.py:188} INFO - [2026-05-19T14:08:53.520+0000] {dagbag.py:545} INFO - Filling up the DagBag from /home/airflow/.local/lib/python3.12/site-packages/airflow/example_dags/example_trigger_controller_dag.py
[2026-05-19T14:08:53.528+0000] {processor.py:840} INFO - DAG(s) 'example_trigger_controller_dag' retrieved from /home/airflow/.local/lib/python3.12/site-packages/airflow/example_dags/example_trigger_controller_dag.py
[2026-05-19T14:08:53.551+0000] {logging_mixin.py:188} INFO - [2026-05-19T14:08:53.551+0000] {dag.py:3096} INFO - Sync 1 DAGs
[2026-05-19T14:08:53.577+0000] {logging_mixin.py:188} INFO - [2026-05-19T14:08:53.576+0000] {dag.py:3954} INFO - Setting next_dagrun for example_trigger_controller_dag to 2021-01-01 00:00:00+00:00, run_after=2021-01-01 00:00:00+00:00
[2026-05-19T14:08:53.603+0000] {processor.py:183} INFO - Processing /home/airflow/.local/lib/python3.12/site-packages/airflow/example_dags/example_trigger_controller_dag.py took 0.095 seconds
[2026-05-19T14:09:23.951+0000] {processor.py:161} INFO - Started process (PID=4553) to work on /home/airflow/.local/lib/python3.12/site-packages/airflow/example_dags/example_trigger_controller_dag.py
[2026-05-19T14:09:23.953+0000] {processor.py:830} INFO - Processing file /home/airflow/.local/lib/python3.12/site-packages/airflow/example_dags/example_trigger_controller_dag.py for tasks to queue
[2026-05-19T14:09:23.956+0000] {logging_mixin.py:188} INFO - [2026-05-19T14:09:23.955+0000] {dagbag.py:545} INFO - Filling up the DagBag from /home/airflow/.local/lib/python3.12/site-packages/airflow/example_dags/example_trigger_controller_dag.py
[2026-05-19T14:09:23.961+0000] {processor.py:840} INFO - DAG(s) 'example_trigger_controller_dag' retrieved from /home/airflow/.local/lib/python3.12/site-packages/airflow/example_dags/example_trigger_controller_dag.py
[2026-05-19T14:09:23.983+0000] {logging_mixin.py:188} INFO - [2026-05-19T14:09:23.982+0000] {dag.py:3096} INFO - Sync 1 DAGs
[2026-05-19T14:09:24.011+0000] {logging_mixin.py:188} INFO - [2026-05-19T14:09:24.010+0000] {dag.py:3954} INFO - Setting next_dagrun for example_trigger_controller_dag to 2021-01-01 00:00:00+00:00, run_after=2021-01-01 00:00:00+00:00
[2026-05-19T14:09:24.029+0000] {processor.py:183} INFO - Processing /home/airflow/.local/lib/python3.12/site-packages/airflow/example_dags/example_trigger_controller_dag.py took 0.088 seconds
[2026-05-19T14:09:54.162+0000] {processor.py:161} INFO - Started process (PID=4612) to work on /home/airflow/.local/lib/python3.12/site-packages/airflow/example_dags/example_trigger_controller_dag.py
[2026-05-19T14:09:54.163+0000] {processor.py:830} INFO - Processing file /home/airflow/.local/lib/python3.12/site-packages/airflow/example_dags/example_trigger_controller_dag.py for tasks to queue
[2026-05-19T14:09:54.167+0000] {logging_mixin.py:188} INFO - [2026-05-19T14:09:54.166+0000] {dagbag.py:545} INFO - Filling up the DagBag from /home/airflow/.local/lib/python3.12/site-packages/airflow/example_dags/example_trigger_controller_dag.py
[2026-05-19T14:09:54.172+0000] {processor.py:840} INFO - DAG(s) 'example_trigger_controller_dag' retrieved from /home/airflow/.local/lib/python3.12/site-packages/airflow/example_dags/example_trigger_controller_dag.py
[2026-05-19T14:09:54.192+0000] {logging_mixin.py:188} INFO - [2026-05-19T14:09:54.192+0000] {dag.py:3096} INFO - Sync 1 DAGs
[2026-05-19T14:09:54.218+0000] {logging_mixin.py:188} INFO - [2026-05-19T14:09:54.218+0000] {dag.py:3954} INFO - Setting next_dagrun for example_trigger_controller_dag to 2021-01-01 00:00:00+00:00, run_after=2021-01-01 00:00:00+00:00
[2026-05-19T14:09:54.234+0000] {processor.py:183} INFO - Processing /home/airflow/.local/lib/python3.12/site-packages/airflow/example_dags/example_trigger_controller_dag.py took 0.078 seconds
[2026-05-19T14:10:24.410+0000] {processor.py:161} INFO - Started process (PID=4671) to work on /home/airflow/.local/lib/python3.12/site-packages/airflow/example_dags/example_trigger_controller_dag.py
[2026-05-19T14:10:24.414+0000] {processor.py:830} INFO - Processing file /home/airflow/.local/lib/python3.12/site-packages/airflow/example_dags/example_trigger_controller_dag.py for tasks to queue
[2026-05-19T14:10:24.418+0000] {logging_mixin.py:188} INFO - [2026-05-19T14:10:24.417+0000] {dagbag.py:545} INFO - Filling up the DagBag from /home/airflow/.local/lib/python3.12/site-packages/airflow/example_dags/example_trigger_controller_dag.py
[2026-05-19T14:10:24.425+0000] {processor.py:840} INFO - DAG(s) 'example_trigger_controller_dag' retrieved from /home/airflow/.local/lib/python3.12/site-packages/airflow/example_dags/example_trigger_controller_dag.py
[2026-05-19T14:10:24.445+0000] {logging_mixin.py:188} INFO - [2026-05-19T14:10:24.445+0000] {dag.py:3096} INFO - Sync 1 DAGs
[2026-05-19T14:10:24.463+0000] {logging_mixin.py:188} INFO - [2026-05-19T14:10:24.463+0000] {dag.py:3954} INFO - Setting next_dagrun for example_trigger_controller_dag to 2021-01-01 00:00:00+00:00, run_after=2021-01-01 00:00:00+00:00
[2026-05-19T14:10:24.483+0000] {processor.py:183} INFO - Processing /home/airflow/.local/lib/python3.12/site-packages/airflow/example_dags/example_trigger_controller_dag.py took 0.085 seconds
[2026-05-19T14:10:54.669+0000] {processor.py:161} INFO - Started process (PID=4730) to work on /home/airflow/.local/lib/python3.12/site-packages/airflow/example_dags/example_trigger_controller_dag.py
[2026-05-19T14:10:54.671+0000] {processor.py:830} INFO - Processing file /home/airflow/.local/lib/python3.12/site-packages/airflow/example_dags/example_trigger_controller_dag.py for tasks to queue
[2026-05-19T14:10:54.673+0000] {logging_mixin.py:188} INFO - [2026-05-19T14:10:54.672+0000] {dagbag.py:545} INFO - Filling up the DagBag from /home/airflow/.local/lib/python3.12/site-packages/airflow/example_dags/example_trigger_controller_dag.py
[2026-05-19T14:10:54.678+0000] {processor.py:840} INFO - DAG(s) 'example_trigger_controller_dag' retrieved from /home/airflow/.local/lib/python3.12/site-packages/airflow/example_dags/example_trigger_controller_dag.py
[2026-05-19T14:10:54.699+0000] {logging_mixin.py:188} INFO - [2026-05-19T14:10:54.699+0000] {dag.py:3096} INFO - Sync 1 DAGs
[2026-05-19T14:10:54.729+0000] {logging_mixin.py:188} INFO - [2026-05-19T14:10:54.729+0000] {dag.py:3954} INFO - Setting next_dagrun for example_trigger_controller_dag to 2021-01-01 00:00:00+00:00, run_after=2021-01-01 00:00:00+00:00
[2026-05-19T14:10:54.763+0000] {processor.py:183} INFO - Processing /home/airflow/.local/lib/python3.12/site-packages/airflow/example_dags/example_trigger_controller_dag.py took 0.100 seconds
[2026-05-19T14:11:25.107+0000] {processor.py:161} INFO - Started process (PID=4789) to work on /home/airflow/.local/lib/python3.12/site-packages/airflow/example_dags/example_trigger_controller_dag.py
[2026-05-19T14:11:25.109+0000] {processor.py:830} INFO - Processing file /home/airflow/.local/lib/python3.12/site-packages/airflow/example_dags/example_trigger_controller_dag.py for tasks to queue
[2026-05-19T14:11:25.112+0000] {logging_mixin.py:188} INFO - [2026-05-19T14:11:25.111+0000] {dagbag.py:545} INFO - Filling up the DagBag from /home/airflow/.local/lib/python3.12/site-packages/airflow/example_dags/example_trigger_controller_dag.py
[2026-05-19T14:11:25.118+0000] {processor.py:840} INFO - DAG(s) 'example_trigger_controller_dag' retrieved from /home/airflow/.local/lib/python3.12/site-packages/airflow/example_dags/example_trigger_controller_dag.py
[2026-05-19T14:11:25.138+0000] {logging_mixin.py:188} INFO - [2026-05-19T14:11:25.138+0000] {dag.py:3096} INFO - Sync 1 DAGs
[2026-05-19T14:11:25.160+0000] {logging_mixin.py:188} INFO - [2026-05-19T14:11:25.160+0000] {dag.py:3954} INFO - Setting next_dagrun for example_trigger_controller_dag to 2021-01-01 00:00:00+00:00, run_after=2021-01-01 00:00:00+00:00
[2026-05-19T14:11:25.189+0000] {processor.py:183} INFO - Processing /home/airflow/.local/lib/python3.12/site-packages/airflow/example_dags/example_trigger_controller_dag.py took 0.090 seconds
[2026-05-19T14:11:55.336+0000] {processor.py:161} INFO - Started process (PID=4848) to work on /home/airflow/.local/lib/python3.12/site-packages/airflow/example_dags/example_trigger_controller_dag.py
[2026-05-19T14:11:55.338+0000] {processor.py:830} INFO - Processing file /home/airflow/.local/lib/python3.12/site-packages/airflow/example_dags/example_trigger_controller_dag.py for tasks to queue
[2026-05-19T14:11:55.343+0000] {logging_mixin.py:188} INFO - [2026-05-19T14:11:55.343+0000] {dagbag.py:545} INFO - Filling up the DagBag from /home/airflow/.local/lib/python3.12/site-packages/airflow/example_dags/example_trigger_controller_dag.py
[2026-05-19T14:11:55.349+0000] {processor.py:840} INFO - DAG(s) 'example_trigger_controller_dag' retrieved from /home/airflow/.local/lib/python3.12/site-packages/airflow/example_dags/example_trigger_controller_dag.py
[2026-05-19T14:11:55.375+0000] {logging_mixin.py:188} INFO - [2026-05-19T14:11:55.374+0000] {dag.py:3096} INFO - Sync 1 DAGs
[2026-05-19T14:11:55.408+0000] {logging_mixin.py:188} INFO - [2026-05-19T14:11:55.408+0000] {dag.py:3954} INFO - Setting next_dagrun for example_trigger_controller_dag to 2021-01-01 00:00:00+00:00, run_after=2021-01-01 00:00:00+00:00
[2026-05-19T14:11:55.427+0000] {processor.py:183} INFO - Processing /home/airflow/.local/lib/python3.12/site-packages/airflow/example_dags/example_trigger_controller_dag.py took 0.098 seconds
[2026-05-19T14:12:26.101+0000] {processor.py:161} INFO - Started process (PID=4907) to work on /home/airflow/.local/lib/python3.12/site-packages/airflow/example_dags/example_trigger_controller_dag.py
[2026-05-19T14:12:26.103+0000] {processor.py:830} INFO - Processing file /home/airflow/.local/lib/python3.12/site-packages/airflow/example_dags/example_trigger_controller_dag.py for tasks to queue
[2026-05-19T14:12:26.105+0000] {logging_mixin.py:188} INFO - [2026-05-19T14:12:26.105+0000] {dagbag.py:545} INFO - Filling up the DagBag from /home/airflow/.local/lib/python3.12/site-packages/airflow/example_dags/example_trigger_controller_dag.py
[2026-05-19T14:12:26.110+0000] {processor.py:840} INFO - DAG(s) 'example_trigger_controller_dag' retrieved from /home/airflow/.local/lib/python3.12/site-packages/airflow/example_dags/example_trigger_controller_dag.py
[2026-05-19T14:12:26.144+0000] {logging_mixin.py:188} INFO - [2026-05-19T14:12:26.143+0000] {dag.py:3096} INFO - Sync 1 DAGs
[2026-05-19T14:12:26.169+0000] {logging_mixin.py:188} INFO - [2026-05-19T14:12:26.168+0000] {dag.py:3954} INFO - Setting next_dagrun for example_trigger_controller_dag to 2021-01-01 00:00:00+00:00, run_after=2021-01-01 00:00:00+00:00
[2026-05-19T14:12:26.188+0000] {processor.py:183} INFO - Processing /home/airflow/.local/lib/python3.12/site-packages/airflow/example_dags/example_trigger_controller_dag.py took 0.093 seconds
[2026-05-19T14:12:56.300+0000] {processor.py:161} INFO - Started process (PID=4966) to work on /home/airflow/.local/lib/python3.12/site-packages/airflow/example_dags/example_trigger_controller_dag.py
[2026-05-19T14:12:56.301+0000] {processor.py:830} INFO - Processing file /home/airflow/.local/lib/python3.12/site-packages/airflow/example_dags/example_trigger_controller_dag.py for tasks to queue
[2026-05-19T14:12:56.305+0000] {logging_mixin.py:188} INFO - [2026-05-19T14:12:56.305+0000] {dagbag.py:545} INFO - Filling up the DagBag from /home/airflow/.local/lib/python3.12/site-packages/airflow/example_dags/example_trigger_controller_dag.py
[2026-05-19T14:12:56.314+0000] {processor.py:840} INFO - DAG(s) 'example_trigger_controller_dag' retrieved from /home/airflow/.local/lib/python3.12/site-packages/airflow/example_dags/example_trigger_controller_dag.py
[2026-05-19T14:12:56.348+0000] {logging_mixin.py:188} INFO - [2026-05-19T14:12:56.348+0000] {dag.py:3096} INFO - Sync 1 DAGs
[2026-05-19T14:12:56.386+0000] {logging_mixin.py:188} INFO - [2026-05-19T14:12:56.385+0000] {dag.py:3954} INFO - Setting next_dagrun for example_trigger_controller_dag to 2021-01-01 00:00:00+00:00, run_after=2021-01-01 00:00:00+00:00
[2026-05-19T14:12:56.423+0000] {processor.py:183} INFO - Processing /home/airflow/.local/lib/python3.12/site-packages/airflow/example_dags/example_trigger_controller_dag.py took 0.133 seconds
[2026-05-19T14:13:27.377+0000] {processor.py:161} INFO - Started process (PID=5025) to work on /home/airflow/.local/lib/python3.12/site-packages/airflow/example_dags/example_trigger_controller_dag.py
[2026-05-19T14:13:27.378+0000] {processor.py:830} INFO - Processing file /home/airflow/.local/lib/python3.12/site-packages/airflow/example_dags/example_trigger_controller_dag.py for tasks to queue
[2026-05-19T14:13:27.380+0000] {logging_mixin.py:188} INFO - [2026-05-19T14:13:27.380+0000] {dagbag.py:545} INFO - Filling up the DagBag from /home/airflow/.local/lib/python3.12/site-packages/airflow/example_dags/example_trigger_controller_dag.py
[2026-05-19T14:13:27.387+0000] {processor.py:840} INFO - DAG(s) 'example_trigger_controller_dag' retrieved from /home/airflow/.local/lib/python3.12/site-packages/airflow/example_dags/example_trigger_controller_dag.py
[2026-05-19T14:13:27.415+0000] {logging_mixin.py:188} INFO - [2026-05-19T14:13:27.415+0000] {dag.py:3096} INFO - Sync 1 DAGs
[2026-05-19T14:13:27.446+0000] {logging_mixin.py:188} INFO - [2026-05-19T14:13:27.446+0000] {dag.py:3954} INFO - Setting next_dagrun for example_trigger_controller_dag to 2021-01-01 00:00:00+00:00, run_after=2021-01-01 00:00:00+00:00
[2026-05-19T14:13:27.472+0000] {processor.py:183} INFO - Processing /home/airflow/.local/lib/python3.12/site-packages/airflow/example_dags/example_trigger_controller_dag.py took 0.104 seconds
[2026-05-19T14:13:57.679+0000] {processor.py:161} INFO - Started process (PID=5084) to work on /home/airflow/.local/lib/python3.12/site-packages/airflow/example_dags/example_trigger_controller_dag.py
[2026-05-19T14:13:57.681+0000] {processor.py:830} INFO - Processing file /home/airflow/.local/lib/python3.12/site-packages/airflow/example_dags/example_trigger_controller_dag.py for tasks to queue
[2026-05-19T14:13:57.685+0000] {logging_mixin.py:188} INFO - [2026-05-19T14:13:57.684+0000] {dagbag.py:545} INFO - Filling up the DagBag from /home/airflow/.local/lib/python3.12/site-packages/airflow/example_dags/example_trigger_controller_dag.py
[2026-05-19T14:13:57.694+0000] {processor.py:840} INFO - DAG(s) 'example_trigger_controller_dag' retrieved from /home/airflow/.local/lib/python3.12/site-packages/airflow/example_dags/example_trigger_controller_dag.py
[2026-05-19T14:13:57.723+0000] {logging_mixin.py:188} INFO - [2026-05-19T14:13:57.722+0000] {dag.py:3096} INFO - Sync 1 DAGs
[2026-05-19T14:13:57.746+0000] {logging_mixin.py:188} INFO - [2026-05-19T14:13:57.745+0000] {dag.py:3954} INFO - Setting next_dagrun for example_trigger_controller_dag to 2021-01-01 00:00:00+00:00, run_after=2021-01-01 00:00:00+00:00
[2026-05-19T14:13:57.774+0000] {processor.py:183} INFO - Processing /home/airflow/.local/lib/python3.12/site-packages/airflow/example_dags/example_trigger_controller_dag.py took 0.100 seconds
[2026-05-19T14:14:28.661+0000] {processor.py:161} INFO - Started process (PID=5143) to work on /home/airflow/.local/lib/python3.12/site-packages/airflow/example_dags/example_trigger_controller_dag.py
[2026-05-19T14:14:28.664+0000] {processor.py:830} INFO - Processing file /home/airflow/.local/lib/python3.12/site-packages/airflow/example_dags/example_trigger_controller_dag.py for tasks to queue
[2026-05-19T14:14:28.666+0000] {logging_mixin.py:188} INFO - [2026-05-19T14:14:28.666+0000] {dagbag.py:545} INFO - Filling up the DagBag from /home/airflow/.local/lib/python3.12/site-packages/airflow/example_dags/example_trigger_controller_dag.py
[2026-05-19T14:14:28.672+0000] {processor.py:840} INFO - DAG(s) 'example_trigger_controller_dag' retrieved from /home/airflow/.local/lib/python3.12/site-packages/airflow/example_dags/example_trigger_controller_dag.py
[2026-05-19T14:14:28.707+0000] {logging_mixin.py:188} INFO - [2026-05-19T14:14:28.706+0000] {dag.py:3096} INFO - Sync 1 DAGs
[2026-05-19T14:14:28.759+0000] {logging_mixin.py:188} INFO - [2026-05-19T14:14:28.759+0000] {dag.py:3954} INFO - Setting next_dagrun for example_trigger_controller_dag to 2021-01-01 00:00:00+00:00, run_after=2021-01-01 00:00:00+00:00
[2026-05-19T14:14:28.808+0000] {processor.py:183} INFO - Processing /home/airflow/.local/lib/python3.12/site-packages/airflow/example_dags/example_trigger_controller_dag.py took 0.155 seconds
[2026-05-19T14:14:58.872+0000] {processor.py:161} INFO - Started process (PID=5201) to work on /home/airflow/.local/lib/python3.12/site-packages/airflow/example_dags/example_trigger_controller_dag.py
[2026-05-19T14:14:58.873+0000] {processor.py:830} INFO - Processing file /home/airflow/.local/lib/python3.12/site-packages/airflow/example_dags/example_trigger_controller_dag.py for tasks to queue
[2026-05-19T14:14:58.876+0000] {logging_mixin.py:188} INFO - [2026-05-19T14:14:58.876+0000] {dagbag.py:545} INFO - Filling up the DagBag from /home/airflow/.local/lib/python3.12/site-packages/airflow/example_dags/example_trigger_controller_dag.py
[2026-05-19T14:14:58.885+0000] {processor.py:840} INFO - DAG(s) 'example_trigger_controller_dag' retrieved from /home/airflow/.local/lib/python3.12/site-packages/airflow/example_dags/example_trigger_controller_dag.py
[2026-05-19T14:14:58.907+0000] {logging_mixin.py:188} INFO - [2026-05-19T14:14:58.907+0000] {dag.py:3096} INFO - Sync 1 DAGs
[2026-05-19T14:14:58.937+0000] {logging_mixin.py:188} INFO - [2026-05-19T14:14:58.937+0000] {dag.py:3954} INFO - Setting next_dagrun for example_trigger_controller_dag to 2021-01-01 00:00:00+00:00, run_after=2021-01-01 00:00:00+00:00
[2026-05-19T14:14:58.962+0000] {processor.py:183} INFO - Processing /home/airflow/.local/lib/python3.12/site-packages/airflow/example_dags/example_trigger_controller_dag.py took 0.100 seconds
[2026-05-19T14:15:29.588+0000] {processor.py:161} INFO - Started process (PID=5261) to work on /home/airflow/.local/lib/python3.12/site-packages/airflow/example_dags/example_trigger_controller_dag.py
[2026-05-19T14:15:29.590+0000] {processor.py:830} INFO - Processing file /home/airflow/.local/lib/python3.12/site-packages/airflow/example_dags/example_trigger_controller_dag.py for tasks to queue
[2026-05-19T14:15:29.594+0000] {logging_mixin.py:188} INFO - [2026-05-19T14:15:29.594+0000] {dagbag.py:545} INFO - Filling up the DagBag from /home/airflow/.local/lib/python3.12/site-packages/airflow/example_dags/example_trigger_controller_dag.py
[2026-05-19T14:15:29.602+0000] {processor.py:840} INFO - DAG(s) 'example_trigger_controller_dag' retrieved from /home/airflow/.local/lib/python3.12/site-packages/airflow/example_dags/example_trigger_controller_dag.py
[2026-05-19T14:15:29.630+0000] {logging_mixin.py:188} INFO - [2026-05-19T14:15:29.630+0000] {dag.py:3096} INFO - Sync 1 DAGs
[2026-05-19T14:15:29.653+0000] {logging_mixin.py:188} INFO - [2026-05-19T14:15:29.653+0000] {dag.py:3954} INFO - Setting next_dagrun for example_trigger_controller_dag to 2021-01-01 00:00:00+00:00, run_after=2021-01-01 00:00:00+00:00
[2026-05-19T14:15:29.685+0000] {processor.py:183} INFO - Processing /home/airflow/.local/lib/python3.12/site-packages/airflow/example_dags/example_trigger_controller_dag.py took 0.108 seconds
[2026-05-19T14:16:00.830+0000] {processor.py:161} INFO - Started process (PID=5324) to work on /home/airflow/.local/lib/python3.12/site-packages/airflow/example_dags/example_trigger_controller_dag.py
[2026-05-19T14:16:00.832+0000] {processor.py:830} INFO - Processing file /home/airflow/.local/lib/python3.12/site-packages/airflow/example_dags/example_trigger_controller_dag.py for tasks to queue
[2026-05-19T14:16:00.839+0000] {logging_mixin.py:188} INFO - [2026-05-19T14:16:00.837+0000] {dagbag.py:545} INFO - Filling up the DagBag from /home/airflow/.local/lib/python3.12/site-packages/airflow/example_dags/example_trigger_controller_dag.py
[2026-05-19T14:16:00.868+0000] {processor.py:840} INFO - DAG(s) 'example_trigger_controller_dag' retrieved from /home/airflow/.local/lib/python3.12/site-packages/airflow/example_dags/example_trigger_controller_dag.py
[2026-05-19T14:16:00.936+0000] {logging_mixin.py:188} INFO - [2026-05-19T14:16:00.935+0000] {dag.py:3096} INFO - Sync 1 DAGs
[2026-05-19T14:16:01.043+0000] {logging_mixin.py:188} INFO - [2026-05-19T14:16:01.042+0000] {dag.py:3954} INFO - Setting next_dagrun for example_trigger_controller_dag to 2021-01-01 00:00:00+00:00, run_after=2021-01-01 00:00:00+00:00
[2026-05-19T14:16:01.126+0000] {processor.py:183} INFO - Processing /home/airflow/.local/lib/python3.12/site-packages/airflow/example_dags/example_trigger_controller_dag.py took 0.320 seconds
[2026-05-19T14:16:31.909+0000] {processor.py:161} INFO - Started process (PID=5382) to work on /home/airflow/.local/lib/python3.12/site-packages/airflow/example_dags/example_trigger_controller_dag.py
[2026-05-19T14:16:31.911+0000] {processor.py:830} INFO - Processing file /home/airflow/.local/lib/python3.12/site-packages/airflow/example_dags/example_trigger_controller_dag.py for tasks to queue
[2026-05-19T14:16:31.917+0000] {logging_mixin.py:188} INFO - [2026-05-19T14:16:31.916+0000] {dagbag.py:545} INFO - Filling up the DagBag from /home/airflow/.local/lib/python3.12/site-packages/airflow/example_dags/example_trigger_controller_dag.py
[2026-05-19T14:16:31.927+0000] {processor.py:840} INFO - DAG(s) 'example_trigger_controller_dag' retrieved from /home/airflow/.local/lib/python3.12/site-packages/airflow/example_dags/example_trigger_controller_dag.py
[2026-05-19T14:16:31.972+0000] {logging_mixin.py:188} INFO - [2026-05-19T14:16:31.971+0000] {dag.py:3096} INFO - Sync 1 DAGs
[2026-05-19T14:16:32.015+0000] {logging_mixin.py:188} INFO - [2026-05-19T14:16:32.015+0000] {dag.py:3954} INFO - Setting next_dagrun for example_trigger_controller_dag to 2021-01-01 00:00:00+00:00, run_after=2021-01-01 00:00:00+00:00
[2026-05-19T14:16:32.089+0000] {processor.py:183} INFO - Processing /home/airflow/.local/lib/python3.12/site-packages/airflow/example_dags/example_trigger_controller_dag.py took 0.190 seconds
[2026-05-19T14:17:02.449+0000] {processor.py:161} INFO - Started process (PID=5441) to work on /home/airflow/.local/lib/python3.12/site-packages/airflow/example_dags/example_trigger_controller_dag.py
[2026-05-19T14:17:02.451+0000] {processor.py:830} INFO - Processing file /home/airflow/.local/lib/python3.12/site-packages/airflow/example_dags/example_trigger_controller_dag.py for tasks to queue
[2026-05-19T14:17:02.455+0000] {logging_mixin.py:188} INFO - [2026-05-19T14:17:02.454+0000] {dagbag.py:545} INFO - Filling up the DagBag from /home/airflow/.local/lib/python3.12/site-packages/airflow/example_dags/example_trigger_controller_dag.py
[2026-05-19T14:17:02.468+0000] {processor.py:840} INFO - DAG(s) 'example_trigger_controller_dag' retrieved from /home/airflow/.local/lib/python3.12/site-packages/airflow/example_dags/example_trigger_controller_dag.py
[2026-05-19T14:17:02.523+0000] {logging_mixin.py:188} INFO - [2026-05-19T14:17:02.522+0000] {dag.py:3096} INFO - Sync 1 DAGs
[2026-05-19T14:17:02.571+0000] {logging_mixin.py:188} INFO - [2026-05-19T14:17:02.570+0000] {dag.py:3954} INFO - Setting next_dagrun for example_trigger_controller_dag to 2021-01-01 00:00:00+00:00, run_after=2021-01-01 00:00:00+00:00
[2026-05-19T14:17:02.634+0000] {processor.py:183} INFO - Processing /home/airflow/.local/lib/python3.12/site-packages/airflow/example_dags/example_trigger_controller_dag.py took 0.200 seconds
[2026-05-19T14:17:33.328+0000] {processor.py:161} INFO - Started process (PID=5500) to work on /home/airflow/.local/lib/python3.12/site-packages/airflow/example_dags/example_trigger_controller_dag.py
[2026-05-19T14:17:33.330+0000] {processor.py:830} INFO - Processing file /home/airflow/.local/lib/python3.12/site-packages/airflow/example_dags/example_trigger_controller_dag.py for tasks to queue
[2026-05-19T14:17:33.334+0000] {logging_mixin.py:188} INFO - [2026-05-19T14:17:33.333+0000] {dagbag.py:545} INFO - Filling up the DagBag from /home/airflow/.local/lib/python3.12/site-packages/airflow/example_dags/example_trigger_controller_dag.py
[2026-05-19T14:17:33.344+0000] {processor.py:840} INFO - DAG(s) 'example_trigger_controller_dag' retrieved from /home/airflow/.local/lib/python3.12/site-packages/airflow/example_dags/example_trigger_controller_dag.py
[2026-05-19T14:17:33.376+0000] {logging_mixin.py:188} INFO - [2026-05-19T14:17:33.376+0000] {dag.py:3096} INFO - Sync 1 DAGs
[2026-05-19T14:17:33.409+0000] {logging_mixin.py:188} INFO - [2026-05-19T14:17:33.409+0000] {dag.py:3954} INFO - Setting next_dagrun for example_trigger_controller_dag to 2021-01-01 00:00:00+00:00, run_after=2021-01-01 00:00:00+00:00
[2026-05-19T14:17:33.442+0000] {processor.py:183} INFO - Processing /home/airflow/.local/lib/python3.12/site-packages/airflow/example_dags/example_trigger_controller_dag.py took 0.123 seconds
[2026-05-19T14:18:03.735+0000] {processor.py:161} INFO - Started process (PID=5559) to work on /home/airflow/.local/lib/python3.12/site-packages/airflow/example_dags/example_trigger_controller_dag.py
[2026-05-19T14:18:03.737+0000] {processor.py:830} INFO - Processing file /home/airflow/.local/lib/python3.12/site-packages/airflow/example_dags/example_trigger_controller_dag.py for tasks to queue
[2026-05-19T14:18:03.740+0000] {logging_mixin.py:188} INFO - [2026-05-19T14:18:03.739+0000] {dagbag.py:545} INFO - Filling up the DagBag from /home/airflow/.local/lib/python3.12/site-packages/airflow/example_dags/example_trigger_controller_dag.py
[2026-05-19T14:18:03.748+0000] {processor.py:840} INFO - DAG(s) 'example_trigger_controller_dag' retrieved from /home/airflow/.local/lib/python3.12/site-packages/airflow/example_dags/example_trigger_controller_dag.py
[2026-05-19T14:18:03.777+0000] {logging_mixin.py:188} INFO - [2026-05-19T14:18:03.776+0000] {dag.py:3096} INFO - Sync 1 DAGs
[2026-05-19T14:18:03.804+0000] {logging_mixin.py:188} INFO - [2026-05-19T14:18:03.804+0000] {dag.py:3954} INFO - Setting next_dagrun for example_trigger_controller_dag to 2021-01-01 00:00:00+00:00, run_after=2021-01-01 00:00:00+00:00
[2026-05-19T14:18:03.833+0000] {processor.py:183} INFO - Processing /home/airflow/.local/lib/python3.12/site-packages/airflow/example_dags/example_trigger_controller_dag.py took 0.108 seconds
[2026-05-19T14:18:34.389+0000] {processor.py:161} INFO - Started process (PID=5618) to work on /home/airflow/.local/lib/python3.12/site-packages/airflow/example_dags/example_trigger_controller_dag.py
[2026-05-19T14:18:34.391+0000] {processor.py:830} INFO - Processing file /home/airflow/.local/lib/python3.12/site-packages/airflow/example_dags/example_trigger_controller_dag.py for tasks to queue
[2026-05-19T14:18:34.394+0000] {logging_mixin.py:188} INFO - [2026-05-19T14:18:34.394+0000] {dagbag.py:545} INFO - Filling up the DagBag from /home/airflow/.local/lib/python3.12/site-packages/airflow/example_dags/example_trigger_controller_dag.py
[2026-05-19T14:18:34.402+0000] {processor.py:840} INFO - DAG(s) 'example_trigger_controller_dag' retrieved from /home/airflow/.local/lib/python3.12/site-packages/airflow/example_dags/example_trigger_controller_dag.py
[2026-05-19T14:18:34.435+0000] {logging_mixin.py:188} INFO - [2026-05-19T14:18:34.434+0000] {dag.py:3096} INFO - Sync 1 DAGs
[2026-05-19T14:18:34.460+0000] {logging_mixin.py:188} INFO - [2026-05-19T14:18:34.460+0000] {dag.py:3954} INFO - Setting next_dagrun for example_trigger_controller_dag to 2021-01-01 00:00:00+00:00, run_after=2021-01-01 00:00:00+00:00
[2026-05-19T14:18:34.496+0000] {processor.py:183} INFO - Processing /home/airflow/.local/lib/python3.12/site-packages/airflow/example_dags/example_trigger_controller_dag.py took 0.113 seconds
[2026-05-19T14:19:04.963+0000] {processor.py:161} INFO - Started process (PID=5677) to work on /home/airflow/.local/lib/python3.12/site-packages/airflow/example_dags/example_trigger_controller_dag.py
[2026-05-19T14:19:04.964+0000] {processor.py:830} INFO - Processing file /home/airflow/.local/lib/python3.12/site-packages/airflow/example_dags/example_trigger_controller_dag.py for tasks to queue
[2026-05-19T14:19:04.968+0000] {logging_mixin.py:188} INFO - [2026-05-19T14:19:04.967+0000] {dagbag.py:545} INFO - Filling up the DagBag from /home/airflow/.local/lib/python3.12/site-packages/airflow/example_dags/example_trigger_controller_dag.py
[2026-05-19T14:19:04.979+0000] {processor.py:840} INFO - DAG(s) 'example_trigger_controller_dag' retrieved from /home/airflow/.local/lib/python3.12/site-packages/airflow/example_dags/example_trigger_controller_dag.py
[2026-05-19T14:19:05.008+0000] {logging_mixin.py:188} INFO - [2026-05-19T14:19:05.008+0000] {dag.py:3096} INFO - Sync 1 DAGs
[2026-05-19T14:19:05.059+0000] {logging_mixin.py:188} INFO - [2026-05-19T14:19:05.058+0000] {dag.py:3954} INFO - Setting next_dagrun for example_trigger_controller_dag to 2021-01-01 00:00:00+00:00, run_after=2021-01-01 00:00:00+00:00
[2026-05-19T14:19:05.102+0000] {processor.py:183} INFO - Processing /home/airflow/.local/lib/python3.12/site-packages/airflow/example_dags/example_trigger_controller_dag.py took 0.148 seconds
[2026-05-19T14:19:35.682+0000] {processor.py:161} INFO - Started process (PID=5736) to work on /home/airflow/.local/lib/python3.12/site-packages/airflow/example_dags/example_trigger_controller_dag.py
[2026-05-19T14:19:35.684+0000] {processor.py:830} INFO - Processing file /home/airflow/.local/lib/python3.12/site-packages/airflow/example_dags/example_trigger_controller_dag.py for tasks to queue
[2026-05-19T14:19:35.689+0000] {logging_mixin.py:188} INFO - [2026-05-19T14:19:35.688+0000] {dagbag.py:545} INFO - Filling up the DagBag from /home/airflow/.local/lib/python3.12/site-packages/airflow/example_dags/example_trigger_controller_dag.py
[2026-05-19T14:19:35.700+0000] {processor.py:840} INFO - DAG(s) 'example_trigger_controller_dag' retrieved from /home/airflow/.local/lib/python3.12/site-packages/airflow/example_dags/example_trigger_controller_dag.py
[2026-05-19T14:19:35.744+0000] {logging_mixin.py:188} INFO - [2026-05-19T14:19:35.744+0000] {dag.py:3096} INFO - Sync 1 DAGs
[2026-05-19T14:19:35.787+0000] {logging_mixin.py:188} INFO - [2026-05-19T14:19:35.786+0000] {dag.py:3954} INFO - Setting next_dagrun for example_trigger_controller_dag to 2021-01-01 00:00:00+00:00, run_after=2021-01-01 00:00:00+00:00
[2026-05-19T14:19:35.826+0000] {processor.py:183} INFO - Processing /home/airflow/.local/lib/python3.12/site-packages/airflow/example_dags/example_trigger_controller_dag.py took 0.154 seconds
[2026-05-19T14:20:05.898+0000] {processor.py:161} INFO - Started process (PID=5795) to work on /home/airflow/.local/lib/python3.12/site-packages/airflow/example_dags/example_trigger_controller_dag.py
[2026-05-19T14:20:05.899+0000] {processor.py:830} INFO - Processing file /home/airflow/.local/lib/python3.12/site-packages/airflow/example_dags/example_trigger_controller_dag.py for tasks to queue
[2026-05-19T14:20:05.903+0000] {logging_mixin.py:188} INFO - [2026-05-19T14:20:05.902+0000] {dagbag.py:545} INFO - Filling up the DagBag from /home/airflow/.local/lib/python3.12/site-packages/airflow/example_dags/example_trigger_controller_dag.py
[2026-05-19T14:20:05.908+0000] {processor.py:840} INFO - DAG(s) 'example_trigger_controller_dag' retrieved from /home/airflow/.local/lib/python3.12/site-packages/airflow/example_dags/example_trigger_controller_dag.py
[2026-05-19T14:20:05.931+0000] {logging_mixin.py:188} INFO - [2026-05-19T14:20:05.931+0000] {dag.py:3096} INFO - Sync 1 DAGs
[2026-05-19T14:20:05.960+0000] {logging_mixin.py:188} INFO - [2026-05-19T14:20:05.960+0000] {dag.py:3954} INFO - Setting next_dagrun for example_trigger_controller_dag to 2021-01-01 00:00:00+00:00, run_after=2021-01-01 00:00:00+00:00
[2026-05-19T14:20:05.984+0000] {processor.py:183} INFO - Processing /home/airflow/.local/lib/python3.12/site-packages/airflow/example_dags/example_trigger_controller_dag.py took 0.092 seconds
[2026-05-19T14:20:36.539+0000] {processor.py:161} INFO - Started process (PID=5854) to work on /home/airflow/.local/lib/python3.12/site-packages/airflow/example_dags/example_trigger_controller_dag.py
[2026-05-19T14:20:36.541+0000] {processor.py:830} INFO - Processing file /home/airflow/.local/lib/python3.12/site-packages/airflow/example_dags/example_trigger_controller_dag.py for tasks to queue
[2026-05-19T14:20:36.543+0000] {logging_mixin.py:188} INFO - [2026-05-19T14:20:36.543+0000] {dagbag.py:545} INFO - Filling up the DagBag from /home/airflow/.local/lib/python3.12/site-packages/airflow/example_dags/example_trigger_controller_dag.py
[2026-05-19T14:20:36.550+0000] {processor.py:840} INFO - DAG(s) 'example_trigger_controller_dag' retrieved from /home/airflow/.local/lib/python3.12/site-packages/airflow/example_dags/example_trigger_controller_dag.py
[2026-05-19T14:20:36.570+0000] {logging_mixin.py:188} INFO - [2026-05-19T14:20:36.570+0000] {dag.py:3096} INFO - Sync 1 DAGs
[2026-05-19T14:20:36.593+0000] {logging_mixin.py:188} INFO - [2026-05-19T14:20:36.593+0000] {dag.py:3954} INFO - Setting next_dagrun for example_trigger_controller_dag to 2021-01-01 00:00:00+00:00, run_after=2021-01-01 00:00:00+00:00
[2026-05-19T14:20:36.743+0000] {processor.py:183} INFO - Processing /home/airflow/.local/lib/python3.12/site-packages/airflow/example_dags/example_trigger_controller_dag.py took 0.210 seconds
[2026-05-19T14:21:06.851+0000] {processor.py:161} INFO - Started process (PID=5913) to work on /home/airflow/.local/lib/python3.12/site-packages/airflow/example_dags/example_trigger_controller_dag.py
[2026-05-19T14:21:06.854+0000] {processor.py:830} INFO - Processing file /home/airflow/.local/lib/python3.12/site-packages/airflow/example_dags/example_trigger_controller_dag.py for tasks to queue
[2026-05-19T14:21:06.858+0000] {logging_mixin.py:188} INFO - [2026-05-19T14:21:06.857+0000] {dagbag.py:545} INFO - Filling up the DagBag from /home/airflow/.local/lib/python3.12/site-packages/airflow/example_dags/example_trigger_controller_dag.py
[2026-05-19T14:21:06.869+0000] {processor.py:840} INFO - DAG(s) 'example_trigger_controller_dag' retrieved from /home/airflow/.local/lib/python3.12/site-packages/airflow/example_dags/example_trigger_controller_dag.py
[2026-05-19T14:21:06.891+0000] {logging_mixin.py:188} INFO - [2026-05-19T14:21:06.891+0000] {dag.py:3096} INFO - Sync 1 DAGs
[2026-05-19T14:21:06.912+0000] {logging_mixin.py:188} INFO - [2026-05-19T14:21:06.911+0000] {dag.py:3954} INFO - Setting next_dagrun for example_trigger_controller_dag to 2021-01-01 00:00:00+00:00, run_after=2021-01-01 00:00:00+00:00
[2026-05-19T14:21:07.038+0000] {processor.py:183} INFO - Processing /home/airflow/.local/lib/python3.12/site-packages/airflow/example_dags/example_trigger_controller_dag.py took 0.199 seconds
[2026-05-19T14:21:37.946+0000] {processor.py:161} INFO - Started process (PID=5972) to work on /home/airflow/.local/lib/python3.12/site-packages/airflow/example_dags/example_trigger_controller_dag.py
[2026-05-19T14:21:37.947+0000] {processor.py:830} INFO - Processing file /home/airflow/.local/lib/python3.12/site-packages/airflow/example_dags/example_trigger_controller_dag.py for tasks to queue
[2026-05-19T14:21:37.948+0000] {logging_mixin.py:188} INFO - [2026-05-19T14:21:37.948+0000] {dagbag.py:545} INFO - Filling up the DagBag from /home/airflow/.local/lib/python3.12/site-packages/airflow/example_dags/example_trigger_controller_dag.py
[2026-05-19T14:21:37.961+0000] {processor.py:840} INFO - DAG(s) 'example_trigger_controller_dag' retrieved from /home/airflow/.local/lib/python3.12/site-packages/airflow/example_dags/example_trigger_controller_dag.py
[2026-05-19T14:21:37.984+0000] {logging_mixin.py:188} INFO - [2026-05-19T14:21:37.984+0000] {dag.py:3096} INFO - Sync 1 DAGs
[2026-05-19T14:21:38.018+0000] {logging_mixin.py:188} INFO - [2026-05-19T14:21:38.018+0000] {dag.py:3954} INFO - Setting next_dagrun for example_trigger_controller_dag to 2021-01-01 00:00:00+00:00, run_after=2021-01-01 00:00:00+00:00
[2026-05-19T14:21:38.068+0000] {processor.py:183} INFO - Processing /home/airflow/.local/lib/python3.12/site-packages/airflow/example_dags/example_trigger_controller_dag.py took 0.140 seconds
[2026-05-19T17:35:44.361+0000] {processor.py:161} INFO - Started process (PID=6032) to work on /home/airflow/.local/lib/python3.12/site-packages/airflow/example_dags/example_trigger_controller_dag.py
[2026-05-19T17:35:44.363+0000] {processor.py:830} INFO - Processing file /home/airflow/.local/lib/python3.12/site-packages/airflow/example_dags/example_trigger_controller_dag.py for tasks to queue
[2026-05-19T17:35:44.367+0000] {logging_mixin.py:188} INFO - [2026-05-19T17:35:44.366+0000] {dagbag.py:545} INFO - Filling up the DagBag from /home/airflow/.local/lib/python3.12/site-packages/airflow/example_dags/example_trigger_controller_dag.py
[2026-05-19T17:35:44.376+0000] {processor.py:840} INFO - DAG(s) 'example_trigger_controller_dag' retrieved from /home/airflow/.local/lib/python3.12/site-packages/airflow/example_dags/example_trigger_controller_dag.py
[2026-05-19T17:35:44.413+0000] {logging_mixin.py:188} INFO - [2026-05-19T17:35:44.412+0000] {dag.py:3096} INFO - Sync 1 DAGs
[2026-05-19T17:35:44.449+0000] {logging_mixin.py:188} INFO - [2026-05-19T17:35:44.448+0000] {dag.py:3954} INFO - Setting next_dagrun for example_trigger_controller_dag to 2021-01-01 00:00:00+00:00, run_after=2021-01-01 00:00:00+00:00
[2026-05-19T17:35:44.483+0000] {processor.py:183} INFO - Processing /home/airflow/.local/lib/python3.12/site-packages/airflow/example_dags/example_trigger_controller_dag.py took 0.132 seconds
[2026-05-19T17:36:15.143+0000] {processor.py:161} INFO - Started process (PID=6092) to work on /home/airflow/.local/lib/python3.12/site-packages/airflow/example_dags/example_trigger_controller_dag.py
[2026-05-19T17:36:15.144+0000] {processor.py:830} INFO - Processing file /home/airflow/.local/lib/python3.12/site-packages/airflow/example_dags/example_trigger_controller_dag.py for tasks to queue
[2026-05-19T17:36:15.148+0000] {logging_mixin.py:188} INFO - [2026-05-19T17:36:15.147+0000] {dagbag.py:545} INFO - Filling up the DagBag from /home/airflow/.local/lib/python3.12/site-packages/airflow/example_dags/example_trigger_controller_dag.py
[2026-05-19T17:36:15.153+0000] {processor.py:840} INFO - DAG(s) 'example_trigger_controller_dag' retrieved from /home/airflow/.local/lib/python3.12/site-packages/airflow/example_dags/example_trigger_controller_dag.py
[2026-05-19T17:36:15.176+0000] {logging_mixin.py:188} INFO - [2026-05-19T17:36:15.175+0000] {dag.py:3096} INFO - Sync 1 DAGs
[2026-05-19T17:36:15.203+0000] {logging_mixin.py:188} INFO - [2026-05-19T17:36:15.203+0000] {dag.py:3954} INFO - Setting next_dagrun for example_trigger_controller_dag to 2021-01-01 00:00:00+00:00, run_after=2021-01-01 00:00:00+00:00
[2026-05-19T17:36:15.230+0000] {processor.py:183} INFO - Processing /home/airflow/.local/lib/python3.12/site-packages/airflow/example_dags/example_trigger_controller_dag.py took 0.094 seconds
[2026-05-19T17:36:45.580+0000] {processor.py:161} INFO - Started process (PID=6151) to work on /home/airflow/.local/lib/python3.12/site-packages/airflow/example_dags/example_trigger_controller_dag.py
[2026-05-19T17:36:45.581+0000] {processor.py:830} INFO - Processing file /home/airflow/.local/lib/python3.12/site-packages/airflow/example_dags/example_trigger_controller_dag.py for tasks to queue
[2026-05-19T17:36:45.583+0000] {logging_mixin.py:188} INFO - [2026-05-19T17:36:45.582+0000] {dagbag.py:545} INFO - Filling up the DagBag from /home/airflow/.local/lib/python3.12/site-packages/airflow/example_dags/example_trigger_controller_dag.py
[2026-05-19T17:36:45.587+0000] {processor.py:840} INFO - DAG(s) 'example_trigger_controller_dag' retrieved from /home/airflow/.local/lib/python3.12/site-packages/airflow/example_dags/example_trigger_controller_dag.py
[2026-05-19T17:36:45.606+0000] {logging_mixin.py:188} INFO - [2026-05-19T17:36:45.606+0000] {dag.py:3096} INFO - Sync 1 DAGs
[2026-05-19T17:36:45.625+0000] {logging_mixin.py:188} INFO - [2026-05-19T17:36:45.625+0000] {dag.py:3954} INFO - Setting next_dagrun for example_trigger_controller_dag to 2021-01-01 00:00:00+00:00, run_after=2021-01-01 00:00:00+00:00
[2026-05-19T17:36:45.645+0000] {processor.py:183} INFO - Processing /home/airflow/.local/lib/python3.12/site-packages/airflow/example_dags/example_trigger_controller_dag.py took 0.072 seconds
[2026-05-19T17:37:16.435+0000] {processor.py:161} INFO - Started process (PID=6210) to work on /home/airflow/.local/lib/python3.12/site-packages/airflow/example_dags/example_trigger_controller_dag.py
[2026-05-19T17:37:16.436+0000] {processor.py:830} INFO - Processing file /home/airflow/.local/lib/python3.12/site-packages/airflow/example_dags/example_trigger_controller_dag.py for tasks to queue
[2026-05-19T17:37:16.439+0000] {logging_mixin.py:188} INFO - [2026-05-19T17:37:16.438+0000] {dagbag.py:545} INFO - Filling up the DagBag from /home/airflow/.local/lib/python3.12/site-packages/airflow/example_dags/example_trigger_controller_dag.py
[2026-05-19T17:37:16.444+0000] {processor.py:840} INFO - DAG(s) 'example_trigger_controller_dag' retrieved from /home/airflow/.local/lib/python3.12/site-packages/airflow/example_dags/example_trigger_controller_dag.py
[2026-05-19T17:37:16.471+0000] {logging_mixin.py:188} INFO - [2026-05-19T17:37:16.471+0000] {dag.py:3096} INFO - Sync 1 DAGs
[2026-05-19T17:37:16.498+0000] {logging_mixin.py:188} INFO - [2026-05-19T17:37:16.498+0000] {dag.py:3954} INFO - Setting next_dagrun for example_trigger_controller_dag to 2021-01-01 00:00:00+00:00, run_after=2021-01-01 00:00:00+00:00
[2026-05-19T17:37:16.526+0000] {processor.py:183} INFO - Processing /home/airflow/.local/lib/python3.12/site-packages/airflow/example_dags/example_trigger_controller_dag.py took 0.098 seconds
[2026-05-19T17:37:47.950+0000] {processor.py:161} INFO - Started process (PID=6269) to work on /home/airflow/.local/lib/python3.12/site-packages/airflow/example_dags/example_trigger_controller_dag.py
[2026-05-19T17:37:47.952+0000] {processor.py:830} INFO - Processing file /home/airflow/.local/lib/python3.12/site-packages/airflow/example_dags/example_trigger_controller_dag.py for tasks to queue
[2026-05-19T17:37:47.954+0000] {logging_mixin.py:188} INFO - [2026-05-19T17:37:47.954+0000] {dagbag.py:545} INFO - Filling up the DagBag from /home/airflow/.local/lib/python3.12/site-packages/airflow/example_dags/example_trigger_controller_dag.py
[2026-05-19T17:37:47.962+0000] {processor.py:840} INFO - DAG(s) 'example_trigger_controller_dag' retrieved from /home/airflow/.local/lib/python3.12/site-packages/airflow/example_dags/example_trigger_controller_dag.py
[2026-05-19T17:37:47.982+0000] {logging_mixin.py:188} INFO - [2026-05-19T17:37:47.982+0000] {dag.py:3096} INFO - Sync 1 DAGs
[2026-05-19T17:37:48.003+0000] {logging_mixin.py:188} INFO - [2026-05-19T17:37:48.002+0000] {dag.py:3954} INFO - Setting next_dagrun for example_trigger_controller_dag to 2021-01-01 00:00:00+00:00, run_after=2021-01-01 00:00:00+00:00
[2026-05-19T17:37:48.021+0000] {processor.py:183} INFO - Processing /home/airflow/.local/lib/python3.12/site-packages/airflow/example_dags/example_trigger_controller_dag.py took 0.077 seconds
[2026-05-19T17:38:18.362+0000] {processor.py:161} INFO - Started process (PID=6328) to work on /home/airflow/.local/lib/python3.12/site-packages/airflow/example_dags/example_trigger_controller_dag.py
[2026-05-19T17:38:18.363+0000] {processor.py:830} INFO - Processing file /home/airflow/.local/lib/python3.12/site-packages/airflow/example_dags/example_trigger_controller_dag.py for tasks to queue
[2026-05-19T17:38:18.366+0000] {logging_mixin.py:188} INFO - [2026-05-19T17:38:18.365+0000] {dagbag.py:545} INFO - Filling up the DagBag from /home/airflow/.local/lib/python3.12/site-packages/airflow/example_dags/example_trigger_controller_dag.py
[2026-05-19T17:38:18.373+0000] {processor.py:840} INFO - DAG(s) 'example_trigger_controller_dag' retrieved from /home/airflow/.local/lib/python3.12/site-packages/airflow/example_dags/example_trigger_controller_dag.py
[2026-05-19T17:38:18.393+0000] {logging_mixin.py:188} INFO - [2026-05-19T17:38:18.393+0000] {dag.py:3096} INFO - Sync 1 DAGs
[2026-05-19T17:38:18.413+0000] {logging_mixin.py:188} INFO - [2026-05-19T17:38:18.413+0000] {dag.py:3954} INFO - Setting next_dagrun for example_trigger_controller_dag to 2021-01-01 00:00:00+00:00, run_after=2021-01-01 00:00:00+00:00
[2026-05-19T17:38:18.431+0000] {processor.py:183} INFO - Processing /home/airflow/.local/lib/python3.12/site-packages/airflow/example_dags/example_trigger_controller_dag.py took 0.075 seconds
[2026-05-19T17:38:49.601+0000] {processor.py:161} INFO - Started process (PID=6387) to work on /home/airflow/.local/lib/python3.12/site-packages/airflow/example_dags/example_trigger_controller_dag.py
[2026-05-19T17:38:49.602+0000] {processor.py:830} INFO - Processing file /home/airflow/.local/lib/python3.12/site-packages/airflow/example_dags/example_trigger_controller_dag.py for tasks to queue
[2026-05-19T17:38:49.604+0000] {logging_mixin.py:188} INFO - [2026-05-19T17:38:49.604+0000] {dagbag.py:545} INFO - Filling up the DagBag from /home/airflow/.local/lib/python3.12/site-packages/airflow/example_dags/example_trigger_controller_dag.py
[2026-05-19T17:38:49.610+0000] {processor.py:840} INFO - DAG(s) 'example_trigger_controller_dag' retrieved from /home/airflow/.local/lib/python3.12/site-packages/airflow/example_dags/example_trigger_controller_dag.py
[2026-05-19T17:38:49.629+0000] {logging_mixin.py:188} INFO - [2026-05-19T17:38:49.629+0000] {dag.py:3096} INFO - Sync 1 DAGs
[2026-05-19T17:38:49.648+0000] {logging_mixin.py:188} INFO - [2026-05-19T17:38:49.648+0000] {dag.py:3954} INFO - Setting next_dagrun for example_trigger_controller_dag to 2021-01-01 00:00:00+00:00, run_after=2021-01-01 00:00:00+00:00
[2026-05-19T17:38:49.665+0000] {processor.py:183} INFO - Processing /home/airflow/.local/lib/python3.12/site-packages/airflow/example_dags/example_trigger_controller_dag.py took 0.070 seconds
[2026-05-19T17:39:19.816+0000] {processor.py:161} INFO - Started process (PID=6446) to work on /home/airflow/.local/lib/python3.12/site-packages/airflow/example_dags/example_trigger_controller_dag.py
[2026-05-19T17:39:19.817+0000] {processor.py:830} INFO - Processing file /home/airflow/.local/lib/python3.12/site-packages/airflow/example_dags/example_trigger_controller_dag.py for tasks to queue
[2026-05-19T17:39:19.819+0000] {logging_mixin.py:188} INFO - [2026-05-19T17:39:19.819+0000] {dagbag.py:545} INFO - Filling up the DagBag from /home/airflow/.local/lib/python3.12/site-packages/airflow/example_dags/example_trigger_controller_dag.py
[2026-05-19T17:39:19.823+0000] {processor.py:840} INFO - DAG(s) 'example_trigger_controller_dag' retrieved from /home/airflow/.local/lib/python3.12/site-packages/airflow/example_dags/example_trigger_controller_dag.py
[2026-05-19T17:39:19.840+0000] {logging_mixin.py:188} INFO - [2026-05-19T17:39:19.840+0000] {dag.py:3096} INFO - Sync 1 DAGs
[2026-05-19T17:39:19.857+0000] {logging_mixin.py:188} INFO - [2026-05-19T17:39:19.857+0000] {dag.py:3954} INFO - Setting next_dagrun for example_trigger_controller_dag to 2021-01-01 00:00:00+00:00, run_after=2021-01-01 00:00:00+00:00
[2026-05-19T17:39:19.873+0000] {processor.py:183} INFO - Processing /home/airflow/.local/lib/python3.12/site-packages/airflow/example_dags/example_trigger_controller_dag.py took 0.062 seconds
[2026-05-19T17:39:50.119+0000] {processor.py:161} INFO - Started process (PID=6505) to work on /home/airflow/.local/lib/python3.12/site-packages/airflow/example_dags/example_trigger_controller_dag.py
[2026-05-19T17:39:50.120+0000] {processor.py:830} INFO - Processing file /home/airflow/.local/lib/python3.12/site-packages/airflow/example_dags/example_trigger_controller_dag.py for tasks to queue
[2026-05-19T17:39:50.122+0000] {logging_mixin.py:188} INFO - [2026-05-19T17:39:50.121+0000] {dagbag.py:545} INFO - Filling up the DagBag from /home/airflow/.local/lib/python3.12/site-packages/airflow/example_dags/example_trigger_controller_dag.py
[2026-05-19T17:39:50.126+0000] {processor.py:840} INFO - DAG(s) 'example_trigger_controller_dag' retrieved from /home/airflow/.local/lib/python3.12/site-packages/airflow/example_dags/example_trigger_controller_dag.py
[2026-05-19T17:39:50.141+0000] {logging_mixin.py:188} INFO - [2026-05-19T17:39:50.141+0000] {dag.py:3096} INFO - Sync 1 DAGs
[2026-05-19T17:39:50.157+0000] {logging_mixin.py:188} INFO - [2026-05-19T17:39:50.157+0000] {dag.py:3954} INFO - Setting next_dagrun for example_trigger_controller_dag to 2021-01-01 00:00:00+00:00, run_after=2021-01-01 00:00:00+00:00
[2026-05-19T17:39:50.173+0000] {processor.py:183} INFO - Processing /home/airflow/.local/lib/python3.12/site-packages/airflow/example_dags/example_trigger_controller_dag.py took 0.059 seconds
[2026-05-19T17:40:20.391+0000] {processor.py:161} INFO - Started process (PID=6564) to work on /home/airflow/.local/lib/python3.12/site-packages/airflow/example_dags/example_trigger_controller_dag.py
[2026-05-19T17:40:20.392+0000] {processor.py:830} INFO - Processing file /home/airflow/.local/lib/python3.12/site-packages/airflow/example_dags/example_trigger_controller_dag.py for tasks to queue
[2026-05-19T17:40:20.395+0000] {logging_mixin.py:188} INFO - [2026-05-19T17:40:20.394+0000] {dagbag.py:545} INFO - Filling up the DagBag from /home/airflow/.local/lib/python3.12/site-packages/airflow/example_dags/example_trigger_controller_dag.py
[2026-05-19T17:40:20.400+0000] {processor.py:840} INFO - DAG(s) 'example_trigger_controller_dag' retrieved from /home/airflow/.local/lib/python3.12/site-packages/airflow/example_dags/example_trigger_controller_dag.py
[2026-05-19T17:40:20.421+0000] {logging_mixin.py:188} INFO - [2026-05-19T17:40:20.421+0000] {dag.py:3096} INFO - Sync 1 DAGs
[2026-05-19T17:40:20.440+0000] {logging_mixin.py:188} INFO - [2026-05-19T17:40:20.440+0000] {dag.py:3954} INFO - Setting next_dagrun for example_trigger_controller_dag to 2021-01-01 00:00:00+00:00, run_after=2021-01-01 00:00:00+00:00
[2026-05-19T17:40:20.457+0000] {processor.py:183} INFO - Processing /home/airflow/.local/lib/python3.12/site-packages/airflow/example_dags/example_trigger_controller_dag.py took 0.071 seconds
[2026-05-19T17:40:50.755+0000] {processor.py:161} INFO - Started process (PID=6623) to work on /home/airflow/.local/lib/python3.12/site-packages/airflow/example_dags/example_trigger_controller_dag.py
[2026-05-19T17:40:50.756+0000] {processor.py:830} INFO - Processing file /home/airflow/.local/lib/python3.12/site-packages/airflow/example_dags/example_trigger_controller_dag.py for tasks to queue
[2026-05-19T17:40:50.758+0000] {logging_mixin.py:188} INFO - [2026-05-19T17:40:50.757+0000] {dagbag.py:545} INFO - Filling up the DagBag from /home/airflow/.local/lib/python3.12/site-packages/airflow/example_dags/example_trigger_controller_dag.py
[2026-05-19T17:40:50.762+0000] {processor.py:840} INFO - DAG(s) 'example_trigger_controller_dag' retrieved from /home/airflow/.local/lib/python3.12/site-packages/airflow/example_dags/example_trigger_controller_dag.py
[2026-05-19T17:40:50.782+0000] {logging_mixin.py:188} INFO - [2026-05-19T17:40:50.782+0000] {dag.py:3096} INFO - Sync 1 DAGs
[2026-05-19T17:40:50.807+0000] {logging_mixin.py:188} INFO - [2026-05-19T17:40:50.807+0000] {dag.py:3954} INFO - Setting next_dagrun for example_trigger_controller_dag to 2021-01-01 00:00:00+00:00, run_after=2021-01-01 00:00:00+00:00
[2026-05-19T17:40:50.826+0000] {processor.py:183} INFO - Processing /home/airflow/.local/lib/python3.12/site-packages/airflow/example_dags/example_trigger_controller_dag.py took 0.078 seconds
[2026-05-19T17:41:21.110+0000] {processor.py:161} INFO - Started process (PID=6682) to work on /home/airflow/.local/lib/python3.12/site-packages/airflow/example_dags/example_trigger_controller_dag.py
[2026-05-19T17:41:21.111+0000] {processor.py:830} INFO - Processing file /home/airflow/.local/lib/python3.12/site-packages/airflow/example_dags/example_trigger_controller_dag.py for tasks to queue
[2026-05-19T17:41:21.113+0000] {logging_mixin.py:188} INFO - [2026-05-19T17:41:21.113+0000] {dagbag.py:545} INFO - Filling up the DagBag from /home/airflow/.local/lib/python3.12/site-packages/airflow/example_dags/example_trigger_controller_dag.py
[2026-05-19T17:41:21.119+0000] {processor.py:840} INFO - DAG(s) 'example_trigger_controller_dag' retrieved from /home/airflow/.local/lib/python3.12/site-packages/airflow/example_dags/example_trigger_controller_dag.py
[2026-05-19T17:41:21.138+0000] {logging_mixin.py:188} INFO - [2026-05-19T17:41:21.138+0000] {dag.py:3096} INFO - Sync 1 DAGs
[2026-05-19T17:41:21.154+0000] {logging_mixin.py:188} INFO - [2026-05-19T17:41:21.154+0000] {dag.py:3954} INFO - Setting next_dagrun for example_trigger_controller_dag to 2021-01-01 00:00:00+00:00, run_after=2021-01-01 00:00:00+00:00
[2026-05-19T17:41:21.169+0000] {processor.py:183} INFO - Processing /home/airflow/.local/lib/python3.12/site-packages/airflow/example_dags/example_trigger_controller_dag.py took 0.067 seconds
[2026-05-19T17:41:52.013+0000] {processor.py:161} INFO - Started process (PID=6741) to work on /home/airflow/.local/lib/python3.12/site-packages/airflow/example_dags/example_trigger_controller_dag.py
[2026-05-19T17:41:52.018+0000] {processor.py:830} INFO - Processing file /home/airflow/.local/lib/python3.12/site-packages/airflow/example_dags/example_trigger_controller_dag.py for tasks to queue
[2026-05-19T17:41:52.020+0000] {logging_mixin.py:188} INFO - [2026-05-19T17:41:52.020+0000] {dagbag.py:545} INFO - Filling up the DagBag from /home/airflow/.local/lib/python3.12/site-packages/airflow/example_dags/example_trigger_controller_dag.py
[2026-05-19T17:41:52.025+0000] {processor.py:840} INFO - DAG(s) 'example_trigger_controller_dag' retrieved from /home/airflow/.local/lib/python3.12/site-packages/airflow/example_dags/example_trigger_controller_dag.py
[2026-05-19T17:41:52.042+0000] {logging_mixin.py:188} INFO - [2026-05-19T17:41:52.042+0000] {dag.py:3096} INFO - Sync 1 DAGs
[2026-05-19T17:41:52.059+0000] {logging_mixin.py:188} INFO - [2026-05-19T17:41:52.059+0000] {dag.py:3954} INFO - Setting next_dagrun for example_trigger_controller_dag to 2021-01-01 00:00:00+00:00, run_after=2021-01-01 00:00:00+00:00
[2026-05-19T17:41:52.074+0000] {processor.py:183} INFO - Processing /home/airflow/.local/lib/python3.12/site-packages/airflow/example_dags/example_trigger_controller_dag.py took 0.067 seconds
[2026-05-19T17:42:22.211+0000] {processor.py:161} INFO - Started process (PID=6800) to work on /home/airflow/.local/lib/python3.12/site-packages/airflow/example_dags/example_trigger_controller_dag.py
[2026-05-19T17:42:22.212+0000] {processor.py:830} INFO - Processing file /home/airflow/.local/lib/python3.12/site-packages/airflow/example_dags/example_trigger_controller_dag.py for tasks to queue
[2026-05-19T17:42:22.214+0000] {logging_mixin.py:188} INFO - [2026-05-19T17:42:22.213+0000] {dagbag.py:545} INFO - Filling up the DagBag from /home/airflow/.local/lib/python3.12/site-packages/airflow/example_dags/example_trigger_controller_dag.py
[2026-05-19T17:42:22.218+0000] {processor.py:840} INFO - DAG(s) 'example_trigger_controller_dag' retrieved from /home/airflow/.local/lib/python3.12/site-packages/airflow/example_dags/example_trigger_controller_dag.py
[2026-05-19T17:42:22.235+0000] {logging_mixin.py:188} INFO - [2026-05-19T17:42:22.235+0000] {dag.py:3096} INFO - Sync 1 DAGs
[2026-05-19T17:42:22.254+0000] {logging_mixin.py:188} INFO - [2026-05-19T17:42:22.254+0000] {dag.py:3954} INFO - Setting next_dagrun for example_trigger_controller_dag to 2021-01-01 00:00:00+00:00, run_after=2021-01-01 00:00:00+00:00
[2026-05-19T17:42:22.271+0000] {processor.py:183} INFO - Processing /home/airflow/.local/lib/python3.12/site-packages/airflow/example_dags/example_trigger_controller_dag.py took 0.065 seconds
[2026-05-19T17:42:52.542+0000] {processor.py:161} INFO - Started process (PID=6859) to work on /home/airflow/.local/lib/python3.12/site-packages/airflow/example_dags/example_trigger_controller_dag.py
[2026-05-19T17:42:52.543+0000] {processor.py:830} INFO - Processing file /home/airflow/.local/lib/python3.12/site-packages/airflow/example_dags/example_trigger_controller_dag.py for tasks to queue
[2026-05-19T17:42:52.545+0000] {logging_mixin.py:188} INFO - [2026-05-19T17:42:52.545+0000] {dagbag.py:545} INFO - Filling up the DagBag from /home/airflow/.local/lib/python3.12/site-packages/airflow/example_dags/example_trigger_controller_dag.py
[2026-05-19T17:42:52.550+0000] {processor.py:840} INFO - DAG(s) 'example_trigger_controller_dag' retrieved from /home/airflow/.local/lib/python3.12/site-packages/airflow/example_dags/example_trigger_controller_dag.py
[2026-05-19T17:42:52.569+0000] {logging_mixin.py:188} INFO - [2026-05-19T17:42:52.569+0000] {dag.py:3096} INFO - Sync 1 DAGs
[2026-05-19T17:42:52.589+0000] {logging_mixin.py:188} INFO - [2026-05-19T17:42:52.589+0000] {dag.py:3954} INFO - Setting next_dagrun for example_trigger_controller_dag to 2021-01-01 00:00:00+00:00, run_after=2021-01-01 00:00:00+00:00
[2026-05-19T17:42:52.609+0000] {processor.py:183} INFO - Processing /home/airflow/.local/lib/python3.12/site-packages/airflow/example_dags/example_trigger_controller_dag.py took 0.073 seconds
[2026-05-19T17:43:23.466+0000] {processor.py:161} INFO - Started process (PID=6918) to work on /home/airflow/.local/lib/python3.12/site-packages/airflow/example_dags/example_trigger_controller_dag.py
[2026-05-19T17:43:23.467+0000] {processor.py:830} INFO - Processing file /home/airflow/.local/lib/python3.12/site-packages/airflow/example_dags/example_trigger_controller_dag.py for tasks to queue
[2026-05-19T17:43:23.470+0000] {logging_mixin.py:188} INFO - [2026-05-19T17:43:23.469+0000] {dagbag.py:545} INFO - Filling up the DagBag from /home/airflow/.local/lib/python3.12/site-packages/airflow/example_dags/example_trigger_controller_dag.py
[2026-05-19T17:43:23.478+0000] {processor.py:840} INFO - DAG(s) 'example_trigger_controller_dag' retrieved from /home/airflow/.local/lib/python3.12/site-packages/airflow/example_dags/example_trigger_controller_dag.py
[2026-05-19T17:43:23.502+0000] {logging_mixin.py:188} INFO - [2026-05-19T17:43:23.502+0000] {dag.py:3096} INFO - Sync 1 DAGs
[2026-05-19T17:43:23.527+0000] {logging_mixin.py:188} INFO - [2026-05-19T17:43:23.526+0000] {dag.py:3954} INFO - Setting next_dagrun for example_trigger_controller_dag to 2021-01-01 00:00:00+00:00, run_after=2021-01-01 00:00:00+00:00
[2026-05-19T17:43:23.553+0000] {processor.py:183} INFO - Processing /home/airflow/.local/lib/python3.12/site-packages/airflow/example_dags/example_trigger_controller_dag.py took 0.096 seconds
[2026-05-19T17:43:53.656+0000] {processor.py:161} INFO - Started process (PID=6977) to work on /home/airflow/.local/lib/python3.12/site-packages/airflow/example_dags/example_trigger_controller_dag.py
[2026-05-19T17:43:53.657+0000] {processor.py:830} INFO - Processing file /home/airflow/.local/lib/python3.12/site-packages/airflow/example_dags/example_trigger_controller_dag.py for tasks to queue
[2026-05-19T17:43:53.659+0000] {logging_mixin.py:188} INFO - [2026-05-19T17:43:53.659+0000] {dagbag.py:545} INFO - Filling up the DagBag from /home/airflow/.local/lib/python3.12/site-packages/airflow/example_dags/example_trigger_controller_dag.py
[2026-05-19T17:43:53.667+0000] {processor.py:840} INFO - DAG(s) 'example_trigger_controller_dag' retrieved from /home/airflow/.local/lib/python3.12/site-packages/airflow/example_dags/example_trigger_controller_dag.py
[2026-05-19T17:43:53.688+0000] {logging_mixin.py:188} INFO - [2026-05-19T17:43:53.687+0000] {dag.py:3096} INFO - Sync 1 DAGs
[2026-05-19T17:43:53.710+0000] {logging_mixin.py:188} INFO - [2026-05-19T17:43:53.710+0000] {dag.py:3954} INFO - Setting next_dagrun for example_trigger_controller_dag to 2021-01-01 00:00:00+00:00, run_after=2021-01-01 00:00:00+00:00
[2026-05-19T17:43:53.737+0000] {processor.py:183} INFO - Processing /home/airflow/.local/lib/python3.12/site-packages/airflow/example_dags/example_trigger_controller_dag.py took 0.087 seconds
[2026-05-19T17:44:24.291+0000] {processor.py:161} INFO - Started process (PID=7036) to work on /home/airflow/.local/lib/python3.12/site-packages/airflow/example_dags/example_trigger_controller_dag.py
[2026-05-19T17:44:24.293+0000] {processor.py:830} INFO - Processing file /home/airflow/.local/lib/python3.12/site-packages/airflow/example_dags/example_trigger_controller_dag.py for tasks to queue
[2026-05-19T17:44:24.296+0000] {logging_mixin.py:188} INFO - [2026-05-19T17:44:24.296+0000] {dagbag.py:545} INFO - Filling up the DagBag from /home/airflow/.local/lib/python3.12/site-packages/airflow/example_dags/example_trigger_controller_dag.py
[2026-05-19T17:44:24.302+0000] {processor.py:840} INFO - DAG(s) 'example_trigger_controller_dag' retrieved from /home/airflow/.local/lib/python3.12/site-packages/airflow/example_dags/example_trigger_controller_dag.py
[2026-05-19T17:44:24.330+0000] {logging_mixin.py:188} INFO - [2026-05-19T17:44:24.329+0000] {dag.py:3096} INFO - Sync 1 DAGs
[2026-05-19T17:44:24.364+0000] {logging_mixin.py:188} INFO - [2026-05-19T17:44:24.364+0000] {dag.py:3954} INFO - Setting next_dagrun for example_trigger_controller_dag to 2021-01-01 00:00:00+00:00, run_after=2021-01-01 00:00:00+00:00
[2026-05-19T17:44:24.397+0000] {processor.py:183} INFO - Processing /home/airflow/.local/lib/python3.12/site-packages/airflow/example_dags/example_trigger_controller_dag.py took 0.115 seconds
[2026-05-19T17:44:54.785+0000] {processor.py:161} INFO - Started process (PID=7095) to work on /home/airflow/.local/lib/python3.12/site-packages/airflow/example_dags/example_trigger_controller_dag.py
[2026-05-19T17:44:54.786+0000] {processor.py:830} INFO - Processing file /home/airflow/.local/lib/python3.12/site-packages/airflow/example_dags/example_trigger_controller_dag.py for tasks to queue
[2026-05-19T17:44:54.788+0000] {logging_mixin.py:188} INFO - [2026-05-19T17:44:54.787+0000] {dagbag.py:545} INFO - Filling up the DagBag from /home/airflow/.local/lib/python3.12/site-packages/airflow/example_dags/example_trigger_controller_dag.py
[2026-05-19T17:44:54.793+0000] {processor.py:840} INFO - DAG(s) 'example_trigger_controller_dag' retrieved from /home/airflow/.local/lib/python3.12/site-packages/airflow/example_dags/example_trigger_controller_dag.py
[2026-05-19T17:44:54.811+0000] {logging_mixin.py:188} INFO - [2026-05-19T17:44:54.811+0000] {dag.py:3096} INFO - Sync 1 DAGs
[2026-05-19T17:44:54.828+0000] {logging_mixin.py:188} INFO - [2026-05-19T17:44:54.827+0000] {dag.py:3954} INFO - Setting next_dagrun for example_trigger_controller_dag to 2021-01-01 00:00:00+00:00, run_after=2021-01-01 00:00:00+00:00
[2026-05-19T17:44:54.842+0000] {processor.py:183} INFO - Processing /home/airflow/.local/lib/python3.12/site-packages/airflow/example_dags/example_trigger_controller_dag.py took 0.063 seconds
[2026-05-19T17:45:25.054+0000] {processor.py:161} INFO - Started process (PID=7154) to work on /home/airflow/.local/lib/python3.12/site-packages/airflow/example_dags/example_trigger_controller_dag.py
[2026-05-19T17:45:25.056+0000] {processor.py:830} INFO - Processing file /home/airflow/.local/lib/python3.12/site-packages/airflow/example_dags/example_trigger_controller_dag.py for tasks to queue
[2026-05-19T17:45:25.060+0000] {logging_mixin.py:188} INFO - [2026-05-19T17:45:25.059+0000] {dagbag.py:545} INFO - Filling up the DagBag from /home/airflow/.local/lib/python3.12/site-packages/airflow/example_dags/example_trigger_controller_dag.py
[2026-05-19T17:45:25.073+0000] {processor.py:840} INFO - DAG(s) 'example_trigger_controller_dag' retrieved from /home/airflow/.local/lib/python3.12/site-packages/airflow/example_dags/example_trigger_controller_dag.py
[2026-05-19T17:45:25.105+0000] {logging_mixin.py:188} INFO - [2026-05-19T17:45:25.105+0000] {dag.py:3096} INFO - Sync 1 DAGs
[2026-05-19T17:45:25.139+0000] {logging_mixin.py:188} INFO - [2026-05-19T17:45:25.138+0000] {dag.py:3954} INFO - Setting next_dagrun for example_trigger_controller_dag to 2021-01-01 00:00:00+00:00, run_after=2021-01-01 00:00:00+00:00
[2026-05-19T17:45:25.176+0000] {processor.py:183} INFO - Processing /home/airflow/.local/lib/python3.12/site-packages/airflow/example_dags/example_trigger_controller_dag.py took 0.130 seconds
[2026-05-19T17:45:55.475+0000] {processor.py:161} INFO - Started process (PID=7213) to work on /home/airflow/.local/lib/python3.12/site-packages/airflow/example_dags/example_trigger_controller_dag.py
[2026-05-19T17:45:55.476+0000] {processor.py:830} INFO - Processing file /home/airflow/.local/lib/python3.12/site-packages/airflow/example_dags/example_trigger_controller_dag.py for tasks to queue
[2026-05-19T17:45:55.481+0000] {logging_mixin.py:188} INFO - [2026-05-19T17:45:55.481+0000] {dagbag.py:545} INFO - Filling up the DagBag from /home/airflow/.local/lib/python3.12/site-packages/airflow/example_dags/example_trigger_controller_dag.py
[2026-05-19T17:45:55.488+0000] {processor.py:840} INFO - DAG(s) 'example_trigger_controller_dag' retrieved from /home/airflow/.local/lib/python3.12/site-packages/airflow/example_dags/example_trigger_controller_dag.py
[2026-05-19T17:45:55.521+0000] {logging_mixin.py:188} INFO - [2026-05-19T17:45:55.520+0000] {dag.py:3096} INFO - Sync 1 DAGs
[2026-05-19T17:45:55.548+0000] {logging_mixin.py:188} INFO - [2026-05-19T17:45:55.547+0000] {dag.py:3954} INFO - Setting next_dagrun for example_trigger_controller_dag to 2021-01-01 00:00:00+00:00, run_after=2021-01-01 00:00:00+00:00
[2026-05-19T17:45:55.573+0000] {processor.py:183} INFO - Processing /home/airflow/.local/lib/python3.12/site-packages/airflow/example_dags/example_trigger_controller_dag.py took 0.108 seconds
[2026-05-19T17:47:23.146+0000] {processor.py:161} INFO - Started process (PID=111) to work on /home/airflow/.local/lib/python3.12/site-packages/airflow/example_dags/example_trigger_controller_dag.py
[2026-05-19T17:47:23.148+0000] {processor.py:830} INFO - Processing file /home/airflow/.local/lib/python3.12/site-packages/airflow/example_dags/example_trigger_controller_dag.py for tasks to queue
[2026-05-19T17:47:23.151+0000] {logging_mixin.py:188} INFO - [2026-05-19T17:47:23.151+0000] {dagbag.py:545} INFO - Filling up the DagBag from /home/airflow/.local/lib/python3.12/site-packages/airflow/example_dags/example_trigger_controller_dag.py
[2026-05-19T17:47:23.161+0000] {processor.py:840} INFO - DAG(s) 'example_trigger_controller_dag' retrieved from /home/airflow/.local/lib/python3.12/site-packages/airflow/example_dags/example_trigger_controller_dag.py
[2026-05-19T17:47:23.323+0000] {logging_mixin.py:188} INFO - [2026-05-19T17:47:23.323+0000] {dag.py:3096} INFO - Sync 1 DAGs
[2026-05-19T17:47:23.356+0000] {logging_mixin.py:188} INFO - [2026-05-19T17:47:23.355+0000] {dag.py:3954} INFO - Setting next_dagrun for example_trigger_controller_dag to 2021-01-01 00:00:00+00:00, run_after=2021-01-01 00:00:00+00:00
[2026-05-19T17:47:23.397+0000] {processor.py:183} INFO - Processing /home/airflow/.local/lib/python3.12/site-packages/airflow/example_dags/example_trigger_controller_dag.py took 0.260 seconds
[2026-05-19T17:47:53.912+0000] {processor.py:161} INFO - Started process (PID=169) to work on /home/airflow/.local/lib/python3.12/site-packages/airflow/example_dags/example_trigger_controller_dag.py
[2026-05-19T17:47:53.913+0000] {processor.py:830} INFO - Processing file /home/airflow/.local/lib/python3.12/site-packages/airflow/example_dags/example_trigger_controller_dag.py for tasks to queue
[2026-05-19T17:47:53.915+0000] {logging_mixin.py:188} INFO - [2026-05-19T17:47:53.914+0000] {dagbag.py:545} INFO - Filling up the DagBag from /home/airflow/.local/lib/python3.12/site-packages/airflow/example_dags/example_trigger_controller_dag.py
[2026-05-19T17:47:53.919+0000] {processor.py:840} INFO - DAG(s) 'example_trigger_controller_dag' retrieved from /home/airflow/.local/lib/python3.12/site-packages/airflow/example_dags/example_trigger_controller_dag.py
[2026-05-19T17:47:53.937+0000] {logging_mixin.py:188} INFO - [2026-05-19T17:47:53.937+0000] {dag.py:3096} INFO - Sync 1 DAGs
[2026-05-19T17:47:53.957+0000] {logging_mixin.py:188} INFO - [2026-05-19T17:47:53.957+0000] {dag.py:3954} INFO - Setting next_dagrun for example_trigger_controller_dag to 2021-01-01 00:00:00+00:00, run_after=2021-01-01 00:00:00+00:00
[2026-05-19T17:47:53.979+0000] {processor.py:183} INFO - Processing /home/airflow/.local/lib/python3.12/site-packages/airflow/example_dags/example_trigger_controller_dag.py took 0.073 seconds
[2026-05-19T17:48:24.258+0000] {processor.py:161} INFO - Started process (PID=227) to work on /home/airflow/.local/lib/python3.12/site-packages/airflow/example_dags/example_trigger_controller_dag.py
[2026-05-19T17:48:24.259+0000] {processor.py:830} INFO - Processing file /home/airflow/.local/lib/python3.12/site-packages/airflow/example_dags/example_trigger_controller_dag.py for tasks to queue
[2026-05-19T17:48:24.261+0000] {logging_mixin.py:188} INFO - [2026-05-19T17:48:24.261+0000] {dagbag.py:545} INFO - Filling up the DagBag from /home/airflow/.local/lib/python3.12/site-packages/airflow/example_dags/example_trigger_controller_dag.py
[2026-05-19T17:48:24.267+0000] {processor.py:840} INFO - DAG(s) 'example_trigger_controller_dag' retrieved from /home/airflow/.local/lib/python3.12/site-packages/airflow/example_dags/example_trigger_controller_dag.py
[2026-05-19T17:48:24.288+0000] {logging_mixin.py:188} INFO - [2026-05-19T17:48:24.288+0000] {dag.py:3096} INFO - Sync 1 DAGs
[2026-05-19T17:48:24.307+0000] {logging_mixin.py:188} INFO - [2026-05-19T17:48:24.306+0000] {dag.py:3954} INFO - Setting next_dagrun for example_trigger_controller_dag to 2021-01-01 00:00:00+00:00, run_after=2021-01-01 00:00:00+00:00
[2026-05-19T17:48:24.323+0000] {processor.py:183} INFO - Processing /home/airflow/.local/lib/python3.12/site-packages/airflow/example_dags/example_trigger_controller_dag.py took 0.071 seconds
[2026-05-19T17:48:54.689+0000] {processor.py:161} INFO - Started process (PID=286) to work on /home/airflow/.local/lib/python3.12/site-packages/airflow/example_dags/example_trigger_controller_dag.py
[2026-05-19T17:48:54.690+0000] {processor.py:830} INFO - Processing file /home/airflow/.local/lib/python3.12/site-packages/airflow/example_dags/example_trigger_controller_dag.py for tasks to queue
[2026-05-19T17:48:54.692+0000] {logging_mixin.py:188} INFO - [2026-05-19T17:48:54.691+0000] {dagbag.py:545} INFO - Filling up the DagBag from /home/airflow/.local/lib/python3.12/site-packages/airflow/example_dags/example_trigger_controller_dag.py
[2026-05-19T17:48:54.696+0000] {processor.py:840} INFO - DAG(s) 'example_trigger_controller_dag' retrieved from /home/airflow/.local/lib/python3.12/site-packages/airflow/example_dags/example_trigger_controller_dag.py
[2026-05-19T17:48:54.716+0000] {logging_mixin.py:188} INFO - [2026-05-19T17:48:54.716+0000] {dag.py:3096} INFO - Sync 1 DAGs
[2026-05-19T17:48:54.736+0000] {logging_mixin.py:188} INFO - [2026-05-19T17:48:54.735+0000] {dag.py:3954} INFO - Setting next_dagrun for example_trigger_controller_dag to 2021-01-01 00:00:00+00:00, run_after=2021-01-01 00:00:00+00:00
[2026-05-19T17:48:54.756+0000] {processor.py:183} INFO - Processing /home/airflow/.local/lib/python3.12/site-packages/airflow/example_dags/example_trigger_controller_dag.py took 0.074 seconds
[2026-05-19T17:49:25.186+0000] {processor.py:161} INFO - Started process (PID=344) to work on /home/airflow/.local/lib/python3.12/site-packages/airflow/example_dags/example_trigger_controller_dag.py
[2026-05-19T17:49:25.188+0000] {processor.py:830} INFO - Processing file /home/airflow/.local/lib/python3.12/site-packages/airflow/example_dags/example_trigger_controller_dag.py for tasks to queue
[2026-05-19T17:49:25.190+0000] {logging_mixin.py:188} INFO - [2026-05-19T17:49:25.189+0000] {dagbag.py:545} INFO - Filling up the DagBag from /home/airflow/.local/lib/python3.12/site-packages/airflow/example_dags/example_trigger_controller_dag.py
[2026-05-19T17:49:25.196+0000] {processor.py:840} INFO - DAG(s) 'example_trigger_controller_dag' retrieved from /home/airflow/.local/lib/python3.12/site-packages/airflow/example_dags/example_trigger_controller_dag.py
[2026-05-19T17:49:25.218+0000] {logging_mixin.py:188} INFO - [2026-05-19T17:49:25.218+0000] {dag.py:3096} INFO - Sync 1 DAGs
[2026-05-19T17:49:25.241+0000] {logging_mixin.py:188} INFO - [2026-05-19T17:49:25.241+0000] {dag.py:3954} INFO - Setting next_dagrun for example_trigger_controller_dag to 2021-01-01 00:00:00+00:00, run_after=2021-01-01 00:00:00+00:00
[2026-05-19T17:49:25.257+0000] {processor.py:183} INFO - Processing /home/airflow/.local/lib/python3.12/site-packages/airflow/example_dags/example_trigger_controller_dag.py took 0.077 seconds
[2026-05-19T17:49:56.142+0000] {processor.py:161} INFO - Started process (PID=402) to work on /home/airflow/.local/lib/python3.12/site-packages/airflow/example_dags/example_trigger_controller_dag.py
[2026-05-19T17:49:56.143+0000] {processor.py:830} INFO - Processing file /home/airflow/.local/lib/python3.12/site-packages/airflow/example_dags/example_trigger_controller_dag.py for tasks to queue
[2026-05-19T17:49:56.148+0000] {logging_mixin.py:188} INFO - [2026-05-19T17:49:56.147+0000] {dagbag.py:545} INFO - Filling up the DagBag from /home/airflow/.local/lib/python3.12/site-packages/airflow/example_dags/example_trigger_controller_dag.py
[2026-05-19T17:49:56.164+0000] {processor.py:840} INFO - DAG(s) 'example_trigger_controller_dag' retrieved from /home/airflow/.local/lib/python3.12/site-packages/airflow/example_dags/example_trigger_controller_dag.py
[2026-05-19T17:49:56.204+0000] {logging_mixin.py:188} INFO - [2026-05-19T17:49:56.203+0000] {dag.py:3096} INFO - Sync 1 DAGs
[2026-05-19T17:49:56.241+0000] {logging_mixin.py:188} INFO - [2026-05-19T17:49:56.241+0000] {dag.py:3954} INFO - Setting next_dagrun for example_trigger_controller_dag to 2021-01-01 00:00:00+00:00, run_after=2021-01-01 00:00:00+00:00
[2026-05-19T17:49:56.310+0000] {processor.py:183} INFO - Processing /home/airflow/.local/lib/python3.12/site-packages/airflow/example_dags/example_trigger_controller_dag.py took 0.177 seconds
[2026-05-19T17:50:26.574+0000] {processor.py:161} INFO - Started process (PID=461) to work on /home/airflow/.local/lib/python3.12/site-packages/airflow/example_dags/example_trigger_controller_dag.py
[2026-05-19T17:50:26.575+0000] {processor.py:830} INFO - Processing file /home/airflow/.local/lib/python3.12/site-packages/airflow/example_dags/example_trigger_controller_dag.py for tasks to queue
[2026-05-19T17:50:26.578+0000] {logging_mixin.py:188} INFO - [2026-05-19T17:50:26.577+0000] {dagbag.py:545} INFO - Filling up the DagBag from /home/airflow/.local/lib/python3.12/site-packages/airflow/example_dags/example_trigger_controller_dag.py
[2026-05-19T17:50:26.584+0000] {processor.py:840} INFO - DAG(s) 'example_trigger_controller_dag' retrieved from /home/airflow/.local/lib/python3.12/site-packages/airflow/example_dags/example_trigger_controller_dag.py
[2026-05-19T17:50:26.606+0000] {logging_mixin.py:188} INFO - [2026-05-19T17:50:26.606+0000] {dag.py:3096} INFO - Sync 1 DAGs
[2026-05-19T17:50:26.627+0000] {logging_mixin.py:188} INFO - [2026-05-19T17:50:26.626+0000] {dag.py:3954} INFO - Setting next_dagrun for example_trigger_controller_dag to 2021-01-01 00:00:00+00:00, run_after=2021-01-01 00:00:00+00:00
[2026-05-19T17:50:26.650+0000] {processor.py:183} INFO - Processing /home/airflow/.local/lib/python3.12/site-packages/airflow/example_dags/example_trigger_controller_dag.py took 0.081 seconds
[2026-05-19T17:50:56.845+0000] {processor.py:161} INFO - Started process (PID=519) to work on /home/airflow/.local/lib/python3.12/site-packages/airflow/example_dags/example_trigger_controller_dag.py
[2026-05-19T17:50:56.847+0000] {processor.py:830} INFO - Processing file /home/airflow/.local/lib/python3.12/site-packages/airflow/example_dags/example_trigger_controller_dag.py for tasks to queue
[2026-05-19T17:50:56.850+0000] {logging_mixin.py:188} INFO - [2026-05-19T17:50:56.849+0000] {dagbag.py:545} INFO - Filling up the DagBag from /home/airflow/.local/lib/python3.12/site-packages/airflow/example_dags/example_trigger_controller_dag.py
[2026-05-19T17:50:56.859+0000] {processor.py:840} INFO - DAG(s) 'example_trigger_controller_dag' retrieved from /home/airflow/.local/lib/python3.12/site-packages/airflow/example_dags/example_trigger_controller_dag.py
[2026-05-19T17:50:56.892+0000] {logging_mixin.py:188} INFO - [2026-05-19T17:50:56.891+0000] {dag.py:3096} INFO - Sync 1 DAGs
[2026-05-19T17:50:56.921+0000] {logging_mixin.py:188} INFO - [2026-05-19T17:50:56.921+0000] {dag.py:3954} INFO - Setting next_dagrun for example_trigger_controller_dag to 2021-01-01 00:00:00+00:00, run_after=2021-01-01 00:00:00+00:00
[2026-05-19T17:50:56.950+0000] {processor.py:183} INFO - Processing /home/airflow/.local/lib/python3.12/site-packages/airflow/example_dags/example_trigger_controller_dag.py took 0.112 seconds
[2026-05-19T17:51:27.601+0000] {processor.py:161} INFO - Started process (PID=577) to work on /home/airflow/.local/lib/python3.12/site-packages/airflow/example_dags/example_trigger_controller_dag.py
[2026-05-19T17:51:27.602+0000] {processor.py:830} INFO - Processing file /home/airflow/.local/lib/python3.12/site-packages/airflow/example_dags/example_trigger_controller_dag.py for tasks to queue
[2026-05-19T17:51:27.605+0000] {logging_mixin.py:188} INFO - [2026-05-19T17:51:27.604+0000] {dagbag.py:545} INFO - Filling up the DagBag from /home/airflow/.local/lib/python3.12/site-packages/airflow/example_dags/example_trigger_controller_dag.py
[2026-05-19T17:51:27.610+0000] {processor.py:840} INFO - DAG(s) 'example_trigger_controller_dag' retrieved from /home/airflow/.local/lib/python3.12/site-packages/airflow/example_dags/example_trigger_controller_dag.py
[2026-05-19T17:51:27.630+0000] {logging_mixin.py:188} INFO - [2026-05-19T17:51:27.629+0000] {dag.py:3096} INFO - Sync 1 DAGs
[2026-05-19T17:51:27.647+0000] {logging_mixin.py:188} INFO - [2026-05-19T17:51:27.646+0000] {dag.py:3954} INFO - Setting next_dagrun for example_trigger_controller_dag to 2021-01-01 00:00:00+00:00, run_after=2021-01-01 00:00:00+00:00
[2026-05-19T17:51:27.663+0000] {processor.py:183} INFO - Processing /home/airflow/.local/lib/python3.12/site-packages/airflow/example_dags/example_trigger_controller_dag.py took 0.067 seconds
[2026-05-19T17:51:58.457+0000] {processor.py:161} INFO - Started process (PID=635) to work on /home/airflow/.local/lib/python3.12/site-packages/airflow/example_dags/example_trigger_controller_dag.py
[2026-05-19T17:51:58.462+0000] {processor.py:830} INFO - Processing file /home/airflow/.local/lib/python3.12/site-packages/airflow/example_dags/example_trigger_controller_dag.py for tasks to queue
[2026-05-19T17:51:58.465+0000] {logging_mixin.py:188} INFO - [2026-05-19T17:51:58.464+0000] {dagbag.py:545} INFO - Filling up the DagBag from /home/airflow/.local/lib/python3.12/site-packages/airflow/example_dags/example_trigger_controller_dag.py
[2026-05-19T17:51:58.471+0000] {processor.py:840} INFO - DAG(s) 'example_trigger_controller_dag' retrieved from /home/airflow/.local/lib/python3.12/site-packages/airflow/example_dags/example_trigger_controller_dag.py
[2026-05-19T17:51:58.498+0000] {logging_mixin.py:188} INFO - [2026-05-19T17:51:58.498+0000] {dag.py:3096} INFO - Sync 1 DAGs
[2026-05-19T17:51:58.530+0000] {logging_mixin.py:188} INFO - [2026-05-19T17:51:58.530+0000] {dag.py:3954} INFO - Setting next_dagrun for example_trigger_controller_dag to 2021-01-01 00:00:00+00:00, run_after=2021-01-01 00:00:00+00:00
[2026-05-19T17:51:58.554+0000] {processor.py:183} INFO - Processing /home/airflow/.local/lib/python3.12/site-packages/airflow/example_dags/example_trigger_controller_dag.py took 0.104 seconds
[2026-05-19T17:52:29.000+0000] {processor.py:161} INFO - Started process (PID=693) to work on /home/airflow/.local/lib/python3.12/site-packages/airflow/example_dags/example_trigger_controller_dag.py
[2026-05-19T17:52:29.001+0000] {processor.py:830} INFO - Processing file /home/airflow/.local/lib/python3.12/site-packages/airflow/example_dags/example_trigger_controller_dag.py for tasks to queue
[2026-05-19T17:52:29.002+0000] {logging_mixin.py:188} INFO - [2026-05-19T17:52:29.002+0000] {dagbag.py:545} INFO - Filling up the DagBag from /home/airflow/.local/lib/python3.12/site-packages/airflow/example_dags/example_trigger_controller_dag.py
[2026-05-19T17:52:29.007+0000] {processor.py:840} INFO - DAG(s) 'example_trigger_controller_dag' retrieved from /home/airflow/.local/lib/python3.12/site-packages/airflow/example_dags/example_trigger_controller_dag.py
[2026-05-19T17:52:29.028+0000] {logging_mixin.py:188} INFO - [2026-05-19T17:52:29.028+0000] {dag.py:3096} INFO - Sync 1 DAGs
[2026-05-19T17:52:29.049+0000] {logging_mixin.py:188} INFO - [2026-05-19T17:52:29.048+0000] {dag.py:3954} INFO - Setting next_dagrun for example_trigger_controller_dag to 2021-01-01 00:00:00+00:00, run_after=2021-01-01 00:00:00+00:00
[2026-05-19T17:52:29.070+0000] {processor.py:183} INFO - Processing /home/airflow/.local/lib/python3.12/site-packages/airflow/example_dags/example_trigger_controller_dag.py took 0.076 seconds
[2026-05-19T17:52:59.820+0000] {processor.py:161} INFO - Started process (PID=751) to work on /home/airflow/.local/lib/python3.12/site-packages/airflow/example_dags/example_trigger_controller_dag.py
[2026-05-19T17:52:59.821+0000] {processor.py:830} INFO - Processing file /home/airflow/.local/lib/python3.12/site-packages/airflow/example_dags/example_trigger_controller_dag.py for tasks to queue
[2026-05-19T17:52:59.824+0000] {logging_mixin.py:188} INFO - [2026-05-19T17:52:59.823+0000] {dagbag.py:545} INFO - Filling up the DagBag from /home/airflow/.local/lib/python3.12/site-packages/airflow/example_dags/example_trigger_controller_dag.py
[2026-05-19T17:52:59.830+0000] {processor.py:840} INFO - DAG(s) 'example_trigger_controller_dag' retrieved from /home/airflow/.local/lib/python3.12/site-packages/airflow/example_dags/example_trigger_controller_dag.py
[2026-05-19T17:52:59.854+0000] {logging_mixin.py:188} INFO - [2026-05-19T17:52:59.854+0000] {dag.py:3096} INFO - Sync 1 DAGs
[2026-05-19T17:52:59.874+0000] {logging_mixin.py:188} INFO - [2026-05-19T17:52:59.874+0000] {dag.py:3954} INFO - Setting next_dagrun for example_trigger_controller_dag to 2021-01-01 00:00:00+00:00, run_after=2021-01-01 00:00:00+00:00
[2026-05-19T17:52:59.896+0000] {processor.py:183} INFO - Processing /home/airflow/.local/lib/python3.12/site-packages/airflow/example_dags/example_trigger_controller_dag.py took 0.083 seconds
[2026-05-19T17:53:30.344+0000] {processor.py:161} INFO - Started process (PID=809) to work on /home/airflow/.local/lib/python3.12/site-packages/airflow/example_dags/example_trigger_controller_dag.py
[2026-05-19T17:53:30.346+0000] {processor.py:830} INFO - Processing file /home/airflow/.local/lib/python3.12/site-packages/airflow/example_dags/example_trigger_controller_dag.py for tasks to queue
[2026-05-19T17:53:30.349+0000] {logging_mixin.py:188} INFO - [2026-05-19T17:53:30.348+0000] {dagbag.py:545} INFO - Filling up the DagBag from /home/airflow/.local/lib/python3.12/site-packages/airflow/example_dags/example_trigger_controller_dag.py
[2026-05-19T17:53:30.356+0000] {processor.py:840} INFO - DAG(s) 'example_trigger_controller_dag' retrieved from /home/airflow/.local/lib/python3.12/site-packages/airflow/example_dags/example_trigger_controller_dag.py
[2026-05-19T17:53:30.392+0000] {logging_mixin.py:188} INFO - [2026-05-19T17:53:30.391+0000] {dag.py:3096} INFO - Sync 1 DAGs
[2026-05-19T17:53:30.436+0000] {logging_mixin.py:188} INFO - [2026-05-19T17:53:30.436+0000] {dag.py:3954} INFO - Setting next_dagrun for example_trigger_controller_dag to 2021-01-01 00:00:00+00:00, run_after=2021-01-01 00:00:00+00:00
[2026-05-19T17:53:30.483+0000] {processor.py:183} INFO - Processing /home/airflow/.local/lib/python3.12/site-packages/airflow/example_dags/example_trigger_controller_dag.py took 0.145 seconds
[2026-05-19T17:54:00.833+0000] {processor.py:161} INFO - Started process (PID=867) to work on /home/airflow/.local/lib/python3.12/site-packages/airflow/example_dags/example_trigger_controller_dag.py
[2026-05-19T17:54:00.835+0000] {processor.py:830} INFO - Processing file /home/airflow/.local/lib/python3.12/site-packages/airflow/example_dags/example_trigger_controller_dag.py for tasks to queue
[2026-05-19T17:54:00.838+0000] {logging_mixin.py:188} INFO - [2026-05-19T17:54:00.837+0000] {dagbag.py:545} INFO - Filling up the DagBag from /home/airflow/.local/lib/python3.12/site-packages/airflow/example_dags/example_trigger_controller_dag.py
[2026-05-19T17:54:00.848+0000] {processor.py:840} INFO - DAG(s) 'example_trigger_controller_dag' retrieved from /home/airflow/.local/lib/python3.12/site-packages/airflow/example_dags/example_trigger_controller_dag.py
[2026-05-19T17:54:00.893+0000] {logging_mixin.py:188} INFO - [2026-05-19T17:54:00.893+0000] {dag.py:3096} INFO - Sync 1 DAGs
[2026-05-19T17:54:00.931+0000] {logging_mixin.py:188} INFO - [2026-05-19T17:54:00.930+0000] {dag.py:3954} INFO - Setting next_dagrun for example_trigger_controller_dag to 2021-01-01 00:00:00+00:00, run_after=2021-01-01 00:00:00+00:00
[2026-05-19T17:54:00.969+0000] {processor.py:183} INFO - Processing /home/airflow/.local/lib/python3.12/site-packages/airflow/example_dags/example_trigger_controller_dag.py took 0.144 seconds
[2026-05-19T17:54:31.318+0000] {processor.py:161} INFO - Started process (PID=925) to work on /home/airflow/.local/lib/python3.12/site-packages/airflow/example_dags/example_trigger_controller_dag.py
[2026-05-19T17:54:31.319+0000] {processor.py:830} INFO - Processing file /home/airflow/.local/lib/python3.12/site-packages/airflow/example_dags/example_trigger_controller_dag.py for tasks to queue
[2026-05-19T17:54:31.321+0000] {logging_mixin.py:188} INFO - [2026-05-19T17:54:31.321+0000] {dagbag.py:545} INFO - Filling up the DagBag from /home/airflow/.local/lib/python3.12/site-packages/airflow/example_dags/example_trigger_controller_dag.py
[2026-05-19T17:54:31.327+0000] {processor.py:840} INFO - DAG(s) 'example_trigger_controller_dag' retrieved from /home/airflow/.local/lib/python3.12/site-packages/airflow/example_dags/example_trigger_controller_dag.py
[2026-05-19T17:54:31.347+0000] {logging_mixin.py:188} INFO - [2026-05-19T17:54:31.347+0000] {dag.py:3096} INFO - Sync 1 DAGs
[2026-05-19T17:54:31.369+0000] {logging_mixin.py:188} INFO - [2026-05-19T17:54:31.368+0000] {dag.py:3954} INFO - Setting next_dagrun for example_trigger_controller_dag to 2021-01-01 00:00:00+00:00, run_after=2021-01-01 00:00:00+00:00
[2026-05-19T17:54:31.393+0000] {processor.py:183} INFO - Processing /home/airflow/.local/lib/python3.12/site-packages/airflow/example_dags/example_trigger_controller_dag.py took 0.082 seconds
[2026-05-19T17:55:01.497+0000] {processor.py:161} INFO - Started process (PID=982) to work on /home/airflow/.local/lib/python3.12/site-packages/airflow/example_dags/example_trigger_controller_dag.py
[2026-05-19T17:55:01.500+0000] {processor.py:830} INFO - Processing file /home/airflow/.local/lib/python3.12/site-packages/airflow/example_dags/example_trigger_controller_dag.py for tasks to queue
[2026-05-19T17:55:01.502+0000] {logging_mixin.py:188} INFO - [2026-05-19T17:55:01.502+0000] {dagbag.py:545} INFO - Filling up the DagBag from /home/airflow/.local/lib/python3.12/site-packages/airflow/example_dags/example_trigger_controller_dag.py
[2026-05-19T17:55:01.507+0000] {processor.py:840} INFO - DAG(s) 'example_trigger_controller_dag' retrieved from /home/airflow/.local/lib/python3.12/site-packages/airflow/example_dags/example_trigger_controller_dag.py
[2026-05-19T17:55:01.527+0000] {logging_mixin.py:188} INFO - [2026-05-19T17:55:01.526+0000] {dag.py:3096} INFO - Sync 1 DAGs
[2026-05-19T17:55:01.557+0000] {logging_mixin.py:188} INFO - [2026-05-19T17:55:01.556+0000] {dag.py:3954} INFO - Setting next_dagrun for example_trigger_controller_dag to 2021-01-01 00:00:00+00:00, run_after=2021-01-01 00:00:00+00:00
[2026-05-19T17:55:01.579+0000] {processor.py:183} INFO - Processing /home/airflow/.local/lib/python3.12/site-packages/airflow/example_dags/example_trigger_controller_dag.py took 0.088 seconds
[2026-05-19T17:55:31.691+0000] {processor.py:161} INFO - Started process (PID=1040) to work on /home/airflow/.local/lib/python3.12/site-packages/airflow/example_dags/example_trigger_controller_dag.py
[2026-05-19T17:55:31.693+0000] {processor.py:830} INFO - Processing file /home/airflow/.local/lib/python3.12/site-packages/airflow/example_dags/example_trigger_controller_dag.py for tasks to queue
[2026-05-19T17:55:31.694+0000] {logging_mixin.py:188} INFO - [2026-05-19T17:55:31.694+0000] {dagbag.py:545} INFO - Filling up the DagBag from /home/airflow/.local/lib/python3.12/site-packages/airflow/example_dags/example_trigger_controller_dag.py
[2026-05-19T17:55:31.700+0000] {processor.py:840} INFO - DAG(s) 'example_trigger_controller_dag' retrieved from /home/airflow/.local/lib/python3.12/site-packages/airflow/example_dags/example_trigger_controller_dag.py
[2026-05-19T17:55:31.720+0000] {logging_mixin.py:188} INFO - [2026-05-19T17:55:31.719+0000] {dag.py:3096} INFO - Sync 1 DAGs
[2026-05-19T17:55:31.737+0000] {logging_mixin.py:188} INFO - [2026-05-19T17:55:31.737+0000] {dag.py:3954} INFO - Setting next_dagrun for example_trigger_controller_dag to 2021-01-01 00:00:00+00:00, run_after=2021-01-01 00:00:00+00:00
[2026-05-19T17:55:31.752+0000] {processor.py:183} INFO - Processing /home/airflow/.local/lib/python3.12/site-packages/airflow/example_dags/example_trigger_controller_dag.py took 0.068 seconds
[2026-05-19T17:56:02.085+0000] {processor.py:161} INFO - Started process (PID=1098) to work on /home/airflow/.local/lib/python3.12/site-packages/airflow/example_dags/example_trigger_controller_dag.py
[2026-05-19T17:56:02.086+0000] {processor.py:830} INFO - Processing file /home/airflow/.local/lib/python3.12/site-packages/airflow/example_dags/example_trigger_controller_dag.py for tasks to queue
[2026-05-19T17:56:02.088+0000] {logging_mixin.py:188} INFO - [2026-05-19T17:56:02.088+0000] {dagbag.py:545} INFO - Filling up the DagBag from /home/airflow/.local/lib/python3.12/site-packages/airflow/example_dags/example_trigger_controller_dag.py
[2026-05-19T17:56:02.093+0000] {processor.py:840} INFO - DAG(s) 'example_trigger_controller_dag' retrieved from /home/airflow/.local/lib/python3.12/site-packages/airflow/example_dags/example_trigger_controller_dag.py
[2026-05-19T17:56:02.113+0000] {logging_mixin.py:188} INFO - [2026-05-19T17:56:02.113+0000] {dag.py:3096} INFO - Sync 1 DAGs
[2026-05-19T17:56:02.131+0000] {logging_mixin.py:188} INFO - [2026-05-19T17:56:02.131+0000] {dag.py:3954} INFO - Setting next_dagrun for example_trigger_controller_dag to 2021-01-01 00:00:00+00:00, run_after=2021-01-01 00:00:00+00:00
[2026-05-19T17:56:02.149+0000] {processor.py:183} INFO - Processing /home/airflow/.local/lib/python3.12/site-packages/airflow/example_dags/example_trigger_controller_dag.py took 0.070 seconds
[2026-05-19T17:56:32.415+0000] {processor.py:161} INFO - Started process (PID=1156) to work on /home/airflow/.local/lib/python3.12/site-packages/airflow/example_dags/example_trigger_controller_dag.py
[2026-05-19T17:56:32.416+0000] {processor.py:830} INFO - Processing file /home/airflow/.local/lib/python3.12/site-packages/airflow/example_dags/example_trigger_controller_dag.py for tasks to queue
[2026-05-19T17:56:32.418+0000] {logging_mixin.py:188} INFO - [2026-05-19T17:56:32.418+0000] {dagbag.py:545} INFO - Filling up the DagBag from /home/airflow/.local/lib/python3.12/site-packages/airflow/example_dags/example_trigger_controller_dag.py
[2026-05-19T17:56:32.422+0000] {processor.py:840} INFO - DAG(s) 'example_trigger_controller_dag' retrieved from /home/airflow/.local/lib/python3.12/site-packages/airflow/example_dags/example_trigger_controller_dag.py
[2026-05-19T17:56:32.439+0000] {logging_mixin.py:188} INFO - [2026-05-19T17:56:32.438+0000] {dag.py:3096} INFO - Sync 1 DAGs
[2026-05-19T17:56:32.456+0000] {logging_mixin.py:188} INFO - [2026-05-19T17:56:32.456+0000] {dag.py:3954} INFO - Setting next_dagrun for example_trigger_controller_dag to 2021-01-01 00:00:00+00:00, run_after=2021-01-01 00:00:00+00:00
[2026-05-19T17:56:32.475+0000] {processor.py:183} INFO - Processing /home/airflow/.local/lib/python3.12/site-packages/airflow/example_dags/example_trigger_controller_dag.py took 0.067 seconds
[2026-05-19T17:58:02.998+0000] {processor.py:161} INFO - Started process (PID=110) to work on /home/airflow/.local/lib/python3.12/site-packages/airflow/example_dags/example_trigger_controller_dag.py
[2026-05-19T17:58:03.000+0000] {processor.py:830} INFO - Processing file /home/airflow/.local/lib/python3.12/site-packages/airflow/example_dags/example_trigger_controller_dag.py for tasks to queue
[2026-05-19T17:58:03.005+0000] {logging_mixin.py:188} INFO - [2026-05-19T17:58:03.004+0000] {dagbag.py:545} INFO - Filling up the DagBag from /home/airflow/.local/lib/python3.12/site-packages/airflow/example_dags/example_trigger_controller_dag.py
[2026-05-19T17:58:03.013+0000] {processor.py:840} INFO - DAG(s) 'example_trigger_controller_dag' retrieved from /home/airflow/.local/lib/python3.12/site-packages/airflow/example_dags/example_trigger_controller_dag.py
[2026-05-19T17:58:03.180+0000] {logging_mixin.py:188} INFO - [2026-05-19T17:58:03.179+0000] {dag.py:3096} INFO - Sync 1 DAGs
[2026-05-19T17:58:03.213+0000] {logging_mixin.py:188} INFO - [2026-05-19T17:58:03.212+0000] {dag.py:3954} INFO - Setting next_dagrun for example_trigger_controller_dag to 2021-01-01 00:00:00+00:00, run_after=2021-01-01 00:00:00+00:00
[2026-05-19T17:58:03.243+0000] {processor.py:183} INFO - Processing /home/airflow/.local/lib/python3.12/site-packages/airflow/example_dags/example_trigger_controller_dag.py took 0.256 seconds
[2026-05-19T17:58:33.848+0000] {processor.py:161} INFO - Started process (PID=168) to work on /home/airflow/.local/lib/python3.12/site-packages/airflow/example_dags/example_trigger_controller_dag.py
[2026-05-19T17:58:33.849+0000] {processor.py:830} INFO - Processing file /home/airflow/.local/lib/python3.12/site-packages/airflow/example_dags/example_trigger_controller_dag.py for tasks to queue
[2026-05-19T17:58:33.851+0000] {logging_mixin.py:188} INFO - [2026-05-19T17:58:33.850+0000] {dagbag.py:545} INFO - Filling up the DagBag from /home/airflow/.local/lib/python3.12/site-packages/airflow/example_dags/example_trigger_controller_dag.py
[2026-05-19T17:58:33.856+0000] {processor.py:840} INFO - DAG(s) 'example_trigger_controller_dag' retrieved from /home/airflow/.local/lib/python3.12/site-packages/airflow/example_dags/example_trigger_controller_dag.py
[2026-05-19T17:58:33.883+0000] {logging_mixin.py:188} INFO - [2026-05-19T17:58:33.882+0000] {dag.py:3096} INFO - Sync 1 DAGs
[2026-05-19T17:58:33.910+0000] {logging_mixin.py:188} INFO - [2026-05-19T17:58:33.909+0000] {dag.py:3954} INFO - Setting next_dagrun for example_trigger_controller_dag to 2021-01-01 00:00:00+00:00, run_after=2021-01-01 00:00:00+00:00
[2026-05-19T17:58:33.934+0000] {processor.py:183} INFO - Processing /home/airflow/.local/lib/python3.12/site-packages/airflow/example_dags/example_trigger_controller_dag.py took 0.093 seconds
