[2026-05-19T13:25:15.655+0000] {processor.py:161} INFO - Started process (PID=79) to work on /home/airflow/.local/lib/python3.12/site-packages/airflow/example_dags/example_local_kubernetes_executor.py
[2026-05-19T13:25:15.658+0000] {processor.py:830} INFO - Processing file /home/airflow/.local/lib/python3.12/site-packages/airflow/example_dags/example_local_kubernetes_executor.py for tasks to queue
[2026-05-19T13:25:15.664+0000] {logging_mixin.py:188} INFO - [2026-05-19T13:25:15.663+0000] {dagbag.py:545} INFO - Filling up the DagBag from /home/airflow/.local/lib/python3.12/site-packages/airflow/example_dags/example_local_kubernetes_executor.py
[2026-05-19T13:25:15.700+0000] {processor.py:840} INFO - DAG(s) 'example_local_kubernetes_executor' retrieved from /home/airflow/.local/lib/python3.12/site-packages/airflow/example_dags/example_local_kubernetes_executor.py
[2026-05-19T13:25:16.175+0000] {logging_mixin.py:188} INFO - [2026-05-19T13:25:16.174+0000] {override.py:1829} INFO - Created Permission View: can read on DAG:example_local_kubernetes_executor
[2026-05-19T13:25:16.208+0000] {logging_mixin.py:188} INFO - [2026-05-19T13:25:16.208+0000] {override.py:1829} INFO - Created Permission View: can edit on DAG:example_local_kubernetes_executor
[2026-05-19T13:25:16.231+0000] {logging_mixin.py:188} INFO - [2026-05-19T13:25:16.230+0000] {override.py:1829} INFO - Created Permission View: can delete on DAG:example_local_kubernetes_executor
[2026-05-19T13:25:16.233+0000] {logging_mixin.py:188} INFO - [2026-05-19T13:25:16.232+0000] {dag.py:3096} INFO - Sync 1 DAGs
[2026-05-19T13:25:16.261+0000] {logging_mixin.py:188} INFO - [2026-05-19T13:25:16.261+0000] {dag.py:3118} INFO - Creating ORM DAG for example_local_kubernetes_executor
[2026-05-19T13:25:16.263+0000] {logging_mixin.py:188} INFO - [2026-05-19T13:25:16.263+0000] {dag.py:3954} INFO - Setting next_dagrun for example_local_kubernetes_executor to None, run_after=None
[2026-05-19T13:25:16.315+0000] {processor.py:183} INFO - Processing /home/airflow/.local/lib/python3.12/site-packages/airflow/example_dags/example_local_kubernetes_executor.py took 0.674 seconds
[2026-05-19T13:25:46.829+0000] {processor.py:161} INFO - Started process (PID=137) to work on /home/airflow/.local/lib/python3.12/site-packages/airflow/example_dags/example_local_kubernetes_executor.py
[2026-05-19T13:25:46.833+0000] {processor.py:830} INFO - Processing file /home/airflow/.local/lib/python3.12/site-packages/airflow/example_dags/example_local_kubernetes_executor.py for tasks to queue
[2026-05-19T13:25:46.843+0000] {logging_mixin.py:188} INFO - [2026-05-19T13:25:46.839+0000] {dagbag.py:545} INFO - Filling up the DagBag from /home/airflow/.local/lib/python3.12/site-packages/airflow/example_dags/example_local_kubernetes_executor.py
[2026-05-19T13:25:46.881+0000] {processor.py:840} INFO - DAG(s) 'example_local_kubernetes_executor' retrieved from /home/airflow/.local/lib/python3.12/site-packages/airflow/example_dags/example_local_kubernetes_executor.py
[2026-05-19T13:25:47.052+0000] {logging_mixin.py:188} INFO - [2026-05-19T13:25:47.051+0000] {dag.py:3096} INFO - Sync 1 DAGs
[2026-05-19T13:25:47.133+0000] {logging_mixin.py:188} INFO - [2026-05-19T13:25:47.132+0000] {dag.py:3954} INFO - Setting next_dagrun for example_local_kubernetes_executor to None, run_after=None
[2026-05-19T13:25:47.245+0000] {processor.py:183} INFO - Processing /home/airflow/.local/lib/python3.12/site-packages/airflow/example_dags/example_local_kubernetes_executor.py took 0.455 seconds
[2026-05-19T13:26:18.044+0000] {processor.py:161} INFO - Started process (PID=195) to work on /home/airflow/.local/lib/python3.12/site-packages/airflow/example_dags/example_local_kubernetes_executor.py
[2026-05-19T13:26:18.045+0000] {processor.py:830} INFO - Processing file /home/airflow/.local/lib/python3.12/site-packages/airflow/example_dags/example_local_kubernetes_executor.py for tasks to queue
[2026-05-19T13:26:18.047+0000] {logging_mixin.py:188} INFO - [2026-05-19T13:26:18.047+0000] {dagbag.py:545} INFO - Filling up the DagBag from /home/airflow/.local/lib/python3.12/site-packages/airflow/example_dags/example_local_kubernetes_executor.py
[2026-05-19T13:26:18.057+0000] {processor.py:840} INFO - DAG(s) 'example_local_kubernetes_executor' retrieved from /home/airflow/.local/lib/python3.12/site-packages/airflow/example_dags/example_local_kubernetes_executor.py
[2026-05-19T13:26:18.106+0000] {logging_mixin.py:188} INFO - [2026-05-19T13:26:18.106+0000] {dag.py:3096} INFO - Sync 1 DAGs
[2026-05-19T13:26:18.121+0000] {logging_mixin.py:188} INFO - [2026-05-19T13:26:18.121+0000] {dag.py:3954} INFO - Setting next_dagrun for example_local_kubernetes_executor to None, run_after=None
[2026-05-19T13:26:18.146+0000] {processor.py:183} INFO - Processing /home/airflow/.local/lib/python3.12/site-packages/airflow/example_dags/example_local_kubernetes_executor.py took 0.109 seconds
[2026-05-19T13:26:48.399+0000] {processor.py:161} INFO - Started process (PID=253) to work on /home/airflow/.local/lib/python3.12/site-packages/airflow/example_dags/example_local_kubernetes_executor.py
[2026-05-19T13:26:48.401+0000] {processor.py:830} INFO - Processing file /home/airflow/.local/lib/python3.12/site-packages/airflow/example_dags/example_local_kubernetes_executor.py for tasks to queue
[2026-05-19T13:26:48.409+0000] {logging_mixin.py:188} INFO - [2026-05-19T13:26:48.404+0000] {dagbag.py:545} INFO - Filling up the DagBag from /home/airflow/.local/lib/python3.12/site-packages/airflow/example_dags/example_local_kubernetes_executor.py
[2026-05-19T13:26:48.473+0000] {processor.py:840} INFO - DAG(s) 'example_local_kubernetes_executor' retrieved from /home/airflow/.local/lib/python3.12/site-packages/airflow/example_dags/example_local_kubernetes_executor.py
[2026-05-19T13:26:48.771+0000] {logging_mixin.py:188} INFO - [2026-05-19T13:26:48.771+0000] {dag.py:3096} INFO - Sync 1 DAGs
[2026-05-19T13:26:48.803+0000] {logging_mixin.py:188} INFO - [2026-05-19T13:26:48.803+0000] {dag.py:3954} INFO - Setting next_dagrun for example_local_kubernetes_executor to None, run_after=None
[2026-05-19T13:26:48.876+0000] {processor.py:183} INFO - Processing /home/airflow/.local/lib/python3.12/site-packages/airflow/example_dags/example_local_kubernetes_executor.py took 0.484 seconds
[2026-05-19T13:27:19.561+0000] {processor.py:161} INFO - Started process (PID=311) to work on /home/airflow/.local/lib/python3.12/site-packages/airflow/example_dags/example_local_kubernetes_executor.py
[2026-05-19T13:27:19.563+0000] {processor.py:830} INFO - Processing file /home/airflow/.local/lib/python3.12/site-packages/airflow/example_dags/example_local_kubernetes_executor.py for tasks to queue
[2026-05-19T13:27:19.565+0000] {logging_mixin.py:188} INFO - [2026-05-19T13:27:19.565+0000] {dagbag.py:545} INFO - Filling up the DagBag from /home/airflow/.local/lib/python3.12/site-packages/airflow/example_dags/example_local_kubernetes_executor.py
[2026-05-19T13:27:19.576+0000] {processor.py:840} INFO - DAG(s) 'example_local_kubernetes_executor' retrieved from /home/airflow/.local/lib/python3.12/site-packages/airflow/example_dags/example_local_kubernetes_executor.py
[2026-05-19T13:27:19.627+0000] {logging_mixin.py:188} INFO - [2026-05-19T13:27:19.627+0000] {dag.py:3096} INFO - Sync 1 DAGs
[2026-05-19T13:27:19.652+0000] {logging_mixin.py:188} INFO - [2026-05-19T13:27:19.651+0000] {dag.py:3954} INFO - Setting next_dagrun for example_local_kubernetes_executor to None, run_after=None
[2026-05-19T13:27:19.684+0000] {processor.py:183} INFO - Processing /home/airflow/.local/lib/python3.12/site-packages/airflow/example_dags/example_local_kubernetes_executor.py took 0.131 seconds
[2026-05-19T13:27:50.304+0000] {processor.py:161} INFO - Started process (PID=369) to work on /home/airflow/.local/lib/python3.12/site-packages/airflow/example_dags/example_local_kubernetes_executor.py
[2026-05-19T13:27:50.305+0000] {processor.py:830} INFO - Processing file /home/airflow/.local/lib/python3.12/site-packages/airflow/example_dags/example_local_kubernetes_executor.py for tasks to queue
[2026-05-19T13:27:50.309+0000] {logging_mixin.py:188} INFO - [2026-05-19T13:27:50.309+0000] {dagbag.py:545} INFO - Filling up the DagBag from /home/airflow/.local/lib/python3.12/site-packages/airflow/example_dags/example_local_kubernetes_executor.py
[2026-05-19T13:27:50.321+0000] {processor.py:840} INFO - DAG(s) 'example_local_kubernetes_executor' retrieved from /home/airflow/.local/lib/python3.12/site-packages/airflow/example_dags/example_local_kubernetes_executor.py
[2026-05-19T13:27:50.374+0000] {logging_mixin.py:188} INFO - [2026-05-19T13:27:50.374+0000] {dag.py:3096} INFO - Sync 1 DAGs
[2026-05-19T13:27:50.395+0000] {logging_mixin.py:188} INFO - [2026-05-19T13:27:50.395+0000] {dag.py:3954} INFO - Setting next_dagrun for example_local_kubernetes_executor to None, run_after=None
[2026-05-19T13:27:50.429+0000] {processor.py:183} INFO - Processing /home/airflow/.local/lib/python3.12/site-packages/airflow/example_dags/example_local_kubernetes_executor.py took 0.134 seconds
[2026-05-19T13:28:20.743+0000] {processor.py:161} INFO - Started process (PID=426) to work on /home/airflow/.local/lib/python3.12/site-packages/airflow/example_dags/example_local_kubernetes_executor.py
[2026-05-19T13:28:20.748+0000] {processor.py:830} INFO - Processing file /home/airflow/.local/lib/python3.12/site-packages/airflow/example_dags/example_local_kubernetes_executor.py for tasks to queue
[2026-05-19T13:28:20.755+0000] {logging_mixin.py:188} INFO - [2026-05-19T13:28:20.754+0000] {dagbag.py:545} INFO - Filling up the DagBag from /home/airflow/.local/lib/python3.12/site-packages/airflow/example_dags/example_local_kubernetes_executor.py
[2026-05-19T13:28:20.770+0000] {processor.py:840} INFO - DAG(s) 'example_local_kubernetes_executor' retrieved from /home/airflow/.local/lib/python3.12/site-packages/airflow/example_dags/example_local_kubernetes_executor.py
[2026-05-19T13:28:20.836+0000] {logging_mixin.py:188} INFO - [2026-05-19T13:28:20.836+0000] {dag.py:3096} INFO - Sync 1 DAGs
[2026-05-19T13:28:20.866+0000] {logging_mixin.py:188} INFO - [2026-05-19T13:28:20.866+0000] {dag.py:3954} INFO - Setting next_dagrun for example_local_kubernetes_executor to None, run_after=None
[2026-05-19T13:28:20.903+0000] {processor.py:183} INFO - Processing /home/airflow/.local/lib/python3.12/site-packages/airflow/example_dags/example_local_kubernetes_executor.py took 0.169 seconds
[2026-05-19T13:28:51.084+0000] {processor.py:161} INFO - Started process (PID=484) to work on /home/airflow/.local/lib/python3.12/site-packages/airflow/example_dags/example_local_kubernetes_executor.py
[2026-05-19T13:28:51.087+0000] {processor.py:830} INFO - Processing file /home/airflow/.local/lib/python3.12/site-packages/airflow/example_dags/example_local_kubernetes_executor.py for tasks to queue
[2026-05-19T13:28:51.094+0000] {logging_mixin.py:188} INFO - [2026-05-19T13:28:51.093+0000] {dagbag.py:545} INFO - Filling up the DagBag from /home/airflow/.local/lib/python3.12/site-packages/airflow/example_dags/example_local_kubernetes_executor.py
[2026-05-19T13:28:51.108+0000] {processor.py:840} INFO - DAG(s) 'example_local_kubernetes_executor' retrieved from /home/airflow/.local/lib/python3.12/site-packages/airflow/example_dags/example_local_kubernetes_executor.py
[2026-05-19T13:28:51.164+0000] {logging_mixin.py:188} INFO - [2026-05-19T13:28:51.163+0000] {dag.py:3096} INFO - Sync 1 DAGs
[2026-05-19T13:28:51.182+0000] {logging_mixin.py:188} INFO - [2026-05-19T13:28:51.181+0000] {dag.py:3954} INFO - Setting next_dagrun for example_local_kubernetes_executor to None, run_after=None
[2026-05-19T13:28:51.225+0000] {processor.py:183} INFO - Processing /home/airflow/.local/lib/python3.12/site-packages/airflow/example_dags/example_local_kubernetes_executor.py took 0.148 seconds
[2026-05-19T13:29:21.333+0000] {processor.py:161} INFO - Started process (PID=542) to work on /home/airflow/.local/lib/python3.12/site-packages/airflow/example_dags/example_local_kubernetes_executor.py
[2026-05-19T13:29:21.335+0000] {processor.py:830} INFO - Processing file /home/airflow/.local/lib/python3.12/site-packages/airflow/example_dags/example_local_kubernetes_executor.py for tasks to queue
[2026-05-19T13:29:21.338+0000] {logging_mixin.py:188} INFO - [2026-05-19T13:29:21.337+0000] {dagbag.py:545} INFO - Filling up the DagBag from /home/airflow/.local/lib/python3.12/site-packages/airflow/example_dags/example_local_kubernetes_executor.py
[2026-05-19T13:29:21.350+0000] {processor.py:840} INFO - DAG(s) 'example_local_kubernetes_executor' retrieved from /home/airflow/.local/lib/python3.12/site-packages/airflow/example_dags/example_local_kubernetes_executor.py
[2026-05-19T13:29:21.399+0000] {logging_mixin.py:188} INFO - [2026-05-19T13:29:21.399+0000] {dag.py:3096} INFO - Sync 1 DAGs
[2026-05-19T13:29:21.412+0000] {logging_mixin.py:188} INFO - [2026-05-19T13:29:21.412+0000] {dag.py:3954} INFO - Setting next_dagrun for example_local_kubernetes_executor to None, run_after=None
[2026-05-19T13:29:21.440+0000] {processor.py:183} INFO - Processing /home/airflow/.local/lib/python3.12/site-packages/airflow/example_dags/example_local_kubernetes_executor.py took 0.115 seconds
[2026-05-19T13:30:50.503+0000] {processor.py:161} INFO - Started process (PID=81) to work on /home/airflow/.local/lib/python3.12/site-packages/airflow/example_dags/example_local_kubernetes_executor.py
[2026-05-19T13:30:50.507+0000] {processor.py:830} INFO - Processing file /home/airflow/.local/lib/python3.12/site-packages/airflow/example_dags/example_local_kubernetes_executor.py for tasks to queue
[2026-05-19T13:30:50.514+0000] {logging_mixin.py:188} INFO - [2026-05-19T13:30:50.513+0000] {dagbag.py:545} INFO - Filling up the DagBag from /home/airflow/.local/lib/python3.12/site-packages/airflow/example_dags/example_local_kubernetes_executor.py
[2026-05-19T13:30:50.566+0000] {processor.py:840} INFO - DAG(s) 'example_local_kubernetes_executor' retrieved from /home/airflow/.local/lib/python3.12/site-packages/airflow/example_dags/example_local_kubernetes_executor.py
[2026-05-19T13:30:51.140+0000] {logging_mixin.py:188} INFO - [2026-05-19T13:30:51.139+0000] {dag.py:3096} INFO - Sync 1 DAGs
[2026-05-19T13:30:51.183+0000] {logging_mixin.py:188} INFO - [2026-05-19T13:30:51.182+0000] {dag.py:3954} INFO - Setting next_dagrun for example_local_kubernetes_executor to None, run_after=None
[2026-05-19T13:30:51.237+0000] {processor.py:183} INFO - Processing /home/airflow/.local/lib/python3.12/site-packages/airflow/example_dags/example_local_kubernetes_executor.py took 0.756 seconds
[2026-05-19T13:31:21.661+0000] {processor.py:161} INFO - Started process (PID=140) to work on /home/airflow/.local/lib/python3.12/site-packages/airflow/example_dags/example_local_kubernetes_executor.py
[2026-05-19T13:31:21.663+0000] {processor.py:830} INFO - Processing file /home/airflow/.local/lib/python3.12/site-packages/airflow/example_dags/example_local_kubernetes_executor.py for tasks to queue
[2026-05-19T13:31:21.668+0000] {logging_mixin.py:188} INFO - [2026-05-19T13:31:21.668+0000] {dagbag.py:545} INFO - Filling up the DagBag from /home/airflow/.local/lib/python3.12/site-packages/airflow/example_dags/example_local_kubernetes_executor.py
[2026-05-19T13:31:21.677+0000] {processor.py:840} INFO - DAG(s) 'example_local_kubernetes_executor' retrieved from /home/airflow/.local/lib/python3.12/site-packages/airflow/example_dags/example_local_kubernetes_executor.py
[2026-05-19T13:31:21.711+0000] {logging_mixin.py:188} INFO - [2026-05-19T13:31:21.711+0000] {dag.py:3096} INFO - Sync 1 DAGs
[2026-05-19T13:31:21.727+0000] {logging_mixin.py:188} INFO - [2026-05-19T13:31:21.727+0000] {dag.py:3954} INFO - Setting next_dagrun for example_local_kubernetes_executor to None, run_after=None
[2026-05-19T13:31:21.753+0000] {processor.py:183} INFO - Processing /home/airflow/.local/lib/python3.12/site-packages/airflow/example_dags/example_local_kubernetes_executor.py took 0.097 seconds
[2026-05-19T13:31:51.847+0000] {processor.py:161} INFO - Started process (PID=199) to work on /home/airflow/.local/lib/python3.12/site-packages/airflow/example_dags/example_local_kubernetes_executor.py
[2026-05-19T13:31:51.848+0000] {processor.py:830} INFO - Processing file /home/airflow/.local/lib/python3.12/site-packages/airflow/example_dags/example_local_kubernetes_executor.py for tasks to queue
[2026-05-19T13:31:51.851+0000] {logging_mixin.py:188} INFO - [2026-05-19T13:31:51.850+0000] {dagbag.py:545} INFO - Filling up the DagBag from /home/airflow/.local/lib/python3.12/site-packages/airflow/example_dags/example_local_kubernetes_executor.py
[2026-05-19T13:31:51.858+0000] {processor.py:840} INFO - DAG(s) 'example_local_kubernetes_executor' retrieved from /home/airflow/.local/lib/python3.12/site-packages/airflow/example_dags/example_local_kubernetes_executor.py
[2026-05-19T13:31:51.899+0000] {logging_mixin.py:188} INFO - [2026-05-19T13:31:51.899+0000] {dag.py:3096} INFO - Sync 1 DAGs
[2026-05-19T13:31:51.914+0000] {logging_mixin.py:188} INFO - [2026-05-19T13:31:51.914+0000] {dag.py:3954} INFO - Setting next_dagrun for example_local_kubernetes_executor to None, run_after=None
[2026-05-19T13:31:51.935+0000] {processor.py:183} INFO - Processing /home/airflow/.local/lib/python3.12/site-packages/airflow/example_dags/example_local_kubernetes_executor.py took 0.096 seconds
[2026-05-19T13:32:22.209+0000] {processor.py:161} INFO - Started process (PID=258) to work on /home/airflow/.local/lib/python3.12/site-packages/airflow/example_dags/example_local_kubernetes_executor.py
[2026-05-19T13:32:22.211+0000] {processor.py:830} INFO - Processing file /home/airflow/.local/lib/python3.12/site-packages/airflow/example_dags/example_local_kubernetes_executor.py for tasks to queue
[2026-05-19T13:32:22.215+0000] {logging_mixin.py:188} INFO - [2026-05-19T13:32:22.214+0000] {dagbag.py:545} INFO - Filling up the DagBag from /home/airflow/.local/lib/python3.12/site-packages/airflow/example_dags/example_local_kubernetes_executor.py
[2026-05-19T13:32:22.229+0000] {processor.py:840} INFO - DAG(s) 'example_local_kubernetes_executor' retrieved from /home/airflow/.local/lib/python3.12/site-packages/airflow/example_dags/example_local_kubernetes_executor.py
[2026-05-19T13:32:22.292+0000] {logging_mixin.py:188} INFO - [2026-05-19T13:32:22.291+0000] {dag.py:3096} INFO - Sync 1 DAGs
[2026-05-19T13:32:22.318+0000] {logging_mixin.py:188} INFO - [2026-05-19T13:32:22.317+0000] {dag.py:3954} INFO - Setting next_dagrun for example_local_kubernetes_executor to None, run_after=None
[2026-05-19T13:32:22.355+0000] {processor.py:183} INFO - Processing /home/airflow/.local/lib/python3.12/site-packages/airflow/example_dags/example_local_kubernetes_executor.py took 0.154 seconds
[2026-05-19T13:32:53.479+0000] {processor.py:161} INFO - Started process (PID=317) to work on /home/airflow/.local/lib/python3.12/site-packages/airflow/example_dags/example_local_kubernetes_executor.py
[2026-05-19T13:32:53.493+0000] {processor.py:830} INFO - Processing file /home/airflow/.local/lib/python3.12/site-packages/airflow/example_dags/example_local_kubernetes_executor.py for tasks to queue
[2026-05-19T13:32:53.512+0000] {logging_mixin.py:188} INFO - [2026-05-19T13:32:53.510+0000] {dagbag.py:545} INFO - Filling up the DagBag from /home/airflow/.local/lib/python3.12/site-packages/airflow/example_dags/example_local_kubernetes_executor.py
[2026-05-19T13:32:53.568+0000] {processor.py:840} INFO - DAG(s) 'example_local_kubernetes_executor' retrieved from /home/airflow/.local/lib/python3.12/site-packages/airflow/example_dags/example_local_kubernetes_executor.py
[2026-05-19T13:32:53.736+0000] {logging_mixin.py:188} INFO - [2026-05-19T13:32:53.735+0000] {dag.py:3096} INFO - Sync 1 DAGs
[2026-05-19T13:32:53.791+0000] {logging_mixin.py:188} INFO - [2026-05-19T13:32:53.790+0000] {dag.py:3954} INFO - Setting next_dagrun for example_local_kubernetes_executor to None, run_after=None
[2026-05-19T13:32:53.867+0000] {processor.py:183} INFO - Processing /home/airflow/.local/lib/python3.12/site-packages/airflow/example_dags/example_local_kubernetes_executor.py took 0.423 seconds
[2026-05-19T13:33:24.484+0000] {processor.py:161} INFO - Started process (PID=376) to work on /home/airflow/.local/lib/python3.12/site-packages/airflow/example_dags/example_local_kubernetes_executor.py
[2026-05-19T13:33:24.485+0000] {processor.py:830} INFO - Processing file /home/airflow/.local/lib/python3.12/site-packages/airflow/example_dags/example_local_kubernetes_executor.py for tasks to queue
[2026-05-19T13:33:24.489+0000] {logging_mixin.py:188} INFO - [2026-05-19T13:33:24.489+0000] {dagbag.py:545} INFO - Filling up the DagBag from /home/airflow/.local/lib/python3.12/site-packages/airflow/example_dags/example_local_kubernetes_executor.py
[2026-05-19T13:33:24.498+0000] {processor.py:840} INFO - DAG(s) 'example_local_kubernetes_executor' retrieved from /home/airflow/.local/lib/python3.12/site-packages/airflow/example_dags/example_local_kubernetes_executor.py
[2026-05-19T13:33:24.579+0000] {logging_mixin.py:188} INFO - [2026-05-19T13:33:24.579+0000] {dag.py:3096} INFO - Sync 1 DAGs
[2026-05-19T13:33:24.602+0000] {logging_mixin.py:188} INFO - [2026-05-19T13:33:24.602+0000] {dag.py:3954} INFO - Setting next_dagrun for example_local_kubernetes_executor to None, run_after=None
[2026-05-19T13:33:24.632+0000] {processor.py:183} INFO - Processing /home/airflow/.local/lib/python3.12/site-packages/airflow/example_dags/example_local_kubernetes_executor.py took 0.157 seconds
[2026-05-19T13:33:54.724+0000] {processor.py:161} INFO - Started process (PID=434) to work on /home/airflow/.local/lib/python3.12/site-packages/airflow/example_dags/example_local_kubernetes_executor.py
[2026-05-19T13:33:54.727+0000] {processor.py:830} INFO - Processing file /home/airflow/.local/lib/python3.12/site-packages/airflow/example_dags/example_local_kubernetes_executor.py for tasks to queue
[2026-05-19T13:33:54.731+0000] {logging_mixin.py:188} INFO - [2026-05-19T13:33:54.731+0000] {dagbag.py:545} INFO - Filling up the DagBag from /home/airflow/.local/lib/python3.12/site-packages/airflow/example_dags/example_local_kubernetes_executor.py
[2026-05-19T13:33:54.746+0000] {processor.py:840} INFO - DAG(s) 'example_local_kubernetes_executor' retrieved from /home/airflow/.local/lib/python3.12/site-packages/airflow/example_dags/example_local_kubernetes_executor.py
[2026-05-19T13:33:54.791+0000] {logging_mixin.py:188} INFO - [2026-05-19T13:33:54.789+0000] {dag.py:3096} INFO - Sync 1 DAGs
[2026-05-19T13:33:54.806+0000] {logging_mixin.py:188} INFO - [2026-05-19T13:33:54.806+0000] {dag.py:3954} INFO - Setting next_dagrun for example_local_kubernetes_executor to None, run_after=None
[2026-05-19T13:33:54.838+0000] {processor.py:183} INFO - Processing /home/airflow/.local/lib/python3.12/site-packages/airflow/example_dags/example_local_kubernetes_executor.py took 0.123 seconds
[2026-05-19T13:34:25.039+0000] {processor.py:161} INFO - Started process (PID=493) to work on /home/airflow/.local/lib/python3.12/site-packages/airflow/example_dags/example_local_kubernetes_executor.py
[2026-05-19T13:34:25.040+0000] {processor.py:830} INFO - Processing file /home/airflow/.local/lib/python3.12/site-packages/airflow/example_dags/example_local_kubernetes_executor.py for tasks to queue
[2026-05-19T13:34:25.043+0000] {logging_mixin.py:188} INFO - [2026-05-19T13:34:25.042+0000] {dagbag.py:545} INFO - Filling up the DagBag from /home/airflow/.local/lib/python3.12/site-packages/airflow/example_dags/example_local_kubernetes_executor.py
[2026-05-19T13:34:25.053+0000] {processor.py:840} INFO - DAG(s) 'example_local_kubernetes_executor' retrieved from /home/airflow/.local/lib/python3.12/site-packages/airflow/example_dags/example_local_kubernetes_executor.py
[2026-05-19T13:34:25.095+0000] {logging_mixin.py:188} INFO - [2026-05-19T13:34:25.095+0000] {dag.py:3096} INFO - Sync 1 DAGs
[2026-05-19T13:34:25.107+0000] {logging_mixin.py:188} INFO - [2026-05-19T13:34:25.107+0000] {dag.py:3954} INFO - Setting next_dagrun for example_local_kubernetes_executor to None, run_after=None
[2026-05-19T13:34:25.141+0000] {processor.py:183} INFO - Processing /home/airflow/.local/lib/python3.12/site-packages/airflow/example_dags/example_local_kubernetes_executor.py took 0.108 seconds
[2026-05-19T13:34:55.893+0000] {processor.py:161} INFO - Started process (PID=553) to work on /home/airflow/.local/lib/python3.12/site-packages/airflow/example_dags/example_local_kubernetes_executor.py
[2026-05-19T13:34:55.895+0000] {processor.py:830} INFO - Processing file /home/airflow/.local/lib/python3.12/site-packages/airflow/example_dags/example_local_kubernetes_executor.py for tasks to queue
[2026-05-19T13:34:55.901+0000] {logging_mixin.py:188} INFO - [2026-05-19T13:34:55.901+0000] {dagbag.py:545} INFO - Filling up the DagBag from /home/airflow/.local/lib/python3.12/site-packages/airflow/example_dags/example_local_kubernetes_executor.py
[2026-05-19T13:34:55.911+0000] {processor.py:840} INFO - DAG(s) 'example_local_kubernetes_executor' retrieved from /home/airflow/.local/lib/python3.12/site-packages/airflow/example_dags/example_local_kubernetes_executor.py
[2026-05-19T13:34:55.952+0000] {logging_mixin.py:188} INFO - [2026-05-19T13:34:55.952+0000] {dag.py:3096} INFO - Sync 1 DAGs
[2026-05-19T13:34:55.970+0000] {logging_mixin.py:188} INFO - [2026-05-19T13:34:55.970+0000] {dag.py:3954} INFO - Setting next_dagrun for example_local_kubernetes_executor to None, run_after=None
[2026-05-19T13:34:55.996+0000] {processor.py:183} INFO - Processing /home/airflow/.local/lib/python3.12/site-packages/airflow/example_dags/example_local_kubernetes_executor.py took 0.110 seconds
[2026-05-19T13:35:26.753+0000] {processor.py:161} INFO - Started process (PID=612) to work on /home/airflow/.local/lib/python3.12/site-packages/airflow/example_dags/example_local_kubernetes_executor.py
[2026-05-19T13:35:26.754+0000] {processor.py:830} INFO - Processing file /home/airflow/.local/lib/python3.12/site-packages/airflow/example_dags/example_local_kubernetes_executor.py for tasks to queue
[2026-05-19T13:35:26.757+0000] {logging_mixin.py:188} INFO - [2026-05-19T13:35:26.756+0000] {dagbag.py:545} INFO - Filling up the DagBag from /home/airflow/.local/lib/python3.12/site-packages/airflow/example_dags/example_local_kubernetes_executor.py
[2026-05-19T13:35:26.765+0000] {processor.py:840} INFO - DAG(s) 'example_local_kubernetes_executor' retrieved from /home/airflow/.local/lib/python3.12/site-packages/airflow/example_dags/example_local_kubernetes_executor.py
[2026-05-19T13:35:26.808+0000] {logging_mixin.py:188} INFO - [2026-05-19T13:35:26.807+0000] {dag.py:3096} INFO - Sync 1 DAGs
[2026-05-19T13:35:26.822+0000] {logging_mixin.py:188} INFO - [2026-05-19T13:35:26.821+0000] {dag.py:3954} INFO - Setting next_dagrun for example_local_kubernetes_executor to None, run_after=None
[2026-05-19T13:35:26.852+0000] {processor.py:183} INFO - Processing /home/airflow/.local/lib/python3.12/site-packages/airflow/example_dags/example_local_kubernetes_executor.py took 0.105 seconds
[2026-05-19T13:35:57.510+0000] {processor.py:161} INFO - Started process (PID=671) to work on /home/airflow/.local/lib/python3.12/site-packages/airflow/example_dags/example_local_kubernetes_executor.py
[2026-05-19T13:35:57.511+0000] {processor.py:830} INFO - Processing file /home/airflow/.local/lib/python3.12/site-packages/airflow/example_dags/example_local_kubernetes_executor.py for tasks to queue
[2026-05-19T13:35:57.515+0000] {logging_mixin.py:188} INFO - [2026-05-19T13:35:57.515+0000] {dagbag.py:545} INFO - Filling up the DagBag from /home/airflow/.local/lib/python3.12/site-packages/airflow/example_dags/example_local_kubernetes_executor.py
[2026-05-19T13:35:57.525+0000] {processor.py:840} INFO - DAG(s) 'example_local_kubernetes_executor' retrieved from /home/airflow/.local/lib/python3.12/site-packages/airflow/example_dags/example_local_kubernetes_executor.py
[2026-05-19T13:35:57.561+0000] {logging_mixin.py:188} INFO - [2026-05-19T13:35:57.561+0000] {dag.py:3096} INFO - Sync 1 DAGs
[2026-05-19T13:35:57.585+0000] {logging_mixin.py:188} INFO - [2026-05-19T13:35:57.585+0000] {dag.py:3954} INFO - Setting next_dagrun for example_local_kubernetes_executor to None, run_after=None
[2026-05-19T13:35:57.612+0000] {processor.py:183} INFO - Processing /home/airflow/.local/lib/python3.12/site-packages/airflow/example_dags/example_local_kubernetes_executor.py took 0.107 seconds
[2026-05-19T13:36:28.041+0000] {processor.py:161} INFO - Started process (PID=730) to work on /home/airflow/.local/lib/python3.12/site-packages/airflow/example_dags/example_local_kubernetes_executor.py
[2026-05-19T13:36:28.043+0000] {processor.py:830} INFO - Processing file /home/airflow/.local/lib/python3.12/site-packages/airflow/example_dags/example_local_kubernetes_executor.py for tasks to queue
[2026-05-19T13:36:28.047+0000] {logging_mixin.py:188} INFO - [2026-05-19T13:36:28.046+0000] {dagbag.py:545} INFO - Filling up the DagBag from /home/airflow/.local/lib/python3.12/site-packages/airflow/example_dags/example_local_kubernetes_executor.py
[2026-05-19T13:36:28.055+0000] {processor.py:840} INFO - DAG(s) 'example_local_kubernetes_executor' retrieved from /home/airflow/.local/lib/python3.12/site-packages/airflow/example_dags/example_local_kubernetes_executor.py
[2026-05-19T13:36:28.098+0000] {logging_mixin.py:188} INFO - [2026-05-19T13:36:28.098+0000] {dag.py:3096} INFO - Sync 1 DAGs
[2026-05-19T13:36:28.115+0000] {logging_mixin.py:188} INFO - [2026-05-19T13:36:28.115+0000] {dag.py:3954} INFO - Setting next_dagrun for example_local_kubernetes_executor to None, run_after=None
[2026-05-19T13:36:28.142+0000] {processor.py:183} INFO - Processing /home/airflow/.local/lib/python3.12/site-packages/airflow/example_dags/example_local_kubernetes_executor.py took 0.107 seconds
[2026-05-19T13:36:58.744+0000] {processor.py:161} INFO - Started process (PID=789) to work on /home/airflow/.local/lib/python3.12/site-packages/airflow/example_dags/example_local_kubernetes_executor.py
[2026-05-19T13:36:58.747+0000] {processor.py:830} INFO - Processing file /home/airflow/.local/lib/python3.12/site-packages/airflow/example_dags/example_local_kubernetes_executor.py for tasks to queue
[2026-05-19T13:36:58.751+0000] {logging_mixin.py:188} INFO - [2026-05-19T13:36:58.750+0000] {dagbag.py:545} INFO - Filling up the DagBag from /home/airflow/.local/lib/python3.12/site-packages/airflow/example_dags/example_local_kubernetes_executor.py
[2026-05-19T13:36:58.770+0000] {processor.py:840} INFO - DAG(s) 'example_local_kubernetes_executor' retrieved from /home/airflow/.local/lib/python3.12/site-packages/airflow/example_dags/example_local_kubernetes_executor.py
[2026-05-19T13:36:58.849+0000] {logging_mixin.py:188} INFO - [2026-05-19T13:36:58.848+0000] {dag.py:3096} INFO - Sync 1 DAGs
[2026-05-19T13:36:58.872+0000] {logging_mixin.py:188} INFO - [2026-05-19T13:36:58.872+0000] {dag.py:3954} INFO - Setting next_dagrun for example_local_kubernetes_executor to None, run_after=None
[2026-05-19T13:36:58.913+0000] {processor.py:183} INFO - Processing /home/airflow/.local/lib/python3.12/site-packages/airflow/example_dags/example_local_kubernetes_executor.py took 0.184 seconds
[2026-05-19T13:37:29.350+0000] {processor.py:161} INFO - Started process (PID=848) to work on /home/airflow/.local/lib/python3.12/site-packages/airflow/example_dags/example_local_kubernetes_executor.py
[2026-05-19T13:37:29.351+0000] {processor.py:830} INFO - Processing file /home/airflow/.local/lib/python3.12/site-packages/airflow/example_dags/example_local_kubernetes_executor.py for tasks to queue
[2026-05-19T13:37:29.354+0000] {logging_mixin.py:188} INFO - [2026-05-19T13:37:29.353+0000] {dagbag.py:545} INFO - Filling up the DagBag from /home/airflow/.local/lib/python3.12/site-packages/airflow/example_dags/example_local_kubernetes_executor.py
[2026-05-19T13:37:29.365+0000] {processor.py:840} INFO - DAG(s) 'example_local_kubernetes_executor' retrieved from /home/airflow/.local/lib/python3.12/site-packages/airflow/example_dags/example_local_kubernetes_executor.py
[2026-05-19T13:37:29.404+0000] {logging_mixin.py:188} INFO - [2026-05-19T13:37:29.404+0000] {dag.py:3096} INFO - Sync 1 DAGs
[2026-05-19T13:37:29.431+0000] {logging_mixin.py:188} INFO - [2026-05-19T13:37:29.430+0000] {dag.py:3954} INFO - Setting next_dagrun for example_local_kubernetes_executor to None, run_after=None
[2026-05-19T13:37:29.465+0000] {processor.py:183} INFO - Processing /home/airflow/.local/lib/python3.12/site-packages/airflow/example_dags/example_local_kubernetes_executor.py took 0.123 seconds
[2026-05-19T13:37:59.656+0000] {processor.py:161} INFO - Started process (PID=907) to work on /home/airflow/.local/lib/python3.12/site-packages/airflow/example_dags/example_local_kubernetes_executor.py
[2026-05-19T13:37:59.657+0000] {processor.py:830} INFO - Processing file /home/airflow/.local/lib/python3.12/site-packages/airflow/example_dags/example_local_kubernetes_executor.py for tasks to queue
[2026-05-19T13:37:59.660+0000] {logging_mixin.py:188} INFO - [2026-05-19T13:37:59.659+0000] {dagbag.py:545} INFO - Filling up the DagBag from /home/airflow/.local/lib/python3.12/site-packages/airflow/example_dags/example_local_kubernetes_executor.py
[2026-05-19T13:37:59.670+0000] {processor.py:840} INFO - DAG(s) 'example_local_kubernetes_executor' retrieved from /home/airflow/.local/lib/python3.12/site-packages/airflow/example_dags/example_local_kubernetes_executor.py
[2026-05-19T13:37:59.716+0000] {logging_mixin.py:188} INFO - [2026-05-19T13:37:59.716+0000] {dag.py:3096} INFO - Sync 1 DAGs
[2026-05-19T13:37:59.732+0000] {logging_mixin.py:188} INFO - [2026-05-19T13:37:59.731+0000] {dag.py:3954} INFO - Setting next_dagrun for example_local_kubernetes_executor to None, run_after=None
[2026-05-19T13:37:59.759+0000] {processor.py:183} INFO - Processing /home/airflow/.local/lib/python3.12/site-packages/airflow/example_dags/example_local_kubernetes_executor.py took 0.109 seconds
[2026-05-19T13:38:30.099+0000] {processor.py:161} INFO - Started process (PID=967) to work on /home/airflow/.local/lib/python3.12/site-packages/airflow/example_dags/example_local_kubernetes_executor.py
[2026-05-19T13:38:30.101+0000] {processor.py:830} INFO - Processing file /home/airflow/.local/lib/python3.12/site-packages/airflow/example_dags/example_local_kubernetes_executor.py for tasks to queue
[2026-05-19T13:38:30.107+0000] {logging_mixin.py:188} INFO - [2026-05-19T13:38:30.106+0000] {dagbag.py:545} INFO - Filling up the DagBag from /home/airflow/.local/lib/python3.12/site-packages/airflow/example_dags/example_local_kubernetes_executor.py
[2026-05-19T13:38:30.120+0000] {processor.py:840} INFO - DAG(s) 'example_local_kubernetes_executor' retrieved from /home/airflow/.local/lib/python3.12/site-packages/airflow/example_dags/example_local_kubernetes_executor.py
[2026-05-19T13:38:30.181+0000] {logging_mixin.py:188} INFO - [2026-05-19T13:38:30.180+0000] {dag.py:3096} INFO - Sync 1 DAGs
[2026-05-19T13:38:30.203+0000] {logging_mixin.py:188} INFO - [2026-05-19T13:38:30.203+0000] {dag.py:3954} INFO - Setting next_dagrun for example_local_kubernetes_executor to None, run_after=None
[2026-05-19T13:38:30.251+0000] {processor.py:183} INFO - Processing /home/airflow/.local/lib/python3.12/site-packages/airflow/example_dags/example_local_kubernetes_executor.py took 0.161 seconds
[2026-05-19T13:39:00.601+0000] {processor.py:161} INFO - Started process (PID=1027) to work on /home/airflow/.local/lib/python3.12/site-packages/airflow/example_dags/example_local_kubernetes_executor.py
[2026-05-19T13:39:00.603+0000] {processor.py:830} INFO - Processing file /home/airflow/.local/lib/python3.12/site-packages/airflow/example_dags/example_local_kubernetes_executor.py for tasks to queue
[2026-05-19T13:39:00.609+0000] {logging_mixin.py:188} INFO - [2026-05-19T13:39:00.608+0000] {dagbag.py:545} INFO - Filling up the DagBag from /home/airflow/.local/lib/python3.12/site-packages/airflow/example_dags/example_local_kubernetes_executor.py
[2026-05-19T13:39:00.620+0000] {processor.py:840} INFO - DAG(s) 'example_local_kubernetes_executor' retrieved from /home/airflow/.local/lib/python3.12/site-packages/airflow/example_dags/example_local_kubernetes_executor.py
[2026-05-19T13:39:00.704+0000] {logging_mixin.py:188} INFO - [2026-05-19T13:39:00.704+0000] {dag.py:3096} INFO - Sync 1 DAGs
[2026-05-19T13:39:00.750+0000] {logging_mixin.py:188} INFO - [2026-05-19T13:39:00.750+0000] {dag.py:3954} INFO - Setting next_dagrun for example_local_kubernetes_executor to None, run_after=None
[2026-05-19T13:39:00.802+0000] {processor.py:183} INFO - Processing /home/airflow/.local/lib/python3.12/site-packages/airflow/example_dags/example_local_kubernetes_executor.py took 0.210 seconds
[2026-05-19T13:39:31.820+0000] {processor.py:161} INFO - Started process (PID=1086) to work on /home/airflow/.local/lib/python3.12/site-packages/airflow/example_dags/example_local_kubernetes_executor.py
[2026-05-19T13:39:31.822+0000] {processor.py:830} INFO - Processing file /home/airflow/.local/lib/python3.12/site-packages/airflow/example_dags/example_local_kubernetes_executor.py for tasks to queue
[2026-05-19T13:39:31.825+0000] {logging_mixin.py:188} INFO - [2026-05-19T13:39:31.824+0000] {dagbag.py:545} INFO - Filling up the DagBag from /home/airflow/.local/lib/python3.12/site-packages/airflow/example_dags/example_local_kubernetes_executor.py
[2026-05-19T13:39:31.835+0000] {processor.py:840} INFO - DAG(s) 'example_local_kubernetes_executor' retrieved from /home/airflow/.local/lib/python3.12/site-packages/airflow/example_dags/example_local_kubernetes_executor.py
[2026-05-19T13:39:31.894+0000] {logging_mixin.py:188} INFO - [2026-05-19T13:39:31.894+0000] {dag.py:3096} INFO - Sync 1 DAGs
[2026-05-19T13:39:31.909+0000] {logging_mixin.py:188} INFO - [2026-05-19T13:39:31.909+0000] {dag.py:3954} INFO - Setting next_dagrun for example_local_kubernetes_executor to None, run_after=None
[2026-05-19T13:39:31.945+0000] {processor.py:183} INFO - Processing /home/airflow/.local/lib/python3.12/site-packages/airflow/example_dags/example_local_kubernetes_executor.py took 0.133 seconds
[2026-05-19T13:40:02.284+0000] {processor.py:161} INFO - Started process (PID=1145) to work on /home/airflow/.local/lib/python3.12/site-packages/airflow/example_dags/example_local_kubernetes_executor.py
[2026-05-19T13:40:02.286+0000] {processor.py:830} INFO - Processing file /home/airflow/.local/lib/python3.12/site-packages/airflow/example_dags/example_local_kubernetes_executor.py for tasks to queue
[2026-05-19T13:40:02.289+0000] {logging_mixin.py:188} INFO - [2026-05-19T13:40:02.289+0000] {dagbag.py:545} INFO - Filling up the DagBag from /home/airflow/.local/lib/python3.12/site-packages/airflow/example_dags/example_local_kubernetes_executor.py
[2026-05-19T13:40:02.301+0000] {processor.py:840} INFO - DAG(s) 'example_local_kubernetes_executor' retrieved from /home/airflow/.local/lib/python3.12/site-packages/airflow/example_dags/example_local_kubernetes_executor.py
[2026-05-19T13:40:02.340+0000] {logging_mixin.py:188} INFO - [2026-05-19T13:40:02.339+0000] {dag.py:3096} INFO - Sync 1 DAGs
[2026-05-19T13:40:02.361+0000] {logging_mixin.py:188} INFO - [2026-05-19T13:40:02.361+0000] {dag.py:3954} INFO - Setting next_dagrun for example_local_kubernetes_executor to None, run_after=None
[2026-05-19T13:40:02.388+0000] {processor.py:183} INFO - Processing /home/airflow/.local/lib/python3.12/site-packages/airflow/example_dags/example_local_kubernetes_executor.py took 0.110 seconds
[2026-05-19T13:40:32.589+0000] {processor.py:161} INFO - Started process (PID=1204) to work on /home/airflow/.local/lib/python3.12/site-packages/airflow/example_dags/example_local_kubernetes_executor.py
[2026-05-19T13:40:32.591+0000] {processor.py:830} INFO - Processing file /home/airflow/.local/lib/python3.12/site-packages/airflow/example_dags/example_local_kubernetes_executor.py for tasks to queue
[2026-05-19T13:40:32.595+0000] {logging_mixin.py:188} INFO - [2026-05-19T13:40:32.595+0000] {dagbag.py:545} INFO - Filling up the DagBag from /home/airflow/.local/lib/python3.12/site-packages/airflow/example_dags/example_local_kubernetes_executor.py
[2026-05-19T13:40:32.612+0000] {processor.py:840} INFO - DAG(s) 'example_local_kubernetes_executor' retrieved from /home/airflow/.local/lib/python3.12/site-packages/airflow/example_dags/example_local_kubernetes_executor.py
[2026-05-19T13:40:32.689+0000] {logging_mixin.py:188} INFO - [2026-05-19T13:40:32.688+0000] {dag.py:3096} INFO - Sync 1 DAGs
[2026-05-19T13:40:32.715+0000] {logging_mixin.py:188} INFO - [2026-05-19T13:40:32.714+0000] {dag.py:3954} INFO - Setting next_dagrun for example_local_kubernetes_executor to None, run_after=None
[2026-05-19T13:40:32.757+0000] {processor.py:183} INFO - Processing /home/airflow/.local/lib/python3.12/site-packages/airflow/example_dags/example_local_kubernetes_executor.py took 0.177 seconds
[2026-05-19T13:41:03.598+0000] {processor.py:161} INFO - Started process (PID=1263) to work on /home/airflow/.local/lib/python3.12/site-packages/airflow/example_dags/example_local_kubernetes_executor.py
[2026-05-19T13:41:03.601+0000] {processor.py:830} INFO - Processing file /home/airflow/.local/lib/python3.12/site-packages/airflow/example_dags/example_local_kubernetes_executor.py for tasks to queue
[2026-05-19T13:41:03.615+0000] {logging_mixin.py:188} INFO - [2026-05-19T13:41:03.614+0000] {dagbag.py:545} INFO - Filling up the DagBag from /home/airflow/.local/lib/python3.12/site-packages/airflow/example_dags/example_local_kubernetes_executor.py
[2026-05-19T13:41:03.643+0000] {processor.py:840} INFO - DAG(s) 'example_local_kubernetes_executor' retrieved from /home/airflow/.local/lib/python3.12/site-packages/airflow/example_dags/example_local_kubernetes_executor.py
[2026-05-19T13:41:03.749+0000] {logging_mixin.py:188} INFO - [2026-05-19T13:41:03.749+0000] {dag.py:3096} INFO - Sync 1 DAGs
[2026-05-19T13:41:03.776+0000] {logging_mixin.py:188} INFO - [2026-05-19T13:41:03.775+0000] {dag.py:3954} INFO - Setting next_dagrun for example_local_kubernetes_executor to None, run_after=None
[2026-05-19T13:41:03.829+0000] {processor.py:183} INFO - Processing /home/airflow/.local/lib/python3.12/site-packages/airflow/example_dags/example_local_kubernetes_executor.py took 0.256 seconds
[2026-05-19T13:41:34.301+0000] {processor.py:161} INFO - Started process (PID=1322) to work on /home/airflow/.local/lib/python3.12/site-packages/airflow/example_dags/example_local_kubernetes_executor.py
[2026-05-19T13:41:34.308+0000] {processor.py:830} INFO - Processing file /home/airflow/.local/lib/python3.12/site-packages/airflow/example_dags/example_local_kubernetes_executor.py for tasks to queue
[2026-05-19T13:41:34.326+0000] {logging_mixin.py:188} INFO - [2026-05-19T13:41:34.324+0000] {dagbag.py:545} INFO - Filling up the DagBag from /home/airflow/.local/lib/python3.12/site-packages/airflow/example_dags/example_local_kubernetes_executor.py
[2026-05-19T13:41:34.345+0000] {processor.py:840} INFO - DAG(s) 'example_local_kubernetes_executor' retrieved from /home/airflow/.local/lib/python3.12/site-packages/airflow/example_dags/example_local_kubernetes_executor.py
[2026-05-19T13:41:34.541+0000] {logging_mixin.py:188} INFO - [2026-05-19T13:41:34.540+0000] {dag.py:3096} INFO - Sync 1 DAGs
[2026-05-19T13:41:34.592+0000] {logging_mixin.py:188} INFO - [2026-05-19T13:41:34.592+0000] {dag.py:3954} INFO - Setting next_dagrun for example_local_kubernetes_executor to None, run_after=None
[2026-05-19T13:41:34.670+0000] {processor.py:183} INFO - Processing /home/airflow/.local/lib/python3.12/site-packages/airflow/example_dags/example_local_kubernetes_executor.py took 0.401 seconds
[2026-05-19T13:42:04.793+0000] {processor.py:161} INFO - Started process (PID=1380) to work on /home/airflow/.local/lib/python3.12/site-packages/airflow/example_dags/example_local_kubernetes_executor.py
[2026-05-19T13:42:04.795+0000] {processor.py:830} INFO - Processing file /home/airflow/.local/lib/python3.12/site-packages/airflow/example_dags/example_local_kubernetes_executor.py for tasks to queue
[2026-05-19T13:42:04.798+0000] {logging_mixin.py:188} INFO - [2026-05-19T13:42:04.798+0000] {dagbag.py:545} INFO - Filling up the DagBag from /home/airflow/.local/lib/python3.12/site-packages/airflow/example_dags/example_local_kubernetes_executor.py
[2026-05-19T13:42:04.811+0000] {processor.py:840} INFO - DAG(s) 'example_local_kubernetes_executor' retrieved from /home/airflow/.local/lib/python3.12/site-packages/airflow/example_dags/example_local_kubernetes_executor.py
[2026-05-19T13:42:04.853+0000] {logging_mixin.py:188} INFO - [2026-05-19T13:42:04.852+0000] {dag.py:3096} INFO - Sync 1 DAGs
[2026-05-19T13:42:04.872+0000] {logging_mixin.py:188} INFO - [2026-05-19T13:42:04.871+0000] {dag.py:3954} INFO - Setting next_dagrun for example_local_kubernetes_executor to None, run_after=None
[2026-05-19T13:42:04.906+0000] {processor.py:183} INFO - Processing /home/airflow/.local/lib/python3.12/site-packages/airflow/example_dags/example_local_kubernetes_executor.py took 0.120 seconds
[2026-05-19T13:42:35.016+0000] {processor.py:161} INFO - Started process (PID=1439) to work on /home/airflow/.local/lib/python3.12/site-packages/airflow/example_dags/example_local_kubernetes_executor.py
[2026-05-19T13:42:35.018+0000] {processor.py:830} INFO - Processing file /home/airflow/.local/lib/python3.12/site-packages/airflow/example_dags/example_local_kubernetes_executor.py for tasks to queue
[2026-05-19T13:42:35.023+0000] {logging_mixin.py:188} INFO - [2026-05-19T13:42:35.022+0000] {dagbag.py:545} INFO - Filling up the DagBag from /home/airflow/.local/lib/python3.12/site-packages/airflow/example_dags/example_local_kubernetes_executor.py
[2026-05-19T13:42:35.033+0000] {processor.py:840} INFO - DAG(s) 'example_local_kubernetes_executor' retrieved from /home/airflow/.local/lib/python3.12/site-packages/airflow/example_dags/example_local_kubernetes_executor.py
[2026-05-19T13:42:35.086+0000] {logging_mixin.py:188} INFO - [2026-05-19T13:42:35.085+0000] {dag.py:3096} INFO - Sync 1 DAGs
[2026-05-19T13:42:35.100+0000] {logging_mixin.py:188} INFO - [2026-05-19T13:42:35.099+0000] {dag.py:3954} INFO - Setting next_dagrun for example_local_kubernetes_executor to None, run_after=None
[2026-05-19T13:42:35.121+0000] {processor.py:183} INFO - Processing /home/airflow/.local/lib/python3.12/site-packages/airflow/example_dags/example_local_kubernetes_executor.py took 0.121 seconds
[2026-05-19T13:43:05.441+0000] {processor.py:161} INFO - Started process (PID=1498) to work on /home/airflow/.local/lib/python3.12/site-packages/airflow/example_dags/example_local_kubernetes_executor.py
[2026-05-19T13:43:05.443+0000] {processor.py:830} INFO - Processing file /home/airflow/.local/lib/python3.12/site-packages/airflow/example_dags/example_local_kubernetes_executor.py for tasks to queue
[2026-05-19T13:43:05.445+0000] {logging_mixin.py:188} INFO - [2026-05-19T13:43:05.445+0000] {dagbag.py:545} INFO - Filling up the DagBag from /home/airflow/.local/lib/python3.12/site-packages/airflow/example_dags/example_local_kubernetes_executor.py
[2026-05-19T13:43:05.457+0000] {processor.py:840} INFO - DAG(s) 'example_local_kubernetes_executor' retrieved from /home/airflow/.local/lib/python3.12/site-packages/airflow/example_dags/example_local_kubernetes_executor.py
[2026-05-19T13:43:05.500+0000] {logging_mixin.py:188} INFO - [2026-05-19T13:43:05.500+0000] {dag.py:3096} INFO - Sync 1 DAGs
[2026-05-19T13:43:05.515+0000] {logging_mixin.py:188} INFO - [2026-05-19T13:43:05.514+0000] {dag.py:3954} INFO - Setting next_dagrun for example_local_kubernetes_executor to None, run_after=None
[2026-05-19T13:43:05.551+0000] {processor.py:183} INFO - Processing /home/airflow/.local/lib/python3.12/site-packages/airflow/example_dags/example_local_kubernetes_executor.py took 0.115 seconds
[2026-05-19T13:43:35.845+0000] {processor.py:161} INFO - Started process (PID=1558) to work on /home/airflow/.local/lib/python3.12/site-packages/airflow/example_dags/example_local_kubernetes_executor.py
[2026-05-19T13:43:35.848+0000] {processor.py:830} INFO - Processing file /home/airflow/.local/lib/python3.12/site-packages/airflow/example_dags/example_local_kubernetes_executor.py for tasks to queue
[2026-05-19T13:43:35.854+0000] {logging_mixin.py:188} INFO - [2026-05-19T13:43:35.852+0000] {dagbag.py:545} INFO - Filling up the DagBag from /home/airflow/.local/lib/python3.12/site-packages/airflow/example_dags/example_local_kubernetes_executor.py
[2026-05-19T13:43:35.877+0000] {processor.py:840} INFO - DAG(s) 'example_local_kubernetes_executor' retrieved from /home/airflow/.local/lib/python3.12/site-packages/airflow/example_dags/example_local_kubernetes_executor.py
[2026-05-19T13:43:35.978+0000] {logging_mixin.py:188} INFO - [2026-05-19T13:43:35.978+0000] {dag.py:3096} INFO - Sync 1 DAGs
[2026-05-19T13:43:36.007+0000] {logging_mixin.py:188} INFO - [2026-05-19T13:43:36.007+0000] {dag.py:3954} INFO - Setting next_dagrun for example_local_kubernetes_executor to None, run_after=None
[2026-05-19T13:43:36.071+0000] {processor.py:183} INFO - Processing /home/airflow/.local/lib/python3.12/site-packages/airflow/example_dags/example_local_kubernetes_executor.py took 0.248 seconds
[2026-05-19T13:44:06.596+0000] {processor.py:161} INFO - Started process (PID=1615) to work on /home/airflow/.local/lib/python3.12/site-packages/airflow/example_dags/example_local_kubernetes_executor.py
[2026-05-19T13:44:06.598+0000] {processor.py:830} INFO - Processing file /home/airflow/.local/lib/python3.12/site-packages/airflow/example_dags/example_local_kubernetes_executor.py for tasks to queue
[2026-05-19T13:44:06.601+0000] {logging_mixin.py:188} INFO - [2026-05-19T13:44:06.600+0000] {dagbag.py:545} INFO - Filling up the DagBag from /home/airflow/.local/lib/python3.12/site-packages/airflow/example_dags/example_local_kubernetes_executor.py
[2026-05-19T13:44:06.609+0000] {processor.py:840} INFO - DAG(s) 'example_local_kubernetes_executor' retrieved from /home/airflow/.local/lib/python3.12/site-packages/airflow/example_dags/example_local_kubernetes_executor.py
[2026-05-19T13:44:06.663+0000] {logging_mixin.py:188} INFO - [2026-05-19T13:44:06.662+0000] {dag.py:3096} INFO - Sync 1 DAGs
[2026-05-19T13:44:06.676+0000] {logging_mixin.py:188} INFO - [2026-05-19T13:44:06.676+0000] {dag.py:3954} INFO - Setting next_dagrun for example_local_kubernetes_executor to None, run_after=None
[2026-05-19T13:44:06.709+0000] {processor.py:183} INFO - Processing /home/airflow/.local/lib/python3.12/site-packages/airflow/example_dags/example_local_kubernetes_executor.py took 0.120 seconds
[2026-05-19T13:44:36.820+0000] {processor.py:161} INFO - Started process (PID=1674) to work on /home/airflow/.local/lib/python3.12/site-packages/airflow/example_dags/example_local_kubernetes_executor.py
[2026-05-19T13:44:36.822+0000] {processor.py:830} INFO - Processing file /home/airflow/.local/lib/python3.12/site-packages/airflow/example_dags/example_local_kubernetes_executor.py for tasks to queue
[2026-05-19T13:44:36.825+0000] {logging_mixin.py:188} INFO - [2026-05-19T13:44:36.825+0000] {dagbag.py:545} INFO - Filling up the DagBag from /home/airflow/.local/lib/python3.12/site-packages/airflow/example_dags/example_local_kubernetes_executor.py
[2026-05-19T13:44:36.832+0000] {processor.py:840} INFO - DAG(s) 'example_local_kubernetes_executor' retrieved from /home/airflow/.local/lib/python3.12/site-packages/airflow/example_dags/example_local_kubernetes_executor.py
[2026-05-19T13:44:36.869+0000] {logging_mixin.py:188} INFO - [2026-05-19T13:44:36.868+0000] {dag.py:3096} INFO - Sync 1 DAGs
[2026-05-19T13:44:36.881+0000] {logging_mixin.py:188} INFO - [2026-05-19T13:44:36.881+0000] {dag.py:3954} INFO - Setting next_dagrun for example_local_kubernetes_executor to None, run_after=None
[2026-05-19T13:44:36.914+0000] {processor.py:183} INFO - Processing /home/airflow/.local/lib/python3.12/site-packages/airflow/example_dags/example_local_kubernetes_executor.py took 0.099 seconds
[2026-05-19T13:45:07.254+0000] {processor.py:161} INFO - Started process (PID=1733) to work on /home/airflow/.local/lib/python3.12/site-packages/airflow/example_dags/example_local_kubernetes_executor.py
[2026-05-19T13:45:07.256+0000] {processor.py:830} INFO - Processing file /home/airflow/.local/lib/python3.12/site-packages/airflow/example_dags/example_local_kubernetes_executor.py for tasks to queue
[2026-05-19T13:45:07.261+0000] {logging_mixin.py:188} INFO - [2026-05-19T13:45:07.260+0000] {dagbag.py:545} INFO - Filling up the DagBag from /home/airflow/.local/lib/python3.12/site-packages/airflow/example_dags/example_local_kubernetes_executor.py
[2026-05-19T13:45:07.272+0000] {processor.py:840} INFO - DAG(s) 'example_local_kubernetes_executor' retrieved from /home/airflow/.local/lib/python3.12/site-packages/airflow/example_dags/example_local_kubernetes_executor.py
[2026-05-19T13:45:07.336+0000] {logging_mixin.py:188} INFO - [2026-05-19T13:45:07.335+0000] {dag.py:3096} INFO - Sync 1 DAGs
[2026-05-19T13:45:07.363+0000] {logging_mixin.py:188} INFO - [2026-05-19T13:45:07.363+0000] {dag.py:3954} INFO - Setting next_dagrun for example_local_kubernetes_executor to None, run_after=None
[2026-05-19T13:45:07.405+0000] {processor.py:183} INFO - Processing /home/airflow/.local/lib/python3.12/site-packages/airflow/example_dags/example_local_kubernetes_executor.py took 0.164 seconds
[2026-05-19T13:45:37.800+0000] {processor.py:161} INFO - Started process (PID=1792) to work on /home/airflow/.local/lib/python3.12/site-packages/airflow/example_dags/example_local_kubernetes_executor.py
[2026-05-19T13:45:37.802+0000] {processor.py:830} INFO - Processing file /home/airflow/.local/lib/python3.12/site-packages/airflow/example_dags/example_local_kubernetes_executor.py for tasks to queue
[2026-05-19T13:45:37.806+0000] {logging_mixin.py:188} INFO - [2026-05-19T13:45:37.805+0000] {dagbag.py:545} INFO - Filling up the DagBag from /home/airflow/.local/lib/python3.12/site-packages/airflow/example_dags/example_local_kubernetes_executor.py
[2026-05-19T13:45:37.818+0000] {processor.py:840} INFO - DAG(s) 'example_local_kubernetes_executor' retrieved from /home/airflow/.local/lib/python3.12/site-packages/airflow/example_dags/example_local_kubernetes_executor.py
[2026-05-19T13:45:37.859+0000] {logging_mixin.py:188} INFO - [2026-05-19T13:45:37.859+0000] {dag.py:3096} INFO - Sync 1 DAGs
[2026-05-19T13:45:37.881+0000] {logging_mixin.py:188} INFO - [2026-05-19T13:45:37.881+0000] {dag.py:3954} INFO - Setting next_dagrun for example_local_kubernetes_executor to None, run_after=None
[2026-05-19T13:45:37.910+0000] {processor.py:183} INFO - Processing /home/airflow/.local/lib/python3.12/site-packages/airflow/example_dags/example_local_kubernetes_executor.py took 0.117 seconds
[2026-05-19T13:46:08.153+0000] {processor.py:161} INFO - Started process (PID=1851) to work on /home/airflow/.local/lib/python3.12/site-packages/airflow/example_dags/example_local_kubernetes_executor.py
[2026-05-19T13:46:08.155+0000] {processor.py:830} INFO - Processing file /home/airflow/.local/lib/python3.12/site-packages/airflow/example_dags/example_local_kubernetes_executor.py for tasks to queue
[2026-05-19T13:46:08.159+0000] {logging_mixin.py:188} INFO - [2026-05-19T13:46:08.159+0000] {dagbag.py:545} INFO - Filling up the DagBag from /home/airflow/.local/lib/python3.12/site-packages/airflow/example_dags/example_local_kubernetes_executor.py
[2026-05-19T13:46:08.168+0000] {processor.py:840} INFO - DAG(s) 'example_local_kubernetes_executor' retrieved from /home/airflow/.local/lib/python3.12/site-packages/airflow/example_dags/example_local_kubernetes_executor.py
[2026-05-19T13:46:08.206+0000] {logging_mixin.py:188} INFO - [2026-05-19T13:46:08.206+0000] {dag.py:3096} INFO - Sync 1 DAGs
[2026-05-19T13:46:08.225+0000] {logging_mixin.py:188} INFO - [2026-05-19T13:46:08.225+0000] {dag.py:3954} INFO - Setting next_dagrun for example_local_kubernetes_executor to None, run_after=None
[2026-05-19T13:46:08.250+0000] {processor.py:183} INFO - Processing /home/airflow/.local/lib/python3.12/site-packages/airflow/example_dags/example_local_kubernetes_executor.py took 0.104 seconds
[2026-05-19T13:46:38.676+0000] {processor.py:161} INFO - Started process (PID=1911) to work on /home/airflow/.local/lib/python3.12/site-packages/airflow/example_dags/example_local_kubernetes_executor.py
[2026-05-19T13:46:38.678+0000] {processor.py:830} INFO - Processing file /home/airflow/.local/lib/python3.12/site-packages/airflow/example_dags/example_local_kubernetes_executor.py for tasks to queue
[2026-05-19T13:46:38.680+0000] {logging_mixin.py:188} INFO - [2026-05-19T13:46:38.679+0000] {dagbag.py:545} INFO - Filling up the DagBag from /home/airflow/.local/lib/python3.12/site-packages/airflow/example_dags/example_local_kubernetes_executor.py
[2026-05-19T13:46:38.695+0000] {processor.py:840} INFO - DAG(s) 'example_local_kubernetes_executor' retrieved from /home/airflow/.local/lib/python3.12/site-packages/airflow/example_dags/example_local_kubernetes_executor.py
[2026-05-19T13:46:38.748+0000] {logging_mixin.py:188} INFO - [2026-05-19T13:46:38.748+0000] {dag.py:3096} INFO - Sync 1 DAGs
[2026-05-19T13:46:38.772+0000] {logging_mixin.py:188} INFO - [2026-05-19T13:46:38.771+0000] {dag.py:3954} INFO - Setting next_dagrun for example_local_kubernetes_executor to None, run_after=None
[2026-05-19T13:46:38.804+0000] {processor.py:183} INFO - Processing /home/airflow/.local/lib/python3.12/site-packages/airflow/example_dags/example_local_kubernetes_executor.py took 0.134 seconds
[2026-05-19T13:47:09.337+0000] {processor.py:161} INFO - Started process (PID=1970) to work on /home/airflow/.local/lib/python3.12/site-packages/airflow/example_dags/example_local_kubernetes_executor.py
[2026-05-19T13:47:09.338+0000] {processor.py:830} INFO - Processing file /home/airflow/.local/lib/python3.12/site-packages/airflow/example_dags/example_local_kubernetes_executor.py for tasks to queue
[2026-05-19T13:47:09.341+0000] {logging_mixin.py:188} INFO - [2026-05-19T13:47:09.341+0000] {dagbag.py:545} INFO - Filling up the DagBag from /home/airflow/.local/lib/python3.12/site-packages/airflow/example_dags/example_local_kubernetes_executor.py
[2026-05-19T13:47:09.350+0000] {processor.py:840} INFO - DAG(s) 'example_local_kubernetes_executor' retrieved from /home/airflow/.local/lib/python3.12/site-packages/airflow/example_dags/example_local_kubernetes_executor.py
[2026-05-19T13:47:09.386+0000] {logging_mixin.py:188} INFO - [2026-05-19T13:47:09.386+0000] {dag.py:3096} INFO - Sync 1 DAGs
[2026-05-19T13:47:09.402+0000] {logging_mixin.py:188} INFO - [2026-05-19T13:47:09.402+0000] {dag.py:3954} INFO - Setting next_dagrun for example_local_kubernetes_executor to None, run_after=None
[2026-05-19T13:47:09.424+0000] {processor.py:183} INFO - Processing /home/airflow/.local/lib/python3.12/site-packages/airflow/example_dags/example_local_kubernetes_executor.py took 0.092 seconds
[2026-05-19T13:47:39.836+0000] {processor.py:161} INFO - Started process (PID=2029) to work on /home/airflow/.local/lib/python3.12/site-packages/airflow/example_dags/example_local_kubernetes_executor.py
[2026-05-19T13:47:39.837+0000] {processor.py:830} INFO - Processing file /home/airflow/.local/lib/python3.12/site-packages/airflow/example_dags/example_local_kubernetes_executor.py for tasks to queue
[2026-05-19T13:47:39.840+0000] {logging_mixin.py:188} INFO - [2026-05-19T13:47:39.840+0000] {dagbag.py:545} INFO - Filling up the DagBag from /home/airflow/.local/lib/python3.12/site-packages/airflow/example_dags/example_local_kubernetes_executor.py
[2026-05-19T13:47:39.851+0000] {processor.py:840} INFO - DAG(s) 'example_local_kubernetes_executor' retrieved from /home/airflow/.local/lib/python3.12/site-packages/airflow/example_dags/example_local_kubernetes_executor.py
[2026-05-19T13:47:39.888+0000] {logging_mixin.py:188} INFO - [2026-05-19T13:47:39.888+0000] {dag.py:3096} INFO - Sync 1 DAGs
[2026-05-19T13:47:39.901+0000] {logging_mixin.py:188} INFO - [2026-05-19T13:47:39.901+0000] {dag.py:3954} INFO - Setting next_dagrun for example_local_kubernetes_executor to None, run_after=None
[2026-05-19T13:47:39.927+0000] {processor.py:183} INFO - Processing /home/airflow/.local/lib/python3.12/site-packages/airflow/example_dags/example_local_kubernetes_executor.py took 0.099 seconds
[2026-05-19T13:48:10.508+0000] {processor.py:161} INFO - Started process (PID=2088) to work on /home/airflow/.local/lib/python3.12/site-packages/airflow/example_dags/example_local_kubernetes_executor.py
[2026-05-19T13:48:10.509+0000] {processor.py:830} INFO - Processing file /home/airflow/.local/lib/python3.12/site-packages/airflow/example_dags/example_local_kubernetes_executor.py for tasks to queue
[2026-05-19T13:48:10.511+0000] {logging_mixin.py:188} INFO - [2026-05-19T13:48:10.511+0000] {dagbag.py:545} INFO - Filling up the DagBag from /home/airflow/.local/lib/python3.12/site-packages/airflow/example_dags/example_local_kubernetes_executor.py
[2026-05-19T13:48:10.518+0000] {processor.py:840} INFO - DAG(s) 'example_local_kubernetes_executor' retrieved from /home/airflow/.local/lib/python3.12/site-packages/airflow/example_dags/example_local_kubernetes_executor.py
[2026-05-19T13:48:10.557+0000] {logging_mixin.py:188} INFO - [2026-05-19T13:48:10.556+0000] {dag.py:3096} INFO - Sync 1 DAGs
[2026-05-19T13:48:10.568+0000] {logging_mixin.py:188} INFO - [2026-05-19T13:48:10.568+0000] {dag.py:3954} INFO - Setting next_dagrun for example_local_kubernetes_executor to None, run_after=None
[2026-05-19T13:48:10.592+0000] {processor.py:183} INFO - Processing /home/airflow/.local/lib/python3.12/site-packages/airflow/example_dags/example_local_kubernetes_executor.py took 0.091 seconds
[2026-05-19T13:48:41.145+0000] {processor.py:161} INFO - Started process (PID=2147) to work on /home/airflow/.local/lib/python3.12/site-packages/airflow/example_dags/example_local_kubernetes_executor.py
[2026-05-19T13:48:41.148+0000] {processor.py:830} INFO - Processing file /home/airflow/.local/lib/python3.12/site-packages/airflow/example_dags/example_local_kubernetes_executor.py for tasks to queue
[2026-05-19T13:48:41.154+0000] {logging_mixin.py:188} INFO - [2026-05-19T13:48:41.153+0000] {dagbag.py:545} INFO - Filling up the DagBag from /home/airflow/.local/lib/python3.12/site-packages/airflow/example_dags/example_local_kubernetes_executor.py
[2026-05-19T13:48:41.168+0000] {processor.py:840} INFO - DAG(s) 'example_local_kubernetes_executor' retrieved from /home/airflow/.local/lib/python3.12/site-packages/airflow/example_dags/example_local_kubernetes_executor.py
[2026-05-19T13:48:41.221+0000] {logging_mixin.py:188} INFO - [2026-05-19T13:48:41.221+0000] {dag.py:3096} INFO - Sync 1 DAGs
[2026-05-19T13:48:41.238+0000] {logging_mixin.py:188} INFO - [2026-05-19T13:48:41.238+0000] {dag.py:3954} INFO - Setting next_dagrun for example_local_kubernetes_executor to None, run_after=None
[2026-05-19T13:48:41.273+0000] {processor.py:183} INFO - Processing /home/airflow/.local/lib/python3.12/site-packages/airflow/example_dags/example_local_kubernetes_executor.py took 0.140 seconds
[2026-05-19T13:49:12.175+0000] {processor.py:161} INFO - Started process (PID=2206) to work on /home/airflow/.local/lib/python3.12/site-packages/airflow/example_dags/example_local_kubernetes_executor.py
[2026-05-19T13:49:12.178+0000] {processor.py:830} INFO - Processing file /home/airflow/.local/lib/python3.12/site-packages/airflow/example_dags/example_local_kubernetes_executor.py for tasks to queue
[2026-05-19T13:49:12.182+0000] {logging_mixin.py:188} INFO - [2026-05-19T13:49:12.181+0000] {dagbag.py:545} INFO - Filling up the DagBag from /home/airflow/.local/lib/python3.12/site-packages/airflow/example_dags/example_local_kubernetes_executor.py
[2026-05-19T13:49:12.195+0000] {processor.py:840} INFO - DAG(s) 'example_local_kubernetes_executor' retrieved from /home/airflow/.local/lib/python3.12/site-packages/airflow/example_dags/example_local_kubernetes_executor.py
[2026-05-19T13:49:12.241+0000] {logging_mixin.py:188} INFO - [2026-05-19T13:49:12.241+0000] {dag.py:3096} INFO - Sync 1 DAGs
[2026-05-19T13:49:12.256+0000] {logging_mixin.py:188} INFO - [2026-05-19T13:49:12.256+0000] {dag.py:3954} INFO - Setting next_dagrun for example_local_kubernetes_executor to None, run_after=None
[2026-05-19T13:49:12.283+0000] {processor.py:183} INFO - Processing /home/airflow/.local/lib/python3.12/site-packages/airflow/example_dags/example_local_kubernetes_executor.py took 0.116 seconds
[2026-05-19T13:49:42.560+0000] {processor.py:161} INFO - Started process (PID=2265) to work on /home/airflow/.local/lib/python3.12/site-packages/airflow/example_dags/example_local_kubernetes_executor.py
[2026-05-19T13:49:42.562+0000] {processor.py:830} INFO - Processing file /home/airflow/.local/lib/python3.12/site-packages/airflow/example_dags/example_local_kubernetes_executor.py for tasks to queue
[2026-05-19T13:49:42.565+0000] {logging_mixin.py:188} INFO - [2026-05-19T13:49:42.565+0000] {dagbag.py:545} INFO - Filling up the DagBag from /home/airflow/.local/lib/python3.12/site-packages/airflow/example_dags/example_local_kubernetes_executor.py
[2026-05-19T13:49:42.574+0000] {processor.py:840} INFO - DAG(s) 'example_local_kubernetes_executor' retrieved from /home/airflow/.local/lib/python3.12/site-packages/airflow/example_dags/example_local_kubernetes_executor.py
[2026-05-19T13:49:42.608+0000] {logging_mixin.py:188} INFO - [2026-05-19T13:49:42.608+0000] {dag.py:3096} INFO - Sync 1 DAGs
[2026-05-19T13:49:42.622+0000] {logging_mixin.py:188} INFO - [2026-05-19T13:49:42.622+0000] {dag.py:3954} INFO - Setting next_dagrun for example_local_kubernetes_executor to None, run_after=None
[2026-05-19T13:49:42.652+0000] {processor.py:183} INFO - Processing /home/airflow/.local/lib/python3.12/site-packages/airflow/example_dags/example_local_kubernetes_executor.py took 0.098 seconds
[2026-05-19T13:50:12.808+0000] {processor.py:161} INFO - Started process (PID=2324) to work on /home/airflow/.local/lib/python3.12/site-packages/airflow/example_dags/example_local_kubernetes_executor.py
[2026-05-19T13:50:12.809+0000] {processor.py:830} INFO - Processing file /home/airflow/.local/lib/python3.12/site-packages/airflow/example_dags/example_local_kubernetes_executor.py for tasks to queue
[2026-05-19T13:50:12.812+0000] {logging_mixin.py:188} INFO - [2026-05-19T13:50:12.811+0000] {dagbag.py:545} INFO - Filling up the DagBag from /home/airflow/.local/lib/python3.12/site-packages/airflow/example_dags/example_local_kubernetes_executor.py
[2026-05-19T13:50:12.825+0000] {processor.py:840} INFO - DAG(s) 'example_local_kubernetes_executor' retrieved from /home/airflow/.local/lib/python3.12/site-packages/airflow/example_dags/example_local_kubernetes_executor.py
[2026-05-19T13:50:12.879+0000] {logging_mixin.py:188} INFO - [2026-05-19T13:50:12.879+0000] {dag.py:3096} INFO - Sync 1 DAGs
[2026-05-19T13:50:12.899+0000] {logging_mixin.py:188} INFO - [2026-05-19T13:50:12.899+0000] {dag.py:3954} INFO - Setting next_dagrun for example_local_kubernetes_executor to None, run_after=None
[2026-05-19T13:50:12.939+0000] {processor.py:183} INFO - Processing /home/airflow/.local/lib/python3.12/site-packages/airflow/example_dags/example_local_kubernetes_executor.py took 0.139 seconds
[2026-05-19T13:50:43.224+0000] {processor.py:161} INFO - Started process (PID=2383) to work on /home/airflow/.local/lib/python3.12/site-packages/airflow/example_dags/example_local_kubernetes_executor.py
[2026-05-19T13:50:43.226+0000] {processor.py:830} INFO - Processing file /home/airflow/.local/lib/python3.12/site-packages/airflow/example_dags/example_local_kubernetes_executor.py for tasks to queue
[2026-05-19T13:50:43.229+0000] {logging_mixin.py:188} INFO - [2026-05-19T13:50:43.228+0000] {dagbag.py:545} INFO - Filling up the DagBag from /home/airflow/.local/lib/python3.12/site-packages/airflow/example_dags/example_local_kubernetes_executor.py
[2026-05-19T13:50:43.238+0000] {processor.py:840} INFO - DAG(s) 'example_local_kubernetes_executor' retrieved from /home/airflow/.local/lib/python3.12/site-packages/airflow/example_dags/example_local_kubernetes_executor.py
[2026-05-19T13:50:43.290+0000] {logging_mixin.py:188} INFO - [2026-05-19T13:50:43.290+0000] {dag.py:3096} INFO - Sync 1 DAGs
[2026-05-19T13:50:43.305+0000] {logging_mixin.py:188} INFO - [2026-05-19T13:50:43.305+0000] {dag.py:3954} INFO - Setting next_dagrun for example_local_kubernetes_executor to None, run_after=None
[2026-05-19T13:50:43.353+0000] {processor.py:183} INFO - Processing /home/airflow/.local/lib/python3.12/site-packages/airflow/example_dags/example_local_kubernetes_executor.py took 0.136 seconds
[2026-05-19T13:51:13.961+0000] {processor.py:161} INFO - Started process (PID=2442) to work on /home/airflow/.local/lib/python3.12/site-packages/airflow/example_dags/example_local_kubernetes_executor.py
[2026-05-19T13:51:13.963+0000] {processor.py:830} INFO - Processing file /home/airflow/.local/lib/python3.12/site-packages/airflow/example_dags/example_local_kubernetes_executor.py for tasks to queue
[2026-05-19T13:51:13.967+0000] {logging_mixin.py:188} INFO - [2026-05-19T13:51:13.966+0000] {dagbag.py:545} INFO - Filling up the DagBag from /home/airflow/.local/lib/python3.12/site-packages/airflow/example_dags/example_local_kubernetes_executor.py
[2026-05-19T13:51:13.984+0000] {processor.py:840} INFO - DAG(s) 'example_local_kubernetes_executor' retrieved from /home/airflow/.local/lib/python3.12/site-packages/airflow/example_dags/example_local_kubernetes_executor.py
[2026-05-19T13:51:14.036+0000] {logging_mixin.py:188} INFO - [2026-05-19T13:51:14.035+0000] {dag.py:3096} INFO - Sync 1 DAGs
[2026-05-19T13:51:14.048+0000] {logging_mixin.py:188} INFO - [2026-05-19T13:51:14.048+0000] {dag.py:3954} INFO - Setting next_dagrun for example_local_kubernetes_executor to None, run_after=None
[2026-05-19T13:51:14.082+0000] {processor.py:183} INFO - Processing /home/airflow/.local/lib/python3.12/site-packages/airflow/example_dags/example_local_kubernetes_executor.py took 0.133 seconds
[2026-05-19T13:51:44.435+0000] {processor.py:161} INFO - Started process (PID=2501) to work on /home/airflow/.local/lib/python3.12/site-packages/airflow/example_dags/example_local_kubernetes_executor.py
[2026-05-19T13:51:44.437+0000] {processor.py:830} INFO - Processing file /home/airflow/.local/lib/python3.12/site-packages/airflow/example_dags/example_local_kubernetes_executor.py for tasks to queue
[2026-05-19T13:51:44.441+0000] {logging_mixin.py:188} INFO - [2026-05-19T13:51:44.440+0000] {dagbag.py:545} INFO - Filling up the DagBag from /home/airflow/.local/lib/python3.12/site-packages/airflow/example_dags/example_local_kubernetes_executor.py
[2026-05-19T13:51:44.455+0000] {processor.py:840} INFO - DAG(s) 'example_local_kubernetes_executor' retrieved from /home/airflow/.local/lib/python3.12/site-packages/airflow/example_dags/example_local_kubernetes_executor.py
[2026-05-19T13:51:44.498+0000] {logging_mixin.py:188} INFO - [2026-05-19T13:51:44.498+0000] {dag.py:3096} INFO - Sync 1 DAGs
[2026-05-19T13:51:44.515+0000] {logging_mixin.py:188} INFO - [2026-05-19T13:51:44.515+0000] {dag.py:3954} INFO - Setting next_dagrun for example_local_kubernetes_executor to None, run_after=None
[2026-05-19T13:51:44.549+0000] {processor.py:183} INFO - Processing /home/airflow/.local/lib/python3.12/site-packages/airflow/example_dags/example_local_kubernetes_executor.py took 0.122 seconds
[2026-05-19T13:52:14.652+0000] {processor.py:161} INFO - Started process (PID=2560) to work on /home/airflow/.local/lib/python3.12/site-packages/airflow/example_dags/example_local_kubernetes_executor.py
[2026-05-19T13:52:14.654+0000] {processor.py:830} INFO - Processing file /home/airflow/.local/lib/python3.12/site-packages/airflow/example_dags/example_local_kubernetes_executor.py for tasks to queue
[2026-05-19T13:52:14.658+0000] {logging_mixin.py:188} INFO - [2026-05-19T13:52:14.658+0000] {dagbag.py:545} INFO - Filling up the DagBag from /home/airflow/.local/lib/python3.12/site-packages/airflow/example_dags/example_local_kubernetes_executor.py
[2026-05-19T13:52:14.674+0000] {processor.py:840} INFO - DAG(s) 'example_local_kubernetes_executor' retrieved from /home/airflow/.local/lib/python3.12/site-packages/airflow/example_dags/example_local_kubernetes_executor.py
[2026-05-19T13:52:14.735+0000] {logging_mixin.py:188} INFO - [2026-05-19T13:52:14.735+0000] {dag.py:3096} INFO - Sync 1 DAGs
[2026-05-19T13:52:14.751+0000] {logging_mixin.py:188} INFO - [2026-05-19T13:52:14.751+0000] {dag.py:3954} INFO - Setting next_dagrun for example_local_kubernetes_executor to None, run_after=None
[2026-05-19T13:52:14.784+0000] {processor.py:183} INFO - Processing /home/airflow/.local/lib/python3.12/site-packages/airflow/example_dags/example_local_kubernetes_executor.py took 0.144 seconds
[2026-05-19T13:52:44.992+0000] {processor.py:161} INFO - Started process (PID=2619) to work on /home/airflow/.local/lib/python3.12/site-packages/airflow/example_dags/example_local_kubernetes_executor.py
[2026-05-19T13:52:44.993+0000] {processor.py:830} INFO - Processing file /home/airflow/.local/lib/python3.12/site-packages/airflow/example_dags/example_local_kubernetes_executor.py for tasks to queue
[2026-05-19T13:52:44.995+0000] {logging_mixin.py:188} INFO - [2026-05-19T13:52:44.995+0000] {dagbag.py:545} INFO - Filling up the DagBag from /home/airflow/.local/lib/python3.12/site-packages/airflow/example_dags/example_local_kubernetes_executor.py
[2026-05-19T13:52:45.003+0000] {processor.py:840} INFO - DAG(s) 'example_local_kubernetes_executor' retrieved from /home/airflow/.local/lib/python3.12/site-packages/airflow/example_dags/example_local_kubernetes_executor.py
[2026-05-19T13:52:45.039+0000] {logging_mixin.py:188} INFO - [2026-05-19T13:52:45.039+0000] {dag.py:3096} INFO - Sync 1 DAGs
[2026-05-19T13:52:45.055+0000] {logging_mixin.py:188} INFO - [2026-05-19T13:52:45.055+0000] {dag.py:3954} INFO - Setting next_dagrun for example_local_kubernetes_executor to None, run_after=None
[2026-05-19T13:52:45.078+0000] {processor.py:183} INFO - Processing /home/airflow/.local/lib/python3.12/site-packages/airflow/example_dags/example_local_kubernetes_executor.py took 0.091 seconds
[2026-05-19T13:53:15.406+0000] {processor.py:161} INFO - Started process (PID=2678) to work on /home/airflow/.local/lib/python3.12/site-packages/airflow/example_dags/example_local_kubernetes_executor.py
[2026-05-19T13:53:15.408+0000] {processor.py:830} INFO - Processing file /home/airflow/.local/lib/python3.12/site-packages/airflow/example_dags/example_local_kubernetes_executor.py for tasks to queue
[2026-05-19T13:53:15.410+0000] {logging_mixin.py:188} INFO - [2026-05-19T13:53:15.410+0000] {dagbag.py:545} INFO - Filling up the DagBag from /home/airflow/.local/lib/python3.12/site-packages/airflow/example_dags/example_local_kubernetes_executor.py
[2026-05-19T13:53:15.418+0000] {processor.py:840} INFO - DAG(s) 'example_local_kubernetes_executor' retrieved from /home/airflow/.local/lib/python3.12/site-packages/airflow/example_dags/example_local_kubernetes_executor.py
[2026-05-19T13:53:15.461+0000] {logging_mixin.py:188} INFO - [2026-05-19T13:53:15.461+0000] {dag.py:3096} INFO - Sync 1 DAGs
[2026-05-19T13:53:15.475+0000] {logging_mixin.py:188} INFO - [2026-05-19T13:53:15.475+0000] {dag.py:3954} INFO - Setting next_dagrun for example_local_kubernetes_executor to None, run_after=None
[2026-05-19T13:53:15.516+0000] {processor.py:183} INFO - Processing /home/airflow/.local/lib/python3.12/site-packages/airflow/example_dags/example_local_kubernetes_executor.py took 0.115 seconds
[2026-05-19T13:53:45.687+0000] {processor.py:161} INFO - Started process (PID=2737) to work on /home/airflow/.local/lib/python3.12/site-packages/airflow/example_dags/example_local_kubernetes_executor.py
[2026-05-19T13:53:45.689+0000] {processor.py:830} INFO - Processing file /home/airflow/.local/lib/python3.12/site-packages/airflow/example_dags/example_local_kubernetes_executor.py for tasks to queue
[2026-05-19T13:53:45.692+0000] {logging_mixin.py:188} INFO - [2026-05-19T13:53:45.691+0000] {dagbag.py:545} INFO - Filling up the DagBag from /home/airflow/.local/lib/python3.12/site-packages/airflow/example_dags/example_local_kubernetes_executor.py
[2026-05-19T13:53:45.700+0000] {processor.py:840} INFO - DAG(s) 'example_local_kubernetes_executor' retrieved from /home/airflow/.local/lib/python3.12/site-packages/airflow/example_dags/example_local_kubernetes_executor.py
[2026-05-19T13:53:45.755+0000] {logging_mixin.py:188} INFO - [2026-05-19T13:53:45.755+0000] {dag.py:3096} INFO - Sync 1 DAGs
[2026-05-19T13:53:45.779+0000] {logging_mixin.py:188} INFO - [2026-05-19T13:53:45.779+0000] {dag.py:3954} INFO - Setting next_dagrun for example_local_kubernetes_executor to None, run_after=None
[2026-05-19T13:53:45.815+0000] {processor.py:183} INFO - Processing /home/airflow/.local/lib/python3.12/site-packages/airflow/example_dags/example_local_kubernetes_executor.py took 0.134 seconds
[2026-05-19T13:54:16.323+0000] {processor.py:161} INFO - Started process (PID=2796) to work on /home/airflow/.local/lib/python3.12/site-packages/airflow/example_dags/example_local_kubernetes_executor.py
[2026-05-19T13:54:16.325+0000] {processor.py:830} INFO - Processing file /home/airflow/.local/lib/python3.12/site-packages/airflow/example_dags/example_local_kubernetes_executor.py for tasks to queue
[2026-05-19T13:54:16.330+0000] {logging_mixin.py:188} INFO - [2026-05-19T13:54:16.329+0000] {dagbag.py:545} INFO - Filling up the DagBag from /home/airflow/.local/lib/python3.12/site-packages/airflow/example_dags/example_local_kubernetes_executor.py
[2026-05-19T13:54:16.344+0000] {processor.py:840} INFO - DAG(s) 'example_local_kubernetes_executor' retrieved from /home/airflow/.local/lib/python3.12/site-packages/airflow/example_dags/example_local_kubernetes_executor.py
[2026-05-19T13:54:16.403+0000] {logging_mixin.py:188} INFO - [2026-05-19T13:54:16.403+0000] {dag.py:3096} INFO - Sync 1 DAGs
[2026-05-19T13:54:16.419+0000] {logging_mixin.py:188} INFO - [2026-05-19T13:54:16.419+0000] {dag.py:3954} INFO - Setting next_dagrun for example_local_kubernetes_executor to None, run_after=None
[2026-05-19T13:54:16.444+0000] {processor.py:183} INFO - Processing /home/airflow/.local/lib/python3.12/site-packages/airflow/example_dags/example_local_kubernetes_executor.py took 0.129 seconds
[2026-05-19T13:54:46.950+0000] {processor.py:161} INFO - Started process (PID=2855) to work on /home/airflow/.local/lib/python3.12/site-packages/airflow/example_dags/example_local_kubernetes_executor.py
[2026-05-19T13:54:46.953+0000] {processor.py:830} INFO - Processing file /home/airflow/.local/lib/python3.12/site-packages/airflow/example_dags/example_local_kubernetes_executor.py for tasks to queue
[2026-05-19T13:54:46.958+0000] {logging_mixin.py:188} INFO - [2026-05-19T13:54:46.958+0000] {dagbag.py:545} INFO - Filling up the DagBag from /home/airflow/.local/lib/python3.12/site-packages/airflow/example_dags/example_local_kubernetes_executor.py
[2026-05-19T13:54:46.974+0000] {processor.py:840} INFO - DAG(s) 'example_local_kubernetes_executor' retrieved from /home/airflow/.local/lib/python3.12/site-packages/airflow/example_dags/example_local_kubernetes_executor.py
[2026-05-19T13:54:47.018+0000] {logging_mixin.py:188} INFO - [2026-05-19T13:54:47.017+0000] {dag.py:3096} INFO - Sync 1 DAGs
[2026-05-19T13:54:47.036+0000] {logging_mixin.py:188} INFO - [2026-05-19T13:54:47.036+0000] {dag.py:3954} INFO - Setting next_dagrun for example_local_kubernetes_executor to None, run_after=None
[2026-05-19T13:54:47.061+0000] {processor.py:183} INFO - Processing /home/airflow/.local/lib/python3.12/site-packages/airflow/example_dags/example_local_kubernetes_executor.py took 0.121 seconds
[2026-05-19T13:55:17.566+0000] {processor.py:161} INFO - Started process (PID=2920) to work on /home/airflow/.local/lib/python3.12/site-packages/airflow/example_dags/example_local_kubernetes_executor.py
[2026-05-19T13:55:17.567+0000] {processor.py:830} INFO - Processing file /home/airflow/.local/lib/python3.12/site-packages/airflow/example_dags/example_local_kubernetes_executor.py for tasks to queue
[2026-05-19T13:55:17.569+0000] {logging_mixin.py:188} INFO - [2026-05-19T13:55:17.569+0000] {dagbag.py:545} INFO - Filling up the DagBag from /home/airflow/.local/lib/python3.12/site-packages/airflow/example_dags/example_local_kubernetes_executor.py
[2026-05-19T13:55:17.577+0000] {processor.py:840} INFO - DAG(s) 'example_local_kubernetes_executor' retrieved from /home/airflow/.local/lib/python3.12/site-packages/airflow/example_dags/example_local_kubernetes_executor.py
[2026-05-19T13:55:17.614+0000] {logging_mixin.py:188} INFO - [2026-05-19T13:55:17.613+0000] {dag.py:3096} INFO - Sync 1 DAGs
[2026-05-19T13:55:17.628+0000] {logging_mixin.py:188} INFO - [2026-05-19T13:55:17.628+0000] {dag.py:3954} INFO - Setting next_dagrun for example_local_kubernetes_executor to None, run_after=None
[2026-05-19T13:55:17.652+0000] {processor.py:183} INFO - Processing /home/airflow/.local/lib/python3.12/site-packages/airflow/example_dags/example_local_kubernetes_executor.py took 0.092 seconds
[2026-05-19T13:55:48.851+0000] {processor.py:161} INFO - Started process (PID=2980) to work on /home/airflow/.local/lib/python3.12/site-packages/airflow/example_dags/example_local_kubernetes_executor.py
[2026-05-19T13:55:48.853+0000] {processor.py:830} INFO - Processing file /home/airflow/.local/lib/python3.12/site-packages/airflow/example_dags/example_local_kubernetes_executor.py for tasks to queue
[2026-05-19T13:55:48.858+0000] {logging_mixin.py:188} INFO - [2026-05-19T13:55:48.857+0000] {dagbag.py:545} INFO - Filling up the DagBag from /home/airflow/.local/lib/python3.12/site-packages/airflow/example_dags/example_local_kubernetes_executor.py
[2026-05-19T13:55:48.876+0000] {processor.py:840} INFO - DAG(s) 'example_local_kubernetes_executor' retrieved from /home/airflow/.local/lib/python3.12/site-packages/airflow/example_dags/example_local_kubernetes_executor.py
[2026-05-19T13:55:48.983+0000] {logging_mixin.py:188} INFO - [2026-05-19T13:55:48.980+0000] {dag.py:3096} INFO - Sync 1 DAGs
[2026-05-19T13:55:49.015+0000] {logging_mixin.py:188} INFO - [2026-05-19T13:55:49.015+0000] {dag.py:3954} INFO - Setting next_dagrun for example_local_kubernetes_executor to None, run_after=None
[2026-05-19T13:55:49.063+0000] {processor.py:183} INFO - Processing /home/airflow/.local/lib/python3.12/site-packages/airflow/example_dags/example_local_kubernetes_executor.py took 0.229 seconds
[2026-05-19T13:56:19.977+0000] {processor.py:161} INFO - Started process (PID=3038) to work on /home/airflow/.local/lib/python3.12/site-packages/airflow/example_dags/example_local_kubernetes_executor.py
[2026-05-19T13:56:19.979+0000] {processor.py:830} INFO - Processing file /home/airflow/.local/lib/python3.12/site-packages/airflow/example_dags/example_local_kubernetes_executor.py for tasks to queue
[2026-05-19T13:56:19.983+0000] {logging_mixin.py:188} INFO - [2026-05-19T13:56:19.982+0000] {dagbag.py:545} INFO - Filling up the DagBag from /home/airflow/.local/lib/python3.12/site-packages/airflow/example_dags/example_local_kubernetes_executor.py
[2026-05-19T13:56:20.001+0000] {processor.py:840} INFO - DAG(s) 'example_local_kubernetes_executor' retrieved from /home/airflow/.local/lib/python3.12/site-packages/airflow/example_dags/example_local_kubernetes_executor.py
[2026-05-19T13:56:20.094+0000] {logging_mixin.py:188} INFO - [2026-05-19T13:56:20.092+0000] {dag.py:3096} INFO - Sync 1 DAGs
[2026-05-19T13:56:20.126+0000] {logging_mixin.py:188} INFO - [2026-05-19T13:56:20.126+0000] {dag.py:3954} INFO - Setting next_dagrun for example_local_kubernetes_executor to None, run_after=None
[2026-05-19T13:56:20.160+0000] {processor.py:183} INFO - Processing /home/airflow/.local/lib/python3.12/site-packages/airflow/example_dags/example_local_kubernetes_executor.py took 0.193 seconds
[2026-05-19T13:56:50.747+0000] {processor.py:161} INFO - Started process (PID=3097) to work on /home/airflow/.local/lib/python3.12/site-packages/airflow/example_dags/example_local_kubernetes_executor.py
[2026-05-19T13:56:50.749+0000] {processor.py:830} INFO - Processing file /home/airflow/.local/lib/python3.12/site-packages/airflow/example_dags/example_local_kubernetes_executor.py for tasks to queue
[2026-05-19T13:56:50.752+0000] {logging_mixin.py:188} INFO - [2026-05-19T13:56:50.752+0000] {dagbag.py:545} INFO - Filling up the DagBag from /home/airflow/.local/lib/python3.12/site-packages/airflow/example_dags/example_local_kubernetes_executor.py
[2026-05-19T13:56:50.760+0000] {processor.py:840} INFO - DAG(s) 'example_local_kubernetes_executor' retrieved from /home/airflow/.local/lib/python3.12/site-packages/airflow/example_dags/example_local_kubernetes_executor.py
[2026-05-19T13:56:50.815+0000] {logging_mixin.py:188} INFO - [2026-05-19T13:56:50.814+0000] {dag.py:3096} INFO - Sync 1 DAGs
[2026-05-19T13:56:50.828+0000] {logging_mixin.py:188} INFO - [2026-05-19T13:56:50.828+0000] {dag.py:3954} INFO - Setting next_dagrun for example_local_kubernetes_executor to None, run_after=None
[2026-05-19T13:56:50.859+0000] {processor.py:183} INFO - Processing /home/airflow/.local/lib/python3.12/site-packages/airflow/example_dags/example_local_kubernetes_executor.py took 0.123 seconds
[2026-05-19T13:57:21.098+0000] {processor.py:161} INFO - Started process (PID=3156) to work on /home/airflow/.local/lib/python3.12/site-packages/airflow/example_dags/example_local_kubernetes_executor.py
[2026-05-19T13:57:21.100+0000] {processor.py:830} INFO - Processing file /home/airflow/.local/lib/python3.12/site-packages/airflow/example_dags/example_local_kubernetes_executor.py for tasks to queue
[2026-05-19T13:57:21.104+0000] {logging_mixin.py:188} INFO - [2026-05-19T13:57:21.104+0000] {dagbag.py:545} INFO - Filling up the DagBag from /home/airflow/.local/lib/python3.12/site-packages/airflow/example_dags/example_local_kubernetes_executor.py
[2026-05-19T13:57:21.113+0000] {processor.py:840} INFO - DAG(s) 'example_local_kubernetes_executor' retrieved from /home/airflow/.local/lib/python3.12/site-packages/airflow/example_dags/example_local_kubernetes_executor.py
[2026-05-19T13:57:21.163+0000] {logging_mixin.py:188} INFO - [2026-05-19T13:57:21.163+0000] {dag.py:3096} INFO - Sync 1 DAGs
[2026-05-19T13:57:21.176+0000] {logging_mixin.py:188} INFO - [2026-05-19T13:57:21.176+0000] {dag.py:3954} INFO - Setting next_dagrun for example_local_kubernetes_executor to None, run_after=None
[2026-05-19T13:57:21.205+0000] {processor.py:183} INFO - Processing /home/airflow/.local/lib/python3.12/site-packages/airflow/example_dags/example_local_kubernetes_executor.py took 0.117 seconds
[2026-05-19T13:57:51.705+0000] {processor.py:161} INFO - Started process (PID=3215) to work on /home/airflow/.local/lib/python3.12/site-packages/airflow/example_dags/example_local_kubernetes_executor.py
[2026-05-19T13:57:51.706+0000] {processor.py:830} INFO - Processing file /home/airflow/.local/lib/python3.12/site-packages/airflow/example_dags/example_local_kubernetes_executor.py for tasks to queue
[2026-05-19T13:57:51.710+0000] {logging_mixin.py:188} INFO - [2026-05-19T13:57:51.709+0000] {dagbag.py:545} INFO - Filling up the DagBag from /home/airflow/.local/lib/python3.12/site-packages/airflow/example_dags/example_local_kubernetes_executor.py
[2026-05-19T13:57:51.720+0000] {processor.py:840} INFO - DAG(s) 'example_local_kubernetes_executor' retrieved from /home/airflow/.local/lib/python3.12/site-packages/airflow/example_dags/example_local_kubernetes_executor.py
[2026-05-19T13:57:51.772+0000] {logging_mixin.py:188} INFO - [2026-05-19T13:57:51.771+0000] {dag.py:3096} INFO - Sync 1 DAGs
[2026-05-19T13:57:51.791+0000] {logging_mixin.py:188} INFO - [2026-05-19T13:57:51.791+0000] {dag.py:3954} INFO - Setting next_dagrun for example_local_kubernetes_executor to None, run_after=None
[2026-05-19T13:57:51.821+0000] {processor.py:183} INFO - Processing /home/airflow/.local/lib/python3.12/site-packages/airflow/example_dags/example_local_kubernetes_executor.py took 0.125 seconds
[2026-05-19T13:58:22.457+0000] {processor.py:161} INFO - Started process (PID=3274) to work on /home/airflow/.local/lib/python3.12/site-packages/airflow/example_dags/example_local_kubernetes_executor.py
[2026-05-19T13:58:22.458+0000] {processor.py:830} INFO - Processing file /home/airflow/.local/lib/python3.12/site-packages/airflow/example_dags/example_local_kubernetes_executor.py for tasks to queue
[2026-05-19T13:58:22.460+0000] {logging_mixin.py:188} INFO - [2026-05-19T13:58:22.460+0000] {dagbag.py:545} INFO - Filling up the DagBag from /home/airflow/.local/lib/python3.12/site-packages/airflow/example_dags/example_local_kubernetes_executor.py
[2026-05-19T13:58:22.467+0000] {processor.py:840} INFO - DAG(s) 'example_local_kubernetes_executor' retrieved from /home/airflow/.local/lib/python3.12/site-packages/airflow/example_dags/example_local_kubernetes_executor.py
[2026-05-19T13:58:22.514+0000] {logging_mixin.py:188} INFO - [2026-05-19T13:58:22.514+0000] {dag.py:3096} INFO - Sync 1 DAGs
[2026-05-19T13:58:22.527+0000] {logging_mixin.py:188} INFO - [2026-05-19T13:58:22.527+0000] {dag.py:3954} INFO - Setting next_dagrun for example_local_kubernetes_executor to None, run_after=None
[2026-05-19T13:58:22.555+0000] {processor.py:183} INFO - Processing /home/airflow/.local/lib/python3.12/site-packages/airflow/example_dags/example_local_kubernetes_executor.py took 0.104 seconds
[2026-05-19T13:58:52.835+0000] {processor.py:161} INFO - Started process (PID=3333) to work on /home/airflow/.local/lib/python3.12/site-packages/airflow/example_dags/example_local_kubernetes_executor.py
[2026-05-19T13:58:52.836+0000] {processor.py:830} INFO - Processing file /home/airflow/.local/lib/python3.12/site-packages/airflow/example_dags/example_local_kubernetes_executor.py for tasks to queue
[2026-05-19T13:58:52.839+0000] {logging_mixin.py:188} INFO - [2026-05-19T13:58:52.839+0000] {dagbag.py:545} INFO - Filling up the DagBag from /home/airflow/.local/lib/python3.12/site-packages/airflow/example_dags/example_local_kubernetes_executor.py
[2026-05-19T13:58:52.852+0000] {processor.py:840} INFO - DAG(s) 'example_local_kubernetes_executor' retrieved from /home/airflow/.local/lib/python3.12/site-packages/airflow/example_dags/example_local_kubernetes_executor.py
[2026-05-19T13:58:52.890+0000] {logging_mixin.py:188} INFO - [2026-05-19T13:58:52.890+0000] {dag.py:3096} INFO - Sync 1 DAGs
[2026-05-19T13:58:52.917+0000] {logging_mixin.py:188} INFO - [2026-05-19T13:58:52.916+0000] {dag.py:3954} INFO - Setting next_dagrun for example_local_kubernetes_executor to None, run_after=None
[2026-05-19T13:58:52.951+0000] {processor.py:183} INFO - Processing /home/airflow/.local/lib/python3.12/site-packages/airflow/example_dags/example_local_kubernetes_executor.py took 0.124 seconds
[2026-05-19T13:59:23.248+0000] {processor.py:161} INFO - Started process (PID=3392) to work on /home/airflow/.local/lib/python3.12/site-packages/airflow/example_dags/example_local_kubernetes_executor.py
[2026-05-19T13:59:23.250+0000] {processor.py:830} INFO - Processing file /home/airflow/.local/lib/python3.12/site-packages/airflow/example_dags/example_local_kubernetes_executor.py for tasks to queue
[2026-05-19T13:59:23.254+0000] {logging_mixin.py:188} INFO - [2026-05-19T13:59:23.253+0000] {dagbag.py:545} INFO - Filling up the DagBag from /home/airflow/.local/lib/python3.12/site-packages/airflow/example_dags/example_local_kubernetes_executor.py
[2026-05-19T13:59:23.263+0000] {processor.py:840} INFO - DAG(s) 'example_local_kubernetes_executor' retrieved from /home/airflow/.local/lib/python3.12/site-packages/airflow/example_dags/example_local_kubernetes_executor.py
[2026-05-19T13:59:23.305+0000] {logging_mixin.py:188} INFO - [2026-05-19T13:59:23.304+0000] {dag.py:3096} INFO - Sync 1 DAGs
[2026-05-19T13:59:23.320+0000] {logging_mixin.py:188} INFO - [2026-05-19T13:59:23.320+0000] {dag.py:3954} INFO - Setting next_dagrun for example_local_kubernetes_executor to None, run_after=None
[2026-05-19T13:59:23.347+0000] {processor.py:183} INFO - Processing /home/airflow/.local/lib/python3.12/site-packages/airflow/example_dags/example_local_kubernetes_executor.py took 0.106 seconds
[2026-05-19T13:59:53.754+0000] {processor.py:161} INFO - Started process (PID=3452) to work on /home/airflow/.local/lib/python3.12/site-packages/airflow/example_dags/example_local_kubernetes_executor.py
[2026-05-19T13:59:53.759+0000] {processor.py:830} INFO - Processing file /home/airflow/.local/lib/python3.12/site-packages/airflow/example_dags/example_local_kubernetes_executor.py for tasks to queue
[2026-05-19T13:59:53.773+0000] {logging_mixin.py:188} INFO - [2026-05-19T13:59:53.766+0000] {dagbag.py:545} INFO - Filling up the DagBag from /home/airflow/.local/lib/python3.12/site-packages/airflow/example_dags/example_local_kubernetes_executor.py
[2026-05-19T13:59:53.839+0000] {processor.py:840} INFO - DAG(s) 'example_local_kubernetes_executor' retrieved from /home/airflow/.local/lib/python3.12/site-packages/airflow/example_dags/example_local_kubernetes_executor.py
[2026-05-19T13:59:54.039+0000] {logging_mixin.py:188} INFO - [2026-05-19T13:59:54.038+0000] {dag.py:3096} INFO - Sync 1 DAGs
[2026-05-19T13:59:54.133+0000] {logging_mixin.py:188} INFO - [2026-05-19T13:59:54.132+0000] {dag.py:3954} INFO - Setting next_dagrun for example_local_kubernetes_executor to None, run_after=None
[2026-05-19T13:59:54.209+0000] {processor.py:183} INFO - Processing /home/airflow/.local/lib/python3.12/site-packages/airflow/example_dags/example_local_kubernetes_executor.py took 0.500 seconds
[2026-05-19T14:00:24.700+0000] {processor.py:161} INFO - Started process (PID=3511) to work on /home/airflow/.local/lib/python3.12/site-packages/airflow/example_dags/example_local_kubernetes_executor.py
[2026-05-19T14:00:24.703+0000] {processor.py:830} INFO - Processing file /home/airflow/.local/lib/python3.12/site-packages/airflow/example_dags/example_local_kubernetes_executor.py for tasks to queue
[2026-05-19T14:00:24.708+0000] {logging_mixin.py:188} INFO - [2026-05-19T14:00:24.707+0000] {dagbag.py:545} INFO - Filling up the DagBag from /home/airflow/.local/lib/python3.12/site-packages/airflow/example_dags/example_local_kubernetes_executor.py
[2026-05-19T14:00:24.723+0000] {processor.py:840} INFO - DAG(s) 'example_local_kubernetes_executor' retrieved from /home/airflow/.local/lib/python3.12/site-packages/airflow/example_dags/example_local_kubernetes_executor.py
[2026-05-19T14:00:24.809+0000] {logging_mixin.py:188} INFO - [2026-05-19T14:00:24.809+0000] {dag.py:3096} INFO - Sync 1 DAGs
[2026-05-19T14:00:24.846+0000] {logging_mixin.py:188} INFO - [2026-05-19T14:00:24.846+0000] {dag.py:3954} INFO - Setting next_dagrun for example_local_kubernetes_executor to None, run_after=None
[2026-05-19T14:00:24.898+0000] {processor.py:183} INFO - Processing /home/airflow/.local/lib/python3.12/site-packages/airflow/example_dags/example_local_kubernetes_executor.py took 0.211 seconds
[2026-05-19T14:00:55.324+0000] {processor.py:161} INFO - Started process (PID=3571) to work on /home/airflow/.local/lib/python3.12/site-packages/airflow/example_dags/example_local_kubernetes_executor.py
[2026-05-19T14:00:55.379+0000] {processor.py:830} INFO - Processing file /home/airflow/.local/lib/python3.12/site-packages/airflow/example_dags/example_local_kubernetes_executor.py for tasks to queue
[2026-05-19T14:00:55.385+0000] {logging_mixin.py:188} INFO - [2026-05-19T14:00:55.384+0000] {dagbag.py:545} INFO - Filling up the DagBag from /home/airflow/.local/lib/python3.12/site-packages/airflow/example_dags/example_local_kubernetes_executor.py
[2026-05-19T14:00:55.435+0000] {processor.py:840} INFO - DAG(s) 'example_local_kubernetes_executor' retrieved from /home/airflow/.local/lib/python3.12/site-packages/airflow/example_dags/example_local_kubernetes_executor.py
[2026-05-19T14:00:55.574+0000] {logging_mixin.py:188} INFO - [2026-05-19T14:00:55.573+0000] {dag.py:3096} INFO - Sync 1 DAGs
[2026-05-19T14:00:55.632+0000] {logging_mixin.py:188} INFO - [2026-05-19T14:00:55.631+0000] {dag.py:3954} INFO - Setting next_dagrun for example_local_kubernetes_executor to None, run_after=None
[2026-05-19T14:00:55.714+0000] {processor.py:183} INFO - Processing /home/airflow/.local/lib/python3.12/site-packages/airflow/example_dags/example_local_kubernetes_executor.py took 0.415 seconds
[2026-05-19T14:01:26.322+0000] {processor.py:161} INFO - Started process (PID=3630) to work on /home/airflow/.local/lib/python3.12/site-packages/airflow/example_dags/example_local_kubernetes_executor.py
[2026-05-19T14:01:26.324+0000] {processor.py:830} INFO - Processing file /home/airflow/.local/lib/python3.12/site-packages/airflow/example_dags/example_local_kubernetes_executor.py for tasks to queue
[2026-05-19T14:01:26.327+0000] {logging_mixin.py:188} INFO - [2026-05-19T14:01:26.326+0000] {dagbag.py:545} INFO - Filling up the DagBag from /home/airflow/.local/lib/python3.12/site-packages/airflow/example_dags/example_local_kubernetes_executor.py
[2026-05-19T14:01:26.337+0000] {processor.py:840} INFO - DAG(s) 'example_local_kubernetes_executor' retrieved from /home/airflow/.local/lib/python3.12/site-packages/airflow/example_dags/example_local_kubernetes_executor.py
[2026-05-19T14:01:26.392+0000] {logging_mixin.py:188} INFO - [2026-05-19T14:01:26.391+0000] {dag.py:3096} INFO - Sync 1 DAGs
[2026-05-19T14:01:26.413+0000] {logging_mixin.py:188} INFO - [2026-05-19T14:01:26.413+0000] {dag.py:3954} INFO - Setting next_dagrun for example_local_kubernetes_executor to None, run_after=None
[2026-05-19T14:01:26.454+0000] {processor.py:183} INFO - Processing /home/airflow/.local/lib/python3.12/site-packages/airflow/example_dags/example_local_kubernetes_executor.py took 0.143 seconds
[2026-05-19T14:01:56.767+0000] {processor.py:161} INFO - Started process (PID=3689) to work on /home/airflow/.local/lib/python3.12/site-packages/airflow/example_dags/example_local_kubernetes_executor.py
[2026-05-19T14:01:56.769+0000] {processor.py:830} INFO - Processing file /home/airflow/.local/lib/python3.12/site-packages/airflow/example_dags/example_local_kubernetes_executor.py for tasks to queue
[2026-05-19T14:01:56.775+0000] {logging_mixin.py:188} INFO - [2026-05-19T14:01:56.774+0000] {dagbag.py:545} INFO - Filling up the DagBag from /home/airflow/.local/lib/python3.12/site-packages/airflow/example_dags/example_local_kubernetes_executor.py
[2026-05-19T14:01:56.835+0000] {processor.py:840} INFO - DAG(s) 'example_local_kubernetes_executor' retrieved from /home/airflow/.local/lib/python3.12/site-packages/airflow/example_dags/example_local_kubernetes_executor.py
[2026-05-19T14:01:56.977+0000] {logging_mixin.py:188} INFO - [2026-05-19T14:01:56.976+0000] {dag.py:3096} INFO - Sync 1 DAGs
[2026-05-19T14:01:57.033+0000] {logging_mixin.py:188} INFO - [2026-05-19T14:01:57.032+0000] {dag.py:3954} INFO - Setting next_dagrun for example_local_kubernetes_executor to None, run_after=None
[2026-05-19T14:01:57.120+0000] {processor.py:183} INFO - Processing /home/airflow/.local/lib/python3.12/site-packages/airflow/example_dags/example_local_kubernetes_executor.py took 0.365 seconds
[2026-05-19T14:02:27.347+0000] {processor.py:161} INFO - Started process (PID=3748) to work on /home/airflow/.local/lib/python3.12/site-packages/airflow/example_dags/example_local_kubernetes_executor.py
[2026-05-19T14:02:27.348+0000] {processor.py:830} INFO - Processing file /home/airflow/.local/lib/python3.12/site-packages/airflow/example_dags/example_local_kubernetes_executor.py for tasks to queue
[2026-05-19T14:02:27.350+0000] {logging_mixin.py:188} INFO - [2026-05-19T14:02:27.350+0000] {dagbag.py:545} INFO - Filling up the DagBag from /home/airflow/.local/lib/python3.12/site-packages/airflow/example_dags/example_local_kubernetes_executor.py
[2026-05-19T14:02:27.359+0000] {processor.py:840} INFO - DAG(s) 'example_local_kubernetes_executor' retrieved from /home/airflow/.local/lib/python3.12/site-packages/airflow/example_dags/example_local_kubernetes_executor.py
[2026-05-19T14:02:27.408+0000] {logging_mixin.py:188} INFO - [2026-05-19T14:02:27.407+0000] {dag.py:3096} INFO - Sync 1 DAGs
[2026-05-19T14:02:27.423+0000] {logging_mixin.py:188} INFO - [2026-05-19T14:02:27.423+0000] {dag.py:3954} INFO - Setting next_dagrun for example_local_kubernetes_executor to None, run_after=None
[2026-05-19T14:02:27.449+0000] {processor.py:183} INFO - Processing /home/airflow/.local/lib/python3.12/site-packages/airflow/example_dags/example_local_kubernetes_executor.py took 0.110 seconds
[2026-05-19T14:02:58.273+0000] {processor.py:161} INFO - Started process (PID=3807) to work on /home/airflow/.local/lib/python3.12/site-packages/airflow/example_dags/example_local_kubernetes_executor.py
[2026-05-19T14:02:58.275+0000] {processor.py:830} INFO - Processing file /home/airflow/.local/lib/python3.12/site-packages/airflow/example_dags/example_local_kubernetes_executor.py for tasks to queue
[2026-05-19T14:02:58.279+0000] {logging_mixin.py:188} INFO - [2026-05-19T14:02:58.278+0000] {dagbag.py:545} INFO - Filling up the DagBag from /home/airflow/.local/lib/python3.12/site-packages/airflow/example_dags/example_local_kubernetes_executor.py
[2026-05-19T14:02:58.295+0000] {processor.py:840} INFO - DAG(s) 'example_local_kubernetes_executor' retrieved from /home/airflow/.local/lib/python3.12/site-packages/airflow/example_dags/example_local_kubernetes_executor.py
[2026-05-19T14:02:58.348+0000] {logging_mixin.py:188} INFO - [2026-05-19T14:02:58.347+0000] {dag.py:3096} INFO - Sync 1 DAGs
[2026-05-19T14:02:58.366+0000] {logging_mixin.py:188} INFO - [2026-05-19T14:02:58.366+0000] {dag.py:3954} INFO - Setting next_dagrun for example_local_kubernetes_executor to None, run_after=None
[2026-05-19T14:02:58.400+0000] {processor.py:183} INFO - Processing /home/airflow/.local/lib/python3.12/site-packages/airflow/example_dags/example_local_kubernetes_executor.py took 0.137 seconds
[2026-05-19T14:03:28.621+0000] {processor.py:161} INFO - Started process (PID=3866) to work on /home/airflow/.local/lib/python3.12/site-packages/airflow/example_dags/example_local_kubernetes_executor.py
[2026-05-19T14:03:28.623+0000] {processor.py:830} INFO - Processing file /home/airflow/.local/lib/python3.12/site-packages/airflow/example_dags/example_local_kubernetes_executor.py for tasks to queue
[2026-05-19T14:03:28.626+0000] {logging_mixin.py:188} INFO - [2026-05-19T14:03:28.626+0000] {dagbag.py:545} INFO - Filling up the DagBag from /home/airflow/.local/lib/python3.12/site-packages/airflow/example_dags/example_local_kubernetes_executor.py
[2026-05-19T14:03:28.635+0000] {processor.py:840} INFO - DAG(s) 'example_local_kubernetes_executor' retrieved from /home/airflow/.local/lib/python3.12/site-packages/airflow/example_dags/example_local_kubernetes_executor.py
[2026-05-19T14:03:28.678+0000] {logging_mixin.py:188} INFO - [2026-05-19T14:03:28.678+0000] {dag.py:3096} INFO - Sync 1 DAGs
[2026-05-19T14:03:28.696+0000] {logging_mixin.py:188} INFO - [2026-05-19T14:03:28.696+0000] {dag.py:3954} INFO - Setting next_dagrun for example_local_kubernetes_executor to None, run_after=None
[2026-05-19T14:03:28.722+0000] {processor.py:183} INFO - Processing /home/airflow/.local/lib/python3.12/site-packages/airflow/example_dags/example_local_kubernetes_executor.py took 0.107 seconds
[2026-05-19T14:03:58.896+0000] {processor.py:161} INFO - Started process (PID=3925) to work on /home/airflow/.local/lib/python3.12/site-packages/airflow/example_dags/example_local_kubernetes_executor.py
[2026-05-19T14:03:58.898+0000] {processor.py:830} INFO - Processing file /home/airflow/.local/lib/python3.12/site-packages/airflow/example_dags/example_local_kubernetes_executor.py for tasks to queue
[2026-05-19T14:03:58.902+0000] {logging_mixin.py:188} INFO - [2026-05-19T14:03:58.901+0000] {dagbag.py:545} INFO - Filling up the DagBag from /home/airflow/.local/lib/python3.12/site-packages/airflow/example_dags/example_local_kubernetes_executor.py
[2026-05-19T14:03:58.913+0000] {processor.py:840} INFO - DAG(s) 'example_local_kubernetes_executor' retrieved from /home/airflow/.local/lib/python3.12/site-packages/airflow/example_dags/example_local_kubernetes_executor.py
[2026-05-19T14:03:58.959+0000] {logging_mixin.py:188} INFO - [2026-05-19T14:03:58.959+0000] {dag.py:3096} INFO - Sync 1 DAGs
[2026-05-19T14:03:58.980+0000] {logging_mixin.py:188} INFO - [2026-05-19T14:03:58.979+0000] {dag.py:3954} INFO - Setting next_dagrun for example_local_kubernetes_executor to None, run_after=None
[2026-05-19T14:03:59.012+0000] {processor.py:183} INFO - Processing /home/airflow/.local/lib/python3.12/site-packages/airflow/example_dags/example_local_kubernetes_executor.py took 0.123 seconds
[2026-05-19T14:04:29.217+0000] {processor.py:161} INFO - Started process (PID=3984) to work on /home/airflow/.local/lib/python3.12/site-packages/airflow/example_dags/example_local_kubernetes_executor.py
[2026-05-19T14:04:29.218+0000] {processor.py:830} INFO - Processing file /home/airflow/.local/lib/python3.12/site-packages/airflow/example_dags/example_local_kubernetes_executor.py for tasks to queue
[2026-05-19T14:04:29.221+0000] {logging_mixin.py:188} INFO - [2026-05-19T14:04:29.221+0000] {dagbag.py:545} INFO - Filling up the DagBag from /home/airflow/.local/lib/python3.12/site-packages/airflow/example_dags/example_local_kubernetes_executor.py
[2026-05-19T14:04:29.232+0000] {processor.py:840} INFO - DAG(s) 'example_local_kubernetes_executor' retrieved from /home/airflow/.local/lib/python3.12/site-packages/airflow/example_dags/example_local_kubernetes_executor.py
[2026-05-19T14:04:29.279+0000] {logging_mixin.py:188} INFO - [2026-05-19T14:04:29.279+0000] {dag.py:3096} INFO - Sync 1 DAGs
[2026-05-19T14:04:29.294+0000] {logging_mixin.py:188} INFO - [2026-05-19T14:04:29.294+0000] {dag.py:3954} INFO - Setting next_dagrun for example_local_kubernetes_executor to None, run_after=None
[2026-05-19T14:04:29.325+0000] {processor.py:183} INFO - Processing /home/airflow/.local/lib/python3.12/site-packages/airflow/example_dags/example_local_kubernetes_executor.py took 0.114 seconds
[2026-05-19T14:04:59.744+0000] {processor.py:161} INFO - Started process (PID=4043) to work on /home/airflow/.local/lib/python3.12/site-packages/airflow/example_dags/example_local_kubernetes_executor.py
[2026-05-19T14:04:59.746+0000] {processor.py:830} INFO - Processing file /home/airflow/.local/lib/python3.12/site-packages/airflow/example_dags/example_local_kubernetes_executor.py for tasks to queue
[2026-05-19T14:04:59.749+0000] {logging_mixin.py:188} INFO - [2026-05-19T14:04:59.749+0000] {dagbag.py:545} INFO - Filling up the DagBag from /home/airflow/.local/lib/python3.12/site-packages/airflow/example_dags/example_local_kubernetes_executor.py
[2026-05-19T14:04:59.757+0000] {processor.py:840} INFO - DAG(s) 'example_local_kubernetes_executor' retrieved from /home/airflow/.local/lib/python3.12/site-packages/airflow/example_dags/example_local_kubernetes_executor.py
[2026-05-19T14:04:59.816+0000] {logging_mixin.py:188} INFO - [2026-05-19T14:04:59.815+0000] {dag.py:3096} INFO - Sync 1 DAGs
[2026-05-19T14:04:59.835+0000] {logging_mixin.py:188} INFO - [2026-05-19T14:04:59.834+0000] {dag.py:3954} INFO - Setting next_dagrun for example_local_kubernetes_executor to None, run_after=None
[2026-05-19T14:04:59.869+0000] {processor.py:183} INFO - Processing /home/airflow/.local/lib/python3.12/site-packages/airflow/example_dags/example_local_kubernetes_executor.py took 0.132 seconds
[2026-05-19T14:05:30.785+0000] {processor.py:161} INFO - Started process (PID=4102) to work on /home/airflow/.local/lib/python3.12/site-packages/airflow/example_dags/example_local_kubernetes_executor.py
[2026-05-19T14:05:30.787+0000] {processor.py:830} INFO - Processing file /home/airflow/.local/lib/python3.12/site-packages/airflow/example_dags/example_local_kubernetes_executor.py for tasks to queue
[2026-05-19T14:05:30.791+0000] {logging_mixin.py:188} INFO - [2026-05-19T14:05:30.790+0000] {dagbag.py:545} INFO - Filling up the DagBag from /home/airflow/.local/lib/python3.12/site-packages/airflow/example_dags/example_local_kubernetes_executor.py
[2026-05-19T14:05:30.801+0000] {processor.py:840} INFO - DAG(s) 'example_local_kubernetes_executor' retrieved from /home/airflow/.local/lib/python3.12/site-packages/airflow/example_dags/example_local_kubernetes_executor.py
[2026-05-19T14:05:30.855+0000] {logging_mixin.py:188} INFO - [2026-05-19T14:05:30.855+0000] {dag.py:3096} INFO - Sync 1 DAGs
[2026-05-19T14:05:30.876+0000] {logging_mixin.py:188} INFO - [2026-05-19T14:05:30.875+0000] {dag.py:3954} INFO - Setting next_dagrun for example_local_kubernetes_executor to None, run_after=None
[2026-05-19T14:05:30.898+0000] {processor.py:183} INFO - Processing /home/airflow/.local/lib/python3.12/site-packages/airflow/example_dags/example_local_kubernetes_executor.py took 0.120 seconds
[2026-05-19T14:06:01.302+0000] {processor.py:161} INFO - Started process (PID=4162) to work on /home/airflow/.local/lib/python3.12/site-packages/airflow/example_dags/example_local_kubernetes_executor.py
[2026-05-19T14:06:01.303+0000] {processor.py:830} INFO - Processing file /home/airflow/.local/lib/python3.12/site-packages/airflow/example_dags/example_local_kubernetes_executor.py for tasks to queue
[2026-05-19T14:06:01.305+0000] {logging_mixin.py:188} INFO - [2026-05-19T14:06:01.305+0000] {dagbag.py:545} INFO - Filling up the DagBag from /home/airflow/.local/lib/python3.12/site-packages/airflow/example_dags/example_local_kubernetes_executor.py
[2026-05-19T14:06:01.316+0000] {processor.py:840} INFO - DAG(s) 'example_local_kubernetes_executor' retrieved from /home/airflow/.local/lib/python3.12/site-packages/airflow/example_dags/example_local_kubernetes_executor.py
[2026-05-19T14:06:01.369+0000] {logging_mixin.py:188} INFO - [2026-05-19T14:06:01.369+0000] {dag.py:3096} INFO - Sync 1 DAGs
[2026-05-19T14:06:01.385+0000] {logging_mixin.py:188} INFO - [2026-05-19T14:06:01.384+0000] {dag.py:3954} INFO - Setting next_dagrun for example_local_kubernetes_executor to None, run_after=None
[2026-05-19T14:06:01.417+0000] {processor.py:183} INFO - Processing /home/airflow/.local/lib/python3.12/site-packages/airflow/example_dags/example_local_kubernetes_executor.py took 0.120 seconds
[2026-05-19T14:06:31.881+0000] {processor.py:161} INFO - Started process (PID=4221) to work on /home/airflow/.local/lib/python3.12/site-packages/airflow/example_dags/example_local_kubernetes_executor.py
[2026-05-19T14:06:31.884+0000] {processor.py:830} INFO - Processing file /home/airflow/.local/lib/python3.12/site-packages/airflow/example_dags/example_local_kubernetes_executor.py for tasks to queue
[2026-05-19T14:06:31.891+0000] {logging_mixin.py:188} INFO - [2026-05-19T14:06:31.890+0000] {dagbag.py:545} INFO - Filling up the DagBag from /home/airflow/.local/lib/python3.12/site-packages/airflow/example_dags/example_local_kubernetes_executor.py
[2026-05-19T14:06:31.908+0000] {processor.py:840} INFO - DAG(s) 'example_local_kubernetes_executor' retrieved from /home/airflow/.local/lib/python3.12/site-packages/airflow/example_dags/example_local_kubernetes_executor.py
[2026-05-19T14:06:31.979+0000] {logging_mixin.py:188} INFO - [2026-05-19T14:06:31.979+0000] {dag.py:3096} INFO - Sync 1 DAGs
[2026-05-19T14:06:32.011+0000] {logging_mixin.py:188} INFO - [2026-05-19T14:06:32.010+0000] {dag.py:3954} INFO - Setting next_dagrun for example_local_kubernetes_executor to None, run_after=None
[2026-05-19T14:06:32.060+0000] {processor.py:183} INFO - Processing /home/airflow/.local/lib/python3.12/site-packages/airflow/example_dags/example_local_kubernetes_executor.py took 0.190 seconds
[2026-05-19T14:07:02.608+0000] {processor.py:161} INFO - Started process (PID=4280) to work on /home/airflow/.local/lib/python3.12/site-packages/airflow/example_dags/example_local_kubernetes_executor.py
[2026-05-19T14:07:02.610+0000] {processor.py:830} INFO - Processing file /home/airflow/.local/lib/python3.12/site-packages/airflow/example_dags/example_local_kubernetes_executor.py for tasks to queue
[2026-05-19T14:07:02.613+0000] {logging_mixin.py:188} INFO - [2026-05-19T14:07:02.612+0000] {dagbag.py:545} INFO - Filling up the DagBag from /home/airflow/.local/lib/python3.12/site-packages/airflow/example_dags/example_local_kubernetes_executor.py
[2026-05-19T14:07:02.622+0000] {processor.py:840} INFO - DAG(s) 'example_local_kubernetes_executor' retrieved from /home/airflow/.local/lib/python3.12/site-packages/airflow/example_dags/example_local_kubernetes_executor.py
[2026-05-19T14:07:02.665+0000] {logging_mixin.py:188} INFO - [2026-05-19T14:07:02.664+0000] {dag.py:3096} INFO - Sync 1 DAGs
[2026-05-19T14:07:02.676+0000] {logging_mixin.py:188} INFO - [2026-05-19T14:07:02.676+0000] {dag.py:3954} INFO - Setting next_dagrun for example_local_kubernetes_executor to None, run_after=None
[2026-05-19T14:07:02.709+0000] {processor.py:183} INFO - Processing /home/airflow/.local/lib/python3.12/site-packages/airflow/example_dags/example_local_kubernetes_executor.py took 0.106 seconds
[2026-05-19T14:07:32.977+0000] {processor.py:161} INFO - Started process (PID=4339) to work on /home/airflow/.local/lib/python3.12/site-packages/airflow/example_dags/example_local_kubernetes_executor.py
[2026-05-19T14:07:32.981+0000] {processor.py:830} INFO - Processing file /home/airflow/.local/lib/python3.12/site-packages/airflow/example_dags/example_local_kubernetes_executor.py for tasks to queue
[2026-05-19T14:07:32.986+0000] {logging_mixin.py:188} INFO - [2026-05-19T14:07:32.985+0000] {dagbag.py:545} INFO - Filling up the DagBag from /home/airflow/.local/lib/python3.12/site-packages/airflow/example_dags/example_local_kubernetes_executor.py
[2026-05-19T14:07:33.010+0000] {processor.py:840} INFO - DAG(s) 'example_local_kubernetes_executor' retrieved from /home/airflow/.local/lib/python3.12/site-packages/airflow/example_dags/example_local_kubernetes_executor.py
[2026-05-19T14:07:33.120+0000] {logging_mixin.py:188} INFO - [2026-05-19T14:07:33.118+0000] {dag.py:3096} INFO - Sync 1 DAGs
[2026-05-19T14:07:33.154+0000] {logging_mixin.py:188} INFO - [2026-05-19T14:07:33.153+0000] {dag.py:3954} INFO - Setting next_dagrun for example_local_kubernetes_executor to None, run_after=None
[2026-05-19T14:07:33.210+0000] {processor.py:183} INFO - Processing /home/airflow/.local/lib/python3.12/site-packages/airflow/example_dags/example_local_kubernetes_executor.py took 0.247 seconds
[2026-05-19T14:08:03.991+0000] {processor.py:161} INFO - Started process (PID=4398) to work on /home/airflow/.local/lib/python3.12/site-packages/airflow/example_dags/example_local_kubernetes_executor.py
[2026-05-19T14:08:03.992+0000] {processor.py:830} INFO - Processing file /home/airflow/.local/lib/python3.12/site-packages/airflow/example_dags/example_local_kubernetes_executor.py for tasks to queue
[2026-05-19T14:08:03.995+0000] {logging_mixin.py:188} INFO - [2026-05-19T14:08:03.995+0000] {dagbag.py:545} INFO - Filling up the DagBag from /home/airflow/.local/lib/python3.12/site-packages/airflow/example_dags/example_local_kubernetes_executor.py
[2026-05-19T14:08:04.006+0000] {processor.py:840} INFO - DAG(s) 'example_local_kubernetes_executor' retrieved from /home/airflow/.local/lib/python3.12/site-packages/airflow/example_dags/example_local_kubernetes_executor.py
[2026-05-19T14:08:04.044+0000] {logging_mixin.py:188} INFO - [2026-05-19T14:08:04.044+0000] {dag.py:3096} INFO - Sync 1 DAGs
[2026-05-19T14:08:04.073+0000] {logging_mixin.py:188} INFO - [2026-05-19T14:08:04.072+0000] {dag.py:3954} INFO - Setting next_dagrun for example_local_kubernetes_executor to None, run_after=None
[2026-05-19T14:08:04.096+0000] {processor.py:183} INFO - Processing /home/airflow/.local/lib/python3.12/site-packages/airflow/example_dags/example_local_kubernetes_executor.py took 0.111 seconds
[2026-05-19T14:08:34.344+0000] {processor.py:161} INFO - Started process (PID=4457) to work on /home/airflow/.local/lib/python3.12/site-packages/airflow/example_dags/example_local_kubernetes_executor.py
[2026-05-19T14:08:34.346+0000] {processor.py:830} INFO - Processing file /home/airflow/.local/lib/python3.12/site-packages/airflow/example_dags/example_local_kubernetes_executor.py for tasks to queue
[2026-05-19T14:08:34.352+0000] {logging_mixin.py:188} INFO - [2026-05-19T14:08:34.351+0000] {dagbag.py:545} INFO - Filling up the DagBag from /home/airflow/.local/lib/python3.12/site-packages/airflow/example_dags/example_local_kubernetes_executor.py
[2026-05-19T14:08:34.363+0000] {processor.py:840} INFO - DAG(s) 'example_local_kubernetes_executor' retrieved from /home/airflow/.local/lib/python3.12/site-packages/airflow/example_dags/example_local_kubernetes_executor.py
[2026-05-19T14:08:34.425+0000] {logging_mixin.py:188} INFO - [2026-05-19T14:08:34.424+0000] {dag.py:3096} INFO - Sync 1 DAGs
[2026-05-19T14:08:34.440+0000] {logging_mixin.py:188} INFO - [2026-05-19T14:08:34.440+0000] {dag.py:3954} INFO - Setting next_dagrun for example_local_kubernetes_executor to None, run_after=None
[2026-05-19T14:08:34.477+0000] {processor.py:183} INFO - Processing /home/airflow/.local/lib/python3.12/site-packages/airflow/example_dags/example_local_kubernetes_executor.py took 0.142 seconds
[2026-05-19T14:09:04.658+0000] {processor.py:161} INFO - Started process (PID=4516) to work on /home/airflow/.local/lib/python3.12/site-packages/airflow/example_dags/example_local_kubernetes_executor.py
[2026-05-19T14:09:04.660+0000] {processor.py:830} INFO - Processing file /home/airflow/.local/lib/python3.12/site-packages/airflow/example_dags/example_local_kubernetes_executor.py for tasks to queue
[2026-05-19T14:09:04.663+0000] {logging_mixin.py:188} INFO - [2026-05-19T14:09:04.663+0000] {dagbag.py:545} INFO - Filling up the DagBag from /home/airflow/.local/lib/python3.12/site-packages/airflow/example_dags/example_local_kubernetes_executor.py
[2026-05-19T14:09:04.679+0000] {processor.py:840} INFO - DAG(s) 'example_local_kubernetes_executor' retrieved from /home/airflow/.local/lib/python3.12/site-packages/airflow/example_dags/example_local_kubernetes_executor.py
[2026-05-19T14:09:04.752+0000] {logging_mixin.py:188} INFO - [2026-05-19T14:09:04.751+0000] {dag.py:3096} INFO - Sync 1 DAGs
[2026-05-19T14:09:04.778+0000] {logging_mixin.py:188} INFO - [2026-05-19T14:09:04.777+0000] {dag.py:3954} INFO - Setting next_dagrun for example_local_kubernetes_executor to None, run_after=None
[2026-05-19T14:09:04.818+0000] {processor.py:183} INFO - Processing /home/airflow/.local/lib/python3.12/site-packages/airflow/example_dags/example_local_kubernetes_executor.py took 0.168 seconds
[2026-05-19T14:09:34.962+0000] {processor.py:161} INFO - Started process (PID=4576) to work on /home/airflow/.local/lib/python3.12/site-packages/airflow/example_dags/example_local_kubernetes_executor.py
[2026-05-19T14:09:34.964+0000] {processor.py:830} INFO - Processing file /home/airflow/.local/lib/python3.12/site-packages/airflow/example_dags/example_local_kubernetes_executor.py for tasks to queue
[2026-05-19T14:09:34.967+0000] {logging_mixin.py:188} INFO - [2026-05-19T14:09:34.967+0000] {dagbag.py:545} INFO - Filling up the DagBag from /home/airflow/.local/lib/python3.12/site-packages/airflow/example_dags/example_local_kubernetes_executor.py
[2026-05-19T14:09:34.975+0000] {processor.py:840} INFO - DAG(s) 'example_local_kubernetes_executor' retrieved from /home/airflow/.local/lib/python3.12/site-packages/airflow/example_dags/example_local_kubernetes_executor.py
[2026-05-19T14:09:35.021+0000] {logging_mixin.py:188} INFO - [2026-05-19T14:09:35.020+0000] {dag.py:3096} INFO - Sync 1 DAGs
[2026-05-19T14:09:35.039+0000] {logging_mixin.py:188} INFO - [2026-05-19T14:09:35.038+0000] {dag.py:3954} INFO - Setting next_dagrun for example_local_kubernetes_executor to None, run_after=None
[2026-05-19T14:09:35.064+0000] {processor.py:183} INFO - Processing /home/airflow/.local/lib/python3.12/site-packages/airflow/example_dags/example_local_kubernetes_executor.py took 0.110 seconds
[2026-05-19T14:10:05.137+0000] {processor.py:161} INFO - Started process (PID=4635) to work on /home/airflow/.local/lib/python3.12/site-packages/airflow/example_dags/example_local_kubernetes_executor.py
[2026-05-19T14:10:05.139+0000] {processor.py:830} INFO - Processing file /home/airflow/.local/lib/python3.12/site-packages/airflow/example_dags/example_local_kubernetes_executor.py for tasks to queue
[2026-05-19T14:10:05.141+0000] {logging_mixin.py:188} INFO - [2026-05-19T14:10:05.141+0000] {dagbag.py:545} INFO - Filling up the DagBag from /home/airflow/.local/lib/python3.12/site-packages/airflow/example_dags/example_local_kubernetes_executor.py
[2026-05-19T14:10:05.152+0000] {processor.py:840} INFO - DAG(s) 'example_local_kubernetes_executor' retrieved from /home/airflow/.local/lib/python3.12/site-packages/airflow/example_dags/example_local_kubernetes_executor.py
[2026-05-19T14:10:05.192+0000] {logging_mixin.py:188} INFO - [2026-05-19T14:10:05.192+0000] {dag.py:3096} INFO - Sync 1 DAGs
[2026-05-19T14:10:05.206+0000] {logging_mixin.py:188} INFO - [2026-05-19T14:10:05.206+0000] {dag.py:3954} INFO - Setting next_dagrun for example_local_kubernetes_executor to None, run_after=None
[2026-05-19T14:10:05.232+0000] {processor.py:183} INFO - Processing /home/airflow/.local/lib/python3.12/site-packages/airflow/example_dags/example_local_kubernetes_executor.py took 0.100 seconds
[2026-05-19T14:10:35.426+0000] {processor.py:161} INFO - Started process (PID=4694) to work on /home/airflow/.local/lib/python3.12/site-packages/airflow/example_dags/example_local_kubernetes_executor.py
[2026-05-19T14:10:35.428+0000] {processor.py:830} INFO - Processing file /home/airflow/.local/lib/python3.12/site-packages/airflow/example_dags/example_local_kubernetes_executor.py for tasks to queue
[2026-05-19T14:10:35.430+0000] {logging_mixin.py:188} INFO - [2026-05-19T14:10:35.430+0000] {dagbag.py:545} INFO - Filling up the DagBag from /home/airflow/.local/lib/python3.12/site-packages/airflow/example_dags/example_local_kubernetes_executor.py
[2026-05-19T14:10:35.436+0000] {processor.py:840} INFO - DAG(s) 'example_local_kubernetes_executor' retrieved from /home/airflow/.local/lib/python3.12/site-packages/airflow/example_dags/example_local_kubernetes_executor.py
[2026-05-19T14:10:35.489+0000] {logging_mixin.py:188} INFO - [2026-05-19T14:10:35.488+0000] {dag.py:3096} INFO - Sync 1 DAGs
[2026-05-19T14:10:35.504+0000] {logging_mixin.py:188} INFO - [2026-05-19T14:10:35.504+0000] {dag.py:3954} INFO - Setting next_dagrun for example_local_kubernetes_executor to None, run_after=None
[2026-05-19T14:10:35.531+0000] {processor.py:183} INFO - Processing /home/airflow/.local/lib/python3.12/site-packages/airflow/example_dags/example_local_kubernetes_executor.py took 0.109 seconds
[2026-05-19T14:11:06.110+0000] {processor.py:161} INFO - Started process (PID=4751) to work on /home/airflow/.local/lib/python3.12/site-packages/airflow/example_dags/example_local_kubernetes_executor.py
[2026-05-19T14:11:06.112+0000] {processor.py:830} INFO - Processing file /home/airflow/.local/lib/python3.12/site-packages/airflow/example_dags/example_local_kubernetes_executor.py for tasks to queue
[2026-05-19T14:11:06.117+0000] {logging_mixin.py:188} INFO - [2026-05-19T14:11:06.116+0000] {dagbag.py:545} INFO - Filling up the DagBag from /home/airflow/.local/lib/python3.12/site-packages/airflow/example_dags/example_local_kubernetes_executor.py
[2026-05-19T14:11:06.131+0000] {processor.py:840} INFO - DAG(s) 'example_local_kubernetes_executor' retrieved from /home/airflow/.local/lib/python3.12/site-packages/airflow/example_dags/example_local_kubernetes_executor.py
[2026-05-19T14:11:06.177+0000] {logging_mixin.py:188} INFO - [2026-05-19T14:11:06.176+0000] {dag.py:3096} INFO - Sync 1 DAGs
[2026-05-19T14:11:06.200+0000] {logging_mixin.py:188} INFO - [2026-05-19T14:11:06.200+0000] {dag.py:3954} INFO - Setting next_dagrun for example_local_kubernetes_executor to None, run_after=None
[2026-05-19T14:11:06.227+0000] {processor.py:183} INFO - Processing /home/airflow/.local/lib/python3.12/site-packages/airflow/example_dags/example_local_kubernetes_executor.py took 0.123 seconds
[2026-05-19T14:11:36.316+0000] {processor.py:161} INFO - Started process (PID=4810) to work on /home/airflow/.local/lib/python3.12/site-packages/airflow/example_dags/example_local_kubernetes_executor.py
[2026-05-19T14:11:36.317+0000] {processor.py:830} INFO - Processing file /home/airflow/.local/lib/python3.12/site-packages/airflow/example_dags/example_local_kubernetes_executor.py for tasks to queue
[2026-05-19T14:11:36.321+0000] {logging_mixin.py:188} INFO - [2026-05-19T14:11:36.320+0000] {dagbag.py:545} INFO - Filling up the DagBag from /home/airflow/.local/lib/python3.12/site-packages/airflow/example_dags/example_local_kubernetes_executor.py
[2026-05-19T14:11:36.333+0000] {processor.py:840} INFO - DAG(s) 'example_local_kubernetes_executor' retrieved from /home/airflow/.local/lib/python3.12/site-packages/airflow/example_dags/example_local_kubernetes_executor.py
[2026-05-19T14:11:36.386+0000] {logging_mixin.py:188} INFO - [2026-05-19T14:11:36.386+0000] {dag.py:3096} INFO - Sync 1 DAGs
[2026-05-19T14:11:36.409+0000] {logging_mixin.py:188} INFO - [2026-05-19T14:11:36.408+0000] {dag.py:3954} INFO - Setting next_dagrun for example_local_kubernetes_executor to None, run_after=None
[2026-05-19T14:11:36.445+0000] {processor.py:183} INFO - Processing /home/airflow/.local/lib/python3.12/site-packages/airflow/example_dags/example_local_kubernetes_executor.py took 0.136 seconds
[2026-05-19T14:12:06.765+0000] {processor.py:161} INFO - Started process (PID=4869) to work on /home/airflow/.local/lib/python3.12/site-packages/airflow/example_dags/example_local_kubernetes_executor.py
[2026-05-19T14:12:06.767+0000] {processor.py:830} INFO - Processing file /home/airflow/.local/lib/python3.12/site-packages/airflow/example_dags/example_local_kubernetes_executor.py for tasks to queue
[2026-05-19T14:12:06.769+0000] {logging_mixin.py:188} INFO - [2026-05-19T14:12:06.769+0000] {dagbag.py:545} INFO - Filling up the DagBag from /home/airflow/.local/lib/python3.12/site-packages/airflow/example_dags/example_local_kubernetes_executor.py
[2026-05-19T14:12:06.776+0000] {processor.py:840} INFO - DAG(s) 'example_local_kubernetes_executor' retrieved from /home/airflow/.local/lib/python3.12/site-packages/airflow/example_dags/example_local_kubernetes_executor.py
[2026-05-19T14:12:06.822+0000] {logging_mixin.py:188} INFO - [2026-05-19T14:12:06.822+0000] {dag.py:3096} INFO - Sync 1 DAGs
[2026-05-19T14:12:06.842+0000] {logging_mixin.py:188} INFO - [2026-05-19T14:12:06.842+0000] {dag.py:3954} INFO - Setting next_dagrun for example_local_kubernetes_executor to None, run_after=None
[2026-05-19T14:12:06.877+0000] {processor.py:183} INFO - Processing /home/airflow/.local/lib/python3.12/site-packages/airflow/example_dags/example_local_kubernetes_executor.py took 0.121 seconds
[2026-05-19T14:12:37.271+0000] {processor.py:161} INFO - Started process (PID=4928) to work on /home/airflow/.local/lib/python3.12/site-packages/airflow/example_dags/example_local_kubernetes_executor.py
[2026-05-19T14:12:37.273+0000] {processor.py:830} INFO - Processing file /home/airflow/.local/lib/python3.12/site-packages/airflow/example_dags/example_local_kubernetes_executor.py for tasks to queue
[2026-05-19T14:12:37.275+0000] {logging_mixin.py:188} INFO - [2026-05-19T14:12:37.275+0000] {dagbag.py:545} INFO - Filling up the DagBag from /home/airflow/.local/lib/python3.12/site-packages/airflow/example_dags/example_local_kubernetes_executor.py
[2026-05-19T14:12:37.288+0000] {processor.py:840} INFO - DAG(s) 'example_local_kubernetes_executor' retrieved from /home/airflow/.local/lib/python3.12/site-packages/airflow/example_dags/example_local_kubernetes_executor.py
[2026-05-19T14:12:37.334+0000] {logging_mixin.py:188} INFO - [2026-05-19T14:12:37.333+0000] {dag.py:3096} INFO - Sync 1 DAGs
[2026-05-19T14:12:37.348+0000] {logging_mixin.py:188} INFO - [2026-05-19T14:12:37.348+0000] {dag.py:3954} INFO - Setting next_dagrun for example_local_kubernetes_executor to None, run_after=None
[2026-05-19T14:12:37.382+0000] {processor.py:183} INFO - Processing /home/airflow/.local/lib/python3.12/site-packages/airflow/example_dags/example_local_kubernetes_executor.py took 0.116 seconds
[2026-05-19T14:13:07.712+0000] {processor.py:161} INFO - Started process (PID=4987) to work on /home/airflow/.local/lib/python3.12/site-packages/airflow/example_dags/example_local_kubernetes_executor.py
[2026-05-19T14:13:07.714+0000] {processor.py:830} INFO - Processing file /home/airflow/.local/lib/python3.12/site-packages/airflow/example_dags/example_local_kubernetes_executor.py for tasks to queue
[2026-05-19T14:13:07.719+0000] {logging_mixin.py:188} INFO - [2026-05-19T14:13:07.718+0000] {dagbag.py:545} INFO - Filling up the DagBag from /home/airflow/.local/lib/python3.12/site-packages/airflow/example_dags/example_local_kubernetes_executor.py
[2026-05-19T14:13:07.732+0000] {processor.py:840} INFO - DAG(s) 'example_local_kubernetes_executor' retrieved from /home/airflow/.local/lib/python3.12/site-packages/airflow/example_dags/example_local_kubernetes_executor.py
[2026-05-19T14:13:07.824+0000] {logging_mixin.py:188} INFO - [2026-05-19T14:13:07.823+0000] {dag.py:3096} INFO - Sync 1 DAGs
[2026-05-19T14:13:07.863+0000] {logging_mixin.py:188} INFO - [2026-05-19T14:13:07.863+0000] {dag.py:3954} INFO - Setting next_dagrun for example_local_kubernetes_executor to None, run_after=None
[2026-05-19T14:13:07.911+0000] {processor.py:183} INFO - Processing /home/airflow/.local/lib/python3.12/site-packages/airflow/example_dags/example_local_kubernetes_executor.py took 0.210 seconds
[2026-05-19T14:13:38.506+0000] {processor.py:161} INFO - Started process (PID=5046) to work on /home/airflow/.local/lib/python3.12/site-packages/airflow/example_dags/example_local_kubernetes_executor.py
[2026-05-19T14:13:38.507+0000] {processor.py:830} INFO - Processing file /home/airflow/.local/lib/python3.12/site-packages/airflow/example_dags/example_local_kubernetes_executor.py for tasks to queue
[2026-05-19T14:13:38.509+0000] {logging_mixin.py:188} INFO - [2026-05-19T14:13:38.509+0000] {dagbag.py:545} INFO - Filling up the DagBag from /home/airflow/.local/lib/python3.12/site-packages/airflow/example_dags/example_local_kubernetes_executor.py
[2026-05-19T14:13:38.518+0000] {processor.py:840} INFO - DAG(s) 'example_local_kubernetes_executor' retrieved from /home/airflow/.local/lib/python3.12/site-packages/airflow/example_dags/example_local_kubernetes_executor.py
[2026-05-19T14:13:38.560+0000] {logging_mixin.py:188} INFO - [2026-05-19T14:13:38.559+0000] {dag.py:3096} INFO - Sync 1 DAGs
[2026-05-19T14:13:38.572+0000] {logging_mixin.py:188} INFO - [2026-05-19T14:13:38.571+0000] {dag.py:3954} INFO - Setting next_dagrun for example_local_kubernetes_executor to None, run_after=None
[2026-05-19T14:13:38.601+0000] {processor.py:183} INFO - Processing /home/airflow/.local/lib/python3.12/site-packages/airflow/example_dags/example_local_kubernetes_executor.py took 0.099 seconds
[2026-05-19T14:14:08.792+0000] {processor.py:161} INFO - Started process (PID=5105) to work on /home/airflow/.local/lib/python3.12/site-packages/airflow/example_dags/example_local_kubernetes_executor.py
[2026-05-19T14:14:08.793+0000] {processor.py:830} INFO - Processing file /home/airflow/.local/lib/python3.12/site-packages/airflow/example_dags/example_local_kubernetes_executor.py for tasks to queue
[2026-05-19T14:14:08.796+0000] {logging_mixin.py:188} INFO - [2026-05-19T14:14:08.795+0000] {dagbag.py:545} INFO - Filling up the DagBag from /home/airflow/.local/lib/python3.12/site-packages/airflow/example_dags/example_local_kubernetes_executor.py
[2026-05-19T14:14:08.805+0000] {processor.py:840} INFO - DAG(s) 'example_local_kubernetes_executor' retrieved from /home/airflow/.local/lib/python3.12/site-packages/airflow/example_dags/example_local_kubernetes_executor.py
[2026-05-19T14:14:08.848+0000] {logging_mixin.py:188} INFO - [2026-05-19T14:14:08.848+0000] {dag.py:3096} INFO - Sync 1 DAGs
[2026-05-19T14:14:08.864+0000] {logging_mixin.py:188} INFO - [2026-05-19T14:14:08.864+0000] {dag.py:3954} INFO - Setting next_dagrun for example_local_kubernetes_executor to None, run_after=None
[2026-05-19T14:14:08.890+0000] {processor.py:183} INFO - Processing /home/airflow/.local/lib/python3.12/site-packages/airflow/example_dags/example_local_kubernetes_executor.py took 0.106 seconds
[2026-05-19T14:14:39.105+0000] {processor.py:161} INFO - Started process (PID=5163) to work on /home/airflow/.local/lib/python3.12/site-packages/airflow/example_dags/example_local_kubernetes_executor.py
[2026-05-19T14:14:39.107+0000] {processor.py:830} INFO - Processing file /home/airflow/.local/lib/python3.12/site-packages/airflow/example_dags/example_local_kubernetes_executor.py for tasks to queue
[2026-05-19T14:14:39.110+0000] {logging_mixin.py:188} INFO - [2026-05-19T14:14:39.109+0000] {dagbag.py:545} INFO - Filling up the DagBag from /home/airflow/.local/lib/python3.12/site-packages/airflow/example_dags/example_local_kubernetes_executor.py
[2026-05-19T14:14:39.121+0000] {processor.py:840} INFO - DAG(s) 'example_local_kubernetes_executor' retrieved from /home/airflow/.local/lib/python3.12/site-packages/airflow/example_dags/example_local_kubernetes_executor.py
[2026-05-19T14:14:39.167+0000] {logging_mixin.py:188} INFO - [2026-05-19T14:14:39.167+0000] {dag.py:3096} INFO - Sync 1 DAGs
[2026-05-19T14:14:39.185+0000] {logging_mixin.py:188} INFO - [2026-05-19T14:14:39.184+0000] {dag.py:3954} INFO - Setting next_dagrun for example_local_kubernetes_executor to None, run_after=None
[2026-05-19T14:14:39.216+0000] {processor.py:183} INFO - Processing /home/airflow/.local/lib/python3.12/site-packages/airflow/example_dags/example_local_kubernetes_executor.py took 0.118 seconds
[2026-05-19T14:15:09.727+0000] {processor.py:161} INFO - Started process (PID=5223) to work on /home/airflow/.local/lib/python3.12/site-packages/airflow/example_dags/example_local_kubernetes_executor.py
[2026-05-19T14:15:09.729+0000] {processor.py:830} INFO - Processing file /home/airflow/.local/lib/python3.12/site-packages/airflow/example_dags/example_local_kubernetes_executor.py for tasks to queue
[2026-05-19T14:15:09.733+0000] {logging_mixin.py:188} INFO - [2026-05-19T14:15:09.733+0000] {dagbag.py:545} INFO - Filling up the DagBag from /home/airflow/.local/lib/python3.12/site-packages/airflow/example_dags/example_local_kubernetes_executor.py
[2026-05-19T14:15:09.749+0000] {processor.py:840} INFO - DAG(s) 'example_local_kubernetes_executor' retrieved from /home/airflow/.local/lib/python3.12/site-packages/airflow/example_dags/example_local_kubernetes_executor.py
[2026-05-19T14:15:09.817+0000] {logging_mixin.py:188} INFO - [2026-05-19T14:15:09.816+0000] {dag.py:3096} INFO - Sync 1 DAGs
[2026-05-19T14:15:09.846+0000] {logging_mixin.py:188} INFO - [2026-05-19T14:15:09.846+0000] {dag.py:3954} INFO - Setting next_dagrun for example_local_kubernetes_executor to None, run_after=None
[2026-05-19T14:15:09.897+0000] {processor.py:183} INFO - Processing /home/airflow/.local/lib/python3.12/site-packages/airflow/example_dags/example_local_kubernetes_executor.py took 0.180 seconds
[2026-05-19T14:15:40.110+0000] {processor.py:161} INFO - Started process (PID=5282) to work on /home/airflow/.local/lib/python3.12/site-packages/airflow/example_dags/example_local_kubernetes_executor.py
[2026-05-19T14:15:40.112+0000] {processor.py:830} INFO - Processing file /home/airflow/.local/lib/python3.12/site-packages/airflow/example_dags/example_local_kubernetes_executor.py for tasks to queue
[2026-05-19T14:15:40.116+0000] {logging_mixin.py:188} INFO - [2026-05-19T14:15:40.115+0000] {dagbag.py:545} INFO - Filling up the DagBag from /home/airflow/.local/lib/python3.12/site-packages/airflow/example_dags/example_local_kubernetes_executor.py
[2026-05-19T14:15:40.127+0000] {processor.py:840} INFO - DAG(s) 'example_local_kubernetes_executor' retrieved from /home/airflow/.local/lib/python3.12/site-packages/airflow/example_dags/example_local_kubernetes_executor.py
[2026-05-19T14:15:40.215+0000] {logging_mixin.py:188} INFO - [2026-05-19T14:15:40.215+0000] {dag.py:3096} INFO - Sync 1 DAGs
[2026-05-19T14:15:40.251+0000] {logging_mixin.py:188} INFO - [2026-05-19T14:15:40.250+0000] {dag.py:3954} INFO - Setting next_dagrun for example_local_kubernetes_executor to None, run_after=None
[2026-05-19T14:15:40.297+0000] {processor.py:183} INFO - Processing /home/airflow/.local/lib/python3.12/site-packages/airflow/example_dags/example_local_kubernetes_executor.py took 0.199 seconds
[2026-05-19T14:16:11.238+0000] {processor.py:161} INFO - Started process (PID=5344) to work on /home/airflow/.local/lib/python3.12/site-packages/airflow/example_dags/example_local_kubernetes_executor.py
[2026-05-19T14:16:11.247+0000] {processor.py:830} INFO - Processing file /home/airflow/.local/lib/python3.12/site-packages/airflow/example_dags/example_local_kubernetes_executor.py for tasks to queue
[2026-05-19T14:16:11.259+0000] {logging_mixin.py:188} INFO - [2026-05-19T14:16:11.256+0000] {dagbag.py:545} INFO - Filling up the DagBag from /home/airflow/.local/lib/python3.12/site-packages/airflow/example_dags/example_local_kubernetes_executor.py
[2026-05-19T14:16:11.285+0000] {processor.py:840} INFO - DAG(s) 'example_local_kubernetes_executor' retrieved from /home/airflow/.local/lib/python3.12/site-packages/airflow/example_dags/example_local_kubernetes_executor.py
[2026-05-19T14:16:11.432+0000] {logging_mixin.py:188} INFO - [2026-05-19T14:16:11.431+0000] {dag.py:3096} INFO - Sync 1 DAGs
[2026-05-19T14:16:11.486+0000] {logging_mixin.py:188} INFO - [2026-05-19T14:16:11.486+0000] {dag.py:3954} INFO - Setting next_dagrun for example_local_kubernetes_executor to None, run_after=None
[2026-05-19T14:16:11.561+0000] {processor.py:183} INFO - Processing /home/airflow/.local/lib/python3.12/site-packages/airflow/example_dags/example_local_kubernetes_executor.py took 0.345 seconds
[2026-05-19T14:16:42.284+0000] {processor.py:161} INFO - Started process (PID=5402) to work on /home/airflow/.local/lib/python3.12/site-packages/airflow/example_dags/example_local_kubernetes_executor.py
[2026-05-19T14:16:42.286+0000] {processor.py:830} INFO - Processing file /home/airflow/.local/lib/python3.12/site-packages/airflow/example_dags/example_local_kubernetes_executor.py for tasks to queue
[2026-05-19T14:16:42.288+0000] {logging_mixin.py:188} INFO - [2026-05-19T14:16:42.288+0000] {dagbag.py:545} INFO - Filling up the DagBag from /home/airflow/.local/lib/python3.12/site-packages/airflow/example_dags/example_local_kubernetes_executor.py
[2026-05-19T14:16:42.297+0000] {processor.py:840} INFO - DAG(s) 'example_local_kubernetes_executor' retrieved from /home/airflow/.local/lib/python3.12/site-packages/airflow/example_dags/example_local_kubernetes_executor.py
[2026-05-19T14:16:42.355+0000] {logging_mixin.py:188} INFO - [2026-05-19T14:16:42.354+0000] {dag.py:3096} INFO - Sync 1 DAGs
[2026-05-19T14:16:42.375+0000] {logging_mixin.py:188} INFO - [2026-05-19T14:16:42.374+0000] {dag.py:3954} INFO - Setting next_dagrun for example_local_kubernetes_executor to None, run_after=None
[2026-05-19T14:16:42.411+0000] {processor.py:183} INFO - Processing /home/airflow/.local/lib/python3.12/site-packages/airflow/example_dags/example_local_kubernetes_executor.py took 0.136 seconds
[2026-05-19T14:17:12.655+0000] {processor.py:161} INFO - Started process (PID=5461) to work on /home/airflow/.local/lib/python3.12/site-packages/airflow/example_dags/example_local_kubernetes_executor.py
[2026-05-19T14:17:12.657+0000] {processor.py:830} INFO - Processing file /home/airflow/.local/lib/python3.12/site-packages/airflow/example_dags/example_local_kubernetes_executor.py for tasks to queue
[2026-05-19T14:17:12.660+0000] {logging_mixin.py:188} INFO - [2026-05-19T14:17:12.660+0000] {dagbag.py:545} INFO - Filling up the DagBag from /home/airflow/.local/lib/python3.12/site-packages/airflow/example_dags/example_local_kubernetes_executor.py
[2026-05-19T14:17:12.674+0000] {processor.py:840} INFO - DAG(s) 'example_local_kubernetes_executor' retrieved from /home/airflow/.local/lib/python3.12/site-packages/airflow/example_dags/example_local_kubernetes_executor.py
[2026-05-19T14:17:12.721+0000] {logging_mixin.py:188} INFO - [2026-05-19T14:17:12.720+0000] {dag.py:3096} INFO - Sync 1 DAGs
[2026-05-19T14:17:12.740+0000] {logging_mixin.py:188} INFO - [2026-05-19T14:17:12.739+0000] {dag.py:3954} INFO - Setting next_dagrun for example_local_kubernetes_executor to None, run_after=None
[2026-05-19T14:17:12.764+0000] {processor.py:183} INFO - Processing /home/airflow/.local/lib/python3.12/site-packages/airflow/example_dags/example_local_kubernetes_executor.py took 0.118 seconds
[2026-05-19T14:17:42.997+0000] {processor.py:161} INFO - Started process (PID=5520) to work on /home/airflow/.local/lib/python3.12/site-packages/airflow/example_dags/example_local_kubernetes_executor.py
[2026-05-19T14:17:42.998+0000] {processor.py:830} INFO - Processing file /home/airflow/.local/lib/python3.12/site-packages/airflow/example_dags/example_local_kubernetes_executor.py for tasks to queue
[2026-05-19T14:17:43.001+0000] {logging_mixin.py:188} INFO - [2026-05-19T14:17:43.000+0000] {dagbag.py:545} INFO - Filling up the DagBag from /home/airflow/.local/lib/python3.12/site-packages/airflow/example_dags/example_local_kubernetes_executor.py
[2026-05-19T14:17:43.013+0000] {processor.py:840} INFO - DAG(s) 'example_local_kubernetes_executor' retrieved from /home/airflow/.local/lib/python3.12/site-packages/airflow/example_dags/example_local_kubernetes_executor.py
[2026-05-19T14:17:43.072+0000] {logging_mixin.py:188} INFO - [2026-05-19T14:17:43.071+0000] {dag.py:3096} INFO - Sync 1 DAGs
[2026-05-19T14:17:43.094+0000] {logging_mixin.py:188} INFO - [2026-05-19T14:17:43.093+0000] {dag.py:3954} INFO - Setting next_dagrun for example_local_kubernetes_executor to None, run_after=None
[2026-05-19T14:17:43.124+0000] {processor.py:183} INFO - Processing /home/airflow/.local/lib/python3.12/site-packages/airflow/example_dags/example_local_kubernetes_executor.py took 0.132 seconds
[2026-05-19T14:18:13.245+0000] {processor.py:161} INFO - Started process (PID=5579) to work on /home/airflow/.local/lib/python3.12/site-packages/airflow/example_dags/example_local_kubernetes_executor.py
[2026-05-19T14:18:13.247+0000] {processor.py:830} INFO - Processing file /home/airflow/.local/lib/python3.12/site-packages/airflow/example_dags/example_local_kubernetes_executor.py for tasks to queue
[2026-05-19T14:18:13.249+0000] {logging_mixin.py:188} INFO - [2026-05-19T14:18:13.249+0000] {dagbag.py:545} INFO - Filling up the DagBag from /home/airflow/.local/lib/python3.12/site-packages/airflow/example_dags/example_local_kubernetes_executor.py
[2026-05-19T14:18:13.257+0000] {processor.py:840} INFO - DAG(s) 'example_local_kubernetes_executor' retrieved from /home/airflow/.local/lib/python3.12/site-packages/airflow/example_dags/example_local_kubernetes_executor.py
[2026-05-19T14:18:13.305+0000] {logging_mixin.py:188} INFO - [2026-05-19T14:18:13.305+0000] {dag.py:3096} INFO - Sync 1 DAGs
[2026-05-19T14:18:13.319+0000] {logging_mixin.py:188} INFO - [2026-05-19T14:18:13.319+0000] {dag.py:3954} INFO - Setting next_dagrun for example_local_kubernetes_executor to None, run_after=None
[2026-05-19T14:18:13.343+0000] {processor.py:183} INFO - Processing /home/airflow/.local/lib/python3.12/site-packages/airflow/example_dags/example_local_kubernetes_executor.py took 0.108 seconds
[2026-05-19T14:18:43.916+0000] {processor.py:161} INFO - Started process (PID=5638) to work on /home/airflow/.local/lib/python3.12/site-packages/airflow/example_dags/example_local_kubernetes_executor.py
[2026-05-19T14:18:43.917+0000] {processor.py:830} INFO - Processing file /home/airflow/.local/lib/python3.12/site-packages/airflow/example_dags/example_local_kubernetes_executor.py for tasks to queue
[2026-05-19T14:18:43.923+0000] {logging_mixin.py:188} INFO - [2026-05-19T14:18:43.922+0000] {dagbag.py:545} INFO - Filling up the DagBag from /home/airflow/.local/lib/python3.12/site-packages/airflow/example_dags/example_local_kubernetes_executor.py
[2026-05-19T14:18:43.932+0000] {processor.py:840} INFO - DAG(s) 'example_local_kubernetes_executor' retrieved from /home/airflow/.local/lib/python3.12/site-packages/airflow/example_dags/example_local_kubernetes_executor.py
[2026-05-19T14:18:43.977+0000] {logging_mixin.py:188} INFO - [2026-05-19T14:18:43.976+0000] {dag.py:3096} INFO - Sync 1 DAGs
[2026-05-19T14:18:43.991+0000] {logging_mixin.py:188} INFO - [2026-05-19T14:18:43.991+0000] {dag.py:3954} INFO - Setting next_dagrun for example_local_kubernetes_executor to None, run_after=None
[2026-05-19T14:18:44.013+0000] {processor.py:183} INFO - Processing /home/airflow/.local/lib/python3.12/site-packages/airflow/example_dags/example_local_kubernetes_executor.py took 0.105 seconds
[2026-05-19T14:19:14.218+0000] {processor.py:161} INFO - Started process (PID=5697) to work on /home/airflow/.local/lib/python3.12/site-packages/airflow/example_dags/example_local_kubernetes_executor.py
[2026-05-19T14:19:14.220+0000] {processor.py:830} INFO - Processing file /home/airflow/.local/lib/python3.12/site-packages/airflow/example_dags/example_local_kubernetes_executor.py for tasks to queue
[2026-05-19T14:19:14.224+0000] {logging_mixin.py:188} INFO - [2026-05-19T14:19:14.224+0000] {dagbag.py:545} INFO - Filling up the DagBag from /home/airflow/.local/lib/python3.12/site-packages/airflow/example_dags/example_local_kubernetes_executor.py
[2026-05-19T14:19:14.237+0000] {processor.py:840} INFO - DAG(s) 'example_local_kubernetes_executor' retrieved from /home/airflow/.local/lib/python3.12/site-packages/airflow/example_dags/example_local_kubernetes_executor.py
[2026-05-19T14:19:14.313+0000] {logging_mixin.py:188} INFO - [2026-05-19T14:19:14.312+0000] {dag.py:3096} INFO - Sync 1 DAGs
[2026-05-19T14:19:14.342+0000] {logging_mixin.py:188} INFO - [2026-05-19T14:19:14.341+0000] {dag.py:3954} INFO - Setting next_dagrun for example_local_kubernetes_executor to None, run_after=None
[2026-05-19T14:19:14.374+0000] {processor.py:183} INFO - Processing /home/airflow/.local/lib/python3.12/site-packages/airflow/example_dags/example_local_kubernetes_executor.py took 0.166 seconds
[2026-05-19T14:19:44.587+0000] {processor.py:161} INFO - Started process (PID=5756) to work on /home/airflow/.local/lib/python3.12/site-packages/airflow/example_dags/example_local_kubernetes_executor.py
[2026-05-19T14:19:44.589+0000] {processor.py:830} INFO - Processing file /home/airflow/.local/lib/python3.12/site-packages/airflow/example_dags/example_local_kubernetes_executor.py for tasks to queue
[2026-05-19T14:19:44.592+0000] {logging_mixin.py:188} INFO - [2026-05-19T14:19:44.591+0000] {dagbag.py:545} INFO - Filling up the DagBag from /home/airflow/.local/lib/python3.12/site-packages/airflow/example_dags/example_local_kubernetes_executor.py
[2026-05-19T14:19:44.606+0000] {processor.py:840} INFO - DAG(s) 'example_local_kubernetes_executor' retrieved from /home/airflow/.local/lib/python3.12/site-packages/airflow/example_dags/example_local_kubernetes_executor.py
[2026-05-19T14:19:44.667+0000] {logging_mixin.py:188} INFO - [2026-05-19T14:19:44.666+0000] {dag.py:3096} INFO - Sync 1 DAGs
[2026-05-19T14:19:44.678+0000] {logging_mixin.py:188} INFO - [2026-05-19T14:19:44.678+0000] {dag.py:3954} INFO - Setting next_dagrun for example_local_kubernetes_executor to None, run_after=None
[2026-05-19T14:19:44.710+0000] {processor.py:183} INFO - Processing /home/airflow/.local/lib/python3.12/site-packages/airflow/example_dags/example_local_kubernetes_executor.py took 0.133 seconds
[2026-05-19T14:20:15.249+0000] {processor.py:161} INFO - Started process (PID=5815) to work on /home/airflow/.local/lib/python3.12/site-packages/airflow/example_dags/example_local_kubernetes_executor.py
[2026-05-19T14:20:15.251+0000] {processor.py:830} INFO - Processing file /home/airflow/.local/lib/python3.12/site-packages/airflow/example_dags/example_local_kubernetes_executor.py for tasks to queue
[2026-05-19T14:20:15.254+0000] {logging_mixin.py:188} INFO - [2026-05-19T14:20:15.253+0000] {dagbag.py:545} INFO - Filling up the DagBag from /home/airflow/.local/lib/python3.12/site-packages/airflow/example_dags/example_local_kubernetes_executor.py
[2026-05-19T14:20:15.265+0000] {processor.py:840} INFO - DAG(s) 'example_local_kubernetes_executor' retrieved from /home/airflow/.local/lib/python3.12/site-packages/airflow/example_dags/example_local_kubernetes_executor.py
[2026-05-19T14:20:15.323+0000] {logging_mixin.py:188} INFO - [2026-05-19T14:20:15.323+0000] {dag.py:3096} INFO - Sync 1 DAGs
[2026-05-19T14:20:15.349+0000] {logging_mixin.py:188} INFO - [2026-05-19T14:20:15.349+0000] {dag.py:3954} INFO - Setting next_dagrun for example_local_kubernetes_executor to None, run_after=None
[2026-05-19T14:20:15.381+0000] {processor.py:183} INFO - Processing /home/airflow/.local/lib/python3.12/site-packages/airflow/example_dags/example_local_kubernetes_executor.py took 0.141 seconds
[2026-05-19T14:20:45.528+0000] {processor.py:161} INFO - Started process (PID=5874) to work on /home/airflow/.local/lib/python3.12/site-packages/airflow/example_dags/example_local_kubernetes_executor.py
[2026-05-19T14:20:45.530+0000] {processor.py:830} INFO - Processing file /home/airflow/.local/lib/python3.12/site-packages/airflow/example_dags/example_local_kubernetes_executor.py for tasks to queue
[2026-05-19T14:20:45.533+0000] {logging_mixin.py:188} INFO - [2026-05-19T14:20:45.533+0000] {dagbag.py:545} INFO - Filling up the DagBag from /home/airflow/.local/lib/python3.12/site-packages/airflow/example_dags/example_local_kubernetes_executor.py
[2026-05-19T14:20:45.542+0000] {processor.py:840} INFO - DAG(s) 'example_local_kubernetes_executor' retrieved from /home/airflow/.local/lib/python3.12/site-packages/airflow/example_dags/example_local_kubernetes_executor.py
[2026-05-19T14:20:45.597+0000] {logging_mixin.py:188} INFO - [2026-05-19T14:20:45.597+0000] {dag.py:3096} INFO - Sync 1 DAGs
[2026-05-19T14:20:45.613+0000] {logging_mixin.py:188} INFO - [2026-05-19T14:20:45.612+0000] {dag.py:3954} INFO - Setting next_dagrun for example_local_kubernetes_executor to None, run_after=None
[2026-05-19T14:20:45.645+0000] {processor.py:183} INFO - Processing /home/airflow/.local/lib/python3.12/site-packages/airflow/example_dags/example_local_kubernetes_executor.py took 0.123 seconds
[2026-05-19T14:21:15.738+0000] {processor.py:161} INFO - Started process (PID=5933) to work on /home/airflow/.local/lib/python3.12/site-packages/airflow/example_dags/example_local_kubernetes_executor.py
[2026-05-19T14:21:15.739+0000] {processor.py:830} INFO - Processing file /home/airflow/.local/lib/python3.12/site-packages/airflow/example_dags/example_local_kubernetes_executor.py for tasks to queue
[2026-05-19T14:21:15.742+0000] {logging_mixin.py:188} INFO - [2026-05-19T14:21:15.742+0000] {dagbag.py:545} INFO - Filling up the DagBag from /home/airflow/.local/lib/python3.12/site-packages/airflow/example_dags/example_local_kubernetes_executor.py
[2026-05-19T14:21:15.749+0000] {processor.py:840} INFO - DAG(s) 'example_local_kubernetes_executor' retrieved from /home/airflow/.local/lib/python3.12/site-packages/airflow/example_dags/example_local_kubernetes_executor.py
[2026-05-19T14:21:15.789+0000] {logging_mixin.py:188} INFO - [2026-05-19T14:21:15.789+0000] {dag.py:3096} INFO - Sync 1 DAGs
[2026-05-19T14:21:15.812+0000] {logging_mixin.py:188} INFO - [2026-05-19T14:21:15.812+0000] {dag.py:3954} INFO - Setting next_dagrun for example_local_kubernetes_executor to None, run_after=None
[2026-05-19T14:21:15.840+0000] {processor.py:183} INFO - Processing /home/airflow/.local/lib/python3.12/site-packages/airflow/example_dags/example_local_kubernetes_executor.py took 0.111 seconds
[2026-05-19T17:35:39.786+0000] {processor.py:161} INFO - Started process (PID=5996) to work on /home/airflow/.local/lib/python3.12/site-packages/airflow/example_dags/example_local_kubernetes_executor.py
[2026-05-19T17:35:39.789+0000] {processor.py:830} INFO - Processing file /home/airflow/.local/lib/python3.12/site-packages/airflow/example_dags/example_local_kubernetes_executor.py for tasks to queue
[2026-05-19T17:35:39.796+0000] {logging_mixin.py:188} INFO - [2026-05-19T17:35:39.795+0000] {dagbag.py:545} INFO - Filling up the DagBag from /home/airflow/.local/lib/python3.12/site-packages/airflow/example_dags/example_local_kubernetes_executor.py
[2026-05-19T17:35:39.815+0000] {processor.py:840} INFO - DAG(s) 'example_local_kubernetes_executor' retrieved from /home/airflow/.local/lib/python3.12/site-packages/airflow/example_dags/example_local_kubernetes_executor.py
[2026-05-19T17:35:39.905+0000] {logging_mixin.py:188} INFO - [2026-05-19T17:35:39.904+0000] {dag.py:3096} INFO - Sync 1 DAGs
[2026-05-19T17:35:39.942+0000] {logging_mixin.py:188} INFO - [2026-05-19T17:35:39.942+0000] {dag.py:3954} INFO - Setting next_dagrun for example_local_kubernetes_executor to None, run_after=None
[2026-05-19T17:35:39.988+0000] {processor.py:183} INFO - Processing /home/airflow/.local/lib/python3.12/site-packages/airflow/example_dags/example_local_kubernetes_executor.py took 0.217 seconds
[2026-05-19T17:36:10.140+0000] {processor.py:161} INFO - Started process (PID=6055) to work on /home/airflow/.local/lib/python3.12/site-packages/airflow/example_dags/example_local_kubernetes_executor.py
[2026-05-19T17:36:10.155+0000] {processor.py:830} INFO - Processing file /home/airflow/.local/lib/python3.12/site-packages/airflow/example_dags/example_local_kubernetes_executor.py for tasks to queue
[2026-05-19T17:36:10.166+0000] {logging_mixin.py:188} INFO - [2026-05-19T17:36:10.165+0000] {dagbag.py:545} INFO - Filling up the DagBag from /home/airflow/.local/lib/python3.12/site-packages/airflow/example_dags/example_local_kubernetes_executor.py
[2026-05-19T17:36:10.186+0000] {processor.py:840} INFO - DAG(s) 'example_local_kubernetes_executor' retrieved from /home/airflow/.local/lib/python3.12/site-packages/airflow/example_dags/example_local_kubernetes_executor.py
[2026-05-19T17:36:10.399+0000] {logging_mixin.py:188} INFO - [2026-05-19T17:36:10.399+0000] {dag.py:3096} INFO - Sync 1 DAGs
[2026-05-19T17:36:10.414+0000] {logging_mixin.py:188} INFO - [2026-05-19T17:36:10.414+0000] {dag.py:3954} INFO - Setting next_dagrun for example_local_kubernetes_executor to None, run_after=None
[2026-05-19T17:36:10.434+0000] {processor.py:183} INFO - Processing /home/airflow/.local/lib/python3.12/site-packages/airflow/example_dags/example_local_kubernetes_executor.py took 0.310 seconds
[2026-05-19T17:36:40.581+0000] {processor.py:161} INFO - Started process (PID=6115) to work on /home/airflow/.local/lib/python3.12/site-packages/airflow/example_dags/example_local_kubernetes_executor.py
[2026-05-19T17:36:40.582+0000] {processor.py:830} INFO - Processing file /home/airflow/.local/lib/python3.12/site-packages/airflow/example_dags/example_local_kubernetes_executor.py for tasks to queue
[2026-05-19T17:36:40.584+0000] {logging_mixin.py:188} INFO - [2026-05-19T17:36:40.584+0000] {dagbag.py:545} INFO - Filling up the DagBag from /home/airflow/.local/lib/python3.12/site-packages/airflow/example_dags/example_local_kubernetes_executor.py
[2026-05-19T17:36:40.593+0000] {processor.py:840} INFO - DAG(s) 'example_local_kubernetes_executor' retrieved from /home/airflow/.local/lib/python3.12/site-packages/airflow/example_dags/example_local_kubernetes_executor.py
[2026-05-19T17:36:40.627+0000] {logging_mixin.py:188} INFO - [2026-05-19T17:36:40.627+0000] {dag.py:3096} INFO - Sync 1 DAGs
[2026-05-19T17:36:40.641+0000] {logging_mixin.py:188} INFO - [2026-05-19T17:36:40.641+0000] {dag.py:3954} INFO - Setting next_dagrun for example_local_kubernetes_executor to None, run_after=None
[2026-05-19T17:36:40.661+0000] {processor.py:183} INFO - Processing /home/airflow/.local/lib/python3.12/site-packages/airflow/example_dags/example_local_kubernetes_executor.py took 0.086 seconds
[2026-05-19T17:37:11.324+0000] {processor.py:161} INFO - Started process (PID=6174) to work on /home/airflow/.local/lib/python3.12/site-packages/airflow/example_dags/example_local_kubernetes_executor.py
[2026-05-19T17:37:11.325+0000] {processor.py:830} INFO - Processing file /home/airflow/.local/lib/python3.12/site-packages/airflow/example_dags/example_local_kubernetes_executor.py for tasks to queue
[2026-05-19T17:37:11.328+0000] {logging_mixin.py:188} INFO - [2026-05-19T17:37:11.328+0000] {dagbag.py:545} INFO - Filling up the DagBag from /home/airflow/.local/lib/python3.12/site-packages/airflow/example_dags/example_local_kubernetes_executor.py
[2026-05-19T17:37:11.337+0000] {processor.py:840} INFO - DAG(s) 'example_local_kubernetes_executor' retrieved from /home/airflow/.local/lib/python3.12/site-packages/airflow/example_dags/example_local_kubernetes_executor.py
[2026-05-19T17:37:11.375+0000] {logging_mixin.py:188} INFO - [2026-05-19T17:37:11.374+0000] {dag.py:3096} INFO - Sync 1 DAGs
[2026-05-19T17:37:11.385+0000] {logging_mixin.py:188} INFO - [2026-05-19T17:37:11.385+0000] {dag.py:3954} INFO - Setting next_dagrun for example_local_kubernetes_executor to None, run_after=None
[2026-05-19T17:37:11.427+0000] {processor.py:183} INFO - Processing /home/airflow/.local/lib/python3.12/site-packages/airflow/example_dags/example_local_kubernetes_executor.py took 0.108 seconds
[2026-05-19T17:37:41.846+0000] {processor.py:161} INFO - Started process (PID=6233) to work on /home/airflow/.local/lib/python3.12/site-packages/airflow/example_dags/example_local_kubernetes_executor.py
[2026-05-19T17:37:41.847+0000] {processor.py:830} INFO - Processing file /home/airflow/.local/lib/python3.12/site-packages/airflow/example_dags/example_local_kubernetes_executor.py for tasks to queue
[2026-05-19T17:37:41.849+0000] {logging_mixin.py:188} INFO - [2026-05-19T17:37:41.848+0000] {dagbag.py:545} INFO - Filling up the DagBag from /home/airflow/.local/lib/python3.12/site-packages/airflow/example_dags/example_local_kubernetes_executor.py
[2026-05-19T17:37:41.856+0000] {processor.py:840} INFO - DAG(s) 'example_local_kubernetes_executor' retrieved from /home/airflow/.local/lib/python3.12/site-packages/airflow/example_dags/example_local_kubernetes_executor.py
[2026-05-19T17:37:41.889+0000] {logging_mixin.py:188} INFO - [2026-05-19T17:37:41.889+0000] {dag.py:3096} INFO - Sync 1 DAGs
[2026-05-19T17:37:41.902+0000] {logging_mixin.py:188} INFO - [2026-05-19T17:37:41.902+0000] {dag.py:3954} INFO - Setting next_dagrun for example_local_kubernetes_executor to None, run_after=None
[2026-05-19T17:37:41.927+0000] {processor.py:183} INFO - Processing /home/airflow/.local/lib/python3.12/site-packages/airflow/example_dags/example_local_kubernetes_executor.py took 0.086 seconds
[2026-05-19T17:38:12.284+0000] {processor.py:161} INFO - Started process (PID=6292) to work on /home/airflow/.local/lib/python3.12/site-packages/airflow/example_dags/example_local_kubernetes_executor.py
[2026-05-19T17:38:12.285+0000] {processor.py:830} INFO - Processing file /home/airflow/.local/lib/python3.12/site-packages/airflow/example_dags/example_local_kubernetes_executor.py for tasks to queue
[2026-05-19T17:38:12.287+0000] {logging_mixin.py:188} INFO - [2026-05-19T17:38:12.286+0000] {dagbag.py:545} INFO - Filling up the DagBag from /home/airflow/.local/lib/python3.12/site-packages/airflow/example_dags/example_local_kubernetes_executor.py
[2026-05-19T17:38:12.295+0000] {processor.py:840} INFO - DAG(s) 'example_local_kubernetes_executor' retrieved from /home/airflow/.local/lib/python3.12/site-packages/airflow/example_dags/example_local_kubernetes_executor.py
[2026-05-19T17:38:12.327+0000] {logging_mixin.py:188} INFO - [2026-05-19T17:38:12.327+0000] {dag.py:3096} INFO - Sync 1 DAGs
[2026-05-19T17:38:12.342+0000] {logging_mixin.py:188} INFO - [2026-05-19T17:38:12.342+0000] {dag.py:3954} INFO - Setting next_dagrun for example_local_kubernetes_executor to None, run_after=None
[2026-05-19T17:38:12.361+0000] {processor.py:183} INFO - Processing /home/airflow/.local/lib/python3.12/site-packages/airflow/example_dags/example_local_kubernetes_executor.py took 0.082 seconds
[2026-05-19T17:38:42.496+0000] {processor.py:161} INFO - Started process (PID=6351) to work on /home/airflow/.local/lib/python3.12/site-packages/airflow/example_dags/example_local_kubernetes_executor.py
[2026-05-19T17:38:42.497+0000] {processor.py:830} INFO - Processing file /home/airflow/.local/lib/python3.12/site-packages/airflow/example_dags/example_local_kubernetes_executor.py for tasks to queue
[2026-05-19T17:38:42.499+0000] {logging_mixin.py:188} INFO - [2026-05-19T17:38:42.499+0000] {dagbag.py:545} INFO - Filling up the DagBag from /home/airflow/.local/lib/python3.12/site-packages/airflow/example_dags/example_local_kubernetes_executor.py
[2026-05-19T17:38:42.506+0000] {processor.py:840} INFO - DAG(s) 'example_local_kubernetes_executor' retrieved from /home/airflow/.local/lib/python3.12/site-packages/airflow/example_dags/example_local_kubernetes_executor.py
[2026-05-19T17:38:42.542+0000] {logging_mixin.py:188} INFO - [2026-05-19T17:38:42.541+0000] {dag.py:3096} INFO - Sync 1 DAGs
[2026-05-19T17:38:42.553+0000] {logging_mixin.py:188} INFO - [2026-05-19T17:38:42.553+0000] {dag.py:3954} INFO - Setting next_dagrun for example_local_kubernetes_executor to None, run_after=None
[2026-05-19T17:38:42.572+0000] {processor.py:183} INFO - Processing /home/airflow/.local/lib/python3.12/site-packages/airflow/example_dags/example_local_kubernetes_executor.py took 0.082 seconds
[2026-05-19T17:39:12.913+0000] {processor.py:161} INFO - Started process (PID=6410) to work on /home/airflow/.local/lib/python3.12/site-packages/airflow/example_dags/example_local_kubernetes_executor.py
[2026-05-19T17:39:12.914+0000] {processor.py:830} INFO - Processing file /home/airflow/.local/lib/python3.12/site-packages/airflow/example_dags/example_local_kubernetes_executor.py for tasks to queue
[2026-05-19T17:39:12.917+0000] {logging_mixin.py:188} INFO - [2026-05-19T17:39:12.916+0000] {dagbag.py:545} INFO - Filling up the DagBag from /home/airflow/.local/lib/python3.12/site-packages/airflow/example_dags/example_local_kubernetes_executor.py
[2026-05-19T17:39:12.924+0000] {processor.py:840} INFO - DAG(s) 'example_local_kubernetes_executor' retrieved from /home/airflow/.local/lib/python3.12/site-packages/airflow/example_dags/example_local_kubernetes_executor.py
[2026-05-19T17:39:12.956+0000] {logging_mixin.py:188} INFO - [2026-05-19T17:39:12.956+0000] {dag.py:3096} INFO - Sync 1 DAGs
[2026-05-19T17:39:12.968+0000] {logging_mixin.py:188} INFO - [2026-05-19T17:39:12.968+0000] {dag.py:3954} INFO - Setting next_dagrun for example_local_kubernetes_executor to None, run_after=None
[2026-05-19T17:39:12.989+0000] {processor.py:183} INFO - Processing /home/airflow/.local/lib/python3.12/site-packages/airflow/example_dags/example_local_kubernetes_executor.py took 0.081 seconds
[2026-05-19T17:39:43.214+0000] {processor.py:161} INFO - Started process (PID=6475) to work on /home/airflow/.local/lib/python3.12/site-packages/airflow/example_dags/example_local_kubernetes_executor.py
[2026-05-19T17:39:43.215+0000] {processor.py:830} INFO - Processing file /home/airflow/.local/lib/python3.12/site-packages/airflow/example_dags/example_local_kubernetes_executor.py for tasks to queue
[2026-05-19T17:39:43.217+0000] {logging_mixin.py:188} INFO - [2026-05-19T17:39:43.217+0000] {dagbag.py:545} INFO - Filling up the DagBag from /home/airflow/.local/lib/python3.12/site-packages/airflow/example_dags/example_local_kubernetes_executor.py
[2026-05-19T17:39:43.226+0000] {processor.py:840} INFO - DAG(s) 'example_local_kubernetes_executor' retrieved from /home/airflow/.local/lib/python3.12/site-packages/airflow/example_dags/example_local_kubernetes_executor.py
[2026-05-19T17:39:43.277+0000] {logging_mixin.py:188} INFO - [2026-05-19T17:39:43.276+0000] {dag.py:3096} INFO - Sync 1 DAGs
[2026-05-19T17:39:43.300+0000] {logging_mixin.py:188} INFO - [2026-05-19T17:39:43.300+0000] {dag.py:3954} INFO - Setting next_dagrun for example_local_kubernetes_executor to None, run_after=None
[2026-05-19T17:39:43.334+0000] {processor.py:183} INFO - Processing /home/airflow/.local/lib/python3.12/site-packages/airflow/example_dags/example_local_kubernetes_executor.py took 0.125 seconds
[2026-05-19T17:40:13.377+0000] {processor.py:161} INFO - Started process (PID=6533) to work on /home/airflow/.local/lib/python3.12/site-packages/airflow/example_dags/example_local_kubernetes_executor.py
[2026-05-19T17:40:13.378+0000] {processor.py:830} INFO - Processing file /home/airflow/.local/lib/python3.12/site-packages/airflow/example_dags/example_local_kubernetes_executor.py for tasks to queue
[2026-05-19T17:40:13.380+0000] {logging_mixin.py:188} INFO - [2026-05-19T17:40:13.379+0000] {dagbag.py:545} INFO - Filling up the DagBag from /home/airflow/.local/lib/python3.12/site-packages/airflow/example_dags/example_local_kubernetes_executor.py
[2026-05-19T17:40:13.386+0000] {processor.py:840} INFO - DAG(s) 'example_local_kubernetes_executor' retrieved from /home/airflow/.local/lib/python3.12/site-packages/airflow/example_dags/example_local_kubernetes_executor.py
[2026-05-19T17:40:13.413+0000] {logging_mixin.py:188} INFO - [2026-05-19T17:40:13.412+0000] {dag.py:3096} INFO - Sync 1 DAGs
[2026-05-19T17:40:13.422+0000] {logging_mixin.py:188} INFO - [2026-05-19T17:40:13.422+0000] {dag.py:3954} INFO - Setting next_dagrun for example_local_kubernetes_executor to None, run_after=None
[2026-05-19T17:40:13.438+0000] {processor.py:183} INFO - Processing /home/airflow/.local/lib/python3.12/site-packages/airflow/example_dags/example_local_kubernetes_executor.py took 0.066 seconds
[2026-05-19T17:40:43.665+0000] {processor.py:161} INFO - Started process (PID=6592) to work on /home/airflow/.local/lib/python3.12/site-packages/airflow/example_dags/example_local_kubernetes_executor.py
[2026-05-19T17:40:43.667+0000] {processor.py:830} INFO - Processing file /home/airflow/.local/lib/python3.12/site-packages/airflow/example_dags/example_local_kubernetes_executor.py for tasks to queue
[2026-05-19T17:40:43.669+0000] {logging_mixin.py:188} INFO - [2026-05-19T17:40:43.668+0000] {dagbag.py:545} INFO - Filling up the DagBag from /home/airflow/.local/lib/python3.12/site-packages/airflow/example_dags/example_local_kubernetes_executor.py
[2026-05-19T17:40:43.675+0000] {processor.py:840} INFO - DAG(s) 'example_local_kubernetes_executor' retrieved from /home/airflow/.local/lib/python3.12/site-packages/airflow/example_dags/example_local_kubernetes_executor.py
[2026-05-19T17:40:43.706+0000] {logging_mixin.py:188} INFO - [2026-05-19T17:40:43.706+0000] {dag.py:3096} INFO - Sync 1 DAGs
[2026-05-19T17:40:43.717+0000] {logging_mixin.py:188} INFO - [2026-05-19T17:40:43.716+0000] {dag.py:3954} INFO - Setting next_dagrun for example_local_kubernetes_executor to None, run_after=None
[2026-05-19T17:40:43.733+0000] {processor.py:183} INFO - Processing /home/airflow/.local/lib/python3.12/site-packages/airflow/example_dags/example_local_kubernetes_executor.py took 0.074 seconds
[2026-05-19T17:41:14.085+0000] {processor.py:161} INFO - Started process (PID=6652) to work on /home/airflow/.local/lib/python3.12/site-packages/airflow/example_dags/example_local_kubernetes_executor.py
[2026-05-19T17:41:14.086+0000] {processor.py:830} INFO - Processing file /home/airflow/.local/lib/python3.12/site-packages/airflow/example_dags/example_local_kubernetes_executor.py for tasks to queue
[2026-05-19T17:41:14.088+0000] {logging_mixin.py:188} INFO - [2026-05-19T17:41:14.087+0000] {dagbag.py:545} INFO - Filling up the DagBag from /home/airflow/.local/lib/python3.12/site-packages/airflow/example_dags/example_local_kubernetes_executor.py
[2026-05-19T17:41:14.093+0000] {processor.py:840} INFO - DAG(s) 'example_local_kubernetes_executor' retrieved from /home/airflow/.local/lib/python3.12/site-packages/airflow/example_dags/example_local_kubernetes_executor.py
[2026-05-19T17:41:14.132+0000] {logging_mixin.py:188} INFO - [2026-05-19T17:41:14.132+0000] {dag.py:3096} INFO - Sync 1 DAGs
[2026-05-19T17:41:14.144+0000] {logging_mixin.py:188} INFO - [2026-05-19T17:41:14.144+0000] {dag.py:3954} INFO - Setting next_dagrun for example_local_kubernetes_executor to None, run_after=None
[2026-05-19T17:41:14.194+0000] {processor.py:183} INFO - Processing /home/airflow/.local/lib/python3.12/site-packages/airflow/example_dags/example_local_kubernetes_executor.py took 0.115 seconds
[2026-05-19T17:41:44.434+0000] {processor.py:161} INFO - Started process (PID=6711) to work on /home/airflow/.local/lib/python3.12/site-packages/airflow/example_dags/example_local_kubernetes_executor.py
[2026-05-19T17:41:44.435+0000] {processor.py:830} INFO - Processing file /home/airflow/.local/lib/python3.12/site-packages/airflow/example_dags/example_local_kubernetes_executor.py for tasks to queue
[2026-05-19T17:41:44.437+0000] {logging_mixin.py:188} INFO - [2026-05-19T17:41:44.437+0000] {dagbag.py:545} INFO - Filling up the DagBag from /home/airflow/.local/lib/python3.12/site-packages/airflow/example_dags/example_local_kubernetes_executor.py
[2026-05-19T17:41:44.443+0000] {processor.py:840} INFO - DAG(s) 'example_local_kubernetes_executor' retrieved from /home/airflow/.local/lib/python3.12/site-packages/airflow/example_dags/example_local_kubernetes_executor.py
[2026-05-19T17:41:44.470+0000] {logging_mixin.py:188} INFO - [2026-05-19T17:41:44.469+0000] {dag.py:3096} INFO - Sync 1 DAGs
[2026-05-19T17:41:44.479+0000] {logging_mixin.py:188} INFO - [2026-05-19T17:41:44.479+0000] {dag.py:3954} INFO - Setting next_dagrun for example_local_kubernetes_executor to None, run_after=None
[2026-05-19T17:41:44.498+0000] {processor.py:183} INFO - Processing /home/airflow/.local/lib/python3.12/site-packages/airflow/example_dags/example_local_kubernetes_executor.py took 0.069 seconds
[2026-05-19T17:42:14.652+0000] {processor.py:161} INFO - Started process (PID=6770) to work on /home/airflow/.local/lib/python3.12/site-packages/airflow/example_dags/example_local_kubernetes_executor.py
[2026-05-19T17:42:14.653+0000] {processor.py:830} INFO - Processing file /home/airflow/.local/lib/python3.12/site-packages/airflow/example_dags/example_local_kubernetes_executor.py for tasks to queue
[2026-05-19T17:42:14.655+0000] {logging_mixin.py:188} INFO - [2026-05-19T17:42:14.654+0000] {dagbag.py:545} INFO - Filling up the DagBag from /home/airflow/.local/lib/python3.12/site-packages/airflow/example_dags/example_local_kubernetes_executor.py
[2026-05-19T17:42:14.661+0000] {processor.py:840} INFO - DAG(s) 'example_local_kubernetes_executor' retrieved from /home/airflow/.local/lib/python3.12/site-packages/airflow/example_dags/example_local_kubernetes_executor.py
[2026-05-19T17:42:14.692+0000] {logging_mixin.py:188} INFO - [2026-05-19T17:42:14.692+0000] {dag.py:3096} INFO - Sync 1 DAGs
[2026-05-19T17:42:14.703+0000] {logging_mixin.py:188} INFO - [2026-05-19T17:42:14.703+0000] {dag.py:3954} INFO - Setting next_dagrun for example_local_kubernetes_executor to None, run_after=None
[2026-05-19T17:42:14.721+0000] {processor.py:183} INFO - Processing /home/airflow/.local/lib/python3.12/site-packages/airflow/example_dags/example_local_kubernetes_executor.py took 0.076 seconds
[2026-05-19T17:42:45.637+0000] {processor.py:161} INFO - Started process (PID=6829) to work on /home/airflow/.local/lib/python3.12/site-packages/airflow/example_dags/example_local_kubernetes_executor.py
[2026-05-19T17:42:45.638+0000] {processor.py:830} INFO - Processing file /home/airflow/.local/lib/python3.12/site-packages/airflow/example_dags/example_local_kubernetes_executor.py for tasks to queue
[2026-05-19T17:42:45.640+0000] {logging_mixin.py:188} INFO - [2026-05-19T17:42:45.640+0000] {dagbag.py:545} INFO - Filling up the DagBag from /home/airflow/.local/lib/python3.12/site-packages/airflow/example_dags/example_local_kubernetes_executor.py
[2026-05-19T17:42:45.648+0000] {processor.py:840} INFO - DAG(s) 'example_local_kubernetes_executor' retrieved from /home/airflow/.local/lib/python3.12/site-packages/airflow/example_dags/example_local_kubernetes_executor.py
[2026-05-19T17:42:45.677+0000] {logging_mixin.py:188} INFO - [2026-05-19T17:42:45.677+0000] {dag.py:3096} INFO - Sync 1 DAGs
[2026-05-19T17:42:45.687+0000] {logging_mixin.py:188} INFO - [2026-05-19T17:42:45.687+0000] {dag.py:3954} INFO - Setting next_dagrun for example_local_kubernetes_executor to None, run_after=None
[2026-05-19T17:42:45.702+0000] {processor.py:183} INFO - Processing /home/airflow/.local/lib/python3.12/site-packages/airflow/example_dags/example_local_kubernetes_executor.py took 0.071 seconds
[2026-05-19T17:43:16.025+0000] {processor.py:161} INFO - Started process (PID=6888) to work on /home/airflow/.local/lib/python3.12/site-packages/airflow/example_dags/example_local_kubernetes_executor.py
[2026-05-19T17:43:16.026+0000] {processor.py:830} INFO - Processing file /home/airflow/.local/lib/python3.12/site-packages/airflow/example_dags/example_local_kubernetes_executor.py for tasks to queue
[2026-05-19T17:43:16.028+0000] {logging_mixin.py:188} INFO - [2026-05-19T17:43:16.028+0000] {dagbag.py:545} INFO - Filling up the DagBag from /home/airflow/.local/lib/python3.12/site-packages/airflow/example_dags/example_local_kubernetes_executor.py
[2026-05-19T17:43:16.036+0000] {processor.py:840} INFO - DAG(s) 'example_local_kubernetes_executor' retrieved from /home/airflow/.local/lib/python3.12/site-packages/airflow/example_dags/example_local_kubernetes_executor.py
[2026-05-19T17:43:16.073+0000] {logging_mixin.py:188} INFO - [2026-05-19T17:43:16.073+0000] {dag.py:3096} INFO - Sync 1 DAGs
[2026-05-19T17:43:16.084+0000] {logging_mixin.py:188} INFO - [2026-05-19T17:43:16.084+0000] {dag.py:3954} INFO - Setting next_dagrun for example_local_kubernetes_executor to None, run_after=None
[2026-05-19T17:43:16.112+0000] {processor.py:183} INFO - Processing /home/airflow/.local/lib/python3.12/site-packages/airflow/example_dags/example_local_kubernetes_executor.py took 0.093 seconds
[2026-05-19T17:43:46.281+0000] {processor.py:161} INFO - Started process (PID=6947) to work on /home/airflow/.local/lib/python3.12/site-packages/airflow/example_dags/example_local_kubernetes_executor.py
[2026-05-19T17:43:46.282+0000] {processor.py:830} INFO - Processing file /home/airflow/.local/lib/python3.12/site-packages/airflow/example_dags/example_local_kubernetes_executor.py for tasks to queue
[2026-05-19T17:43:46.285+0000] {logging_mixin.py:188} INFO - [2026-05-19T17:43:46.285+0000] {dagbag.py:545} INFO - Filling up the DagBag from /home/airflow/.local/lib/python3.12/site-packages/airflow/example_dags/example_local_kubernetes_executor.py
[2026-05-19T17:43:46.296+0000] {processor.py:840} INFO - DAG(s) 'example_local_kubernetes_executor' retrieved from /home/airflow/.local/lib/python3.12/site-packages/airflow/example_dags/example_local_kubernetes_executor.py
[2026-05-19T17:43:46.355+0000] {logging_mixin.py:188} INFO - [2026-05-19T17:43:46.355+0000] {dag.py:3096} INFO - Sync 1 DAGs
[2026-05-19T17:43:46.375+0000] {logging_mixin.py:188} INFO - [2026-05-19T17:43:46.374+0000] {dag.py:3954} INFO - Setting next_dagrun for example_local_kubernetes_executor to None, run_after=None
[2026-05-19T17:43:46.428+0000] {processor.py:183} INFO - Processing /home/airflow/.local/lib/python3.12/site-packages/airflow/example_dags/example_local_kubernetes_executor.py took 0.155 seconds
[2026-05-19T17:44:16.548+0000] {processor.py:161} INFO - Started process (PID=7006) to work on /home/airflow/.local/lib/python3.12/site-packages/airflow/example_dags/example_local_kubernetes_executor.py
[2026-05-19T17:44:16.549+0000] {processor.py:830} INFO - Processing file /home/airflow/.local/lib/python3.12/site-packages/airflow/example_dags/example_local_kubernetes_executor.py for tasks to queue
[2026-05-19T17:44:16.552+0000] {logging_mixin.py:188} INFO - [2026-05-19T17:44:16.552+0000] {dagbag.py:545} INFO - Filling up the DagBag from /home/airflow/.local/lib/python3.12/site-packages/airflow/example_dags/example_local_kubernetes_executor.py
[2026-05-19T17:44:16.560+0000] {processor.py:840} INFO - DAG(s) 'example_local_kubernetes_executor' retrieved from /home/airflow/.local/lib/python3.12/site-packages/airflow/example_dags/example_local_kubernetes_executor.py
[2026-05-19T17:44:16.609+0000] {logging_mixin.py:188} INFO - [2026-05-19T17:44:16.609+0000] {dag.py:3096} INFO - Sync 1 DAGs
[2026-05-19T17:44:16.626+0000] {logging_mixin.py:188} INFO - [2026-05-19T17:44:16.626+0000] {dag.py:3954} INFO - Setting next_dagrun for example_local_kubernetes_executor to None, run_after=None
[2026-05-19T17:44:16.656+0000] {processor.py:183} INFO - Processing /home/airflow/.local/lib/python3.12/site-packages/airflow/example_dags/example_local_kubernetes_executor.py took 0.117 seconds
[2026-05-19T17:44:46.875+0000] {processor.py:161} INFO - Started process (PID=7065) to work on /home/airflow/.local/lib/python3.12/site-packages/airflow/example_dags/example_local_kubernetes_executor.py
[2026-05-19T17:44:46.878+0000] {processor.py:830} INFO - Processing file /home/airflow/.local/lib/python3.12/site-packages/airflow/example_dags/example_local_kubernetes_executor.py for tasks to queue
[2026-05-19T17:44:46.884+0000] {logging_mixin.py:188} INFO - [2026-05-19T17:44:46.883+0000] {dagbag.py:545} INFO - Filling up the DagBag from /home/airflow/.local/lib/python3.12/site-packages/airflow/example_dags/example_local_kubernetes_executor.py
[2026-05-19T17:44:46.894+0000] {processor.py:840} INFO - DAG(s) 'example_local_kubernetes_executor' retrieved from /home/airflow/.local/lib/python3.12/site-packages/airflow/example_dags/example_local_kubernetes_executor.py
[2026-05-19T17:44:46.935+0000] {logging_mixin.py:188} INFO - [2026-05-19T17:44:46.935+0000] {dag.py:3096} INFO - Sync 1 DAGs
[2026-05-19T17:44:46.948+0000] {logging_mixin.py:188} INFO - [2026-05-19T17:44:46.948+0000] {dag.py:3954} INFO - Setting next_dagrun for example_local_kubernetes_executor to None, run_after=None
[2026-05-19T17:44:46.972+0000] {processor.py:183} INFO - Processing /home/airflow/.local/lib/python3.12/site-packages/airflow/example_dags/example_local_kubernetes_executor.py took 0.117 seconds
[2026-05-19T17:45:17.118+0000] {processor.py:161} INFO - Started process (PID=7124) to work on /home/airflow/.local/lib/python3.12/site-packages/airflow/example_dags/example_local_kubernetes_executor.py
[2026-05-19T17:45:17.119+0000] {processor.py:830} INFO - Processing file /home/airflow/.local/lib/python3.12/site-packages/airflow/example_dags/example_local_kubernetes_executor.py for tasks to queue
[2026-05-19T17:45:17.121+0000] {logging_mixin.py:188} INFO - [2026-05-19T17:45:17.120+0000] {dagbag.py:545} INFO - Filling up the DagBag from /home/airflow/.local/lib/python3.12/site-packages/airflow/example_dags/example_local_kubernetes_executor.py
[2026-05-19T17:45:17.133+0000] {processor.py:840} INFO - DAG(s) 'example_local_kubernetes_executor' retrieved from /home/airflow/.local/lib/python3.12/site-packages/airflow/example_dags/example_local_kubernetes_executor.py
[2026-05-19T17:45:17.175+0000] {logging_mixin.py:188} INFO - [2026-05-19T17:45:17.174+0000] {dag.py:3096} INFO - Sync 1 DAGs
[2026-05-19T17:45:17.190+0000] {logging_mixin.py:188} INFO - [2026-05-19T17:45:17.189+0000] {dag.py:3954} INFO - Setting next_dagrun for example_local_kubernetes_executor to None, run_after=None
[2026-05-19T17:45:17.236+0000] {processor.py:183} INFO - Processing /home/airflow/.local/lib/python3.12/site-packages/airflow/example_dags/example_local_kubernetes_executor.py took 0.124 seconds
[2026-05-19T17:45:47.977+0000] {processor.py:161} INFO - Started process (PID=7183) to work on /home/airflow/.local/lib/python3.12/site-packages/airflow/example_dags/example_local_kubernetes_executor.py
[2026-05-19T17:45:47.979+0000] {processor.py:830} INFO - Processing file /home/airflow/.local/lib/python3.12/site-packages/airflow/example_dags/example_local_kubernetes_executor.py for tasks to queue
[2026-05-19T17:45:47.981+0000] {logging_mixin.py:188} INFO - [2026-05-19T17:45:47.980+0000] {dagbag.py:545} INFO - Filling up the DagBag from /home/airflow/.local/lib/python3.12/site-packages/airflow/example_dags/example_local_kubernetes_executor.py
[2026-05-19T17:45:47.987+0000] {processor.py:840} INFO - DAG(s) 'example_local_kubernetes_executor' retrieved from /home/airflow/.local/lib/python3.12/site-packages/airflow/example_dags/example_local_kubernetes_executor.py
[2026-05-19T17:45:48.020+0000] {logging_mixin.py:188} INFO - [2026-05-19T17:45:48.019+0000] {dag.py:3096} INFO - Sync 1 DAGs
[2026-05-19T17:45:48.037+0000] {logging_mixin.py:188} INFO - [2026-05-19T17:45:48.037+0000] {dag.py:3954} INFO - Setting next_dagrun for example_local_kubernetes_executor to None, run_after=None
[2026-05-19T17:45:48.062+0000] {processor.py:183} INFO - Processing /home/airflow/.local/lib/python3.12/site-packages/airflow/example_dags/example_local_kubernetes_executor.py took 0.091 seconds
[2026-05-19T17:47:13.081+0000] {processor.py:161} INFO - Started process (PID=81) to work on /home/airflow/.local/lib/python3.12/site-packages/airflow/example_dags/example_local_kubernetes_executor.py
[2026-05-19T17:47:13.104+0000] {processor.py:830} INFO - Processing file /home/airflow/.local/lib/python3.12/site-packages/airflow/example_dags/example_local_kubernetes_executor.py for tasks to queue
[2026-05-19T17:47:13.140+0000] {logging_mixin.py:188} INFO - [2026-05-19T17:47:13.138+0000] {dagbag.py:545} INFO - Filling up the DagBag from /home/airflow/.local/lib/python3.12/site-packages/airflow/example_dags/example_local_kubernetes_executor.py
[2026-05-19T17:47:13.350+0000] {processor.py:840} INFO - DAG(s) 'example_local_kubernetes_executor' retrieved from /home/airflow/.local/lib/python3.12/site-packages/airflow/example_dags/example_local_kubernetes_executor.py
[2026-05-19T17:47:14.174+0000] {logging_mixin.py:188} INFO - [2026-05-19T17:47:14.174+0000] {dag.py:3096} INFO - Sync 1 DAGs
[2026-05-19T17:47:14.228+0000] {logging_mixin.py:188} INFO - [2026-05-19T17:47:14.227+0000] {dag.py:3954} INFO - Setting next_dagrun for example_local_kubernetes_executor to None, run_after=None
[2026-05-19T17:47:14.291+0000] {processor.py:183} INFO - Processing /home/airflow/.local/lib/python3.12/site-packages/airflow/example_dags/example_local_kubernetes_executor.py took 1.260 seconds
[2026-05-19T17:47:45.284+0000] {processor.py:161} INFO - Started process (PID=139) to work on /home/airflow/.local/lib/python3.12/site-packages/airflow/example_dags/example_local_kubernetes_executor.py
[2026-05-19T17:47:45.285+0000] {processor.py:830} INFO - Processing file /home/airflow/.local/lib/python3.12/site-packages/airflow/example_dags/example_local_kubernetes_executor.py for tasks to queue
[2026-05-19T17:47:45.287+0000] {logging_mixin.py:188} INFO - [2026-05-19T17:47:45.287+0000] {dagbag.py:545} INFO - Filling up the DagBag from /home/airflow/.local/lib/python3.12/site-packages/airflow/example_dags/example_local_kubernetes_executor.py
[2026-05-19T17:47:45.294+0000] {processor.py:840} INFO - DAG(s) 'example_local_kubernetes_executor' retrieved from /home/airflow/.local/lib/python3.12/site-packages/airflow/example_dags/example_local_kubernetes_executor.py
[2026-05-19T17:47:45.329+0000] {logging_mixin.py:188} INFO - [2026-05-19T17:47:45.329+0000] {dag.py:3096} INFO - Sync 1 DAGs
[2026-05-19T17:47:45.342+0000] {logging_mixin.py:188} INFO - [2026-05-19T17:47:45.341+0000] {dag.py:3954} INFO - Setting next_dagrun for example_local_kubernetes_executor to None, run_after=None
[2026-05-19T17:47:45.361+0000] {processor.py:183} INFO - Processing /home/airflow/.local/lib/python3.12/site-packages/airflow/example_dags/example_local_kubernetes_executor.py took 0.082 seconds
[2026-05-19T17:48:15.438+0000] {processor.py:161} INFO - Started process (PID=197) to work on /home/airflow/.local/lib/python3.12/site-packages/airflow/example_dags/example_local_kubernetes_executor.py
[2026-05-19T17:48:15.439+0000] {processor.py:830} INFO - Processing file /home/airflow/.local/lib/python3.12/site-packages/airflow/example_dags/example_local_kubernetes_executor.py for tasks to queue
[2026-05-19T17:48:15.441+0000] {logging_mixin.py:188} INFO - [2026-05-19T17:48:15.440+0000] {dagbag.py:545} INFO - Filling up the DagBag from /home/airflow/.local/lib/python3.12/site-packages/airflow/example_dags/example_local_kubernetes_executor.py
[2026-05-19T17:48:15.449+0000] {processor.py:840} INFO - DAG(s) 'example_local_kubernetes_executor' retrieved from /home/airflow/.local/lib/python3.12/site-packages/airflow/example_dags/example_local_kubernetes_executor.py
[2026-05-19T17:48:15.478+0000] {logging_mixin.py:188} INFO - [2026-05-19T17:48:15.478+0000] {dag.py:3096} INFO - Sync 1 DAGs
[2026-05-19T17:48:15.491+0000] {logging_mixin.py:188} INFO - [2026-05-19T17:48:15.491+0000] {dag.py:3954} INFO - Setting next_dagrun for example_local_kubernetes_executor to None, run_after=None
[2026-05-19T17:48:15.525+0000] {processor.py:183} INFO - Processing /home/airflow/.local/lib/python3.12/site-packages/airflow/example_dags/example_local_kubernetes_executor.py took 0.094 seconds
[2026-05-19T17:48:46.090+0000] {processor.py:161} INFO - Started process (PID=256) to work on /home/airflow/.local/lib/python3.12/site-packages/airflow/example_dags/example_local_kubernetes_executor.py
[2026-05-19T17:48:46.091+0000] {processor.py:830} INFO - Processing file /home/airflow/.local/lib/python3.12/site-packages/airflow/example_dags/example_local_kubernetes_executor.py for tasks to queue
[2026-05-19T17:48:46.093+0000] {logging_mixin.py:188} INFO - [2026-05-19T17:48:46.093+0000] {dagbag.py:545} INFO - Filling up the DagBag from /home/airflow/.local/lib/python3.12/site-packages/airflow/example_dags/example_local_kubernetes_executor.py
[2026-05-19T17:48:46.099+0000] {processor.py:840} INFO - DAG(s) 'example_local_kubernetes_executor' retrieved from /home/airflow/.local/lib/python3.12/site-packages/airflow/example_dags/example_local_kubernetes_executor.py
[2026-05-19T17:48:46.135+0000] {logging_mixin.py:188} INFO - [2026-05-19T17:48:46.135+0000] {dag.py:3096} INFO - Sync 1 DAGs
[2026-05-19T17:48:46.148+0000] {logging_mixin.py:188} INFO - [2026-05-19T17:48:46.148+0000] {dag.py:3954} INFO - Setting next_dagrun for example_local_kubernetes_executor to None, run_after=None
[2026-05-19T17:48:46.168+0000] {processor.py:183} INFO - Processing /home/airflow/.local/lib/python3.12/site-packages/airflow/example_dags/example_local_kubernetes_executor.py took 0.084 seconds
[2026-05-19T17:49:16.239+0000] {processor.py:161} INFO - Started process (PID=314) to work on /home/airflow/.local/lib/python3.12/site-packages/airflow/example_dags/example_local_kubernetes_executor.py
[2026-05-19T17:49:16.240+0000] {processor.py:830} INFO - Processing file /home/airflow/.local/lib/python3.12/site-packages/airflow/example_dags/example_local_kubernetes_executor.py for tasks to queue
[2026-05-19T17:49:16.242+0000] {logging_mixin.py:188} INFO - [2026-05-19T17:49:16.242+0000] {dagbag.py:545} INFO - Filling up the DagBag from /home/airflow/.local/lib/python3.12/site-packages/airflow/example_dags/example_local_kubernetes_executor.py
[2026-05-19T17:49:16.252+0000] {processor.py:840} INFO - DAG(s) 'example_local_kubernetes_executor' retrieved from /home/airflow/.local/lib/python3.12/site-packages/airflow/example_dags/example_local_kubernetes_executor.py
[2026-05-19T17:49:16.288+0000] {logging_mixin.py:188} INFO - [2026-05-19T17:49:16.287+0000] {dag.py:3096} INFO - Sync 1 DAGs
[2026-05-19T17:49:16.300+0000] {logging_mixin.py:188} INFO - [2026-05-19T17:49:16.300+0000] {dag.py:3954} INFO - Setting next_dagrun for example_local_kubernetes_executor to None, run_after=None
[2026-05-19T17:49:16.325+0000] {processor.py:183} INFO - Processing /home/airflow/.local/lib/python3.12/site-packages/airflow/example_dags/example_local_kubernetes_executor.py took 0.093 seconds
[2026-05-19T17:49:46.462+0000] {processor.py:161} INFO - Started process (PID=372) to work on /home/airflow/.local/lib/python3.12/site-packages/airflow/example_dags/example_local_kubernetes_executor.py
[2026-05-19T17:49:46.463+0000] {processor.py:830} INFO - Processing file /home/airflow/.local/lib/python3.12/site-packages/airflow/example_dags/example_local_kubernetes_executor.py for tasks to queue
[2026-05-19T17:49:46.466+0000] {logging_mixin.py:188} INFO - [2026-05-19T17:49:46.465+0000] {dagbag.py:545} INFO - Filling up the DagBag from /home/airflow/.local/lib/python3.12/site-packages/airflow/example_dags/example_local_kubernetes_executor.py
[2026-05-19T17:49:46.477+0000] {processor.py:840} INFO - DAG(s) 'example_local_kubernetes_executor' retrieved from /home/airflow/.local/lib/python3.12/site-packages/airflow/example_dags/example_local_kubernetes_executor.py
[2026-05-19T17:49:46.515+0000] {logging_mixin.py:188} INFO - [2026-05-19T17:49:46.514+0000] {dag.py:3096} INFO - Sync 1 DAGs
[2026-05-19T17:49:46.531+0000] {logging_mixin.py:188} INFO - [2026-05-19T17:49:46.531+0000] {dag.py:3954} INFO - Setting next_dagrun for example_local_kubernetes_executor to None, run_after=None
[2026-05-19T17:49:46.554+0000] {processor.py:183} INFO - Processing /home/airflow/.local/lib/python3.12/site-packages/airflow/example_dags/example_local_kubernetes_executor.py took 0.102 seconds
[2026-05-19T17:50:16.754+0000] {processor.py:161} INFO - Started process (PID=431) to work on /home/airflow/.local/lib/python3.12/site-packages/airflow/example_dags/example_local_kubernetes_executor.py
[2026-05-19T17:50:16.756+0000] {processor.py:830} INFO - Processing file /home/airflow/.local/lib/python3.12/site-packages/airflow/example_dags/example_local_kubernetes_executor.py for tasks to queue
[2026-05-19T17:50:16.759+0000] {logging_mixin.py:188} INFO - [2026-05-19T17:50:16.758+0000] {dagbag.py:545} INFO - Filling up the DagBag from /home/airflow/.local/lib/python3.12/site-packages/airflow/example_dags/example_local_kubernetes_executor.py
[2026-05-19T17:50:16.770+0000] {processor.py:840} INFO - DAG(s) 'example_local_kubernetes_executor' retrieved from /home/airflow/.local/lib/python3.12/site-packages/airflow/example_dags/example_local_kubernetes_executor.py
[2026-05-19T17:50:16.810+0000] {logging_mixin.py:188} INFO - [2026-05-19T17:50:16.809+0000] {dag.py:3096} INFO - Sync 1 DAGs
[2026-05-19T17:50:16.825+0000] {logging_mixin.py:188} INFO - [2026-05-19T17:50:16.825+0000] {dag.py:3954} INFO - Setting next_dagrun for example_local_kubernetes_executor to None, run_after=None
[2026-05-19T17:50:16.850+0000] {processor.py:183} INFO - Processing /home/airflow/.local/lib/python3.12/site-packages/airflow/example_dags/example_local_kubernetes_executor.py took 0.102 seconds
[2026-05-19T17:50:46.964+0000] {processor.py:161} INFO - Started process (PID=489) to work on /home/airflow/.local/lib/python3.12/site-packages/airflow/example_dags/example_local_kubernetes_executor.py
[2026-05-19T17:50:46.969+0000] {processor.py:830} INFO - Processing file /home/airflow/.local/lib/python3.12/site-packages/airflow/example_dags/example_local_kubernetes_executor.py for tasks to queue
[2026-05-19T17:50:46.973+0000] {logging_mixin.py:188} INFO - [2026-05-19T17:50:46.972+0000] {dagbag.py:545} INFO - Filling up the DagBag from /home/airflow/.local/lib/python3.12/site-packages/airflow/example_dags/example_local_kubernetes_executor.py
[2026-05-19T17:50:46.984+0000] {processor.py:840} INFO - DAG(s) 'example_local_kubernetes_executor' retrieved from /home/airflow/.local/lib/python3.12/site-packages/airflow/example_dags/example_local_kubernetes_executor.py
[2026-05-19T17:50:47.020+0000] {logging_mixin.py:188} INFO - [2026-05-19T17:50:47.020+0000] {dag.py:3096} INFO - Sync 1 DAGs
[2026-05-19T17:50:47.034+0000] {logging_mixin.py:188} INFO - [2026-05-19T17:50:47.033+0000] {dag.py:3954} INFO - Setting next_dagrun for example_local_kubernetes_executor to None, run_after=None
[2026-05-19T17:50:47.055+0000] {processor.py:183} INFO - Processing /home/airflow/.local/lib/python3.12/site-packages/airflow/example_dags/example_local_kubernetes_executor.py took 0.098 seconds
[2026-05-19T17:51:17.349+0000] {processor.py:161} INFO - Started process (PID=547) to work on /home/airflow/.local/lib/python3.12/site-packages/airflow/example_dags/example_local_kubernetes_executor.py
[2026-05-19T17:51:17.350+0000] {processor.py:830} INFO - Processing file /home/airflow/.local/lib/python3.12/site-packages/airflow/example_dags/example_local_kubernetes_executor.py for tasks to queue
[2026-05-19T17:51:17.353+0000] {logging_mixin.py:188} INFO - [2026-05-19T17:51:17.352+0000] {dagbag.py:545} INFO - Filling up the DagBag from /home/airflow/.local/lib/python3.12/site-packages/airflow/example_dags/example_local_kubernetes_executor.py
[2026-05-19T17:51:17.361+0000] {processor.py:840} INFO - DAG(s) 'example_local_kubernetes_executor' retrieved from /home/airflow/.local/lib/python3.12/site-packages/airflow/example_dags/example_local_kubernetes_executor.py
[2026-05-19T17:51:17.410+0000] {logging_mixin.py:188} INFO - [2026-05-19T17:51:17.409+0000] {dag.py:3096} INFO - Sync 1 DAGs
[2026-05-19T17:51:17.431+0000] {logging_mixin.py:188} INFO - [2026-05-19T17:51:17.430+0000] {dag.py:3954} INFO - Setting next_dagrun for example_local_kubernetes_executor to None, run_after=None
[2026-05-19T17:51:17.458+0000] {processor.py:183} INFO - Processing /home/airflow/.local/lib/python3.12/site-packages/airflow/example_dags/example_local_kubernetes_executor.py took 0.115 seconds
[2026-05-19T17:51:48.103+0000] {processor.py:161} INFO - Started process (PID=605) to work on /home/airflow/.local/lib/python3.12/site-packages/airflow/example_dags/example_local_kubernetes_executor.py
[2026-05-19T17:51:48.104+0000] {processor.py:830} INFO - Processing file /home/airflow/.local/lib/python3.12/site-packages/airflow/example_dags/example_local_kubernetes_executor.py for tasks to queue
[2026-05-19T17:51:48.106+0000] {logging_mixin.py:188} INFO - [2026-05-19T17:51:48.106+0000] {dagbag.py:545} INFO - Filling up the DagBag from /home/airflow/.local/lib/python3.12/site-packages/airflow/example_dags/example_local_kubernetes_executor.py
[2026-05-19T17:51:48.115+0000] {processor.py:840} INFO - DAG(s) 'example_local_kubernetes_executor' retrieved from /home/airflow/.local/lib/python3.12/site-packages/airflow/example_dags/example_local_kubernetes_executor.py
[2026-05-19T17:51:48.149+0000] {logging_mixin.py:188} INFO - [2026-05-19T17:51:48.149+0000] {dag.py:3096} INFO - Sync 1 DAGs
[2026-05-19T17:51:48.163+0000] {logging_mixin.py:188} INFO - [2026-05-19T17:51:48.163+0000] {dag.py:3954} INFO - Setting next_dagrun for example_local_kubernetes_executor to None, run_after=None
[2026-05-19T17:51:48.188+0000] {processor.py:183} INFO - Processing /home/airflow/.local/lib/python3.12/site-packages/airflow/example_dags/example_local_kubernetes_executor.py took 0.092 seconds
[2026-05-19T17:52:18.306+0000] {processor.py:161} INFO - Started process (PID=664) to work on /home/airflow/.local/lib/python3.12/site-packages/airflow/example_dags/example_local_kubernetes_executor.py
[2026-05-19T17:52:18.307+0000] {processor.py:830} INFO - Processing file /home/airflow/.local/lib/python3.12/site-packages/airflow/example_dags/example_local_kubernetes_executor.py for tasks to queue
[2026-05-19T17:52:18.309+0000] {logging_mixin.py:188} INFO - [2026-05-19T17:52:18.309+0000] {dagbag.py:545} INFO - Filling up the DagBag from /home/airflow/.local/lib/python3.12/site-packages/airflow/example_dags/example_local_kubernetes_executor.py
[2026-05-19T17:52:18.315+0000] {processor.py:840} INFO - DAG(s) 'example_local_kubernetes_executor' retrieved from /home/airflow/.local/lib/python3.12/site-packages/airflow/example_dags/example_local_kubernetes_executor.py
[2026-05-19T17:52:18.349+0000] {logging_mixin.py:188} INFO - [2026-05-19T17:52:18.349+0000] {dag.py:3096} INFO - Sync 1 DAGs
[2026-05-19T17:52:18.360+0000] {logging_mixin.py:188} INFO - [2026-05-19T17:52:18.360+0000] {dag.py:3954} INFO - Setting next_dagrun for example_local_kubernetes_executor to None, run_after=None
[2026-05-19T17:52:18.380+0000] {processor.py:183} INFO - Processing /home/airflow/.local/lib/python3.12/site-packages/airflow/example_dags/example_local_kubernetes_executor.py took 0.078 seconds
[2026-05-19T17:52:48.578+0000] {processor.py:161} INFO - Started process (PID=721) to work on /home/airflow/.local/lib/python3.12/site-packages/airflow/example_dags/example_local_kubernetes_executor.py
[2026-05-19T17:52:48.579+0000] {processor.py:830} INFO - Processing file /home/airflow/.local/lib/python3.12/site-packages/airflow/example_dags/example_local_kubernetes_executor.py for tasks to queue
[2026-05-19T17:52:48.581+0000] {logging_mixin.py:188} INFO - [2026-05-19T17:52:48.581+0000] {dagbag.py:545} INFO - Filling up the DagBag from /home/airflow/.local/lib/python3.12/site-packages/airflow/example_dags/example_local_kubernetes_executor.py
[2026-05-19T17:52:48.588+0000] {processor.py:840} INFO - DAG(s) 'example_local_kubernetes_executor' retrieved from /home/airflow/.local/lib/python3.12/site-packages/airflow/example_dags/example_local_kubernetes_executor.py
[2026-05-19T17:52:48.625+0000] {logging_mixin.py:188} INFO - [2026-05-19T17:52:48.625+0000] {dag.py:3096} INFO - Sync 1 DAGs
[2026-05-19T17:52:48.640+0000] {logging_mixin.py:188} INFO - [2026-05-19T17:52:48.640+0000] {dag.py:3954} INFO - Setting next_dagrun for example_local_kubernetes_executor to None, run_after=None
[2026-05-19T17:52:48.660+0000] {processor.py:183} INFO - Processing /home/airflow/.local/lib/python3.12/site-packages/airflow/example_dags/example_local_kubernetes_executor.py took 0.089 seconds
[2026-05-19T17:53:19.222+0000] {processor.py:161} INFO - Started process (PID=779) to work on /home/airflow/.local/lib/python3.12/site-packages/airflow/example_dags/example_local_kubernetes_executor.py
[2026-05-19T17:53:19.223+0000] {processor.py:830} INFO - Processing file /home/airflow/.local/lib/python3.12/site-packages/airflow/example_dags/example_local_kubernetes_executor.py for tasks to queue
[2026-05-19T17:53:19.226+0000] {logging_mixin.py:188} INFO - [2026-05-19T17:53:19.225+0000] {dagbag.py:545} INFO - Filling up the DagBag from /home/airflow/.local/lib/python3.12/site-packages/airflow/example_dags/example_local_kubernetes_executor.py
[2026-05-19T17:53:19.233+0000] {processor.py:840} INFO - DAG(s) 'example_local_kubernetes_executor' retrieved from /home/airflow/.local/lib/python3.12/site-packages/airflow/example_dags/example_local_kubernetes_executor.py
[2026-05-19T17:53:19.269+0000] {logging_mixin.py:188} INFO - [2026-05-19T17:53:19.269+0000] {dag.py:3096} INFO - Sync 1 DAGs
[2026-05-19T17:53:19.283+0000] {logging_mixin.py:188} INFO - [2026-05-19T17:53:19.283+0000] {dag.py:3954} INFO - Setting next_dagrun for example_local_kubernetes_executor to None, run_after=None
[2026-05-19T17:53:19.310+0000] {processor.py:183} INFO - Processing /home/airflow/.local/lib/python3.12/site-packages/airflow/example_dags/example_local_kubernetes_executor.py took 0.094 seconds
[2026-05-19T17:53:49.707+0000] {processor.py:161} INFO - Started process (PID=837) to work on /home/airflow/.local/lib/python3.12/site-packages/airflow/example_dags/example_local_kubernetes_executor.py
[2026-05-19T17:53:49.708+0000] {processor.py:830} INFO - Processing file /home/airflow/.local/lib/python3.12/site-packages/airflow/example_dags/example_local_kubernetes_executor.py for tasks to queue
[2026-05-19T17:53:49.710+0000] {logging_mixin.py:188} INFO - [2026-05-19T17:53:49.710+0000] {dagbag.py:545} INFO - Filling up the DagBag from /home/airflow/.local/lib/python3.12/site-packages/airflow/example_dags/example_local_kubernetes_executor.py
[2026-05-19T17:53:49.718+0000] {processor.py:840} INFO - DAG(s) 'example_local_kubernetes_executor' retrieved from /home/airflow/.local/lib/python3.12/site-packages/airflow/example_dags/example_local_kubernetes_executor.py
[2026-05-19T17:53:49.753+0000] {logging_mixin.py:188} INFO - [2026-05-19T17:53:49.752+0000] {dag.py:3096} INFO - Sync 1 DAGs
[2026-05-19T17:53:49.765+0000] {logging_mixin.py:188} INFO - [2026-05-19T17:53:49.765+0000] {dag.py:3954} INFO - Setting next_dagrun for example_local_kubernetes_executor to None, run_after=None
[2026-05-19T17:53:49.799+0000] {processor.py:183} INFO - Processing /home/airflow/.local/lib/python3.12/site-packages/airflow/example_dags/example_local_kubernetes_executor.py took 0.097 seconds
[2026-05-19T17:54:20.267+0000] {processor.py:161} INFO - Started process (PID=895) to work on /home/airflow/.local/lib/python3.12/site-packages/airflow/example_dags/example_local_kubernetes_executor.py
[2026-05-19T17:54:20.268+0000] {processor.py:830} INFO - Processing file /home/airflow/.local/lib/python3.12/site-packages/airflow/example_dags/example_local_kubernetes_executor.py for tasks to queue
[2026-05-19T17:54:20.270+0000] {logging_mixin.py:188} INFO - [2026-05-19T17:54:20.270+0000] {dagbag.py:545} INFO - Filling up the DagBag from /home/airflow/.local/lib/python3.12/site-packages/airflow/example_dags/example_local_kubernetes_executor.py
[2026-05-19T17:54:20.276+0000] {processor.py:840} INFO - DAG(s) 'example_local_kubernetes_executor' retrieved from /home/airflow/.local/lib/python3.12/site-packages/airflow/example_dags/example_local_kubernetes_executor.py
[2026-05-19T17:54:20.308+0000] {logging_mixin.py:188} INFO - [2026-05-19T17:54:20.308+0000] {dag.py:3096} INFO - Sync 1 DAGs
[2026-05-19T17:54:20.321+0000] {logging_mixin.py:188} INFO - [2026-05-19T17:54:20.321+0000] {dag.py:3954} INFO - Setting next_dagrun for example_local_kubernetes_executor to None, run_after=None
[2026-05-19T17:54:20.365+0000] {processor.py:183} INFO - Processing /home/airflow/.local/lib/python3.12/site-packages/airflow/example_dags/example_local_kubernetes_executor.py took 0.103 seconds
[2026-05-19T17:54:50.600+0000] {processor.py:161} INFO - Started process (PID=952) to work on /home/airflow/.local/lib/python3.12/site-packages/airflow/example_dags/example_local_kubernetes_executor.py
[2026-05-19T17:54:50.602+0000] {processor.py:830} INFO - Processing file /home/airflow/.local/lib/python3.12/site-packages/airflow/example_dags/example_local_kubernetes_executor.py for tasks to queue
[2026-05-19T17:54:50.604+0000] {logging_mixin.py:188} INFO - [2026-05-19T17:54:50.604+0000] {dagbag.py:545} INFO - Filling up the DagBag from /home/airflow/.local/lib/python3.12/site-packages/airflow/example_dags/example_local_kubernetes_executor.py
[2026-05-19T17:54:50.613+0000] {processor.py:840} INFO - DAG(s) 'example_local_kubernetes_executor' retrieved from /home/airflow/.local/lib/python3.12/site-packages/airflow/example_dags/example_local_kubernetes_executor.py
[2026-05-19T17:54:50.644+0000] {logging_mixin.py:188} INFO - [2026-05-19T17:54:50.644+0000] {dag.py:3096} INFO - Sync 1 DAGs
[2026-05-19T17:54:50.655+0000] {logging_mixin.py:188} INFO - [2026-05-19T17:54:50.655+0000] {dag.py:3954} INFO - Setting next_dagrun for example_local_kubernetes_executor to None, run_after=None
[2026-05-19T17:54:50.675+0000] {processor.py:183} INFO - Processing /home/airflow/.local/lib/python3.12/site-packages/airflow/example_dags/example_local_kubernetes_executor.py took 0.080 seconds
[2026-05-19T17:55:20.867+0000] {processor.py:161} INFO - Started process (PID=1010) to work on /home/airflow/.local/lib/python3.12/site-packages/airflow/example_dags/example_local_kubernetes_executor.py
[2026-05-19T17:55:20.869+0000] {processor.py:830} INFO - Processing file /home/airflow/.local/lib/python3.12/site-packages/airflow/example_dags/example_local_kubernetes_executor.py for tasks to queue
[2026-05-19T17:55:20.872+0000] {logging_mixin.py:188} INFO - [2026-05-19T17:55:20.871+0000] {dagbag.py:545} INFO - Filling up the DagBag from /home/airflow/.local/lib/python3.12/site-packages/airflow/example_dags/example_local_kubernetes_executor.py
[2026-05-19T17:55:20.884+0000] {processor.py:840} INFO - DAG(s) 'example_local_kubernetes_executor' retrieved from /home/airflow/.local/lib/python3.12/site-packages/airflow/example_dags/example_local_kubernetes_executor.py
[2026-05-19T17:55:20.930+0000] {logging_mixin.py:188} INFO - [2026-05-19T17:55:20.929+0000] {dag.py:3096} INFO - Sync 1 DAGs
[2026-05-19T17:55:20.945+0000] {logging_mixin.py:188} INFO - [2026-05-19T17:55:20.945+0000] {dag.py:3954} INFO - Setting next_dagrun for example_local_kubernetes_executor to None, run_after=None
[2026-05-19T17:55:20.971+0000] {processor.py:183} INFO - Processing /home/airflow/.local/lib/python3.12/site-packages/airflow/example_dags/example_local_kubernetes_executor.py took 0.113 seconds
[2026-05-19T17:55:51.104+0000] {processor.py:161} INFO - Started process (PID=1068) to work on /home/airflow/.local/lib/python3.12/site-packages/airflow/example_dags/example_local_kubernetes_executor.py
[2026-05-19T17:55:51.105+0000] {processor.py:830} INFO - Processing file /home/airflow/.local/lib/python3.12/site-packages/airflow/example_dags/example_local_kubernetes_executor.py for tasks to queue
[2026-05-19T17:55:51.107+0000] {logging_mixin.py:188} INFO - [2026-05-19T17:55:51.106+0000] {dagbag.py:545} INFO - Filling up the DagBag from /home/airflow/.local/lib/python3.12/site-packages/airflow/example_dags/example_local_kubernetes_executor.py
[2026-05-19T17:55:51.114+0000] {processor.py:840} INFO - DAG(s) 'example_local_kubernetes_executor' retrieved from /home/airflow/.local/lib/python3.12/site-packages/airflow/example_dags/example_local_kubernetes_executor.py
[2026-05-19T17:55:51.150+0000] {logging_mixin.py:188} INFO - [2026-05-19T17:55:51.149+0000] {dag.py:3096} INFO - Sync 1 DAGs
[2026-05-19T17:55:51.165+0000] {logging_mixin.py:188} INFO - [2026-05-19T17:55:51.165+0000] {dag.py:3954} INFO - Setting next_dagrun for example_local_kubernetes_executor to None, run_after=None
[2026-05-19T17:55:51.195+0000] {processor.py:183} INFO - Processing /home/airflow/.local/lib/python3.12/site-packages/airflow/example_dags/example_local_kubernetes_executor.py took 0.099 seconds
[2026-05-19T17:56:21.359+0000] {processor.py:161} INFO - Started process (PID=1126) to work on /home/airflow/.local/lib/python3.12/site-packages/airflow/example_dags/example_local_kubernetes_executor.py
[2026-05-19T17:56:21.360+0000] {processor.py:830} INFO - Processing file /home/airflow/.local/lib/python3.12/site-packages/airflow/example_dags/example_local_kubernetes_executor.py for tasks to queue
[2026-05-19T17:56:21.362+0000] {logging_mixin.py:188} INFO - [2026-05-19T17:56:21.362+0000] {dagbag.py:545} INFO - Filling up the DagBag from /home/airflow/.local/lib/python3.12/site-packages/airflow/example_dags/example_local_kubernetes_executor.py
[2026-05-19T17:56:21.369+0000] {processor.py:840} INFO - DAG(s) 'example_local_kubernetes_executor' retrieved from /home/airflow/.local/lib/python3.12/site-packages/airflow/example_dags/example_local_kubernetes_executor.py
[2026-05-19T17:56:21.400+0000] {logging_mixin.py:188} INFO - [2026-05-19T17:56:21.400+0000] {dag.py:3096} INFO - Sync 1 DAGs
[2026-05-19T17:56:21.418+0000] {logging_mixin.py:188} INFO - [2026-05-19T17:56:21.417+0000] {dag.py:3954} INFO - Setting next_dagrun for example_local_kubernetes_executor to None, run_after=None
[2026-05-19T17:56:21.440+0000] {processor.py:183} INFO - Processing /home/airflow/.local/lib/python3.12/site-packages/airflow/example_dags/example_local_kubernetes_executor.py took 0.088 seconds
[2026-05-19T17:56:51.680+0000] {processor.py:161} INFO - Started process (PID=1184) to work on /home/airflow/.local/lib/python3.12/site-packages/airflow/example_dags/example_local_kubernetes_executor.py
[2026-05-19T17:56:51.681+0000] {processor.py:830} INFO - Processing file /home/airflow/.local/lib/python3.12/site-packages/airflow/example_dags/example_local_kubernetes_executor.py for tasks to queue
[2026-05-19T17:56:51.683+0000] {logging_mixin.py:188} INFO - [2026-05-19T17:56:51.683+0000] {dagbag.py:545} INFO - Filling up the DagBag from /home/airflow/.local/lib/python3.12/site-packages/airflow/example_dags/example_local_kubernetes_executor.py
[2026-05-19T17:56:51.690+0000] {processor.py:840} INFO - DAG(s) 'example_local_kubernetes_executor' retrieved from /home/airflow/.local/lib/python3.12/site-packages/airflow/example_dags/example_local_kubernetes_executor.py
[2026-05-19T17:56:51.731+0000] {logging_mixin.py:188} INFO - [2026-05-19T17:56:51.731+0000] {dag.py:3096} INFO - Sync 1 DAGs
[2026-05-19T17:56:51.749+0000] {logging_mixin.py:188} INFO - [2026-05-19T17:56:51.749+0000] {dag.py:3954} INFO - Setting next_dagrun for example_local_kubernetes_executor to None, run_after=None
[2026-05-19T17:56:51.795+0000] {processor.py:183} INFO - Processing /home/airflow/.local/lib/python3.12/site-packages/airflow/example_dags/example_local_kubernetes_executor.py took 0.124 seconds
[2026-05-19T17:57:56.872+0000] {processor.py:161} INFO - Started process (PID=80) to work on /home/airflow/.local/lib/python3.12/site-packages/airflow/example_dags/example_local_kubernetes_executor.py
[2026-05-19T17:57:56.874+0000] {processor.py:830} INFO - Processing file /home/airflow/.local/lib/python3.12/site-packages/airflow/example_dags/example_local_kubernetes_executor.py for tasks to queue
[2026-05-19T17:57:56.878+0000] {logging_mixin.py:188} INFO - [2026-05-19T17:57:56.877+0000] {dagbag.py:545} INFO - Filling up the DagBag from /home/airflow/.local/lib/python3.12/site-packages/airflow/example_dags/example_local_kubernetes_executor.py
[2026-05-19T17:57:56.895+0000] {processor.py:840} INFO - DAG(s) 'example_local_kubernetes_executor' retrieved from /home/airflow/.local/lib/python3.12/site-packages/airflow/example_dags/example_local_kubernetes_executor.py
[2026-05-19T17:57:57.337+0000] {logging_mixin.py:188} INFO - [2026-05-19T17:57:57.337+0000] {dag.py:3096} INFO - Sync 1 DAGs
[2026-05-19T17:57:57.367+0000] {logging_mixin.py:188} INFO - [2026-05-19T17:57:57.367+0000] {dag.py:3954} INFO - Setting next_dagrun for example_local_kubernetes_executor to None, run_after=None
[2026-05-19T17:57:57.428+0000] {processor.py:183} INFO - Processing /home/airflow/.local/lib/python3.12/site-packages/airflow/example_dags/example_local_kubernetes_executor.py took 0.566 seconds
[2026-05-19T17:58:27.641+0000] {processor.py:161} INFO - Started process (PID=138) to work on /home/airflow/.local/lib/python3.12/site-packages/airflow/example_dags/example_local_kubernetes_executor.py
[2026-05-19T17:58:27.644+0000] {processor.py:830} INFO - Processing file /home/airflow/.local/lib/python3.12/site-packages/airflow/example_dags/example_local_kubernetes_executor.py for tasks to queue
[2026-05-19T17:58:27.648+0000] {logging_mixin.py:188} INFO - [2026-05-19T17:58:27.648+0000] {dagbag.py:545} INFO - Filling up the DagBag from /home/airflow/.local/lib/python3.12/site-packages/airflow/example_dags/example_local_kubernetes_executor.py
[2026-05-19T17:58:27.660+0000] {processor.py:840} INFO - DAG(s) 'example_local_kubernetes_executor' retrieved from /home/airflow/.local/lib/python3.12/site-packages/airflow/example_dags/example_local_kubernetes_executor.py
[2026-05-19T17:58:27.723+0000] {logging_mixin.py:188} INFO - [2026-05-19T17:58:27.723+0000] {dag.py:3096} INFO - Sync 1 DAGs
[2026-05-19T17:58:27.740+0000] {logging_mixin.py:188} INFO - [2026-05-19T17:58:27.740+0000] {dag.py:3954} INFO - Setting next_dagrun for example_local_kubernetes_executor to None, run_after=None
[2026-05-19T17:58:27.770+0000] {processor.py:183} INFO - Processing /home/airflow/.local/lib/python3.12/site-packages/airflow/example_dags/example_local_kubernetes_executor.py took 0.134 seconds
