[2026-05-19T13:25:30.235+0000] {processor.py:161} INFO - Started process (PID=114) to work on /home/airflow/.local/lib/python3.12/site-packages/airflow/example_dags/example_latest_only_with_trigger.py
[2026-05-19T13:25:30.241+0000] {processor.py:830} INFO - Processing file /home/airflow/.local/lib/python3.12/site-packages/airflow/example_dags/example_latest_only_with_trigger.py for tasks to queue
[2026-05-19T13:25:30.250+0000] {logging_mixin.py:188} INFO - [2026-05-19T13:25:30.248+0000] {dagbag.py:545} INFO - Filling up the DagBag from /home/airflow/.local/lib/python3.12/site-packages/airflow/example_dags/example_latest_only_with_trigger.py
[2026-05-19T13:25:30.275+0000] {processor.py:840} INFO - DAG(s) 'latest_only_with_trigger' retrieved from /home/airflow/.local/lib/python3.12/site-packages/airflow/example_dags/example_latest_only_with_trigger.py
[2026-05-19T13:25:30.740+0000] {logging_mixin.py:188} INFO - [2026-05-19T13:25:30.739+0000] {override.py:1829} INFO - Created Permission View: can read on DAG:latest_only_with_trigger
[2026-05-19T13:25:30.793+0000] {logging_mixin.py:188} INFO - [2026-05-19T13:25:30.792+0000] {override.py:1829} INFO - Created Permission View: can edit on DAG:latest_only_with_trigger
[2026-05-19T13:25:30.815+0000] {logging_mixin.py:188} INFO - [2026-05-19T13:25:30.814+0000] {override.py:1829} INFO - Created Permission View: can delete on DAG:latest_only_with_trigger
[2026-05-19T13:25:30.817+0000] {logging_mixin.py:188} INFO - [2026-05-19T13:25:30.816+0000] {dag.py:3096} INFO - Sync 1 DAGs
[2026-05-19T13:25:30.847+0000] {logging_mixin.py:188} INFO - [2026-05-19T13:25:30.846+0000] {dag.py:3118} INFO - Creating ORM DAG for latest_only_with_trigger
[2026-05-19T13:25:30.875+0000] {logging_mixin.py:188} INFO - [2026-05-19T13:25:30.875+0000] {dag.py:3954} INFO - Setting next_dagrun for latest_only_with_trigger to 2026-05-19 08:00:00+00:00, run_after=2026-05-19 12:00:00+00:00
[2026-05-19T13:25:30.928+0000] {processor.py:183} INFO - Processing /home/airflow/.local/lib/python3.12/site-packages/airflow/example_dags/example_latest_only_with_trigger.py took 0.723 seconds
[2026-05-19T13:26:01.872+0000] {processor.py:161} INFO - Started process (PID=172) to work on /home/airflow/.local/lib/python3.12/site-packages/airflow/example_dags/example_latest_only_with_trigger.py
[2026-05-19T13:26:01.874+0000] {processor.py:830} INFO - Processing file /home/airflow/.local/lib/python3.12/site-packages/airflow/example_dags/example_latest_only_with_trigger.py for tasks to queue
[2026-05-19T13:26:01.878+0000] {logging_mixin.py:188} INFO - [2026-05-19T13:26:01.877+0000] {dagbag.py:545} INFO - Filling up the DagBag from /home/airflow/.local/lib/python3.12/site-packages/airflow/example_dags/example_latest_only_with_trigger.py
[2026-05-19T13:26:01.885+0000] {processor.py:840} INFO - DAG(s) 'latest_only_with_trigger' retrieved from /home/airflow/.local/lib/python3.12/site-packages/airflow/example_dags/example_latest_only_with_trigger.py
[2026-05-19T13:26:01.921+0000] {logging_mixin.py:188} INFO - [2026-05-19T13:26:01.920+0000] {dag.py:3096} INFO - Sync 1 DAGs
[2026-05-19T13:26:01.954+0000] {logging_mixin.py:188} INFO - [2026-05-19T13:26:01.954+0000] {dag.py:3954} INFO - Setting next_dagrun for latest_only_with_trigger to 2026-05-19 08:00:00+00:00, run_after=2026-05-19 12:00:00+00:00
[2026-05-19T13:26:01.993+0000] {processor.py:183} INFO - Processing /home/airflow/.local/lib/python3.12/site-packages/airflow/example_dags/example_latest_only_with_trigger.py took 0.129 seconds
[2026-05-19T13:26:32.209+0000] {processor.py:161} INFO - Started process (PID=230) to work on /home/airflow/.local/lib/python3.12/site-packages/airflow/example_dags/example_latest_only_with_trigger.py
[2026-05-19T13:26:32.211+0000] {processor.py:830} INFO - Processing file /home/airflow/.local/lib/python3.12/site-packages/airflow/example_dags/example_latest_only_with_trigger.py for tasks to queue
[2026-05-19T13:26:32.213+0000] {logging_mixin.py:188} INFO - [2026-05-19T13:26:32.213+0000] {dagbag.py:545} INFO - Filling up the DagBag from /home/airflow/.local/lib/python3.12/site-packages/airflow/example_dags/example_latest_only_with_trigger.py
[2026-05-19T13:26:32.220+0000] {processor.py:840} INFO - DAG(s) 'latest_only_with_trigger' retrieved from /home/airflow/.local/lib/python3.12/site-packages/airflow/example_dags/example_latest_only_with_trigger.py
[2026-05-19T13:26:32.251+0000] {logging_mixin.py:188} INFO - [2026-05-19T13:26:32.251+0000] {dag.py:3096} INFO - Sync 1 DAGs
[2026-05-19T13:26:32.287+0000] {logging_mixin.py:188} INFO - [2026-05-19T13:26:32.287+0000] {dag.py:3954} INFO - Setting next_dagrun for latest_only_with_trigger to 2026-05-19 08:00:00+00:00, run_after=2026-05-19 12:00:00+00:00
[2026-05-19T13:26:32.314+0000] {processor.py:183} INFO - Processing /home/airflow/.local/lib/python3.12/site-packages/airflow/example_dags/example_latest_only_with_trigger.py took 0.115 seconds
[2026-05-19T13:27:02.922+0000] {processor.py:161} INFO - Started process (PID=288) to work on /home/airflow/.local/lib/python3.12/site-packages/airflow/example_dags/example_latest_only_with_trigger.py
[2026-05-19T13:27:02.924+0000] {processor.py:830} INFO - Processing file /home/airflow/.local/lib/python3.12/site-packages/airflow/example_dags/example_latest_only_with_trigger.py for tasks to queue
[2026-05-19T13:27:02.927+0000] {logging_mixin.py:188} INFO - [2026-05-19T13:27:02.927+0000] {dagbag.py:545} INFO - Filling up the DagBag from /home/airflow/.local/lib/python3.12/site-packages/airflow/example_dags/example_latest_only_with_trigger.py
[2026-05-19T13:27:02.935+0000] {processor.py:840} INFO - DAG(s) 'latest_only_with_trigger' retrieved from /home/airflow/.local/lib/python3.12/site-packages/airflow/example_dags/example_latest_only_with_trigger.py
[2026-05-19T13:27:02.964+0000] {logging_mixin.py:188} INFO - [2026-05-19T13:27:02.963+0000] {dag.py:3096} INFO - Sync 1 DAGs
[2026-05-19T13:27:02.990+0000] {logging_mixin.py:188} INFO - [2026-05-19T13:27:02.989+0000] {dag.py:3954} INFO - Setting next_dagrun for latest_only_with_trigger to 2026-05-19 08:00:00+00:00, run_after=2026-05-19 12:00:00+00:00
[2026-05-19T13:27:03.019+0000] {processor.py:183} INFO - Processing /home/airflow/.local/lib/python3.12/site-packages/airflow/example_dags/example_latest_only_with_trigger.py took 0.104 seconds
[2026-05-19T13:27:33.334+0000] {processor.py:161} INFO - Started process (PID=346) to work on /home/airflow/.local/lib/python3.12/site-packages/airflow/example_dags/example_latest_only_with_trigger.py
[2026-05-19T13:27:33.336+0000] {processor.py:830} INFO - Processing file /home/airflow/.local/lib/python3.12/site-packages/airflow/example_dags/example_latest_only_with_trigger.py for tasks to queue
[2026-05-19T13:27:33.340+0000] {logging_mixin.py:188} INFO - [2026-05-19T13:27:33.339+0000] {dagbag.py:545} INFO - Filling up the DagBag from /home/airflow/.local/lib/python3.12/site-packages/airflow/example_dags/example_latest_only_with_trigger.py
[2026-05-19T13:27:33.355+0000] {processor.py:840} INFO - DAG(s) 'latest_only_with_trigger' retrieved from /home/airflow/.local/lib/python3.12/site-packages/airflow/example_dags/example_latest_only_with_trigger.py
[2026-05-19T13:27:33.392+0000] {logging_mixin.py:188} INFO - [2026-05-19T13:27:33.391+0000] {dag.py:3096} INFO - Sync 1 DAGs
[2026-05-19T13:27:33.443+0000] {logging_mixin.py:188} INFO - [2026-05-19T13:27:33.442+0000] {dag.py:3954} INFO - Setting next_dagrun for latest_only_with_trigger to 2026-05-19 08:00:00+00:00, run_after=2026-05-19 12:00:00+00:00
[2026-05-19T13:27:33.486+0000] {processor.py:183} INFO - Processing /home/airflow/.local/lib/python3.12/site-packages/airflow/example_dags/example_latest_only_with_trigger.py took 0.163 seconds
[2026-05-19T13:28:04.124+0000] {processor.py:161} INFO - Started process (PID=403) to work on /home/airflow/.local/lib/python3.12/site-packages/airflow/example_dags/example_latest_only_with_trigger.py
[2026-05-19T13:28:04.126+0000] {processor.py:830} INFO - Processing file /home/airflow/.local/lib/python3.12/site-packages/airflow/example_dags/example_latest_only_with_trigger.py for tasks to queue
[2026-05-19T13:28:04.130+0000] {logging_mixin.py:188} INFO - [2026-05-19T13:28:04.130+0000] {dagbag.py:545} INFO - Filling up the DagBag from /home/airflow/.local/lib/python3.12/site-packages/airflow/example_dags/example_latest_only_with_trigger.py
[2026-05-19T13:28:04.138+0000] {processor.py:840} INFO - DAG(s) 'latest_only_with_trigger' retrieved from /home/airflow/.local/lib/python3.12/site-packages/airflow/example_dags/example_latest_only_with_trigger.py
[2026-05-19T13:28:04.175+0000] {logging_mixin.py:188} INFO - [2026-05-19T13:28:04.175+0000] {dag.py:3096} INFO - Sync 1 DAGs
[2026-05-19T13:28:04.207+0000] {logging_mixin.py:188} INFO - [2026-05-19T13:28:04.206+0000] {dag.py:3954} INFO - Setting next_dagrun for latest_only_with_trigger to 2026-05-19 08:00:00+00:00, run_after=2026-05-19 12:00:00+00:00
[2026-05-19T13:28:04.244+0000] {processor.py:183} INFO - Processing /home/airflow/.local/lib/python3.12/site-packages/airflow/example_dags/example_latest_only_with_trigger.py took 0.129 seconds
[2026-05-19T13:28:35.197+0000] {processor.py:161} INFO - Started process (PID=461) to work on /home/airflow/.local/lib/python3.12/site-packages/airflow/example_dags/example_latest_only_with_trigger.py
[2026-05-19T13:28:35.198+0000] {processor.py:830} INFO - Processing file /home/airflow/.local/lib/python3.12/site-packages/airflow/example_dags/example_latest_only_with_trigger.py for tasks to queue
[2026-05-19T13:28:35.204+0000] {logging_mixin.py:188} INFO - [2026-05-19T13:28:35.203+0000] {dagbag.py:545} INFO - Filling up the DagBag from /home/airflow/.local/lib/python3.12/site-packages/airflow/example_dags/example_latest_only_with_trigger.py
[2026-05-19T13:28:35.225+0000] {processor.py:840} INFO - DAG(s) 'latest_only_with_trigger' retrieved from /home/airflow/.local/lib/python3.12/site-packages/airflow/example_dags/example_latest_only_with_trigger.py
[2026-05-19T13:28:35.275+0000] {logging_mixin.py:188} INFO - [2026-05-19T13:28:35.274+0000] {dag.py:3096} INFO - Sync 1 DAGs
[2026-05-19T13:28:35.322+0000] {logging_mixin.py:188} INFO - [2026-05-19T13:28:35.321+0000] {dag.py:3954} INFO - Setting next_dagrun for latest_only_with_trigger to 2026-05-19 08:00:00+00:00, run_after=2026-05-19 12:00:00+00:00
[2026-05-19T13:28:35.355+0000] {processor.py:183} INFO - Processing /home/airflow/.local/lib/python3.12/site-packages/airflow/example_dags/example_latest_only_with_trigger.py took 0.165 seconds
[2026-05-19T13:29:05.680+0000] {processor.py:161} INFO - Started process (PID=519) to work on /home/airflow/.local/lib/python3.12/site-packages/airflow/example_dags/example_latest_only_with_trigger.py
[2026-05-19T13:29:05.682+0000] {processor.py:830} INFO - Processing file /home/airflow/.local/lib/python3.12/site-packages/airflow/example_dags/example_latest_only_with_trigger.py for tasks to queue
[2026-05-19T13:29:05.685+0000] {logging_mixin.py:188} INFO - [2026-05-19T13:29:05.684+0000] {dagbag.py:545} INFO - Filling up the DagBag from /home/airflow/.local/lib/python3.12/site-packages/airflow/example_dags/example_latest_only_with_trigger.py
[2026-05-19T13:29:05.692+0000] {processor.py:840} INFO - DAG(s) 'latest_only_with_trigger' retrieved from /home/airflow/.local/lib/python3.12/site-packages/airflow/example_dags/example_latest_only_with_trigger.py
[2026-05-19T13:29:05.729+0000] {logging_mixin.py:188} INFO - [2026-05-19T13:29:05.728+0000] {dag.py:3096} INFO - Sync 1 DAGs
[2026-05-19T13:29:05.754+0000] {logging_mixin.py:188} INFO - [2026-05-19T13:29:05.754+0000] {dag.py:3954} INFO - Setting next_dagrun for latest_only_with_trigger to 2026-05-19 08:00:00+00:00, run_after=2026-05-19 12:00:00+00:00
[2026-05-19T13:29:05.781+0000] {processor.py:183} INFO - Processing /home/airflow/.local/lib/python3.12/site-packages/airflow/example_dags/example_latest_only_with_trigger.py took 0.106 seconds
[2026-05-19T13:30:59.725+0000] {processor.py:161} INFO - Started process (PID=110) to work on /home/airflow/.local/lib/python3.12/site-packages/airflow/example_dags/example_latest_only_with_trigger.py
[2026-05-19T13:30:59.728+0000] {processor.py:830} INFO - Processing file /home/airflow/.local/lib/python3.12/site-packages/airflow/example_dags/example_latest_only_with_trigger.py for tasks to queue
[2026-05-19T13:30:59.733+0000] {logging_mixin.py:188} INFO - [2026-05-19T13:30:59.732+0000] {dagbag.py:545} INFO - Filling up the DagBag from /home/airflow/.local/lib/python3.12/site-packages/airflow/example_dags/example_latest_only_with_trigger.py
[2026-05-19T13:30:59.743+0000] {processor.py:840} INFO - DAG(s) 'latest_only_with_trigger' retrieved from /home/airflow/.local/lib/python3.12/site-packages/airflow/example_dags/example_latest_only_with_trigger.py
[2026-05-19T13:30:59.950+0000] {logging_mixin.py:188} INFO - [2026-05-19T13:30:59.949+0000] {dag.py:3096} INFO - Sync 1 DAGs
[2026-05-19T13:31:00.010+0000] {logging_mixin.py:188} INFO - [2026-05-19T13:31:00.010+0000] {dag.py:3954} INFO - Setting next_dagrun for latest_only_with_trigger to 2026-05-19 08:00:00+00:00, run_after=2026-05-19 12:00:00+00:00
[2026-05-19T13:31:00.076+0000] {processor.py:183} INFO - Processing /home/airflow/.local/lib/python3.12/site-packages/airflow/example_dags/example_latest_only_with_trigger.py took 0.360 seconds
[2026-05-19T13:31:30.200+0000] {processor.py:161} INFO - Started process (PID=169) to work on /home/airflow/.local/lib/python3.12/site-packages/airflow/example_dags/example_latest_only_with_trigger.py
[2026-05-19T13:31:30.202+0000] {processor.py:830} INFO - Processing file /home/airflow/.local/lib/python3.12/site-packages/airflow/example_dags/example_latest_only_with_trigger.py for tasks to queue
[2026-05-19T13:31:30.205+0000] {logging_mixin.py:188} INFO - [2026-05-19T13:31:30.204+0000] {dagbag.py:545} INFO - Filling up the DagBag from /home/airflow/.local/lib/python3.12/site-packages/airflow/example_dags/example_latest_only_with_trigger.py
[2026-05-19T13:31:30.211+0000] {processor.py:840} INFO - DAG(s) 'latest_only_with_trigger' retrieved from /home/airflow/.local/lib/python3.12/site-packages/airflow/example_dags/example_latest_only_with_trigger.py
[2026-05-19T13:31:30.248+0000] {logging_mixin.py:188} INFO - [2026-05-19T13:31:30.248+0000] {dag.py:3096} INFO - Sync 1 DAGs
[2026-05-19T13:31:30.279+0000] {logging_mixin.py:188} INFO - [2026-05-19T13:31:30.279+0000] {dag.py:3954} INFO - Setting next_dagrun for latest_only_with_trigger to 2026-05-19 08:00:00+00:00, run_after=2026-05-19 12:00:00+00:00
[2026-05-19T13:31:30.335+0000] {processor.py:183} INFO - Processing /home/airflow/.local/lib/python3.12/site-packages/airflow/example_dags/example_latest_only_with_trigger.py took 0.142 seconds
[2026-05-19T13:32:01.174+0000] {processor.py:161} INFO - Started process (PID=228) to work on /home/airflow/.local/lib/python3.12/site-packages/airflow/example_dags/example_latest_only_with_trigger.py
[2026-05-19T13:32:01.176+0000] {processor.py:830} INFO - Processing file /home/airflow/.local/lib/python3.12/site-packages/airflow/example_dags/example_latest_only_with_trigger.py for tasks to queue
[2026-05-19T13:32:01.180+0000] {logging_mixin.py:188} INFO - [2026-05-19T13:32:01.179+0000] {dagbag.py:545} INFO - Filling up the DagBag from /home/airflow/.local/lib/python3.12/site-packages/airflow/example_dags/example_latest_only_with_trigger.py
[2026-05-19T13:32:01.186+0000] {processor.py:840} INFO - DAG(s) 'latest_only_with_trigger' retrieved from /home/airflow/.local/lib/python3.12/site-packages/airflow/example_dags/example_latest_only_with_trigger.py
[2026-05-19T13:32:01.210+0000] {logging_mixin.py:188} INFO - [2026-05-19T13:32:01.210+0000] {dag.py:3096} INFO - Sync 1 DAGs
[2026-05-19T13:32:01.238+0000] {logging_mixin.py:188} INFO - [2026-05-19T13:32:01.238+0000] {dag.py:3954} INFO - Setting next_dagrun for latest_only_with_trigger to 2026-05-19 08:00:00+00:00, run_after=2026-05-19 12:00:00+00:00
[2026-05-19T13:32:01.263+0000] {processor.py:183} INFO - Processing /home/airflow/.local/lib/python3.12/site-packages/airflow/example_dags/example_latest_only_with_trigger.py took 0.096 seconds
[2026-05-19T13:32:31.916+0000] {processor.py:161} INFO - Started process (PID=287) to work on /home/airflow/.local/lib/python3.12/site-packages/airflow/example_dags/example_latest_only_with_trigger.py
[2026-05-19T13:32:31.919+0000] {processor.py:830} INFO - Processing file /home/airflow/.local/lib/python3.12/site-packages/airflow/example_dags/example_latest_only_with_trigger.py for tasks to queue
[2026-05-19T13:32:31.923+0000] {logging_mixin.py:188} INFO - [2026-05-19T13:32:31.922+0000] {dagbag.py:545} INFO - Filling up the DagBag from /home/airflow/.local/lib/python3.12/site-packages/airflow/example_dags/example_latest_only_with_trigger.py
[2026-05-19T13:32:31.938+0000] {processor.py:840} INFO - DAG(s) 'latest_only_with_trigger' retrieved from /home/airflow/.local/lib/python3.12/site-packages/airflow/example_dags/example_latest_only_with_trigger.py
[2026-05-19T13:32:31.989+0000] {logging_mixin.py:188} INFO - [2026-05-19T13:32:31.989+0000] {dag.py:3096} INFO - Sync 1 DAGs
[2026-05-19T13:32:32.079+0000] {logging_mixin.py:188} INFO - [2026-05-19T13:32:32.078+0000] {dag.py:3954} INFO - Setting next_dagrun for latest_only_with_trigger to 2026-05-19 08:00:00+00:00, run_after=2026-05-19 12:00:00+00:00
[2026-05-19T13:32:32.141+0000] {processor.py:183} INFO - Processing /home/airflow/.local/lib/python3.12/site-packages/airflow/example_dags/example_latest_only_with_trigger.py took 0.237 seconds
[2026-05-19T13:33:03.016+0000] {processor.py:161} INFO - Started process (PID=346) to work on /home/airflow/.local/lib/python3.12/site-packages/airflow/example_dags/example_latest_only_with_trigger.py
[2026-05-19T13:33:03.018+0000] {processor.py:830} INFO - Processing file /home/airflow/.local/lib/python3.12/site-packages/airflow/example_dags/example_latest_only_with_trigger.py for tasks to queue
[2026-05-19T13:33:03.021+0000] {logging_mixin.py:188} INFO - [2026-05-19T13:33:03.021+0000] {dagbag.py:545} INFO - Filling up the DagBag from /home/airflow/.local/lib/python3.12/site-packages/airflow/example_dags/example_latest_only_with_trigger.py
[2026-05-19T13:33:03.033+0000] {processor.py:840} INFO - DAG(s) 'latest_only_with_trigger' retrieved from /home/airflow/.local/lib/python3.12/site-packages/airflow/example_dags/example_latest_only_with_trigger.py
[2026-05-19T13:33:03.084+0000] {logging_mixin.py:188} INFO - [2026-05-19T13:33:03.084+0000] {dag.py:3096} INFO - Sync 1 DAGs
[2026-05-19T13:33:03.118+0000] {logging_mixin.py:188} INFO - [2026-05-19T13:33:03.118+0000] {dag.py:3954} INFO - Setting next_dagrun for latest_only_with_trigger to 2026-05-19 08:00:00+00:00, run_after=2026-05-19 12:00:00+00:00
[2026-05-19T13:33:03.158+0000] {processor.py:183} INFO - Processing /home/airflow/.local/lib/python3.12/site-packages/airflow/example_dags/example_latest_only_with_trigger.py took 0.154 seconds
[2026-05-19T13:33:33.521+0000] {processor.py:161} INFO - Started process (PID=405) to work on /home/airflow/.local/lib/python3.12/site-packages/airflow/example_dags/example_latest_only_with_trigger.py
[2026-05-19T13:33:33.524+0000] {processor.py:830} INFO - Processing file /home/airflow/.local/lib/python3.12/site-packages/airflow/example_dags/example_latest_only_with_trigger.py for tasks to queue
[2026-05-19T13:33:33.530+0000] {logging_mixin.py:188} INFO - [2026-05-19T13:33:33.529+0000] {dagbag.py:545} INFO - Filling up the DagBag from /home/airflow/.local/lib/python3.12/site-packages/airflow/example_dags/example_latest_only_with_trigger.py
[2026-05-19T13:33:33.546+0000] {processor.py:840} INFO - DAG(s) 'latest_only_with_trigger' retrieved from /home/airflow/.local/lib/python3.12/site-packages/airflow/example_dags/example_latest_only_with_trigger.py
[2026-05-19T13:33:33.621+0000] {logging_mixin.py:188} INFO - [2026-05-19T13:33:33.620+0000] {dag.py:3096} INFO - Sync 1 DAGs
[2026-05-19T13:33:33.694+0000] {logging_mixin.py:188} INFO - [2026-05-19T13:33:33.693+0000] {dag.py:3954} INFO - Setting next_dagrun for latest_only_with_trigger to 2026-05-19 08:00:00+00:00, run_after=2026-05-19 12:00:00+00:00
[2026-05-19T13:33:33.767+0000] {processor.py:183} INFO - Processing /home/airflow/.local/lib/python3.12/site-packages/airflow/example_dags/example_latest_only_with_trigger.py took 0.259 seconds
[2026-05-19T13:34:04.510+0000] {processor.py:161} INFO - Started process (PID=464) to work on /home/airflow/.local/lib/python3.12/site-packages/airflow/example_dags/example_latest_only_with_trigger.py
[2026-05-19T13:34:04.513+0000] {processor.py:830} INFO - Processing file /home/airflow/.local/lib/python3.12/site-packages/airflow/example_dags/example_latest_only_with_trigger.py for tasks to queue
[2026-05-19T13:34:04.516+0000] {logging_mixin.py:188} INFO - [2026-05-19T13:34:04.516+0000] {dagbag.py:545} INFO - Filling up the DagBag from /home/airflow/.local/lib/python3.12/site-packages/airflow/example_dags/example_latest_only_with_trigger.py
[2026-05-19T13:34:04.523+0000] {processor.py:840} INFO - DAG(s) 'latest_only_with_trigger' retrieved from /home/airflow/.local/lib/python3.12/site-packages/airflow/example_dags/example_latest_only_with_trigger.py
[2026-05-19T13:34:04.555+0000] {logging_mixin.py:188} INFO - [2026-05-19T13:34:04.555+0000] {dag.py:3096} INFO - Sync 1 DAGs
[2026-05-19T13:34:04.588+0000] {logging_mixin.py:188} INFO - [2026-05-19T13:34:04.587+0000] {dag.py:3954} INFO - Setting next_dagrun for latest_only_with_trigger to 2026-05-19 08:00:00+00:00, run_after=2026-05-19 12:00:00+00:00
[2026-05-19T13:34:04.634+0000] {processor.py:183} INFO - Processing /home/airflow/.local/lib/python3.12/site-packages/airflow/example_dags/example_latest_only_with_trigger.py took 0.135 seconds
[2026-05-19T13:34:35.062+0000] {processor.py:161} INFO - Started process (PID=523) to work on /home/airflow/.local/lib/python3.12/site-packages/airflow/example_dags/example_latest_only_with_trigger.py
[2026-05-19T13:34:35.063+0000] {processor.py:830} INFO - Processing file /home/airflow/.local/lib/python3.12/site-packages/airflow/example_dags/example_latest_only_with_trigger.py for tasks to queue
[2026-05-19T13:34:35.065+0000] {logging_mixin.py:188} INFO - [2026-05-19T13:34:35.065+0000] {dagbag.py:545} INFO - Filling up the DagBag from /home/airflow/.local/lib/python3.12/site-packages/airflow/example_dags/example_latest_only_with_trigger.py
[2026-05-19T13:34:35.071+0000] {processor.py:840} INFO - DAG(s) 'latest_only_with_trigger' retrieved from /home/airflow/.local/lib/python3.12/site-packages/airflow/example_dags/example_latest_only_with_trigger.py
[2026-05-19T13:34:35.093+0000] {logging_mixin.py:188} INFO - [2026-05-19T13:34:35.093+0000] {dag.py:3096} INFO - Sync 1 DAGs
[2026-05-19T13:34:35.113+0000] {logging_mixin.py:188} INFO - [2026-05-19T13:34:35.113+0000] {dag.py:3954} INFO - Setting next_dagrun for latest_only_with_trigger to 2026-05-19 08:00:00+00:00, run_after=2026-05-19 12:00:00+00:00
[2026-05-19T13:34:35.134+0000] {processor.py:183} INFO - Processing /home/airflow/.local/lib/python3.12/site-packages/airflow/example_dags/example_latest_only_with_trigger.py took 0.078 seconds
[2026-05-19T13:35:05.309+0000] {processor.py:161} INFO - Started process (PID=582) to work on /home/airflow/.local/lib/python3.12/site-packages/airflow/example_dags/example_latest_only_with_trigger.py
[2026-05-19T13:35:05.311+0000] {processor.py:830} INFO - Processing file /home/airflow/.local/lib/python3.12/site-packages/airflow/example_dags/example_latest_only_with_trigger.py for tasks to queue
[2026-05-19T13:35:05.314+0000] {logging_mixin.py:188} INFO - [2026-05-19T13:35:05.313+0000] {dagbag.py:545} INFO - Filling up the DagBag from /home/airflow/.local/lib/python3.12/site-packages/airflow/example_dags/example_latest_only_with_trigger.py
[2026-05-19T13:35:05.325+0000] {processor.py:840} INFO - DAG(s) 'latest_only_with_trigger' retrieved from /home/airflow/.local/lib/python3.12/site-packages/airflow/example_dags/example_latest_only_with_trigger.py
[2026-05-19T13:35:05.355+0000] {logging_mixin.py:188} INFO - [2026-05-19T13:35:05.355+0000] {dag.py:3096} INFO - Sync 1 DAGs
[2026-05-19T13:35:05.387+0000] {logging_mixin.py:188} INFO - [2026-05-19T13:35:05.386+0000] {dag.py:3954} INFO - Setting next_dagrun for latest_only_with_trigger to 2026-05-19 08:00:00+00:00, run_after=2026-05-19 12:00:00+00:00
[2026-05-19T13:35:05.417+0000] {processor.py:183} INFO - Processing /home/airflow/.local/lib/python3.12/site-packages/airflow/example_dags/example_latest_only_with_trigger.py took 0.116 seconds
[2026-05-19T13:35:35.559+0000] {processor.py:161} INFO - Started process (PID=641) to work on /home/airflow/.local/lib/python3.12/site-packages/airflow/example_dags/example_latest_only_with_trigger.py
[2026-05-19T13:35:35.562+0000] {processor.py:830} INFO - Processing file /home/airflow/.local/lib/python3.12/site-packages/airflow/example_dags/example_latest_only_with_trigger.py for tasks to queue
[2026-05-19T13:35:35.565+0000] {logging_mixin.py:188} INFO - [2026-05-19T13:35:35.565+0000] {dagbag.py:545} INFO - Filling up the DagBag from /home/airflow/.local/lib/python3.12/site-packages/airflow/example_dags/example_latest_only_with_trigger.py
[2026-05-19T13:35:35.572+0000] {processor.py:840} INFO - DAG(s) 'latest_only_with_trigger' retrieved from /home/airflow/.local/lib/python3.12/site-packages/airflow/example_dags/example_latest_only_with_trigger.py
[2026-05-19T13:35:35.616+0000] {logging_mixin.py:188} INFO - [2026-05-19T13:35:35.615+0000] {dag.py:3096} INFO - Sync 1 DAGs
[2026-05-19T13:35:35.648+0000] {logging_mixin.py:188} INFO - [2026-05-19T13:35:35.648+0000] {dag.py:3954} INFO - Setting next_dagrun for latest_only_with_trigger to 2026-05-19 08:00:00+00:00, run_after=2026-05-19 12:00:00+00:00
[2026-05-19T13:35:35.682+0000] {processor.py:183} INFO - Processing /home/airflow/.local/lib/python3.12/site-packages/airflow/example_dags/example_latest_only_with_trigger.py took 0.132 seconds
[2026-05-19T13:36:06.180+0000] {processor.py:161} INFO - Started process (PID=700) to work on /home/airflow/.local/lib/python3.12/site-packages/airflow/example_dags/example_latest_only_with_trigger.py
[2026-05-19T13:36:06.182+0000] {processor.py:830} INFO - Processing file /home/airflow/.local/lib/python3.12/site-packages/airflow/example_dags/example_latest_only_with_trigger.py for tasks to queue
[2026-05-19T13:36:06.186+0000] {logging_mixin.py:188} INFO - [2026-05-19T13:36:06.185+0000] {dagbag.py:545} INFO - Filling up the DagBag from /home/airflow/.local/lib/python3.12/site-packages/airflow/example_dags/example_latest_only_with_trigger.py
[2026-05-19T13:36:06.192+0000] {processor.py:840} INFO - DAG(s) 'latest_only_with_trigger' retrieved from /home/airflow/.local/lib/python3.12/site-packages/airflow/example_dags/example_latest_only_with_trigger.py
[2026-05-19T13:36:06.223+0000] {logging_mixin.py:188} INFO - [2026-05-19T13:36:06.223+0000] {dag.py:3096} INFO - Sync 1 DAGs
[2026-05-19T13:36:06.250+0000] {logging_mixin.py:188} INFO - [2026-05-19T13:36:06.249+0000] {dag.py:3954} INFO - Setting next_dagrun for latest_only_with_trigger to 2026-05-19 08:00:00+00:00, run_after=2026-05-19 12:00:00+00:00
[2026-05-19T13:36:06.280+0000] {processor.py:183} INFO - Processing /home/airflow/.local/lib/python3.12/site-packages/airflow/example_dags/example_latest_only_with_trigger.py took 0.107 seconds
[2026-05-19T13:36:37.382+0000] {processor.py:161} INFO - Started process (PID=758) to work on /home/airflow/.local/lib/python3.12/site-packages/airflow/example_dags/example_latest_only_with_trigger.py
[2026-05-19T13:36:37.386+0000] {processor.py:830} INFO - Processing file /home/airflow/.local/lib/python3.12/site-packages/airflow/example_dags/example_latest_only_with_trigger.py for tasks to queue
[2026-05-19T13:36:37.389+0000] {logging_mixin.py:188} INFO - [2026-05-19T13:36:37.389+0000] {dagbag.py:545} INFO - Filling up the DagBag from /home/airflow/.local/lib/python3.12/site-packages/airflow/example_dags/example_latest_only_with_trigger.py
[2026-05-19T13:36:37.401+0000] {processor.py:840} INFO - DAG(s) 'latest_only_with_trigger' retrieved from /home/airflow/.local/lib/python3.12/site-packages/airflow/example_dags/example_latest_only_with_trigger.py
[2026-05-19T13:36:37.453+0000] {logging_mixin.py:188} INFO - [2026-05-19T13:36:37.452+0000] {dag.py:3096} INFO - Sync 1 DAGs
[2026-05-19T13:36:37.495+0000] {logging_mixin.py:188} INFO - [2026-05-19T13:36:37.494+0000] {dag.py:3954} INFO - Setting next_dagrun for latest_only_with_trigger to 2026-05-19 08:00:00+00:00, run_after=2026-05-19 12:00:00+00:00
[2026-05-19T13:36:37.536+0000] {processor.py:183} INFO - Processing /home/airflow/.local/lib/python3.12/site-packages/airflow/example_dags/example_latest_only_with_trigger.py took 0.166 seconds
[2026-05-19T13:37:08.170+0000] {processor.py:161} INFO - Started process (PID=817) to work on /home/airflow/.local/lib/python3.12/site-packages/airflow/example_dags/example_latest_only_with_trigger.py
[2026-05-19T13:37:08.172+0000] {processor.py:830} INFO - Processing file /home/airflow/.local/lib/python3.12/site-packages/airflow/example_dags/example_latest_only_with_trigger.py for tasks to queue
[2026-05-19T13:37:08.175+0000] {logging_mixin.py:188} INFO - [2026-05-19T13:37:08.174+0000] {dagbag.py:545} INFO - Filling up the DagBag from /home/airflow/.local/lib/python3.12/site-packages/airflow/example_dags/example_latest_only_with_trigger.py
[2026-05-19T13:37:08.183+0000] {processor.py:840} INFO - DAG(s) 'latest_only_with_trigger' retrieved from /home/airflow/.local/lib/python3.12/site-packages/airflow/example_dags/example_latest_only_with_trigger.py
[2026-05-19T13:37:08.209+0000] {logging_mixin.py:188} INFO - [2026-05-19T13:37:08.209+0000] {dag.py:3096} INFO - Sync 1 DAGs
[2026-05-19T13:37:08.243+0000] {logging_mixin.py:188} INFO - [2026-05-19T13:37:08.242+0000] {dag.py:3954} INFO - Setting next_dagrun for latest_only_with_trigger to 2026-05-19 08:00:00+00:00, run_after=2026-05-19 12:00:00+00:00
[2026-05-19T13:37:08.273+0000] {processor.py:183} INFO - Processing /home/airflow/.local/lib/python3.12/site-packages/airflow/example_dags/example_latest_only_with_trigger.py took 0.113 seconds
[2026-05-19T13:37:39.911+0000] {processor.py:161} INFO - Started process (PID=877) to work on /home/airflow/.local/lib/python3.12/site-packages/airflow/example_dags/example_latest_only_with_trigger.py
[2026-05-19T13:37:39.914+0000] {processor.py:830} INFO - Processing file /home/airflow/.local/lib/python3.12/site-packages/airflow/example_dags/example_latest_only_with_trigger.py for tasks to queue
[2026-05-19T13:37:39.918+0000] {logging_mixin.py:188} INFO - [2026-05-19T13:37:39.917+0000] {dagbag.py:545} INFO - Filling up the DagBag from /home/airflow/.local/lib/python3.12/site-packages/airflow/example_dags/example_latest_only_with_trigger.py
[2026-05-19T13:37:39.928+0000] {processor.py:840} INFO - DAG(s) 'latest_only_with_trigger' retrieved from /home/airflow/.local/lib/python3.12/site-packages/airflow/example_dags/example_latest_only_with_trigger.py
[2026-05-19T13:37:39.967+0000] {logging_mixin.py:188} INFO - [2026-05-19T13:37:39.966+0000] {dag.py:3096} INFO - Sync 1 DAGs
[2026-05-19T13:37:40.015+0000] {logging_mixin.py:188} INFO - [2026-05-19T13:37:40.015+0000] {dag.py:3954} INFO - Setting next_dagrun for latest_only_with_trigger to 2026-05-19 08:00:00+00:00, run_after=2026-05-19 12:00:00+00:00
[2026-05-19T13:37:40.064+0000] {processor.py:183} INFO - Processing /home/airflow/.local/lib/python3.12/site-packages/airflow/example_dags/example_latest_only_with_trigger.py took 0.164 seconds
[2026-05-19T13:38:10.424+0000] {processor.py:161} INFO - Started process (PID=936) to work on /home/airflow/.local/lib/python3.12/site-packages/airflow/example_dags/example_latest_only_with_trigger.py
[2026-05-19T13:38:10.426+0000] {processor.py:830} INFO - Processing file /home/airflow/.local/lib/python3.12/site-packages/airflow/example_dags/example_latest_only_with_trigger.py for tasks to queue
[2026-05-19T13:38:10.428+0000] {logging_mixin.py:188} INFO - [2026-05-19T13:38:10.428+0000] {dagbag.py:545} INFO - Filling up the DagBag from /home/airflow/.local/lib/python3.12/site-packages/airflow/example_dags/example_latest_only_with_trigger.py
[2026-05-19T13:38:10.436+0000] {processor.py:840} INFO - DAG(s) 'latest_only_with_trigger' retrieved from /home/airflow/.local/lib/python3.12/site-packages/airflow/example_dags/example_latest_only_with_trigger.py
[2026-05-19T13:38:10.468+0000] {logging_mixin.py:188} INFO - [2026-05-19T13:38:10.467+0000] {dag.py:3096} INFO - Sync 1 DAGs
[2026-05-19T13:38:10.512+0000] {logging_mixin.py:188} INFO - [2026-05-19T13:38:10.512+0000] {dag.py:3954} INFO - Setting next_dagrun for latest_only_with_trigger to 2026-05-19 08:00:00+00:00, run_after=2026-05-19 12:00:00+00:00
[2026-05-19T13:38:10.556+0000] {processor.py:183} INFO - Processing /home/airflow/.local/lib/python3.12/site-packages/airflow/example_dags/example_latest_only_with_trigger.py took 0.142 seconds
[2026-05-19T13:38:41.526+0000] {processor.py:161} INFO - Started process (PID=996) to work on /home/airflow/.local/lib/python3.12/site-packages/airflow/example_dags/example_latest_only_with_trigger.py
[2026-05-19T13:38:41.528+0000] {processor.py:830} INFO - Processing file /home/airflow/.local/lib/python3.12/site-packages/airflow/example_dags/example_latest_only_with_trigger.py for tasks to queue
[2026-05-19T13:38:41.533+0000] {logging_mixin.py:188} INFO - [2026-05-19T13:38:41.532+0000] {dagbag.py:545} INFO - Filling up the DagBag from /home/airflow/.local/lib/python3.12/site-packages/airflow/example_dags/example_latest_only_with_trigger.py
[2026-05-19T13:38:41.544+0000] {processor.py:840} INFO - DAG(s) 'latest_only_with_trigger' retrieved from /home/airflow/.local/lib/python3.12/site-packages/airflow/example_dags/example_latest_only_with_trigger.py
[2026-05-19T13:38:41.587+0000] {logging_mixin.py:188} INFO - [2026-05-19T13:38:41.586+0000] {dag.py:3096} INFO - Sync 1 DAGs
[2026-05-19T13:38:41.631+0000] {logging_mixin.py:188} INFO - [2026-05-19T13:38:41.630+0000] {dag.py:3954} INFO - Setting next_dagrun for latest_only_with_trigger to 2026-05-19 08:00:00+00:00, run_after=2026-05-19 12:00:00+00:00
[2026-05-19T13:38:41.684+0000] {processor.py:183} INFO - Processing /home/airflow/.local/lib/python3.12/site-packages/airflow/example_dags/example_latest_only_with_trigger.py took 0.168 seconds
[2026-05-19T13:39:14.048+0000] {processor.py:161} INFO - Started process (PID=1062) to work on /home/airflow/.local/lib/python3.12/site-packages/airflow/example_dags/example_latest_only_with_trigger.py
[2026-05-19T13:39:14.053+0000] {processor.py:830} INFO - Processing file /home/airflow/.local/lib/python3.12/site-packages/airflow/example_dags/example_latest_only_with_trigger.py for tasks to queue
[2026-05-19T13:39:14.070+0000] {logging_mixin.py:188} INFO - [2026-05-19T13:39:14.067+0000] {dagbag.py:545} INFO - Filling up the DagBag from /home/airflow/.local/lib/python3.12/site-packages/airflow/example_dags/example_latest_only_with_trigger.py
[2026-05-19T13:39:14.104+0000] {processor.py:840} INFO - DAG(s) 'latest_only_with_trigger' retrieved from /home/airflow/.local/lib/python3.12/site-packages/airflow/example_dags/example_latest_only_with_trigger.py
[2026-05-19T13:39:14.235+0000] {logging_mixin.py:188} INFO - [2026-05-19T13:39:14.234+0000] {dag.py:3096} INFO - Sync 1 DAGs
[2026-05-19T13:39:14.376+0000] {logging_mixin.py:188} INFO - [2026-05-19T13:39:14.372+0000] {dag.py:3954} INFO - Setting next_dagrun for latest_only_with_trigger to 2026-05-19 08:00:00+00:00, run_after=2026-05-19 12:00:00+00:00
[2026-05-19T13:39:14.502+0000] {processor.py:183} INFO - Processing /home/airflow/.local/lib/python3.12/site-packages/airflow/example_dags/example_latest_only_with_trigger.py took 0.479 seconds
[2026-05-19T13:39:45.192+0000] {processor.py:161} INFO - Started process (PID=1121) to work on /home/airflow/.local/lib/python3.12/site-packages/airflow/example_dags/example_latest_only_with_trigger.py
[2026-05-19T13:39:45.193+0000] {processor.py:830} INFO - Processing file /home/airflow/.local/lib/python3.12/site-packages/airflow/example_dags/example_latest_only_with_trigger.py for tasks to queue
[2026-05-19T13:39:45.197+0000] {logging_mixin.py:188} INFO - [2026-05-19T13:39:45.196+0000] {dagbag.py:545} INFO - Filling up the DagBag from /home/airflow/.local/lib/python3.12/site-packages/airflow/example_dags/example_latest_only_with_trigger.py
[2026-05-19T13:39:45.206+0000] {processor.py:840} INFO - DAG(s) 'latest_only_with_trigger' retrieved from /home/airflow/.local/lib/python3.12/site-packages/airflow/example_dags/example_latest_only_with_trigger.py
[2026-05-19T13:39:45.253+0000] {logging_mixin.py:188} INFO - [2026-05-19T13:39:45.252+0000] {dag.py:3096} INFO - Sync 1 DAGs
[2026-05-19T13:39:45.289+0000] {logging_mixin.py:188} INFO - [2026-05-19T13:39:45.289+0000] {dag.py:3954} INFO - Setting next_dagrun for latest_only_with_trigger to 2026-05-19 08:00:00+00:00, run_after=2026-05-19 12:00:00+00:00
[2026-05-19T13:39:45.323+0000] {processor.py:183} INFO - Processing /home/airflow/.local/lib/python3.12/site-packages/airflow/example_dags/example_latest_only_with_trigger.py took 0.139 seconds
[2026-05-19T13:40:15.854+0000] {processor.py:161} INFO - Started process (PID=1180) to work on /home/airflow/.local/lib/python3.12/site-packages/airflow/example_dags/example_latest_only_with_trigger.py
[2026-05-19T13:40:15.855+0000] {processor.py:830} INFO - Processing file /home/airflow/.local/lib/python3.12/site-packages/airflow/example_dags/example_latest_only_with_trigger.py for tasks to queue
[2026-05-19T13:40:15.858+0000] {logging_mixin.py:188} INFO - [2026-05-19T13:40:15.858+0000] {dagbag.py:545} INFO - Filling up the DagBag from /home/airflow/.local/lib/python3.12/site-packages/airflow/example_dags/example_latest_only_with_trigger.py
[2026-05-19T13:40:15.867+0000] {processor.py:840} INFO - DAG(s) 'latest_only_with_trigger' retrieved from /home/airflow/.local/lib/python3.12/site-packages/airflow/example_dags/example_latest_only_with_trigger.py
[2026-05-19T13:40:15.892+0000] {logging_mixin.py:188} INFO - [2026-05-19T13:40:15.892+0000] {dag.py:3096} INFO - Sync 1 DAGs
[2026-05-19T13:40:15.922+0000] {logging_mixin.py:188} INFO - [2026-05-19T13:40:15.922+0000] {dag.py:3954} INFO - Setting next_dagrun for latest_only_with_trigger to 2026-05-19 08:00:00+00:00, run_after=2026-05-19 12:00:00+00:00
[2026-05-19T13:40:15.949+0000] {processor.py:183} INFO - Processing /home/airflow/.local/lib/python3.12/site-packages/airflow/example_dags/example_latest_only_with_trigger.py took 0.103 seconds
[2026-05-19T13:40:46.006+0000] {processor.py:161} INFO - Started process (PID=1239) to work on /home/airflow/.local/lib/python3.12/site-packages/airflow/example_dags/example_latest_only_with_trigger.py
[2026-05-19T13:40:46.008+0000] {processor.py:830} INFO - Processing file /home/airflow/.local/lib/python3.12/site-packages/airflow/example_dags/example_latest_only_with_trigger.py for tasks to queue
[2026-05-19T13:40:46.010+0000] {logging_mixin.py:188} INFO - [2026-05-19T13:40:46.010+0000] {dagbag.py:545} INFO - Filling up the DagBag from /home/airflow/.local/lib/python3.12/site-packages/airflow/example_dags/example_latest_only_with_trigger.py
[2026-05-19T13:40:46.018+0000] {processor.py:840} INFO - DAG(s) 'latest_only_with_trigger' retrieved from /home/airflow/.local/lib/python3.12/site-packages/airflow/example_dags/example_latest_only_with_trigger.py
[2026-05-19T13:40:46.043+0000] {logging_mixin.py:188} INFO - [2026-05-19T13:40:46.042+0000] {dag.py:3096} INFO - Sync 1 DAGs
[2026-05-19T13:40:46.071+0000] {logging_mixin.py:188} INFO - [2026-05-19T13:40:46.071+0000] {dag.py:3954} INFO - Setting next_dagrun for latest_only_with_trigger to 2026-05-19 08:00:00+00:00, run_after=2026-05-19 12:00:00+00:00
[2026-05-19T13:40:46.095+0000] {processor.py:183} INFO - Processing /home/airflow/.local/lib/python3.12/site-packages/airflow/example_dags/example_latest_only_with_trigger.py took 0.096 seconds
[2026-05-19T13:41:17.439+0000] {processor.py:161} INFO - Started process (PID=1298) to work on /home/airflow/.local/lib/python3.12/site-packages/airflow/example_dags/example_latest_only_with_trigger.py
[2026-05-19T13:41:17.441+0000] {processor.py:830} INFO - Processing file /home/airflow/.local/lib/python3.12/site-packages/airflow/example_dags/example_latest_only_with_trigger.py for tasks to queue
[2026-05-19T13:41:17.447+0000] {logging_mixin.py:188} INFO - [2026-05-19T13:41:17.446+0000] {dagbag.py:545} INFO - Filling up the DagBag from /home/airflow/.local/lib/python3.12/site-packages/airflow/example_dags/example_latest_only_with_trigger.py
[2026-05-19T13:41:17.458+0000] {processor.py:840} INFO - DAG(s) 'latest_only_with_trigger' retrieved from /home/airflow/.local/lib/python3.12/site-packages/airflow/example_dags/example_latest_only_with_trigger.py
[2026-05-19T13:41:17.502+0000] {logging_mixin.py:188} INFO - [2026-05-19T13:41:17.502+0000] {dag.py:3096} INFO - Sync 1 DAGs
[2026-05-19T13:41:17.545+0000] {logging_mixin.py:188} INFO - [2026-05-19T13:41:17.545+0000] {dag.py:3954} INFO - Setting next_dagrun for latest_only_with_trigger to 2026-05-19 08:00:00+00:00, run_after=2026-05-19 12:00:00+00:00
[2026-05-19T13:41:17.580+0000] {processor.py:183} INFO - Processing /home/airflow/.local/lib/python3.12/site-packages/airflow/example_dags/example_latest_only_with_trigger.py took 0.150 seconds
[2026-05-19T13:41:49.329+0000] {processor.py:161} INFO - Started process (PID=1357) to work on /home/airflow/.local/lib/python3.12/site-packages/airflow/example_dags/example_latest_only_with_trigger.py
[2026-05-19T13:41:49.334+0000] {processor.py:830} INFO - Processing file /home/airflow/.local/lib/python3.12/site-packages/airflow/example_dags/example_latest_only_with_trigger.py for tasks to queue
[2026-05-19T13:41:49.348+0000] {logging_mixin.py:188} INFO - [2026-05-19T13:41:49.341+0000] {dagbag.py:545} INFO - Filling up the DagBag from /home/airflow/.local/lib/python3.12/site-packages/airflow/example_dags/example_latest_only_with_trigger.py
[2026-05-19T13:41:49.392+0000] {processor.py:840} INFO - DAG(s) 'latest_only_with_trigger' retrieved from /home/airflow/.local/lib/python3.12/site-packages/airflow/example_dags/example_latest_only_with_trigger.py
[2026-05-19T13:41:49.503+0000] {logging_mixin.py:188} INFO - [2026-05-19T13:41:49.501+0000] {dag.py:3096} INFO - Sync 1 DAGs
[2026-05-19T13:41:49.645+0000] {logging_mixin.py:188} INFO - [2026-05-19T13:41:49.644+0000] {dag.py:3954} INFO - Setting next_dagrun for latest_only_with_trigger to 2026-05-19 08:00:00+00:00, run_after=2026-05-19 12:00:00+00:00
[2026-05-19T13:41:49.748+0000] {processor.py:183} INFO - Processing /home/airflow/.local/lib/python3.12/site-packages/airflow/example_dags/example_latest_only_with_trigger.py took 0.463 seconds
[2026-05-19T13:42:19.876+0000] {processor.py:161} INFO - Started process (PID=1416) to work on /home/airflow/.local/lib/python3.12/site-packages/airflow/example_dags/example_latest_only_with_trigger.py
[2026-05-19T13:42:19.877+0000] {processor.py:830} INFO - Processing file /home/airflow/.local/lib/python3.12/site-packages/airflow/example_dags/example_latest_only_with_trigger.py for tasks to queue
[2026-05-19T13:42:19.879+0000] {logging_mixin.py:188} INFO - [2026-05-19T13:42:19.879+0000] {dagbag.py:545} INFO - Filling up the DagBag from /home/airflow/.local/lib/python3.12/site-packages/airflow/example_dags/example_latest_only_with_trigger.py
[2026-05-19T13:42:19.886+0000] {processor.py:840} INFO - DAG(s) 'latest_only_with_trigger' retrieved from /home/airflow/.local/lib/python3.12/site-packages/airflow/example_dags/example_latest_only_with_trigger.py
[2026-05-19T13:42:19.916+0000] {logging_mixin.py:188} INFO - [2026-05-19T13:42:19.916+0000] {dag.py:3096} INFO - Sync 1 DAGs
[2026-05-19T13:42:19.955+0000] {logging_mixin.py:188} INFO - [2026-05-19T13:42:19.954+0000] {dag.py:3954} INFO - Setting next_dagrun for latest_only_with_trigger to 2026-05-19 08:00:00+00:00, run_after=2026-05-19 12:00:00+00:00
[2026-05-19T13:42:20.173+0000] {processor.py:183} INFO - Processing /home/airflow/.local/lib/python3.12/site-packages/airflow/example_dags/example_latest_only_with_trigger.py took 0.303 seconds
[2026-05-19T13:42:50.791+0000] {processor.py:161} INFO - Started process (PID=1475) to work on /home/airflow/.local/lib/python3.12/site-packages/airflow/example_dags/example_latest_only_with_trigger.py
[2026-05-19T13:42:50.794+0000] {processor.py:830} INFO - Processing file /home/airflow/.local/lib/python3.12/site-packages/airflow/example_dags/example_latest_only_with_trigger.py for tasks to queue
[2026-05-19T13:42:50.799+0000] {logging_mixin.py:188} INFO - [2026-05-19T13:42:50.799+0000] {dagbag.py:545} INFO - Filling up the DagBag from /home/airflow/.local/lib/python3.12/site-packages/airflow/example_dags/example_latest_only_with_trigger.py
[2026-05-19T13:42:50.818+0000] {processor.py:840} INFO - DAG(s) 'latest_only_with_trigger' retrieved from /home/airflow/.local/lib/python3.12/site-packages/airflow/example_dags/example_latest_only_with_trigger.py
[2026-05-19T13:42:50.884+0000] {logging_mixin.py:188} INFO - [2026-05-19T13:42:50.884+0000] {dag.py:3096} INFO - Sync 1 DAGs
[2026-05-19T13:42:50.958+0000] {logging_mixin.py:188} INFO - [2026-05-19T13:42:50.958+0000] {dag.py:3954} INFO - Setting next_dagrun for latest_only_with_trigger to 2026-05-19 08:00:00+00:00, run_after=2026-05-19 12:00:00+00:00
[2026-05-19T13:42:51.025+0000] {processor.py:183} INFO - Processing /home/airflow/.local/lib/python3.12/site-packages/airflow/example_dags/example_latest_only_with_trigger.py took 0.251 seconds
[2026-05-19T13:43:21.933+0000] {processor.py:161} INFO - Started process (PID=1535) to work on /home/airflow/.local/lib/python3.12/site-packages/airflow/example_dags/example_latest_only_with_trigger.py
[2026-05-19T13:43:21.936+0000] {processor.py:830} INFO - Processing file /home/airflow/.local/lib/python3.12/site-packages/airflow/example_dags/example_latest_only_with_trigger.py for tasks to queue
[2026-05-19T13:43:21.940+0000] {logging_mixin.py:188} INFO - [2026-05-19T13:43:21.939+0000] {dagbag.py:545} INFO - Filling up the DagBag from /home/airflow/.local/lib/python3.12/site-packages/airflow/example_dags/example_latest_only_with_trigger.py
[2026-05-19T13:43:21.953+0000] {processor.py:840} INFO - DAG(s) 'latest_only_with_trigger' retrieved from /home/airflow/.local/lib/python3.12/site-packages/airflow/example_dags/example_latest_only_with_trigger.py
[2026-05-19T13:43:21.996+0000] {logging_mixin.py:188} INFO - [2026-05-19T13:43:21.996+0000] {dag.py:3096} INFO - Sync 1 DAGs
[2026-05-19T13:43:22.040+0000] {logging_mixin.py:188} INFO - [2026-05-19T13:43:22.040+0000] {dag.py:3954} INFO - Setting next_dagrun for latest_only_with_trigger to 2026-05-19 08:00:00+00:00, run_after=2026-05-19 12:00:00+00:00
[2026-05-19T13:43:22.083+0000] {processor.py:183} INFO - Processing /home/airflow/.local/lib/python3.12/site-packages/airflow/example_dags/example_latest_only_with_trigger.py took 0.192 seconds
[2026-05-19T13:43:52.343+0000] {processor.py:161} INFO - Started process (PID=1594) to work on /home/airflow/.local/lib/python3.12/site-packages/airflow/example_dags/example_latest_only_with_trigger.py
[2026-05-19T13:43:52.346+0000] {processor.py:830} INFO - Processing file /home/airflow/.local/lib/python3.12/site-packages/airflow/example_dags/example_latest_only_with_trigger.py for tasks to queue
[2026-05-19T13:43:52.350+0000] {logging_mixin.py:188} INFO - [2026-05-19T13:43:52.350+0000] {dagbag.py:545} INFO - Filling up the DagBag from /home/airflow/.local/lib/python3.12/site-packages/airflow/example_dags/example_latest_only_with_trigger.py
[2026-05-19T13:43:52.355+0000] {processor.py:840} INFO - DAG(s) 'latest_only_with_trigger' retrieved from /home/airflow/.local/lib/python3.12/site-packages/airflow/example_dags/example_latest_only_with_trigger.py
[2026-05-19T13:43:52.380+0000] {logging_mixin.py:188} INFO - [2026-05-19T13:43:52.380+0000] {dag.py:3096} INFO - Sync 1 DAGs
[2026-05-19T13:43:52.411+0000] {logging_mixin.py:188} INFO - [2026-05-19T13:43:52.411+0000] {dag.py:3954} INFO - Setting next_dagrun for latest_only_with_trigger to 2026-05-19 08:00:00+00:00, run_after=2026-05-19 12:00:00+00:00
[2026-05-19T13:43:52.450+0000] {processor.py:183} INFO - Processing /home/airflow/.local/lib/python3.12/site-packages/airflow/example_dags/example_latest_only_with_trigger.py took 0.116 seconds
[2026-05-19T13:44:22.837+0000] {processor.py:161} INFO - Started process (PID=1653) to work on /home/airflow/.local/lib/python3.12/site-packages/airflow/example_dags/example_latest_only_with_trigger.py
[2026-05-19T13:44:22.838+0000] {processor.py:830} INFO - Processing file /home/airflow/.local/lib/python3.12/site-packages/airflow/example_dags/example_latest_only_with_trigger.py for tasks to queue
[2026-05-19T13:44:22.841+0000] {logging_mixin.py:188} INFO - [2026-05-19T13:44:22.841+0000] {dagbag.py:545} INFO - Filling up the DagBag from /home/airflow/.local/lib/python3.12/site-packages/airflow/example_dags/example_latest_only_with_trigger.py
[2026-05-19T13:44:22.849+0000] {processor.py:840} INFO - DAG(s) 'latest_only_with_trigger' retrieved from /home/airflow/.local/lib/python3.12/site-packages/airflow/example_dags/example_latest_only_with_trigger.py
[2026-05-19T13:44:22.872+0000] {logging_mixin.py:188} INFO - [2026-05-19T13:44:22.872+0000] {dag.py:3096} INFO - Sync 1 DAGs
[2026-05-19T13:44:22.905+0000] {logging_mixin.py:188} INFO - [2026-05-19T13:44:22.905+0000] {dag.py:3954} INFO - Setting next_dagrun for latest_only_with_trigger to 2026-05-19 08:00:00+00:00, run_after=2026-05-19 12:00:00+00:00
[2026-05-19T13:44:22.930+0000] {processor.py:183} INFO - Processing /home/airflow/.local/lib/python3.12/site-packages/airflow/example_dags/example_latest_only_with_trigger.py took 0.098 seconds
[2026-05-19T13:44:53.223+0000] {processor.py:161} INFO - Started process (PID=1712) to work on /home/airflow/.local/lib/python3.12/site-packages/airflow/example_dags/example_latest_only_with_trigger.py
[2026-05-19T13:44:53.225+0000] {processor.py:830} INFO - Processing file /home/airflow/.local/lib/python3.12/site-packages/airflow/example_dags/example_latest_only_with_trigger.py for tasks to queue
[2026-05-19T13:44:53.229+0000] {logging_mixin.py:188} INFO - [2026-05-19T13:44:53.228+0000] {dagbag.py:545} INFO - Filling up the DagBag from /home/airflow/.local/lib/python3.12/site-packages/airflow/example_dags/example_latest_only_with_trigger.py
[2026-05-19T13:44:53.237+0000] {processor.py:840} INFO - DAG(s) 'latest_only_with_trigger' retrieved from /home/airflow/.local/lib/python3.12/site-packages/airflow/example_dags/example_latest_only_with_trigger.py
[2026-05-19T13:44:53.263+0000] {logging_mixin.py:188} INFO - [2026-05-19T13:44:53.263+0000] {dag.py:3096} INFO - Sync 1 DAGs
[2026-05-19T13:44:53.295+0000] {logging_mixin.py:188} INFO - [2026-05-19T13:44:53.295+0000] {dag.py:3954} INFO - Setting next_dagrun for latest_only_with_trigger to 2026-05-19 08:00:00+00:00, run_after=2026-05-19 12:00:00+00:00
[2026-05-19T13:44:53.325+0000] {processor.py:183} INFO - Processing /home/airflow/.local/lib/python3.12/site-packages/airflow/example_dags/example_latest_only_with_trigger.py took 0.109 seconds
[2026-05-19T13:45:23.781+0000] {processor.py:161} INFO - Started process (PID=1771) to work on /home/airflow/.local/lib/python3.12/site-packages/airflow/example_dags/example_latest_only_with_trigger.py
[2026-05-19T13:45:23.783+0000] {processor.py:830} INFO - Processing file /home/airflow/.local/lib/python3.12/site-packages/airflow/example_dags/example_latest_only_with_trigger.py for tasks to queue
[2026-05-19T13:45:23.795+0000] {logging_mixin.py:188} INFO - [2026-05-19T13:45:23.794+0000] {dagbag.py:545} INFO - Filling up the DagBag from /home/airflow/.local/lib/python3.12/site-packages/airflow/example_dags/example_latest_only_with_trigger.py
[2026-05-19T13:45:23.804+0000] {processor.py:840} INFO - DAG(s) 'latest_only_with_trigger' retrieved from /home/airflow/.local/lib/python3.12/site-packages/airflow/example_dags/example_latest_only_with_trigger.py
[2026-05-19T13:45:23.851+0000] {logging_mixin.py:188} INFO - [2026-05-19T13:45:23.850+0000] {dag.py:3096} INFO - Sync 1 DAGs
[2026-05-19T13:45:23.885+0000] {logging_mixin.py:188} INFO - [2026-05-19T13:45:23.885+0000] {dag.py:3954} INFO - Setting next_dagrun for latest_only_with_trigger to 2026-05-19 08:00:00+00:00, run_after=2026-05-19 12:00:00+00:00
[2026-05-19T13:45:23.922+0000] {processor.py:183} INFO - Processing /home/airflow/.local/lib/python3.12/site-packages/airflow/example_dags/example_latest_only_with_trigger.py took 0.160 seconds
[2026-05-19T13:45:54.404+0000] {processor.py:161} INFO - Started process (PID=1830) to work on /home/airflow/.local/lib/python3.12/site-packages/airflow/example_dags/example_latest_only_with_trigger.py
[2026-05-19T13:45:54.405+0000] {processor.py:830} INFO - Processing file /home/airflow/.local/lib/python3.12/site-packages/airflow/example_dags/example_latest_only_with_trigger.py for tasks to queue
[2026-05-19T13:45:54.407+0000] {logging_mixin.py:188} INFO - [2026-05-19T13:45:54.407+0000] {dagbag.py:545} INFO - Filling up the DagBag from /home/airflow/.local/lib/python3.12/site-packages/airflow/example_dags/example_latest_only_with_trigger.py
[2026-05-19T13:45:54.413+0000] {processor.py:840} INFO - DAG(s) 'latest_only_with_trigger' retrieved from /home/airflow/.local/lib/python3.12/site-packages/airflow/example_dags/example_latest_only_with_trigger.py
[2026-05-19T13:45:54.437+0000] {logging_mixin.py:188} INFO - [2026-05-19T13:45:54.436+0000] {dag.py:3096} INFO - Sync 1 DAGs
[2026-05-19T13:45:54.463+0000] {logging_mixin.py:188} INFO - [2026-05-19T13:45:54.462+0000] {dag.py:3954} INFO - Setting next_dagrun for latest_only_with_trigger to 2026-05-19 08:00:00+00:00, run_after=2026-05-19 12:00:00+00:00
[2026-05-19T13:45:54.487+0000] {processor.py:183} INFO - Processing /home/airflow/.local/lib/python3.12/site-packages/airflow/example_dags/example_latest_only_with_trigger.py took 0.089 seconds
[2026-05-19T13:46:24.932+0000] {processor.py:161} INFO - Started process (PID=1890) to work on /home/airflow/.local/lib/python3.12/site-packages/airflow/example_dags/example_latest_only_with_trigger.py
[2026-05-19T13:46:24.934+0000] {processor.py:830} INFO - Processing file /home/airflow/.local/lib/python3.12/site-packages/airflow/example_dags/example_latest_only_with_trigger.py for tasks to queue
[2026-05-19T13:46:24.939+0000] {logging_mixin.py:188} INFO - [2026-05-19T13:46:24.938+0000] {dagbag.py:545} INFO - Filling up the DagBag from /home/airflow/.local/lib/python3.12/site-packages/airflow/example_dags/example_latest_only_with_trigger.py
[2026-05-19T13:46:24.948+0000] {processor.py:840} INFO - DAG(s) 'latest_only_with_trigger' retrieved from /home/airflow/.local/lib/python3.12/site-packages/airflow/example_dags/example_latest_only_with_trigger.py
[2026-05-19T13:46:24.982+0000] {logging_mixin.py:188} INFO - [2026-05-19T13:46:24.982+0000] {dag.py:3096} INFO - Sync 1 DAGs
[2026-05-19T13:46:25.015+0000] {logging_mixin.py:188} INFO - [2026-05-19T13:46:25.015+0000] {dag.py:3954} INFO - Setting next_dagrun for latest_only_with_trigger to 2026-05-19 08:00:00+00:00, run_after=2026-05-19 12:00:00+00:00
[2026-05-19T13:46:25.046+0000] {processor.py:183} INFO - Processing /home/airflow/.local/lib/python3.12/site-packages/airflow/example_dags/example_latest_only_with_trigger.py took 0.123 seconds
[2026-05-19T13:46:55.482+0000] {processor.py:161} INFO - Started process (PID=1949) to work on /home/airflow/.local/lib/python3.12/site-packages/airflow/example_dags/example_latest_only_with_trigger.py
[2026-05-19T13:46:55.485+0000] {processor.py:830} INFO - Processing file /home/airflow/.local/lib/python3.12/site-packages/airflow/example_dags/example_latest_only_with_trigger.py for tasks to queue
[2026-05-19T13:46:55.489+0000] {logging_mixin.py:188} INFO - [2026-05-19T13:46:55.488+0000] {dagbag.py:545} INFO - Filling up the DagBag from /home/airflow/.local/lib/python3.12/site-packages/airflow/example_dags/example_latest_only_with_trigger.py
[2026-05-19T13:46:55.498+0000] {processor.py:840} INFO - DAG(s) 'latest_only_with_trigger' retrieved from /home/airflow/.local/lib/python3.12/site-packages/airflow/example_dags/example_latest_only_with_trigger.py
[2026-05-19T13:46:55.531+0000] {logging_mixin.py:188} INFO - [2026-05-19T13:46:55.531+0000] {dag.py:3096} INFO - Sync 1 DAGs
[2026-05-19T13:46:55.571+0000] {logging_mixin.py:188} INFO - [2026-05-19T13:46:55.570+0000] {dag.py:3954} INFO - Setting next_dagrun for latest_only_with_trigger to 2026-05-19 08:00:00+00:00, run_after=2026-05-19 12:00:00+00:00
[2026-05-19T13:46:55.598+0000] {processor.py:183} INFO - Processing /home/airflow/.local/lib/python3.12/site-packages/airflow/example_dags/example_latest_only_with_trigger.py took 0.126 seconds
[2026-05-19T13:47:25.965+0000] {processor.py:161} INFO - Started process (PID=2008) to work on /home/airflow/.local/lib/python3.12/site-packages/airflow/example_dags/example_latest_only_with_trigger.py
[2026-05-19T13:47:25.968+0000] {processor.py:830} INFO - Processing file /home/airflow/.local/lib/python3.12/site-packages/airflow/example_dags/example_latest_only_with_trigger.py for tasks to queue
[2026-05-19T13:47:25.972+0000] {logging_mixin.py:188} INFO - [2026-05-19T13:47:25.972+0000] {dagbag.py:545} INFO - Filling up the DagBag from /home/airflow/.local/lib/python3.12/site-packages/airflow/example_dags/example_latest_only_with_trigger.py
[2026-05-19T13:47:25.980+0000] {processor.py:840} INFO - DAG(s) 'latest_only_with_trigger' retrieved from /home/airflow/.local/lib/python3.12/site-packages/airflow/example_dags/example_latest_only_with_trigger.py
[2026-05-19T13:47:26.010+0000] {logging_mixin.py:188} INFO - [2026-05-19T13:47:26.010+0000] {dag.py:3096} INFO - Sync 1 DAGs
[2026-05-19T13:47:26.040+0000] {logging_mixin.py:188} INFO - [2026-05-19T13:47:26.040+0000] {dag.py:3954} INFO - Setting next_dagrun for latest_only_with_trigger to 2026-05-19 08:00:00+00:00, run_after=2026-05-19 12:00:00+00:00
[2026-05-19T13:47:26.074+0000] {processor.py:183} INFO - Processing /home/airflow/.local/lib/python3.12/site-packages/airflow/example_dags/example_latest_only_with_trigger.py took 0.118 seconds
[2026-05-19T13:47:56.643+0000] {processor.py:161} INFO - Started process (PID=2067) to work on /home/airflow/.local/lib/python3.12/site-packages/airflow/example_dags/example_latest_only_with_trigger.py
[2026-05-19T13:47:56.645+0000] {processor.py:830} INFO - Processing file /home/airflow/.local/lib/python3.12/site-packages/airflow/example_dags/example_latest_only_with_trigger.py for tasks to queue
[2026-05-19T13:47:56.650+0000] {logging_mixin.py:188} INFO - [2026-05-19T13:47:56.649+0000] {dagbag.py:545} INFO - Filling up the DagBag from /home/airflow/.local/lib/python3.12/site-packages/airflow/example_dags/example_latest_only_with_trigger.py
[2026-05-19T13:47:56.660+0000] {processor.py:840} INFO - DAG(s) 'latest_only_with_trigger' retrieved from /home/airflow/.local/lib/python3.12/site-packages/airflow/example_dags/example_latest_only_with_trigger.py
[2026-05-19T13:47:56.699+0000] {logging_mixin.py:188} INFO - [2026-05-19T13:47:56.699+0000] {dag.py:3096} INFO - Sync 1 DAGs
[2026-05-19T13:47:56.738+0000] {logging_mixin.py:188} INFO - [2026-05-19T13:47:56.738+0000] {dag.py:3954} INFO - Setting next_dagrun for latest_only_with_trigger to 2026-05-19 08:00:00+00:00, run_after=2026-05-19 12:00:00+00:00
[2026-05-19T13:47:56.785+0000] {processor.py:183} INFO - Processing /home/airflow/.local/lib/python3.12/site-packages/airflow/example_dags/example_latest_only_with_trigger.py took 0.154 seconds
[2026-05-19T13:48:27.019+0000] {processor.py:161} INFO - Started process (PID=2126) to work on /home/airflow/.local/lib/python3.12/site-packages/airflow/example_dags/example_latest_only_with_trigger.py
[2026-05-19T13:48:27.020+0000] {processor.py:830} INFO - Processing file /home/airflow/.local/lib/python3.12/site-packages/airflow/example_dags/example_latest_only_with_trigger.py for tasks to queue
[2026-05-19T13:48:27.022+0000] {logging_mixin.py:188} INFO - [2026-05-19T13:48:27.022+0000] {dagbag.py:545} INFO - Filling up the DagBag from /home/airflow/.local/lib/python3.12/site-packages/airflow/example_dags/example_latest_only_with_trigger.py
[2026-05-19T13:48:27.028+0000] {processor.py:840} INFO - DAG(s) 'latest_only_with_trigger' retrieved from /home/airflow/.local/lib/python3.12/site-packages/airflow/example_dags/example_latest_only_with_trigger.py
[2026-05-19T13:48:27.058+0000] {logging_mixin.py:188} INFO - [2026-05-19T13:48:27.057+0000] {dag.py:3096} INFO - Sync 1 DAGs
[2026-05-19T13:48:27.081+0000] {logging_mixin.py:188} INFO - [2026-05-19T13:48:27.081+0000] {dag.py:3954} INFO - Setting next_dagrun for latest_only_with_trigger to 2026-05-19 08:00:00+00:00, run_after=2026-05-19 12:00:00+00:00
[2026-05-19T13:48:27.108+0000] {processor.py:183} INFO - Processing /home/airflow/.local/lib/python3.12/site-packages/airflow/example_dags/example_latest_only_with_trigger.py took 0.095 seconds
[2026-05-19T13:48:57.639+0000] {processor.py:161} INFO - Started process (PID=2185) to work on /home/airflow/.local/lib/python3.12/site-packages/airflow/example_dags/example_latest_only_with_trigger.py
[2026-05-19T13:48:57.641+0000] {processor.py:830} INFO - Processing file /home/airflow/.local/lib/python3.12/site-packages/airflow/example_dags/example_latest_only_with_trigger.py for tasks to queue
[2026-05-19T13:48:57.643+0000] {logging_mixin.py:188} INFO - [2026-05-19T13:48:57.643+0000] {dagbag.py:545} INFO - Filling up the DagBag from /home/airflow/.local/lib/python3.12/site-packages/airflow/example_dags/example_latest_only_with_trigger.py
[2026-05-19T13:48:57.650+0000] {processor.py:840} INFO - DAG(s) 'latest_only_with_trigger' retrieved from /home/airflow/.local/lib/python3.12/site-packages/airflow/example_dags/example_latest_only_with_trigger.py
[2026-05-19T13:48:57.677+0000] {logging_mixin.py:188} INFO - [2026-05-19T13:48:57.676+0000] {dag.py:3096} INFO - Sync 1 DAGs
[2026-05-19T13:48:57.701+0000] {logging_mixin.py:188} INFO - [2026-05-19T13:48:57.700+0000] {dag.py:3954} INFO - Setting next_dagrun for latest_only_with_trigger to 2026-05-19 08:00:00+00:00, run_after=2026-05-19 12:00:00+00:00
[2026-05-19T13:48:57.732+0000] {processor.py:183} INFO - Processing /home/airflow/.local/lib/python3.12/site-packages/airflow/example_dags/example_latest_only_with_trigger.py took 0.101 seconds
[2026-05-19T13:49:29.701+0000] {processor.py:161} INFO - Started process (PID=2244) to work on /home/airflow/.local/lib/python3.12/site-packages/airflow/example_dags/example_latest_only_with_trigger.py
[2026-05-19T13:49:29.704+0000] {processor.py:830} INFO - Processing file /home/airflow/.local/lib/python3.12/site-packages/airflow/example_dags/example_latest_only_with_trigger.py for tasks to queue
[2026-05-19T13:49:29.710+0000] {logging_mixin.py:188} INFO - [2026-05-19T13:49:29.709+0000] {dagbag.py:545} INFO - Filling up the DagBag from /home/airflow/.local/lib/python3.12/site-packages/airflow/example_dags/example_latest_only_with_trigger.py
[2026-05-19T13:49:29.722+0000] {processor.py:840} INFO - DAG(s) 'latest_only_with_trigger' retrieved from /home/airflow/.local/lib/python3.12/site-packages/airflow/example_dags/example_latest_only_with_trigger.py
[2026-05-19T13:49:29.775+0000] {logging_mixin.py:188} INFO - [2026-05-19T13:49:29.775+0000] {dag.py:3096} INFO - Sync 1 DAGs
[2026-05-19T13:49:29.840+0000] {logging_mixin.py:188} INFO - [2026-05-19T13:49:29.839+0000] {dag.py:3954} INFO - Setting next_dagrun for latest_only_with_trigger to 2026-05-19 08:00:00+00:00, run_after=2026-05-19 12:00:00+00:00
[2026-05-19T13:49:29.887+0000] {processor.py:183} INFO - Processing /home/airflow/.local/lib/python3.12/site-packages/airflow/example_dags/example_latest_only_with_trigger.py took 0.200 seconds
[2026-05-19T13:49:59.979+0000] {processor.py:161} INFO - Started process (PID=2303) to work on /home/airflow/.local/lib/python3.12/site-packages/airflow/example_dags/example_latest_only_with_trigger.py
[2026-05-19T13:49:59.981+0000] {processor.py:830} INFO - Processing file /home/airflow/.local/lib/python3.12/site-packages/airflow/example_dags/example_latest_only_with_trigger.py for tasks to queue
[2026-05-19T13:49:59.983+0000] {logging_mixin.py:188} INFO - [2026-05-19T13:49:59.983+0000] {dagbag.py:545} INFO - Filling up the DagBag from /home/airflow/.local/lib/python3.12/site-packages/airflow/example_dags/example_latest_only_with_trigger.py
[2026-05-19T13:49:59.991+0000] {processor.py:840} INFO - DAG(s) 'latest_only_with_trigger' retrieved from /home/airflow/.local/lib/python3.12/site-packages/airflow/example_dags/example_latest_only_with_trigger.py
[2026-05-19T13:50:00.033+0000] {logging_mixin.py:188} INFO - [2026-05-19T13:50:00.033+0000] {dag.py:3096} INFO - Sync 1 DAGs
[2026-05-19T13:50:00.068+0000] {logging_mixin.py:188} INFO - [2026-05-19T13:50:00.067+0000] {dag.py:3954} INFO - Setting next_dagrun for latest_only_with_trigger to 2026-05-19 08:00:00+00:00, run_after=2026-05-19 12:00:00+00:00
[2026-05-19T13:50:00.116+0000] {processor.py:183} INFO - Processing /home/airflow/.local/lib/python3.12/site-packages/airflow/example_dags/example_latest_only_with_trigger.py took 0.145 seconds
[2026-05-19T13:50:30.357+0000] {processor.py:161} INFO - Started process (PID=2362) to work on /home/airflow/.local/lib/python3.12/site-packages/airflow/example_dags/example_latest_only_with_trigger.py
[2026-05-19T13:50:30.359+0000] {processor.py:830} INFO - Processing file /home/airflow/.local/lib/python3.12/site-packages/airflow/example_dags/example_latest_only_with_trigger.py for tasks to queue
[2026-05-19T13:50:30.363+0000] {logging_mixin.py:188} INFO - [2026-05-19T13:50:30.363+0000] {dagbag.py:545} INFO - Filling up the DagBag from /home/airflow/.local/lib/python3.12/site-packages/airflow/example_dags/example_latest_only_with_trigger.py
[2026-05-19T13:50:30.374+0000] {processor.py:840} INFO - DAG(s) 'latest_only_with_trigger' retrieved from /home/airflow/.local/lib/python3.12/site-packages/airflow/example_dags/example_latest_only_with_trigger.py
[2026-05-19T13:50:30.401+0000] {logging_mixin.py:188} INFO - [2026-05-19T13:50:30.401+0000] {dag.py:3096} INFO - Sync 1 DAGs
[2026-05-19T13:50:30.429+0000] {logging_mixin.py:188} INFO - [2026-05-19T13:50:30.428+0000] {dag.py:3954} INFO - Setting next_dagrun for latest_only_with_trigger to 2026-05-19 08:00:00+00:00, run_after=2026-05-19 12:00:00+00:00
[2026-05-19T13:50:30.458+0000] {processor.py:183} INFO - Processing /home/airflow/.local/lib/python3.12/site-packages/airflow/example_dags/example_latest_only_with_trigger.py took 0.109 seconds
[2026-05-19T13:51:01.088+0000] {processor.py:161} INFO - Started process (PID=2421) to work on /home/airflow/.local/lib/python3.12/site-packages/airflow/example_dags/example_latest_only_with_trigger.py
[2026-05-19T13:51:01.090+0000] {processor.py:830} INFO - Processing file /home/airflow/.local/lib/python3.12/site-packages/airflow/example_dags/example_latest_only_with_trigger.py for tasks to queue
[2026-05-19T13:51:01.093+0000] {logging_mixin.py:188} INFO - [2026-05-19T13:51:01.092+0000] {dagbag.py:545} INFO - Filling up the DagBag from /home/airflow/.local/lib/python3.12/site-packages/airflow/example_dags/example_latest_only_with_trigger.py
[2026-05-19T13:51:01.099+0000] {processor.py:840} INFO - DAG(s) 'latest_only_with_trigger' retrieved from /home/airflow/.local/lib/python3.12/site-packages/airflow/example_dags/example_latest_only_with_trigger.py
[2026-05-19T13:51:01.139+0000] {logging_mixin.py:188} INFO - [2026-05-19T13:51:01.138+0000] {dag.py:3096} INFO - Sync 1 DAGs
[2026-05-19T13:51:01.172+0000] {logging_mixin.py:188} INFO - [2026-05-19T13:51:01.172+0000] {dag.py:3954} INFO - Setting next_dagrun for latest_only_with_trigger to 2026-05-19 08:00:00+00:00, run_after=2026-05-19 12:00:00+00:00
[2026-05-19T13:51:01.213+0000] {processor.py:183} INFO - Processing /home/airflow/.local/lib/python3.12/site-packages/airflow/example_dags/example_latest_only_with_trigger.py took 0.132 seconds
[2026-05-19T13:51:31.495+0000] {processor.py:161} INFO - Started process (PID=2480) to work on /home/airflow/.local/lib/python3.12/site-packages/airflow/example_dags/example_latest_only_with_trigger.py
[2026-05-19T13:51:31.496+0000] {processor.py:830} INFO - Processing file /home/airflow/.local/lib/python3.12/site-packages/airflow/example_dags/example_latest_only_with_trigger.py for tasks to queue
[2026-05-19T13:51:31.501+0000] {logging_mixin.py:188} INFO - [2026-05-19T13:51:31.499+0000] {dagbag.py:545} INFO - Filling up the DagBag from /home/airflow/.local/lib/python3.12/site-packages/airflow/example_dags/example_latest_only_with_trigger.py
[2026-05-19T13:51:31.512+0000] {processor.py:840} INFO - DAG(s) 'latest_only_with_trigger' retrieved from /home/airflow/.local/lib/python3.12/site-packages/airflow/example_dags/example_latest_only_with_trigger.py
[2026-05-19T13:51:31.548+0000] {logging_mixin.py:188} INFO - [2026-05-19T13:51:31.548+0000] {dag.py:3096} INFO - Sync 1 DAGs
[2026-05-19T13:51:31.572+0000] {logging_mixin.py:188} INFO - [2026-05-19T13:51:31.572+0000] {dag.py:3954} INFO - Setting next_dagrun for latest_only_with_trigger to 2026-05-19 08:00:00+00:00, run_after=2026-05-19 12:00:00+00:00
[2026-05-19T13:51:31.611+0000] {processor.py:183} INFO - Processing /home/airflow/.local/lib/python3.12/site-packages/airflow/example_dags/example_latest_only_with_trigger.py took 0.124 seconds
[2026-05-19T13:52:01.908+0000] {processor.py:161} INFO - Started process (PID=2539) to work on /home/airflow/.local/lib/python3.12/site-packages/airflow/example_dags/example_latest_only_with_trigger.py
[2026-05-19T13:52:01.909+0000] {processor.py:830} INFO - Processing file /home/airflow/.local/lib/python3.12/site-packages/airflow/example_dags/example_latest_only_with_trigger.py for tasks to queue
[2026-05-19T13:52:01.913+0000] {logging_mixin.py:188} INFO - [2026-05-19T13:52:01.912+0000] {dagbag.py:545} INFO - Filling up the DagBag from /home/airflow/.local/lib/python3.12/site-packages/airflow/example_dags/example_latest_only_with_trigger.py
[2026-05-19T13:52:01.924+0000] {processor.py:840} INFO - DAG(s) 'latest_only_with_trigger' retrieved from /home/airflow/.local/lib/python3.12/site-packages/airflow/example_dags/example_latest_only_with_trigger.py
[2026-05-19T13:52:01.955+0000] {logging_mixin.py:188} INFO - [2026-05-19T13:52:01.955+0000] {dag.py:3096} INFO - Sync 1 DAGs
[2026-05-19T13:52:01.978+0000] {logging_mixin.py:188} INFO - [2026-05-19T13:52:01.978+0000] {dag.py:3954} INFO - Setting next_dagrun for latest_only_with_trigger to 2026-05-19 08:00:00+00:00, run_after=2026-05-19 12:00:00+00:00
[2026-05-19T13:52:02.011+0000] {processor.py:183} INFO - Processing /home/airflow/.local/lib/python3.12/site-packages/airflow/example_dags/example_latest_only_with_trigger.py took 0.108 seconds
[2026-05-19T13:52:32.267+0000] {processor.py:161} INFO - Started process (PID=2598) to work on /home/airflow/.local/lib/python3.12/site-packages/airflow/example_dags/example_latest_only_with_trigger.py
[2026-05-19T13:52:32.271+0000] {processor.py:830} INFO - Processing file /home/airflow/.local/lib/python3.12/site-packages/airflow/example_dags/example_latest_only_with_trigger.py for tasks to queue
[2026-05-19T13:52:32.275+0000] {logging_mixin.py:188} INFO - [2026-05-19T13:52:32.274+0000] {dagbag.py:545} INFO - Filling up the DagBag from /home/airflow/.local/lib/python3.12/site-packages/airflow/example_dags/example_latest_only_with_trigger.py
[2026-05-19T13:52:32.285+0000] {processor.py:840} INFO - DAG(s) 'latest_only_with_trigger' retrieved from /home/airflow/.local/lib/python3.12/site-packages/airflow/example_dags/example_latest_only_with_trigger.py
[2026-05-19T13:52:32.314+0000] {logging_mixin.py:188} INFO - [2026-05-19T13:52:32.314+0000] {dag.py:3096} INFO - Sync 1 DAGs
[2026-05-19T13:52:32.352+0000] {logging_mixin.py:188} INFO - [2026-05-19T13:52:32.352+0000] {dag.py:3954} INFO - Setting next_dagrun for latest_only_with_trigger to 2026-05-19 08:00:00+00:00, run_after=2026-05-19 12:00:00+00:00
[2026-05-19T13:52:32.399+0000] {processor.py:183} INFO - Processing /home/airflow/.local/lib/python3.12/site-packages/airflow/example_dags/example_latest_only_with_trigger.py took 0.138 seconds
[2026-05-19T13:53:02.571+0000] {processor.py:161} INFO - Started process (PID=2657) to work on /home/airflow/.local/lib/python3.12/site-packages/airflow/example_dags/example_latest_only_with_trigger.py
[2026-05-19T13:53:02.573+0000] {processor.py:830} INFO - Processing file /home/airflow/.local/lib/python3.12/site-packages/airflow/example_dags/example_latest_only_with_trigger.py for tasks to queue
[2026-05-19T13:53:02.577+0000] {logging_mixin.py:188} INFO - [2026-05-19T13:53:02.576+0000] {dagbag.py:545} INFO - Filling up the DagBag from /home/airflow/.local/lib/python3.12/site-packages/airflow/example_dags/example_latest_only_with_trigger.py
[2026-05-19T13:53:02.587+0000] {processor.py:840} INFO - DAG(s) 'latest_only_with_trigger' retrieved from /home/airflow/.local/lib/python3.12/site-packages/airflow/example_dags/example_latest_only_with_trigger.py
[2026-05-19T13:53:02.618+0000] {logging_mixin.py:188} INFO - [2026-05-19T13:53:02.618+0000] {dag.py:3096} INFO - Sync 1 DAGs
[2026-05-19T13:53:02.653+0000] {logging_mixin.py:188} INFO - [2026-05-19T13:53:02.653+0000] {dag.py:3954} INFO - Setting next_dagrun for latest_only_with_trigger to 2026-05-19 08:00:00+00:00, run_after=2026-05-19 12:00:00+00:00
[2026-05-19T13:53:02.685+0000] {processor.py:183} INFO - Processing /home/airflow/.local/lib/python3.12/site-packages/airflow/example_dags/example_latest_only_with_trigger.py took 0.128 seconds
[2026-05-19T13:53:32.882+0000] {processor.py:161} INFO - Started process (PID=2716) to work on /home/airflow/.local/lib/python3.12/site-packages/airflow/example_dags/example_latest_only_with_trigger.py
[2026-05-19T13:53:32.883+0000] {processor.py:830} INFO - Processing file /home/airflow/.local/lib/python3.12/site-packages/airflow/example_dags/example_latest_only_with_trigger.py for tasks to queue
[2026-05-19T13:53:32.888+0000] {logging_mixin.py:188} INFO - [2026-05-19T13:53:32.887+0000] {dagbag.py:545} INFO - Filling up the DagBag from /home/airflow/.local/lib/python3.12/site-packages/airflow/example_dags/example_latest_only_with_trigger.py
[2026-05-19T13:53:32.898+0000] {processor.py:840} INFO - DAG(s) 'latest_only_with_trigger' retrieved from /home/airflow/.local/lib/python3.12/site-packages/airflow/example_dags/example_latest_only_with_trigger.py
[2026-05-19T13:53:32.933+0000] {logging_mixin.py:188} INFO - [2026-05-19T13:53:32.933+0000] {dag.py:3096} INFO - Sync 1 DAGs
[2026-05-19T13:53:32.972+0000] {logging_mixin.py:188} INFO - [2026-05-19T13:53:32.972+0000] {dag.py:3954} INFO - Setting next_dagrun for latest_only_with_trigger to 2026-05-19 08:00:00+00:00, run_after=2026-05-19 12:00:00+00:00
[2026-05-19T13:53:33.011+0000] {processor.py:183} INFO - Processing /home/airflow/.local/lib/python3.12/site-packages/airflow/example_dags/example_latest_only_with_trigger.py took 0.140 seconds
[2026-05-19T13:54:03.231+0000] {processor.py:161} INFO - Started process (PID=2774) to work on /home/airflow/.local/lib/python3.12/site-packages/airflow/example_dags/example_latest_only_with_trigger.py
[2026-05-19T13:54:03.233+0000] {processor.py:830} INFO - Processing file /home/airflow/.local/lib/python3.12/site-packages/airflow/example_dags/example_latest_only_with_trigger.py for tasks to queue
[2026-05-19T13:54:03.236+0000] {logging_mixin.py:188} INFO - [2026-05-19T13:54:03.236+0000] {dagbag.py:545} INFO - Filling up the DagBag from /home/airflow/.local/lib/python3.12/site-packages/airflow/example_dags/example_latest_only_with_trigger.py
[2026-05-19T13:54:03.245+0000] {processor.py:840} INFO - DAG(s) 'latest_only_with_trigger' retrieved from /home/airflow/.local/lib/python3.12/site-packages/airflow/example_dags/example_latest_only_with_trigger.py
[2026-05-19T13:54:03.272+0000] {logging_mixin.py:188} INFO - [2026-05-19T13:54:03.272+0000] {dag.py:3096} INFO - Sync 1 DAGs
[2026-05-19T13:54:03.303+0000] {logging_mixin.py:188} INFO - [2026-05-19T13:54:03.303+0000] {dag.py:3954} INFO - Setting next_dagrun for latest_only_with_trigger to 2026-05-19 08:00:00+00:00, run_after=2026-05-19 12:00:00+00:00
[2026-05-19T13:54:03.333+0000] {processor.py:183} INFO - Processing /home/airflow/.local/lib/python3.12/site-packages/airflow/example_dags/example_latest_only_with_trigger.py took 0.111 seconds
[2026-05-19T13:54:34.525+0000] {processor.py:161} INFO - Started process (PID=2833) to work on /home/airflow/.local/lib/python3.12/site-packages/airflow/example_dags/example_latest_only_with_trigger.py
[2026-05-19T13:54:34.538+0000] {processor.py:830} INFO - Processing file /home/airflow/.local/lib/python3.12/site-packages/airflow/example_dags/example_latest_only_with_trigger.py for tasks to queue
[2026-05-19T13:54:34.553+0000] {logging_mixin.py:188} INFO - [2026-05-19T13:54:34.550+0000] {dagbag.py:545} INFO - Filling up the DagBag from /home/airflow/.local/lib/python3.12/site-packages/airflow/example_dags/example_latest_only_with_trigger.py
[2026-05-19T13:54:34.610+0000] {processor.py:840} INFO - DAG(s) 'latest_only_with_trigger' retrieved from /home/airflow/.local/lib/python3.12/site-packages/airflow/example_dags/example_latest_only_with_trigger.py
[2026-05-19T13:54:34.693+0000] {logging_mixin.py:188} INFO - [2026-05-19T13:54:34.692+0000] {dag.py:3096} INFO - Sync 1 DAGs
[2026-05-19T13:54:34.803+0000] {logging_mixin.py:188} INFO - [2026-05-19T13:54:34.803+0000] {dag.py:3954} INFO - Setting next_dagrun for latest_only_with_trigger to 2026-05-19 08:00:00+00:00, run_after=2026-05-19 12:00:00+00:00
[2026-05-19T13:54:34.902+0000] {processor.py:183} INFO - Processing /home/airflow/.local/lib/python3.12/site-packages/airflow/example_dags/example_latest_only_with_trigger.py took 0.406 seconds
[2026-05-19T13:55:05.746+0000] {processor.py:161} INFO - Started process (PID=2893) to work on /home/airflow/.local/lib/python3.12/site-packages/airflow/example_dags/example_latest_only_with_trigger.py
[2026-05-19T13:55:05.750+0000] {processor.py:830} INFO - Processing file /home/airflow/.local/lib/python3.12/site-packages/airflow/example_dags/example_latest_only_with_trigger.py for tasks to queue
[2026-05-19T13:55:05.756+0000] {logging_mixin.py:188} INFO - [2026-05-19T13:55:05.755+0000] {dagbag.py:545} INFO - Filling up the DagBag from /home/airflow/.local/lib/python3.12/site-packages/airflow/example_dags/example_latest_only_with_trigger.py
[2026-05-19T13:55:05.771+0000] {processor.py:840} INFO - DAG(s) 'latest_only_with_trigger' retrieved from /home/airflow/.local/lib/python3.12/site-packages/airflow/example_dags/example_latest_only_with_trigger.py
[2026-05-19T13:55:05.808+0000] {logging_mixin.py:188} INFO - [2026-05-19T13:55:05.807+0000] {dag.py:3096} INFO - Sync 1 DAGs
[2026-05-19T13:55:05.845+0000] {logging_mixin.py:188} INFO - [2026-05-19T13:55:05.845+0000] {dag.py:3954} INFO - Setting next_dagrun for latest_only_with_trigger to 2026-05-19 08:00:00+00:00, run_after=2026-05-19 12:00:00+00:00
[2026-05-19T13:55:05.900+0000] {processor.py:183} INFO - Processing /home/airflow/.local/lib/python3.12/site-packages/airflow/example_dags/example_latest_only_with_trigger.py took 0.166 seconds
[2026-05-19T13:55:36.505+0000] {processor.py:161} INFO - Started process (PID=2952) to work on /home/airflow/.local/lib/python3.12/site-packages/airflow/example_dags/example_latest_only_with_trigger.py
[2026-05-19T13:55:36.507+0000] {processor.py:830} INFO - Processing file /home/airflow/.local/lib/python3.12/site-packages/airflow/example_dags/example_latest_only_with_trigger.py for tasks to queue
[2026-05-19T13:55:36.509+0000] {logging_mixin.py:188} INFO - [2026-05-19T13:55:36.509+0000] {dagbag.py:545} INFO - Filling up the DagBag from /home/airflow/.local/lib/python3.12/site-packages/airflow/example_dags/example_latest_only_with_trigger.py
[2026-05-19T13:55:36.514+0000] {processor.py:840} INFO - DAG(s) 'latest_only_with_trigger' retrieved from /home/airflow/.local/lib/python3.12/site-packages/airflow/example_dags/example_latest_only_with_trigger.py
[2026-05-19T13:55:36.554+0000] {logging_mixin.py:188} INFO - [2026-05-19T13:55:36.553+0000] {dag.py:3096} INFO - Sync 1 DAGs
[2026-05-19T13:55:36.588+0000] {logging_mixin.py:188} INFO - [2026-05-19T13:55:36.588+0000] {dag.py:3954} INFO - Setting next_dagrun for latest_only_with_trigger to 2026-05-19 08:00:00+00:00, run_after=2026-05-19 12:00:00+00:00
[2026-05-19T13:55:36.627+0000] {processor.py:183} INFO - Processing /home/airflow/.local/lib/python3.12/site-packages/airflow/example_dags/example_latest_only_with_trigger.py took 0.131 seconds
[2026-05-19T13:56:06.959+0000] {processor.py:161} INFO - Started process (PID=3011) to work on /home/airflow/.local/lib/python3.12/site-packages/airflow/example_dags/example_latest_only_with_trigger.py
[2026-05-19T13:56:06.960+0000] {processor.py:830} INFO - Processing file /home/airflow/.local/lib/python3.12/site-packages/airflow/example_dags/example_latest_only_with_trigger.py for tasks to queue
[2026-05-19T13:56:06.962+0000] {logging_mixin.py:188} INFO - [2026-05-19T13:56:06.962+0000] {dagbag.py:545} INFO - Filling up the DagBag from /home/airflow/.local/lib/python3.12/site-packages/airflow/example_dags/example_latest_only_with_trigger.py
[2026-05-19T13:56:06.969+0000] {processor.py:840} INFO - DAG(s) 'latest_only_with_trigger' retrieved from /home/airflow/.local/lib/python3.12/site-packages/airflow/example_dags/example_latest_only_with_trigger.py
[2026-05-19T13:56:06.996+0000] {logging_mixin.py:188} INFO - [2026-05-19T13:56:06.995+0000] {dag.py:3096} INFO - Sync 1 DAGs
[2026-05-19T13:56:07.024+0000] {logging_mixin.py:188} INFO - [2026-05-19T13:56:07.024+0000] {dag.py:3954} INFO - Setting next_dagrun for latest_only_with_trigger to 2026-05-19 08:00:00+00:00, run_after=2026-05-19 12:00:00+00:00
[2026-05-19T13:56:07.050+0000] {processor.py:183} INFO - Processing /home/airflow/.local/lib/python3.12/site-packages/airflow/example_dags/example_latest_only_with_trigger.py took 0.102 seconds
[2026-05-19T13:56:37.203+0000] {processor.py:161} INFO - Started process (PID=3069) to work on /home/airflow/.local/lib/python3.12/site-packages/airflow/example_dags/example_latest_only_with_trigger.py
[2026-05-19T13:56:37.204+0000] {processor.py:830} INFO - Processing file /home/airflow/.local/lib/python3.12/site-packages/airflow/example_dags/example_latest_only_with_trigger.py for tasks to queue
[2026-05-19T13:56:37.207+0000] {logging_mixin.py:188} INFO - [2026-05-19T13:56:37.206+0000] {dagbag.py:545} INFO - Filling up the DagBag from /home/airflow/.local/lib/python3.12/site-packages/airflow/example_dags/example_latest_only_with_trigger.py
[2026-05-19T13:56:37.212+0000] {processor.py:840} INFO - DAG(s) 'latest_only_with_trigger' retrieved from /home/airflow/.local/lib/python3.12/site-packages/airflow/example_dags/example_latest_only_with_trigger.py
[2026-05-19T13:56:37.244+0000] {logging_mixin.py:188} INFO - [2026-05-19T13:56:37.244+0000] {dag.py:3096} INFO - Sync 1 DAGs
[2026-05-19T13:56:37.269+0000] {logging_mixin.py:188} INFO - [2026-05-19T13:56:37.269+0000] {dag.py:3954} INFO - Setting next_dagrun for latest_only_with_trigger to 2026-05-19 08:00:00+00:00, run_after=2026-05-19 12:00:00+00:00
[2026-05-19T13:56:37.297+0000] {processor.py:183} INFO - Processing /home/airflow/.local/lib/python3.12/site-packages/airflow/example_dags/example_latest_only_with_trigger.py took 0.100 seconds
[2026-05-19T13:57:07.683+0000] {processor.py:161} INFO - Started process (PID=3128) to work on /home/airflow/.local/lib/python3.12/site-packages/airflow/example_dags/example_latest_only_with_trigger.py
[2026-05-19T13:57:07.685+0000] {processor.py:830} INFO - Processing file /home/airflow/.local/lib/python3.12/site-packages/airflow/example_dags/example_latest_only_with_trigger.py for tasks to queue
[2026-05-19T13:57:07.688+0000] {logging_mixin.py:188} INFO - [2026-05-19T13:57:07.688+0000] {dagbag.py:545} INFO - Filling up the DagBag from /home/airflow/.local/lib/python3.12/site-packages/airflow/example_dags/example_latest_only_with_trigger.py
[2026-05-19T13:57:07.697+0000] {processor.py:840} INFO - DAG(s) 'latest_only_with_trigger' retrieved from /home/airflow/.local/lib/python3.12/site-packages/airflow/example_dags/example_latest_only_with_trigger.py
[2026-05-19T13:57:07.746+0000] {logging_mixin.py:188} INFO - [2026-05-19T13:57:07.745+0000] {dag.py:3096} INFO - Sync 1 DAGs
[2026-05-19T13:57:07.790+0000] {logging_mixin.py:188} INFO - [2026-05-19T13:57:07.790+0000] {dag.py:3954} INFO - Setting next_dagrun for latest_only_with_trigger to 2026-05-19 08:00:00+00:00, run_after=2026-05-19 12:00:00+00:00
[2026-05-19T13:57:07.823+0000] {processor.py:183} INFO - Processing /home/airflow/.local/lib/python3.12/site-packages/airflow/example_dags/example_latest_only_with_trigger.py took 0.149 seconds
[2026-05-19T13:57:37.949+0000] {processor.py:161} INFO - Started process (PID=3187) to work on /home/airflow/.local/lib/python3.12/site-packages/airflow/example_dags/example_latest_only_with_trigger.py
[2026-05-19T13:57:37.950+0000] {processor.py:830} INFO - Processing file /home/airflow/.local/lib/python3.12/site-packages/airflow/example_dags/example_latest_only_with_trigger.py for tasks to queue
[2026-05-19T13:57:37.952+0000] {logging_mixin.py:188} INFO - [2026-05-19T13:57:37.952+0000] {dagbag.py:545} INFO - Filling up the DagBag from /home/airflow/.local/lib/python3.12/site-packages/airflow/example_dags/example_latest_only_with_trigger.py
[2026-05-19T13:57:37.959+0000] {processor.py:840} INFO - DAG(s) 'latest_only_with_trigger' retrieved from /home/airflow/.local/lib/python3.12/site-packages/airflow/example_dags/example_latest_only_with_trigger.py
[2026-05-19T13:57:37.987+0000] {logging_mixin.py:188} INFO - [2026-05-19T13:57:37.987+0000] {dag.py:3096} INFO - Sync 1 DAGs
[2026-05-19T13:57:38.013+0000] {logging_mixin.py:188} INFO - [2026-05-19T13:57:38.013+0000] {dag.py:3954} INFO - Setting next_dagrun for latest_only_with_trigger to 2026-05-19 08:00:00+00:00, run_after=2026-05-19 12:00:00+00:00
[2026-05-19T13:57:38.039+0000] {processor.py:183} INFO - Processing /home/airflow/.local/lib/python3.12/site-packages/airflow/example_dags/example_latest_only_with_trigger.py took 0.096 seconds
[2026-05-19T13:58:08.196+0000] {processor.py:161} INFO - Started process (PID=3246) to work on /home/airflow/.local/lib/python3.12/site-packages/airflow/example_dags/example_latest_only_with_trigger.py
[2026-05-19T13:58:08.197+0000] {processor.py:830} INFO - Processing file /home/airflow/.local/lib/python3.12/site-packages/airflow/example_dags/example_latest_only_with_trigger.py for tasks to queue
[2026-05-19T13:58:08.202+0000] {logging_mixin.py:188} INFO - [2026-05-19T13:58:08.201+0000] {dagbag.py:545} INFO - Filling up the DagBag from /home/airflow/.local/lib/python3.12/site-packages/airflow/example_dags/example_latest_only_with_trigger.py
[2026-05-19T13:58:08.209+0000] {processor.py:840} INFO - DAG(s) 'latest_only_with_trigger' retrieved from /home/airflow/.local/lib/python3.12/site-packages/airflow/example_dags/example_latest_only_with_trigger.py
[2026-05-19T13:58:08.235+0000] {logging_mixin.py:188} INFO - [2026-05-19T13:58:08.234+0000] {dag.py:3096} INFO - Sync 1 DAGs
[2026-05-19T13:58:08.269+0000] {logging_mixin.py:188} INFO - [2026-05-19T13:58:08.269+0000] {dag.py:3954} INFO - Setting next_dagrun for latest_only_with_trigger to 2026-05-19 08:00:00+00:00, run_after=2026-05-19 12:00:00+00:00
[2026-05-19T13:58:08.292+0000] {processor.py:183} INFO - Processing /home/airflow/.local/lib/python3.12/site-packages/airflow/example_dags/example_latest_only_with_trigger.py took 0.103 seconds
[2026-05-19T13:58:39.035+0000] {processor.py:161} INFO - Started process (PID=3305) to work on /home/airflow/.local/lib/python3.12/site-packages/airflow/example_dags/example_latest_only_with_trigger.py
[2026-05-19T13:58:39.037+0000] {processor.py:830} INFO - Processing file /home/airflow/.local/lib/python3.12/site-packages/airflow/example_dags/example_latest_only_with_trigger.py for tasks to queue
[2026-05-19T13:58:39.039+0000] {logging_mixin.py:188} INFO - [2026-05-19T13:58:39.039+0000] {dagbag.py:545} INFO - Filling up the DagBag from /home/airflow/.local/lib/python3.12/site-packages/airflow/example_dags/example_latest_only_with_trigger.py
[2026-05-19T13:58:39.045+0000] {processor.py:840} INFO - DAG(s) 'latest_only_with_trigger' retrieved from /home/airflow/.local/lib/python3.12/site-packages/airflow/example_dags/example_latest_only_with_trigger.py
[2026-05-19T13:58:39.076+0000] {logging_mixin.py:188} INFO - [2026-05-19T13:58:39.075+0000] {dag.py:3096} INFO - Sync 1 DAGs
[2026-05-19T13:58:39.103+0000] {logging_mixin.py:188} INFO - [2026-05-19T13:58:39.102+0000] {dag.py:3954} INFO - Setting next_dagrun for latest_only_with_trigger to 2026-05-19 08:00:00+00:00, run_after=2026-05-19 12:00:00+00:00
[2026-05-19T13:58:39.131+0000] {processor.py:183} INFO - Processing /home/airflow/.local/lib/python3.12/site-packages/airflow/example_dags/example_latest_only_with_trigger.py took 0.101 seconds
[2026-05-19T13:59:09.378+0000] {processor.py:161} INFO - Started process (PID=3364) to work on /home/airflow/.local/lib/python3.12/site-packages/airflow/example_dags/example_latest_only_with_trigger.py
[2026-05-19T13:59:09.379+0000] {processor.py:830} INFO - Processing file /home/airflow/.local/lib/python3.12/site-packages/airflow/example_dags/example_latest_only_with_trigger.py for tasks to queue
[2026-05-19T13:59:09.383+0000] {logging_mixin.py:188} INFO - [2026-05-19T13:59:09.382+0000] {dagbag.py:545} INFO - Filling up the DagBag from /home/airflow/.local/lib/python3.12/site-packages/airflow/example_dags/example_latest_only_with_trigger.py
[2026-05-19T13:59:09.390+0000] {processor.py:840} INFO - DAG(s) 'latest_only_with_trigger' retrieved from /home/airflow/.local/lib/python3.12/site-packages/airflow/example_dags/example_latest_only_with_trigger.py
[2026-05-19T13:59:09.426+0000] {logging_mixin.py:188} INFO - [2026-05-19T13:59:09.426+0000] {dag.py:3096} INFO - Sync 1 DAGs
[2026-05-19T13:59:09.459+0000] {logging_mixin.py:188} INFO - [2026-05-19T13:59:09.459+0000] {dag.py:3954} INFO - Setting next_dagrun for latest_only_with_trigger to 2026-05-19 08:00:00+00:00, run_after=2026-05-19 12:00:00+00:00
[2026-05-19T13:59:09.494+0000] {processor.py:183} INFO - Processing /home/airflow/.local/lib/python3.12/site-packages/airflow/example_dags/example_latest_only_with_trigger.py took 0.123 seconds
[2026-05-19T13:59:40.274+0000] {processor.py:161} INFO - Started process (PID=3423) to work on /home/airflow/.local/lib/python3.12/site-packages/airflow/example_dags/example_latest_only_with_trigger.py
[2026-05-19T13:59:40.276+0000] {processor.py:830} INFO - Processing file /home/airflow/.local/lib/python3.12/site-packages/airflow/example_dags/example_latest_only_with_trigger.py for tasks to queue
[2026-05-19T13:59:40.295+0000] {logging_mixin.py:188} INFO - [2026-05-19T13:59:40.295+0000] {dagbag.py:545} INFO - Filling up the DagBag from /home/airflow/.local/lib/python3.12/site-packages/airflow/example_dags/example_latest_only_with_trigger.py
[2026-05-19T13:59:40.318+0000] {processor.py:840} INFO - DAG(s) 'latest_only_with_trigger' retrieved from /home/airflow/.local/lib/python3.12/site-packages/airflow/example_dags/example_latest_only_with_trigger.py
[2026-05-19T13:59:40.438+0000] {logging_mixin.py:188} INFO - [2026-05-19T13:59:40.435+0000] {dag.py:3096} INFO - Sync 1 DAGs
[2026-05-19T13:59:40.578+0000] {logging_mixin.py:188} INFO - [2026-05-19T13:59:40.577+0000] {dag.py:3954} INFO - Setting next_dagrun for latest_only_with_trigger to 2026-05-19 08:00:00+00:00, run_after=2026-05-19 12:00:00+00:00
[2026-05-19T13:59:40.667+0000] {processor.py:183} INFO - Processing /home/airflow/.local/lib/python3.12/site-packages/airflow/example_dags/example_latest_only_with_trigger.py took 0.414 seconds
[2026-05-19T14:00:11.355+0000] {processor.py:161} INFO - Started process (PID=3483) to work on /home/airflow/.local/lib/python3.12/site-packages/airflow/example_dags/example_latest_only_with_trigger.py
[2026-05-19T14:00:11.357+0000] {processor.py:830} INFO - Processing file /home/airflow/.local/lib/python3.12/site-packages/airflow/example_dags/example_latest_only_with_trigger.py for tasks to queue
[2026-05-19T14:00:11.361+0000] {logging_mixin.py:188} INFO - [2026-05-19T14:00:11.360+0000] {dagbag.py:545} INFO - Filling up the DagBag from /home/airflow/.local/lib/python3.12/site-packages/airflow/example_dags/example_latest_only_with_trigger.py
[2026-05-19T14:00:11.370+0000] {processor.py:840} INFO - DAG(s) 'latest_only_with_trigger' retrieved from /home/airflow/.local/lib/python3.12/site-packages/airflow/example_dags/example_latest_only_with_trigger.py
[2026-05-19T14:00:11.397+0000] {logging_mixin.py:188} INFO - [2026-05-19T14:00:11.396+0000] {dag.py:3096} INFO - Sync 1 DAGs
[2026-05-19T14:00:11.428+0000] {logging_mixin.py:188} INFO - [2026-05-19T14:00:11.427+0000] {dag.py:3954} INFO - Setting next_dagrun for latest_only_with_trigger to 2026-05-19 08:00:00+00:00, run_after=2026-05-19 12:00:00+00:00
[2026-05-19T14:00:11.457+0000] {processor.py:183} INFO - Processing /home/airflow/.local/lib/python3.12/site-packages/airflow/example_dags/example_latest_only_with_trigger.py took 0.109 seconds
[2026-05-19T14:00:41.845+0000] {processor.py:161} INFO - Started process (PID=3542) to work on /home/airflow/.local/lib/python3.12/site-packages/airflow/example_dags/example_latest_only_with_trigger.py
[2026-05-19T14:00:41.847+0000] {processor.py:830} INFO - Processing file /home/airflow/.local/lib/python3.12/site-packages/airflow/example_dags/example_latest_only_with_trigger.py for tasks to queue
[2026-05-19T14:00:41.852+0000] {logging_mixin.py:188} INFO - [2026-05-19T14:00:41.851+0000] {dagbag.py:545} INFO - Filling up the DagBag from /home/airflow/.local/lib/python3.12/site-packages/airflow/example_dags/example_latest_only_with_trigger.py
[2026-05-19T14:00:41.860+0000] {processor.py:840} INFO - DAG(s) 'latest_only_with_trigger' retrieved from /home/airflow/.local/lib/python3.12/site-packages/airflow/example_dags/example_latest_only_with_trigger.py
[2026-05-19T14:00:41.888+0000] {logging_mixin.py:188} INFO - [2026-05-19T14:00:41.888+0000] {dag.py:3096} INFO - Sync 1 DAGs
[2026-05-19T14:00:41.923+0000] {logging_mixin.py:188} INFO - [2026-05-19T14:00:41.922+0000] {dag.py:3954} INFO - Setting next_dagrun for latest_only_with_trigger to 2026-05-19 08:00:00+00:00, run_after=2026-05-19 12:00:00+00:00
[2026-05-19T14:00:41.952+0000] {processor.py:183} INFO - Processing /home/airflow/.local/lib/python3.12/site-packages/airflow/example_dags/example_latest_only_with_trigger.py took 0.117 seconds
[2026-05-19T14:01:12.403+0000] {processor.py:161} INFO - Started process (PID=3602) to work on /home/airflow/.local/lib/python3.12/site-packages/airflow/example_dags/example_latest_only_with_trigger.py
[2026-05-19T14:01:12.410+0000] {processor.py:830} INFO - Processing file /home/airflow/.local/lib/python3.12/site-packages/airflow/example_dags/example_latest_only_with_trigger.py for tasks to queue
[2026-05-19T14:01:12.416+0000] {logging_mixin.py:188} INFO - [2026-05-19T14:01:12.415+0000] {dagbag.py:545} INFO - Filling up the DagBag from /home/airflow/.local/lib/python3.12/site-packages/airflow/example_dags/example_latest_only_with_trigger.py
[2026-05-19T14:01:12.428+0000] {processor.py:840} INFO - DAG(s) 'latest_only_with_trigger' retrieved from /home/airflow/.local/lib/python3.12/site-packages/airflow/example_dags/example_latest_only_with_trigger.py
[2026-05-19T14:01:12.498+0000] {logging_mixin.py:188} INFO - [2026-05-19T14:01:12.497+0000] {dag.py:3096} INFO - Sync 1 DAGs
[2026-05-19T14:01:12.551+0000] {logging_mixin.py:188} INFO - [2026-05-19T14:01:12.550+0000] {dag.py:3954} INFO - Setting next_dagrun for latest_only_with_trigger to 2026-05-19 08:00:00+00:00, run_after=2026-05-19 12:00:00+00:00
[2026-05-19T14:01:12.621+0000] {processor.py:183} INFO - Processing /home/airflow/.local/lib/python3.12/site-packages/airflow/example_dags/example_latest_only_with_trigger.py took 0.245 seconds
[2026-05-19T14:01:43.391+0000] {processor.py:161} INFO - Started process (PID=3661) to work on /home/airflow/.local/lib/python3.12/site-packages/airflow/example_dags/example_latest_only_with_trigger.py
[2026-05-19T14:01:43.395+0000] {processor.py:830} INFO - Processing file /home/airflow/.local/lib/python3.12/site-packages/airflow/example_dags/example_latest_only_with_trigger.py for tasks to queue
[2026-05-19T14:01:43.402+0000] {logging_mixin.py:188} INFO - [2026-05-19T14:01:43.400+0000] {dagbag.py:545} INFO - Filling up the DagBag from /home/airflow/.local/lib/python3.12/site-packages/airflow/example_dags/example_latest_only_with_trigger.py
[2026-05-19T14:01:43.423+0000] {processor.py:840} INFO - DAG(s) 'latest_only_with_trigger' retrieved from /home/airflow/.local/lib/python3.12/site-packages/airflow/example_dags/example_latest_only_with_trigger.py
[2026-05-19T14:01:43.487+0000] {logging_mixin.py:188} INFO - [2026-05-19T14:01:43.486+0000] {dag.py:3096} INFO - Sync 1 DAGs
[2026-05-19T14:01:43.544+0000] {logging_mixin.py:188} INFO - [2026-05-19T14:01:43.543+0000] {dag.py:3954} INFO - Setting next_dagrun for latest_only_with_trigger to 2026-05-19 08:00:00+00:00, run_after=2026-05-19 12:00:00+00:00
[2026-05-19T14:01:43.596+0000] {processor.py:183} INFO - Processing /home/airflow/.local/lib/python3.12/site-packages/airflow/example_dags/example_latest_only_with_trigger.py took 0.222 seconds
[2026-05-19T14:02:16.185+0000] {processor.py:161} INFO - Started process (PID=3720) to work on /home/airflow/.local/lib/python3.12/site-packages/airflow/example_dags/example_latest_only_with_trigger.py
[2026-05-19T14:02:16.189+0000] {processor.py:830} INFO - Processing file /home/airflow/.local/lib/python3.12/site-packages/airflow/example_dags/example_latest_only_with_trigger.py for tasks to queue
[2026-05-19T14:02:16.196+0000] {logging_mixin.py:188} INFO - [2026-05-19T14:02:16.195+0000] {dagbag.py:545} INFO - Filling up the DagBag from /home/airflow/.local/lib/python3.12/site-packages/airflow/example_dags/example_latest_only_with_trigger.py
[2026-05-19T14:02:16.210+0000] {processor.py:840} INFO - DAG(s) 'latest_only_with_trigger' retrieved from /home/airflow/.local/lib/python3.12/site-packages/airflow/example_dags/example_latest_only_with_trigger.py
[2026-05-19T14:02:16.268+0000] {logging_mixin.py:188} INFO - [2026-05-19T14:02:16.267+0000] {dag.py:3096} INFO - Sync 1 DAGs
[2026-05-19T14:02:16.376+0000] {logging_mixin.py:188} INFO - [2026-05-19T14:02:16.376+0000] {dag.py:3954} INFO - Setting next_dagrun for latest_only_with_trigger to 2026-05-19 08:00:00+00:00, run_after=2026-05-19 12:00:00+00:00
[2026-05-19T14:02:16.445+0000] {processor.py:183} INFO - Processing /home/airflow/.local/lib/python3.12/site-packages/airflow/example_dags/example_latest_only_with_trigger.py took 0.273 seconds
[2026-05-19T14:02:46.637+0000] {processor.py:161} INFO - Started process (PID=3778) to work on /home/airflow/.local/lib/python3.12/site-packages/airflow/example_dags/example_latest_only_with_trigger.py
[2026-05-19T14:02:46.639+0000] {processor.py:830} INFO - Processing file /home/airflow/.local/lib/python3.12/site-packages/airflow/example_dags/example_latest_only_with_trigger.py for tasks to queue
[2026-05-19T14:02:46.643+0000] {logging_mixin.py:188} INFO - [2026-05-19T14:02:46.642+0000] {dagbag.py:545} INFO - Filling up the DagBag from /home/airflow/.local/lib/python3.12/site-packages/airflow/example_dags/example_latest_only_with_trigger.py
[2026-05-19T14:02:46.651+0000] {processor.py:840} INFO - DAG(s) 'latest_only_with_trigger' retrieved from /home/airflow/.local/lib/python3.12/site-packages/airflow/example_dags/example_latest_only_with_trigger.py
[2026-05-19T14:02:46.674+0000] {logging_mixin.py:188} INFO - [2026-05-19T14:02:46.674+0000] {dag.py:3096} INFO - Sync 1 DAGs
[2026-05-19T14:02:46.700+0000] {logging_mixin.py:188} INFO - [2026-05-19T14:02:46.700+0000] {dag.py:3954} INFO - Setting next_dagrun for latest_only_with_trigger to 2026-05-19 08:00:00+00:00, run_after=2026-05-19 12:00:00+00:00
[2026-05-19T14:02:46.727+0000] {processor.py:183} INFO - Processing /home/airflow/.local/lib/python3.12/site-packages/airflow/example_dags/example_latest_only_with_trigger.py took 0.097 seconds
[2026-05-19T14:03:16.852+0000] {processor.py:161} INFO - Started process (PID=3836) to work on /home/airflow/.local/lib/python3.12/site-packages/airflow/example_dags/example_latest_only_with_trigger.py
[2026-05-19T14:03:16.854+0000] {processor.py:830} INFO - Processing file /home/airflow/.local/lib/python3.12/site-packages/airflow/example_dags/example_latest_only_with_trigger.py for tasks to queue
[2026-05-19T14:03:16.857+0000] {logging_mixin.py:188} INFO - [2026-05-19T14:03:16.856+0000] {dagbag.py:545} INFO - Filling up the DagBag from /home/airflow/.local/lib/python3.12/site-packages/airflow/example_dags/example_latest_only_with_trigger.py
[2026-05-19T14:03:16.865+0000] {processor.py:840} INFO - DAG(s) 'latest_only_with_trigger' retrieved from /home/airflow/.local/lib/python3.12/site-packages/airflow/example_dags/example_latest_only_with_trigger.py
[2026-05-19T14:03:16.885+0000] {logging_mixin.py:188} INFO - [2026-05-19T14:03:16.885+0000] {dag.py:3096} INFO - Sync 1 DAGs
[2026-05-19T14:03:16.907+0000] {logging_mixin.py:188} INFO - [2026-05-19T14:03:16.907+0000] {dag.py:3954} INFO - Setting next_dagrun for latest_only_with_trigger to 2026-05-19 08:00:00+00:00, run_after=2026-05-19 12:00:00+00:00
[2026-05-19T14:03:16.943+0000] {processor.py:183} INFO - Processing /home/airflow/.local/lib/python3.12/site-packages/airflow/example_dags/example_latest_only_with_trigger.py took 0.098 seconds
[2026-05-19T14:03:47.612+0000] {processor.py:161} INFO - Started process (PID=3895) to work on /home/airflow/.local/lib/python3.12/site-packages/airflow/example_dags/example_latest_only_with_trigger.py
[2026-05-19T14:03:47.614+0000] {processor.py:830} INFO - Processing file /home/airflow/.local/lib/python3.12/site-packages/airflow/example_dags/example_latest_only_with_trigger.py for tasks to queue
[2026-05-19T14:03:47.615+0000] {logging_mixin.py:188} INFO - [2026-05-19T14:03:47.615+0000] {dagbag.py:545} INFO - Filling up the DagBag from /home/airflow/.local/lib/python3.12/site-packages/airflow/example_dags/example_latest_only_with_trigger.py
[2026-05-19T14:03:47.620+0000] {processor.py:840} INFO - DAG(s) 'latest_only_with_trigger' retrieved from /home/airflow/.local/lib/python3.12/site-packages/airflow/example_dags/example_latest_only_with_trigger.py
[2026-05-19T14:03:47.639+0000] {logging_mixin.py:188} INFO - [2026-05-19T14:03:47.639+0000] {dag.py:3096} INFO - Sync 1 DAGs
[2026-05-19T14:03:47.665+0000] {logging_mixin.py:188} INFO - [2026-05-19T14:03:47.665+0000] {dag.py:3954} INFO - Setting next_dagrun for latest_only_with_trigger to 2026-05-19 08:00:00+00:00, run_after=2026-05-19 12:00:00+00:00
[2026-05-19T14:03:47.684+0000] {processor.py:183} INFO - Processing /home/airflow/.local/lib/python3.12/site-packages/airflow/example_dags/example_latest_only_with_trigger.py took 0.078 seconds
[2026-05-19T14:04:18.069+0000] {processor.py:161} INFO - Started process (PID=3954) to work on /home/airflow/.local/lib/python3.12/site-packages/airflow/example_dags/example_latest_only_with_trigger.py
[2026-05-19T14:04:18.070+0000] {processor.py:830} INFO - Processing file /home/airflow/.local/lib/python3.12/site-packages/airflow/example_dags/example_latest_only_with_trigger.py for tasks to queue
[2026-05-19T14:04:18.074+0000] {logging_mixin.py:188} INFO - [2026-05-19T14:04:18.074+0000] {dagbag.py:545} INFO - Filling up the DagBag from /home/airflow/.local/lib/python3.12/site-packages/airflow/example_dags/example_latest_only_with_trigger.py
[2026-05-19T14:04:18.083+0000] {processor.py:840} INFO - DAG(s) 'latest_only_with_trigger' retrieved from /home/airflow/.local/lib/python3.12/site-packages/airflow/example_dags/example_latest_only_with_trigger.py
[2026-05-19T14:04:18.106+0000] {logging_mixin.py:188} INFO - [2026-05-19T14:04:18.106+0000] {dag.py:3096} INFO - Sync 1 DAGs
[2026-05-19T14:04:18.131+0000] {logging_mixin.py:188} INFO - [2026-05-19T14:04:18.130+0000] {dag.py:3954} INFO - Setting next_dagrun for latest_only_with_trigger to 2026-05-19 08:00:00+00:00, run_after=2026-05-19 12:00:00+00:00
[2026-05-19T14:04:18.157+0000] {processor.py:183} INFO - Processing /home/airflow/.local/lib/python3.12/site-packages/airflow/example_dags/example_latest_only_with_trigger.py took 0.096 seconds
[2026-05-19T14:04:48.537+0000] {processor.py:161} INFO - Started process (PID=4013) to work on /home/airflow/.local/lib/python3.12/site-packages/airflow/example_dags/example_latest_only_with_trigger.py
[2026-05-19T14:04:48.538+0000] {processor.py:830} INFO - Processing file /home/airflow/.local/lib/python3.12/site-packages/airflow/example_dags/example_latest_only_with_trigger.py for tasks to queue
[2026-05-19T14:04:48.543+0000] {logging_mixin.py:188} INFO - [2026-05-19T14:04:48.541+0000] {dagbag.py:545} INFO - Filling up the DagBag from /home/airflow/.local/lib/python3.12/site-packages/airflow/example_dags/example_latest_only_with_trigger.py
[2026-05-19T14:04:48.556+0000] {processor.py:840} INFO - DAG(s) 'latest_only_with_trigger' retrieved from /home/airflow/.local/lib/python3.12/site-packages/airflow/example_dags/example_latest_only_with_trigger.py
[2026-05-19T14:04:48.602+0000] {logging_mixin.py:188} INFO - [2026-05-19T14:04:48.602+0000] {dag.py:3096} INFO - Sync 1 DAGs
[2026-05-19T14:04:48.638+0000] {logging_mixin.py:188} INFO - [2026-05-19T14:04:48.637+0000] {dag.py:3954} INFO - Setting next_dagrun for latest_only_with_trigger to 2026-05-19 08:00:00+00:00, run_after=2026-05-19 12:00:00+00:00
[2026-05-19T14:04:48.664+0000] {processor.py:183} INFO - Processing /home/airflow/.local/lib/python3.12/site-packages/airflow/example_dags/example_latest_only_with_trigger.py took 0.134 seconds
[2026-05-19T14:05:19.061+0000] {processor.py:161} INFO - Started process (PID=4072) to work on /home/airflow/.local/lib/python3.12/site-packages/airflow/example_dags/example_latest_only_with_trigger.py
[2026-05-19T14:05:19.063+0000] {processor.py:830} INFO - Processing file /home/airflow/.local/lib/python3.12/site-packages/airflow/example_dags/example_latest_only_with_trigger.py for tasks to queue
[2026-05-19T14:05:19.067+0000] {logging_mixin.py:188} INFO - [2026-05-19T14:05:19.066+0000] {dagbag.py:545} INFO - Filling up the DagBag from /home/airflow/.local/lib/python3.12/site-packages/airflow/example_dags/example_latest_only_with_trigger.py
[2026-05-19T14:05:19.073+0000] {processor.py:840} INFO - DAG(s) 'latest_only_with_trigger' retrieved from /home/airflow/.local/lib/python3.12/site-packages/airflow/example_dags/example_latest_only_with_trigger.py
[2026-05-19T14:05:19.094+0000] {logging_mixin.py:188} INFO - [2026-05-19T14:05:19.094+0000] {dag.py:3096} INFO - Sync 1 DAGs
[2026-05-19T14:05:19.125+0000] {logging_mixin.py:188} INFO - [2026-05-19T14:05:19.125+0000] {dag.py:3954} INFO - Setting next_dagrun for latest_only_with_trigger to 2026-05-19 08:00:00+00:00, run_after=2026-05-19 12:00:00+00:00
[2026-05-19T14:05:19.146+0000] {processor.py:183} INFO - Processing /home/airflow/.local/lib/python3.12/site-packages/airflow/example_dags/example_latest_only_with_trigger.py took 0.090 seconds
[2026-05-19T14:05:49.377+0000] {processor.py:161} INFO - Started process (PID=4131) to work on /home/airflow/.local/lib/python3.12/site-packages/airflow/example_dags/example_latest_only_with_trigger.py
[2026-05-19T14:05:49.378+0000] {processor.py:830} INFO - Processing file /home/airflow/.local/lib/python3.12/site-packages/airflow/example_dags/example_latest_only_with_trigger.py for tasks to queue
[2026-05-19T14:05:49.383+0000] {logging_mixin.py:188} INFO - [2026-05-19T14:05:49.382+0000] {dagbag.py:545} INFO - Filling up the DagBag from /home/airflow/.local/lib/python3.12/site-packages/airflow/example_dags/example_latest_only_with_trigger.py
[2026-05-19T14:05:49.388+0000] {processor.py:840} INFO - DAG(s) 'latest_only_with_trigger' retrieved from /home/airflow/.local/lib/python3.12/site-packages/airflow/example_dags/example_latest_only_with_trigger.py
[2026-05-19T14:05:49.410+0000] {logging_mixin.py:188} INFO - [2026-05-19T14:05:49.410+0000] {dag.py:3096} INFO - Sync 1 DAGs
[2026-05-19T14:05:49.433+0000] {logging_mixin.py:188} INFO - [2026-05-19T14:05:49.433+0000] {dag.py:3954} INFO - Setting next_dagrun for latest_only_with_trigger to 2026-05-19 08:00:00+00:00, run_after=2026-05-19 12:00:00+00:00
[2026-05-19T14:05:49.460+0000] {processor.py:183} INFO - Processing /home/airflow/.local/lib/python3.12/site-packages/airflow/example_dags/example_latest_only_with_trigger.py took 0.092 seconds
[2026-05-19T14:06:20.342+0000] {processor.py:161} INFO - Started process (PID=4197) to work on /home/airflow/.local/lib/python3.12/site-packages/airflow/example_dags/example_latest_only_with_trigger.py
[2026-05-19T14:06:20.344+0000] {processor.py:830} INFO - Processing file /home/airflow/.local/lib/python3.12/site-packages/airflow/example_dags/example_latest_only_with_trigger.py for tasks to queue
[2026-05-19T14:06:20.348+0000] {logging_mixin.py:188} INFO - [2026-05-19T14:06:20.347+0000] {dagbag.py:545} INFO - Filling up the DagBag from /home/airflow/.local/lib/python3.12/site-packages/airflow/example_dags/example_latest_only_with_trigger.py
[2026-05-19T14:06:20.357+0000] {processor.py:840} INFO - DAG(s) 'latest_only_with_trigger' retrieved from /home/airflow/.local/lib/python3.12/site-packages/airflow/example_dags/example_latest_only_with_trigger.py
[2026-05-19T14:06:20.402+0000] {logging_mixin.py:188} INFO - [2026-05-19T14:06:20.402+0000] {dag.py:3096} INFO - Sync 1 DAGs
[2026-05-19T14:06:20.456+0000] {logging_mixin.py:188} INFO - [2026-05-19T14:06:20.456+0000] {dag.py:3954} INFO - Setting next_dagrun for latest_only_with_trigger to 2026-05-19 08:00:00+00:00, run_after=2026-05-19 12:00:00+00:00
[2026-05-19T14:06:20.505+0000] {processor.py:183} INFO - Processing /home/airflow/.local/lib/python3.12/site-packages/airflow/example_dags/example_latest_only_with_trigger.py took 0.170 seconds
[2026-05-19T14:06:51.263+0000] {processor.py:161} INFO - Started process (PID=4256) to work on /home/airflow/.local/lib/python3.12/site-packages/airflow/example_dags/example_latest_only_with_trigger.py
[2026-05-19T14:06:51.265+0000] {processor.py:830} INFO - Processing file /home/airflow/.local/lib/python3.12/site-packages/airflow/example_dags/example_latest_only_with_trigger.py for tasks to queue
[2026-05-19T14:06:51.268+0000] {logging_mixin.py:188} INFO - [2026-05-19T14:06:51.267+0000] {dagbag.py:545} INFO - Filling up the DagBag from /home/airflow/.local/lib/python3.12/site-packages/airflow/example_dags/example_latest_only_with_trigger.py
[2026-05-19T14:06:51.279+0000] {processor.py:840} INFO - DAG(s) 'latest_only_with_trigger' retrieved from /home/airflow/.local/lib/python3.12/site-packages/airflow/example_dags/example_latest_only_with_trigger.py
[2026-05-19T14:06:51.311+0000] {logging_mixin.py:188} INFO - [2026-05-19T14:06:51.311+0000] {dag.py:3096} INFO - Sync 1 DAGs
[2026-05-19T14:06:51.345+0000] {logging_mixin.py:188} INFO - [2026-05-19T14:06:51.345+0000] {dag.py:3954} INFO - Setting next_dagrun for latest_only_with_trigger to 2026-05-19 08:00:00+00:00, run_after=2026-05-19 12:00:00+00:00
[2026-05-19T14:06:51.382+0000] {processor.py:183} INFO - Processing /home/airflow/.local/lib/python3.12/site-packages/airflow/example_dags/example_latest_only_with_trigger.py took 0.127 seconds
[2026-05-19T14:07:21.767+0000] {processor.py:161} INFO - Started process (PID=4315) to work on /home/airflow/.local/lib/python3.12/site-packages/airflow/example_dags/example_latest_only_with_trigger.py
[2026-05-19T14:07:21.769+0000] {processor.py:830} INFO - Processing file /home/airflow/.local/lib/python3.12/site-packages/airflow/example_dags/example_latest_only_with_trigger.py for tasks to queue
[2026-05-19T14:07:21.776+0000] {logging_mixin.py:188} INFO - [2026-05-19T14:07:21.774+0000] {dagbag.py:545} INFO - Filling up the DagBag from /home/airflow/.local/lib/python3.12/site-packages/airflow/example_dags/example_latest_only_with_trigger.py
[2026-05-19T14:07:21.796+0000] {processor.py:840} INFO - DAG(s) 'latest_only_with_trigger' retrieved from /home/airflow/.local/lib/python3.12/site-packages/airflow/example_dags/example_latest_only_with_trigger.py
[2026-05-19T14:07:21.872+0000] {logging_mixin.py:188} INFO - [2026-05-19T14:07:21.871+0000] {dag.py:3096} INFO - Sync 1 DAGs
[2026-05-19T14:07:21.953+0000] {logging_mixin.py:188} INFO - [2026-05-19T14:07:21.952+0000] {dag.py:3954} INFO - Setting next_dagrun for latest_only_with_trigger to 2026-05-19 08:00:00+00:00, run_after=2026-05-19 12:00:00+00:00
[2026-05-19T14:07:22.027+0000] {processor.py:183} INFO - Processing /home/airflow/.local/lib/python3.12/site-packages/airflow/example_dags/example_latest_only_with_trigger.py took 0.288 seconds
[2026-05-19T14:07:52.342+0000] {processor.py:161} INFO - Started process (PID=4374) to work on /home/airflow/.local/lib/python3.12/site-packages/airflow/example_dags/example_latest_only_with_trigger.py
[2026-05-19T14:07:52.344+0000] {processor.py:830} INFO - Processing file /home/airflow/.local/lib/python3.12/site-packages/airflow/example_dags/example_latest_only_with_trigger.py for tasks to queue
[2026-05-19T14:07:52.345+0000] {logging_mixin.py:188} INFO - [2026-05-19T14:07:52.345+0000] {dagbag.py:545} INFO - Filling up the DagBag from /home/airflow/.local/lib/python3.12/site-packages/airflow/example_dags/example_latest_only_with_trigger.py
[2026-05-19T14:07:52.352+0000] {processor.py:840} INFO - DAG(s) 'latest_only_with_trigger' retrieved from /home/airflow/.local/lib/python3.12/site-packages/airflow/example_dags/example_latest_only_with_trigger.py
[2026-05-19T14:07:52.379+0000] {logging_mixin.py:188} INFO - [2026-05-19T14:07:52.378+0000] {dag.py:3096} INFO - Sync 1 DAGs
[2026-05-19T14:07:52.399+0000] {logging_mixin.py:188} INFO - [2026-05-19T14:07:52.399+0000] {dag.py:3954} INFO - Setting next_dagrun for latest_only_with_trigger to 2026-05-19 08:00:00+00:00, run_after=2026-05-19 12:00:00+00:00
[2026-05-19T14:07:52.422+0000] {processor.py:183} INFO - Processing /home/airflow/.local/lib/python3.12/site-packages/airflow/example_dags/example_latest_only_with_trigger.py took 0.085 seconds
[2026-05-19T14:08:22.964+0000] {processor.py:161} INFO - Started process (PID=4433) to work on /home/airflow/.local/lib/python3.12/site-packages/airflow/example_dags/example_latest_only_with_trigger.py
[2026-05-19T14:08:22.966+0000] {processor.py:830} INFO - Processing file /home/airflow/.local/lib/python3.12/site-packages/airflow/example_dags/example_latest_only_with_trigger.py for tasks to queue
[2026-05-19T14:08:22.969+0000] {logging_mixin.py:188} INFO - [2026-05-19T14:08:22.969+0000] {dagbag.py:545} INFO - Filling up the DagBag from /home/airflow/.local/lib/python3.12/site-packages/airflow/example_dags/example_latest_only_with_trigger.py
[2026-05-19T14:08:22.983+0000] {processor.py:840} INFO - DAG(s) 'latest_only_with_trigger' retrieved from /home/airflow/.local/lib/python3.12/site-packages/airflow/example_dags/example_latest_only_with_trigger.py
[2026-05-19T14:08:23.013+0000] {logging_mixin.py:188} INFO - [2026-05-19T14:08:23.013+0000] {dag.py:3096} INFO - Sync 1 DAGs
[2026-05-19T14:08:23.045+0000] {logging_mixin.py:188} INFO - [2026-05-19T14:08:23.045+0000] {dag.py:3954} INFO - Setting next_dagrun for latest_only_with_trigger to 2026-05-19 08:00:00+00:00, run_after=2026-05-19 12:00:00+00:00
[2026-05-19T14:08:23.070+0000] {processor.py:183} INFO - Processing /home/airflow/.local/lib/python3.12/site-packages/airflow/example_dags/example_latest_only_with_trigger.py took 0.116 seconds
[2026-05-19T14:08:53.358+0000] {processor.py:161} INFO - Started process (PID=4492) to work on /home/airflow/.local/lib/python3.12/site-packages/airflow/example_dags/example_latest_only_with_trigger.py
[2026-05-19T14:08:53.359+0000] {processor.py:830} INFO - Processing file /home/airflow/.local/lib/python3.12/site-packages/airflow/example_dags/example_latest_only_with_trigger.py for tasks to queue
[2026-05-19T14:08:53.362+0000] {logging_mixin.py:188} INFO - [2026-05-19T14:08:53.361+0000] {dagbag.py:545} INFO - Filling up the DagBag from /home/airflow/.local/lib/python3.12/site-packages/airflow/example_dags/example_latest_only_with_trigger.py
[2026-05-19T14:08:53.371+0000] {processor.py:840} INFO - DAG(s) 'latest_only_with_trigger' retrieved from /home/airflow/.local/lib/python3.12/site-packages/airflow/example_dags/example_latest_only_with_trigger.py
[2026-05-19T14:08:53.405+0000] {logging_mixin.py:188} INFO - [2026-05-19T14:08:53.405+0000] {dag.py:3096} INFO - Sync 1 DAGs
[2026-05-19T14:08:53.435+0000] {logging_mixin.py:188} INFO - [2026-05-19T14:08:53.435+0000] {dag.py:3954} INFO - Setting next_dagrun for latest_only_with_trigger to 2026-05-19 08:00:00+00:00, run_after=2026-05-19 12:00:00+00:00
[2026-05-19T14:08:53.474+0000] {processor.py:183} INFO - Processing /home/airflow/.local/lib/python3.12/site-packages/airflow/example_dags/example_latest_only_with_trigger.py took 0.123 seconds
[2026-05-19T14:09:23.812+0000] {processor.py:161} INFO - Started process (PID=4552) to work on /home/airflow/.local/lib/python3.12/site-packages/airflow/example_dags/example_latest_only_with_trigger.py
[2026-05-19T14:09:23.814+0000] {processor.py:830} INFO - Processing file /home/airflow/.local/lib/python3.12/site-packages/airflow/example_dags/example_latest_only_with_trigger.py for tasks to queue
[2026-05-19T14:09:23.816+0000] {logging_mixin.py:188} INFO - [2026-05-19T14:09:23.816+0000] {dagbag.py:545} INFO - Filling up the DagBag from /home/airflow/.local/lib/python3.12/site-packages/airflow/example_dags/example_latest_only_with_trigger.py
[2026-05-19T14:09:23.823+0000] {processor.py:840} INFO - DAG(s) 'latest_only_with_trigger' retrieved from /home/airflow/.local/lib/python3.12/site-packages/airflow/example_dags/example_latest_only_with_trigger.py
[2026-05-19T14:09:23.848+0000] {logging_mixin.py:188} INFO - [2026-05-19T14:09:23.848+0000] {dag.py:3096} INFO - Sync 1 DAGs
[2026-05-19T14:09:23.882+0000] {logging_mixin.py:188} INFO - [2026-05-19T14:09:23.882+0000] {dag.py:3954} INFO - Setting next_dagrun for latest_only_with_trigger to 2026-05-19 08:00:00+00:00, run_after=2026-05-19 12:00:00+00:00
[2026-05-19T14:09:23.904+0000] {processor.py:183} INFO - Processing /home/airflow/.local/lib/python3.12/site-packages/airflow/example_dags/example_latest_only_with_trigger.py took 0.102 seconds
[2026-05-19T14:09:54.043+0000] {processor.py:161} INFO - Started process (PID=4611) to work on /home/airflow/.local/lib/python3.12/site-packages/airflow/example_dags/example_latest_only_with_trigger.py
[2026-05-19T14:09:54.044+0000] {processor.py:830} INFO - Processing file /home/airflow/.local/lib/python3.12/site-packages/airflow/example_dags/example_latest_only_with_trigger.py for tasks to queue
[2026-05-19T14:09:54.048+0000] {logging_mixin.py:188} INFO - [2026-05-19T14:09:54.048+0000] {dagbag.py:545} INFO - Filling up the DagBag from /home/airflow/.local/lib/python3.12/site-packages/airflow/example_dags/example_latest_only_with_trigger.py
[2026-05-19T14:09:54.053+0000] {processor.py:840} INFO - DAG(s) 'latest_only_with_trigger' retrieved from /home/airflow/.local/lib/python3.12/site-packages/airflow/example_dags/example_latest_only_with_trigger.py
[2026-05-19T14:09:54.077+0000] {logging_mixin.py:188} INFO - [2026-05-19T14:09:54.076+0000] {dag.py:3096} INFO - Sync 1 DAGs
[2026-05-19T14:09:54.102+0000] {logging_mixin.py:188} INFO - [2026-05-19T14:09:54.102+0000] {dag.py:3954} INFO - Setting next_dagrun for latest_only_with_trigger to 2026-05-19 08:00:00+00:00, run_after=2026-05-19 12:00:00+00:00
[2026-05-19T14:09:54.122+0000] {processor.py:183} INFO - Processing /home/airflow/.local/lib/python3.12/site-packages/airflow/example_dags/example_latest_only_with_trigger.py took 0.085 seconds
[2026-05-19T14:10:24.258+0000] {processor.py:161} INFO - Started process (PID=4670) to work on /home/airflow/.local/lib/python3.12/site-packages/airflow/example_dags/example_latest_only_with_trigger.py
[2026-05-19T14:10:24.259+0000] {processor.py:830} INFO - Processing file /home/airflow/.local/lib/python3.12/site-packages/airflow/example_dags/example_latest_only_with_trigger.py for tasks to queue
[2026-05-19T14:10:24.262+0000] {logging_mixin.py:188} INFO - [2026-05-19T14:10:24.261+0000] {dagbag.py:545} INFO - Filling up the DagBag from /home/airflow/.local/lib/python3.12/site-packages/airflow/example_dags/example_latest_only_with_trigger.py
[2026-05-19T14:10:24.267+0000] {processor.py:840} INFO - DAG(s) 'latest_only_with_trigger' retrieved from /home/airflow/.local/lib/python3.12/site-packages/airflow/example_dags/example_latest_only_with_trigger.py
[2026-05-19T14:10:24.305+0000] {logging_mixin.py:188} INFO - [2026-05-19T14:10:24.304+0000] {dag.py:3096} INFO - Sync 1 DAGs
[2026-05-19T14:10:24.339+0000] {logging_mixin.py:188} INFO - [2026-05-19T14:10:24.339+0000] {dag.py:3954} INFO - Setting next_dagrun for latest_only_with_trigger to 2026-05-19 08:00:00+00:00, run_after=2026-05-19 12:00:00+00:00
[2026-05-19T14:10:24.366+0000] {processor.py:183} INFO - Processing /home/airflow/.local/lib/python3.12/site-packages/airflow/example_dags/example_latest_only_with_trigger.py took 0.113 seconds
[2026-05-19T14:10:54.546+0000] {processor.py:161} INFO - Started process (PID=4729) to work on /home/airflow/.local/lib/python3.12/site-packages/airflow/example_dags/example_latest_only_with_trigger.py
[2026-05-19T14:10:54.549+0000] {processor.py:830} INFO - Processing file /home/airflow/.local/lib/python3.12/site-packages/airflow/example_dags/example_latest_only_with_trigger.py for tasks to queue
[2026-05-19T14:10:54.552+0000] {logging_mixin.py:188} INFO - [2026-05-19T14:10:54.552+0000] {dagbag.py:545} INFO - Filling up the DagBag from /home/airflow/.local/lib/python3.12/site-packages/airflow/example_dags/example_latest_only_with_trigger.py
[2026-05-19T14:10:54.561+0000] {processor.py:840} INFO - DAG(s) 'latest_only_with_trigger' retrieved from /home/airflow/.local/lib/python3.12/site-packages/airflow/example_dags/example_latest_only_with_trigger.py
[2026-05-19T14:10:54.585+0000] {logging_mixin.py:188} INFO - [2026-05-19T14:10:54.585+0000] {dag.py:3096} INFO - Sync 1 DAGs
[2026-05-19T14:10:54.606+0000] {logging_mixin.py:188} INFO - [2026-05-19T14:10:54.606+0000] {dag.py:3954} INFO - Setting next_dagrun for latest_only_with_trigger to 2026-05-19 08:00:00+00:00, run_after=2026-05-19 12:00:00+00:00
[2026-05-19T14:10:54.630+0000] {processor.py:183} INFO - Processing /home/airflow/.local/lib/python3.12/site-packages/airflow/example_dags/example_latest_only_with_trigger.py took 0.090 seconds
[2026-05-19T14:11:24.967+0000] {processor.py:161} INFO - Started process (PID=4788) to work on /home/airflow/.local/lib/python3.12/site-packages/airflow/example_dags/example_latest_only_with_trigger.py
[2026-05-19T14:11:24.969+0000] {processor.py:830} INFO - Processing file /home/airflow/.local/lib/python3.12/site-packages/airflow/example_dags/example_latest_only_with_trigger.py for tasks to queue
[2026-05-19T14:11:24.973+0000] {logging_mixin.py:188} INFO - [2026-05-19T14:11:24.973+0000] {dagbag.py:545} INFO - Filling up the DagBag from /home/airflow/.local/lib/python3.12/site-packages/airflow/example_dags/example_latest_only_with_trigger.py
[2026-05-19T14:11:24.983+0000] {processor.py:840} INFO - DAG(s) 'latest_only_with_trigger' retrieved from /home/airflow/.local/lib/python3.12/site-packages/airflow/example_dags/example_latest_only_with_trigger.py
[2026-05-19T14:11:25.012+0000] {logging_mixin.py:188} INFO - [2026-05-19T14:11:25.012+0000] {dag.py:3096} INFO - Sync 1 DAGs
[2026-05-19T14:11:25.043+0000] {logging_mixin.py:188} INFO - [2026-05-19T14:11:25.042+0000] {dag.py:3954} INFO - Setting next_dagrun for latest_only_with_trigger to 2026-05-19 08:00:00+00:00, run_after=2026-05-19 12:00:00+00:00
[2026-05-19T14:11:25.067+0000] {processor.py:183} INFO - Processing /home/airflow/.local/lib/python3.12/site-packages/airflow/example_dags/example_latest_only_with_trigger.py took 0.109 seconds
[2026-05-19T14:11:55.200+0000] {processor.py:161} INFO - Started process (PID=4847) to work on /home/airflow/.local/lib/python3.12/site-packages/airflow/example_dags/example_latest_only_with_trigger.py
[2026-05-19T14:11:55.201+0000] {processor.py:830} INFO - Processing file /home/airflow/.local/lib/python3.12/site-packages/airflow/example_dags/example_latest_only_with_trigger.py for tasks to queue
[2026-05-19T14:11:55.204+0000] {logging_mixin.py:188} INFO - [2026-05-19T14:11:55.204+0000] {dagbag.py:545} INFO - Filling up the DagBag from /home/airflow/.local/lib/python3.12/site-packages/airflow/example_dags/example_latest_only_with_trigger.py
[2026-05-19T14:11:55.212+0000] {processor.py:840} INFO - DAG(s) 'latest_only_with_trigger' retrieved from /home/airflow/.local/lib/python3.12/site-packages/airflow/example_dags/example_latest_only_with_trigger.py
[2026-05-19T14:11:55.236+0000] {logging_mixin.py:188} INFO - [2026-05-19T14:11:55.236+0000] {dag.py:3096} INFO - Sync 1 DAGs
[2026-05-19T14:11:55.266+0000] {logging_mixin.py:188} INFO - [2026-05-19T14:11:55.266+0000] {dag.py:3954} INFO - Setting next_dagrun for latest_only_with_trigger to 2026-05-19 08:00:00+00:00, run_after=2026-05-19 12:00:00+00:00
[2026-05-19T14:11:55.290+0000] {processor.py:183} INFO - Processing /home/airflow/.local/lib/python3.12/site-packages/airflow/example_dags/example_latest_only_with_trigger.py took 0.094 seconds
[2026-05-19T14:12:25.970+0000] {processor.py:161} INFO - Started process (PID=4906) to work on /home/airflow/.local/lib/python3.12/site-packages/airflow/example_dags/example_latest_only_with_trigger.py
[2026-05-19T14:12:25.971+0000] {processor.py:830} INFO - Processing file /home/airflow/.local/lib/python3.12/site-packages/airflow/example_dags/example_latest_only_with_trigger.py for tasks to queue
[2026-05-19T14:12:25.974+0000] {logging_mixin.py:188} INFO - [2026-05-19T14:12:25.973+0000] {dagbag.py:545} INFO - Filling up the DagBag from /home/airflow/.local/lib/python3.12/site-packages/airflow/example_dags/example_latest_only_with_trigger.py
[2026-05-19T14:12:25.980+0000] {processor.py:840} INFO - DAG(s) 'latest_only_with_trigger' retrieved from /home/airflow/.local/lib/python3.12/site-packages/airflow/example_dags/example_latest_only_with_trigger.py
[2026-05-19T14:12:26.013+0000] {logging_mixin.py:188} INFO - [2026-05-19T14:12:26.013+0000] {dag.py:3096} INFO - Sync 1 DAGs
[2026-05-19T14:12:26.035+0000] {logging_mixin.py:188} INFO - [2026-05-19T14:12:26.035+0000] {dag.py:3954} INFO - Setting next_dagrun for latest_only_with_trigger to 2026-05-19 08:00:00+00:00, run_after=2026-05-19 12:00:00+00:00
[2026-05-19T14:12:26.060+0000] {processor.py:183} INFO - Processing /home/airflow/.local/lib/python3.12/site-packages/airflow/example_dags/example_latest_only_with_trigger.py took 0.095 seconds
[2026-05-19T14:12:56.145+0000] {processor.py:161} INFO - Started process (PID=4964) to work on /home/airflow/.local/lib/python3.12/site-packages/airflow/example_dags/example_latest_only_with_trigger.py
[2026-05-19T14:12:56.146+0000] {processor.py:830} INFO - Processing file /home/airflow/.local/lib/python3.12/site-packages/airflow/example_dags/example_latest_only_with_trigger.py for tasks to queue
[2026-05-19T14:12:56.149+0000] {logging_mixin.py:188} INFO - [2026-05-19T14:12:56.148+0000] {dagbag.py:545} INFO - Filling up the DagBag from /home/airflow/.local/lib/python3.12/site-packages/airflow/example_dags/example_latest_only_with_trigger.py
[2026-05-19T14:12:56.158+0000] {processor.py:840} INFO - DAG(s) 'latest_only_with_trigger' retrieved from /home/airflow/.local/lib/python3.12/site-packages/airflow/example_dags/example_latest_only_with_trigger.py
[2026-05-19T14:12:56.187+0000] {logging_mixin.py:188} INFO - [2026-05-19T14:12:56.186+0000] {dag.py:3096} INFO - Sync 1 DAGs
[2026-05-19T14:12:56.217+0000] {logging_mixin.py:188} INFO - [2026-05-19T14:12:56.216+0000] {dag.py:3954} INFO - Setting next_dagrun for latest_only_with_trigger to 2026-05-19 08:00:00+00:00, run_after=2026-05-19 12:00:00+00:00
[2026-05-19T14:12:56.243+0000] {processor.py:183} INFO - Processing /home/airflow/.local/lib/python3.12/site-packages/airflow/example_dags/example_latest_only_with_trigger.py took 0.105 seconds
[2026-05-19T14:13:26.318+0000] {processor.py:161} INFO - Started process (PID=5023) to work on /home/airflow/.local/lib/python3.12/site-packages/airflow/example_dags/example_latest_only_with_trigger.py
[2026-05-19T14:13:26.319+0000] {processor.py:830} INFO - Processing file /home/airflow/.local/lib/python3.12/site-packages/airflow/example_dags/example_latest_only_with_trigger.py for tasks to queue
[2026-05-19T14:13:26.323+0000] {logging_mixin.py:188} INFO - [2026-05-19T14:13:26.322+0000] {dagbag.py:545} INFO - Filling up the DagBag from /home/airflow/.local/lib/python3.12/site-packages/airflow/example_dags/example_latest_only_with_trigger.py
[2026-05-19T14:13:26.331+0000] {processor.py:840} INFO - DAG(s) 'latest_only_with_trigger' retrieved from /home/airflow/.local/lib/python3.12/site-packages/airflow/example_dags/example_latest_only_with_trigger.py
[2026-05-19T14:13:26.361+0000] {logging_mixin.py:188} INFO - [2026-05-19T14:13:26.360+0000] {dag.py:3096} INFO - Sync 1 DAGs
[2026-05-19T14:13:26.381+0000] {logging_mixin.py:188} INFO - [2026-05-19T14:13:26.381+0000] {dag.py:3954} INFO - Setting next_dagrun for latest_only_with_trigger to 2026-05-19 08:00:00+00:00, run_after=2026-05-19 12:00:00+00:00
[2026-05-19T14:13:26.400+0000] {processor.py:183} INFO - Processing /home/airflow/.local/lib/python3.12/site-packages/airflow/example_dags/example_latest_only_with_trigger.py took 0.088 seconds
[2026-05-19T14:13:56.681+0000] {processor.py:161} INFO - Started process (PID=5082) to work on /home/airflow/.local/lib/python3.12/site-packages/airflow/example_dags/example_latest_only_with_trigger.py
[2026-05-19T14:13:56.683+0000] {processor.py:830} INFO - Processing file /home/airflow/.local/lib/python3.12/site-packages/airflow/example_dags/example_latest_only_with_trigger.py for tasks to queue
[2026-05-19T14:13:56.686+0000] {logging_mixin.py:188} INFO - [2026-05-19T14:13:56.686+0000] {dagbag.py:545} INFO - Filling up the DagBag from /home/airflow/.local/lib/python3.12/site-packages/airflow/example_dags/example_latest_only_with_trigger.py
[2026-05-19T14:13:56.695+0000] {processor.py:840} INFO - DAG(s) 'latest_only_with_trigger' retrieved from /home/airflow/.local/lib/python3.12/site-packages/airflow/example_dags/example_latest_only_with_trigger.py
[2026-05-19T14:13:56.728+0000] {logging_mixin.py:188} INFO - [2026-05-19T14:13:56.727+0000] {dag.py:3096} INFO - Sync 1 DAGs
[2026-05-19T14:13:56.751+0000] {logging_mixin.py:188} INFO - [2026-05-19T14:13:56.751+0000] {dag.py:3954} INFO - Setting next_dagrun for latest_only_with_trigger to 2026-05-19 08:00:00+00:00, run_after=2026-05-19 12:00:00+00:00
[2026-05-19T14:13:56.782+0000] {processor.py:183} INFO - Processing /home/airflow/.local/lib/python3.12/site-packages/airflow/example_dags/example_latest_only_with_trigger.py took 0.107 seconds
[2026-05-19T14:14:27.654+0000] {processor.py:161} INFO - Started process (PID=5141) to work on /home/airflow/.local/lib/python3.12/site-packages/airflow/example_dags/example_latest_only_with_trigger.py
[2026-05-19T14:14:27.656+0000] {processor.py:830} INFO - Processing file /home/airflow/.local/lib/python3.12/site-packages/airflow/example_dags/example_latest_only_with_trigger.py for tasks to queue
[2026-05-19T14:14:27.660+0000] {logging_mixin.py:188} INFO - [2026-05-19T14:14:27.659+0000] {dagbag.py:545} INFO - Filling up the DagBag from /home/airflow/.local/lib/python3.12/site-packages/airflow/example_dags/example_latest_only_with_trigger.py
[2026-05-19T14:14:27.667+0000] {processor.py:840} INFO - DAG(s) 'latest_only_with_trigger' retrieved from /home/airflow/.local/lib/python3.12/site-packages/airflow/example_dags/example_latest_only_with_trigger.py
[2026-05-19T14:14:27.691+0000] {logging_mixin.py:188} INFO - [2026-05-19T14:14:27.691+0000] {dag.py:3096} INFO - Sync 1 DAGs
[2026-05-19T14:14:27.728+0000] {logging_mixin.py:188} INFO - [2026-05-19T14:14:27.727+0000] {dag.py:3954} INFO - Setting next_dagrun for latest_only_with_trigger to 2026-05-19 08:00:00+00:00, run_after=2026-05-19 12:00:00+00:00
[2026-05-19T14:14:27.754+0000] {processor.py:183} INFO - Processing /home/airflow/.local/lib/python3.12/site-packages/airflow/example_dags/example_latest_only_with_trigger.py took 0.109 seconds
[2026-05-19T14:14:58.694+0000] {processor.py:161} INFO - Started process (PID=5200) to work on /home/airflow/.local/lib/python3.12/site-packages/airflow/example_dags/example_latest_only_with_trigger.py
[2026-05-19T14:14:58.696+0000] {processor.py:830} INFO - Processing file /home/airflow/.local/lib/python3.12/site-packages/airflow/example_dags/example_latest_only_with_trigger.py for tasks to queue
[2026-05-19T14:14:58.698+0000] {logging_mixin.py:188} INFO - [2026-05-19T14:14:58.698+0000] {dagbag.py:545} INFO - Filling up the DagBag from /home/airflow/.local/lib/python3.12/site-packages/airflow/example_dags/example_latest_only_with_trigger.py
[2026-05-19T14:14:58.706+0000] {processor.py:840} INFO - DAG(s) 'latest_only_with_trigger' retrieved from /home/airflow/.local/lib/python3.12/site-packages/airflow/example_dags/example_latest_only_with_trigger.py
[2026-05-19T14:14:58.740+0000] {logging_mixin.py:188} INFO - [2026-05-19T14:14:58.739+0000] {dag.py:3096} INFO - Sync 1 DAGs
[2026-05-19T14:14:58.768+0000] {logging_mixin.py:188} INFO - [2026-05-19T14:14:58.768+0000] {dag.py:3954} INFO - Setting next_dagrun for latest_only_with_trigger to 2026-05-19 08:00:00+00:00, run_after=2026-05-19 12:00:00+00:00
[2026-05-19T14:14:58.803+0000] {processor.py:183} INFO - Processing /home/airflow/.local/lib/python3.12/site-packages/airflow/example_dags/example_latest_only_with_trigger.py took 0.114 seconds
[2026-05-19T14:15:29.510+0000] {processor.py:161} INFO - Started process (PID=5260) to work on /home/airflow/.local/lib/python3.12/site-packages/airflow/example_dags/example_latest_only_with_trigger.py
[2026-05-19T14:15:29.511+0000] {processor.py:830} INFO - Processing file /home/airflow/.local/lib/python3.12/site-packages/airflow/example_dags/example_latest_only_with_trigger.py for tasks to queue
[2026-05-19T14:15:29.514+0000] {logging_mixin.py:188} INFO - [2026-05-19T14:15:29.513+0000] {dagbag.py:545} INFO - Filling up the DagBag from /home/airflow/.local/lib/python3.12/site-packages/airflow/example_dags/example_latest_only_with_trigger.py
[2026-05-19T14:15:29.523+0000] {processor.py:840} INFO - DAG(s) 'latest_only_with_trigger' retrieved from /home/airflow/.local/lib/python3.12/site-packages/airflow/example_dags/example_latest_only_with_trigger.py
[2026-05-19T14:15:29.580+0000] {logging_mixin.py:188} INFO - [2026-05-19T14:15:29.580+0000] {dag.py:3096} INFO - Sync 1 DAGs
[2026-05-19T14:15:29.618+0000] {logging_mixin.py:188} INFO - [2026-05-19T14:15:29.618+0000] {dag.py:3954} INFO - Setting next_dagrun for latest_only_with_trigger to 2026-05-19 08:00:00+00:00, run_after=2026-05-19 12:00:00+00:00
[2026-05-19T14:15:29.644+0000] {processor.py:183} INFO - Processing /home/airflow/.local/lib/python3.12/site-packages/airflow/example_dags/example_latest_only_with_trigger.py took 0.140 seconds
[2026-05-19T14:16:00.813+0000] {processor.py:161} INFO - Started process (PID=5323) to work on /home/airflow/.local/lib/python3.12/site-packages/airflow/example_dags/example_latest_only_with_trigger.py
[2026-05-19T14:16:00.822+0000] {processor.py:830} INFO - Processing file /home/airflow/.local/lib/python3.12/site-packages/airflow/example_dags/example_latest_only_with_trigger.py for tasks to queue
[2026-05-19T14:16:00.828+0000] {logging_mixin.py:188} INFO - [2026-05-19T14:16:00.827+0000] {dagbag.py:545} INFO - Filling up the DagBag from /home/airflow/.local/lib/python3.12/site-packages/airflow/example_dags/example_latest_only_with_trigger.py
[2026-05-19T14:16:00.850+0000] {processor.py:840} INFO - DAG(s) 'latest_only_with_trigger' retrieved from /home/airflow/.local/lib/python3.12/site-packages/airflow/example_dags/example_latest_only_with_trigger.py
[2026-05-19T14:16:00.924+0000] {logging_mixin.py:188} INFO - [2026-05-19T14:16:00.923+0000] {dag.py:3096} INFO - Sync 1 DAGs
[2026-05-19T14:16:01.028+0000] {logging_mixin.py:188} INFO - [2026-05-19T14:16:01.027+0000] {dag.py:3954} INFO - Setting next_dagrun for latest_only_with_trigger to 2026-05-19 08:00:00+00:00, run_after=2026-05-19 12:00:00+00:00
[2026-05-19T14:16:01.119+0000] {processor.py:183} INFO - Processing /home/airflow/.local/lib/python3.12/site-packages/airflow/example_dags/example_latest_only_with_trigger.py took 0.323 seconds
[2026-05-19T14:16:31.865+0000] {processor.py:161} INFO - Started process (PID=5381) to work on /home/airflow/.local/lib/python3.12/site-packages/airflow/example_dags/example_latest_only_with_trigger.py
[2026-05-19T14:16:31.867+0000] {processor.py:830} INFO - Processing file /home/airflow/.local/lib/python3.12/site-packages/airflow/example_dags/example_latest_only_with_trigger.py for tasks to queue
[2026-05-19T14:16:31.874+0000] {logging_mixin.py:188} INFO - [2026-05-19T14:16:31.873+0000] {dagbag.py:545} INFO - Filling up the DagBag from /home/airflow/.local/lib/python3.12/site-packages/airflow/example_dags/example_latest_only_with_trigger.py
[2026-05-19T14:16:31.884+0000] {processor.py:840} INFO - DAG(s) 'latest_only_with_trigger' retrieved from /home/airflow/.local/lib/python3.12/site-packages/airflow/example_dags/example_latest_only_with_trigger.py
[2026-05-19T14:16:31.931+0000] {logging_mixin.py:188} INFO - [2026-05-19T14:16:31.931+0000] {dag.py:3096} INFO - Sync 1 DAGs
[2026-05-19T14:16:31.970+0000] {logging_mixin.py:188} INFO - [2026-05-19T14:16:31.969+0000] {dag.py:3954} INFO - Setting next_dagrun for latest_only_with_trigger to 2026-05-19 08:00:00+00:00, run_after=2026-05-19 12:00:00+00:00
[2026-05-19T14:16:32.017+0000] {processor.py:183} INFO - Processing /home/airflow/.local/lib/python3.12/site-packages/airflow/example_dags/example_latest_only_with_trigger.py took 0.165 seconds
[2026-05-19T14:17:02.409+0000] {processor.py:161} INFO - Started process (PID=5440) to work on /home/airflow/.local/lib/python3.12/site-packages/airflow/example_dags/example_latest_only_with_trigger.py
[2026-05-19T14:17:02.413+0000] {processor.py:830} INFO - Processing file /home/airflow/.local/lib/python3.12/site-packages/airflow/example_dags/example_latest_only_with_trigger.py for tasks to queue
[2026-05-19T14:17:02.417+0000] {logging_mixin.py:188} INFO - [2026-05-19T14:17:02.416+0000] {dagbag.py:545} INFO - Filling up the DagBag from /home/airflow/.local/lib/python3.12/site-packages/airflow/example_dags/example_latest_only_with_trigger.py
[2026-05-19T14:17:02.433+0000] {processor.py:840} INFO - DAG(s) 'latest_only_with_trigger' retrieved from /home/airflow/.local/lib/python3.12/site-packages/airflow/example_dags/example_latest_only_with_trigger.py
[2026-05-19T14:17:02.496+0000] {logging_mixin.py:188} INFO - [2026-05-19T14:17:02.495+0000] {dag.py:3096} INFO - Sync 1 DAGs
[2026-05-19T14:17:02.556+0000] {logging_mixin.py:188} INFO - [2026-05-19T14:17:02.555+0000] {dag.py:3954} INFO - Setting next_dagrun for latest_only_with_trigger to 2026-05-19 08:00:00+00:00, run_after=2026-05-19 12:00:00+00:00
[2026-05-19T14:17:02.619+0000] {processor.py:183} INFO - Processing /home/airflow/.local/lib/python3.12/site-packages/airflow/example_dags/example_latest_only_with_trigger.py took 0.227 seconds
[2026-05-19T14:17:33.304+0000] {processor.py:161} INFO - Started process (PID=5499) to work on /home/airflow/.local/lib/python3.12/site-packages/airflow/example_dags/example_latest_only_with_trigger.py
[2026-05-19T14:17:33.306+0000] {processor.py:830} INFO - Processing file /home/airflow/.local/lib/python3.12/site-packages/airflow/example_dags/example_latest_only_with_trigger.py for tasks to queue
[2026-05-19T14:17:33.309+0000] {logging_mixin.py:188} INFO - [2026-05-19T14:17:33.308+0000] {dagbag.py:545} INFO - Filling up the DagBag from /home/airflow/.local/lib/python3.12/site-packages/airflow/example_dags/example_latest_only_with_trigger.py
[2026-05-19T14:17:33.317+0000] {processor.py:840} INFO - DAG(s) 'latest_only_with_trigger' retrieved from /home/airflow/.local/lib/python3.12/site-packages/airflow/example_dags/example_latest_only_with_trigger.py
[2026-05-19T14:17:33.353+0000] {logging_mixin.py:188} INFO - [2026-05-19T14:17:33.353+0000] {dag.py:3096} INFO - Sync 1 DAGs
[2026-05-19T14:17:33.387+0000] {logging_mixin.py:188} INFO - [2026-05-19T14:17:33.386+0000] {dag.py:3954} INFO - Setting next_dagrun for latest_only_with_trigger to 2026-05-19 08:00:00+00:00, run_after=2026-05-19 12:00:00+00:00
[2026-05-19T14:17:33.423+0000] {processor.py:183} INFO - Processing /home/airflow/.local/lib/python3.12/site-packages/airflow/example_dags/example_latest_only_with_trigger.py took 0.126 seconds
[2026-05-19T14:18:03.715+0000] {processor.py:161} INFO - Started process (PID=5558) to work on /home/airflow/.local/lib/python3.12/site-packages/airflow/example_dags/example_latest_only_with_trigger.py
[2026-05-19T14:18:03.717+0000] {processor.py:830} INFO - Processing file /home/airflow/.local/lib/python3.12/site-packages/airflow/example_dags/example_latest_only_with_trigger.py for tasks to queue
[2026-05-19T14:18:03.719+0000] {logging_mixin.py:188} INFO - [2026-05-19T14:18:03.718+0000] {dagbag.py:545} INFO - Filling up the DagBag from /home/airflow/.local/lib/python3.12/site-packages/airflow/example_dags/example_latest_only_with_trigger.py
[2026-05-19T14:18:03.725+0000] {processor.py:840} INFO - DAG(s) 'latest_only_with_trigger' retrieved from /home/airflow/.local/lib/python3.12/site-packages/airflow/example_dags/example_latest_only_with_trigger.py
[2026-05-19T14:18:03.756+0000] {logging_mixin.py:188} INFO - [2026-05-19T14:18:03.756+0000] {dag.py:3096} INFO - Sync 1 DAGs
[2026-05-19T14:18:03.784+0000] {logging_mixin.py:188} INFO - [2026-05-19T14:18:03.784+0000] {dag.py:3954} INFO - Setting next_dagrun for latest_only_with_trigger to 2026-05-19 08:00:00+00:00, run_after=2026-05-19 12:00:00+00:00
[2026-05-19T14:18:03.812+0000] {processor.py:183} INFO - Processing /home/airflow/.local/lib/python3.12/site-packages/airflow/example_dags/example_latest_only_with_trigger.py took 0.104 seconds
[2026-05-19T14:18:34.370+0000] {processor.py:161} INFO - Started process (PID=5617) to work on /home/airflow/.local/lib/python3.12/site-packages/airflow/example_dags/example_latest_only_with_trigger.py
[2026-05-19T14:18:34.372+0000] {processor.py:830} INFO - Processing file /home/airflow/.local/lib/python3.12/site-packages/airflow/example_dags/example_latest_only_with_trigger.py for tasks to queue
[2026-05-19T14:18:34.375+0000] {logging_mixin.py:188} INFO - [2026-05-19T14:18:34.374+0000] {dagbag.py:545} INFO - Filling up the DagBag from /home/airflow/.local/lib/python3.12/site-packages/airflow/example_dags/example_latest_only_with_trigger.py
[2026-05-19T14:18:34.382+0000] {processor.py:840} INFO - DAG(s) 'latest_only_with_trigger' retrieved from /home/airflow/.local/lib/python3.12/site-packages/airflow/example_dags/example_latest_only_with_trigger.py
[2026-05-19T14:18:34.411+0000] {logging_mixin.py:188} INFO - [2026-05-19T14:18:34.411+0000] {dag.py:3096} INFO - Sync 1 DAGs
[2026-05-19T14:18:34.445+0000] {logging_mixin.py:188} INFO - [2026-05-19T14:18:34.445+0000] {dag.py:3954} INFO - Setting next_dagrun for latest_only_with_trigger to 2026-05-19 08:00:00+00:00, run_after=2026-05-19 12:00:00+00:00
[2026-05-19T14:18:34.475+0000] {processor.py:183} INFO - Processing /home/airflow/.local/lib/python3.12/site-packages/airflow/example_dags/example_latest_only_with_trigger.py took 0.112 seconds
[2026-05-19T14:19:04.932+0000] {processor.py:161} INFO - Started process (PID=5676) to work on /home/airflow/.local/lib/python3.12/site-packages/airflow/example_dags/example_latest_only_with_trigger.py
[2026-05-19T14:19:04.934+0000] {processor.py:830} INFO - Processing file /home/airflow/.local/lib/python3.12/site-packages/airflow/example_dags/example_latest_only_with_trigger.py for tasks to queue
[2026-05-19T14:19:04.937+0000] {logging_mixin.py:188} INFO - [2026-05-19T14:19:04.937+0000] {dagbag.py:545} INFO - Filling up the DagBag from /home/airflow/.local/lib/python3.12/site-packages/airflow/example_dags/example_latest_only_with_trigger.py
[2026-05-19T14:19:04.948+0000] {processor.py:840} INFO - DAG(s) 'latest_only_with_trigger' retrieved from /home/airflow/.local/lib/python3.12/site-packages/airflow/example_dags/example_latest_only_with_trigger.py
[2026-05-19T14:19:04.983+0000] {logging_mixin.py:188} INFO - [2026-05-19T14:19:04.983+0000] {dag.py:3096} INFO - Sync 1 DAGs
[2026-05-19T14:19:05.016+0000] {logging_mixin.py:188} INFO - [2026-05-19T14:19:05.015+0000] {dag.py:3954} INFO - Setting next_dagrun for latest_only_with_trigger to 2026-05-19 08:00:00+00:00, run_after=2026-05-19 12:00:00+00:00
[2026-05-19T14:19:05.061+0000] {processor.py:183} INFO - Processing /home/airflow/.local/lib/python3.12/site-packages/airflow/example_dags/example_latest_only_with_trigger.py took 0.135 seconds
[2026-05-19T14:19:35.665+0000] {processor.py:161} INFO - Started process (PID=5735) to work on /home/airflow/.local/lib/python3.12/site-packages/airflow/example_dags/example_latest_only_with_trigger.py
[2026-05-19T14:19:35.666+0000] {processor.py:830} INFO - Processing file /home/airflow/.local/lib/python3.12/site-packages/airflow/example_dags/example_latest_only_with_trigger.py for tasks to queue
[2026-05-19T14:19:35.670+0000] {logging_mixin.py:188} INFO - [2026-05-19T14:19:35.669+0000] {dagbag.py:545} INFO - Filling up the DagBag from /home/airflow/.local/lib/python3.12/site-packages/airflow/example_dags/example_latest_only_with_trigger.py
[2026-05-19T14:19:35.678+0000] {processor.py:840} INFO - DAG(s) 'latest_only_with_trigger' retrieved from /home/airflow/.local/lib/python3.12/site-packages/airflow/example_dags/example_latest_only_with_trigger.py
[2026-05-19T14:19:35.721+0000] {logging_mixin.py:188} INFO - [2026-05-19T14:19:35.720+0000] {dag.py:3096} INFO - Sync 1 DAGs
[2026-05-19T14:19:35.764+0000] {logging_mixin.py:188} INFO - [2026-05-19T14:19:35.764+0000] {dag.py:3954} INFO - Setting next_dagrun for latest_only_with_trigger to 2026-05-19 08:00:00+00:00, run_after=2026-05-19 12:00:00+00:00
[2026-05-19T14:19:35.802+0000] {processor.py:183} INFO - Processing /home/airflow/.local/lib/python3.12/site-packages/airflow/example_dags/example_latest_only_with_trigger.py took 0.147 seconds
[2026-05-19T14:20:05.885+0000] {processor.py:161} INFO - Started process (PID=5794) to work on /home/airflow/.local/lib/python3.12/site-packages/airflow/example_dags/example_latest_only_with_trigger.py
[2026-05-19T14:20:05.886+0000] {processor.py:830} INFO - Processing file /home/airflow/.local/lib/python3.12/site-packages/airflow/example_dags/example_latest_only_with_trigger.py for tasks to queue
[2026-05-19T14:20:05.889+0000] {logging_mixin.py:188} INFO - [2026-05-19T14:20:05.889+0000] {dagbag.py:545} INFO - Filling up the DagBag from /home/airflow/.local/lib/python3.12/site-packages/airflow/example_dags/example_latest_only_with_trigger.py
[2026-05-19T14:20:05.896+0000] {processor.py:840} INFO - DAG(s) 'latest_only_with_trigger' retrieved from /home/airflow/.local/lib/python3.12/site-packages/airflow/example_dags/example_latest_only_with_trigger.py
[2026-05-19T14:20:05.921+0000] {logging_mixin.py:188} INFO - [2026-05-19T14:20:05.921+0000] {dag.py:3096} INFO - Sync 1 DAGs
[2026-05-19T14:20:05.952+0000] {logging_mixin.py:188} INFO - [2026-05-19T14:20:05.951+0000] {dag.py:3954} INFO - Setting next_dagrun for latest_only_with_trigger to 2026-05-19 08:00:00+00:00, run_after=2026-05-19 12:00:00+00:00
[2026-05-19T14:20:05.972+0000] {processor.py:183} INFO - Processing /home/airflow/.local/lib/python3.12/site-packages/airflow/example_dags/example_latest_only_with_trigger.py took 0.095 seconds
[2026-05-19T14:20:36.529+0000] {processor.py:161} INFO - Started process (PID=5853) to work on /home/airflow/.local/lib/python3.12/site-packages/airflow/example_dags/example_latest_only_with_trigger.py
[2026-05-19T14:20:36.530+0000] {processor.py:830} INFO - Processing file /home/airflow/.local/lib/python3.12/site-packages/airflow/example_dags/example_latest_only_with_trigger.py for tasks to queue
[2026-05-19T14:20:36.532+0000] {logging_mixin.py:188} INFO - [2026-05-19T14:20:36.531+0000] {dagbag.py:545} INFO - Filling up the DagBag from /home/airflow/.local/lib/python3.12/site-packages/airflow/example_dags/example_latest_only_with_trigger.py
[2026-05-19T14:20:36.537+0000] {processor.py:840} INFO - DAG(s) 'latest_only_with_trigger' retrieved from /home/airflow/.local/lib/python3.12/site-packages/airflow/example_dags/example_latest_only_with_trigger.py
[2026-05-19T14:20:36.561+0000] {logging_mixin.py:188} INFO - [2026-05-19T14:20:36.560+0000] {dag.py:3096} INFO - Sync 1 DAGs
[2026-05-19T14:20:36.583+0000] {logging_mixin.py:188} INFO - [2026-05-19T14:20:36.582+0000] {dag.py:3954} INFO - Setting next_dagrun for latest_only_with_trigger to 2026-05-19 08:00:00+00:00, run_after=2026-05-19 12:00:00+00:00
[2026-05-19T14:20:36.732+0000] {processor.py:183} INFO - Processing /home/airflow/.local/lib/python3.12/site-packages/airflow/example_dags/example_latest_only_with_trigger.py took 0.209 seconds
[2026-05-19T14:21:06.804+0000] {processor.py:161} INFO - Started process (PID=5912) to work on /home/airflow/.local/lib/python3.12/site-packages/airflow/example_dags/example_latest_only_with_trigger.py
[2026-05-19T14:21:06.805+0000] {processor.py:830} INFO - Processing file /home/airflow/.local/lib/python3.12/site-packages/airflow/example_dags/example_latest_only_with_trigger.py for tasks to queue
[2026-05-19T14:21:06.807+0000] {logging_mixin.py:188} INFO - [2026-05-19T14:21:06.807+0000] {dagbag.py:545} INFO - Filling up the DagBag from /home/airflow/.local/lib/python3.12/site-packages/airflow/example_dags/example_latest_only_with_trigger.py
[2026-05-19T14:21:06.812+0000] {processor.py:840} INFO - DAG(s) 'latest_only_with_trigger' retrieved from /home/airflow/.local/lib/python3.12/site-packages/airflow/example_dags/example_latest_only_with_trigger.py
[2026-05-19T14:21:06.836+0000] {logging_mixin.py:188} INFO - [2026-05-19T14:21:06.835+0000] {dag.py:3096} INFO - Sync 1 DAGs
[2026-05-19T14:21:06.872+0000] {logging_mixin.py:188} INFO - [2026-05-19T14:21:06.872+0000] {dag.py:3954} INFO - Setting next_dagrun for latest_only_with_trigger to 2026-05-19 08:00:00+00:00, run_after=2026-05-19 12:00:00+00:00
[2026-05-19T14:21:07.008+0000] {processor.py:183} INFO - Processing /home/airflow/.local/lib/python3.12/site-packages/airflow/example_dags/example_latest_only_with_trigger.py took 0.209 seconds
[2026-05-19T14:21:37.932+0000] {processor.py:161} INFO - Started process (PID=5971) to work on /home/airflow/.local/lib/python3.12/site-packages/airflow/example_dags/example_latest_only_with_trigger.py
[2026-05-19T14:21:37.933+0000] {processor.py:830} INFO - Processing file /home/airflow/.local/lib/python3.12/site-packages/airflow/example_dags/example_latest_only_with_trigger.py for tasks to queue
[2026-05-19T14:21:37.935+0000] {logging_mixin.py:188} INFO - [2026-05-19T14:21:37.935+0000] {dagbag.py:545} INFO - Filling up the DagBag from /home/airflow/.local/lib/python3.12/site-packages/airflow/example_dags/example_latest_only_with_trigger.py
[2026-05-19T14:21:37.939+0000] {processor.py:840} INFO - DAG(s) 'latest_only_with_trigger' retrieved from /home/airflow/.local/lib/python3.12/site-packages/airflow/example_dags/example_latest_only_with_trigger.py
[2026-05-19T14:21:37.964+0000] {logging_mixin.py:188} INFO - [2026-05-19T14:21:37.963+0000] {dag.py:3096} INFO - Sync 1 DAGs
[2026-05-19T14:21:38.001+0000] {logging_mixin.py:188} INFO - [2026-05-19T14:21:38.000+0000] {dag.py:3954} INFO - Setting next_dagrun for latest_only_with_trigger to 2026-05-19 08:00:00+00:00, run_after=2026-05-19 12:00:00+00:00
[2026-05-19T14:21:38.042+0000] {processor.py:183} INFO - Processing /home/airflow/.local/lib/python3.12/site-packages/airflow/example_dags/example_latest_only_with_trigger.py took 0.114 seconds
[2026-05-19T17:35:44.341+0000] {processor.py:161} INFO - Started process (PID=6031) to work on /home/airflow/.local/lib/python3.12/site-packages/airflow/example_dags/example_latest_only_with_trigger.py
[2026-05-19T17:35:44.343+0000] {processor.py:830} INFO - Processing file /home/airflow/.local/lib/python3.12/site-packages/airflow/example_dags/example_latest_only_with_trigger.py for tasks to queue
[2026-05-19T17:35:44.349+0000] {logging_mixin.py:188} INFO - [2026-05-19T17:35:44.349+0000] {dagbag.py:545} INFO - Filling up the DagBag from /home/airflow/.local/lib/python3.12/site-packages/airflow/example_dags/example_latest_only_with_trigger.py
[2026-05-19T17:35:44.362+0000] {processor.py:840} INFO - DAG(s) 'latest_only_with_trigger' retrieved from /home/airflow/.local/lib/python3.12/site-packages/airflow/example_dags/example_latest_only_with_trigger.py
[2026-05-19T17:35:44.403+0000] {logging_mixin.py:188} INFO - [2026-05-19T17:35:44.402+0000] {dag.py:3096} INFO - Sync 1 DAGs
[2026-05-19T17:35:44.446+0000] {logging_mixin.py:188} INFO - [2026-05-19T17:35:44.445+0000] {dag.py:3954} INFO - Setting next_dagrun for latest_only_with_trigger to 2026-05-19 12:00:00+00:00, run_after=2026-05-19 16:00:00+00:00
[2026-05-19T17:35:44.481+0000] {processor.py:183} INFO - Processing /home/airflow/.local/lib/python3.12/site-packages/airflow/example_dags/example_latest_only_with_trigger.py took 0.154 seconds
[2026-05-19T17:36:15.094+0000] {processor.py:161} INFO - Started process (PID=6091) to work on /home/airflow/.local/lib/python3.12/site-packages/airflow/example_dags/example_latest_only_with_trigger.py
[2026-05-19T17:36:15.096+0000] {processor.py:830} INFO - Processing file /home/airflow/.local/lib/python3.12/site-packages/airflow/example_dags/example_latest_only_with_trigger.py for tasks to queue
[2026-05-19T17:36:15.099+0000] {logging_mixin.py:188} INFO - [2026-05-19T17:36:15.098+0000] {dagbag.py:545} INFO - Filling up the DagBag from /home/airflow/.local/lib/python3.12/site-packages/airflow/example_dags/example_latest_only_with_trigger.py
[2026-05-19T17:36:15.106+0000] {processor.py:840} INFO - DAG(s) 'latest_only_with_trigger' retrieved from /home/airflow/.local/lib/python3.12/site-packages/airflow/example_dags/example_latest_only_with_trigger.py
[2026-05-19T17:36:15.137+0000] {logging_mixin.py:188} INFO - [2026-05-19T17:36:15.137+0000] {dag.py:3096} INFO - Sync 1 DAGs
[2026-05-19T17:36:15.168+0000] {logging_mixin.py:188} INFO - [2026-05-19T17:36:15.167+0000] {dag.py:3954} INFO - Setting next_dagrun for latest_only_with_trigger to 2026-05-19 12:00:00+00:00, run_after=2026-05-19 16:00:00+00:00
[2026-05-19T17:36:15.192+0000] {processor.py:183} INFO - Processing /home/airflow/.local/lib/python3.12/site-packages/airflow/example_dags/example_latest_only_with_trigger.py took 0.105 seconds
[2026-05-19T17:36:45.550+0000] {processor.py:161} INFO - Started process (PID=6150) to work on /home/airflow/.local/lib/python3.12/site-packages/airflow/example_dags/example_latest_only_with_trigger.py
[2026-05-19T17:36:45.551+0000] {processor.py:830} INFO - Processing file /home/airflow/.local/lib/python3.12/site-packages/airflow/example_dags/example_latest_only_with_trigger.py for tasks to queue
[2026-05-19T17:36:45.554+0000] {logging_mixin.py:188} INFO - [2026-05-19T17:36:45.553+0000] {dagbag.py:545} INFO - Filling up the DagBag from /home/airflow/.local/lib/python3.12/site-packages/airflow/example_dags/example_latest_only_with_trigger.py
[2026-05-19T17:36:45.560+0000] {processor.py:840} INFO - DAG(s) 'latest_only_with_trigger' retrieved from /home/airflow/.local/lib/python3.12/site-packages/airflow/example_dags/example_latest_only_with_trigger.py
[2026-05-19T17:36:45.584+0000] {logging_mixin.py:188} INFO - [2026-05-19T17:36:45.584+0000] {dag.py:3096} INFO - Sync 1 DAGs
[2026-05-19T17:36:45.607+0000] {logging_mixin.py:188} INFO - [2026-05-19T17:36:45.607+0000] {dag.py:3954} INFO - Setting next_dagrun for latest_only_with_trigger to 2026-05-19 12:00:00+00:00, run_after=2026-05-19 16:00:00+00:00
[2026-05-19T17:36:45.624+0000] {processor.py:183} INFO - Processing /home/airflow/.local/lib/python3.12/site-packages/airflow/example_dags/example_latest_only_with_trigger.py took 0.081 seconds
[2026-05-19T17:37:16.393+0000] {processor.py:161} INFO - Started process (PID=6209) to work on /home/airflow/.local/lib/python3.12/site-packages/airflow/example_dags/example_latest_only_with_trigger.py
[2026-05-19T17:37:16.394+0000] {processor.py:830} INFO - Processing file /home/airflow/.local/lib/python3.12/site-packages/airflow/example_dags/example_latest_only_with_trigger.py for tasks to queue
[2026-05-19T17:37:16.396+0000] {logging_mixin.py:188} INFO - [2026-05-19T17:37:16.396+0000] {dagbag.py:545} INFO - Filling up the DagBag from /home/airflow/.local/lib/python3.12/site-packages/airflow/example_dags/example_latest_only_with_trigger.py
[2026-05-19T17:37:16.403+0000] {processor.py:840} INFO - DAG(s) 'latest_only_with_trigger' retrieved from /home/airflow/.local/lib/python3.12/site-packages/airflow/example_dags/example_latest_only_with_trigger.py
[2026-05-19T17:37:16.432+0000] {logging_mixin.py:188} INFO - [2026-05-19T17:37:16.432+0000] {dag.py:3096} INFO - Sync 1 DAGs
[2026-05-19T17:37:16.457+0000] {logging_mixin.py:188} INFO - [2026-05-19T17:37:16.457+0000] {dag.py:3954} INFO - Setting next_dagrun for latest_only_with_trigger to 2026-05-19 12:00:00+00:00, run_after=2026-05-19 16:00:00+00:00
[2026-05-19T17:37:16.485+0000] {processor.py:183} INFO - Processing /home/airflow/.local/lib/python3.12/site-packages/airflow/example_dags/example_latest_only_with_trigger.py took 0.099 seconds
[2026-05-19T17:37:47.844+0000] {processor.py:161} INFO - Started process (PID=6268) to work on /home/airflow/.local/lib/python3.12/site-packages/airflow/example_dags/example_latest_only_with_trigger.py
[2026-05-19T17:37:47.845+0000] {processor.py:830} INFO - Processing file /home/airflow/.local/lib/python3.12/site-packages/airflow/example_dags/example_latest_only_with_trigger.py for tasks to queue
[2026-05-19T17:37:47.847+0000] {logging_mixin.py:188} INFO - [2026-05-19T17:37:47.846+0000] {dagbag.py:545} INFO - Filling up the DagBag from /home/airflow/.local/lib/python3.12/site-packages/airflow/example_dags/example_latest_only_with_trigger.py
[2026-05-19T17:37:47.853+0000] {processor.py:840} INFO - DAG(s) 'latest_only_with_trigger' retrieved from /home/airflow/.local/lib/python3.12/site-packages/airflow/example_dags/example_latest_only_with_trigger.py
[2026-05-19T17:37:47.875+0000] {logging_mixin.py:188} INFO - [2026-05-19T17:37:47.874+0000] {dag.py:3096} INFO - Sync 1 DAGs
[2026-05-19T17:37:47.896+0000] {logging_mixin.py:188} INFO - [2026-05-19T17:37:47.895+0000] {dag.py:3954} INFO - Setting next_dagrun for latest_only_with_trigger to 2026-05-19 12:00:00+00:00, run_after=2026-05-19 16:00:00+00:00
[2026-05-19T17:37:47.914+0000] {processor.py:183} INFO - Processing /home/airflow/.local/lib/python3.12/site-packages/airflow/example_dags/example_latest_only_with_trigger.py took 0.075 seconds
[2026-05-19T17:38:18.276+0000] {processor.py:161} INFO - Started process (PID=6327) to work on /home/airflow/.local/lib/python3.12/site-packages/airflow/example_dags/example_latest_only_with_trigger.py
[2026-05-19T17:38:18.277+0000] {processor.py:830} INFO - Processing file /home/airflow/.local/lib/python3.12/site-packages/airflow/example_dags/example_latest_only_with_trigger.py for tasks to queue
[2026-05-19T17:38:18.279+0000] {logging_mixin.py:188} INFO - [2026-05-19T17:38:18.278+0000] {dagbag.py:545} INFO - Filling up the DagBag from /home/airflow/.local/lib/python3.12/site-packages/airflow/example_dags/example_latest_only_with_trigger.py
[2026-05-19T17:38:18.284+0000] {processor.py:840} INFO - DAG(s) 'latest_only_with_trigger' retrieved from /home/airflow/.local/lib/python3.12/site-packages/airflow/example_dags/example_latest_only_with_trigger.py
[2026-05-19T17:38:18.305+0000] {logging_mixin.py:188} INFO - [2026-05-19T17:38:18.304+0000] {dag.py:3096} INFO - Sync 1 DAGs
[2026-05-19T17:38:18.324+0000] {logging_mixin.py:188} INFO - [2026-05-19T17:38:18.323+0000] {dag.py:3954} INFO - Setting next_dagrun for latest_only_with_trigger to 2026-05-19 12:00:00+00:00, run_after=2026-05-19 16:00:00+00:00
[2026-05-19T17:38:18.343+0000] {processor.py:183} INFO - Processing /home/airflow/.local/lib/python3.12/site-packages/airflow/example_dags/example_latest_only_with_trigger.py took 0.072 seconds
[2026-05-19T17:38:49.498+0000] {processor.py:161} INFO - Started process (PID=6386) to work on /home/airflow/.local/lib/python3.12/site-packages/airflow/example_dags/example_latest_only_with_trigger.py
[2026-05-19T17:38:49.499+0000] {processor.py:830} INFO - Processing file /home/airflow/.local/lib/python3.12/site-packages/airflow/example_dags/example_latest_only_with_trigger.py for tasks to queue
[2026-05-19T17:38:49.501+0000] {logging_mixin.py:188} INFO - [2026-05-19T17:38:49.501+0000] {dagbag.py:545} INFO - Filling up the DagBag from /home/airflow/.local/lib/python3.12/site-packages/airflow/example_dags/example_latest_only_with_trigger.py
[2026-05-19T17:38:49.505+0000] {processor.py:840} INFO - DAG(s) 'latest_only_with_trigger' retrieved from /home/airflow/.local/lib/python3.12/site-packages/airflow/example_dags/example_latest_only_with_trigger.py
[2026-05-19T17:38:49.522+0000] {logging_mixin.py:188} INFO - [2026-05-19T17:38:49.521+0000] {dag.py:3096} INFO - Sync 1 DAGs
[2026-05-19T17:38:49.550+0000] {logging_mixin.py:188} INFO - [2026-05-19T17:38:49.550+0000] {dag.py:3954} INFO - Setting next_dagrun for latest_only_with_trigger to 2026-05-19 12:00:00+00:00, run_after=2026-05-19 16:00:00+00:00
[2026-05-19T17:38:49.566+0000] {processor.py:183} INFO - Processing /home/airflow/.local/lib/python3.12/site-packages/airflow/example_dags/example_latest_only_with_trigger.py took 0.073 seconds
[2026-05-19T17:39:19.704+0000] {processor.py:161} INFO - Started process (PID=6445) to work on /home/airflow/.local/lib/python3.12/site-packages/airflow/example_dags/example_latest_only_with_trigger.py
[2026-05-19T17:39:19.706+0000] {processor.py:830} INFO - Processing file /home/airflow/.local/lib/python3.12/site-packages/airflow/example_dags/example_latest_only_with_trigger.py for tasks to queue
[2026-05-19T17:39:19.708+0000] {logging_mixin.py:188} INFO - [2026-05-19T17:39:19.707+0000] {dagbag.py:545} INFO - Filling up the DagBag from /home/airflow/.local/lib/python3.12/site-packages/airflow/example_dags/example_latest_only_with_trigger.py
[2026-05-19T17:39:19.714+0000] {processor.py:840} INFO - DAG(s) 'latest_only_with_trigger' retrieved from /home/airflow/.local/lib/python3.12/site-packages/airflow/example_dags/example_latest_only_with_trigger.py
[2026-05-19T17:39:19.736+0000] {logging_mixin.py:188} INFO - [2026-05-19T17:39:19.735+0000] {dag.py:3096} INFO - Sync 1 DAGs
[2026-05-19T17:39:19.758+0000] {logging_mixin.py:188} INFO - [2026-05-19T17:39:19.758+0000] {dag.py:3954} INFO - Setting next_dagrun for latest_only_with_trigger to 2026-05-19 12:00:00+00:00, run_after=2026-05-19 16:00:00+00:00
[2026-05-19T17:39:19.776+0000] {processor.py:183} INFO - Processing /home/airflow/.local/lib/python3.12/site-packages/airflow/example_dags/example_latest_only_with_trigger.py took 0.077 seconds
[2026-05-19T17:39:50.022+0000] {processor.py:161} INFO - Started process (PID=6504) to work on /home/airflow/.local/lib/python3.12/site-packages/airflow/example_dags/example_latest_only_with_trigger.py
[2026-05-19T17:39:50.023+0000] {processor.py:830} INFO - Processing file /home/airflow/.local/lib/python3.12/site-packages/airflow/example_dags/example_latest_only_with_trigger.py for tasks to queue
[2026-05-19T17:39:50.025+0000] {logging_mixin.py:188} INFO - [2026-05-19T17:39:50.025+0000] {dagbag.py:545} INFO - Filling up the DagBag from /home/airflow/.local/lib/python3.12/site-packages/airflow/example_dags/example_latest_only_with_trigger.py
[2026-05-19T17:39:50.030+0000] {processor.py:840} INFO - DAG(s) 'latest_only_with_trigger' retrieved from /home/airflow/.local/lib/python3.12/site-packages/airflow/example_dags/example_latest_only_with_trigger.py
[2026-05-19T17:39:50.050+0000] {logging_mixin.py:188} INFO - [2026-05-19T17:39:50.049+0000] {dag.py:3096} INFO - Sync 1 DAGs
[2026-05-19T17:39:50.068+0000] {logging_mixin.py:188} INFO - [2026-05-19T17:39:50.068+0000] {dag.py:3954} INFO - Setting next_dagrun for latest_only_with_trigger to 2026-05-19 12:00:00+00:00, run_after=2026-05-19 16:00:00+00:00
[2026-05-19T17:39:50.087+0000] {processor.py:183} INFO - Processing /home/airflow/.local/lib/python3.12/site-packages/airflow/example_dags/example_latest_only_with_trigger.py took 0.069 seconds
[2026-05-19T17:40:20.300+0000] {processor.py:161} INFO - Started process (PID=6563) to work on /home/airflow/.local/lib/python3.12/site-packages/airflow/example_dags/example_latest_only_with_trigger.py
[2026-05-19T17:40:20.301+0000] {processor.py:830} INFO - Processing file /home/airflow/.local/lib/python3.12/site-packages/airflow/example_dags/example_latest_only_with_trigger.py for tasks to queue
[2026-05-19T17:40:20.303+0000] {logging_mixin.py:188} INFO - [2026-05-19T17:40:20.302+0000] {dagbag.py:545} INFO - Filling up the DagBag from /home/airflow/.local/lib/python3.12/site-packages/airflow/example_dags/example_latest_only_with_trigger.py
[2026-05-19T17:40:20.309+0000] {processor.py:840} INFO - DAG(s) 'latest_only_with_trigger' retrieved from /home/airflow/.local/lib/python3.12/site-packages/airflow/example_dags/example_latest_only_with_trigger.py
[2026-05-19T17:40:20.328+0000] {logging_mixin.py:188} INFO - [2026-05-19T17:40:20.328+0000] {dag.py:3096} INFO - Sync 1 DAGs
[2026-05-19T17:40:20.345+0000] {logging_mixin.py:188} INFO - [2026-05-19T17:40:20.345+0000] {dag.py:3954} INFO - Setting next_dagrun for latest_only_with_trigger to 2026-05-19 12:00:00+00:00, run_after=2026-05-19 16:00:00+00:00
[2026-05-19T17:40:20.362+0000] {processor.py:183} INFO - Processing /home/airflow/.local/lib/python3.12/site-packages/airflow/example_dags/example_latest_only_with_trigger.py took 0.068 seconds
[2026-05-19T17:40:50.642+0000] {processor.py:161} INFO - Started process (PID=6621) to work on /home/airflow/.local/lib/python3.12/site-packages/airflow/example_dags/example_latest_only_with_trigger.py
[2026-05-19T17:40:50.643+0000] {processor.py:830} INFO - Processing file /home/airflow/.local/lib/python3.12/site-packages/airflow/example_dags/example_latest_only_with_trigger.py for tasks to queue
[2026-05-19T17:40:50.646+0000] {logging_mixin.py:188} INFO - [2026-05-19T17:40:50.645+0000] {dagbag.py:545} INFO - Filling up the DagBag from /home/airflow/.local/lib/python3.12/site-packages/airflow/example_dags/example_latest_only_with_trigger.py
[2026-05-19T17:40:50.654+0000] {processor.py:840} INFO - DAG(s) 'latest_only_with_trigger' retrieved from /home/airflow/.local/lib/python3.12/site-packages/airflow/example_dags/example_latest_only_with_trigger.py
[2026-05-19T17:40:50.679+0000] {logging_mixin.py:188} INFO - [2026-05-19T17:40:50.678+0000] {dag.py:3096} INFO - Sync 1 DAGs
[2026-05-19T17:40:50.703+0000] {logging_mixin.py:188} INFO - [2026-05-19T17:40:50.703+0000] {dag.py:3954} INFO - Setting next_dagrun for latest_only_with_trigger to 2026-05-19 12:00:00+00:00, run_after=2026-05-19 16:00:00+00:00
[2026-05-19T17:40:50.723+0000] {processor.py:183} INFO - Processing /home/airflow/.local/lib/python3.12/site-packages/airflow/example_dags/example_latest_only_with_trigger.py took 0.086 seconds
[2026-05-19T17:41:21.008+0000] {processor.py:161} INFO - Started process (PID=6681) to work on /home/airflow/.local/lib/python3.12/site-packages/airflow/example_dags/example_latest_only_with_trigger.py
[2026-05-19T17:41:21.010+0000] {processor.py:830} INFO - Processing file /home/airflow/.local/lib/python3.12/site-packages/airflow/example_dags/example_latest_only_with_trigger.py for tasks to queue
[2026-05-19T17:41:21.012+0000] {logging_mixin.py:188} INFO - [2026-05-19T17:41:21.012+0000] {dagbag.py:545} INFO - Filling up the DagBag from /home/airflow/.local/lib/python3.12/site-packages/airflow/example_dags/example_latest_only_with_trigger.py
[2026-05-19T17:41:21.017+0000] {processor.py:840} INFO - DAG(s) 'latest_only_with_trigger' retrieved from /home/airflow/.local/lib/python3.12/site-packages/airflow/example_dags/example_latest_only_with_trigger.py
[2026-05-19T17:41:21.038+0000] {logging_mixin.py:188} INFO - [2026-05-19T17:41:21.038+0000] {dag.py:3096} INFO - Sync 1 DAGs
[2026-05-19T17:41:21.060+0000] {logging_mixin.py:188} INFO - [2026-05-19T17:41:21.060+0000] {dag.py:3954} INFO - Setting next_dagrun for latest_only_with_trigger to 2026-05-19 12:00:00+00:00, run_after=2026-05-19 16:00:00+00:00
[2026-05-19T17:41:21.078+0000] {processor.py:183} INFO - Processing /home/airflow/.local/lib/python3.12/site-packages/airflow/example_dags/example_latest_only_with_trigger.py took 0.076 seconds
[2026-05-19T17:41:51.941+0000] {processor.py:161} INFO - Started process (PID=6740) to work on /home/airflow/.local/lib/python3.12/site-packages/airflow/example_dags/example_latest_only_with_trigger.py
[2026-05-19T17:41:51.942+0000] {processor.py:830} INFO - Processing file /home/airflow/.local/lib/python3.12/site-packages/airflow/example_dags/example_latest_only_with_trigger.py for tasks to queue
[2026-05-19T17:41:51.944+0000] {logging_mixin.py:188} INFO - [2026-05-19T17:41:51.944+0000] {dagbag.py:545} INFO - Filling up the DagBag from /home/airflow/.local/lib/python3.12/site-packages/airflow/example_dags/example_latest_only_with_trigger.py
[2026-05-19T17:41:51.948+0000] {processor.py:840} INFO - DAG(s) 'latest_only_with_trigger' retrieved from /home/airflow/.local/lib/python3.12/site-packages/airflow/example_dags/example_latest_only_with_trigger.py
[2026-05-19T17:41:51.967+0000] {logging_mixin.py:188} INFO - [2026-05-19T17:41:51.967+0000] {dag.py:3096} INFO - Sync 1 DAGs
[2026-05-19T17:41:51.983+0000] {logging_mixin.py:188} INFO - [2026-05-19T17:41:51.983+0000] {dag.py:3954} INFO - Setting next_dagrun for latest_only_with_trigger to 2026-05-19 12:00:00+00:00, run_after=2026-05-19 16:00:00+00:00
[2026-05-19T17:41:52.002+0000] {processor.py:183} INFO - Processing /home/airflow/.local/lib/python3.12/site-packages/airflow/example_dags/example_latest_only_with_trigger.py took 0.066 seconds
[2026-05-19T17:42:22.200+0000] {processor.py:161} INFO - Started process (PID=6799) to work on /home/airflow/.local/lib/python3.12/site-packages/airflow/example_dags/example_latest_only_with_trigger.py
[2026-05-19T17:42:22.201+0000] {processor.py:830} INFO - Processing file /home/airflow/.local/lib/python3.12/site-packages/airflow/example_dags/example_latest_only_with_trigger.py for tasks to queue
[2026-05-19T17:42:22.202+0000] {logging_mixin.py:188} INFO - [2026-05-19T17:42:22.202+0000] {dagbag.py:545} INFO - Filling up the DagBag from /home/airflow/.local/lib/python3.12/site-packages/airflow/example_dags/example_latest_only_with_trigger.py
[2026-05-19T17:42:22.208+0000] {processor.py:840} INFO - DAG(s) 'latest_only_with_trigger' retrieved from /home/airflow/.local/lib/python3.12/site-packages/airflow/example_dags/example_latest_only_with_trigger.py
[2026-05-19T17:42:22.227+0000] {logging_mixin.py:188} INFO - [2026-05-19T17:42:22.226+0000] {dag.py:3096} INFO - Sync 1 DAGs
[2026-05-19T17:42:22.246+0000] {logging_mixin.py:188} INFO - [2026-05-19T17:42:22.245+0000] {dag.py:3954} INFO - Setting next_dagrun for latest_only_with_trigger to 2026-05-19 12:00:00+00:00, run_after=2026-05-19 16:00:00+00:00
[2026-05-19T17:42:22.260+0000] {processor.py:183} INFO - Processing /home/airflow/.local/lib/python3.12/site-packages/airflow/example_dags/example_latest_only_with_trigger.py took 0.065 seconds
[2026-05-19T17:42:52.528+0000] {processor.py:161} INFO - Started process (PID=6858) to work on /home/airflow/.local/lib/python3.12/site-packages/airflow/example_dags/example_latest_only_with_trigger.py
[2026-05-19T17:42:52.529+0000] {processor.py:830} INFO - Processing file /home/airflow/.local/lib/python3.12/site-packages/airflow/example_dags/example_latest_only_with_trigger.py for tasks to queue
[2026-05-19T17:42:52.531+0000] {logging_mixin.py:188} INFO - [2026-05-19T17:42:52.531+0000] {dagbag.py:545} INFO - Filling up the DagBag from /home/airflow/.local/lib/python3.12/site-packages/airflow/example_dags/example_latest_only_with_trigger.py
[2026-05-19T17:42:52.536+0000] {processor.py:840} INFO - DAG(s) 'latest_only_with_trigger' retrieved from /home/airflow/.local/lib/python3.12/site-packages/airflow/example_dags/example_latest_only_with_trigger.py
[2026-05-19T17:42:52.555+0000] {logging_mixin.py:188} INFO - [2026-05-19T17:42:52.554+0000] {dag.py:3096} INFO - Sync 1 DAGs
[2026-05-19T17:42:52.575+0000] {logging_mixin.py:188} INFO - [2026-05-19T17:42:52.575+0000] {dag.py:3954} INFO - Setting next_dagrun for latest_only_with_trigger to 2026-05-19 12:00:00+00:00, run_after=2026-05-19 16:00:00+00:00
[2026-05-19T17:42:52.596+0000] {processor.py:183} INFO - Processing /home/airflow/.local/lib/python3.12/site-packages/airflow/example_dags/example_latest_only_with_trigger.py took 0.076 seconds
[2026-05-19T17:43:23.358+0000] {processor.py:161} INFO - Started process (PID=6917) to work on /home/airflow/.local/lib/python3.12/site-packages/airflow/example_dags/example_latest_only_with_trigger.py
[2026-05-19T17:43:23.359+0000] {processor.py:830} INFO - Processing file /home/airflow/.local/lib/python3.12/site-packages/airflow/example_dags/example_latest_only_with_trigger.py for tasks to queue
[2026-05-19T17:43:23.368+0000] {logging_mixin.py:188} INFO - [2026-05-19T17:43:23.367+0000] {dagbag.py:545} INFO - Filling up the DagBag from /home/airflow/.local/lib/python3.12/site-packages/airflow/example_dags/example_latest_only_with_trigger.py
[2026-05-19T17:43:23.375+0000] {processor.py:840} INFO - DAG(s) 'latest_only_with_trigger' retrieved from /home/airflow/.local/lib/python3.12/site-packages/airflow/example_dags/example_latest_only_with_trigger.py
[2026-05-19T17:43:23.408+0000] {logging_mixin.py:188} INFO - [2026-05-19T17:43:23.407+0000] {dag.py:3096} INFO - Sync 1 DAGs
[2026-05-19T17:43:23.435+0000] {logging_mixin.py:188} INFO - [2026-05-19T17:43:23.434+0000] {dag.py:3954} INFO - Setting next_dagrun for latest_only_with_trigger to 2026-05-19 12:00:00+00:00, run_after=2026-05-19 16:00:00+00:00
[2026-05-19T17:43:23.464+0000] {processor.py:183} INFO - Processing /home/airflow/.local/lib/python3.12/site-packages/airflow/example_dags/example_latest_only_with_trigger.py took 0.115 seconds
[2026-05-19T17:43:53.518+0000] {processor.py:161} INFO - Started process (PID=6976) to work on /home/airflow/.local/lib/python3.12/site-packages/airflow/example_dags/example_latest_only_with_trigger.py
[2026-05-19T17:43:53.519+0000] {processor.py:830} INFO - Processing file /home/airflow/.local/lib/python3.12/site-packages/airflow/example_dags/example_latest_only_with_trigger.py for tasks to queue
[2026-05-19T17:43:53.523+0000] {logging_mixin.py:188} INFO - [2026-05-19T17:43:53.522+0000] {dagbag.py:545} INFO - Filling up the DagBag from /home/airflow/.local/lib/python3.12/site-packages/airflow/example_dags/example_latest_only_with_trigger.py
[2026-05-19T17:43:53.529+0000] {processor.py:840} INFO - DAG(s) 'latest_only_with_trigger' retrieved from /home/airflow/.local/lib/python3.12/site-packages/airflow/example_dags/example_latest_only_with_trigger.py
[2026-05-19T17:43:53.555+0000] {logging_mixin.py:188} INFO - [2026-05-19T17:43:53.554+0000] {dag.py:3096} INFO - Sync 1 DAGs
[2026-05-19T17:43:53.579+0000] {logging_mixin.py:188} INFO - [2026-05-19T17:43:53.579+0000] {dag.py:3954} INFO - Setting next_dagrun for latest_only_with_trigger to 2026-05-19 12:00:00+00:00, run_after=2026-05-19 16:00:00+00:00
[2026-05-19T17:43:53.603+0000] {processor.py:183} INFO - Processing /home/airflow/.local/lib/python3.12/site-packages/airflow/example_dags/example_latest_only_with_trigger.py took 0.094 seconds
[2026-05-19T17:44:24.145+0000] {processor.py:161} INFO - Started process (PID=7035) to work on /home/airflow/.local/lib/python3.12/site-packages/airflow/example_dags/example_latest_only_with_trigger.py
[2026-05-19T17:44:24.147+0000] {processor.py:830} INFO - Processing file /home/airflow/.local/lib/python3.12/site-packages/airflow/example_dags/example_latest_only_with_trigger.py for tasks to queue
[2026-05-19T17:44:24.150+0000] {logging_mixin.py:188} INFO - [2026-05-19T17:44:24.149+0000] {dagbag.py:545} INFO - Filling up the DagBag from /home/airflow/.local/lib/python3.12/site-packages/airflow/example_dags/example_latest_only_with_trigger.py
[2026-05-19T17:44:24.156+0000] {processor.py:840} INFO - DAG(s) 'latest_only_with_trigger' retrieved from /home/airflow/.local/lib/python3.12/site-packages/airflow/example_dags/example_latest_only_with_trigger.py
[2026-05-19T17:44:24.182+0000] {logging_mixin.py:188} INFO - [2026-05-19T17:44:24.182+0000] {dag.py:3096} INFO - Sync 1 DAGs
[2026-05-19T17:44:24.210+0000] {logging_mixin.py:188} INFO - [2026-05-19T17:44:24.209+0000] {dag.py:3954} INFO - Setting next_dagrun for latest_only_with_trigger to 2026-05-19 12:00:00+00:00, run_after=2026-05-19 16:00:00+00:00
[2026-05-19T17:44:24.234+0000] {processor.py:183} INFO - Processing /home/airflow/.local/lib/python3.12/site-packages/airflow/example_dags/example_latest_only_with_trigger.py took 0.096 seconds
[2026-05-19T17:44:54.681+0000] {processor.py:161} INFO - Started process (PID=7094) to work on /home/airflow/.local/lib/python3.12/site-packages/airflow/example_dags/example_latest_only_with_trigger.py
[2026-05-19T17:44:54.682+0000] {processor.py:830} INFO - Processing file /home/airflow/.local/lib/python3.12/site-packages/airflow/example_dags/example_latest_only_with_trigger.py for tasks to queue
[2026-05-19T17:44:54.684+0000] {logging_mixin.py:188} INFO - [2026-05-19T17:44:54.684+0000] {dagbag.py:545} INFO - Filling up the DagBag from /home/airflow/.local/lib/python3.12/site-packages/airflow/example_dags/example_latest_only_with_trigger.py
[2026-05-19T17:44:54.689+0000] {processor.py:840} INFO - DAG(s) 'latest_only_with_trigger' retrieved from /home/airflow/.local/lib/python3.12/site-packages/airflow/example_dags/example_latest_only_with_trigger.py
[2026-05-19T17:44:54.709+0000] {logging_mixin.py:188} INFO - [2026-05-19T17:44:54.709+0000] {dag.py:3096} INFO - Sync 1 DAGs
[2026-05-19T17:44:54.734+0000] {logging_mixin.py:188} INFO - [2026-05-19T17:44:54.733+0000] {dag.py:3954} INFO - Setting next_dagrun for latest_only_with_trigger to 2026-05-19 12:00:00+00:00, run_after=2026-05-19 16:00:00+00:00
[2026-05-19T17:44:54.751+0000] {processor.py:183} INFO - Processing /home/airflow/.local/lib/python3.12/site-packages/airflow/example_dags/example_latest_only_with_trigger.py took 0.075 seconds
[2026-05-19T17:45:25.053+0000] {processor.py:161} INFO - Started process (PID=7153) to work on /home/airflow/.local/lib/python3.12/site-packages/airflow/example_dags/example_latest_only_with_trigger.py
[2026-05-19T17:45:25.054+0000] {processor.py:830} INFO - Processing file /home/airflow/.local/lib/python3.12/site-packages/airflow/example_dags/example_latest_only_with_trigger.py for tasks to queue
[2026-05-19T17:45:25.057+0000] {logging_mixin.py:188} INFO - [2026-05-19T17:45:25.056+0000] {dagbag.py:545} INFO - Filling up the DagBag from /home/airflow/.local/lib/python3.12/site-packages/airflow/example_dags/example_latest_only_with_trigger.py
[2026-05-19T17:45:25.071+0000] {processor.py:840} INFO - DAG(s) 'latest_only_with_trigger' retrieved from /home/airflow/.local/lib/python3.12/site-packages/airflow/example_dags/example_latest_only_with_trigger.py
[2026-05-19T17:45:25.104+0000] {logging_mixin.py:188} INFO - [2026-05-19T17:45:25.103+0000] {dag.py:3096} INFO - Sync 1 DAGs
[2026-05-19T17:45:25.139+0000] {logging_mixin.py:188} INFO - [2026-05-19T17:45:25.139+0000] {dag.py:3954} INFO - Setting next_dagrun for latest_only_with_trigger to 2026-05-19 12:00:00+00:00, run_after=2026-05-19 16:00:00+00:00
[2026-05-19T17:45:25.176+0000] {processor.py:183} INFO - Processing /home/airflow/.local/lib/python3.12/site-packages/airflow/example_dags/example_latest_only_with_trigger.py took 0.132 seconds
[2026-05-19T17:45:55.330+0000] {processor.py:161} INFO - Started process (PID=7212) to work on /home/airflow/.local/lib/python3.12/site-packages/airflow/example_dags/example_latest_only_with_trigger.py
[2026-05-19T17:45:55.332+0000] {processor.py:830} INFO - Processing file /home/airflow/.local/lib/python3.12/site-packages/airflow/example_dags/example_latest_only_with_trigger.py for tasks to queue
[2026-05-19T17:45:55.336+0000] {logging_mixin.py:188} INFO - [2026-05-19T17:45:55.336+0000] {dagbag.py:545} INFO - Filling up the DagBag from /home/airflow/.local/lib/python3.12/site-packages/airflow/example_dags/example_latest_only_with_trigger.py
[2026-05-19T17:45:55.341+0000] {processor.py:840} INFO - DAG(s) 'latest_only_with_trigger' retrieved from /home/airflow/.local/lib/python3.12/site-packages/airflow/example_dags/example_latest_only_with_trigger.py
[2026-05-19T17:45:55.373+0000] {logging_mixin.py:188} INFO - [2026-05-19T17:45:55.373+0000] {dag.py:3096} INFO - Sync 1 DAGs
[2026-05-19T17:45:55.406+0000] {logging_mixin.py:188} INFO - [2026-05-19T17:45:55.406+0000] {dag.py:3954} INFO - Setting next_dagrun for latest_only_with_trigger to 2026-05-19 12:00:00+00:00, run_after=2026-05-19 16:00:00+00:00
[2026-05-19T17:45:55.430+0000] {processor.py:183} INFO - Processing /home/airflow/.local/lib/python3.12/site-packages/airflow/example_dags/example_latest_only_with_trigger.py took 0.108 seconds
[2026-05-19T17:47:23.032+0000] {processor.py:161} INFO - Started process (PID=110) to work on /home/airflow/.local/lib/python3.12/site-packages/airflow/example_dags/example_latest_only_with_trigger.py
[2026-05-19T17:47:23.034+0000] {processor.py:830} INFO - Processing file /home/airflow/.local/lib/python3.12/site-packages/airflow/example_dags/example_latest_only_with_trigger.py for tasks to queue
[2026-05-19T17:47:23.036+0000] {logging_mixin.py:188} INFO - [2026-05-19T17:47:23.036+0000] {dagbag.py:545} INFO - Filling up the DagBag from /home/airflow/.local/lib/python3.12/site-packages/airflow/example_dags/example_latest_only_with_trigger.py
[2026-05-19T17:47:23.044+0000] {processor.py:840} INFO - DAG(s) 'latest_only_with_trigger' retrieved from /home/airflow/.local/lib/python3.12/site-packages/airflow/example_dags/example_latest_only_with_trigger.py
[2026-05-19T17:47:23.193+0000] {logging_mixin.py:188} INFO - [2026-05-19T17:47:23.192+0000] {dag.py:3096} INFO - Sync 1 DAGs
[2026-05-19T17:47:23.225+0000] {logging_mixin.py:188} INFO - [2026-05-19T17:47:23.225+0000] {dag.py:3954} INFO - Setting next_dagrun for latest_only_with_trigger to 2026-05-19 12:00:00+00:00, run_after=2026-05-19 16:00:00+00:00
[2026-05-19T17:47:23.267+0000] {processor.py:183} INFO - Processing /home/airflow/.local/lib/python3.12/site-packages/airflow/example_dags/example_latest_only_with_trigger.py took 0.242 seconds
[2026-05-19T17:47:53.888+0000] {processor.py:161} INFO - Started process (PID=168) to work on /home/airflow/.local/lib/python3.12/site-packages/airflow/example_dags/example_latest_only_with_trigger.py
[2026-05-19T17:47:53.889+0000] {processor.py:830} INFO - Processing file /home/airflow/.local/lib/python3.12/site-packages/airflow/example_dags/example_latest_only_with_trigger.py for tasks to queue
[2026-05-19T17:47:53.891+0000] {logging_mixin.py:188} INFO - [2026-05-19T17:47:53.890+0000] {dagbag.py:545} INFO - Filling up the DagBag from /home/airflow/.local/lib/python3.12/site-packages/airflow/example_dags/example_latest_only_with_trigger.py
[2026-05-19T17:47:53.897+0000] {processor.py:840} INFO - DAG(s) 'latest_only_with_trigger' retrieved from /home/airflow/.local/lib/python3.12/site-packages/airflow/example_dags/example_latest_only_with_trigger.py
[2026-05-19T17:47:53.917+0000] {logging_mixin.py:188} INFO - [2026-05-19T17:47:53.917+0000] {dag.py:3096} INFO - Sync 1 DAGs
[2026-05-19T17:47:53.938+0000] {logging_mixin.py:188} INFO - [2026-05-19T17:47:53.938+0000] {dag.py:3954} INFO - Setting next_dagrun for latest_only_with_trigger to 2026-05-19 12:00:00+00:00, run_after=2026-05-19 16:00:00+00:00
[2026-05-19T17:47:53.956+0000] {processor.py:183} INFO - Processing /home/airflow/.local/lib/python3.12/site-packages/airflow/example_dags/example_latest_only_with_trigger.py took 0.075 seconds
[2026-05-19T17:48:24.160+0000] {processor.py:161} INFO - Started process (PID=226) to work on /home/airflow/.local/lib/python3.12/site-packages/airflow/example_dags/example_latest_only_with_trigger.py
[2026-05-19T17:48:24.161+0000] {processor.py:830} INFO - Processing file /home/airflow/.local/lib/python3.12/site-packages/airflow/example_dags/example_latest_only_with_trigger.py for tasks to queue
[2026-05-19T17:48:24.163+0000] {logging_mixin.py:188} INFO - [2026-05-19T17:48:24.162+0000] {dagbag.py:545} INFO - Filling up the DagBag from /home/airflow/.local/lib/python3.12/site-packages/airflow/example_dags/example_latest_only_with_trigger.py
[2026-05-19T17:48:24.169+0000] {processor.py:840} INFO - DAG(s) 'latest_only_with_trigger' retrieved from /home/airflow/.local/lib/python3.12/site-packages/airflow/example_dags/example_latest_only_with_trigger.py
[2026-05-19T17:48:24.189+0000] {logging_mixin.py:188} INFO - [2026-05-19T17:48:24.189+0000] {dag.py:3096} INFO - Sync 1 DAGs
[2026-05-19T17:48:24.208+0000] {logging_mixin.py:188} INFO - [2026-05-19T17:48:24.208+0000] {dag.py:3954} INFO - Setting next_dagrun for latest_only_with_trigger to 2026-05-19 12:00:00+00:00, run_after=2026-05-19 16:00:00+00:00
[2026-05-19T17:48:24.227+0000] {processor.py:183} INFO - Processing /home/airflow/.local/lib/python3.12/site-packages/airflow/example_dags/example_latest_only_with_trigger.py took 0.072 seconds
[2026-05-19T17:48:54.671+0000] {processor.py:161} INFO - Started process (PID=285) to work on /home/airflow/.local/lib/python3.12/site-packages/airflow/example_dags/example_latest_only_with_trigger.py
[2026-05-19T17:48:54.672+0000] {processor.py:830} INFO - Processing file /home/airflow/.local/lib/python3.12/site-packages/airflow/example_dags/example_latest_only_with_trigger.py for tasks to queue
[2026-05-19T17:48:54.674+0000] {logging_mixin.py:188} INFO - [2026-05-19T17:48:54.673+0000] {dagbag.py:545} INFO - Filling up the DagBag from /home/airflow/.local/lib/python3.12/site-packages/airflow/example_dags/example_latest_only_with_trigger.py
[2026-05-19T17:48:54.680+0000] {processor.py:840} INFO - DAG(s) 'latest_only_with_trigger' retrieved from /home/airflow/.local/lib/python3.12/site-packages/airflow/example_dags/example_latest_only_with_trigger.py
[2026-05-19T17:48:54.699+0000] {logging_mixin.py:188} INFO - [2026-05-19T17:48:54.699+0000] {dag.py:3096} INFO - Sync 1 DAGs
[2026-05-19T17:48:54.717+0000] {logging_mixin.py:188} INFO - [2026-05-19T17:48:54.717+0000] {dag.py:3954} INFO - Setting next_dagrun for latest_only_with_trigger to 2026-05-19 12:00:00+00:00, run_after=2026-05-19 16:00:00+00:00
[2026-05-19T17:48:54.732+0000] {processor.py:183} INFO - Processing /home/airflow/.local/lib/python3.12/site-packages/airflow/example_dags/example_latest_only_with_trigger.py took 0.067 seconds
[2026-05-19T17:49:25.091+0000] {processor.py:161} INFO - Started process (PID=343) to work on /home/airflow/.local/lib/python3.12/site-packages/airflow/example_dags/example_latest_only_with_trigger.py
[2026-05-19T17:49:25.093+0000] {processor.py:830} INFO - Processing file /home/airflow/.local/lib/python3.12/site-packages/airflow/example_dags/example_latest_only_with_trigger.py for tasks to queue
[2026-05-19T17:49:25.095+0000] {logging_mixin.py:188} INFO - [2026-05-19T17:49:25.095+0000] {dagbag.py:545} INFO - Filling up the DagBag from /home/airflow/.local/lib/python3.12/site-packages/airflow/example_dags/example_latest_only_with_trigger.py
[2026-05-19T17:49:25.101+0000] {processor.py:840} INFO - DAG(s) 'latest_only_with_trigger' retrieved from /home/airflow/.local/lib/python3.12/site-packages/airflow/example_dags/example_latest_only_with_trigger.py
[2026-05-19T17:49:25.120+0000] {logging_mixin.py:188} INFO - [2026-05-19T17:49:25.120+0000] {dag.py:3096} INFO - Sync 1 DAGs
[2026-05-19T17:49:25.139+0000] {logging_mixin.py:188} INFO - [2026-05-19T17:49:25.139+0000] {dag.py:3954} INFO - Setting next_dagrun for latest_only_with_trigger to 2026-05-19 12:00:00+00:00, run_after=2026-05-19 16:00:00+00:00
[2026-05-19T17:49:25.156+0000] {processor.py:183} INFO - Processing /home/airflow/.local/lib/python3.12/site-packages/airflow/example_dags/example_latest_only_with_trigger.py took 0.070 seconds
[2026-05-19T17:49:56.025+0000] {processor.py:161} INFO - Started process (PID=401) to work on /home/airflow/.local/lib/python3.12/site-packages/airflow/example_dags/example_latest_only_with_trigger.py
[2026-05-19T17:49:56.026+0000] {processor.py:830} INFO - Processing file /home/airflow/.local/lib/python3.12/site-packages/airflow/example_dags/example_latest_only_with_trigger.py for tasks to queue
[2026-05-19T17:49:56.029+0000] {logging_mixin.py:188} INFO - [2026-05-19T17:49:56.028+0000] {dagbag.py:545} INFO - Filling up the DagBag from /home/airflow/.local/lib/python3.12/site-packages/airflow/example_dags/example_latest_only_with_trigger.py
[2026-05-19T17:49:56.035+0000] {processor.py:840} INFO - DAG(s) 'latest_only_with_trigger' retrieved from /home/airflow/.local/lib/python3.12/site-packages/airflow/example_dags/example_latest_only_with_trigger.py
[2026-05-19T17:49:56.060+0000] {logging_mixin.py:188} INFO - [2026-05-19T17:49:56.059+0000] {dag.py:3096} INFO - Sync 1 DAGs
[2026-05-19T17:49:56.083+0000] {logging_mixin.py:188} INFO - [2026-05-19T17:49:56.083+0000] {dag.py:3954} INFO - Setting next_dagrun for latest_only_with_trigger to 2026-05-19 12:00:00+00:00, run_after=2026-05-19 16:00:00+00:00
[2026-05-19T17:49:56.105+0000] {processor.py:183} INFO - Processing /home/airflow/.local/lib/python3.12/site-packages/airflow/example_dags/example_latest_only_with_trigger.py took 0.084 seconds
[2026-05-19T17:50:26.536+0000] {processor.py:161} INFO - Started process (PID=460) to work on /home/airflow/.local/lib/python3.12/site-packages/airflow/example_dags/example_latest_only_with_trigger.py
[2026-05-19T17:50:26.537+0000] {processor.py:830} INFO - Processing file /home/airflow/.local/lib/python3.12/site-packages/airflow/example_dags/example_latest_only_with_trigger.py for tasks to queue
[2026-05-19T17:50:26.540+0000] {logging_mixin.py:188} INFO - [2026-05-19T17:50:26.539+0000] {dagbag.py:545} INFO - Filling up the DagBag from /home/airflow/.local/lib/python3.12/site-packages/airflow/example_dags/example_latest_only_with_trigger.py
[2026-05-19T17:50:26.546+0000] {processor.py:840} INFO - DAG(s) 'latest_only_with_trigger' retrieved from /home/airflow/.local/lib/python3.12/site-packages/airflow/example_dags/example_latest_only_with_trigger.py
[2026-05-19T17:50:26.577+0000] {logging_mixin.py:188} INFO - [2026-05-19T17:50:26.577+0000] {dag.py:3096} INFO - Sync 1 DAGs
[2026-05-19T17:50:26.603+0000] {logging_mixin.py:188} INFO - [2026-05-19T17:50:26.603+0000] {dag.py:3954} INFO - Setting next_dagrun for latest_only_with_trigger to 2026-05-19 12:00:00+00:00, run_after=2026-05-19 16:00:00+00:00
[2026-05-19T17:50:26.621+0000] {processor.py:183} INFO - Processing /home/airflow/.local/lib/python3.12/site-packages/airflow/example_dags/example_latest_only_with_trigger.py took 0.091 seconds
[2026-05-19T17:50:56.794+0000] {processor.py:161} INFO - Started process (PID=518) to work on /home/airflow/.local/lib/python3.12/site-packages/airflow/example_dags/example_latest_only_with_trigger.py
[2026-05-19T17:50:56.796+0000] {processor.py:830} INFO - Processing file /home/airflow/.local/lib/python3.12/site-packages/airflow/example_dags/example_latest_only_with_trigger.py for tasks to queue
[2026-05-19T17:50:56.799+0000] {logging_mixin.py:188} INFO - [2026-05-19T17:50:56.799+0000] {dagbag.py:545} INFO - Filling up the DagBag from /home/airflow/.local/lib/python3.12/site-packages/airflow/example_dags/example_latest_only_with_trigger.py
[2026-05-19T17:50:56.811+0000] {processor.py:840} INFO - DAG(s) 'latest_only_with_trigger' retrieved from /home/airflow/.local/lib/python3.12/site-packages/airflow/example_dags/example_latest_only_with_trigger.py
[2026-05-19T17:50:56.848+0000] {logging_mixin.py:188} INFO - [2026-05-19T17:50:56.847+0000] {dag.py:3096} INFO - Sync 1 DAGs
[2026-05-19T17:50:56.883+0000] {logging_mixin.py:188} INFO - [2026-05-19T17:50:56.882+0000] {dag.py:3954} INFO - Setting next_dagrun for latest_only_with_trigger to 2026-05-19 12:00:00+00:00, run_after=2026-05-19 16:00:00+00:00
[2026-05-19T17:50:56.915+0000] {processor.py:183} INFO - Processing /home/airflow/.local/lib/python3.12/site-packages/airflow/example_dags/example_latest_only_with_trigger.py took 0.130 seconds
[2026-05-19T17:51:27.512+0000] {processor.py:161} INFO - Started process (PID=576) to work on /home/airflow/.local/lib/python3.12/site-packages/airflow/example_dags/example_latest_only_with_trigger.py
[2026-05-19T17:51:27.513+0000] {processor.py:830} INFO - Processing file /home/airflow/.local/lib/python3.12/site-packages/airflow/example_dags/example_latest_only_with_trigger.py for tasks to queue
[2026-05-19T17:51:27.515+0000] {logging_mixin.py:188} INFO - [2026-05-19T17:51:27.514+0000] {dagbag.py:545} INFO - Filling up the DagBag from /home/airflow/.local/lib/python3.12/site-packages/airflow/example_dags/example_latest_only_with_trigger.py
[2026-05-19T17:51:27.520+0000] {processor.py:840} INFO - DAG(s) 'latest_only_with_trigger' retrieved from /home/airflow/.local/lib/python3.12/site-packages/airflow/example_dags/example_latest_only_with_trigger.py
[2026-05-19T17:51:27.540+0000] {logging_mixin.py:188} INFO - [2026-05-19T17:51:27.539+0000] {dag.py:3096} INFO - Sync 1 DAGs
[2026-05-19T17:51:27.557+0000] {logging_mixin.py:188} INFO - [2026-05-19T17:51:27.557+0000] {dag.py:3954} INFO - Setting next_dagrun for latest_only_with_trigger to 2026-05-19 12:00:00+00:00, run_after=2026-05-19 16:00:00+00:00
[2026-05-19T17:51:27.574+0000] {processor.py:183} INFO - Processing /home/airflow/.local/lib/python3.12/site-packages/airflow/example_dags/example_latest_only_with_trigger.py took 0.068 seconds
[2026-05-19T17:51:58.260+0000] {processor.py:161} INFO - Started process (PID=634) to work on /home/airflow/.local/lib/python3.12/site-packages/airflow/example_dags/example_latest_only_with_trigger.py
[2026-05-19T17:51:58.262+0000] {processor.py:830} INFO - Processing file /home/airflow/.local/lib/python3.12/site-packages/airflow/example_dags/example_latest_only_with_trigger.py for tasks to queue
[2026-05-19T17:51:58.265+0000] {logging_mixin.py:188} INFO - [2026-05-19T17:51:58.265+0000] {dagbag.py:545} INFO - Filling up the DagBag from /home/airflow/.local/lib/python3.12/site-packages/airflow/example_dags/example_latest_only_with_trigger.py
[2026-05-19T17:51:58.274+0000] {processor.py:840} INFO - DAG(s) 'latest_only_with_trigger' retrieved from /home/airflow/.local/lib/python3.12/site-packages/airflow/example_dags/example_latest_only_with_trigger.py
[2026-05-19T17:51:58.322+0000] {logging_mixin.py:188} INFO - [2026-05-19T17:51:58.322+0000] {dag.py:3096} INFO - Sync 1 DAGs
[2026-05-19T17:51:58.374+0000] {logging_mixin.py:188} INFO - [2026-05-19T17:51:58.373+0000] {dag.py:3954} INFO - Setting next_dagrun for latest_only_with_trigger to 2026-05-19 12:00:00+00:00, run_after=2026-05-19 16:00:00+00:00
[2026-05-19T17:51:58.416+0000] {processor.py:183} INFO - Processing /home/airflow/.local/lib/python3.12/site-packages/airflow/example_dags/example_latest_only_with_trigger.py took 0.163 seconds
[2026-05-19T17:52:28.973+0000] {processor.py:161} INFO - Started process (PID=692) to work on /home/airflow/.local/lib/python3.12/site-packages/airflow/example_dags/example_latest_only_with_trigger.py
[2026-05-19T17:52:28.975+0000] {processor.py:830} INFO - Processing file /home/airflow/.local/lib/python3.12/site-packages/airflow/example_dags/example_latest_only_with_trigger.py for tasks to queue
[2026-05-19T17:52:28.976+0000] {logging_mixin.py:188} INFO - [2026-05-19T17:52:28.976+0000] {dagbag.py:545} INFO - Filling up the DagBag from /home/airflow/.local/lib/python3.12/site-packages/airflow/example_dags/example_latest_only_with_trigger.py
[2026-05-19T17:52:28.984+0000] {processor.py:840} INFO - DAG(s) 'latest_only_with_trigger' retrieved from /home/airflow/.local/lib/python3.12/site-packages/airflow/example_dags/example_latest_only_with_trigger.py
[2026-05-19T17:52:29.004+0000] {logging_mixin.py:188} INFO - [2026-05-19T17:52:29.004+0000] {dag.py:3096} INFO - Sync 1 DAGs
[2026-05-19T17:52:29.027+0000] {logging_mixin.py:188} INFO - [2026-05-19T17:52:29.027+0000] {dag.py:3954} INFO - Setting next_dagrun for latest_only_with_trigger to 2026-05-19 12:00:00+00:00, run_after=2026-05-19 16:00:00+00:00
[2026-05-19T17:52:29.044+0000] {processor.py:183} INFO - Processing /home/airflow/.local/lib/python3.12/site-packages/airflow/example_dags/example_latest_only_with_trigger.py took 0.077 seconds
[2026-05-19T17:52:59.798+0000] {processor.py:161} INFO - Started process (PID=750) to work on /home/airflow/.local/lib/python3.12/site-packages/airflow/example_dags/example_latest_only_with_trigger.py
[2026-05-19T17:52:59.800+0000] {processor.py:830} INFO - Processing file /home/airflow/.local/lib/python3.12/site-packages/airflow/example_dags/example_latest_only_with_trigger.py for tasks to queue
[2026-05-19T17:52:59.803+0000] {logging_mixin.py:188} INFO - [2026-05-19T17:52:59.802+0000] {dagbag.py:545} INFO - Filling up the DagBag from /home/airflow/.local/lib/python3.12/site-packages/airflow/example_dags/example_latest_only_with_trigger.py
[2026-05-19T17:52:59.809+0000] {processor.py:840} INFO - DAG(s) 'latest_only_with_trigger' retrieved from /home/airflow/.local/lib/python3.12/site-packages/airflow/example_dags/example_latest_only_with_trigger.py
[2026-05-19T17:52:59.833+0000] {logging_mixin.py:188} INFO - [2026-05-19T17:52:59.833+0000] {dag.py:3096} INFO - Sync 1 DAGs
[2026-05-19T17:52:59.859+0000] {logging_mixin.py:188} INFO - [2026-05-19T17:52:59.858+0000] {dag.py:3954} INFO - Setting next_dagrun for latest_only_with_trigger to 2026-05-19 12:00:00+00:00, run_after=2026-05-19 16:00:00+00:00
[2026-05-19T17:52:59.878+0000] {processor.py:183} INFO - Processing /home/airflow/.local/lib/python3.12/site-packages/airflow/example_dags/example_latest_only_with_trigger.py took 0.087 seconds
[2026-05-19T17:53:30.291+0000] {processor.py:161} INFO - Started process (PID=808) to work on /home/airflow/.local/lib/python3.12/site-packages/airflow/example_dags/example_latest_only_with_trigger.py
[2026-05-19T17:53:30.292+0000] {processor.py:830} INFO - Processing file /home/airflow/.local/lib/python3.12/site-packages/airflow/example_dags/example_latest_only_with_trigger.py for tasks to queue
[2026-05-19T17:53:30.294+0000] {logging_mixin.py:188} INFO - [2026-05-19T17:53:30.294+0000] {dagbag.py:545} INFO - Filling up the DagBag from /home/airflow/.local/lib/python3.12/site-packages/airflow/example_dags/example_latest_only_with_trigger.py
[2026-05-19T17:53:30.302+0000] {processor.py:840} INFO - DAG(s) 'latest_only_with_trigger' retrieved from /home/airflow/.local/lib/python3.12/site-packages/airflow/example_dags/example_latest_only_with_trigger.py
[2026-05-19T17:53:30.341+0000] {logging_mixin.py:188} INFO - [2026-05-19T17:53:30.340+0000] {dag.py:3096} INFO - Sync 1 DAGs
[2026-05-19T17:53:30.375+0000] {logging_mixin.py:188} INFO - [2026-05-19T17:53:30.375+0000] {dag.py:3954} INFO - Setting next_dagrun for latest_only_with_trigger to 2026-05-19 12:00:00+00:00, run_after=2026-05-19 16:00:00+00:00
[2026-05-19T17:53:30.414+0000] {processor.py:183} INFO - Processing /home/airflow/.local/lib/python3.12/site-packages/airflow/example_dags/example_latest_only_with_trigger.py took 0.128 seconds
[2026-05-19T17:54:00.808+0000] {processor.py:161} INFO - Started process (PID=866) to work on /home/airflow/.local/lib/python3.12/site-packages/airflow/example_dags/example_latest_only_with_trigger.py
[2026-05-19T17:54:00.810+0000] {processor.py:830} INFO - Processing file /home/airflow/.local/lib/python3.12/site-packages/airflow/example_dags/example_latest_only_with_trigger.py for tasks to queue
[2026-05-19T17:54:00.814+0000] {logging_mixin.py:188} INFO - [2026-05-19T17:54:00.813+0000] {dagbag.py:545} INFO - Filling up the DagBag from /home/airflow/.local/lib/python3.12/site-packages/airflow/example_dags/example_latest_only_with_trigger.py
[2026-05-19T17:54:00.824+0000] {processor.py:840} INFO - DAG(s) 'latest_only_with_trigger' retrieved from /home/airflow/.local/lib/python3.12/site-packages/airflow/example_dags/example_latest_only_with_trigger.py
[2026-05-19T17:54:00.873+0000] {logging_mixin.py:188} INFO - [2026-05-19T17:54:00.873+0000] {dag.py:3096} INFO - Sync 1 DAGs
[2026-05-19T17:54:00.912+0000] {logging_mixin.py:188} INFO - [2026-05-19T17:54:00.912+0000] {dag.py:3954} INFO - Setting next_dagrun for latest_only_with_trigger to 2026-05-19 12:00:00+00:00, run_after=2026-05-19 16:00:00+00:00
[2026-05-19T17:54:00.947+0000] {processor.py:183} INFO - Processing /home/airflow/.local/lib/python3.12/site-packages/airflow/example_dags/example_latest_only_with_trigger.py took 0.151 seconds
[2026-05-19T17:54:31.284+0000] {processor.py:161} INFO - Started process (PID=924) to work on /home/airflow/.local/lib/python3.12/site-packages/airflow/example_dags/example_latest_only_with_trigger.py
[2026-05-19T17:54:31.286+0000] {processor.py:830} INFO - Processing file /home/airflow/.local/lib/python3.12/site-packages/airflow/example_dags/example_latest_only_with_trigger.py for tasks to queue
[2026-05-19T17:54:31.289+0000] {logging_mixin.py:188} INFO - [2026-05-19T17:54:31.288+0000] {dagbag.py:545} INFO - Filling up the DagBag from /home/airflow/.local/lib/python3.12/site-packages/airflow/example_dags/example_latest_only_with_trigger.py
[2026-05-19T17:54:31.295+0000] {processor.py:840} INFO - DAG(s) 'latest_only_with_trigger' retrieved from /home/airflow/.local/lib/python3.12/site-packages/airflow/example_dags/example_latest_only_with_trigger.py
[2026-05-19T17:54:31.319+0000] {logging_mixin.py:188} INFO - [2026-05-19T17:54:31.319+0000] {dag.py:3096} INFO - Sync 1 DAGs
[2026-05-19T17:54:31.344+0000] {logging_mixin.py:188} INFO - [2026-05-19T17:54:31.343+0000] {dag.py:3954} INFO - Setting next_dagrun for latest_only_with_trigger to 2026-05-19 12:00:00+00:00, run_after=2026-05-19 16:00:00+00:00
[2026-05-19T17:54:31.365+0000] {processor.py:183} INFO - Processing /home/airflow/.local/lib/python3.12/site-packages/airflow/example_dags/example_latest_only_with_trigger.py took 0.087 seconds
[2026-05-19T17:55:01.485+0000] {processor.py:161} INFO - Started process (PID=981) to work on /home/airflow/.local/lib/python3.12/site-packages/airflow/example_dags/example_latest_only_with_trigger.py
[2026-05-19T17:55:01.486+0000] {processor.py:830} INFO - Processing file /home/airflow/.local/lib/python3.12/site-packages/airflow/example_dags/example_latest_only_with_trigger.py for tasks to queue
[2026-05-19T17:55:01.488+0000] {logging_mixin.py:188} INFO - [2026-05-19T17:55:01.488+0000] {dagbag.py:545} INFO - Filling up the DagBag from /home/airflow/.local/lib/python3.12/site-packages/airflow/example_dags/example_latest_only_with_trigger.py
[2026-05-19T17:55:01.493+0000] {processor.py:840} INFO - DAG(s) 'latest_only_with_trigger' retrieved from /home/airflow/.local/lib/python3.12/site-packages/airflow/example_dags/example_latest_only_with_trigger.py
[2026-05-19T17:55:01.516+0000] {logging_mixin.py:188} INFO - [2026-05-19T17:55:01.515+0000] {dag.py:3096} INFO - Sync 1 DAGs
[2026-05-19T17:55:01.537+0000] {logging_mixin.py:188} INFO - [2026-05-19T17:55:01.537+0000] {dag.py:3954} INFO - Setting next_dagrun for latest_only_with_trigger to 2026-05-19 12:00:00+00:00, run_after=2026-05-19 16:00:00+00:00
[2026-05-19T17:55:01.562+0000] {processor.py:183} INFO - Processing /home/airflow/.local/lib/python3.12/site-packages/airflow/example_dags/example_latest_only_with_trigger.py took 0.085 seconds
[2026-05-19T17:55:31.616+0000] {processor.py:161} INFO - Started process (PID=1039) to work on /home/airflow/.local/lib/python3.12/site-packages/airflow/example_dags/example_latest_only_with_trigger.py
[2026-05-19T17:55:31.618+0000] {processor.py:830} INFO - Processing file /home/airflow/.local/lib/python3.12/site-packages/airflow/example_dags/example_latest_only_with_trigger.py for tasks to queue
[2026-05-19T17:55:31.621+0000] {logging_mixin.py:188} INFO - [2026-05-19T17:55:31.620+0000] {dagbag.py:545} INFO - Filling up the DagBag from /home/airflow/.local/lib/python3.12/site-packages/airflow/example_dags/example_latest_only_with_trigger.py
[2026-05-19T17:55:31.625+0000] {processor.py:840} INFO - DAG(s) 'latest_only_with_trigger' retrieved from /home/airflow/.local/lib/python3.12/site-packages/airflow/example_dags/example_latest_only_with_trigger.py
[2026-05-19T17:55:31.647+0000] {logging_mixin.py:188} INFO - [2026-05-19T17:55:31.647+0000] {dag.py:3096} INFO - Sync 1 DAGs
[2026-05-19T17:55:31.671+0000] {logging_mixin.py:188} INFO - [2026-05-19T17:55:31.671+0000] {dag.py:3954} INFO - Setting next_dagrun for latest_only_with_trigger to 2026-05-19 12:00:00+00:00, run_after=2026-05-19 16:00:00+00:00
[2026-05-19T17:55:31.694+0000] {processor.py:183} INFO - Processing /home/airflow/.local/lib/python3.12/site-packages/airflow/example_dags/example_latest_only_with_trigger.py took 0.083 seconds
[2026-05-19T17:56:01.980+0000] {processor.py:161} INFO - Started process (PID=1097) to work on /home/airflow/.local/lib/python3.12/site-packages/airflow/example_dags/example_latest_only_with_trigger.py
[2026-05-19T17:56:01.981+0000] {processor.py:830} INFO - Processing file /home/airflow/.local/lib/python3.12/site-packages/airflow/example_dags/example_latest_only_with_trigger.py for tasks to queue
[2026-05-19T17:56:01.983+0000] {logging_mixin.py:188} INFO - [2026-05-19T17:56:01.983+0000] {dagbag.py:545} INFO - Filling up the DagBag from /home/airflow/.local/lib/python3.12/site-packages/airflow/example_dags/example_latest_only_with_trigger.py
[2026-05-19T17:56:01.989+0000] {processor.py:840} INFO - DAG(s) 'latest_only_with_trigger' retrieved from /home/airflow/.local/lib/python3.12/site-packages/airflow/example_dags/example_latest_only_with_trigger.py
[2026-05-19T17:56:02.008+0000] {logging_mixin.py:188} INFO - [2026-05-19T17:56:02.008+0000] {dag.py:3096} INFO - Sync 1 DAGs
[2026-05-19T17:56:02.029+0000] {logging_mixin.py:188} INFO - [2026-05-19T17:56:02.029+0000] {dag.py:3954} INFO - Setting next_dagrun for latest_only_with_trigger to 2026-05-19 12:00:00+00:00, run_after=2026-05-19 16:00:00+00:00
[2026-05-19T17:56:02.046+0000] {processor.py:183} INFO - Processing /home/airflow/.local/lib/python3.12/site-packages/airflow/example_dags/example_latest_only_with_trigger.py took 0.072 seconds
[2026-05-19T17:56:32.403+0000] {processor.py:161} INFO - Started process (PID=1155) to work on /home/airflow/.local/lib/python3.12/site-packages/airflow/example_dags/example_latest_only_with_trigger.py
[2026-05-19T17:56:32.404+0000] {processor.py:830} INFO - Processing file /home/airflow/.local/lib/python3.12/site-packages/airflow/example_dags/example_latest_only_with_trigger.py for tasks to queue
[2026-05-19T17:56:32.406+0000] {logging_mixin.py:188} INFO - [2026-05-19T17:56:32.405+0000] {dagbag.py:545} INFO - Filling up the DagBag from /home/airflow/.local/lib/python3.12/site-packages/airflow/example_dags/example_latest_only_with_trigger.py
[2026-05-19T17:56:32.411+0000] {processor.py:840} INFO - DAG(s) 'latest_only_with_trigger' retrieved from /home/airflow/.local/lib/python3.12/site-packages/airflow/example_dags/example_latest_only_with_trigger.py
[2026-05-19T17:56:32.429+0000] {logging_mixin.py:188} INFO - [2026-05-19T17:56:32.429+0000] {dag.py:3096} INFO - Sync 1 DAGs
[2026-05-19T17:56:32.447+0000] {logging_mixin.py:188} INFO - [2026-05-19T17:56:32.447+0000] {dag.py:3954} INFO - Setting next_dagrun for latest_only_with_trigger to 2026-05-19 12:00:00+00:00, run_after=2026-05-19 16:00:00+00:00
[2026-05-19T17:56:32.463+0000] {processor.py:183} INFO - Processing /home/airflow/.local/lib/python3.12/site-packages/airflow/example_dags/example_latest_only_with_trigger.py took 0.066 seconds
[2026-05-19T17:58:02.848+0000] {processor.py:161} INFO - Started process (PID=109) to work on /home/airflow/.local/lib/python3.12/site-packages/airflow/example_dags/example_latest_only_with_trigger.py
[2026-05-19T17:58:02.850+0000] {processor.py:830} INFO - Processing file /home/airflow/.local/lib/python3.12/site-packages/airflow/example_dags/example_latest_only_with_trigger.py for tasks to queue
[2026-05-19T17:58:02.860+0000] {logging_mixin.py:188} INFO - [2026-05-19T17:58:02.859+0000] {dagbag.py:545} INFO - Filling up the DagBag from /home/airflow/.local/lib/python3.12/site-packages/airflow/example_dags/example_latest_only_with_trigger.py
[2026-05-19T17:58:02.874+0000] {processor.py:840} INFO - DAG(s) 'latest_only_with_trigger' retrieved from /home/airflow/.local/lib/python3.12/site-packages/airflow/example_dags/example_latest_only_with_trigger.py
[2026-05-19T17:58:03.028+0000] {logging_mixin.py:188} INFO - [2026-05-19T17:58:03.027+0000] {dag.py:3096} INFO - Sync 1 DAGs
[2026-05-19T17:58:03.059+0000] {logging_mixin.py:188} INFO - [2026-05-19T17:58:03.059+0000] {dag.py:3954} INFO - Setting next_dagrun for latest_only_with_trigger to 2026-05-19 12:00:00+00:00, run_after=2026-05-19 16:00:00+00:00
[2026-05-19T17:58:03.087+0000] {processor.py:183} INFO - Processing /home/airflow/.local/lib/python3.12/site-packages/airflow/example_dags/example_latest_only_with_trigger.py took 0.248 seconds
[2026-05-19T17:58:33.844+0000] {processor.py:161} INFO - Started process (PID=167) to work on /home/airflow/.local/lib/python3.12/site-packages/airflow/example_dags/example_latest_only_with_trigger.py
[2026-05-19T17:58:33.846+0000] {processor.py:830} INFO - Processing file /home/airflow/.local/lib/python3.12/site-packages/airflow/example_dags/example_latest_only_with_trigger.py for tasks to queue
[2026-05-19T17:58:33.849+0000] {logging_mixin.py:188} INFO - [2026-05-19T17:58:33.848+0000] {dagbag.py:545} INFO - Filling up the DagBag from /home/airflow/.local/lib/python3.12/site-packages/airflow/example_dags/example_latest_only_with_trigger.py
[2026-05-19T17:58:33.857+0000] {processor.py:840} INFO - DAG(s) 'latest_only_with_trigger' retrieved from /home/airflow/.local/lib/python3.12/site-packages/airflow/example_dags/example_latest_only_with_trigger.py
[2026-05-19T17:58:33.887+0000] {logging_mixin.py:188} INFO - [2026-05-19T17:58:33.886+0000] {dag.py:3096} INFO - Sync 1 DAGs
[2026-05-19T17:58:33.916+0000] {logging_mixin.py:188} INFO - [2026-05-19T17:58:33.915+0000] {dag.py:3954} INFO - Setting next_dagrun for latest_only_with_trigger to 2026-05-19 12:00:00+00:00, run_after=2026-05-19 16:00:00+00:00
[2026-05-19T17:58:33.945+0000] {processor.py:183} INFO - Processing /home/airflow/.local/lib/python3.12/site-packages/airflow/example_dags/example_latest_only_with_trigger.py took 0.107 seconds
