[2026-05-19T13:25:20.767+0000] {processor.py:161} INFO - Started process (PID=88) to work on /home/airflow/.local/lib/python3.12/site-packages/airflow/example_dags/example_xcomargs.py
[2026-05-19T13:25:20.770+0000] {processor.py:830} INFO - Processing file /home/airflow/.local/lib/python3.12/site-packages/airflow/example_dags/example_xcomargs.py for tasks to queue
[2026-05-19T13:25:20.776+0000] {logging_mixin.py:188} INFO - [2026-05-19T13:25:20.775+0000] {dagbag.py:545} INFO - Filling up the DagBag from /home/airflow/.local/lib/python3.12/site-packages/airflow/example_dags/example_xcomargs.py
[2026-05-19T13:25:20.819+0000] {processor.py:840} INFO - DAG(s) 'example_xcom_args', 'example_xcom_args_with_operators' retrieved from /home/airflow/.local/lib/python3.12/site-packages/airflow/example_dags/example_xcomargs.py
[2026-05-19T13:25:21.130+0000] {logging_mixin.py:188} INFO - [2026-05-19T13:25:21.128+0000] {override.py:1829} INFO - Created Permission View: can read on DAG:example_xcom_args
[2026-05-19T13:25:21.185+0000] {logging_mixin.py:188} INFO - [2026-05-19T13:25:21.184+0000] {override.py:1829} INFO - Created Permission View: can edit on DAG:example_xcom_args
[2026-05-19T13:25:21.229+0000] {logging_mixin.py:188} INFO - [2026-05-19T13:25:21.228+0000] {override.py:1829} INFO - Created Permission View: can delete on DAG:example_xcom_args
[2026-05-19T13:25:21.324+0000] {logging_mixin.py:188} INFO - [2026-05-19T13:25:21.323+0000] {override.py:1829} INFO - Created Permission View: can read on DAG:example_xcom_args_with_operators
[2026-05-19T13:25:21.366+0000] {logging_mixin.py:188} INFO - [2026-05-19T13:25:21.364+0000] {override.py:1829} INFO - Created Permission View: can edit on DAG:example_xcom_args_with_operators
[2026-05-19T13:25:21.402+0000] {logging_mixin.py:188} INFO - [2026-05-19T13:25:21.401+0000] {override.py:1829} INFO - Created Permission View: can delete on DAG:example_xcom_args_with_operators
[2026-05-19T13:25:21.407+0000] {logging_mixin.py:188} INFO - [2026-05-19T13:25:21.404+0000] {dag.py:3096} INFO - Sync 2 DAGs
[2026-05-19T13:25:21.477+0000] {logging_mixin.py:188} INFO - [2026-05-19T13:25:21.476+0000] {dag.py:3118} INFO - Creating ORM DAG for example_xcom_args_with_operators
[2026-05-19T13:25:21.481+0000] {logging_mixin.py:188} INFO - [2026-05-19T13:25:21.480+0000] {dag.py:3118} INFO - Creating ORM DAG for example_xcom_args
[2026-05-19T13:25:21.491+0000] {logging_mixin.py:188} INFO - [2026-05-19T13:25:21.490+0000] {dag.py:3954} INFO - Setting next_dagrun for example_xcom_args to None, run_after=None
[2026-05-19T13:25:21.495+0000] {logging_mixin.py:188} INFO - [2026-05-19T13:25:21.494+0000] {dag.py:3954} INFO - Setting next_dagrun for example_xcom_args_with_operators to None, run_after=None
[2026-05-19T13:25:21.581+0000] {processor.py:183} INFO - Processing /home/airflow/.local/lib/python3.12/site-packages/airflow/example_dags/example_xcomargs.py took 0.827 seconds
[2026-05-19T13:25:51.979+0000] {processor.py:161} INFO - Started process (PID=151) to work on /home/airflow/.local/lib/python3.12/site-packages/airflow/example_dags/example_xcomargs.py
[2026-05-19T13:25:51.983+0000] {processor.py:830} INFO - Processing file /home/airflow/.local/lib/python3.12/site-packages/airflow/example_dags/example_xcomargs.py for tasks to queue
[2026-05-19T13:25:51.987+0000] {logging_mixin.py:188} INFO - [2026-05-19T13:25:51.986+0000] {dagbag.py:545} INFO - Filling up the DagBag from /home/airflow/.local/lib/python3.12/site-packages/airflow/example_dags/example_xcomargs.py
[2026-05-19T13:25:52.004+0000] {processor.py:840} INFO - DAG(s) 'example_xcom_args_with_operators', 'example_xcom_args' retrieved from /home/airflow/.local/lib/python3.12/site-packages/airflow/example_dags/example_xcomargs.py
[2026-05-19T13:25:52.057+0000] {logging_mixin.py:188} INFO - [2026-05-19T13:25:52.056+0000] {dag.py:3096} INFO - Sync 2 DAGs
[2026-05-19T13:25:52.088+0000] {logging_mixin.py:188} INFO - [2026-05-19T13:25:52.088+0000] {dag.py:3954} INFO - Setting next_dagrun for example_xcom_args to None, run_after=None
[2026-05-19T13:25:52.098+0000] {logging_mixin.py:188} INFO - [2026-05-19T13:25:52.097+0000] {dag.py:3954} INFO - Setting next_dagrun for example_xcom_args_with_operators to None, run_after=None
[2026-05-19T13:25:52.145+0000] {processor.py:183} INFO - Processing /home/airflow/.local/lib/python3.12/site-packages/airflow/example_dags/example_xcomargs.py took 0.177 seconds
[2026-05-19T13:26:22.673+0000] {processor.py:161} INFO - Started process (PID=209) to work on /home/airflow/.local/lib/python3.12/site-packages/airflow/example_dags/example_xcomargs.py
[2026-05-19T13:26:22.675+0000] {processor.py:830} INFO - Processing file /home/airflow/.local/lib/python3.12/site-packages/airflow/example_dags/example_xcomargs.py for tasks to queue
[2026-05-19T13:26:22.677+0000] {logging_mixin.py:188} INFO - [2026-05-19T13:26:22.677+0000] {dagbag.py:545} INFO - Filling up the DagBag from /home/airflow/.local/lib/python3.12/site-packages/airflow/example_dags/example_xcomargs.py
[2026-05-19T13:26:22.691+0000] {processor.py:840} INFO - DAG(s) 'example_xcom_args', 'example_xcom_args_with_operators' retrieved from /home/airflow/.local/lib/python3.12/site-packages/airflow/example_dags/example_xcomargs.py
[2026-05-19T13:26:22.727+0000] {logging_mixin.py:188} INFO - [2026-05-19T13:26:22.727+0000] {dag.py:3096} INFO - Sync 2 DAGs
[2026-05-19T13:26:22.742+0000] {logging_mixin.py:188} INFO - [2026-05-19T13:26:22.742+0000] {dag.py:3954} INFO - Setting next_dagrun for example_xcom_args to None, run_after=None
[2026-05-19T13:26:22.747+0000] {logging_mixin.py:188} INFO - [2026-05-19T13:26:22.746+0000] {dag.py:3954} INFO - Setting next_dagrun for example_xcom_args_with_operators to None, run_after=None
[2026-05-19T13:26:22.775+0000] {processor.py:183} INFO - Processing /home/airflow/.local/lib/python3.12/site-packages/airflow/example_dags/example_xcomargs.py took 0.110 seconds
[2026-05-19T13:26:52.863+0000] {processor.py:161} INFO - Started process (PID=267) to work on /home/airflow/.local/lib/python3.12/site-packages/airflow/example_dags/example_xcomargs.py
[2026-05-19T13:26:52.865+0000] {processor.py:830} INFO - Processing file /home/airflow/.local/lib/python3.12/site-packages/airflow/example_dags/example_xcomargs.py for tasks to queue
[2026-05-19T13:26:52.867+0000] {logging_mixin.py:188} INFO - [2026-05-19T13:26:52.866+0000] {dagbag.py:545} INFO - Filling up the DagBag from /home/airflow/.local/lib/python3.12/site-packages/airflow/example_dags/example_xcomargs.py
[2026-05-19T13:26:52.876+0000] {processor.py:840} INFO - DAG(s) 'example_xcom_args_with_operators', 'example_xcom_args' retrieved from /home/airflow/.local/lib/python3.12/site-packages/airflow/example_dags/example_xcomargs.py
[2026-05-19T13:26:52.902+0000] {logging_mixin.py:188} INFO - [2026-05-19T13:26:52.901+0000] {dag.py:3096} INFO - Sync 2 DAGs
[2026-05-19T13:26:52.921+0000] {logging_mixin.py:188} INFO - [2026-05-19T13:26:52.921+0000] {dag.py:3954} INFO - Setting next_dagrun for example_xcom_args to None, run_after=None
[2026-05-19T13:26:52.926+0000] {logging_mixin.py:188} INFO - [2026-05-19T13:26:52.926+0000] {dag.py:3954} INFO - Setting next_dagrun for example_xcom_args_with_operators to None, run_after=None
[2026-05-19T13:26:52.946+0000] {processor.py:183} INFO - Processing /home/airflow/.local/lib/python3.12/site-packages/airflow/example_dags/example_xcomargs.py took 0.088 seconds
[2026-05-19T13:27:23.397+0000] {processor.py:161} INFO - Started process (PID=325) to work on /home/airflow/.local/lib/python3.12/site-packages/airflow/example_dags/example_xcomargs.py
[2026-05-19T13:27:23.399+0000] {processor.py:830} INFO - Processing file /home/airflow/.local/lib/python3.12/site-packages/airflow/example_dags/example_xcomargs.py for tasks to queue
[2026-05-19T13:27:23.402+0000] {logging_mixin.py:188} INFO - [2026-05-19T13:27:23.401+0000] {dagbag.py:545} INFO - Filling up the DagBag from /home/airflow/.local/lib/python3.12/site-packages/airflow/example_dags/example_xcomargs.py
[2026-05-19T13:27:23.416+0000] {processor.py:840} INFO - DAG(s) 'example_xcom_args_with_operators', 'example_xcom_args' retrieved from /home/airflow/.local/lib/python3.12/site-packages/airflow/example_dags/example_xcomargs.py
[2026-05-19T13:27:23.453+0000] {logging_mixin.py:188} INFO - [2026-05-19T13:27:23.453+0000] {dag.py:3096} INFO - Sync 2 DAGs
[2026-05-19T13:27:23.472+0000] {logging_mixin.py:188} INFO - [2026-05-19T13:27:23.472+0000] {dag.py:3954} INFO - Setting next_dagrun for example_xcom_args to None, run_after=None
[2026-05-19T13:27:23.477+0000] {logging_mixin.py:188} INFO - [2026-05-19T13:27:23.477+0000] {dag.py:3954} INFO - Setting next_dagrun for example_xcom_args_with_operators to None, run_after=None
[2026-05-19T13:27:23.502+0000] {processor.py:183} INFO - Processing /home/airflow/.local/lib/python3.12/site-packages/airflow/example_dags/example_xcomargs.py took 0.114 seconds
[2026-05-19T13:27:54.129+0000] {processor.py:161} INFO - Started process (PID=382) to work on /home/airflow/.local/lib/python3.12/site-packages/airflow/example_dags/example_xcomargs.py
[2026-05-19T13:27:54.132+0000] {processor.py:830} INFO - Processing file /home/airflow/.local/lib/python3.12/site-packages/airflow/example_dags/example_xcomargs.py for tasks to queue
[2026-05-19T13:27:54.135+0000] {logging_mixin.py:188} INFO - [2026-05-19T13:27:54.134+0000] {dagbag.py:545} INFO - Filling up the DagBag from /home/airflow/.local/lib/python3.12/site-packages/airflow/example_dags/example_xcomargs.py
[2026-05-19T13:27:54.161+0000] {processor.py:840} INFO - DAG(s) 'example_xcom_args', 'example_xcom_args_with_operators' retrieved from /home/airflow/.local/lib/python3.12/site-packages/airflow/example_dags/example_xcomargs.py
[2026-05-19T13:27:54.214+0000] {logging_mixin.py:188} INFO - [2026-05-19T13:27:54.213+0000] {dag.py:3096} INFO - Sync 2 DAGs
[2026-05-19T13:27:54.244+0000] {logging_mixin.py:188} INFO - [2026-05-19T13:27:54.243+0000] {dag.py:3954} INFO - Setting next_dagrun for example_xcom_args to None, run_after=None
[2026-05-19T13:27:54.253+0000] {logging_mixin.py:188} INFO - [2026-05-19T13:27:54.253+0000] {dag.py:3954} INFO - Setting next_dagrun for example_xcom_args_with_operators to None, run_after=None
[2026-05-19T13:27:54.304+0000] {processor.py:183} INFO - Processing /home/airflow/.local/lib/python3.12/site-packages/airflow/example_dags/example_xcomargs.py took 0.188 seconds
[2026-05-19T13:28:24.571+0000] {processor.py:161} INFO - Started process (PID=440) to work on /home/airflow/.local/lib/python3.12/site-packages/airflow/example_dags/example_xcomargs.py
[2026-05-19T13:28:24.573+0000] {processor.py:830} INFO - Processing file /home/airflow/.local/lib/python3.12/site-packages/airflow/example_dags/example_xcomargs.py for tasks to queue
[2026-05-19T13:28:24.575+0000] {logging_mixin.py:188} INFO - [2026-05-19T13:28:24.575+0000] {dagbag.py:545} INFO - Filling up the DagBag from /home/airflow/.local/lib/python3.12/site-packages/airflow/example_dags/example_xcomargs.py
[2026-05-19T13:28:24.586+0000] {processor.py:840} INFO - DAG(s) 'example_xcom_args_with_operators', 'example_xcom_args' retrieved from /home/airflow/.local/lib/python3.12/site-packages/airflow/example_dags/example_xcomargs.py
[2026-05-19T13:28:24.620+0000] {logging_mixin.py:188} INFO - [2026-05-19T13:28:24.620+0000] {dag.py:3096} INFO - Sync 2 DAGs
[2026-05-19T13:28:24.639+0000] {logging_mixin.py:188} INFO - [2026-05-19T13:28:24.639+0000] {dag.py:3954} INFO - Setting next_dagrun for example_xcom_args to None, run_after=None
[2026-05-19T13:28:24.644+0000] {logging_mixin.py:188} INFO - [2026-05-19T13:28:24.644+0000] {dag.py:3954} INFO - Setting next_dagrun for example_xcom_args_with_operators to None, run_after=None
[2026-05-19T13:28:24.671+0000] {processor.py:183} INFO - Processing /home/airflow/.local/lib/python3.12/site-packages/airflow/example_dags/example_xcomargs.py took 0.111 seconds
[2026-05-19T13:28:54.792+0000] {processor.py:161} INFO - Started process (PID=498) to work on /home/airflow/.local/lib/python3.12/site-packages/airflow/example_dags/example_xcomargs.py
[2026-05-19T13:28:54.793+0000] {processor.py:830} INFO - Processing file /home/airflow/.local/lib/python3.12/site-packages/airflow/example_dags/example_xcomargs.py for tasks to queue
[2026-05-19T13:28:54.796+0000] {logging_mixin.py:188} INFO - [2026-05-19T13:28:54.795+0000] {dagbag.py:545} INFO - Filling up the DagBag from /home/airflow/.local/lib/python3.12/site-packages/airflow/example_dags/example_xcomargs.py
[2026-05-19T13:28:54.809+0000] {processor.py:840} INFO - DAG(s) 'example_xcom_args_with_operators', 'example_xcom_args' retrieved from /home/airflow/.local/lib/python3.12/site-packages/airflow/example_dags/example_xcomargs.py
[2026-05-19T13:28:54.842+0000] {logging_mixin.py:188} INFO - [2026-05-19T13:28:54.842+0000] {dag.py:3096} INFO - Sync 2 DAGs
[2026-05-19T13:28:54.856+0000] {logging_mixin.py:188} INFO - [2026-05-19T13:28:54.855+0000] {dag.py:3954} INFO - Setting next_dagrun for example_xcom_args to None, run_after=None
[2026-05-19T13:28:54.859+0000] {logging_mixin.py:188} INFO - [2026-05-19T13:28:54.859+0000] {dag.py:3954} INFO - Setting next_dagrun for example_xcom_args_with_operators to None, run_after=None
[2026-05-19T13:28:54.876+0000] {processor.py:183} INFO - Processing /home/airflow/.local/lib/python3.12/site-packages/airflow/example_dags/example_xcomargs.py took 0.089 seconds
[2026-05-19T13:29:24.945+0000] {processor.py:161} INFO - Started process (PID=556) to work on /home/airflow/.local/lib/python3.12/site-packages/airflow/example_dags/example_xcomargs.py
[2026-05-19T13:29:24.946+0000] {processor.py:830} INFO - Processing file /home/airflow/.local/lib/python3.12/site-packages/airflow/example_dags/example_xcomargs.py for tasks to queue
[2026-05-19T13:29:24.949+0000] {logging_mixin.py:188} INFO - [2026-05-19T13:29:24.948+0000] {dagbag.py:545} INFO - Filling up the DagBag from /home/airflow/.local/lib/python3.12/site-packages/airflow/example_dags/example_xcomargs.py
[2026-05-19T13:29:24.964+0000] {processor.py:840} INFO - DAG(s) 'example_xcom_args', 'example_xcom_args_with_operators' retrieved from /home/airflow/.local/lib/python3.12/site-packages/airflow/example_dags/example_xcomargs.py
[2026-05-19T13:29:24.999+0000] {logging_mixin.py:188} INFO - [2026-05-19T13:29:24.998+0000] {dag.py:3096} INFO - Sync 2 DAGs
[2026-05-19T13:29:25.016+0000] {logging_mixin.py:188} INFO - [2026-05-19T13:29:25.016+0000] {dag.py:3954} INFO - Setting next_dagrun for example_xcom_args to None, run_after=None
[2026-05-19T13:29:25.021+0000] {logging_mixin.py:188} INFO - [2026-05-19T13:29:25.020+0000] {dag.py:3954} INFO - Setting next_dagrun for example_xcom_args_with_operators to None, run_after=None
[2026-05-19T13:29:25.049+0000] {processor.py:183} INFO - Processing /home/airflow/.local/lib/python3.12/site-packages/airflow/example_dags/example_xcomargs.py took 0.112 seconds
[2026-05-19T13:30:54.954+0000] {processor.py:161} INFO - Started process (PID=90) to work on /home/airflow/.local/lib/python3.12/site-packages/airflow/example_dags/example_xcomargs.py
[2026-05-19T13:30:54.957+0000] {processor.py:830} INFO - Processing file /home/airflow/.local/lib/python3.12/site-packages/airflow/example_dags/example_xcomargs.py for tasks to queue
[2026-05-19T13:30:54.964+0000] {logging_mixin.py:188} INFO - [2026-05-19T13:30:54.963+0000] {dagbag.py:545} INFO - Filling up the DagBag from /home/airflow/.local/lib/python3.12/site-packages/airflow/example_dags/example_xcomargs.py
[2026-05-19T13:30:55.008+0000] {processor.py:840} INFO - DAG(s) 'example_xcom_args', 'example_xcom_args_with_operators' retrieved from /home/airflow/.local/lib/python3.12/site-packages/airflow/example_dags/example_xcomargs.py
[2026-05-19T13:30:55.350+0000] {logging_mixin.py:188} INFO - [2026-05-19T13:30:55.349+0000] {dag.py:3096} INFO - Sync 2 DAGs
[2026-05-19T13:30:55.373+0000] {logging_mixin.py:188} INFO - [2026-05-19T13:30:55.372+0000] {dag.py:3954} INFO - Setting next_dagrun for example_xcom_args to None, run_after=None
[2026-05-19T13:30:55.379+0000] {logging_mixin.py:188} INFO - [2026-05-19T13:30:55.379+0000] {dag.py:3954} INFO - Setting next_dagrun for example_xcom_args_with_operators to None, run_after=None
[2026-05-19T13:30:55.422+0000] {processor.py:183} INFO - Processing /home/airflow/.local/lib/python3.12/site-packages/airflow/example_dags/example_xcomargs.py took 0.491 seconds
[2026-05-19T13:31:26.251+0000] {processor.py:161} INFO - Started process (PID=149) to work on /home/airflow/.local/lib/python3.12/site-packages/airflow/example_dags/example_xcomargs.py
[2026-05-19T13:31:26.253+0000] {processor.py:830} INFO - Processing file /home/airflow/.local/lib/python3.12/site-packages/airflow/example_dags/example_xcomargs.py for tasks to queue
[2026-05-19T13:31:26.256+0000] {logging_mixin.py:188} INFO - [2026-05-19T13:31:26.256+0000] {dagbag.py:545} INFO - Filling up the DagBag from /home/airflow/.local/lib/python3.12/site-packages/airflow/example_dags/example_xcomargs.py
[2026-05-19T13:31:26.273+0000] {processor.py:840} INFO - DAG(s) 'example_xcom_args_with_operators', 'example_xcom_args' retrieved from /home/airflow/.local/lib/python3.12/site-packages/airflow/example_dags/example_xcomargs.py
[2026-05-19T13:31:26.322+0000] {logging_mixin.py:188} INFO - [2026-05-19T13:31:26.322+0000] {dag.py:3096} INFO - Sync 2 DAGs
[2026-05-19T13:31:26.343+0000] {logging_mixin.py:188} INFO - [2026-05-19T13:31:26.342+0000] {dag.py:3954} INFO - Setting next_dagrun for example_xcom_args to None, run_after=None
[2026-05-19T13:31:26.352+0000] {logging_mixin.py:188} INFO - [2026-05-19T13:31:26.352+0000] {dag.py:3954} INFO - Setting next_dagrun for example_xcom_args_with_operators to None, run_after=None
[2026-05-19T13:31:26.388+0000] {processor.py:183} INFO - Processing /home/airflow/.local/lib/python3.12/site-packages/airflow/example_dags/example_xcomargs.py took 0.145 seconds
[2026-05-19T13:31:56.482+0000] {processor.py:161} INFO - Started process (PID=207) to work on /home/airflow/.local/lib/python3.12/site-packages/airflow/example_dags/example_xcomargs.py
[2026-05-19T13:31:56.484+0000] {processor.py:830} INFO - Processing file /home/airflow/.local/lib/python3.12/site-packages/airflow/example_dags/example_xcomargs.py for tasks to queue
[2026-05-19T13:31:56.491+0000] {logging_mixin.py:188} INFO - [2026-05-19T13:31:56.490+0000] {dagbag.py:545} INFO - Filling up the DagBag from /home/airflow/.local/lib/python3.12/site-packages/airflow/example_dags/example_xcomargs.py
[2026-05-19T13:31:56.512+0000] {processor.py:840} INFO - DAG(s) 'example_xcom_args_with_operators', 'example_xcom_args' retrieved from /home/airflow/.local/lib/python3.12/site-packages/airflow/example_dags/example_xcomargs.py
[2026-05-19T13:31:56.548+0000] {logging_mixin.py:188} INFO - [2026-05-19T13:31:56.548+0000] {dag.py:3096} INFO - Sync 2 DAGs
[2026-05-19T13:31:56.571+0000] {logging_mixin.py:188} INFO - [2026-05-19T13:31:56.571+0000] {dag.py:3954} INFO - Setting next_dagrun for example_xcom_args to None, run_after=None
[2026-05-19T13:31:56.578+0000] {logging_mixin.py:188} INFO - [2026-05-19T13:31:56.577+0000] {dag.py:3954} INFO - Setting next_dagrun for example_xcom_args_with_operators to None, run_after=None
[2026-05-19T13:31:56.616+0000] {processor.py:183} INFO - Processing /home/airflow/.local/lib/python3.12/site-packages/airflow/example_dags/example_xcomargs.py took 0.142 seconds
[2026-05-19T13:32:26.759+0000] {processor.py:161} INFO - Started process (PID=266) to work on /home/airflow/.local/lib/python3.12/site-packages/airflow/example_dags/example_xcomargs.py
[2026-05-19T13:32:26.762+0000] {processor.py:830} INFO - Processing file /home/airflow/.local/lib/python3.12/site-packages/airflow/example_dags/example_xcomargs.py for tasks to queue
[2026-05-19T13:32:26.766+0000] {logging_mixin.py:188} INFO - [2026-05-19T13:32:26.765+0000] {dagbag.py:545} INFO - Filling up the DagBag from /home/airflow/.local/lib/python3.12/site-packages/airflow/example_dags/example_xcomargs.py
[2026-05-19T13:32:26.784+0000] {processor.py:840} INFO - DAG(s) 'example_xcom_args', 'example_xcom_args_with_operators' retrieved from /home/airflow/.local/lib/python3.12/site-packages/airflow/example_dags/example_xcomargs.py
[2026-05-19T13:32:26.843+0000] {logging_mixin.py:188} INFO - [2026-05-19T13:32:26.842+0000] {dag.py:3096} INFO - Sync 2 DAGs
[2026-05-19T13:32:26.873+0000] {logging_mixin.py:188} INFO - [2026-05-19T13:32:26.873+0000] {dag.py:3954} INFO - Setting next_dagrun for example_xcom_args to None, run_after=None
[2026-05-19T13:32:26.885+0000] {logging_mixin.py:188} INFO - [2026-05-19T13:32:26.884+0000] {dag.py:3954} INFO - Setting next_dagrun for example_xcom_args_with_operators to None, run_after=None
[2026-05-19T13:32:26.965+0000] {processor.py:183} INFO - Processing /home/airflow/.local/lib/python3.12/site-packages/airflow/example_dags/example_xcomargs.py took 0.215 seconds
[2026-05-19T13:32:57.284+0000] {processor.py:161} INFO - Started process (PID=325) to work on /home/airflow/.local/lib/python3.12/site-packages/airflow/example_dags/example_xcomargs.py
[2026-05-19T13:32:57.286+0000] {processor.py:830} INFO - Processing file /home/airflow/.local/lib/python3.12/site-packages/airflow/example_dags/example_xcomargs.py for tasks to queue
[2026-05-19T13:32:57.291+0000] {logging_mixin.py:188} INFO - [2026-05-19T13:32:57.290+0000] {dagbag.py:545} INFO - Filling up the DagBag from /home/airflow/.local/lib/python3.12/site-packages/airflow/example_dags/example_xcomargs.py
[2026-05-19T13:32:57.322+0000] {processor.py:840} INFO - DAG(s) 'example_xcom_args', 'example_xcom_args_with_operators' retrieved from /home/airflow/.local/lib/python3.12/site-packages/airflow/example_dags/example_xcomargs.py
[2026-05-19T13:32:57.409+0000] {logging_mixin.py:188} INFO - [2026-05-19T13:32:57.409+0000] {dag.py:3096} INFO - Sync 2 DAGs
[2026-05-19T13:32:57.452+0000] {logging_mixin.py:188} INFO - [2026-05-19T13:32:57.451+0000] {dag.py:3954} INFO - Setting next_dagrun for example_xcom_args to None, run_after=None
[2026-05-19T13:32:57.461+0000] {logging_mixin.py:188} INFO - [2026-05-19T13:32:57.461+0000] {dag.py:3954} INFO - Setting next_dagrun for example_xcom_args_with_operators to None, run_after=None
[2026-05-19T13:32:57.520+0000] {processor.py:183} INFO - Processing /home/airflow/.local/lib/python3.12/site-packages/airflow/example_dags/example_xcomargs.py took 0.247 seconds
[2026-05-19T13:33:28.336+0000] {processor.py:161} INFO - Started process (PID=384) to work on /home/airflow/.local/lib/python3.12/site-packages/airflow/example_dags/example_xcomargs.py
[2026-05-19T13:33:28.340+0000] {processor.py:830} INFO - Processing file /home/airflow/.local/lib/python3.12/site-packages/airflow/example_dags/example_xcomargs.py for tasks to queue
[2026-05-19T13:33:28.344+0000] {logging_mixin.py:188} INFO - [2026-05-19T13:33:28.344+0000] {dagbag.py:545} INFO - Filling up the DagBag from /home/airflow/.local/lib/python3.12/site-packages/airflow/example_dags/example_xcomargs.py
[2026-05-19T13:33:28.361+0000] {processor.py:840} INFO - DAG(s) 'example_xcom_args', 'example_xcom_args_with_operators' retrieved from /home/airflow/.local/lib/python3.12/site-packages/airflow/example_dags/example_xcomargs.py
[2026-05-19T13:33:28.405+0000] {logging_mixin.py:188} INFO - [2026-05-19T13:33:28.404+0000] {dag.py:3096} INFO - Sync 2 DAGs
[2026-05-19T13:33:28.426+0000] {logging_mixin.py:188} INFO - [2026-05-19T13:33:28.425+0000] {dag.py:3954} INFO - Setting next_dagrun for example_xcom_args to None, run_after=None
[2026-05-19T13:33:28.431+0000] {logging_mixin.py:188} INFO - [2026-05-19T13:33:28.430+0000] {dag.py:3954} INFO - Setting next_dagrun for example_xcom_args_with_operators to None, run_after=None
[2026-05-19T13:33:28.469+0000] {processor.py:183} INFO - Processing /home/airflow/.local/lib/python3.12/site-packages/airflow/example_dags/example_xcomargs.py took 0.144 seconds
[2026-05-19T13:33:58.643+0000] {processor.py:161} INFO - Started process (PID=443) to work on /home/airflow/.local/lib/python3.12/site-packages/airflow/example_dags/example_xcomargs.py
[2026-05-19T13:33:58.645+0000] {processor.py:830} INFO - Processing file /home/airflow/.local/lib/python3.12/site-packages/airflow/example_dags/example_xcomargs.py for tasks to queue
[2026-05-19T13:33:58.647+0000] {logging_mixin.py:188} INFO - [2026-05-19T13:33:58.646+0000] {dagbag.py:545} INFO - Filling up the DagBag from /home/airflow/.local/lib/python3.12/site-packages/airflow/example_dags/example_xcomargs.py
[2026-05-19T13:33:58.656+0000] {processor.py:840} INFO - DAG(s) 'example_xcom_args_with_operators', 'example_xcom_args' retrieved from /home/airflow/.local/lib/python3.12/site-packages/airflow/example_dags/example_xcomargs.py
[2026-05-19T13:33:58.694+0000] {logging_mixin.py:188} INFO - [2026-05-19T13:33:58.693+0000] {dag.py:3096} INFO - Sync 2 DAGs
[2026-05-19T13:33:58.707+0000] {logging_mixin.py:188} INFO - [2026-05-19T13:33:58.707+0000] {dag.py:3954} INFO - Setting next_dagrun for example_xcom_args to None, run_after=None
[2026-05-19T13:33:58.712+0000] {logging_mixin.py:188} INFO - [2026-05-19T13:33:58.712+0000] {dag.py:3954} INFO - Setting next_dagrun for example_xcom_args_with_operators to None, run_after=None
[2026-05-19T13:33:58.735+0000] {processor.py:183} INFO - Processing /home/airflow/.local/lib/python3.12/site-packages/airflow/example_dags/example_xcomargs.py took 0.097 seconds
[2026-05-19T13:34:28.843+0000] {processor.py:161} INFO - Started process (PID=502) to work on /home/airflow/.local/lib/python3.12/site-packages/airflow/example_dags/example_xcomargs.py
[2026-05-19T13:34:28.845+0000] {processor.py:830} INFO - Processing file /home/airflow/.local/lib/python3.12/site-packages/airflow/example_dags/example_xcomargs.py for tasks to queue
[2026-05-19T13:34:28.847+0000] {logging_mixin.py:188} INFO - [2026-05-19T13:34:28.847+0000] {dagbag.py:545} INFO - Filling up the DagBag from /home/airflow/.local/lib/python3.12/site-packages/airflow/example_dags/example_xcomargs.py
[2026-05-19T13:34:28.855+0000] {processor.py:840} INFO - DAG(s) 'example_xcom_args', 'example_xcom_args_with_operators' retrieved from /home/airflow/.local/lib/python3.12/site-packages/airflow/example_dags/example_xcomargs.py
[2026-05-19T13:34:28.891+0000] {logging_mixin.py:188} INFO - [2026-05-19T13:34:28.890+0000] {dag.py:3096} INFO - Sync 2 DAGs
[2026-05-19T13:34:28.906+0000] {logging_mixin.py:188} INFO - [2026-05-19T13:34:28.905+0000] {dag.py:3954} INFO - Setting next_dagrun for example_xcom_args to None, run_after=None
[2026-05-19T13:34:28.910+0000] {logging_mixin.py:188} INFO - [2026-05-19T13:34:28.909+0000] {dag.py:3954} INFO - Setting next_dagrun for example_xcom_args_with_operators to None, run_after=None
[2026-05-19T13:34:28.931+0000] {processor.py:183} INFO - Processing /home/airflow/.local/lib/python3.12/site-packages/airflow/example_dags/example_xcomargs.py took 0.094 seconds
[2026-05-19T13:34:59.512+0000] {processor.py:161} INFO - Started process (PID=561) to work on /home/airflow/.local/lib/python3.12/site-packages/airflow/example_dags/example_xcomargs.py
[2026-05-19T13:34:59.514+0000] {processor.py:830} INFO - Processing file /home/airflow/.local/lib/python3.12/site-packages/airflow/example_dags/example_xcomargs.py for tasks to queue
[2026-05-19T13:34:59.519+0000] {logging_mixin.py:188} INFO - [2026-05-19T13:34:59.518+0000] {dagbag.py:545} INFO - Filling up the DagBag from /home/airflow/.local/lib/python3.12/site-packages/airflow/example_dags/example_xcomargs.py
[2026-05-19T13:34:59.530+0000] {processor.py:840} INFO - DAG(s) 'example_xcom_args_with_operators', 'example_xcom_args' retrieved from /home/airflow/.local/lib/python3.12/site-packages/airflow/example_dags/example_xcomargs.py
[2026-05-19T13:34:59.571+0000] {logging_mixin.py:188} INFO - [2026-05-19T13:34:59.571+0000] {dag.py:3096} INFO - Sync 2 DAGs
[2026-05-19T13:34:59.592+0000] {logging_mixin.py:188} INFO - [2026-05-19T13:34:59.590+0000] {dag.py:3954} INFO - Setting next_dagrun for example_xcom_args to None, run_after=None
[2026-05-19T13:34:59.599+0000] {logging_mixin.py:188} INFO - [2026-05-19T13:34:59.599+0000] {dag.py:3954} INFO - Setting next_dagrun for example_xcom_args_with_operators to None, run_after=None
[2026-05-19T13:34:59.651+0000] {processor.py:183} INFO - Processing /home/airflow/.local/lib/python3.12/site-packages/airflow/example_dags/example_xcomargs.py took 0.149 seconds
[2026-05-19T13:35:30.264+0000] {processor.py:161} INFO - Started process (PID=620) to work on /home/airflow/.local/lib/python3.12/site-packages/airflow/example_dags/example_xcomargs.py
[2026-05-19T13:35:30.266+0000] {processor.py:830} INFO - Processing file /home/airflow/.local/lib/python3.12/site-packages/airflow/example_dags/example_xcomargs.py for tasks to queue
[2026-05-19T13:35:30.269+0000] {logging_mixin.py:188} INFO - [2026-05-19T13:35:30.269+0000] {dagbag.py:545} INFO - Filling up the DagBag from /home/airflow/.local/lib/python3.12/site-packages/airflow/example_dags/example_xcomargs.py
[2026-05-19T13:35:30.278+0000] {processor.py:840} INFO - DAG(s) 'example_xcom_args', 'example_xcom_args_with_operators' retrieved from /home/airflow/.local/lib/python3.12/site-packages/airflow/example_dags/example_xcomargs.py
[2026-05-19T13:35:30.312+0000] {logging_mixin.py:188} INFO - [2026-05-19T13:35:30.311+0000] {dag.py:3096} INFO - Sync 2 DAGs
[2026-05-19T13:35:30.335+0000] {logging_mixin.py:188} INFO - [2026-05-19T13:35:30.334+0000] {dag.py:3954} INFO - Setting next_dagrun for example_xcom_args to None, run_after=None
[2026-05-19T13:35:30.341+0000] {logging_mixin.py:188} INFO - [2026-05-19T13:35:30.341+0000] {dag.py:3954} INFO - Setting next_dagrun for example_xcom_args_with_operators to None, run_after=None
[2026-05-19T13:35:30.374+0000] {processor.py:183} INFO - Processing /home/airflow/.local/lib/python3.12/site-packages/airflow/example_dags/example_xcomargs.py took 0.117 seconds
[2026-05-19T13:36:01.157+0000] {processor.py:161} INFO - Started process (PID=679) to work on /home/airflow/.local/lib/python3.12/site-packages/airflow/example_dags/example_xcomargs.py
[2026-05-19T13:36:01.159+0000] {processor.py:830} INFO - Processing file /home/airflow/.local/lib/python3.12/site-packages/airflow/example_dags/example_xcomargs.py for tasks to queue
[2026-05-19T13:36:01.162+0000] {logging_mixin.py:188} INFO - [2026-05-19T13:36:01.162+0000] {dagbag.py:545} INFO - Filling up the DagBag from /home/airflow/.local/lib/python3.12/site-packages/airflow/example_dags/example_xcomargs.py
[2026-05-19T13:36:01.175+0000] {processor.py:840} INFO - DAG(s) 'example_xcom_args_with_operators', 'example_xcom_args' retrieved from /home/airflow/.local/lib/python3.12/site-packages/airflow/example_dags/example_xcomargs.py
[2026-05-19T13:36:01.213+0000] {logging_mixin.py:188} INFO - [2026-05-19T13:36:01.213+0000] {dag.py:3096} INFO - Sync 2 DAGs
[2026-05-19T13:36:01.232+0000] {logging_mixin.py:188} INFO - [2026-05-19T13:36:01.232+0000] {dag.py:3954} INFO - Setting next_dagrun for example_xcom_args to None, run_after=None
[2026-05-19T13:36:01.238+0000] {logging_mixin.py:188} INFO - [2026-05-19T13:36:01.238+0000] {dag.py:3954} INFO - Setting next_dagrun for example_xcom_args_with_operators to None, run_after=None
[2026-05-19T13:36:01.275+0000] {processor.py:183} INFO - Processing /home/airflow/.local/lib/python3.12/site-packages/airflow/example_dags/example_xcomargs.py took 0.126 seconds
[2026-05-19T13:36:31.740+0000] {processor.py:161} INFO - Started process (PID=738) to work on /home/airflow/.local/lib/python3.12/site-packages/airflow/example_dags/example_xcomargs.py
[2026-05-19T13:36:31.742+0000] {processor.py:830} INFO - Processing file /home/airflow/.local/lib/python3.12/site-packages/airflow/example_dags/example_xcomargs.py for tasks to queue
[2026-05-19T13:36:31.747+0000] {logging_mixin.py:188} INFO - [2026-05-19T13:36:31.746+0000] {dagbag.py:545} INFO - Filling up the DagBag from /home/airflow/.local/lib/python3.12/site-packages/airflow/example_dags/example_xcomargs.py
[2026-05-19T13:36:31.760+0000] {processor.py:840} INFO - DAG(s) 'example_xcom_args', 'example_xcom_args_with_operators' retrieved from /home/airflow/.local/lib/python3.12/site-packages/airflow/example_dags/example_xcomargs.py
[2026-05-19T13:36:31.793+0000] {logging_mixin.py:188} INFO - [2026-05-19T13:36:31.793+0000] {dag.py:3096} INFO - Sync 2 DAGs
[2026-05-19T13:36:31.812+0000] {logging_mixin.py:188} INFO - [2026-05-19T13:36:31.811+0000] {dag.py:3954} INFO - Setting next_dagrun for example_xcom_args to None, run_after=None
[2026-05-19T13:36:31.817+0000] {logging_mixin.py:188} INFO - [2026-05-19T13:36:31.816+0000] {dag.py:3954} INFO - Setting next_dagrun for example_xcom_args_with_operators to None, run_after=None
[2026-05-19T13:36:31.844+0000] {processor.py:183} INFO - Processing /home/airflow/.local/lib/python3.12/site-packages/airflow/example_dags/example_xcomargs.py took 0.112 seconds
[2026-05-19T13:37:02.477+0000] {processor.py:161} INFO - Started process (PID=797) to work on /home/airflow/.local/lib/python3.12/site-packages/airflow/example_dags/example_xcomargs.py
[2026-05-19T13:37:02.479+0000] {processor.py:830} INFO - Processing file /home/airflow/.local/lib/python3.12/site-packages/airflow/example_dags/example_xcomargs.py for tasks to queue
[2026-05-19T13:37:02.484+0000] {logging_mixin.py:188} INFO - [2026-05-19T13:37:02.484+0000] {dagbag.py:545} INFO - Filling up the DagBag from /home/airflow/.local/lib/python3.12/site-packages/airflow/example_dags/example_xcomargs.py
[2026-05-19T13:37:02.499+0000] {processor.py:840} INFO - DAG(s) 'example_xcom_args', 'example_xcom_args_with_operators' retrieved from /home/airflow/.local/lib/python3.12/site-packages/airflow/example_dags/example_xcomargs.py
[2026-05-19T13:37:02.529+0000] {logging_mixin.py:188} INFO - [2026-05-19T13:37:02.528+0000] {dag.py:3096} INFO - Sync 2 DAGs
[2026-05-19T13:37:02.542+0000] {logging_mixin.py:188} INFO - [2026-05-19T13:37:02.541+0000] {dag.py:3954} INFO - Setting next_dagrun for example_xcom_args to None, run_after=None
[2026-05-19T13:37:02.549+0000] {logging_mixin.py:188} INFO - [2026-05-19T13:37:02.548+0000] {dag.py:3954} INFO - Setting next_dagrun for example_xcom_args_with_operators to None, run_after=None
[2026-05-19T13:37:02.575+0000] {processor.py:183} INFO - Processing /home/airflow/.local/lib/python3.12/site-packages/airflow/example_dags/example_xcomargs.py took 0.103 seconds
[2026-05-19T13:37:33.056+0000] {processor.py:161} INFO - Started process (PID=856) to work on /home/airflow/.local/lib/python3.12/site-packages/airflow/example_dags/example_xcomargs.py
[2026-05-19T13:37:33.058+0000] {processor.py:830} INFO - Processing file /home/airflow/.local/lib/python3.12/site-packages/airflow/example_dags/example_xcomargs.py for tasks to queue
[2026-05-19T13:37:33.063+0000] {logging_mixin.py:188} INFO - [2026-05-19T13:37:33.061+0000] {dagbag.py:545} INFO - Filling up the DagBag from /home/airflow/.local/lib/python3.12/site-packages/airflow/example_dags/example_xcomargs.py
[2026-05-19T13:37:33.077+0000] {processor.py:840} INFO - DAG(s) 'example_xcom_args_with_operators', 'example_xcom_args' retrieved from /home/airflow/.local/lib/python3.12/site-packages/airflow/example_dags/example_xcomargs.py
[2026-05-19T13:37:33.128+0000] {logging_mixin.py:188} INFO - [2026-05-19T13:37:33.127+0000] {dag.py:3096} INFO - Sync 2 DAGs
[2026-05-19T13:37:33.160+0000] {logging_mixin.py:188} INFO - [2026-05-19T13:37:33.159+0000] {dag.py:3954} INFO - Setting next_dagrun for example_xcom_args to None, run_after=None
[2026-05-19T13:37:33.172+0000] {logging_mixin.py:188} INFO - [2026-05-19T13:37:33.171+0000] {dag.py:3954} INFO - Setting next_dagrun for example_xcom_args_with_operators to None, run_after=None
[2026-05-19T13:37:33.225+0000] {processor.py:183} INFO - Processing /home/airflow/.local/lib/python3.12/site-packages/airflow/example_dags/example_xcomargs.py took 0.178 seconds
[2026-05-19T13:38:03.340+0000] {processor.py:161} INFO - Started process (PID=915) to work on /home/airflow/.local/lib/python3.12/site-packages/airflow/example_dags/example_xcomargs.py
[2026-05-19T13:38:03.342+0000] {processor.py:830} INFO - Processing file /home/airflow/.local/lib/python3.12/site-packages/airflow/example_dags/example_xcomargs.py for tasks to queue
[2026-05-19T13:38:03.347+0000] {logging_mixin.py:188} INFO - [2026-05-19T13:38:03.346+0000] {dagbag.py:545} INFO - Filling up the DagBag from /home/airflow/.local/lib/python3.12/site-packages/airflow/example_dags/example_xcomargs.py
[2026-05-19T13:38:03.374+0000] {processor.py:840} INFO - DAG(s) 'example_xcom_args_with_operators', 'example_xcom_args' retrieved from /home/airflow/.local/lib/python3.12/site-packages/airflow/example_dags/example_xcomargs.py
[2026-05-19T13:38:03.441+0000] {logging_mixin.py:188} INFO - [2026-05-19T13:38:03.441+0000] {dag.py:3096} INFO - Sync 2 DAGs
[2026-05-19T13:38:03.474+0000] {logging_mixin.py:188} INFO - [2026-05-19T13:38:03.474+0000] {dag.py:3954} INFO - Setting next_dagrun for example_xcom_args to None, run_after=None
[2026-05-19T13:38:03.481+0000] {logging_mixin.py:188} INFO - [2026-05-19T13:38:03.481+0000] {dag.py:3954} INFO - Setting next_dagrun for example_xcom_args_with_operators to None, run_after=None
[2026-05-19T13:38:03.518+0000] {processor.py:183} INFO - Processing /home/airflow/.local/lib/python3.12/site-packages/airflow/example_dags/example_xcomargs.py took 0.189 seconds
[2026-05-19T13:38:33.830+0000] {processor.py:161} INFO - Started process (PID=975) to work on /home/airflow/.local/lib/python3.12/site-packages/airflow/example_dags/example_xcomargs.py
[2026-05-19T13:38:33.832+0000] {processor.py:830} INFO - Processing file /home/airflow/.local/lib/python3.12/site-packages/airflow/example_dags/example_xcomargs.py for tasks to queue
[2026-05-19T13:38:33.836+0000] {logging_mixin.py:188} INFO - [2026-05-19T13:38:33.835+0000] {dagbag.py:545} INFO - Filling up the DagBag from /home/airflow/.local/lib/python3.12/site-packages/airflow/example_dags/example_xcomargs.py
[2026-05-19T13:38:33.850+0000] {processor.py:840} INFO - DAG(s) 'example_xcom_args_with_operators', 'example_xcom_args' retrieved from /home/airflow/.local/lib/python3.12/site-packages/airflow/example_dags/example_xcomargs.py
[2026-05-19T13:38:33.887+0000] {logging_mixin.py:188} INFO - [2026-05-19T13:38:33.886+0000] {dag.py:3096} INFO - Sync 2 DAGs
[2026-05-19T13:38:33.904+0000] {logging_mixin.py:188} INFO - [2026-05-19T13:38:33.904+0000] {dag.py:3954} INFO - Setting next_dagrun for example_xcom_args to None, run_after=None
[2026-05-19T13:38:33.909+0000] {logging_mixin.py:188} INFO - [2026-05-19T13:38:33.909+0000] {dag.py:3954} INFO - Setting next_dagrun for example_xcom_args_with_operators to None, run_after=None
[2026-05-19T13:38:33.940+0000] {processor.py:183} INFO - Processing /home/airflow/.local/lib/python3.12/site-packages/airflow/example_dags/example_xcomargs.py took 0.116 seconds
[2026-05-19T13:39:04.463+0000] {processor.py:161} INFO - Started process (PID=1035) to work on /home/airflow/.local/lib/python3.12/site-packages/airflow/example_dags/example_xcomargs.py
[2026-05-19T13:39:04.465+0000] {processor.py:830} INFO - Processing file /home/airflow/.local/lib/python3.12/site-packages/airflow/example_dags/example_xcomargs.py for tasks to queue
[2026-05-19T13:39:04.468+0000] {logging_mixin.py:188} INFO - [2026-05-19T13:39:04.468+0000] {dagbag.py:545} INFO - Filling up the DagBag from /home/airflow/.local/lib/python3.12/site-packages/airflow/example_dags/example_xcomargs.py
[2026-05-19T13:39:04.481+0000] {processor.py:840} INFO - DAG(s) 'example_xcom_args', 'example_xcom_args_with_operators' retrieved from /home/airflow/.local/lib/python3.12/site-packages/airflow/example_dags/example_xcomargs.py
[2026-05-19T13:39:04.510+0000] {logging_mixin.py:188} INFO - [2026-05-19T13:39:04.509+0000] {dag.py:3096} INFO - Sync 2 DAGs
[2026-05-19T13:39:04.522+0000] {logging_mixin.py:188} INFO - [2026-05-19T13:39:04.522+0000] {dag.py:3954} INFO - Setting next_dagrun for example_xcom_args to None, run_after=None
[2026-05-19T13:39:04.528+0000] {logging_mixin.py:188} INFO - [2026-05-19T13:39:04.527+0000] {dag.py:3954} INFO - Setting next_dagrun for example_xcom_args_with_operators to None, run_after=None
[2026-05-19T13:39:04.557+0000] {processor.py:183} INFO - Processing /home/airflow/.local/lib/python3.12/site-packages/airflow/example_dags/example_xcomargs.py took 0.102 seconds
[2026-05-19T13:39:34.824+0000] {processor.py:161} INFO - Started process (PID=1094) to work on /home/airflow/.local/lib/python3.12/site-packages/airflow/example_dags/example_xcomargs.py
[2026-05-19T13:39:34.828+0000] {processor.py:830} INFO - Processing file /home/airflow/.local/lib/python3.12/site-packages/airflow/example_dags/example_xcomargs.py for tasks to queue
[2026-05-19T13:39:34.833+0000] {logging_mixin.py:188} INFO - [2026-05-19T13:39:34.833+0000] {dagbag.py:545} INFO - Filling up the DagBag from /home/airflow/.local/lib/python3.12/site-packages/airflow/example_dags/example_xcomargs.py
[2026-05-19T13:39:34.866+0000] {processor.py:840} INFO - DAG(s) 'example_xcom_args', 'example_xcom_args_with_operators' retrieved from /home/airflow/.local/lib/python3.12/site-packages/airflow/example_dags/example_xcomargs.py
[2026-05-19T13:39:34.979+0000] {logging_mixin.py:188} INFO - [2026-05-19T13:39:34.979+0000] {dag.py:3096} INFO - Sync 2 DAGs
[2026-05-19T13:39:35.022+0000] {logging_mixin.py:188} INFO - [2026-05-19T13:39:35.021+0000] {dag.py:3954} INFO - Setting next_dagrun for example_xcom_args to None, run_after=None
[2026-05-19T13:39:35.034+0000] {logging_mixin.py:188} INFO - [2026-05-19T13:39:35.033+0000] {dag.py:3954} INFO - Setting next_dagrun for example_xcom_args_with_operators to None, run_after=None
[2026-05-19T13:39:35.091+0000] {processor.py:183} INFO - Processing /home/airflow/.local/lib/python3.12/site-packages/airflow/example_dags/example_xcomargs.py took 0.280 seconds
[2026-05-19T13:40:05.303+0000] {processor.py:161} INFO - Started process (PID=1154) to work on /home/airflow/.local/lib/python3.12/site-packages/airflow/example_dags/example_xcomargs.py
[2026-05-19T13:40:05.306+0000] {processor.py:830} INFO - Processing file /home/airflow/.local/lib/python3.12/site-packages/airflow/example_dags/example_xcomargs.py for tasks to queue
[2026-05-19T13:40:05.310+0000] {logging_mixin.py:188} INFO - [2026-05-19T13:40:05.309+0000] {dagbag.py:545} INFO - Filling up the DagBag from /home/airflow/.local/lib/python3.12/site-packages/airflow/example_dags/example_xcomargs.py
[2026-05-19T13:40:05.324+0000] {processor.py:840} INFO - DAG(s) 'example_xcom_args_with_operators', 'example_xcom_args' retrieved from /home/airflow/.local/lib/python3.12/site-packages/airflow/example_dags/example_xcomargs.py
[2026-05-19T13:40:05.366+0000] {logging_mixin.py:188} INFO - [2026-05-19T13:40:05.365+0000] {dag.py:3096} INFO - Sync 2 DAGs
[2026-05-19T13:40:05.382+0000] {logging_mixin.py:188} INFO - [2026-05-19T13:40:05.382+0000] {dag.py:3954} INFO - Setting next_dagrun for example_xcom_args to None, run_after=None
[2026-05-19T13:40:05.389+0000] {logging_mixin.py:188} INFO - [2026-05-19T13:40:05.388+0000] {dag.py:3954} INFO - Setting next_dagrun for example_xcom_args_with_operators to None, run_after=None
[2026-05-19T13:40:05.421+0000] {processor.py:183} INFO - Processing /home/airflow/.local/lib/python3.12/site-packages/airflow/example_dags/example_xcomargs.py took 0.129 seconds
[2026-05-19T13:40:35.813+0000] {processor.py:161} INFO - Started process (PID=1212) to work on /home/airflow/.local/lib/python3.12/site-packages/airflow/example_dags/example_xcomargs.py
[2026-05-19T13:40:35.816+0000] {processor.py:830} INFO - Processing file /home/airflow/.local/lib/python3.12/site-packages/airflow/example_dags/example_xcomargs.py for tasks to queue
[2026-05-19T13:40:35.821+0000] {logging_mixin.py:188} INFO - [2026-05-19T13:40:35.819+0000] {dagbag.py:545} INFO - Filling up the DagBag from /home/airflow/.local/lib/python3.12/site-packages/airflow/example_dags/example_xcomargs.py
[2026-05-19T13:40:35.847+0000] {processor.py:840} INFO - DAG(s) 'example_xcom_args_with_operators', 'example_xcom_args' retrieved from /home/airflow/.local/lib/python3.12/site-packages/airflow/example_dags/example_xcomargs.py
[2026-05-19T13:40:35.925+0000] {logging_mixin.py:188} INFO - [2026-05-19T13:40:35.923+0000] {dag.py:3096} INFO - Sync 2 DAGs
[2026-05-19T13:40:35.973+0000] {logging_mixin.py:188} INFO - [2026-05-19T13:40:35.972+0000] {dag.py:3954} INFO - Setting next_dagrun for example_xcom_args to None, run_after=None
[2026-05-19T13:40:35.985+0000] {logging_mixin.py:188} INFO - [2026-05-19T13:40:35.985+0000] {dag.py:3954} INFO - Setting next_dagrun for example_xcom_args_with_operators to None, run_after=None
[2026-05-19T13:40:36.040+0000] {processor.py:183} INFO - Processing /home/airflow/.local/lib/python3.12/site-packages/airflow/example_dags/example_xcomargs.py took 0.243 seconds
[2026-05-19T13:41:06.134+0000] {processor.py:161} INFO - Started process (PID=1271) to work on /home/airflow/.local/lib/python3.12/site-packages/airflow/example_dags/example_xcomargs.py
[2026-05-19T13:41:06.136+0000] {processor.py:830} INFO - Processing file /home/airflow/.local/lib/python3.12/site-packages/airflow/example_dags/example_xcomargs.py for tasks to queue
[2026-05-19T13:41:06.138+0000] {logging_mixin.py:188} INFO - [2026-05-19T13:41:06.138+0000] {dagbag.py:545} INFO - Filling up the DagBag from /home/airflow/.local/lib/python3.12/site-packages/airflow/example_dags/example_xcomargs.py
[2026-05-19T13:41:06.147+0000] {processor.py:840} INFO - DAG(s) 'example_xcom_args_with_operators', 'example_xcom_args' retrieved from /home/airflow/.local/lib/python3.12/site-packages/airflow/example_dags/example_xcomargs.py
[2026-05-19T13:41:06.182+0000] {logging_mixin.py:188} INFO - [2026-05-19T13:41:06.182+0000] {dag.py:3096} INFO - Sync 2 DAGs
[2026-05-19T13:41:06.200+0000] {logging_mixin.py:188} INFO - [2026-05-19T13:41:06.200+0000] {dag.py:3954} INFO - Setting next_dagrun for example_xcom_args to None, run_after=None
[2026-05-19T13:41:06.205+0000] {logging_mixin.py:188} INFO - [2026-05-19T13:41:06.205+0000] {dag.py:3954} INFO - Setting next_dagrun for example_xcom_args_with_operators to None, run_after=None
[2026-05-19T13:41:06.228+0000] {processor.py:183} INFO - Processing /home/airflow/.local/lib/python3.12/site-packages/airflow/example_dags/example_xcomargs.py took 0.101 seconds
[2026-05-19T13:41:36.632+0000] {processor.py:161} INFO - Started process (PID=1330) to work on /home/airflow/.local/lib/python3.12/site-packages/airflow/example_dags/example_xcomargs.py
[2026-05-19T13:41:36.646+0000] {processor.py:830} INFO - Processing file /home/airflow/.local/lib/python3.12/site-packages/airflow/example_dags/example_xcomargs.py for tasks to queue
[2026-05-19T13:41:36.652+0000] {logging_mixin.py:188} INFO - [2026-05-19T13:41:36.651+0000] {dagbag.py:545} INFO - Filling up the DagBag from /home/airflow/.local/lib/python3.12/site-packages/airflow/example_dags/example_xcomargs.py
[2026-05-19T13:41:36.694+0000] {processor.py:840} INFO - DAG(s) 'example_xcom_args_with_operators', 'example_xcom_args' retrieved from /home/airflow/.local/lib/python3.12/site-packages/airflow/example_dags/example_xcomargs.py
[2026-05-19T13:41:36.812+0000] {logging_mixin.py:188} INFO - [2026-05-19T13:41:36.810+0000] {dag.py:3096} INFO - Sync 2 DAGs
[2026-05-19T13:41:36.865+0000] {logging_mixin.py:188} INFO - [2026-05-19T13:41:36.865+0000] {dag.py:3954} INFO - Setting next_dagrun for example_xcom_args to None, run_after=None
[2026-05-19T13:41:36.880+0000] {logging_mixin.py:188} INFO - [2026-05-19T13:41:36.880+0000] {dag.py:3954} INFO - Setting next_dagrun for example_xcom_args_with_operators to None, run_after=None
[2026-05-19T13:41:36.956+0000] {processor.py:183} INFO - Processing /home/airflow/.local/lib/python3.12/site-packages/airflow/example_dags/example_xcomargs.py took 0.352 seconds
[2026-05-19T13:42:07.101+0000] {processor.py:161} INFO - Started process (PID=1389) to work on /home/airflow/.local/lib/python3.12/site-packages/airflow/example_dags/example_xcomargs.py
[2026-05-19T13:42:07.104+0000] {processor.py:830} INFO - Processing file /home/airflow/.local/lib/python3.12/site-packages/airflow/example_dags/example_xcomargs.py for tasks to queue
[2026-05-19T13:42:07.110+0000] {logging_mixin.py:188} INFO - [2026-05-19T13:42:07.109+0000] {dagbag.py:545} INFO - Filling up the DagBag from /home/airflow/.local/lib/python3.12/site-packages/airflow/example_dags/example_xcomargs.py
[2026-05-19T13:42:07.139+0000] {processor.py:840} INFO - DAG(s) 'example_xcom_args', 'example_xcom_args_with_operators' retrieved from /home/airflow/.local/lib/python3.12/site-packages/airflow/example_dags/example_xcomargs.py
[2026-05-19T13:42:07.205+0000] {logging_mixin.py:188} INFO - [2026-05-19T13:42:07.205+0000] {dag.py:3096} INFO - Sync 2 DAGs
[2026-05-19T13:42:07.250+0000] {logging_mixin.py:188} INFO - [2026-05-19T13:42:07.249+0000] {dag.py:3954} INFO - Setting next_dagrun for example_xcom_args to None, run_after=None
[2026-05-19T13:42:07.265+0000] {logging_mixin.py:188} INFO - [2026-05-19T13:42:07.264+0000] {dag.py:3954} INFO - Setting next_dagrun for example_xcom_args_with_operators to None, run_after=None
[2026-05-19T13:42:07.327+0000] {processor.py:183} INFO - Processing /home/airflow/.local/lib/python3.12/site-packages/airflow/example_dags/example_xcomargs.py took 0.248 seconds
[2026-05-19T13:42:37.543+0000] {processor.py:161} INFO - Started process (PID=1447) to work on /home/airflow/.local/lib/python3.12/site-packages/airflow/example_dags/example_xcomargs.py
[2026-05-19T13:42:37.544+0000] {processor.py:830} INFO - Processing file /home/airflow/.local/lib/python3.12/site-packages/airflow/example_dags/example_xcomargs.py for tasks to queue
[2026-05-19T13:42:37.547+0000] {logging_mixin.py:188} INFO - [2026-05-19T13:42:37.546+0000] {dagbag.py:545} INFO - Filling up the DagBag from /home/airflow/.local/lib/python3.12/site-packages/airflow/example_dags/example_xcomargs.py
[2026-05-19T13:42:37.563+0000] {processor.py:840} INFO - DAG(s) 'example_xcom_args', 'example_xcom_args_with_operators' retrieved from /home/airflow/.local/lib/python3.12/site-packages/airflow/example_dags/example_xcomargs.py
[2026-05-19T13:42:37.599+0000] {logging_mixin.py:188} INFO - [2026-05-19T13:42:37.599+0000] {dag.py:3096} INFO - Sync 2 DAGs
[2026-05-19T13:42:37.619+0000] {logging_mixin.py:188} INFO - [2026-05-19T13:42:37.619+0000] {dag.py:3954} INFO - Setting next_dagrun for example_xcom_args to None, run_after=None
[2026-05-19T13:42:37.625+0000] {logging_mixin.py:188} INFO - [2026-05-19T13:42:37.625+0000] {dag.py:3954} INFO - Setting next_dagrun for example_xcom_args_with_operators to None, run_after=None
[2026-05-19T13:42:37.646+0000] {processor.py:183} INFO - Processing /home/airflow/.local/lib/python3.12/site-packages/airflow/example_dags/example_xcomargs.py took 0.110 seconds
[2026-05-19T13:43:07.904+0000] {processor.py:161} INFO - Started process (PID=1506) to work on /home/airflow/.local/lib/python3.12/site-packages/airflow/example_dags/example_xcomargs.py
[2026-05-19T13:43:07.906+0000] {processor.py:830} INFO - Processing file /home/airflow/.local/lib/python3.12/site-packages/airflow/example_dags/example_xcomargs.py for tasks to queue
[2026-05-19T13:43:07.909+0000] {logging_mixin.py:188} INFO - [2026-05-19T13:43:07.908+0000] {dagbag.py:545} INFO - Filling up the DagBag from /home/airflow/.local/lib/python3.12/site-packages/airflow/example_dags/example_xcomargs.py
[2026-05-19T13:43:07.922+0000] {processor.py:840} INFO - DAG(s) 'example_xcom_args_with_operators', 'example_xcom_args' retrieved from /home/airflow/.local/lib/python3.12/site-packages/airflow/example_dags/example_xcomargs.py
[2026-05-19T13:43:07.955+0000] {logging_mixin.py:188} INFO - [2026-05-19T13:43:07.955+0000] {dag.py:3096} INFO - Sync 2 DAGs
[2026-05-19T13:43:07.974+0000] {logging_mixin.py:188} INFO - [2026-05-19T13:43:07.974+0000] {dag.py:3954} INFO - Setting next_dagrun for example_xcom_args to None, run_after=None
[2026-05-19T13:43:07.980+0000] {logging_mixin.py:188} INFO - [2026-05-19T13:43:07.980+0000] {dag.py:3954} INFO - Setting next_dagrun for example_xcom_args_with_operators to None, run_after=None
[2026-05-19T13:43:08.004+0000] {processor.py:183} INFO - Processing /home/airflow/.local/lib/python3.12/site-packages/airflow/example_dags/example_xcomargs.py took 0.110 seconds
[2026-05-19T13:43:39.515+0000] {processor.py:161} INFO - Started process (PID=1567) to work on /home/airflow/.local/lib/python3.12/site-packages/airflow/example_dags/example_xcomargs.py
[2026-05-19T13:43:39.516+0000] {processor.py:830} INFO - Processing file /home/airflow/.local/lib/python3.12/site-packages/airflow/example_dags/example_xcomargs.py for tasks to queue
[2026-05-19T13:43:39.520+0000] {logging_mixin.py:188} INFO - [2026-05-19T13:43:39.519+0000] {dagbag.py:545} INFO - Filling up the DagBag from /home/airflow/.local/lib/python3.12/site-packages/airflow/example_dags/example_xcomargs.py
[2026-05-19T13:43:39.692+0000] {processor.py:840} INFO - DAG(s) 'example_xcom_args', 'example_xcom_args_with_operators' retrieved from /home/airflow/.local/lib/python3.12/site-packages/airflow/example_dags/example_xcomargs.py
[2026-05-19T13:43:39.721+0000] {logging_mixin.py:188} INFO - [2026-05-19T13:43:39.721+0000] {dag.py:3096} INFO - Sync 2 DAGs
[2026-05-19T13:43:39.735+0000] {logging_mixin.py:188} INFO - [2026-05-19T13:43:39.735+0000] {dag.py:3954} INFO - Setting next_dagrun for example_xcom_args to None, run_after=None
[2026-05-19T13:43:39.739+0000] {logging_mixin.py:188} INFO - [2026-05-19T13:43:39.739+0000] {dag.py:3954} INFO - Setting next_dagrun for example_xcom_args_with_operators to None, run_after=None
[2026-05-19T13:43:39.761+0000] {processor.py:183} INFO - Processing /home/airflow/.local/lib/python3.12/site-packages/airflow/example_dags/example_xcomargs.py took 0.257 seconds
[2026-05-19T13:44:10.244+0000] {processor.py:161} INFO - Started process (PID=1626) to work on /home/airflow/.local/lib/python3.12/site-packages/airflow/example_dags/example_xcomargs.py
[2026-05-19T13:44:10.246+0000] {processor.py:830} INFO - Processing file /home/airflow/.local/lib/python3.12/site-packages/airflow/example_dags/example_xcomargs.py for tasks to queue
[2026-05-19T13:44:10.251+0000] {logging_mixin.py:188} INFO - [2026-05-19T13:44:10.250+0000] {dagbag.py:545} INFO - Filling up the DagBag from /home/airflow/.local/lib/python3.12/site-packages/airflow/example_dags/example_xcomargs.py
[2026-05-19T13:44:10.271+0000] {processor.py:840} INFO - DAG(s) 'example_xcom_args_with_operators', 'example_xcom_args' retrieved from /home/airflow/.local/lib/python3.12/site-packages/airflow/example_dags/example_xcomargs.py
[2026-05-19T13:44:10.325+0000] {logging_mixin.py:188} INFO - [2026-05-19T13:44:10.325+0000] {dag.py:3096} INFO - Sync 2 DAGs
[2026-05-19T13:44:10.353+0000] {logging_mixin.py:188} INFO - [2026-05-19T13:44:10.353+0000] {dag.py:3954} INFO - Setting next_dagrun for example_xcom_args to None, run_after=None
[2026-05-19T13:44:10.361+0000] {logging_mixin.py:188} INFO - [2026-05-19T13:44:10.360+0000] {dag.py:3954} INFO - Setting next_dagrun for example_xcom_args_with_operators to None, run_after=None
[2026-05-19T13:44:10.402+0000] {processor.py:183} INFO - Processing /home/airflow/.local/lib/python3.12/site-packages/airflow/example_dags/example_xcomargs.py took 0.166 seconds
[2026-05-19T13:44:40.744+0000] {processor.py:161} INFO - Started process (PID=1685) to work on /home/airflow/.local/lib/python3.12/site-packages/airflow/example_dags/example_xcomargs.py
[2026-05-19T13:44:40.746+0000] {processor.py:830} INFO - Processing file /home/airflow/.local/lib/python3.12/site-packages/airflow/example_dags/example_xcomargs.py for tasks to queue
[2026-05-19T13:44:40.748+0000] {logging_mixin.py:188} INFO - [2026-05-19T13:44:40.748+0000] {dagbag.py:545} INFO - Filling up the DagBag from /home/airflow/.local/lib/python3.12/site-packages/airflow/example_dags/example_xcomargs.py
[2026-05-19T13:44:40.757+0000] {processor.py:840} INFO - DAG(s) 'example_xcom_args_with_operators', 'example_xcom_args' retrieved from /home/airflow/.local/lib/python3.12/site-packages/airflow/example_dags/example_xcomargs.py
[2026-05-19T13:44:40.790+0000] {logging_mixin.py:188} INFO - [2026-05-19T13:44:40.789+0000] {dag.py:3096} INFO - Sync 2 DAGs
[2026-05-19T13:44:40.814+0000] {logging_mixin.py:188} INFO - [2026-05-19T13:44:40.814+0000] {dag.py:3954} INFO - Setting next_dagrun for example_xcom_args to None, run_after=None
[2026-05-19T13:44:40.819+0000] {logging_mixin.py:188} INFO - [2026-05-19T13:44:40.819+0000] {dag.py:3954} INFO - Setting next_dagrun for example_xcom_args_with_operators to None, run_after=None
[2026-05-19T13:44:40.850+0000] {processor.py:183} INFO - Processing /home/airflow/.local/lib/python3.12/site-packages/airflow/example_dags/example_xcomargs.py took 0.113 seconds
[2026-05-19T13:45:11.138+0000] {processor.py:161} INFO - Started process (PID=1744) to work on /home/airflow/.local/lib/python3.12/site-packages/airflow/example_dags/example_xcomargs.py
[2026-05-19T13:45:11.140+0000] {processor.py:830} INFO - Processing file /home/airflow/.local/lib/python3.12/site-packages/airflow/example_dags/example_xcomargs.py for tasks to queue
[2026-05-19T13:45:11.146+0000] {logging_mixin.py:188} INFO - [2026-05-19T13:45:11.144+0000] {dagbag.py:545} INFO - Filling up the DagBag from /home/airflow/.local/lib/python3.12/site-packages/airflow/example_dags/example_xcomargs.py
[2026-05-19T13:45:11.156+0000] {processor.py:840} INFO - DAG(s) 'example_xcom_args', 'example_xcom_args_with_operators' retrieved from /home/airflow/.local/lib/python3.12/site-packages/airflow/example_dags/example_xcomargs.py
[2026-05-19T13:45:11.192+0000] {logging_mixin.py:188} INFO - [2026-05-19T13:45:11.192+0000] {dag.py:3096} INFO - Sync 2 DAGs
[2026-05-19T13:45:11.223+0000] {logging_mixin.py:188} INFO - [2026-05-19T13:45:11.222+0000] {dag.py:3954} INFO - Setting next_dagrun for example_xcom_args to None, run_after=None
[2026-05-19T13:45:11.231+0000] {logging_mixin.py:188} INFO - [2026-05-19T13:45:11.231+0000] {dag.py:3954} INFO - Setting next_dagrun for example_xcom_args_with_operators to None, run_after=None
[2026-05-19T13:45:11.255+0000] {processor.py:183} INFO - Processing /home/airflow/.local/lib/python3.12/site-packages/airflow/example_dags/example_xcomargs.py took 0.125 seconds
[2026-05-19T13:45:41.857+0000] {processor.py:161} INFO - Started process (PID=1803) to work on /home/airflow/.local/lib/python3.12/site-packages/airflow/example_dags/example_xcomargs.py
[2026-05-19T13:45:41.858+0000] {processor.py:830} INFO - Processing file /home/airflow/.local/lib/python3.12/site-packages/airflow/example_dags/example_xcomargs.py for tasks to queue
[2026-05-19T13:45:41.861+0000] {logging_mixin.py:188} INFO - [2026-05-19T13:45:41.861+0000] {dagbag.py:545} INFO - Filling up the DagBag from /home/airflow/.local/lib/python3.12/site-packages/airflow/example_dags/example_xcomargs.py
[2026-05-19T13:45:41.874+0000] {processor.py:840} INFO - DAG(s) 'example_xcom_args_with_operators', 'example_xcom_args' retrieved from /home/airflow/.local/lib/python3.12/site-packages/airflow/example_dags/example_xcomargs.py
[2026-05-19T13:45:41.915+0000] {logging_mixin.py:188} INFO - [2026-05-19T13:45:41.914+0000] {dag.py:3096} INFO - Sync 2 DAGs
[2026-05-19T13:45:41.938+0000] {logging_mixin.py:188} INFO - [2026-05-19T13:45:41.938+0000] {dag.py:3954} INFO - Setting next_dagrun for example_xcom_args to None, run_after=None
[2026-05-19T13:45:41.948+0000] {logging_mixin.py:188} INFO - [2026-05-19T13:45:41.947+0000] {dag.py:3954} INFO - Setting next_dagrun for example_xcom_args_with_operators to None, run_after=None
[2026-05-19T13:45:41.992+0000] {processor.py:183} INFO - Processing /home/airflow/.local/lib/python3.12/site-packages/airflow/example_dags/example_xcomargs.py took 0.145 seconds
[2026-05-19T13:46:12.243+0000] {processor.py:161} INFO - Started process (PID=1862) to work on /home/airflow/.local/lib/python3.12/site-packages/airflow/example_dags/example_xcomargs.py
[2026-05-19T13:46:12.244+0000] {processor.py:830} INFO - Processing file /home/airflow/.local/lib/python3.12/site-packages/airflow/example_dags/example_xcomargs.py for tasks to queue
[2026-05-19T13:46:12.248+0000] {logging_mixin.py:188} INFO - [2026-05-19T13:46:12.247+0000] {dagbag.py:545} INFO - Filling up the DagBag from /home/airflow/.local/lib/python3.12/site-packages/airflow/example_dags/example_xcomargs.py
[2026-05-19T13:46:12.258+0000] {processor.py:840} INFO - DAG(s) 'example_xcom_args', 'example_xcom_args_with_operators' retrieved from /home/airflow/.local/lib/python3.12/site-packages/airflow/example_dags/example_xcomargs.py
[2026-05-19T13:46:12.288+0000] {logging_mixin.py:188} INFO - [2026-05-19T13:46:12.288+0000] {dag.py:3096} INFO - Sync 2 DAGs
[2026-05-19T13:46:12.305+0000] {logging_mixin.py:188} INFO - [2026-05-19T13:46:12.305+0000] {dag.py:3954} INFO - Setting next_dagrun for example_xcom_args to None, run_after=None
[2026-05-19T13:46:12.312+0000] {logging_mixin.py:188} INFO - [2026-05-19T13:46:12.312+0000] {dag.py:3954} INFO - Setting next_dagrun for example_xcom_args_with_operators to None, run_after=None
[2026-05-19T13:46:12.340+0000] {processor.py:183} INFO - Processing /home/airflow/.local/lib/python3.12/site-packages/airflow/example_dags/example_xcomargs.py took 0.105 seconds
[2026-05-19T13:46:42.596+0000] {processor.py:161} INFO - Started process (PID=1922) to work on /home/airflow/.local/lib/python3.12/site-packages/airflow/example_dags/example_xcomargs.py
[2026-05-19T13:46:42.598+0000] {processor.py:830} INFO - Processing file /home/airflow/.local/lib/python3.12/site-packages/airflow/example_dags/example_xcomargs.py for tasks to queue
[2026-05-19T13:46:42.602+0000] {logging_mixin.py:188} INFO - [2026-05-19T13:46:42.601+0000] {dagbag.py:545} INFO - Filling up the DagBag from /home/airflow/.local/lib/python3.12/site-packages/airflow/example_dags/example_xcomargs.py
[2026-05-19T13:46:42.610+0000] {processor.py:840} INFO - DAG(s) 'example_xcom_args', 'example_xcom_args_with_operators' retrieved from /home/airflow/.local/lib/python3.12/site-packages/airflow/example_dags/example_xcomargs.py
[2026-05-19T13:46:42.638+0000] {logging_mixin.py:188} INFO - [2026-05-19T13:46:42.638+0000] {dag.py:3096} INFO - Sync 2 DAGs
[2026-05-19T13:46:42.656+0000] {logging_mixin.py:188} INFO - [2026-05-19T13:46:42.655+0000] {dag.py:3954} INFO - Setting next_dagrun for example_xcom_args to None, run_after=None
[2026-05-19T13:46:42.660+0000] {logging_mixin.py:188} INFO - [2026-05-19T13:46:42.660+0000] {dag.py:3954} INFO - Setting next_dagrun for example_xcom_args_with_operators to None, run_after=None
[2026-05-19T13:46:42.686+0000] {processor.py:183} INFO - Processing /home/airflow/.local/lib/python3.12/site-packages/airflow/example_dags/example_xcomargs.py took 0.097 seconds
[2026-05-19T13:47:13.289+0000] {processor.py:161} INFO - Started process (PID=1981) to work on /home/airflow/.local/lib/python3.12/site-packages/airflow/example_dags/example_xcomargs.py
[2026-05-19T13:47:13.292+0000] {processor.py:830} INFO - Processing file /home/airflow/.local/lib/python3.12/site-packages/airflow/example_dags/example_xcomargs.py for tasks to queue
[2026-05-19T13:47:13.297+0000] {logging_mixin.py:188} INFO - [2026-05-19T13:47:13.296+0000] {dagbag.py:545} INFO - Filling up the DagBag from /home/airflow/.local/lib/python3.12/site-packages/airflow/example_dags/example_xcomargs.py
[2026-05-19T13:47:13.311+0000] {processor.py:840} INFO - DAG(s) 'example_xcom_args_with_operators', 'example_xcom_args' retrieved from /home/airflow/.local/lib/python3.12/site-packages/airflow/example_dags/example_xcomargs.py
[2026-05-19T13:47:13.351+0000] {logging_mixin.py:188} INFO - [2026-05-19T13:47:13.351+0000] {dag.py:3096} INFO - Sync 2 DAGs
[2026-05-19T13:47:13.369+0000] {logging_mixin.py:188} INFO - [2026-05-19T13:47:13.368+0000] {dag.py:3954} INFO - Setting next_dagrun for example_xcom_args to None, run_after=None
[2026-05-19T13:47:13.376+0000] {logging_mixin.py:188} INFO - [2026-05-19T13:47:13.376+0000] {dag.py:3954} INFO - Setting next_dagrun for example_xcom_args_with_operators to None, run_after=None
[2026-05-19T13:47:13.411+0000] {processor.py:183} INFO - Processing /home/airflow/.local/lib/python3.12/site-packages/airflow/example_dags/example_xcomargs.py took 0.131 seconds
[2026-05-19T13:47:43.477+0000] {processor.py:161} INFO - Started process (PID=2039) to work on /home/airflow/.local/lib/python3.12/site-packages/airflow/example_dags/example_xcomargs.py
[2026-05-19T13:47:43.479+0000] {processor.py:830} INFO - Processing file /home/airflow/.local/lib/python3.12/site-packages/airflow/example_dags/example_xcomargs.py for tasks to queue
[2026-05-19T13:47:43.481+0000] {logging_mixin.py:188} INFO - [2026-05-19T13:47:43.481+0000] {dagbag.py:545} INFO - Filling up the DagBag from /home/airflow/.local/lib/python3.12/site-packages/airflow/example_dags/example_xcomargs.py
[2026-05-19T13:47:43.490+0000] {processor.py:840} INFO - DAG(s) 'example_xcom_args_with_operators', 'example_xcom_args' retrieved from /home/airflow/.local/lib/python3.12/site-packages/airflow/example_dags/example_xcomargs.py
[2026-05-19T13:47:43.516+0000] {logging_mixin.py:188} INFO - [2026-05-19T13:47:43.516+0000] {dag.py:3096} INFO - Sync 2 DAGs
[2026-05-19T13:47:43.533+0000] {logging_mixin.py:188} INFO - [2026-05-19T13:47:43.533+0000] {dag.py:3954} INFO - Setting next_dagrun for example_xcom_args to None, run_after=None
[2026-05-19T13:47:43.540+0000] {logging_mixin.py:188} INFO - [2026-05-19T13:47:43.540+0000] {dag.py:3954} INFO - Setting next_dagrun for example_xcom_args_with_operators to None, run_after=None
[2026-05-19T13:47:43.561+0000] {processor.py:183} INFO - Processing /home/airflow/.local/lib/python3.12/site-packages/airflow/example_dags/example_xcomargs.py took 0.093 seconds
[2026-05-19T13:48:14.155+0000] {processor.py:161} INFO - Started process (PID=2097) to work on /home/airflow/.local/lib/python3.12/site-packages/airflow/example_dags/example_xcomargs.py
[2026-05-19T13:48:14.158+0000] {processor.py:830} INFO - Processing file /home/airflow/.local/lib/python3.12/site-packages/airflow/example_dags/example_xcomargs.py for tasks to queue
[2026-05-19T13:48:14.162+0000] {logging_mixin.py:188} INFO - [2026-05-19T13:48:14.161+0000] {dagbag.py:545} INFO - Filling up the DagBag from /home/airflow/.local/lib/python3.12/site-packages/airflow/example_dags/example_xcomargs.py
[2026-05-19T13:48:14.197+0000] {processor.py:840} INFO - DAG(s) 'example_xcom_args_with_operators', 'example_xcom_args' retrieved from /home/airflow/.local/lib/python3.12/site-packages/airflow/example_dags/example_xcomargs.py
[2026-05-19T13:48:14.260+0000] {logging_mixin.py:188} INFO - [2026-05-19T13:48:14.259+0000] {dag.py:3096} INFO - Sync 2 DAGs
[2026-05-19T13:48:14.285+0000] {logging_mixin.py:188} INFO - [2026-05-19T13:48:14.284+0000] {dag.py:3954} INFO - Setting next_dagrun for example_xcom_args to None, run_after=None
[2026-05-19T13:48:14.294+0000] {logging_mixin.py:188} INFO - [2026-05-19T13:48:14.294+0000] {dag.py:3954} INFO - Setting next_dagrun for example_xcom_args_with_operators to None, run_after=None
[2026-05-19T13:48:14.331+0000] {processor.py:183} INFO - Processing /home/airflow/.local/lib/python3.12/site-packages/airflow/example_dags/example_xcomargs.py took 0.197 seconds
[2026-05-19T13:48:45.035+0000] {processor.py:161} INFO - Started process (PID=2156) to work on /home/airflow/.local/lib/python3.12/site-packages/airflow/example_dags/example_xcomargs.py
[2026-05-19T13:48:45.036+0000] {processor.py:830} INFO - Processing file /home/airflow/.local/lib/python3.12/site-packages/airflow/example_dags/example_xcomargs.py for tasks to queue
[2026-05-19T13:48:45.040+0000] {logging_mixin.py:188} INFO - [2026-05-19T13:48:45.040+0000] {dagbag.py:545} INFO - Filling up the DagBag from /home/airflow/.local/lib/python3.12/site-packages/airflow/example_dags/example_xcomargs.py
[2026-05-19T13:48:45.051+0000] {processor.py:840} INFO - DAG(s) 'example_xcom_args', 'example_xcom_args_with_operators' retrieved from /home/airflow/.local/lib/python3.12/site-packages/airflow/example_dags/example_xcomargs.py
[2026-05-19T13:48:45.086+0000] {logging_mixin.py:188} INFO - [2026-05-19T13:48:45.086+0000] {dag.py:3096} INFO - Sync 2 DAGs
[2026-05-19T13:48:45.107+0000] {logging_mixin.py:188} INFO - [2026-05-19T13:48:45.106+0000] {dag.py:3954} INFO - Setting next_dagrun for example_xcom_args to None, run_after=None
[2026-05-19T13:48:45.114+0000] {logging_mixin.py:188} INFO - [2026-05-19T13:48:45.113+0000] {dag.py:3954} INFO - Setting next_dagrun for example_xcom_args_with_operators to None, run_after=None
[2026-05-19T13:48:45.151+0000] {processor.py:183} INFO - Processing /home/airflow/.local/lib/python3.12/site-packages/airflow/example_dags/example_xcomargs.py took 0.129 seconds
[2026-05-19T13:49:15.800+0000] {processor.py:161} INFO - Started process (PID=2215) to work on /home/airflow/.local/lib/python3.12/site-packages/airflow/example_dags/example_xcomargs.py
[2026-05-19T13:49:15.802+0000] {processor.py:830} INFO - Processing file /home/airflow/.local/lib/python3.12/site-packages/airflow/example_dags/example_xcomargs.py for tasks to queue
[2026-05-19T13:49:15.805+0000] {logging_mixin.py:188} INFO - [2026-05-19T13:49:15.805+0000] {dagbag.py:545} INFO - Filling up the DagBag from /home/airflow/.local/lib/python3.12/site-packages/airflow/example_dags/example_xcomargs.py
[2026-05-19T13:49:15.816+0000] {processor.py:840} INFO - DAG(s) 'example_xcom_args', 'example_xcom_args_with_operators' retrieved from /home/airflow/.local/lib/python3.12/site-packages/airflow/example_dags/example_xcomargs.py
[2026-05-19T13:49:15.853+0000] {logging_mixin.py:188} INFO - [2026-05-19T13:49:15.853+0000] {dag.py:3096} INFO - Sync 2 DAGs
[2026-05-19T13:49:15.872+0000] {logging_mixin.py:188} INFO - [2026-05-19T13:49:15.871+0000] {dag.py:3954} INFO - Setting next_dagrun for example_xcom_args to None, run_after=None
[2026-05-19T13:49:15.877+0000] {logging_mixin.py:188} INFO - [2026-05-19T13:49:15.877+0000] {dag.py:3954} INFO - Setting next_dagrun for example_xcom_args_with_operators to None, run_after=None
[2026-05-19T13:49:15.905+0000] {processor.py:183} INFO - Processing /home/airflow/.local/lib/python3.12/site-packages/airflow/example_dags/example_xcomargs.py took 0.113 seconds
[2026-05-19T13:49:46.192+0000] {processor.py:161} INFO - Started process (PID=2280) to work on /home/airflow/.local/lib/python3.12/site-packages/airflow/example_dags/example_xcomargs.py
[2026-05-19T13:49:46.194+0000] {processor.py:830} INFO - Processing file /home/airflow/.local/lib/python3.12/site-packages/airflow/example_dags/example_xcomargs.py for tasks to queue
[2026-05-19T13:49:46.198+0000] {logging_mixin.py:188} INFO - [2026-05-19T13:49:46.198+0000] {dagbag.py:545} INFO - Filling up the DagBag from /home/airflow/.local/lib/python3.12/site-packages/airflow/example_dags/example_xcomargs.py
[2026-05-19T13:49:46.215+0000] {processor.py:840} INFO - DAG(s) 'example_xcom_args', 'example_xcom_args_with_operators' retrieved from /home/airflow/.local/lib/python3.12/site-packages/airflow/example_dags/example_xcomargs.py
[2026-05-19T13:49:46.261+0000] {logging_mixin.py:188} INFO - [2026-05-19T13:49:46.261+0000] {dag.py:3096} INFO - Sync 2 DAGs
[2026-05-19T13:49:46.287+0000] {logging_mixin.py:188} INFO - [2026-05-19T13:49:46.286+0000] {dag.py:3954} INFO - Setting next_dagrun for example_xcom_args to None, run_after=None
[2026-05-19T13:49:46.295+0000] {logging_mixin.py:188} INFO - [2026-05-19T13:49:46.295+0000] {dag.py:3954} INFO - Setting next_dagrun for example_xcom_args_with_operators to None, run_after=None
[2026-05-19T13:49:46.334+0000] {processor.py:183} INFO - Processing /home/airflow/.local/lib/python3.12/site-packages/airflow/example_dags/example_xcomargs.py took 0.154 seconds
[2026-05-19T13:50:16.702+0000] {processor.py:161} INFO - Started process (PID=2339) to work on /home/airflow/.local/lib/python3.12/site-packages/airflow/example_dags/example_xcomargs.py
[2026-05-19T13:50:16.704+0000] {processor.py:830} INFO - Processing file /home/airflow/.local/lib/python3.12/site-packages/airflow/example_dags/example_xcomargs.py for tasks to queue
[2026-05-19T13:50:16.706+0000] {logging_mixin.py:188} INFO - [2026-05-19T13:50:16.705+0000] {dagbag.py:545} INFO - Filling up the DagBag from /home/airflow/.local/lib/python3.12/site-packages/airflow/example_dags/example_xcomargs.py
[2026-05-19T13:50:16.717+0000] {processor.py:840} INFO - DAG(s) 'example_xcom_args', 'example_xcom_args_with_operators' retrieved from /home/airflow/.local/lib/python3.12/site-packages/airflow/example_dags/example_xcomargs.py
[2026-05-19T13:50:16.753+0000] {logging_mixin.py:188} INFO - [2026-05-19T13:50:16.753+0000] {dag.py:3096} INFO - Sync 2 DAGs
[2026-05-19T13:50:16.769+0000] {logging_mixin.py:188} INFO - [2026-05-19T13:50:16.768+0000] {dag.py:3954} INFO - Setting next_dagrun for example_xcom_args to None, run_after=None
[2026-05-19T13:50:16.773+0000] {logging_mixin.py:188} INFO - [2026-05-19T13:50:16.773+0000] {dag.py:3954} INFO - Setting next_dagrun for example_xcom_args_with_operators to None, run_after=None
[2026-05-19T13:50:16.807+0000] {processor.py:183} INFO - Processing /home/airflow/.local/lib/python3.12/site-packages/airflow/example_dags/example_xcomargs.py took 0.113 seconds
[2026-05-19T13:50:47.178+0000] {processor.py:161} INFO - Started process (PID=2398) to work on /home/airflow/.local/lib/python3.12/site-packages/airflow/example_dags/example_xcomargs.py
[2026-05-19T13:50:47.180+0000] {processor.py:830} INFO - Processing file /home/airflow/.local/lib/python3.12/site-packages/airflow/example_dags/example_xcomargs.py for tasks to queue
[2026-05-19T13:50:47.184+0000] {logging_mixin.py:188} INFO - [2026-05-19T13:50:47.183+0000] {dagbag.py:545} INFO - Filling up the DagBag from /home/airflow/.local/lib/python3.12/site-packages/airflow/example_dags/example_xcomargs.py
[2026-05-19T13:50:47.195+0000] {processor.py:840} INFO - DAG(s) 'example_xcom_args', 'example_xcom_args_with_operators' retrieved from /home/airflow/.local/lib/python3.12/site-packages/airflow/example_dags/example_xcomargs.py
[2026-05-19T13:50:47.258+0000] {logging_mixin.py:188} INFO - [2026-05-19T13:50:47.258+0000] {dag.py:3096} INFO - Sync 2 DAGs
[2026-05-19T13:50:47.285+0000] {logging_mixin.py:188} INFO - [2026-05-19T13:50:47.285+0000] {dag.py:3954} INFO - Setting next_dagrun for example_xcom_args to None, run_after=None
[2026-05-19T13:50:47.295+0000] {logging_mixin.py:188} INFO - [2026-05-19T13:50:47.294+0000] {dag.py:3954} INFO - Setting next_dagrun for example_xcom_args_with_operators to None, run_after=None
[2026-05-19T13:50:47.338+0000] {processor.py:183} INFO - Processing /home/airflow/.local/lib/python3.12/site-packages/airflow/example_dags/example_xcomargs.py took 0.169 seconds
[2026-05-19T13:51:17.503+0000] {processor.py:161} INFO - Started process (PID=2457) to work on /home/airflow/.local/lib/python3.12/site-packages/airflow/example_dags/example_xcomargs.py
[2026-05-19T13:51:17.504+0000] {processor.py:830} INFO - Processing file /home/airflow/.local/lib/python3.12/site-packages/airflow/example_dags/example_xcomargs.py for tasks to queue
[2026-05-19T13:51:17.507+0000] {logging_mixin.py:188} INFO - [2026-05-19T13:51:17.506+0000] {dagbag.py:545} INFO - Filling up the DagBag from /home/airflow/.local/lib/python3.12/site-packages/airflow/example_dags/example_xcomargs.py
[2026-05-19T13:51:17.515+0000] {processor.py:840} INFO - DAG(s) 'example_xcom_args_with_operators', 'example_xcom_args' retrieved from /home/airflow/.local/lib/python3.12/site-packages/airflow/example_dags/example_xcomargs.py
[2026-05-19T13:51:17.548+0000] {logging_mixin.py:188} INFO - [2026-05-19T13:51:17.547+0000] {dag.py:3096} INFO - Sync 2 DAGs
[2026-05-19T13:51:17.565+0000] {logging_mixin.py:188} INFO - [2026-05-19T13:51:17.565+0000] {dag.py:3954} INFO - Setting next_dagrun for example_xcom_args to None, run_after=None
[2026-05-19T13:51:17.570+0000] {logging_mixin.py:188} INFO - [2026-05-19T13:51:17.570+0000] {dag.py:3954} INFO - Setting next_dagrun for example_xcom_args_with_operators to None, run_after=None
[2026-05-19T13:51:17.591+0000] {processor.py:183} INFO - Processing /home/airflow/.local/lib/python3.12/site-packages/airflow/example_dags/example_xcomargs.py took 0.094 seconds
[2026-05-19T13:51:47.996+0000] {processor.py:161} INFO - Started process (PID=2516) to work on /home/airflow/.local/lib/python3.12/site-packages/airflow/example_dags/example_xcomargs.py
[2026-05-19T13:51:47.997+0000] {processor.py:830} INFO - Processing file /home/airflow/.local/lib/python3.12/site-packages/airflow/example_dags/example_xcomargs.py for tasks to queue
[2026-05-19T13:51:48.000+0000] {logging_mixin.py:188} INFO - [2026-05-19T13:51:48.000+0000] {dagbag.py:545} INFO - Filling up the DagBag from /home/airflow/.local/lib/python3.12/site-packages/airflow/example_dags/example_xcomargs.py
[2026-05-19T13:51:48.012+0000] {processor.py:840} INFO - DAG(s) 'example_xcom_args', 'example_xcom_args_with_operators' retrieved from /home/airflow/.local/lib/python3.12/site-packages/airflow/example_dags/example_xcomargs.py
[2026-05-19T13:51:48.049+0000] {logging_mixin.py:188} INFO - [2026-05-19T13:51:48.049+0000] {dag.py:3096} INFO - Sync 2 DAGs
[2026-05-19T13:51:48.062+0000] {logging_mixin.py:188} INFO - [2026-05-19T13:51:48.062+0000] {dag.py:3954} INFO - Setting next_dagrun for example_xcom_args to None, run_after=None
[2026-05-19T13:51:48.066+0000] {logging_mixin.py:188} INFO - [2026-05-19T13:51:48.066+0000] {dag.py:3954} INFO - Setting next_dagrun for example_xcom_args_with_operators to None, run_after=None
[2026-05-19T13:51:48.099+0000] {processor.py:183} INFO - Processing /home/airflow/.local/lib/python3.12/site-packages/airflow/example_dags/example_xcomargs.py took 0.108 seconds
[2026-05-19T13:52:18.329+0000] {processor.py:161} INFO - Started process (PID=2575) to work on /home/airflow/.local/lib/python3.12/site-packages/airflow/example_dags/example_xcomargs.py
[2026-05-19T13:52:18.331+0000] {processor.py:830} INFO - Processing file /home/airflow/.local/lib/python3.12/site-packages/airflow/example_dags/example_xcomargs.py for tasks to queue
[2026-05-19T13:52:18.334+0000] {logging_mixin.py:188} INFO - [2026-05-19T13:52:18.334+0000] {dagbag.py:545} INFO - Filling up the DagBag from /home/airflow/.local/lib/python3.12/site-packages/airflow/example_dags/example_xcomargs.py
[2026-05-19T13:52:18.342+0000] {processor.py:840} INFO - DAG(s) 'example_xcom_args_with_operators', 'example_xcom_args' retrieved from /home/airflow/.local/lib/python3.12/site-packages/airflow/example_dags/example_xcomargs.py
[2026-05-19T13:52:18.379+0000] {logging_mixin.py:188} INFO - [2026-05-19T13:52:18.378+0000] {dag.py:3096} INFO - Sync 2 DAGs
[2026-05-19T13:52:18.400+0000] {logging_mixin.py:188} INFO - [2026-05-19T13:52:18.400+0000] {dag.py:3954} INFO - Setting next_dagrun for example_xcom_args to None, run_after=None
[2026-05-19T13:52:18.404+0000] {logging_mixin.py:188} INFO - [2026-05-19T13:52:18.404+0000] {dag.py:3954} INFO - Setting next_dagrun for example_xcom_args_with_operators to None, run_after=None
[2026-05-19T13:52:18.427+0000] {processor.py:183} INFO - Processing /home/airflow/.local/lib/python3.12/site-packages/airflow/example_dags/example_xcomargs.py took 0.107 seconds
[2026-05-19T13:52:48.525+0000] {processor.py:161} INFO - Started process (PID=2634) to work on /home/airflow/.local/lib/python3.12/site-packages/airflow/example_dags/example_xcomargs.py
[2026-05-19T13:52:48.527+0000] {processor.py:830} INFO - Processing file /home/airflow/.local/lib/python3.12/site-packages/airflow/example_dags/example_xcomargs.py for tasks to queue
[2026-05-19T13:52:48.533+0000] {logging_mixin.py:188} INFO - [2026-05-19T13:52:48.532+0000] {dagbag.py:545} INFO - Filling up the DagBag from /home/airflow/.local/lib/python3.12/site-packages/airflow/example_dags/example_xcomargs.py
[2026-05-19T13:52:48.543+0000] {processor.py:840} INFO - DAG(s) 'example_xcom_args', 'example_xcom_args_with_operators' retrieved from /home/airflow/.local/lib/python3.12/site-packages/airflow/example_dags/example_xcomargs.py
[2026-05-19T13:52:48.585+0000] {logging_mixin.py:188} INFO - [2026-05-19T13:52:48.585+0000] {dag.py:3096} INFO - Sync 2 DAGs
[2026-05-19T13:52:48.608+0000] {logging_mixin.py:188} INFO - [2026-05-19T13:52:48.607+0000] {dag.py:3954} INFO - Setting next_dagrun for example_xcom_args to None, run_after=None
[2026-05-19T13:52:48.613+0000] {logging_mixin.py:188} INFO - [2026-05-19T13:52:48.612+0000] {dag.py:3954} INFO - Setting next_dagrun for example_xcom_args_with_operators to None, run_after=None
[2026-05-19T13:52:48.641+0000] {processor.py:183} INFO - Processing /home/airflow/.local/lib/python3.12/site-packages/airflow/example_dags/example_xcomargs.py took 0.124 seconds
[2026-05-19T13:53:18.924+0000] {processor.py:161} INFO - Started process (PID=2693) to work on /home/airflow/.local/lib/python3.12/site-packages/airflow/example_dags/example_xcomargs.py
[2026-05-19T13:53:18.927+0000] {processor.py:830} INFO - Processing file /home/airflow/.local/lib/python3.12/site-packages/airflow/example_dags/example_xcomargs.py for tasks to queue
[2026-05-19T13:53:18.929+0000] {logging_mixin.py:188} INFO - [2026-05-19T13:53:18.929+0000] {dagbag.py:545} INFO - Filling up the DagBag from /home/airflow/.local/lib/python3.12/site-packages/airflow/example_dags/example_xcomargs.py
[2026-05-19T13:53:18.943+0000] {processor.py:840} INFO - DAG(s) 'example_xcom_args_with_operators', 'example_xcom_args' retrieved from /home/airflow/.local/lib/python3.12/site-packages/airflow/example_dags/example_xcomargs.py
[2026-05-19T13:53:18.973+0000] {logging_mixin.py:188} INFO - [2026-05-19T13:53:18.972+0000] {dag.py:3096} INFO - Sync 2 DAGs
[2026-05-19T13:53:18.989+0000] {logging_mixin.py:188} INFO - [2026-05-19T13:53:18.988+0000] {dag.py:3954} INFO - Setting next_dagrun for example_xcom_args to None, run_after=None
[2026-05-19T13:53:18.998+0000] {logging_mixin.py:188} INFO - [2026-05-19T13:53:18.998+0000] {dag.py:3954} INFO - Setting next_dagrun for example_xcom_args_with_operators to None, run_after=None
[2026-05-19T13:53:19.025+0000] {processor.py:183} INFO - Processing /home/airflow/.local/lib/python3.12/site-packages/airflow/example_dags/example_xcomargs.py took 0.110 seconds
[2026-05-19T13:53:49.213+0000] {processor.py:161} INFO - Started process (PID=2752) to work on /home/airflow/.local/lib/python3.12/site-packages/airflow/example_dags/example_xcomargs.py
[2026-05-19T13:53:49.214+0000] {processor.py:830} INFO - Processing file /home/airflow/.local/lib/python3.12/site-packages/airflow/example_dags/example_xcomargs.py for tasks to queue
[2026-05-19T13:53:49.217+0000] {logging_mixin.py:188} INFO - [2026-05-19T13:53:49.217+0000] {dagbag.py:545} INFO - Filling up the DagBag from /home/airflow/.local/lib/python3.12/site-packages/airflow/example_dags/example_xcomargs.py
[2026-05-19T13:53:49.230+0000] {processor.py:840} INFO - DAG(s) 'example_xcom_args_with_operators', 'example_xcom_args' retrieved from /home/airflow/.local/lib/python3.12/site-packages/airflow/example_dags/example_xcomargs.py
[2026-05-19T13:53:49.259+0000] {logging_mixin.py:188} INFO - [2026-05-19T13:53:49.259+0000] {dag.py:3096} INFO - Sync 2 DAGs
[2026-05-19T13:53:49.283+0000] {logging_mixin.py:188} INFO - [2026-05-19T13:53:49.283+0000] {dag.py:3954} INFO - Setting next_dagrun for example_xcom_args to None, run_after=None
[2026-05-19T13:53:49.290+0000] {logging_mixin.py:188} INFO - [2026-05-19T13:53:49.290+0000] {dag.py:3954} INFO - Setting next_dagrun for example_xcom_args_with_operators to None, run_after=None
[2026-05-19T13:53:49.316+0000] {processor.py:183} INFO - Processing /home/airflow/.local/lib/python3.12/site-packages/airflow/example_dags/example_xcomargs.py took 0.113 seconds
[2026-05-19T13:54:19.911+0000] {processor.py:161} INFO - Started process (PID=2811) to work on /home/airflow/.local/lib/python3.12/site-packages/airflow/example_dags/example_xcomargs.py
[2026-05-19T13:54:19.912+0000] {processor.py:830} INFO - Processing file /home/airflow/.local/lib/python3.12/site-packages/airflow/example_dags/example_xcomargs.py for tasks to queue
[2026-05-19T13:54:19.914+0000] {logging_mixin.py:188} INFO - [2026-05-19T13:54:19.913+0000] {dagbag.py:545} INFO - Filling up the DagBag from /home/airflow/.local/lib/python3.12/site-packages/airflow/example_dags/example_xcomargs.py
[2026-05-19T13:54:19.923+0000] {processor.py:840} INFO - DAG(s) 'example_xcom_args_with_operators', 'example_xcom_args' retrieved from /home/airflow/.local/lib/python3.12/site-packages/airflow/example_dags/example_xcomargs.py
[2026-05-19T13:54:19.962+0000] {logging_mixin.py:188} INFO - [2026-05-19T13:54:19.961+0000] {dag.py:3096} INFO - Sync 2 DAGs
[2026-05-19T13:54:19.979+0000] {logging_mixin.py:188} INFO - [2026-05-19T13:54:19.979+0000] {dag.py:3954} INFO - Setting next_dagrun for example_xcom_args to None, run_after=None
[2026-05-19T13:54:19.983+0000] {logging_mixin.py:188} INFO - [2026-05-19T13:54:19.983+0000] {dag.py:3954} INFO - Setting next_dagrun for example_xcom_args_with_operators to None, run_after=None
[2026-05-19T13:54:20.004+0000] {processor.py:183} INFO - Processing /home/airflow/.local/lib/python3.12/site-packages/airflow/example_dags/example_xcomargs.py took 0.100 seconds
[2026-05-19T13:54:50.485+0000] {processor.py:161} INFO - Started process (PID=2870) to work on /home/airflow/.local/lib/python3.12/site-packages/airflow/example_dags/example_xcomargs.py
[2026-05-19T13:54:50.487+0000] {processor.py:830} INFO - Processing file /home/airflow/.local/lib/python3.12/site-packages/airflow/example_dags/example_xcomargs.py for tasks to queue
[2026-05-19T13:54:50.489+0000] {logging_mixin.py:188} INFO - [2026-05-19T13:54:50.489+0000] {dagbag.py:545} INFO - Filling up the DagBag from /home/airflow/.local/lib/python3.12/site-packages/airflow/example_dags/example_xcomargs.py
[2026-05-19T13:54:50.504+0000] {processor.py:840} INFO - DAG(s) 'example_xcom_args_with_operators', 'example_xcom_args' retrieved from /home/airflow/.local/lib/python3.12/site-packages/airflow/example_dags/example_xcomargs.py
[2026-05-19T13:54:50.539+0000] {logging_mixin.py:188} INFO - [2026-05-19T13:54:50.538+0000] {dag.py:3096} INFO - Sync 2 DAGs
[2026-05-19T13:54:50.553+0000] {logging_mixin.py:188} INFO - [2026-05-19T13:54:50.553+0000] {dag.py:3954} INFO - Setting next_dagrun for example_xcom_args to None, run_after=None
[2026-05-19T13:54:50.558+0000] {logging_mixin.py:188} INFO - [2026-05-19T13:54:50.557+0000] {dag.py:3954} INFO - Setting next_dagrun for example_xcom_args_with_operators to None, run_after=None
[2026-05-19T13:54:50.586+0000] {processor.py:183} INFO - Processing /home/airflow/.local/lib/python3.12/site-packages/airflow/example_dags/example_xcomargs.py took 0.108 seconds
[2026-05-19T13:55:21.229+0000] {processor.py:161} INFO - Started process (PID=2929) to work on /home/airflow/.local/lib/python3.12/site-packages/airflow/example_dags/example_xcomargs.py
[2026-05-19T13:55:21.232+0000] {processor.py:830} INFO - Processing file /home/airflow/.local/lib/python3.12/site-packages/airflow/example_dags/example_xcomargs.py for tasks to queue
[2026-05-19T13:55:21.236+0000] {logging_mixin.py:188} INFO - [2026-05-19T13:55:21.235+0000] {dagbag.py:545} INFO - Filling up the DagBag from /home/airflow/.local/lib/python3.12/site-packages/airflow/example_dags/example_xcomargs.py
[2026-05-19T13:55:21.249+0000] {processor.py:840} INFO - DAG(s) 'example_xcom_args_with_operators', 'example_xcom_args' retrieved from /home/airflow/.local/lib/python3.12/site-packages/airflow/example_dags/example_xcomargs.py
[2026-05-19T13:55:21.280+0000] {logging_mixin.py:188} INFO - [2026-05-19T13:55:21.280+0000] {dag.py:3096} INFO - Sync 2 DAGs
[2026-05-19T13:55:21.307+0000] {logging_mixin.py:188} INFO - [2026-05-19T13:55:21.307+0000] {dag.py:3954} INFO - Setting next_dagrun for example_xcom_args to None, run_after=None
[2026-05-19T13:55:21.314+0000] {logging_mixin.py:188} INFO - [2026-05-19T13:55:21.314+0000] {dag.py:3954} INFO - Setting next_dagrun for example_xcom_args_with_operators to None, run_after=None
[2026-05-19T13:55:21.355+0000] {processor.py:183} INFO - Processing /home/airflow/.local/lib/python3.12/site-packages/airflow/example_dags/example_xcomargs.py took 0.135 seconds
[2026-05-19T13:55:51.745+0000] {processor.py:161} INFO - Started process (PID=2988) to work on /home/airflow/.local/lib/python3.12/site-packages/airflow/example_dags/example_xcomargs.py
[2026-05-19T13:55:51.746+0000] {processor.py:830} INFO - Processing file /home/airflow/.local/lib/python3.12/site-packages/airflow/example_dags/example_xcomargs.py for tasks to queue
[2026-05-19T13:55:51.749+0000] {logging_mixin.py:188} INFO - [2026-05-19T13:55:51.748+0000] {dagbag.py:545} INFO - Filling up the DagBag from /home/airflow/.local/lib/python3.12/site-packages/airflow/example_dags/example_xcomargs.py
[2026-05-19T13:55:51.763+0000] {processor.py:840} INFO - DAG(s) 'example_xcom_args', 'example_xcom_args_with_operators' retrieved from /home/airflow/.local/lib/python3.12/site-packages/airflow/example_dags/example_xcomargs.py
[2026-05-19T13:55:51.796+0000] {logging_mixin.py:188} INFO - [2026-05-19T13:55:51.796+0000] {dag.py:3096} INFO - Sync 2 DAGs
[2026-05-19T13:55:51.811+0000] {logging_mixin.py:188} INFO - [2026-05-19T13:55:51.810+0000] {dag.py:3954} INFO - Setting next_dagrun for example_xcom_args to None, run_after=None
[2026-05-19T13:55:51.815+0000] {logging_mixin.py:188} INFO - [2026-05-19T13:55:51.815+0000] {dag.py:3954} INFO - Setting next_dagrun for example_xcom_args_with_operators to None, run_after=None
[2026-05-19T13:55:51.842+0000] {processor.py:183} INFO - Processing /home/airflow/.local/lib/python3.12/site-packages/airflow/example_dags/example_xcomargs.py took 0.104 seconds
[2026-05-19T13:56:21.968+0000] {processor.py:161} INFO - Started process (PID=3046) to work on /home/airflow/.local/lib/python3.12/site-packages/airflow/example_dags/example_xcomargs.py
[2026-05-19T13:56:21.971+0000] {processor.py:830} INFO - Processing file /home/airflow/.local/lib/python3.12/site-packages/airflow/example_dags/example_xcomargs.py for tasks to queue
[2026-05-19T13:56:21.975+0000] {logging_mixin.py:188} INFO - [2026-05-19T13:56:21.974+0000] {dagbag.py:545} INFO - Filling up the DagBag from /home/airflow/.local/lib/python3.12/site-packages/airflow/example_dags/example_xcomargs.py
[2026-05-19T13:56:21.997+0000] {processor.py:840} INFO - DAG(s) 'example_xcom_args_with_operators', 'example_xcom_args' retrieved from /home/airflow/.local/lib/python3.12/site-packages/airflow/example_dags/example_xcomargs.py
[2026-05-19T13:56:22.049+0000] {logging_mixin.py:188} INFO - [2026-05-19T13:56:22.048+0000] {dag.py:3096} INFO - Sync 2 DAGs
[2026-05-19T13:56:22.082+0000] {logging_mixin.py:188} INFO - [2026-05-19T13:56:22.081+0000] {dag.py:3954} INFO - Setting next_dagrun for example_xcom_args to None, run_after=None
[2026-05-19T13:56:22.092+0000] {logging_mixin.py:188} INFO - [2026-05-19T13:56:22.091+0000] {dag.py:3954} INFO - Setting next_dagrun for example_xcom_args_with_operators to None, run_after=None
[2026-05-19T13:56:22.135+0000] {processor.py:183} INFO - Processing /home/airflow/.local/lib/python3.12/site-packages/airflow/example_dags/example_xcomargs.py took 0.180 seconds
[2026-05-19T13:56:52.555+0000] {processor.py:161} INFO - Started process (PID=3105) to work on /home/airflow/.local/lib/python3.12/site-packages/airflow/example_dags/example_xcomargs.py
[2026-05-19T13:56:52.556+0000] {processor.py:830} INFO - Processing file /home/airflow/.local/lib/python3.12/site-packages/airflow/example_dags/example_xcomargs.py for tasks to queue
[2026-05-19T13:56:52.560+0000] {logging_mixin.py:188} INFO - [2026-05-19T13:56:52.559+0000] {dagbag.py:545} INFO - Filling up the DagBag from /home/airflow/.local/lib/python3.12/site-packages/airflow/example_dags/example_xcomargs.py
[2026-05-19T13:56:52.574+0000] {processor.py:840} INFO - DAG(s) 'example_xcom_args', 'example_xcom_args_with_operators' retrieved from /home/airflow/.local/lib/python3.12/site-packages/airflow/example_dags/example_xcomargs.py
[2026-05-19T13:56:52.630+0000] {logging_mixin.py:188} INFO - [2026-05-19T13:56:52.629+0000] {dag.py:3096} INFO - Sync 2 DAGs
[2026-05-19T13:56:52.657+0000] {logging_mixin.py:188} INFO - [2026-05-19T13:56:52.657+0000] {dag.py:3954} INFO - Setting next_dagrun for example_xcom_args to None, run_after=None
[2026-05-19T13:56:52.668+0000] {logging_mixin.py:188} INFO - [2026-05-19T13:56:52.667+0000] {dag.py:3954} INFO - Setting next_dagrun for example_xcom_args_with_operators to None, run_after=None
[2026-05-19T13:56:52.720+0000] {processor.py:183} INFO - Processing /home/airflow/.local/lib/python3.12/site-packages/airflow/example_dags/example_xcomargs.py took 0.173 seconds
[2026-05-19T13:57:22.839+0000] {processor.py:161} INFO - Started process (PID=3164) to work on /home/airflow/.local/lib/python3.12/site-packages/airflow/example_dags/example_xcomargs.py
[2026-05-19T13:57:22.841+0000] {processor.py:830} INFO - Processing file /home/airflow/.local/lib/python3.12/site-packages/airflow/example_dags/example_xcomargs.py for tasks to queue
[2026-05-19T13:57:22.844+0000] {logging_mixin.py:188} INFO - [2026-05-19T13:57:22.843+0000] {dagbag.py:545} INFO - Filling up the DagBag from /home/airflow/.local/lib/python3.12/site-packages/airflow/example_dags/example_xcomargs.py
[2026-05-19T13:57:22.856+0000] {processor.py:840} INFO - DAG(s) 'example_xcom_args', 'example_xcom_args_with_operators' retrieved from /home/airflow/.local/lib/python3.12/site-packages/airflow/example_dags/example_xcomargs.py
[2026-05-19T13:57:22.897+0000] {logging_mixin.py:188} INFO - [2026-05-19T13:57:22.896+0000] {dag.py:3096} INFO - Sync 2 DAGs
[2026-05-19T13:57:22.914+0000] {logging_mixin.py:188} INFO - [2026-05-19T13:57:22.913+0000] {dag.py:3954} INFO - Setting next_dagrun for example_xcom_args to None, run_after=None
[2026-05-19T13:57:22.919+0000] {logging_mixin.py:188} INFO - [2026-05-19T13:57:22.919+0000] {dag.py:3954} INFO - Setting next_dagrun for example_xcom_args_with_operators to None, run_after=None
[2026-05-19T13:57:22.949+0000] {processor.py:183} INFO - Processing /home/airflow/.local/lib/python3.12/site-packages/airflow/example_dags/example_xcomargs.py took 0.116 seconds
[2026-05-19T13:57:53.410+0000] {processor.py:161} INFO - Started process (PID=3223) to work on /home/airflow/.local/lib/python3.12/site-packages/airflow/example_dags/example_xcomargs.py
[2026-05-19T13:57:53.412+0000] {processor.py:830} INFO - Processing file /home/airflow/.local/lib/python3.12/site-packages/airflow/example_dags/example_xcomargs.py for tasks to queue
[2026-05-19T13:57:53.415+0000] {logging_mixin.py:188} INFO - [2026-05-19T13:57:53.414+0000] {dagbag.py:545} INFO - Filling up the DagBag from /home/airflow/.local/lib/python3.12/site-packages/airflow/example_dags/example_xcomargs.py
[2026-05-19T13:57:53.427+0000] {processor.py:840} INFO - DAG(s) 'example_xcom_args', 'example_xcom_args_with_operators' retrieved from /home/airflow/.local/lib/python3.12/site-packages/airflow/example_dags/example_xcomargs.py
[2026-05-19T13:57:53.456+0000] {logging_mixin.py:188} INFO - [2026-05-19T13:57:53.456+0000] {dag.py:3096} INFO - Sync 2 DAGs
[2026-05-19T13:57:53.469+0000] {logging_mixin.py:188} INFO - [2026-05-19T13:57:53.468+0000] {dag.py:3954} INFO - Setting next_dagrun for example_xcom_args to None, run_after=None
[2026-05-19T13:57:53.476+0000] {logging_mixin.py:188} INFO - [2026-05-19T13:57:53.475+0000] {dag.py:3954} INFO - Setting next_dagrun for example_xcom_args_with_operators to None, run_after=None
[2026-05-19T13:57:53.504+0000] {processor.py:183} INFO - Processing /home/airflow/.local/lib/python3.12/site-packages/airflow/example_dags/example_xcomargs.py took 0.103 seconds
[2026-05-19T13:58:24.120+0000] {processor.py:161} INFO - Started process (PID=3282) to work on /home/airflow/.local/lib/python3.12/site-packages/airflow/example_dags/example_xcomargs.py
[2026-05-19T13:58:24.122+0000] {processor.py:830} INFO - Processing file /home/airflow/.local/lib/python3.12/site-packages/airflow/example_dags/example_xcomargs.py for tasks to queue
[2026-05-19T13:58:24.126+0000] {logging_mixin.py:188} INFO - [2026-05-19T13:58:24.125+0000] {dagbag.py:545} INFO - Filling up the DagBag from /home/airflow/.local/lib/python3.12/site-packages/airflow/example_dags/example_xcomargs.py
[2026-05-19T13:58:24.139+0000] {processor.py:840} INFO - DAG(s) 'example_xcom_args_with_operators', 'example_xcom_args' retrieved from /home/airflow/.local/lib/python3.12/site-packages/airflow/example_dags/example_xcomargs.py
[2026-05-19T13:58:24.189+0000] {logging_mixin.py:188} INFO - [2026-05-19T13:58:24.188+0000] {dag.py:3096} INFO - Sync 2 DAGs
[2026-05-19T13:58:24.220+0000] {logging_mixin.py:188} INFO - [2026-05-19T13:58:24.220+0000] {dag.py:3954} INFO - Setting next_dagrun for example_xcom_args to None, run_after=None
[2026-05-19T13:58:24.231+0000] {logging_mixin.py:188} INFO - [2026-05-19T13:58:24.231+0000] {dag.py:3954} INFO - Setting next_dagrun for example_xcom_args_with_operators to None, run_after=None
[2026-05-19T13:58:24.278+0000] {processor.py:183} INFO - Processing /home/airflow/.local/lib/python3.12/site-packages/airflow/example_dags/example_xcomargs.py took 0.165 seconds
[2026-05-19T13:58:54.585+0000] {processor.py:161} INFO - Started process (PID=3341) to work on /home/airflow/.local/lib/python3.12/site-packages/airflow/example_dags/example_xcomargs.py
[2026-05-19T13:58:54.587+0000] {processor.py:830} INFO - Processing file /home/airflow/.local/lib/python3.12/site-packages/airflow/example_dags/example_xcomargs.py for tasks to queue
[2026-05-19T13:58:54.591+0000] {logging_mixin.py:188} INFO - [2026-05-19T13:58:54.591+0000] {dagbag.py:545} INFO - Filling up the DagBag from /home/airflow/.local/lib/python3.12/site-packages/airflow/example_dags/example_xcomargs.py
[2026-05-19T13:58:54.604+0000] {processor.py:840} INFO - DAG(s) 'example_xcom_args_with_operators', 'example_xcom_args' retrieved from /home/airflow/.local/lib/python3.12/site-packages/airflow/example_dags/example_xcomargs.py
[2026-05-19T13:58:54.633+0000] {logging_mixin.py:188} INFO - [2026-05-19T13:58:54.632+0000] {dag.py:3096} INFO - Sync 2 DAGs
[2026-05-19T13:58:54.651+0000] {logging_mixin.py:188} INFO - [2026-05-19T13:58:54.651+0000] {dag.py:3954} INFO - Setting next_dagrun for example_xcom_args to None, run_after=None
[2026-05-19T13:58:54.657+0000] {logging_mixin.py:188} INFO - [2026-05-19T13:58:54.656+0000] {dag.py:3954} INFO - Setting next_dagrun for example_xcom_args_with_operators to None, run_after=None
[2026-05-19T13:58:54.676+0000] {processor.py:183} INFO - Processing /home/airflow/.local/lib/python3.12/site-packages/airflow/example_dags/example_xcomargs.py took 0.101 seconds
[2026-05-19T13:59:24.964+0000] {processor.py:161} INFO - Started process (PID=3400) to work on /home/airflow/.local/lib/python3.12/site-packages/airflow/example_dags/example_xcomargs.py
[2026-05-19T13:59:24.966+0000] {processor.py:830} INFO - Processing file /home/airflow/.local/lib/python3.12/site-packages/airflow/example_dags/example_xcomargs.py for tasks to queue
[2026-05-19T13:59:24.968+0000] {logging_mixin.py:188} INFO - [2026-05-19T13:59:24.967+0000] {dagbag.py:545} INFO - Filling up the DagBag from /home/airflow/.local/lib/python3.12/site-packages/airflow/example_dags/example_xcomargs.py
[2026-05-19T13:59:24.978+0000] {processor.py:840} INFO - DAG(s) 'example_xcom_args_with_operators', 'example_xcom_args' retrieved from /home/airflow/.local/lib/python3.12/site-packages/airflow/example_dags/example_xcomargs.py
[2026-05-19T13:59:25.007+0000] {logging_mixin.py:188} INFO - [2026-05-19T13:59:25.007+0000] {dag.py:3096} INFO - Sync 2 DAGs
[2026-05-19T13:59:25.018+0000] {logging_mixin.py:188} INFO - [2026-05-19T13:59:25.018+0000] {dag.py:3954} INFO - Setting next_dagrun for example_xcom_args to None, run_after=None
[2026-05-19T13:59:25.024+0000] {logging_mixin.py:188} INFO - [2026-05-19T13:59:25.023+0000] {dag.py:3954} INFO - Setting next_dagrun for example_xcom_args_with_operators to None, run_after=None
[2026-05-19T13:59:25.040+0000] {processor.py:183} INFO - Processing /home/airflow/.local/lib/python3.12/site-packages/airflow/example_dags/example_xcomargs.py took 0.081 seconds
[2026-05-19T13:59:55.731+0000] {processor.py:161} INFO - Started process (PID=3460) to work on /home/airflow/.local/lib/python3.12/site-packages/airflow/example_dags/example_xcomargs.py
[2026-05-19T13:59:55.736+0000] {processor.py:830} INFO - Processing file /home/airflow/.local/lib/python3.12/site-packages/airflow/example_dags/example_xcomargs.py for tasks to queue
[2026-05-19T13:59:55.746+0000] {logging_mixin.py:188} INFO - [2026-05-19T13:59:55.744+0000] {dagbag.py:545} INFO - Filling up the DagBag from /home/airflow/.local/lib/python3.12/site-packages/airflow/example_dags/example_xcomargs.py
[2026-05-19T13:59:55.785+0000] {processor.py:840} INFO - DAG(s) 'example_xcom_args_with_operators', 'example_xcom_args' retrieved from /home/airflow/.local/lib/python3.12/site-packages/airflow/example_dags/example_xcomargs.py
[2026-05-19T13:59:55.891+0000] {logging_mixin.py:188} INFO - [2026-05-19T13:59:55.891+0000] {dag.py:3096} INFO - Sync 2 DAGs
[2026-05-19T13:59:55.935+0000] {logging_mixin.py:188} INFO - [2026-05-19T13:59:55.935+0000] {dag.py:3954} INFO - Setting next_dagrun for example_xcom_args to None, run_after=None
[2026-05-19T13:59:55.950+0000] {logging_mixin.py:188} INFO - [2026-05-19T13:59:55.949+0000] {dag.py:3954} INFO - Setting next_dagrun for example_xcom_args_with_operators to None, run_after=None
[2026-05-19T13:59:56.011+0000] {processor.py:183} INFO - Processing /home/airflow/.local/lib/python3.12/site-packages/airflow/example_dags/example_xcomargs.py took 0.300 seconds
[2026-05-19T14:00:26.268+0000] {processor.py:161} INFO - Started process (PID=3519) to work on /home/airflow/.local/lib/python3.12/site-packages/airflow/example_dags/example_xcomargs.py
[2026-05-19T14:00:26.270+0000] {processor.py:830} INFO - Processing file /home/airflow/.local/lib/python3.12/site-packages/airflow/example_dags/example_xcomargs.py for tasks to queue
[2026-05-19T14:00:26.276+0000] {logging_mixin.py:188} INFO - [2026-05-19T14:00:26.275+0000] {dagbag.py:545} INFO - Filling up the DagBag from /home/airflow/.local/lib/python3.12/site-packages/airflow/example_dags/example_xcomargs.py
[2026-05-19T14:00:26.291+0000] {processor.py:840} INFO - DAG(s) 'example_xcom_args_with_operators', 'example_xcom_args' retrieved from /home/airflow/.local/lib/python3.12/site-packages/airflow/example_dags/example_xcomargs.py
[2026-05-19T14:00:26.330+0000] {logging_mixin.py:188} INFO - [2026-05-19T14:00:26.329+0000] {dag.py:3096} INFO - Sync 2 DAGs
[2026-05-19T14:00:26.357+0000] {logging_mixin.py:188} INFO - [2026-05-19T14:00:26.356+0000] {dag.py:3954} INFO - Setting next_dagrun for example_xcom_args to None, run_after=None
[2026-05-19T14:00:26.365+0000] {logging_mixin.py:188} INFO - [2026-05-19T14:00:26.365+0000] {dag.py:3954} INFO - Setting next_dagrun for example_xcom_args_with_operators to None, run_after=None
[2026-05-19T14:00:26.412+0000] {processor.py:183} INFO - Processing /home/airflow/.local/lib/python3.12/site-packages/airflow/example_dags/example_xcomargs.py took 0.152 seconds
[2026-05-19T14:00:57.634+0000] {processor.py:161} INFO - Started process (PID=3579) to work on /home/airflow/.local/lib/python3.12/site-packages/airflow/example_dags/example_xcomargs.py
[2026-05-19T14:00:57.637+0000] {processor.py:830} INFO - Processing file /home/airflow/.local/lib/python3.12/site-packages/airflow/example_dags/example_xcomargs.py for tasks to queue
[2026-05-19T14:00:57.660+0000] {logging_mixin.py:188} INFO - [2026-05-19T14:00:57.652+0000] {dagbag.py:545} INFO - Filling up the DagBag from /home/airflow/.local/lib/python3.12/site-packages/airflow/example_dags/example_xcomargs.py
[2026-05-19T14:00:57.719+0000] {processor.py:840} INFO - DAG(s) 'example_xcom_args_with_operators', 'example_xcom_args' retrieved from /home/airflow/.local/lib/python3.12/site-packages/airflow/example_dags/example_xcomargs.py
[2026-05-19T14:00:57.904+0000] {logging_mixin.py:188} INFO - [2026-05-19T14:00:57.903+0000] {dag.py:3096} INFO - Sync 2 DAGs
[2026-05-19T14:00:58.056+0000] {logging_mixin.py:188} INFO - [2026-05-19T14:00:58.055+0000] {dag.py:3954} INFO - Setting next_dagrun for example_xcom_args to None, run_after=None
[2026-05-19T14:00:58.097+0000] {logging_mixin.py:188} INFO - [2026-05-19T14:00:58.096+0000] {dag.py:3954} INFO - Setting next_dagrun for example_xcom_args_with_operators to None, run_after=None
[2026-05-19T14:00:58.320+0000] {processor.py:183} INFO - Processing /home/airflow/.local/lib/python3.12/site-packages/airflow/example_dags/example_xcomargs.py took 0.782 seconds
[2026-05-19T14:01:29.034+0000] {processor.py:161} INFO - Started process (PID=3638) to work on /home/airflow/.local/lib/python3.12/site-packages/airflow/example_dags/example_xcomargs.py
[2026-05-19T14:01:29.035+0000] {processor.py:830} INFO - Processing file /home/airflow/.local/lib/python3.12/site-packages/airflow/example_dags/example_xcomargs.py for tasks to queue
[2026-05-19T14:01:29.039+0000] {logging_mixin.py:188} INFO - [2026-05-19T14:01:29.039+0000] {dagbag.py:545} INFO - Filling up the DagBag from /home/airflow/.local/lib/python3.12/site-packages/airflow/example_dags/example_xcomargs.py
[2026-05-19T14:01:29.052+0000] {processor.py:840} INFO - DAG(s) 'example_xcom_args_with_operators', 'example_xcom_args' retrieved from /home/airflow/.local/lib/python3.12/site-packages/airflow/example_dags/example_xcomargs.py
[2026-05-19T14:01:29.079+0000] {logging_mixin.py:188} INFO - [2026-05-19T14:01:29.079+0000] {dag.py:3096} INFO - Sync 2 DAGs
[2026-05-19T14:01:29.093+0000] {logging_mixin.py:188} INFO - [2026-05-19T14:01:29.093+0000] {dag.py:3954} INFO - Setting next_dagrun for example_xcom_args to None, run_after=None
[2026-05-19T14:01:29.101+0000] {logging_mixin.py:188} INFO - [2026-05-19T14:01:29.101+0000] {dag.py:3954} INFO - Setting next_dagrun for example_xcom_args_with_operators to None, run_after=None
[2026-05-19T14:01:29.130+0000] {processor.py:183} INFO - Processing /home/airflow/.local/lib/python3.12/site-packages/airflow/example_dags/example_xcomargs.py took 0.104 seconds
[2026-05-19T14:01:59.839+0000] {processor.py:161} INFO - Started process (PID=3697) to work on /home/airflow/.local/lib/python3.12/site-packages/airflow/example_dags/example_xcomargs.py
[2026-05-19T14:01:59.846+0000] {processor.py:830} INFO - Processing file /home/airflow/.local/lib/python3.12/site-packages/airflow/example_dags/example_xcomargs.py for tasks to queue
[2026-05-19T14:01:59.853+0000] {logging_mixin.py:188} INFO - [2026-05-19T14:01:59.850+0000] {dagbag.py:545} INFO - Filling up the DagBag from /home/airflow/.local/lib/python3.12/site-packages/airflow/example_dags/example_xcomargs.py
[2026-05-19T14:01:59.882+0000] {processor.py:840} INFO - DAG(s) 'example_xcom_args', 'example_xcom_args_with_operators' retrieved from /home/airflow/.local/lib/python3.12/site-packages/airflow/example_dags/example_xcomargs.py
[2026-05-19T14:01:59.959+0000] {logging_mixin.py:188} INFO - [2026-05-19T14:01:59.958+0000] {dag.py:3096} INFO - Sync 2 DAGs
[2026-05-19T14:02:00.010+0000] {logging_mixin.py:188} INFO - [2026-05-19T14:02:00.009+0000] {dag.py:3954} INFO - Setting next_dagrun for example_xcom_args to None, run_after=None
[2026-05-19T14:02:00.030+0000] {logging_mixin.py:188} INFO - [2026-05-19T14:02:00.030+0000] {dag.py:3954} INFO - Setting next_dagrun for example_xcom_args_with_operators to None, run_after=None
[2026-05-19T14:02:00.097+0000] {processor.py:183} INFO - Processing /home/airflow/.local/lib/python3.12/site-packages/airflow/example_dags/example_xcomargs.py took 0.276 seconds
[2026-05-19T14:02:30.994+0000] {processor.py:161} INFO - Started process (PID=3756) to work on /home/airflow/.local/lib/python3.12/site-packages/airflow/example_dags/example_xcomargs.py
[2026-05-19T14:02:30.996+0000] {processor.py:830} INFO - Processing file /home/airflow/.local/lib/python3.12/site-packages/airflow/example_dags/example_xcomargs.py for tasks to queue
[2026-05-19T14:02:30.999+0000] {logging_mixin.py:188} INFO - [2026-05-19T14:02:30.999+0000] {dagbag.py:545} INFO - Filling up the DagBag from /home/airflow/.local/lib/python3.12/site-packages/airflow/example_dags/example_xcomargs.py
[2026-05-19T14:02:31.014+0000] {processor.py:840} INFO - DAG(s) 'example_xcom_args', 'example_xcom_args_with_operators' retrieved from /home/airflow/.local/lib/python3.12/site-packages/airflow/example_dags/example_xcomargs.py
[2026-05-19T14:02:31.036+0000] {logging_mixin.py:188} INFO - [2026-05-19T14:02:31.036+0000] {dag.py:3096} INFO - Sync 2 DAGs
[2026-05-19T14:02:31.050+0000] {logging_mixin.py:188} INFO - [2026-05-19T14:02:31.049+0000] {dag.py:3954} INFO - Setting next_dagrun for example_xcom_args to None, run_after=None
[2026-05-19T14:02:31.054+0000] {logging_mixin.py:188} INFO - [2026-05-19T14:02:31.053+0000] {dag.py:3954} INFO - Setting next_dagrun for example_xcom_args_with_operators to None, run_after=None
[2026-05-19T14:02:31.084+0000] {processor.py:183} INFO - Processing /home/airflow/.local/lib/python3.12/site-packages/airflow/example_dags/example_xcomargs.py took 0.097 seconds
[2026-05-19T14:03:01.248+0000] {processor.py:161} INFO - Started process (PID=3815) to work on /home/airflow/.local/lib/python3.12/site-packages/airflow/example_dags/example_xcomargs.py
[2026-05-19T14:03:01.250+0000] {processor.py:830} INFO - Processing file /home/airflow/.local/lib/python3.12/site-packages/airflow/example_dags/example_xcomargs.py for tasks to queue
[2026-05-19T14:03:01.252+0000] {logging_mixin.py:188} INFO - [2026-05-19T14:03:01.252+0000] {dagbag.py:545} INFO - Filling up the DagBag from /home/airflow/.local/lib/python3.12/site-packages/airflow/example_dags/example_xcomargs.py
[2026-05-19T14:03:01.267+0000] {processor.py:840} INFO - DAG(s) 'example_xcom_args', 'example_xcom_args_with_operators' retrieved from /home/airflow/.local/lib/python3.12/site-packages/airflow/example_dags/example_xcomargs.py
[2026-05-19T14:03:01.310+0000] {logging_mixin.py:188} INFO - [2026-05-19T14:03:01.309+0000] {dag.py:3096} INFO - Sync 2 DAGs
[2026-05-19T14:03:01.330+0000] {logging_mixin.py:188} INFO - [2026-05-19T14:03:01.330+0000] {dag.py:3954} INFO - Setting next_dagrun for example_xcom_args to None, run_after=None
[2026-05-19T14:03:01.338+0000] {logging_mixin.py:188} INFO - [2026-05-19T14:03:01.337+0000] {dag.py:3954} INFO - Setting next_dagrun for example_xcom_args_with_operators to None, run_after=None
[2026-05-19T14:03:01.371+0000] {processor.py:183} INFO - Processing /home/airflow/.local/lib/python3.12/site-packages/airflow/example_dags/example_xcomargs.py took 0.132 seconds
[2026-05-19T14:03:32.205+0000] {processor.py:161} INFO - Started process (PID=3874) to work on /home/airflow/.local/lib/python3.12/site-packages/airflow/example_dags/example_xcomargs.py
[2026-05-19T14:03:32.207+0000] {processor.py:830} INFO - Processing file /home/airflow/.local/lib/python3.12/site-packages/airflow/example_dags/example_xcomargs.py for tasks to queue
[2026-05-19T14:03:32.211+0000] {logging_mixin.py:188} INFO - [2026-05-19T14:03:32.210+0000] {dagbag.py:545} INFO - Filling up the DagBag from /home/airflow/.local/lib/python3.12/site-packages/airflow/example_dags/example_xcomargs.py
[2026-05-19T14:03:32.228+0000] {processor.py:840} INFO - DAG(s) 'example_xcom_args_with_operators', 'example_xcom_args' retrieved from /home/airflow/.local/lib/python3.12/site-packages/airflow/example_dags/example_xcomargs.py
[2026-05-19T14:03:32.273+0000] {logging_mixin.py:188} INFO - [2026-05-19T14:03:32.272+0000] {dag.py:3096} INFO - Sync 2 DAGs
[2026-05-19T14:03:32.300+0000] {logging_mixin.py:188} INFO - [2026-05-19T14:03:32.300+0000] {dag.py:3954} INFO - Setting next_dagrun for example_xcom_args to None, run_after=None
[2026-05-19T14:03:32.307+0000] {logging_mixin.py:188} INFO - [2026-05-19T14:03:32.306+0000] {dag.py:3954} INFO - Setting next_dagrun for example_xcom_args_with_operators to None, run_after=None
[2026-05-19T14:03:32.337+0000] {processor.py:183} INFO - Processing /home/airflow/.local/lib/python3.12/site-packages/airflow/example_dags/example_xcomargs.py took 0.139 seconds
[2026-05-19T14:04:02.612+0000] {processor.py:161} INFO - Started process (PID=3933) to work on /home/airflow/.local/lib/python3.12/site-packages/airflow/example_dags/example_xcomargs.py
[2026-05-19T14:04:02.614+0000] {processor.py:830} INFO - Processing file /home/airflow/.local/lib/python3.12/site-packages/airflow/example_dags/example_xcomargs.py for tasks to queue
[2026-05-19T14:04:02.616+0000] {logging_mixin.py:188} INFO - [2026-05-19T14:04:02.615+0000] {dagbag.py:545} INFO - Filling up the DagBag from /home/airflow/.local/lib/python3.12/site-packages/airflow/example_dags/example_xcomargs.py
[2026-05-19T14:04:02.626+0000] {processor.py:840} INFO - DAG(s) 'example_xcom_args_with_operators', 'example_xcom_args' retrieved from /home/airflow/.local/lib/python3.12/site-packages/airflow/example_dags/example_xcomargs.py
[2026-05-19T14:04:02.663+0000] {logging_mixin.py:188} INFO - [2026-05-19T14:04:02.663+0000] {dag.py:3096} INFO - Sync 2 DAGs
[2026-05-19T14:04:02.677+0000] {logging_mixin.py:188} INFO - [2026-05-19T14:04:02.676+0000] {dag.py:3954} INFO - Setting next_dagrun for example_xcom_args to None, run_after=None
[2026-05-19T14:04:02.681+0000] {logging_mixin.py:188} INFO - [2026-05-19T14:04:02.681+0000] {dag.py:3954} INFO - Setting next_dagrun for example_xcom_args_with_operators to None, run_after=None
[2026-05-19T14:04:02.710+0000] {processor.py:183} INFO - Processing /home/airflow/.local/lib/python3.12/site-packages/airflow/example_dags/example_xcomargs.py took 0.104 seconds
[2026-05-19T14:04:32.813+0000] {processor.py:161} INFO - Started process (PID=3992) to work on /home/airflow/.local/lib/python3.12/site-packages/airflow/example_dags/example_xcomargs.py
[2026-05-19T14:04:32.814+0000] {processor.py:830} INFO - Processing file /home/airflow/.local/lib/python3.12/site-packages/airflow/example_dags/example_xcomargs.py for tasks to queue
[2026-05-19T14:04:32.817+0000] {logging_mixin.py:188} INFO - [2026-05-19T14:04:32.816+0000] {dagbag.py:545} INFO - Filling up the DagBag from /home/airflow/.local/lib/python3.12/site-packages/airflow/example_dags/example_xcomargs.py
[2026-05-19T14:04:32.825+0000] {processor.py:840} INFO - DAG(s) 'example_xcom_args_with_operators', 'example_xcom_args' retrieved from /home/airflow/.local/lib/python3.12/site-packages/airflow/example_dags/example_xcomargs.py
[2026-05-19T14:04:32.857+0000] {logging_mixin.py:188} INFO - [2026-05-19T14:04:32.857+0000] {dag.py:3096} INFO - Sync 2 DAGs
[2026-05-19T14:04:32.872+0000] {logging_mixin.py:188} INFO - [2026-05-19T14:04:32.872+0000] {dag.py:3954} INFO - Setting next_dagrun for example_xcom_args to None, run_after=None
[2026-05-19T14:04:32.876+0000] {logging_mixin.py:188} INFO - [2026-05-19T14:04:32.876+0000] {dag.py:3954} INFO - Setting next_dagrun for example_xcom_args_with_operators to None, run_after=None
[2026-05-19T14:04:32.899+0000] {processor.py:183} INFO - Processing /home/airflow/.local/lib/python3.12/site-packages/airflow/example_dags/example_xcomargs.py took 0.091 seconds
[2026-05-19T14:05:03.366+0000] {processor.py:161} INFO - Started process (PID=4051) to work on /home/airflow/.local/lib/python3.12/site-packages/airflow/example_dags/example_xcomargs.py
[2026-05-19T14:05:03.367+0000] {processor.py:830} INFO - Processing file /home/airflow/.local/lib/python3.12/site-packages/airflow/example_dags/example_xcomargs.py for tasks to queue
[2026-05-19T14:05:03.370+0000] {logging_mixin.py:188} INFO - [2026-05-19T14:05:03.370+0000] {dagbag.py:545} INFO - Filling up the DagBag from /home/airflow/.local/lib/python3.12/site-packages/airflow/example_dags/example_xcomargs.py
[2026-05-19T14:05:03.386+0000] {processor.py:840} INFO - DAG(s) 'example_xcom_args_with_operators', 'example_xcom_args' retrieved from /home/airflow/.local/lib/python3.12/site-packages/airflow/example_dags/example_xcomargs.py
[2026-05-19T14:05:03.426+0000] {logging_mixin.py:188} INFO - [2026-05-19T14:05:03.426+0000] {dag.py:3096} INFO - Sync 2 DAGs
[2026-05-19T14:05:03.446+0000] {logging_mixin.py:188} INFO - [2026-05-19T14:05:03.445+0000] {dag.py:3954} INFO - Setting next_dagrun for example_xcom_args to None, run_after=None
[2026-05-19T14:05:03.454+0000] {logging_mixin.py:188} INFO - [2026-05-19T14:05:03.454+0000] {dag.py:3954} INFO - Setting next_dagrun for example_xcom_args_with_operators to None, run_after=None
[2026-05-19T14:05:03.484+0000] {processor.py:183} INFO - Processing /home/airflow/.local/lib/python3.12/site-packages/airflow/example_dags/example_xcomargs.py took 0.125 seconds
[2026-05-19T14:05:34.407+0000] {processor.py:161} INFO - Started process (PID=4110) to work on /home/airflow/.local/lib/python3.12/site-packages/airflow/example_dags/example_xcomargs.py
[2026-05-19T14:05:34.409+0000] {processor.py:830} INFO - Processing file /home/airflow/.local/lib/python3.12/site-packages/airflow/example_dags/example_xcomargs.py for tasks to queue
[2026-05-19T14:05:34.411+0000] {logging_mixin.py:188} INFO - [2026-05-19T14:05:34.411+0000] {dagbag.py:545} INFO - Filling up the DagBag from /home/airflow/.local/lib/python3.12/site-packages/airflow/example_dags/example_xcomargs.py
[2026-05-19T14:05:34.424+0000] {processor.py:840} INFO - DAG(s) 'example_xcom_args_with_operators', 'example_xcom_args' retrieved from /home/airflow/.local/lib/python3.12/site-packages/airflow/example_dags/example_xcomargs.py
[2026-05-19T14:05:34.446+0000] {logging_mixin.py:188} INFO - [2026-05-19T14:05:34.446+0000] {dag.py:3096} INFO - Sync 2 DAGs
[2026-05-19T14:05:34.458+0000] {logging_mixin.py:188} INFO - [2026-05-19T14:05:34.458+0000] {dag.py:3954} INFO - Setting next_dagrun for example_xcom_args to None, run_after=None
[2026-05-19T14:05:34.464+0000] {logging_mixin.py:188} INFO - [2026-05-19T14:05:34.463+0000] {dag.py:3954} INFO - Setting next_dagrun for example_xcom_args_with_operators to None, run_after=None
[2026-05-19T14:05:34.504+0000] {processor.py:183} INFO - Processing /home/airflow/.local/lib/python3.12/site-packages/airflow/example_dags/example_xcomargs.py took 0.104 seconds
[2026-05-19T14:06:04.885+0000] {processor.py:161} INFO - Started process (PID=4170) to work on /home/airflow/.local/lib/python3.12/site-packages/airflow/example_dags/example_xcomargs.py
[2026-05-19T14:06:04.886+0000] {processor.py:830} INFO - Processing file /home/airflow/.local/lib/python3.12/site-packages/airflow/example_dags/example_xcomargs.py for tasks to queue
[2026-05-19T14:06:04.888+0000] {logging_mixin.py:188} INFO - [2026-05-19T14:06:04.888+0000] {dagbag.py:545} INFO - Filling up the DagBag from /home/airflow/.local/lib/python3.12/site-packages/airflow/example_dags/example_xcomargs.py
[2026-05-19T14:06:04.898+0000] {processor.py:840} INFO - DAG(s) 'example_xcom_args_with_operators', 'example_xcom_args' retrieved from /home/airflow/.local/lib/python3.12/site-packages/airflow/example_dags/example_xcomargs.py
[2026-05-19T14:06:04.920+0000] {logging_mixin.py:188} INFO - [2026-05-19T14:06:04.920+0000] {dag.py:3096} INFO - Sync 2 DAGs
[2026-05-19T14:06:04.933+0000] {logging_mixin.py:188} INFO - [2026-05-19T14:06:04.933+0000] {dag.py:3954} INFO - Setting next_dagrun for example_xcom_args to None, run_after=None
[2026-05-19T14:06:04.937+0000] {logging_mixin.py:188} INFO - [2026-05-19T14:06:04.937+0000] {dag.py:3954} INFO - Setting next_dagrun for example_xcom_args_with_operators to None, run_after=None
[2026-05-19T14:06:04.970+0000] {processor.py:183} INFO - Processing /home/airflow/.local/lib/python3.12/site-packages/airflow/example_dags/example_xcomargs.py took 0.090 seconds
[2026-05-19T14:06:35.694+0000] {processor.py:161} INFO - Started process (PID=4229) to work on /home/airflow/.local/lib/python3.12/site-packages/airflow/example_dags/example_xcomargs.py
[2026-05-19T14:06:35.696+0000] {processor.py:830} INFO - Processing file /home/airflow/.local/lib/python3.12/site-packages/airflow/example_dags/example_xcomargs.py for tasks to queue
[2026-05-19T14:06:35.699+0000] {logging_mixin.py:188} INFO - [2026-05-19T14:06:35.698+0000] {dagbag.py:545} INFO - Filling up the DagBag from /home/airflow/.local/lib/python3.12/site-packages/airflow/example_dags/example_xcomargs.py
[2026-05-19T14:06:35.706+0000] {processor.py:840} INFO - DAG(s) 'example_xcom_args', 'example_xcom_args_with_operators' retrieved from /home/airflow/.local/lib/python3.12/site-packages/airflow/example_dags/example_xcomargs.py
[2026-05-19T14:06:35.735+0000] {logging_mixin.py:188} INFO - [2026-05-19T14:06:35.735+0000] {dag.py:3096} INFO - Sync 2 DAGs
[2026-05-19T14:06:35.753+0000] {logging_mixin.py:188} INFO - [2026-05-19T14:06:35.753+0000] {dag.py:3954} INFO - Setting next_dagrun for example_xcom_args to None, run_after=None
[2026-05-19T14:06:35.759+0000] {logging_mixin.py:188} INFO - [2026-05-19T14:06:35.759+0000] {dag.py:3954} INFO - Setting next_dagrun for example_xcom_args_with_operators to None, run_after=None
[2026-05-19T14:06:35.783+0000] {processor.py:183} INFO - Processing /home/airflow/.local/lib/python3.12/site-packages/airflow/example_dags/example_xcomargs.py took 0.095 seconds
[2026-05-19T14:07:06.234+0000] {processor.py:161} INFO - Started process (PID=4288) to work on /home/airflow/.local/lib/python3.12/site-packages/airflow/example_dags/example_xcomargs.py
[2026-05-19T14:07:06.236+0000] {processor.py:830} INFO - Processing file /home/airflow/.local/lib/python3.12/site-packages/airflow/example_dags/example_xcomargs.py for tasks to queue
[2026-05-19T14:07:06.239+0000] {logging_mixin.py:188} INFO - [2026-05-19T14:07:06.239+0000] {dagbag.py:545} INFO - Filling up the DagBag from /home/airflow/.local/lib/python3.12/site-packages/airflow/example_dags/example_xcomargs.py
[2026-05-19T14:07:06.250+0000] {processor.py:840} INFO - DAG(s) 'example_xcom_args', 'example_xcom_args_with_operators' retrieved from /home/airflow/.local/lib/python3.12/site-packages/airflow/example_dags/example_xcomargs.py
[2026-05-19T14:07:06.279+0000] {logging_mixin.py:188} INFO - [2026-05-19T14:07:06.279+0000] {dag.py:3096} INFO - Sync 2 DAGs
[2026-05-19T14:07:06.297+0000] {logging_mixin.py:188} INFO - [2026-05-19T14:07:06.297+0000] {dag.py:3954} INFO - Setting next_dagrun for example_xcom_args to None, run_after=None
[2026-05-19T14:07:06.302+0000] {logging_mixin.py:188} INFO - [2026-05-19T14:07:06.302+0000] {dag.py:3954} INFO - Setting next_dagrun for example_xcom_args_with_operators to None, run_after=None
[2026-05-19T14:07:06.331+0000] {processor.py:183} INFO - Processing /home/airflow/.local/lib/python3.12/site-packages/airflow/example_dags/example_xcomargs.py took 0.105 seconds
[2026-05-19T14:07:36.958+0000] {processor.py:161} INFO - Started process (PID=4347) to work on /home/airflow/.local/lib/python3.12/site-packages/airflow/example_dags/example_xcomargs.py
[2026-05-19T14:07:36.961+0000] {processor.py:830} INFO - Processing file /home/airflow/.local/lib/python3.12/site-packages/airflow/example_dags/example_xcomargs.py for tasks to queue
[2026-05-19T14:07:36.970+0000] {logging_mixin.py:188} INFO - [2026-05-19T14:07:36.968+0000] {dagbag.py:545} INFO - Filling up the DagBag from /home/airflow/.local/lib/python3.12/site-packages/airflow/example_dags/example_xcomargs.py
[2026-05-19T14:07:37.008+0000] {processor.py:840} INFO - DAG(s) 'example_xcom_args_with_operators', 'example_xcom_args' retrieved from /home/airflow/.local/lib/python3.12/site-packages/airflow/example_dags/example_xcomargs.py
[2026-05-19T14:07:37.111+0000] {logging_mixin.py:188} INFO - [2026-05-19T14:07:37.110+0000] {dag.py:3096} INFO - Sync 2 DAGs
[2026-05-19T14:07:37.177+0000] {logging_mixin.py:188} INFO - [2026-05-19T14:07:37.176+0000] {dag.py:3954} INFO - Setting next_dagrun for example_xcom_args to None, run_after=None
[2026-05-19T14:07:37.194+0000] {logging_mixin.py:188} INFO - [2026-05-19T14:07:37.193+0000] {dag.py:3954} INFO - Setting next_dagrun for example_xcom_args_with_operators to None, run_after=None
[2026-05-19T14:07:37.256+0000] {processor.py:183} INFO - Processing /home/airflow/.local/lib/python3.12/site-packages/airflow/example_dags/example_xcomargs.py took 0.319 seconds
[2026-05-19T14:08:07.621+0000] {processor.py:161} INFO - Started process (PID=4406) to work on /home/airflow/.local/lib/python3.12/site-packages/airflow/example_dags/example_xcomargs.py
[2026-05-19T14:08:07.623+0000] {processor.py:830} INFO - Processing file /home/airflow/.local/lib/python3.12/site-packages/airflow/example_dags/example_xcomargs.py for tasks to queue
[2026-05-19T14:08:07.626+0000] {logging_mixin.py:188} INFO - [2026-05-19T14:08:07.625+0000] {dagbag.py:545} INFO - Filling up the DagBag from /home/airflow/.local/lib/python3.12/site-packages/airflow/example_dags/example_xcomargs.py
[2026-05-19T14:08:07.633+0000] {processor.py:840} INFO - DAG(s) 'example_xcom_args', 'example_xcom_args_with_operators' retrieved from /home/airflow/.local/lib/python3.12/site-packages/airflow/example_dags/example_xcomargs.py
[2026-05-19T14:08:07.664+0000] {logging_mixin.py:188} INFO - [2026-05-19T14:08:07.664+0000] {dag.py:3096} INFO - Sync 2 DAGs
[2026-05-19T14:08:07.680+0000] {logging_mixin.py:188} INFO - [2026-05-19T14:08:07.680+0000] {dag.py:3954} INFO - Setting next_dagrun for example_xcom_args to None, run_after=None
[2026-05-19T14:08:07.684+0000] {logging_mixin.py:188} INFO - [2026-05-19T14:08:07.684+0000] {dag.py:3954} INFO - Setting next_dagrun for example_xcom_args_with_operators to None, run_after=None
[2026-05-19T14:08:07.705+0000] {processor.py:183} INFO - Processing /home/airflow/.local/lib/python3.12/site-packages/airflow/example_dags/example_xcomargs.py took 0.089 seconds
[2026-05-19T14:08:38.099+0000] {processor.py:161} INFO - Started process (PID=4465) to work on /home/airflow/.local/lib/python3.12/site-packages/airflow/example_dags/example_xcomargs.py
[2026-05-19T14:08:38.101+0000] {processor.py:830} INFO - Processing file /home/airflow/.local/lib/python3.12/site-packages/airflow/example_dags/example_xcomargs.py for tasks to queue
[2026-05-19T14:08:38.103+0000] {logging_mixin.py:188} INFO - [2026-05-19T14:08:38.103+0000] {dagbag.py:545} INFO - Filling up the DagBag from /home/airflow/.local/lib/python3.12/site-packages/airflow/example_dags/example_xcomargs.py
[2026-05-19T14:08:38.113+0000] {processor.py:840} INFO - DAG(s) 'example_xcom_args', 'example_xcom_args_with_operators' retrieved from /home/airflow/.local/lib/python3.12/site-packages/airflow/example_dags/example_xcomargs.py
[2026-05-19T14:08:38.146+0000] {logging_mixin.py:188} INFO - [2026-05-19T14:08:38.146+0000] {dag.py:3096} INFO - Sync 2 DAGs
[2026-05-19T14:08:38.160+0000] {logging_mixin.py:188} INFO - [2026-05-19T14:08:38.160+0000] {dag.py:3954} INFO - Setting next_dagrun for example_xcom_args to None, run_after=None
[2026-05-19T14:08:38.164+0000] {logging_mixin.py:188} INFO - [2026-05-19T14:08:38.164+0000] {dag.py:3954} INFO - Setting next_dagrun for example_xcom_args_with_operators to None, run_after=None
[2026-05-19T14:08:38.186+0000] {processor.py:183} INFO - Processing /home/airflow/.local/lib/python3.12/site-packages/airflow/example_dags/example_xcomargs.py took 0.093 seconds
[2026-05-19T14:09:08.471+0000] {processor.py:161} INFO - Started process (PID=4524) to work on /home/airflow/.local/lib/python3.12/site-packages/airflow/example_dags/example_xcomargs.py
[2026-05-19T14:09:08.474+0000] {processor.py:830} INFO - Processing file /home/airflow/.local/lib/python3.12/site-packages/airflow/example_dags/example_xcomargs.py for tasks to queue
[2026-05-19T14:09:08.477+0000] {logging_mixin.py:188} INFO - [2026-05-19T14:09:08.477+0000] {dagbag.py:545} INFO - Filling up the DagBag from /home/airflow/.local/lib/python3.12/site-packages/airflow/example_dags/example_xcomargs.py
[2026-05-19T14:09:08.495+0000] {processor.py:840} INFO - DAG(s) 'example_xcom_args_with_operators', 'example_xcom_args' retrieved from /home/airflow/.local/lib/python3.12/site-packages/airflow/example_dags/example_xcomargs.py
[2026-05-19T14:09:08.536+0000] {logging_mixin.py:188} INFO - [2026-05-19T14:09:08.536+0000] {dag.py:3096} INFO - Sync 2 DAGs
[2026-05-19T14:09:08.556+0000] {logging_mixin.py:188} INFO - [2026-05-19T14:09:08.555+0000] {dag.py:3954} INFO - Setting next_dagrun for example_xcom_args to None, run_after=None
[2026-05-19T14:09:08.566+0000] {logging_mixin.py:188} INFO - [2026-05-19T14:09:08.565+0000] {dag.py:3954} INFO - Setting next_dagrun for example_xcom_args_with_operators to None, run_after=None
[2026-05-19T14:09:08.594+0000] {processor.py:183} INFO - Processing /home/airflow/.local/lib/python3.12/site-packages/airflow/example_dags/example_xcomargs.py took 0.134 seconds
[2026-05-19T14:09:38.747+0000] {processor.py:161} INFO - Started process (PID=4584) to work on /home/airflow/.local/lib/python3.12/site-packages/airflow/example_dags/example_xcomargs.py
[2026-05-19T14:09:38.748+0000] {processor.py:830} INFO - Processing file /home/airflow/.local/lib/python3.12/site-packages/airflow/example_dags/example_xcomargs.py for tasks to queue
[2026-05-19T14:09:38.751+0000] {logging_mixin.py:188} INFO - [2026-05-19T14:09:38.750+0000] {dagbag.py:545} INFO - Filling up the DagBag from /home/airflow/.local/lib/python3.12/site-packages/airflow/example_dags/example_xcomargs.py
[2026-05-19T14:09:38.763+0000] {processor.py:840} INFO - DAG(s) 'example_xcom_args_with_operators', 'example_xcom_args' retrieved from /home/airflow/.local/lib/python3.12/site-packages/airflow/example_dags/example_xcomargs.py
[2026-05-19T14:09:38.790+0000] {logging_mixin.py:188} INFO - [2026-05-19T14:09:38.790+0000] {dag.py:3096} INFO - Sync 2 DAGs
[2026-05-19T14:09:38.804+0000] {logging_mixin.py:188} INFO - [2026-05-19T14:09:38.804+0000] {dag.py:3954} INFO - Setting next_dagrun for example_xcom_args to None, run_after=None
[2026-05-19T14:09:38.808+0000] {logging_mixin.py:188} INFO - [2026-05-19T14:09:38.808+0000] {dag.py:3954} INFO - Setting next_dagrun for example_xcom_args_with_operators to None, run_after=None
[2026-05-19T14:09:38.841+0000] {processor.py:183} INFO - Processing /home/airflow/.local/lib/python3.12/site-packages/airflow/example_dags/example_xcomargs.py took 0.098 seconds
[2026-05-19T14:10:08.928+0000] {processor.py:161} INFO - Started process (PID=4643) to work on /home/airflow/.local/lib/python3.12/site-packages/airflow/example_dags/example_xcomargs.py
[2026-05-19T14:10:08.930+0000] {processor.py:830} INFO - Processing file /home/airflow/.local/lib/python3.12/site-packages/airflow/example_dags/example_xcomargs.py for tasks to queue
[2026-05-19T14:10:08.933+0000] {logging_mixin.py:188} INFO - [2026-05-19T14:10:08.933+0000] {dagbag.py:545} INFO - Filling up the DagBag from /home/airflow/.local/lib/python3.12/site-packages/airflow/example_dags/example_xcomargs.py
[2026-05-19T14:10:08.941+0000] {processor.py:840} INFO - DAG(s) 'example_xcom_args_with_operators', 'example_xcom_args' retrieved from /home/airflow/.local/lib/python3.12/site-packages/airflow/example_dags/example_xcomargs.py
[2026-05-19T14:10:08.970+0000] {logging_mixin.py:188} INFO - [2026-05-19T14:10:08.970+0000] {dag.py:3096} INFO - Sync 2 DAGs
[2026-05-19T14:10:08.987+0000] {logging_mixin.py:188} INFO - [2026-05-19T14:10:08.986+0000] {dag.py:3954} INFO - Setting next_dagrun for example_xcom_args to None, run_after=None
[2026-05-19T14:10:08.991+0000] {logging_mixin.py:188} INFO - [2026-05-19T14:10:08.990+0000] {dag.py:3954} INFO - Setting next_dagrun for example_xcom_args_with_operators to None, run_after=None
[2026-05-19T14:10:09.015+0000] {processor.py:183} INFO - Processing /home/airflow/.local/lib/python3.12/site-packages/airflow/example_dags/example_xcomargs.py took 0.092 seconds
[2026-05-19T14:10:39.151+0000] {processor.py:161} INFO - Started process (PID=4702) to work on /home/airflow/.local/lib/python3.12/site-packages/airflow/example_dags/example_xcomargs.py
[2026-05-19T14:10:39.152+0000] {processor.py:830} INFO - Processing file /home/airflow/.local/lib/python3.12/site-packages/airflow/example_dags/example_xcomargs.py for tasks to queue
[2026-05-19T14:10:39.155+0000] {logging_mixin.py:188} INFO - [2026-05-19T14:10:39.154+0000] {dagbag.py:545} INFO - Filling up the DagBag from /home/airflow/.local/lib/python3.12/site-packages/airflow/example_dags/example_xcomargs.py
[2026-05-19T14:10:39.163+0000] {processor.py:840} INFO - DAG(s) 'example_xcom_args', 'example_xcom_args_with_operators' retrieved from /home/airflow/.local/lib/python3.12/site-packages/airflow/example_dags/example_xcomargs.py
[2026-05-19T14:10:39.188+0000] {logging_mixin.py:188} INFO - [2026-05-19T14:10:39.188+0000] {dag.py:3096} INFO - Sync 2 DAGs
[2026-05-19T14:10:39.208+0000] {logging_mixin.py:188} INFO - [2026-05-19T14:10:39.207+0000] {dag.py:3954} INFO - Setting next_dagrun for example_xcom_args to None, run_after=None
[2026-05-19T14:10:39.212+0000] {logging_mixin.py:188} INFO - [2026-05-19T14:10:39.211+0000] {dag.py:3954} INFO - Setting next_dagrun for example_xcom_args_with_operators to None, run_after=None
[2026-05-19T14:10:39.232+0000] {processor.py:183} INFO - Processing /home/airflow/.local/lib/python3.12/site-packages/airflow/example_dags/example_xcomargs.py took 0.087 seconds
[2026-05-19T14:11:09.321+0000] {processor.py:161} INFO - Started process (PID=4761) to work on /home/airflow/.local/lib/python3.12/site-packages/airflow/example_dags/example_xcomargs.py
[2026-05-19T14:11:09.323+0000] {processor.py:830} INFO - Processing file /home/airflow/.local/lib/python3.12/site-packages/airflow/example_dags/example_xcomargs.py for tasks to queue
[2026-05-19T14:11:09.325+0000] {logging_mixin.py:188} INFO - [2026-05-19T14:11:09.324+0000] {dagbag.py:545} INFO - Filling up the DagBag from /home/airflow/.local/lib/python3.12/site-packages/airflow/example_dags/example_xcomargs.py
[2026-05-19T14:11:09.334+0000] {processor.py:840} INFO - DAG(s) 'example_xcom_args', 'example_xcom_args_with_operators' retrieved from /home/airflow/.local/lib/python3.12/site-packages/airflow/example_dags/example_xcomargs.py
[2026-05-19T14:11:09.372+0000] {logging_mixin.py:188} INFO - [2026-05-19T14:11:09.372+0000] {dag.py:3096} INFO - Sync 2 DAGs
[2026-05-19T14:11:09.386+0000] {logging_mixin.py:188} INFO - [2026-05-19T14:11:09.386+0000] {dag.py:3954} INFO - Setting next_dagrun for example_xcom_args to None, run_after=None
[2026-05-19T14:11:09.391+0000] {logging_mixin.py:188} INFO - [2026-05-19T14:11:09.391+0000] {dag.py:3954} INFO - Setting next_dagrun for example_xcom_args_with_operators to None, run_after=None
[2026-05-19T14:11:09.419+0000] {processor.py:183} INFO - Processing /home/airflow/.local/lib/python3.12/site-packages/airflow/example_dags/example_xcomargs.py took 0.103 seconds
[2026-05-19T14:11:39.844+0000] {processor.py:161} INFO - Started process (PID=4820) to work on /home/airflow/.local/lib/python3.12/site-packages/airflow/example_dags/example_xcomargs.py
[2026-05-19T14:11:39.845+0000] {processor.py:830} INFO - Processing file /home/airflow/.local/lib/python3.12/site-packages/airflow/example_dags/example_xcomargs.py for tasks to queue
[2026-05-19T14:11:39.849+0000] {logging_mixin.py:188} INFO - [2026-05-19T14:11:39.848+0000] {dagbag.py:545} INFO - Filling up the DagBag from /home/airflow/.local/lib/python3.12/site-packages/airflow/example_dags/example_xcomargs.py
[2026-05-19T14:11:39.861+0000] {processor.py:840} INFO - DAG(s) 'example_xcom_args_with_operators', 'example_xcom_args' retrieved from /home/airflow/.local/lib/python3.12/site-packages/airflow/example_dags/example_xcomargs.py
[2026-05-19T14:11:39.911+0000] {logging_mixin.py:188} INFO - [2026-05-19T14:11:39.910+0000] {dag.py:3096} INFO - Sync 2 DAGs
[2026-05-19T14:11:39.931+0000] {logging_mixin.py:188} INFO - [2026-05-19T14:11:39.931+0000] {dag.py:3954} INFO - Setting next_dagrun for example_xcom_args to None, run_after=None
[2026-05-19T14:11:39.938+0000] {logging_mixin.py:188} INFO - [2026-05-19T14:11:39.937+0000] {dag.py:3954} INFO - Setting next_dagrun for example_xcom_args_with_operators to None, run_after=None
[2026-05-19T14:11:39.972+0000] {processor.py:183} INFO - Processing /home/airflow/.local/lib/python3.12/site-packages/airflow/example_dags/example_xcomargs.py took 0.136 seconds
[2026-05-19T14:12:10.405+0000] {processor.py:161} INFO - Started process (PID=4879) to work on /home/airflow/.local/lib/python3.12/site-packages/airflow/example_dags/example_xcomargs.py
[2026-05-19T14:12:10.406+0000] {processor.py:830} INFO - Processing file /home/airflow/.local/lib/python3.12/site-packages/airflow/example_dags/example_xcomargs.py for tasks to queue
[2026-05-19T14:12:10.408+0000] {logging_mixin.py:188} INFO - [2026-05-19T14:12:10.408+0000] {dagbag.py:545} INFO - Filling up the DagBag from /home/airflow/.local/lib/python3.12/site-packages/airflow/example_dags/example_xcomargs.py
[2026-05-19T14:12:10.417+0000] {processor.py:840} INFO - DAG(s) 'example_xcom_args', 'example_xcom_args_with_operators' retrieved from /home/airflow/.local/lib/python3.12/site-packages/airflow/example_dags/example_xcomargs.py
[2026-05-19T14:12:10.449+0000] {logging_mixin.py:188} INFO - [2026-05-19T14:12:10.449+0000] {dag.py:3096} INFO - Sync 2 DAGs
[2026-05-19T14:12:10.466+0000] {logging_mixin.py:188} INFO - [2026-05-19T14:12:10.466+0000] {dag.py:3954} INFO - Setting next_dagrun for example_xcom_args to None, run_after=None
[2026-05-19T14:12:10.470+0000] {logging_mixin.py:188} INFO - [2026-05-19T14:12:10.470+0000] {dag.py:3954} INFO - Setting next_dagrun for example_xcom_args_with_operators to None, run_after=None
[2026-05-19T14:12:10.496+0000] {processor.py:183} INFO - Processing /home/airflow/.local/lib/python3.12/site-packages/airflow/example_dags/example_xcomargs.py took 0.097 seconds
[2026-05-19T14:12:40.944+0000] {processor.py:161} INFO - Started process (PID=4938) to work on /home/airflow/.local/lib/python3.12/site-packages/airflow/example_dags/example_xcomargs.py
[2026-05-19T14:12:40.945+0000] {processor.py:830} INFO - Processing file /home/airflow/.local/lib/python3.12/site-packages/airflow/example_dags/example_xcomargs.py for tasks to queue
[2026-05-19T14:12:40.948+0000] {logging_mixin.py:188} INFO - [2026-05-19T14:12:40.947+0000] {dagbag.py:545} INFO - Filling up the DagBag from /home/airflow/.local/lib/python3.12/site-packages/airflow/example_dags/example_xcomargs.py
[2026-05-19T14:12:40.956+0000] {processor.py:840} INFO - DAG(s) 'example_xcom_args', 'example_xcom_args_with_operators' retrieved from /home/airflow/.local/lib/python3.12/site-packages/airflow/example_dags/example_xcomargs.py
[2026-05-19T14:12:40.992+0000] {logging_mixin.py:188} INFO - [2026-05-19T14:12:40.991+0000] {dag.py:3096} INFO - Sync 2 DAGs
[2026-05-19T14:12:41.007+0000] {logging_mixin.py:188} INFO - [2026-05-19T14:12:41.007+0000] {dag.py:3954} INFO - Setting next_dagrun for example_xcom_args to None, run_after=None
[2026-05-19T14:12:41.012+0000] {logging_mixin.py:188} INFO - [2026-05-19T14:12:41.012+0000] {dag.py:3954} INFO - Setting next_dagrun for example_xcom_args_with_operators to None, run_after=None
[2026-05-19T14:12:41.042+0000] {processor.py:183} INFO - Processing /home/airflow/.local/lib/python3.12/site-packages/airflow/example_dags/example_xcomargs.py took 0.103 seconds
[2026-05-19T14:13:12.005+0000] {processor.py:161} INFO - Started process (PID=4997) to work on /home/airflow/.local/lib/python3.12/site-packages/airflow/example_dags/example_xcomargs.py
[2026-05-19T14:13:12.013+0000] {processor.py:830} INFO - Processing file /home/airflow/.local/lib/python3.12/site-packages/airflow/example_dags/example_xcomargs.py for tasks to queue
[2026-05-19T14:13:12.025+0000] {logging_mixin.py:188} INFO - [2026-05-19T14:13:12.023+0000] {dagbag.py:545} INFO - Filling up the DagBag from /home/airflow/.local/lib/python3.12/site-packages/airflow/example_dags/example_xcomargs.py
[2026-05-19T14:13:12.084+0000] {processor.py:840} INFO - DAG(s) 'example_xcom_args', 'example_xcom_args_with_operators' retrieved from /home/airflow/.local/lib/python3.12/site-packages/airflow/example_dags/example_xcomargs.py
[2026-05-19T14:13:12.247+0000] {logging_mixin.py:188} INFO - [2026-05-19T14:13:12.245+0000] {dag.py:3096} INFO - Sync 2 DAGs
[2026-05-19T14:13:12.341+0000] {logging_mixin.py:188} INFO - [2026-05-19T14:13:12.337+0000] {dag.py:3954} INFO - Setting next_dagrun for example_xcom_args to None, run_after=None
[2026-05-19T14:13:12.365+0000] {logging_mixin.py:188} INFO - [2026-05-19T14:13:12.364+0000] {dag.py:3954} INFO - Setting next_dagrun for example_xcom_args_with_operators to None, run_after=None
[2026-05-19T14:13:12.423+0000] {processor.py:183} INFO - Processing /home/airflow/.local/lib/python3.12/site-packages/airflow/example_dags/example_xcomargs.py took 0.506 seconds
[2026-05-19T14:13:42.829+0000] {processor.py:161} INFO - Started process (PID=5056) to work on /home/airflow/.local/lib/python3.12/site-packages/airflow/example_dags/example_xcomargs.py
[2026-05-19T14:13:42.830+0000] {processor.py:830} INFO - Processing file /home/airflow/.local/lib/python3.12/site-packages/airflow/example_dags/example_xcomargs.py for tasks to queue
[2026-05-19T14:13:42.833+0000] {logging_mixin.py:188} INFO - [2026-05-19T14:13:42.833+0000] {dagbag.py:545} INFO - Filling up the DagBag from /home/airflow/.local/lib/python3.12/site-packages/airflow/example_dags/example_xcomargs.py
[2026-05-19T14:13:42.842+0000] {processor.py:840} INFO - DAG(s) 'example_xcom_args_with_operators', 'example_xcom_args' retrieved from /home/airflow/.local/lib/python3.12/site-packages/airflow/example_dags/example_xcomargs.py
[2026-05-19T14:13:42.871+0000] {logging_mixin.py:188} INFO - [2026-05-19T14:13:42.871+0000] {dag.py:3096} INFO - Sync 2 DAGs
[2026-05-19T14:13:42.888+0000] {logging_mixin.py:188} INFO - [2026-05-19T14:13:42.887+0000] {dag.py:3954} INFO - Setting next_dagrun for example_xcom_args to None, run_after=None
[2026-05-19T14:13:42.893+0000] {logging_mixin.py:188} INFO - [2026-05-19T14:13:42.893+0000] {dag.py:3954} INFO - Setting next_dagrun for example_xcom_args_with_operators to None, run_after=None
[2026-05-19T14:13:42.916+0000] {processor.py:183} INFO - Processing /home/airflow/.local/lib/python3.12/site-packages/airflow/example_dags/example_xcomargs.py took 0.094 seconds
[2026-05-19T14:14:13.433+0000] {processor.py:161} INFO - Started process (PID=5113) to work on /home/airflow/.local/lib/python3.12/site-packages/airflow/example_dags/example_xcomargs.py
[2026-05-19T14:14:13.434+0000] {processor.py:830} INFO - Processing file /home/airflow/.local/lib/python3.12/site-packages/airflow/example_dags/example_xcomargs.py for tasks to queue
[2026-05-19T14:14:13.436+0000] {logging_mixin.py:188} INFO - [2026-05-19T14:14:13.436+0000] {dagbag.py:545} INFO - Filling up the DagBag from /home/airflow/.local/lib/python3.12/site-packages/airflow/example_dags/example_xcomargs.py
[2026-05-19T14:14:13.445+0000] {processor.py:840} INFO - DAG(s) 'example_xcom_args', 'example_xcom_args_with_operators' retrieved from /home/airflow/.local/lib/python3.12/site-packages/airflow/example_dags/example_xcomargs.py
[2026-05-19T14:14:13.485+0000] {logging_mixin.py:188} INFO - [2026-05-19T14:14:13.485+0000] {dag.py:3096} INFO - Sync 2 DAGs
[2026-05-19T14:14:13.507+0000] {logging_mixin.py:188} INFO - [2026-05-19T14:14:13.506+0000] {dag.py:3954} INFO - Setting next_dagrun for example_xcom_args to None, run_after=None
[2026-05-19T14:14:13.512+0000] {logging_mixin.py:188} INFO - [2026-05-19T14:14:13.511+0000] {dag.py:3954} INFO - Setting next_dagrun for example_xcom_args_with_operators to None, run_after=None
[2026-05-19T14:14:13.538+0000] {processor.py:183} INFO - Processing /home/airflow/.local/lib/python3.12/site-packages/airflow/example_dags/example_xcomargs.py took 0.110 seconds
[2026-05-19T14:14:43.786+0000] {processor.py:161} INFO - Started process (PID=5172) to work on /home/airflow/.local/lib/python3.12/site-packages/airflow/example_dags/example_xcomargs.py
[2026-05-19T14:14:43.787+0000] {processor.py:830} INFO - Processing file /home/airflow/.local/lib/python3.12/site-packages/airflow/example_dags/example_xcomargs.py for tasks to queue
[2026-05-19T14:14:43.790+0000] {logging_mixin.py:188} INFO - [2026-05-19T14:14:43.790+0000] {dagbag.py:545} INFO - Filling up the DagBag from /home/airflow/.local/lib/python3.12/site-packages/airflow/example_dags/example_xcomargs.py
[2026-05-19T14:14:43.804+0000] {processor.py:840} INFO - DAG(s) 'example_xcom_args_with_operators', 'example_xcom_args' retrieved from /home/airflow/.local/lib/python3.12/site-packages/airflow/example_dags/example_xcomargs.py
[2026-05-19T14:14:43.849+0000] {logging_mixin.py:188} INFO - [2026-05-19T14:14:43.849+0000] {dag.py:3096} INFO - Sync 2 DAGs
[2026-05-19T14:14:43.867+0000] {logging_mixin.py:188} INFO - [2026-05-19T14:14:43.867+0000] {dag.py:3954} INFO - Setting next_dagrun for example_xcom_args to None, run_after=None
[2026-05-19T14:14:43.873+0000] {logging_mixin.py:188} INFO - [2026-05-19T14:14:43.873+0000] {dag.py:3954} INFO - Setting next_dagrun for example_xcom_args_with_operators to None, run_after=None
[2026-05-19T14:14:43.907+0000] {processor.py:183} INFO - Processing /home/airflow/.local/lib/python3.12/site-packages/airflow/example_dags/example_xcomargs.py took 0.128 seconds
[2026-05-19T14:15:14.515+0000] {processor.py:161} INFO - Started process (PID=5231) to work on /home/airflow/.local/lib/python3.12/site-packages/airflow/example_dags/example_xcomargs.py
[2026-05-19T14:15:14.516+0000] {processor.py:830} INFO - Processing file /home/airflow/.local/lib/python3.12/site-packages/airflow/example_dags/example_xcomargs.py for tasks to queue
[2026-05-19T14:15:14.519+0000] {logging_mixin.py:188} INFO - [2026-05-19T14:15:14.519+0000] {dagbag.py:545} INFO - Filling up the DagBag from /home/airflow/.local/lib/python3.12/site-packages/airflow/example_dags/example_xcomargs.py
[2026-05-19T14:15:14.528+0000] {processor.py:840} INFO - DAG(s) 'example_xcom_args', 'example_xcom_args_with_operators' retrieved from /home/airflow/.local/lib/python3.12/site-packages/airflow/example_dags/example_xcomargs.py
[2026-05-19T14:15:14.574+0000] {logging_mixin.py:188} INFO - [2026-05-19T14:15:14.573+0000] {dag.py:3096} INFO - Sync 2 DAGs
[2026-05-19T14:15:14.597+0000] {logging_mixin.py:188} INFO - [2026-05-19T14:15:14.597+0000] {dag.py:3954} INFO - Setting next_dagrun for example_xcom_args to None, run_after=None
[2026-05-19T14:15:14.606+0000] {logging_mixin.py:188} INFO - [2026-05-19T14:15:14.606+0000] {dag.py:3954} INFO - Setting next_dagrun for example_xcom_args_with_operators to None, run_after=None
[2026-05-19T14:15:14.632+0000] {processor.py:183} INFO - Processing /home/airflow/.local/lib/python3.12/site-packages/airflow/example_dags/example_xcomargs.py took 0.124 seconds
[2026-05-19T14:15:45.721+0000] {processor.py:161} INFO - Started process (PID=5290) to work on /home/airflow/.local/lib/python3.12/site-packages/airflow/example_dags/example_xcomargs.py
[2026-05-19T14:15:45.726+0000] {processor.py:830} INFO - Processing file /home/airflow/.local/lib/python3.12/site-packages/airflow/example_dags/example_xcomargs.py for tasks to queue
[2026-05-19T14:15:45.735+0000] {logging_mixin.py:188} INFO - [2026-05-19T14:15:45.734+0000] {dagbag.py:545} INFO - Filling up the DagBag from /home/airflow/.local/lib/python3.12/site-packages/airflow/example_dags/example_xcomargs.py
[2026-05-19T14:15:45.770+0000] {processor.py:840} INFO - DAG(s) 'example_xcom_args', 'example_xcom_args_with_operators' retrieved from /home/airflow/.local/lib/python3.12/site-packages/airflow/example_dags/example_xcomargs.py
[2026-05-19T14:15:45.848+0000] {logging_mixin.py:188} INFO - [2026-05-19T14:15:45.847+0000] {dag.py:3096} INFO - Sync 2 DAGs
[2026-05-19T14:15:45.895+0000] {logging_mixin.py:188} INFO - [2026-05-19T14:15:45.895+0000] {dag.py:3954} INFO - Setting next_dagrun for example_xcom_args to None, run_after=None
[2026-05-19T14:15:45.916+0000] {logging_mixin.py:188} INFO - [2026-05-19T14:15:45.915+0000] {dag.py:3954} INFO - Setting next_dagrun for example_xcom_args_with_operators to None, run_after=None
[2026-05-19T14:15:45.991+0000] {processor.py:183} INFO - Processing /home/airflow/.local/lib/python3.12/site-packages/airflow/example_dags/example_xcomargs.py took 0.300 seconds
[2026-05-19T14:16:16.805+0000] {processor.py:161} INFO - Started process (PID=5353) to work on /home/airflow/.local/lib/python3.12/site-packages/airflow/example_dags/example_xcomargs.py
[2026-05-19T14:16:16.816+0000] {processor.py:830} INFO - Processing file /home/airflow/.local/lib/python3.12/site-packages/airflow/example_dags/example_xcomargs.py for tasks to queue
[2026-05-19T14:16:16.837+0000] {logging_mixin.py:188} INFO - [2026-05-19T14:16:16.833+0000] {dagbag.py:545} INFO - Filling up the DagBag from /home/airflow/.local/lib/python3.12/site-packages/airflow/example_dags/example_xcomargs.py
[2026-05-19T14:16:16.949+0000] {processor.py:840} INFO - DAG(s) 'example_xcom_args_with_operators', 'example_xcom_args' retrieved from /home/airflow/.local/lib/python3.12/site-packages/airflow/example_dags/example_xcomargs.py
[2026-05-19T14:16:17.184+0000] {logging_mixin.py:188} INFO - [2026-05-19T14:16:17.183+0000] {dag.py:3096} INFO - Sync 2 DAGs
[2026-05-19T14:16:17.301+0000] {logging_mixin.py:188} INFO - [2026-05-19T14:16:17.300+0000] {dag.py:3954} INFO - Setting next_dagrun for example_xcom_args to None, run_after=None
[2026-05-19T14:16:17.327+0000] {logging_mixin.py:188} INFO - [2026-05-19T14:16:17.325+0000] {dag.py:3954} INFO - Setting next_dagrun for example_xcom_args_with_operators to None, run_after=None
[2026-05-19T14:16:17.535+0000] {processor.py:183} INFO - Processing /home/airflow/.local/lib/python3.12/site-packages/airflow/example_dags/example_xcomargs.py took 0.799 seconds
[2026-05-19T14:16:47.900+0000] {processor.py:161} INFO - Started process (PID=5411) to work on /home/airflow/.local/lib/python3.12/site-packages/airflow/example_dags/example_xcomargs.py
[2026-05-19T14:16:47.902+0000] {processor.py:830} INFO - Processing file /home/airflow/.local/lib/python3.12/site-packages/airflow/example_dags/example_xcomargs.py for tasks to queue
[2026-05-19T14:16:47.905+0000] {logging_mixin.py:188} INFO - [2026-05-19T14:16:47.904+0000] {dagbag.py:545} INFO - Filling up the DagBag from /home/airflow/.local/lib/python3.12/site-packages/airflow/example_dags/example_xcomargs.py
[2026-05-19T14:16:47.916+0000] {processor.py:840} INFO - DAG(s) 'example_xcom_args_with_operators', 'example_xcom_args' retrieved from /home/airflow/.local/lib/python3.12/site-packages/airflow/example_dags/example_xcomargs.py
[2026-05-19T14:16:47.977+0000] {logging_mixin.py:188} INFO - [2026-05-19T14:16:47.976+0000] {dag.py:3096} INFO - Sync 2 DAGs
[2026-05-19T14:16:48.010+0000] {logging_mixin.py:188} INFO - [2026-05-19T14:16:48.009+0000] {dag.py:3954} INFO - Setting next_dagrun for example_xcom_args to None, run_after=None
[2026-05-19T14:16:48.022+0000] {logging_mixin.py:188} INFO - [2026-05-19T14:16:48.022+0000] {dag.py:3954} INFO - Setting next_dagrun for example_xcom_args_with_operators to None, run_after=None
[2026-05-19T14:16:48.061+0000] {processor.py:183} INFO - Processing /home/airflow/.local/lib/python3.12/site-packages/airflow/example_dags/example_xcomargs.py took 0.169 seconds
[2026-05-19T14:17:18.223+0000] {processor.py:161} INFO - Started process (PID=5470) to work on /home/airflow/.local/lib/python3.12/site-packages/airflow/example_dags/example_xcomargs.py
[2026-05-19T14:17:18.225+0000] {processor.py:830} INFO - Processing file /home/airflow/.local/lib/python3.12/site-packages/airflow/example_dags/example_xcomargs.py for tasks to queue
[2026-05-19T14:17:18.228+0000] {logging_mixin.py:188} INFO - [2026-05-19T14:17:18.228+0000] {dagbag.py:545} INFO - Filling up the DagBag from /home/airflow/.local/lib/python3.12/site-packages/airflow/example_dags/example_xcomargs.py
[2026-05-19T14:17:18.239+0000] {processor.py:840} INFO - DAG(s) 'example_xcom_args_with_operators', 'example_xcom_args' retrieved from /home/airflow/.local/lib/python3.12/site-packages/airflow/example_dags/example_xcomargs.py
[2026-05-19T14:17:18.263+0000] {logging_mixin.py:188} INFO - [2026-05-19T14:17:18.263+0000] {dag.py:3096} INFO - Sync 2 DAGs
[2026-05-19T14:17:18.282+0000] {logging_mixin.py:188} INFO - [2026-05-19T14:17:18.282+0000] {dag.py:3954} INFO - Setting next_dagrun for example_xcom_args to None, run_after=None
[2026-05-19T14:17:18.289+0000] {logging_mixin.py:188} INFO - [2026-05-19T14:17:18.288+0000] {dag.py:3954} INFO - Setting next_dagrun for example_xcom_args_with_operators to None, run_after=None
[2026-05-19T14:17:18.313+0000] {processor.py:183} INFO - Processing /home/airflow/.local/lib/python3.12/site-packages/airflow/example_dags/example_xcomargs.py took 0.098 seconds
[2026-05-19T14:17:48.465+0000] {processor.py:161} INFO - Started process (PID=5529) to work on /home/airflow/.local/lib/python3.12/site-packages/airflow/example_dags/example_xcomargs.py
[2026-05-19T14:17:48.466+0000] {processor.py:830} INFO - Processing file /home/airflow/.local/lib/python3.12/site-packages/airflow/example_dags/example_xcomargs.py for tasks to queue
[2026-05-19T14:17:48.469+0000] {logging_mixin.py:188} INFO - [2026-05-19T14:17:48.468+0000] {dagbag.py:545} INFO - Filling up the DagBag from /home/airflow/.local/lib/python3.12/site-packages/airflow/example_dags/example_xcomargs.py
[2026-05-19T14:17:48.485+0000] {processor.py:840} INFO - DAG(s) 'example_xcom_args_with_operators', 'example_xcom_args' retrieved from /home/airflow/.local/lib/python3.12/site-packages/airflow/example_dags/example_xcomargs.py
[2026-05-19T14:17:48.523+0000] {logging_mixin.py:188} INFO - [2026-05-19T14:17:48.523+0000] {dag.py:3096} INFO - Sync 2 DAGs
[2026-05-19T14:17:48.539+0000] {logging_mixin.py:188} INFO - [2026-05-19T14:17:48.539+0000] {dag.py:3954} INFO - Setting next_dagrun for example_xcom_args to None, run_after=None
[2026-05-19T14:17:48.545+0000] {logging_mixin.py:188} INFO - [2026-05-19T14:17:48.545+0000] {dag.py:3954} INFO - Setting next_dagrun for example_xcom_args_with_operators to None, run_after=None
[2026-05-19T14:17:48.578+0000] {processor.py:183} INFO - Processing /home/airflow/.local/lib/python3.12/site-packages/airflow/example_dags/example_xcomargs.py took 0.123 seconds
[2026-05-19T14:18:19.025+0000] {processor.py:161} INFO - Started process (PID=5588) to work on /home/airflow/.local/lib/python3.12/site-packages/airflow/example_dags/example_xcomargs.py
[2026-05-19T14:18:19.027+0000] {processor.py:830} INFO - Processing file /home/airflow/.local/lib/python3.12/site-packages/airflow/example_dags/example_xcomargs.py for tasks to queue
[2026-05-19T14:18:19.032+0000] {logging_mixin.py:188} INFO - [2026-05-19T14:18:19.031+0000] {dagbag.py:545} INFO - Filling up the DagBag from /home/airflow/.local/lib/python3.12/site-packages/airflow/example_dags/example_xcomargs.py
[2026-05-19T14:18:19.057+0000] {processor.py:840} INFO - DAG(s) 'example_xcom_args_with_operators', 'example_xcom_args' retrieved from /home/airflow/.local/lib/python3.12/site-packages/airflow/example_dags/example_xcomargs.py
[2026-05-19T14:18:19.117+0000] {logging_mixin.py:188} INFO - [2026-05-19T14:18:19.116+0000] {dag.py:3096} INFO - Sync 2 DAGs
[2026-05-19T14:18:19.142+0000] {logging_mixin.py:188} INFO - [2026-05-19T14:18:19.141+0000] {dag.py:3954} INFO - Setting next_dagrun for example_xcom_args to None, run_after=None
[2026-05-19T14:18:19.147+0000] {logging_mixin.py:188} INFO - [2026-05-19T14:18:19.146+0000] {dag.py:3954} INFO - Setting next_dagrun for example_xcom_args_with_operators to None, run_after=None
[2026-05-19T14:18:19.185+0000] {processor.py:183} INFO - Processing /home/airflow/.local/lib/python3.12/site-packages/airflow/example_dags/example_xcomargs.py took 0.178 seconds
[2026-05-19T14:18:49.596+0000] {processor.py:161} INFO - Started process (PID=5647) to work on /home/airflow/.local/lib/python3.12/site-packages/airflow/example_dags/example_xcomargs.py
[2026-05-19T14:18:49.598+0000] {processor.py:830} INFO - Processing file /home/airflow/.local/lib/python3.12/site-packages/airflow/example_dags/example_xcomargs.py for tasks to queue
[2026-05-19T14:18:49.600+0000] {logging_mixin.py:188} INFO - [2026-05-19T14:18:49.600+0000] {dagbag.py:545} INFO - Filling up the DagBag from /home/airflow/.local/lib/python3.12/site-packages/airflow/example_dags/example_xcomargs.py
[2026-05-19T14:18:49.609+0000] {processor.py:840} INFO - DAG(s) 'example_xcom_args', 'example_xcom_args_with_operators' retrieved from /home/airflow/.local/lib/python3.12/site-packages/airflow/example_dags/example_xcomargs.py
[2026-05-19T14:18:49.638+0000] {logging_mixin.py:188} INFO - [2026-05-19T14:18:49.638+0000] {dag.py:3096} INFO - Sync 2 DAGs
[2026-05-19T14:18:49.659+0000] {logging_mixin.py:188} INFO - [2026-05-19T14:18:49.659+0000] {dag.py:3954} INFO - Setting next_dagrun for example_xcom_args to None, run_after=None
[2026-05-19T14:18:49.666+0000] {logging_mixin.py:188} INFO - [2026-05-19T14:18:49.665+0000] {dag.py:3954} INFO - Setting next_dagrun for example_xcom_args_with_operators to None, run_after=None
[2026-05-19T14:18:49.686+0000] {processor.py:183} INFO - Processing /home/airflow/.local/lib/python3.12/site-packages/airflow/example_dags/example_xcomargs.py took 0.098 seconds
[2026-05-19T14:19:20.032+0000] {processor.py:161} INFO - Started process (PID=5706) to work on /home/airflow/.local/lib/python3.12/site-packages/airflow/example_dags/example_xcomargs.py
[2026-05-19T14:19:20.034+0000] {processor.py:830} INFO - Processing file /home/airflow/.local/lib/python3.12/site-packages/airflow/example_dags/example_xcomargs.py for tasks to queue
[2026-05-19T14:19:20.036+0000] {logging_mixin.py:188} INFO - [2026-05-19T14:19:20.036+0000] {dagbag.py:545} INFO - Filling up the DagBag from /home/airflow/.local/lib/python3.12/site-packages/airflow/example_dags/example_xcomargs.py
[2026-05-19T14:19:20.048+0000] {processor.py:840} INFO - DAG(s) 'example_xcom_args_with_operators', 'example_xcom_args' retrieved from /home/airflow/.local/lib/python3.12/site-packages/airflow/example_dags/example_xcomargs.py
[2026-05-19T14:19:20.082+0000] {logging_mixin.py:188} INFO - [2026-05-19T14:19:20.082+0000] {dag.py:3096} INFO - Sync 2 DAGs
[2026-05-19T14:19:20.100+0000] {logging_mixin.py:188} INFO - [2026-05-19T14:19:20.100+0000] {dag.py:3954} INFO - Setting next_dagrun for example_xcom_args to None, run_after=None
[2026-05-19T14:19:20.104+0000] {logging_mixin.py:188} INFO - [2026-05-19T14:19:20.104+0000] {dag.py:3954} INFO - Setting next_dagrun for example_xcom_args_with_operators to None, run_after=None
[2026-05-19T14:19:20.132+0000] {processor.py:183} INFO - Processing /home/airflow/.local/lib/python3.12/site-packages/airflow/example_dags/example_xcomargs.py took 0.107 seconds
[2026-05-19T14:19:50.489+0000] {processor.py:161} INFO - Started process (PID=5765) to work on /home/airflow/.local/lib/python3.12/site-packages/airflow/example_dags/example_xcomargs.py
[2026-05-19T14:19:50.490+0000] {processor.py:830} INFO - Processing file /home/airflow/.local/lib/python3.12/site-packages/airflow/example_dags/example_xcomargs.py for tasks to queue
[2026-05-19T14:19:50.493+0000] {logging_mixin.py:188} INFO - [2026-05-19T14:19:50.492+0000] {dagbag.py:545} INFO - Filling up the DagBag from /home/airflow/.local/lib/python3.12/site-packages/airflow/example_dags/example_xcomargs.py
[2026-05-19T14:19:50.506+0000] {processor.py:840} INFO - DAG(s) 'example_xcom_args_with_operators', 'example_xcom_args' retrieved from /home/airflow/.local/lib/python3.12/site-packages/airflow/example_dags/example_xcomargs.py
[2026-05-19T14:19:50.548+0000] {logging_mixin.py:188} INFO - [2026-05-19T14:19:50.548+0000] {dag.py:3096} INFO - Sync 2 DAGs
[2026-05-19T14:19:50.567+0000] {logging_mixin.py:188} INFO - [2026-05-19T14:19:50.567+0000] {dag.py:3954} INFO - Setting next_dagrun for example_xcom_args to None, run_after=None
[2026-05-19T14:19:50.572+0000] {logging_mixin.py:188} INFO - [2026-05-19T14:19:50.572+0000] {dag.py:3954} INFO - Setting next_dagrun for example_xcom_args_with_operators to None, run_after=None
[2026-05-19T14:19:50.605+0000] {processor.py:183} INFO - Processing /home/airflow/.local/lib/python3.12/site-packages/airflow/example_dags/example_xcomargs.py took 0.124 seconds
[2026-05-19T14:20:20.744+0000] {processor.py:161} INFO - Started process (PID=5824) to work on /home/airflow/.local/lib/python3.12/site-packages/airflow/example_dags/example_xcomargs.py
[2026-05-19T14:20:20.745+0000] {processor.py:830} INFO - Processing file /home/airflow/.local/lib/python3.12/site-packages/airflow/example_dags/example_xcomargs.py for tasks to queue
[2026-05-19T14:20:20.747+0000] {logging_mixin.py:188} INFO - [2026-05-19T14:20:20.747+0000] {dagbag.py:545} INFO - Filling up the DagBag from /home/airflow/.local/lib/python3.12/site-packages/airflow/example_dags/example_xcomargs.py
[2026-05-19T14:20:20.756+0000] {processor.py:840} INFO - DAG(s) 'example_xcom_args', 'example_xcom_args_with_operators' retrieved from /home/airflow/.local/lib/python3.12/site-packages/airflow/example_dags/example_xcomargs.py
[2026-05-19T14:20:20.783+0000] {logging_mixin.py:188} INFO - [2026-05-19T14:20:20.782+0000] {dag.py:3096} INFO - Sync 2 DAGs
[2026-05-19T14:20:20.800+0000] {logging_mixin.py:188} INFO - [2026-05-19T14:20:20.800+0000] {dag.py:3954} INFO - Setting next_dagrun for example_xcom_args to None, run_after=None
[2026-05-19T14:20:20.805+0000] {logging_mixin.py:188} INFO - [2026-05-19T14:20:20.805+0000] {dag.py:3954} INFO - Setting next_dagrun for example_xcom_args_with_operators to None, run_after=None
[2026-05-19T14:20:20.829+0000] {processor.py:183} INFO - Processing /home/airflow/.local/lib/python3.12/site-packages/airflow/example_dags/example_xcomargs.py took 0.090 seconds
[2026-05-19T14:20:51.141+0000] {processor.py:161} INFO - Started process (PID=5883) to work on /home/airflow/.local/lib/python3.12/site-packages/airflow/example_dags/example_xcomargs.py
[2026-05-19T14:20:51.144+0000] {processor.py:830} INFO - Processing file /home/airflow/.local/lib/python3.12/site-packages/airflow/example_dags/example_xcomargs.py for tasks to queue
[2026-05-19T14:20:51.147+0000] {logging_mixin.py:188} INFO - [2026-05-19T14:20:51.146+0000] {dagbag.py:545} INFO - Filling up the DagBag from /home/airflow/.local/lib/python3.12/site-packages/airflow/example_dags/example_xcomargs.py
[2026-05-19T14:20:51.155+0000] {processor.py:840} INFO - DAG(s) 'example_xcom_args_with_operators', 'example_xcom_args' retrieved from /home/airflow/.local/lib/python3.12/site-packages/airflow/example_dags/example_xcomargs.py
[2026-05-19T14:20:51.184+0000] {logging_mixin.py:188} INFO - [2026-05-19T14:20:51.184+0000] {dag.py:3096} INFO - Sync 2 DAGs
[2026-05-19T14:20:51.202+0000] {logging_mixin.py:188} INFO - [2026-05-19T14:20:51.202+0000] {dag.py:3954} INFO - Setting next_dagrun for example_xcom_args to None, run_after=None
[2026-05-19T14:20:51.208+0000] {logging_mixin.py:188} INFO - [2026-05-19T14:20:51.208+0000] {dag.py:3954} INFO - Setting next_dagrun for example_xcom_args_with_operators to None, run_after=None
[2026-05-19T14:20:51.229+0000] {processor.py:183} INFO - Processing /home/airflow/.local/lib/python3.12/site-packages/airflow/example_dags/example_xcomargs.py took 0.093 seconds
[2026-05-19T14:21:21.302+0000] {processor.py:161} INFO - Started process (PID=5941) to work on /home/airflow/.local/lib/python3.12/site-packages/airflow/example_dags/example_xcomargs.py
[2026-05-19T14:21:21.303+0000] {processor.py:830} INFO - Processing file /home/airflow/.local/lib/python3.12/site-packages/airflow/example_dags/example_xcomargs.py for tasks to queue
[2026-05-19T14:21:21.304+0000] {logging_mixin.py:188} INFO - [2026-05-19T14:21:21.304+0000] {dagbag.py:545} INFO - Filling up the DagBag from /home/airflow/.local/lib/python3.12/site-packages/airflow/example_dags/example_xcomargs.py
[2026-05-19T14:21:21.310+0000] {processor.py:840} INFO - DAG(s) 'example_xcom_args_with_operators', 'example_xcom_args' retrieved from /home/airflow/.local/lib/python3.12/site-packages/airflow/example_dags/example_xcomargs.py
[2026-05-19T14:21:21.333+0000] {logging_mixin.py:188} INFO - [2026-05-19T14:21:21.333+0000] {dag.py:3096} INFO - Sync 2 DAGs
[2026-05-19T14:21:21.345+0000] {logging_mixin.py:188} INFO - [2026-05-19T14:21:21.345+0000] {dag.py:3954} INFO - Setting next_dagrun for example_xcom_args to None, run_after=None
[2026-05-19T14:21:21.348+0000] {logging_mixin.py:188} INFO - [2026-05-19T14:21:21.348+0000] {dag.py:3954} INFO - Setting next_dagrun for example_xcom_args_with_operators to None, run_after=None
[2026-05-19T14:21:21.392+0000] {processor.py:183} INFO - Processing /home/airflow/.local/lib/python3.12/site-packages/airflow/example_dags/example_xcomargs.py took 0.094 seconds
[2026-05-19T17:35:40.787+0000] {processor.py:161} INFO - Started process (PID=6005) to work on /home/airflow/.local/lib/python3.12/site-packages/airflow/example_dags/example_xcomargs.py
[2026-05-19T17:35:40.790+0000] {processor.py:830} INFO - Processing file /home/airflow/.local/lib/python3.12/site-packages/airflow/example_dags/example_xcomargs.py for tasks to queue
[2026-05-19T17:35:40.796+0000] {logging_mixin.py:188} INFO - [2026-05-19T17:35:40.795+0000] {dagbag.py:545} INFO - Filling up the DagBag from /home/airflow/.local/lib/python3.12/site-packages/airflow/example_dags/example_xcomargs.py
[2026-05-19T17:35:40.820+0000] {processor.py:840} INFO - DAG(s) 'example_xcom_args_with_operators', 'example_xcom_args' retrieved from /home/airflow/.local/lib/python3.12/site-packages/airflow/example_dags/example_xcomargs.py
[2026-05-19T17:35:40.882+0000] {logging_mixin.py:188} INFO - [2026-05-19T17:35:40.881+0000] {dag.py:3096} INFO - Sync 2 DAGs
[2026-05-19T17:35:40.919+0000] {logging_mixin.py:188} INFO - [2026-05-19T17:35:40.919+0000] {dag.py:3954} INFO - Setting next_dagrun for example_xcom_args to None, run_after=None
[2026-05-19T17:35:40.931+0000] {logging_mixin.py:188} INFO - [2026-05-19T17:35:40.930+0000] {dag.py:3954} INFO - Setting next_dagrun for example_xcom_args_with_operators to None, run_after=None
[2026-05-19T17:35:40.972+0000] {processor.py:183} INFO - Processing /home/airflow/.local/lib/python3.12/site-packages/airflow/example_dags/example_xcomargs.py took 0.198 seconds
[2026-05-19T17:36:11.545+0000] {processor.py:161} INFO - Started process (PID=6063) to work on /home/airflow/.local/lib/python3.12/site-packages/airflow/example_dags/example_xcomargs.py
[2026-05-19T17:36:11.547+0000] {processor.py:830} INFO - Processing file /home/airflow/.local/lib/python3.12/site-packages/airflow/example_dags/example_xcomargs.py for tasks to queue
[2026-05-19T17:36:11.552+0000] {logging_mixin.py:188} INFO - [2026-05-19T17:36:11.551+0000] {dagbag.py:545} INFO - Filling up the DagBag from /home/airflow/.local/lib/python3.12/site-packages/airflow/example_dags/example_xcomargs.py
[2026-05-19T17:36:11.562+0000] {processor.py:840} INFO - DAG(s) 'example_xcom_args', 'example_xcom_args_with_operators' retrieved from /home/airflow/.local/lib/python3.12/site-packages/airflow/example_dags/example_xcomargs.py
[2026-05-19T17:36:11.725+0000] {logging_mixin.py:188} INFO - [2026-05-19T17:36:11.725+0000] {dag.py:3096} INFO - Sync 2 DAGs
[2026-05-19T17:36:11.738+0000] {logging_mixin.py:188} INFO - [2026-05-19T17:36:11.738+0000] {dag.py:3954} INFO - Setting next_dagrun for example_xcom_args to None, run_after=None
[2026-05-19T17:36:11.742+0000] {logging_mixin.py:188} INFO - [2026-05-19T17:36:11.741+0000] {dag.py:3954} INFO - Setting next_dagrun for example_xcom_args_with_operators to None, run_after=None
[2026-05-19T17:36:11.762+0000] {processor.py:183} INFO - Processing /home/airflow/.local/lib/python3.12/site-packages/airflow/example_dags/example_xcomargs.py took 0.227 seconds
[2026-05-19T17:36:42.087+0000] {processor.py:161} INFO - Started process (PID=6123) to work on /home/airflow/.local/lib/python3.12/site-packages/airflow/example_dags/example_xcomargs.py
[2026-05-19T17:36:42.088+0000] {processor.py:830} INFO - Processing file /home/airflow/.local/lib/python3.12/site-packages/airflow/example_dags/example_xcomargs.py for tasks to queue
[2026-05-19T17:36:42.090+0000] {logging_mixin.py:188} INFO - [2026-05-19T17:36:42.090+0000] {dagbag.py:545} INFO - Filling up the DagBag from /home/airflow/.local/lib/python3.12/site-packages/airflow/example_dags/example_xcomargs.py
[2026-05-19T17:36:42.098+0000] {processor.py:840} INFO - DAG(s) 'example_xcom_args_with_operators', 'example_xcom_args' retrieved from /home/airflow/.local/lib/python3.12/site-packages/airflow/example_dags/example_xcomargs.py
[2026-05-19T17:36:42.118+0000] {logging_mixin.py:188} INFO - [2026-05-19T17:36:42.117+0000] {dag.py:3096} INFO - Sync 2 DAGs
[2026-05-19T17:36:42.130+0000] {logging_mixin.py:188} INFO - [2026-05-19T17:36:42.130+0000] {dag.py:3954} INFO - Setting next_dagrun for example_xcom_args to None, run_after=None
[2026-05-19T17:36:42.133+0000] {logging_mixin.py:188} INFO - [2026-05-19T17:36:42.133+0000] {dag.py:3954} INFO - Setting next_dagrun for example_xcom_args_with_operators to None, run_after=None
[2026-05-19T17:36:42.151+0000] {processor.py:183} INFO - Processing /home/airflow/.local/lib/python3.12/site-packages/airflow/example_dags/example_xcomargs.py took 0.070 seconds
[2026-05-19T17:37:13.133+0000] {processor.py:161} INFO - Started process (PID=6189) to work on /home/airflow/.local/lib/python3.12/site-packages/airflow/example_dags/example_xcomargs.py
[2026-05-19T17:37:13.134+0000] {processor.py:830} INFO - Processing file /home/airflow/.local/lib/python3.12/site-packages/airflow/example_dags/example_xcomargs.py for tasks to queue
[2026-05-19T17:37:13.136+0000] {logging_mixin.py:188} INFO - [2026-05-19T17:37:13.135+0000] {dagbag.py:545} INFO - Filling up the DagBag from /home/airflow/.local/lib/python3.12/site-packages/airflow/example_dags/example_xcomargs.py
[2026-05-19T17:37:13.144+0000] {processor.py:840} INFO - DAG(s) 'example_xcom_args', 'example_xcom_args_with_operators' retrieved from /home/airflow/.local/lib/python3.12/site-packages/airflow/example_dags/example_xcomargs.py
[2026-05-19T17:37:13.173+0000] {logging_mixin.py:188} INFO - [2026-05-19T17:37:13.173+0000] {dag.py:3096} INFO - Sync 2 DAGs
[2026-05-19T17:37:13.190+0000] {logging_mixin.py:188} INFO - [2026-05-19T17:37:13.190+0000] {dag.py:3954} INFO - Setting next_dagrun for example_xcom_args to None, run_after=None
[2026-05-19T17:37:13.197+0000] {logging_mixin.py:188} INFO - [2026-05-19T17:37:13.196+0000] {dag.py:3954} INFO - Setting next_dagrun for example_xcom_args_with_operators to None, run_after=None
[2026-05-19T17:37:13.219+0000] {processor.py:183} INFO - Processing /home/airflow/.local/lib/python3.12/site-packages/airflow/example_dags/example_xcomargs.py took 0.094 seconds
[2026-05-19T17:37:43.586+0000] {processor.py:161} INFO - Started process (PID=6248) to work on /home/airflow/.local/lib/python3.12/site-packages/airflow/example_dags/example_xcomargs.py
[2026-05-19T17:37:43.588+0000] {processor.py:830} INFO - Processing file /home/airflow/.local/lib/python3.12/site-packages/airflow/example_dags/example_xcomargs.py for tasks to queue
[2026-05-19T17:37:43.590+0000] {logging_mixin.py:188} INFO - [2026-05-19T17:37:43.590+0000] {dagbag.py:545} INFO - Filling up the DagBag from /home/airflow/.local/lib/python3.12/site-packages/airflow/example_dags/example_xcomargs.py
[2026-05-19T17:37:43.598+0000] {processor.py:840} INFO - DAG(s) 'example_xcom_args_with_operators', 'example_xcom_args' retrieved from /home/airflow/.local/lib/python3.12/site-packages/airflow/example_dags/example_xcomargs.py
[2026-05-19T17:37:43.621+0000] {logging_mixin.py:188} INFO - [2026-05-19T17:37:43.621+0000] {dag.py:3096} INFO - Sync 2 DAGs
[2026-05-19T17:37:43.635+0000] {logging_mixin.py:188} INFO - [2026-05-19T17:37:43.635+0000] {dag.py:3954} INFO - Setting next_dagrun for example_xcom_args to None, run_after=None
[2026-05-19T17:37:43.640+0000] {logging_mixin.py:188} INFO - [2026-05-19T17:37:43.639+0000] {dag.py:3954} INFO - Setting next_dagrun for example_xcom_args_with_operators to None, run_after=None
[2026-05-19T17:37:43.658+0000] {processor.py:183} INFO - Processing /home/airflow/.local/lib/python3.12/site-packages/airflow/example_dags/example_xcomargs.py took 0.077 seconds
[2026-05-19T17:38:13.964+0000] {processor.py:161} INFO - Started process (PID=6307) to work on /home/airflow/.local/lib/python3.12/site-packages/airflow/example_dags/example_xcomargs.py
[2026-05-19T17:38:13.965+0000] {processor.py:830} INFO - Processing file /home/airflow/.local/lib/python3.12/site-packages/airflow/example_dags/example_xcomargs.py for tasks to queue
[2026-05-19T17:38:13.966+0000] {logging_mixin.py:188} INFO - [2026-05-19T17:38:13.966+0000] {dagbag.py:545} INFO - Filling up the DagBag from /home/airflow/.local/lib/python3.12/site-packages/airflow/example_dags/example_xcomargs.py
[2026-05-19T17:38:13.976+0000] {processor.py:840} INFO - DAG(s) 'example_xcom_args', 'example_xcom_args_with_operators' retrieved from /home/airflow/.local/lib/python3.12/site-packages/airflow/example_dags/example_xcomargs.py
[2026-05-19T17:38:14.007+0000] {logging_mixin.py:188} INFO - [2026-05-19T17:38:14.007+0000] {dag.py:3096} INFO - Sync 2 DAGs
[2026-05-19T17:38:14.025+0000] {logging_mixin.py:188} INFO - [2026-05-19T17:38:14.025+0000] {dag.py:3954} INFO - Setting next_dagrun for example_xcom_args to None, run_after=None
[2026-05-19T17:38:14.031+0000] {logging_mixin.py:188} INFO - [2026-05-19T17:38:14.031+0000] {dag.py:3954} INFO - Setting next_dagrun for example_xcom_args_with_operators to None, run_after=None
[2026-05-19T17:38:14.060+0000] {processor.py:183} INFO - Processing /home/airflow/.local/lib/python3.12/site-packages/airflow/example_dags/example_xcomargs.py took 0.102 seconds
[2026-05-19T17:38:44.991+0000] {processor.py:161} INFO - Started process (PID=6366) to work on /home/airflow/.local/lib/python3.12/site-packages/airflow/example_dags/example_xcomargs.py
[2026-05-19T17:38:44.992+0000] {processor.py:830} INFO - Processing file /home/airflow/.local/lib/python3.12/site-packages/airflow/example_dags/example_xcomargs.py for tasks to queue
[2026-05-19T17:38:44.995+0000] {logging_mixin.py:188} INFO - [2026-05-19T17:38:44.994+0000] {dagbag.py:545} INFO - Filling up the DagBag from /home/airflow/.local/lib/python3.12/site-packages/airflow/example_dags/example_xcomargs.py
[2026-05-19T17:38:45.001+0000] {processor.py:840} INFO - DAG(s) 'example_xcom_args_with_operators', 'example_xcom_args' retrieved from /home/airflow/.local/lib/python3.12/site-packages/airflow/example_dags/example_xcomargs.py
[2026-05-19T17:38:45.023+0000] {logging_mixin.py:188} INFO - [2026-05-19T17:38:45.023+0000] {dag.py:3096} INFO - Sync 2 DAGs
[2026-05-19T17:38:45.034+0000] {logging_mixin.py:188} INFO - [2026-05-19T17:38:45.034+0000] {dag.py:3954} INFO - Setting next_dagrun for example_xcom_args to None, run_after=None
[2026-05-19T17:38:45.038+0000] {logging_mixin.py:188} INFO - [2026-05-19T17:38:45.037+0000] {dag.py:3954} INFO - Setting next_dagrun for example_xcom_args_with_operators to None, run_after=None
[2026-05-19T17:38:45.055+0000] {processor.py:183} INFO - Processing /home/airflow/.local/lib/python3.12/site-packages/airflow/example_dags/example_xcomargs.py took 0.070 seconds
[2026-05-19T17:39:15.474+0000] {processor.py:161} INFO - Started process (PID=6425) to work on /home/airflow/.local/lib/python3.12/site-packages/airflow/example_dags/example_xcomargs.py
[2026-05-19T17:39:15.475+0000] {processor.py:830} INFO - Processing file /home/airflow/.local/lib/python3.12/site-packages/airflow/example_dags/example_xcomargs.py for tasks to queue
[2026-05-19T17:39:15.477+0000] {logging_mixin.py:188} INFO - [2026-05-19T17:39:15.477+0000] {dagbag.py:545} INFO - Filling up the DagBag from /home/airflow/.local/lib/python3.12/site-packages/airflow/example_dags/example_xcomargs.py
[2026-05-19T17:39:15.484+0000] {processor.py:840} INFO - DAG(s) 'example_xcom_args_with_operators', 'example_xcom_args' retrieved from /home/airflow/.local/lib/python3.12/site-packages/airflow/example_dags/example_xcomargs.py
[2026-05-19T17:39:15.506+0000] {logging_mixin.py:188} INFO - [2026-05-19T17:39:15.506+0000] {dag.py:3096} INFO - Sync 2 DAGs
[2026-05-19T17:39:15.517+0000] {logging_mixin.py:188} INFO - [2026-05-19T17:39:15.517+0000] {dag.py:3954} INFO - Setting next_dagrun for example_xcom_args to None, run_after=None
[2026-05-19T17:39:15.521+0000] {logging_mixin.py:188} INFO - [2026-05-19T17:39:15.521+0000] {dag.py:3954} INFO - Setting next_dagrun for example_xcom_args_with_operators to None, run_after=None
[2026-05-19T17:39:15.557+0000] {processor.py:183} INFO - Processing /home/airflow/.local/lib/python3.12/site-packages/airflow/example_dags/example_xcomargs.py took 0.088 seconds
[2026-05-19T17:39:45.817+0000] {processor.py:161} INFO - Started process (PID=6484) to work on /home/airflow/.local/lib/python3.12/site-packages/airflow/example_dags/example_xcomargs.py
[2026-05-19T17:39:45.818+0000] {processor.py:830} INFO - Processing file /home/airflow/.local/lib/python3.12/site-packages/airflow/example_dags/example_xcomargs.py for tasks to queue
[2026-05-19T17:39:45.820+0000] {logging_mixin.py:188} INFO - [2026-05-19T17:39:45.820+0000] {dagbag.py:545} INFO - Filling up the DagBag from /home/airflow/.local/lib/python3.12/site-packages/airflow/example_dags/example_xcomargs.py
[2026-05-19T17:39:45.827+0000] {processor.py:840} INFO - DAG(s) 'example_xcom_args', 'example_xcom_args_with_operators' retrieved from /home/airflow/.local/lib/python3.12/site-packages/airflow/example_dags/example_xcomargs.py
[2026-05-19T17:39:45.850+0000] {logging_mixin.py:188} INFO - [2026-05-19T17:39:45.850+0000] {dag.py:3096} INFO - Sync 2 DAGs
[2026-05-19T17:39:45.864+0000] {logging_mixin.py:188} INFO - [2026-05-19T17:39:45.864+0000] {dag.py:3954} INFO - Setting next_dagrun for example_xcom_args to None, run_after=None
[2026-05-19T17:39:45.868+0000] {logging_mixin.py:188} INFO - [2026-05-19T17:39:45.868+0000] {dag.py:3954} INFO - Setting next_dagrun for example_xcom_args_with_operators to None, run_after=None
[2026-05-19T17:39:45.884+0000] {processor.py:183} INFO - Processing /home/airflow/.local/lib/python3.12/site-packages/airflow/example_dags/example_xcomargs.py took 0.072 seconds
[2026-05-19T17:40:16.003+0000] {processor.py:161} INFO - Started process (PID=6542) to work on /home/airflow/.local/lib/python3.12/site-packages/airflow/example_dags/example_xcomargs.py
[2026-05-19T17:40:16.005+0000] {processor.py:830} INFO - Processing file /home/airflow/.local/lib/python3.12/site-packages/airflow/example_dags/example_xcomargs.py for tasks to queue
[2026-05-19T17:40:16.007+0000] {logging_mixin.py:188} INFO - [2026-05-19T17:40:16.007+0000] {dagbag.py:545} INFO - Filling up the DagBag from /home/airflow/.local/lib/python3.12/site-packages/airflow/example_dags/example_xcomargs.py
[2026-05-19T17:40:16.015+0000] {processor.py:840} INFO - DAG(s) 'example_xcom_args_with_operators', 'example_xcom_args' retrieved from /home/airflow/.local/lib/python3.12/site-packages/airflow/example_dags/example_xcomargs.py
[2026-05-19T17:40:16.039+0000] {logging_mixin.py:188} INFO - [2026-05-19T17:40:16.039+0000] {dag.py:3096} INFO - Sync 2 DAGs
[2026-05-19T17:40:16.051+0000] {logging_mixin.py:188} INFO - [2026-05-19T17:40:16.051+0000] {dag.py:3954} INFO - Setting next_dagrun for example_xcom_args to None, run_after=None
[2026-05-19T17:40:16.056+0000] {logging_mixin.py:188} INFO - [2026-05-19T17:40:16.056+0000] {dag.py:3954} INFO - Setting next_dagrun for example_xcom_args_with_operators to None, run_after=None
[2026-05-19T17:40:16.072+0000] {processor.py:183} INFO - Processing /home/airflow/.local/lib/python3.12/site-packages/airflow/example_dags/example_xcomargs.py took 0.078 seconds
[2026-05-19T17:40:46.214+0000] {processor.py:161} INFO - Started process (PID=6601) to work on /home/airflow/.local/lib/python3.12/site-packages/airflow/example_dags/example_xcomargs.py
[2026-05-19T17:40:46.216+0000] {processor.py:830} INFO - Processing file /home/airflow/.local/lib/python3.12/site-packages/airflow/example_dags/example_xcomargs.py for tasks to queue
[2026-05-19T17:40:46.218+0000] {logging_mixin.py:188} INFO - [2026-05-19T17:40:46.218+0000] {dagbag.py:545} INFO - Filling up the DagBag from /home/airflow/.local/lib/python3.12/site-packages/airflow/example_dags/example_xcomargs.py
[2026-05-19T17:40:46.227+0000] {processor.py:840} INFO - DAG(s) 'example_xcom_args_with_operators', 'example_xcom_args' retrieved from /home/airflow/.local/lib/python3.12/site-packages/airflow/example_dags/example_xcomargs.py
[2026-05-19T17:40:46.262+0000] {logging_mixin.py:188} INFO - [2026-05-19T17:40:46.262+0000] {dag.py:3096} INFO - Sync 2 DAGs
[2026-05-19T17:40:46.276+0000] {logging_mixin.py:188} INFO - [2026-05-19T17:40:46.275+0000] {dag.py:3954} INFO - Setting next_dagrun for example_xcom_args to None, run_after=None
[2026-05-19T17:40:46.280+0000] {logging_mixin.py:188} INFO - [2026-05-19T17:40:46.279+0000] {dag.py:3954} INFO - Setting next_dagrun for example_xcom_args_with_operators to None, run_after=None
[2026-05-19T17:40:46.314+0000] {processor.py:183} INFO - Processing /home/airflow/.local/lib/python3.12/site-packages/airflow/example_dags/example_xcomargs.py took 0.107 seconds
[2026-05-19T17:41:16.627+0000] {processor.py:161} INFO - Started process (PID=6660) to work on /home/airflow/.local/lib/python3.12/site-packages/airflow/example_dags/example_xcomargs.py
[2026-05-19T17:41:16.628+0000] {processor.py:830} INFO - Processing file /home/airflow/.local/lib/python3.12/site-packages/airflow/example_dags/example_xcomargs.py for tasks to queue
[2026-05-19T17:41:16.630+0000] {logging_mixin.py:188} INFO - [2026-05-19T17:41:16.630+0000] {dagbag.py:545} INFO - Filling up the DagBag from /home/airflow/.local/lib/python3.12/site-packages/airflow/example_dags/example_xcomargs.py
[2026-05-19T17:41:16.639+0000] {processor.py:840} INFO - DAG(s) 'example_xcom_args', 'example_xcom_args_with_operators' retrieved from /home/airflow/.local/lib/python3.12/site-packages/airflow/example_dags/example_xcomargs.py
[2026-05-19T17:41:16.660+0000] {logging_mixin.py:188} INFO - [2026-05-19T17:41:16.660+0000] {dag.py:3096} INFO - Sync 2 DAGs
[2026-05-19T17:41:16.671+0000] {logging_mixin.py:188} INFO - [2026-05-19T17:41:16.671+0000] {dag.py:3954} INFO - Setting next_dagrun for example_xcom_args to None, run_after=None
[2026-05-19T17:41:16.675+0000] {logging_mixin.py:188} INFO - [2026-05-19T17:41:16.675+0000] {dag.py:3954} INFO - Setting next_dagrun for example_xcom_args_with_operators to None, run_after=None
[2026-05-19T17:41:16.708+0000] {processor.py:183} INFO - Processing /home/airflow/.local/lib/python3.12/site-packages/airflow/example_dags/example_xcomargs.py took 0.086 seconds
[2026-05-19T17:41:46.785+0000] {processor.py:161} INFO - Started process (PID=6719) to work on /home/airflow/.local/lib/python3.12/site-packages/airflow/example_dags/example_xcomargs.py
[2026-05-19T17:41:46.786+0000] {processor.py:830} INFO - Processing file /home/airflow/.local/lib/python3.12/site-packages/airflow/example_dags/example_xcomargs.py for tasks to queue
[2026-05-19T17:41:46.788+0000] {logging_mixin.py:188} INFO - [2026-05-19T17:41:46.788+0000] {dagbag.py:545} INFO - Filling up the DagBag from /home/airflow/.local/lib/python3.12/site-packages/airflow/example_dags/example_xcomargs.py
[2026-05-19T17:41:46.795+0000] {processor.py:840} INFO - DAG(s) 'example_xcom_args', 'example_xcom_args_with_operators' retrieved from /home/airflow/.local/lib/python3.12/site-packages/airflow/example_dags/example_xcomargs.py
[2026-05-19T17:41:46.814+0000] {logging_mixin.py:188} INFO - [2026-05-19T17:41:46.814+0000] {dag.py:3096} INFO - Sync 2 DAGs
[2026-05-19T17:41:46.824+0000] {logging_mixin.py:188} INFO - [2026-05-19T17:41:46.824+0000] {dag.py:3954} INFO - Setting next_dagrun for example_xcom_args to None, run_after=None
[2026-05-19T17:41:46.828+0000] {logging_mixin.py:188} INFO - [2026-05-19T17:41:46.828+0000] {dag.py:3954} INFO - Setting next_dagrun for example_xcom_args_with_operators to None, run_after=None
[2026-05-19T17:41:46.843+0000] {processor.py:183} INFO - Processing /home/airflow/.local/lib/python3.12/site-packages/airflow/example_dags/example_xcomargs.py took 0.064 seconds
[2026-05-19T17:42:17.012+0000] {processor.py:161} INFO - Started process (PID=6778) to work on /home/airflow/.local/lib/python3.12/site-packages/airflow/example_dags/example_xcomargs.py
[2026-05-19T17:42:17.014+0000] {processor.py:830} INFO - Processing file /home/airflow/.local/lib/python3.12/site-packages/airflow/example_dags/example_xcomargs.py for tasks to queue
[2026-05-19T17:42:17.016+0000] {logging_mixin.py:188} INFO - [2026-05-19T17:42:17.016+0000] {dagbag.py:545} INFO - Filling up the DagBag from /home/airflow/.local/lib/python3.12/site-packages/airflow/example_dags/example_xcomargs.py
[2026-05-19T17:42:17.026+0000] {processor.py:840} INFO - DAG(s) 'example_xcom_args_with_operators', 'example_xcom_args' retrieved from /home/airflow/.local/lib/python3.12/site-packages/airflow/example_dags/example_xcomargs.py
[2026-05-19T17:42:17.047+0000] {logging_mixin.py:188} INFO - [2026-05-19T17:42:17.047+0000] {dag.py:3096} INFO - Sync 2 DAGs
[2026-05-19T17:42:17.059+0000] {logging_mixin.py:188} INFO - [2026-05-19T17:42:17.059+0000] {dag.py:3954} INFO - Setting next_dagrun for example_xcom_args to None, run_after=None
[2026-05-19T17:42:17.062+0000] {logging_mixin.py:188} INFO - [2026-05-19T17:42:17.062+0000] {dag.py:3954} INFO - Setting next_dagrun for example_xcom_args_with_operators to None, run_after=None
[2026-05-19T17:42:17.077+0000] {processor.py:183} INFO - Processing /home/airflow/.local/lib/python3.12/site-packages/airflow/example_dags/example_xcomargs.py took 0.072 seconds
[2026-05-19T17:42:47.155+0000] {processor.py:161} INFO - Started process (PID=6837) to work on /home/airflow/.local/lib/python3.12/site-packages/airflow/example_dags/example_xcomargs.py
[2026-05-19T17:42:47.156+0000] {processor.py:830} INFO - Processing file /home/airflow/.local/lib/python3.12/site-packages/airflow/example_dags/example_xcomargs.py for tasks to queue
[2026-05-19T17:42:47.159+0000] {logging_mixin.py:188} INFO - [2026-05-19T17:42:47.158+0000] {dagbag.py:545} INFO - Filling up the DagBag from /home/airflow/.local/lib/python3.12/site-packages/airflow/example_dags/example_xcomargs.py
[2026-05-19T17:42:47.168+0000] {processor.py:840} INFO - DAG(s) 'example_xcom_args', 'example_xcom_args_with_operators' retrieved from /home/airflow/.local/lib/python3.12/site-packages/airflow/example_dags/example_xcomargs.py
[2026-05-19T17:42:47.196+0000] {logging_mixin.py:188} INFO - [2026-05-19T17:42:47.196+0000] {dag.py:3096} INFO - Sync 2 DAGs
[2026-05-19T17:42:47.209+0000] {logging_mixin.py:188} INFO - [2026-05-19T17:42:47.209+0000] {dag.py:3954} INFO - Setting next_dagrun for example_xcom_args to None, run_after=None
[2026-05-19T17:42:47.215+0000] {logging_mixin.py:188} INFO - [2026-05-19T17:42:47.215+0000] {dag.py:3954} INFO - Setting next_dagrun for example_xcom_args_with_operators to None, run_after=None
[2026-05-19T17:42:47.237+0000] {processor.py:183} INFO - Processing /home/airflow/.local/lib/python3.12/site-packages/airflow/example_dags/example_xcomargs.py took 0.089 seconds
[2026-05-19T17:43:17.661+0000] {processor.py:161} INFO - Started process (PID=6896) to work on /home/airflow/.local/lib/python3.12/site-packages/airflow/example_dags/example_xcomargs.py
[2026-05-19T17:43:17.663+0000] {processor.py:830} INFO - Processing file /home/airflow/.local/lib/python3.12/site-packages/airflow/example_dags/example_xcomargs.py for tasks to queue
[2026-05-19T17:43:17.667+0000] {logging_mixin.py:188} INFO - [2026-05-19T17:43:17.666+0000] {dagbag.py:545} INFO - Filling up the DagBag from /home/airflow/.local/lib/python3.12/site-packages/airflow/example_dags/example_xcomargs.py
[2026-05-19T17:43:17.686+0000] {processor.py:840} INFO - DAG(s) 'example_xcom_args', 'example_xcom_args_with_operators' retrieved from /home/airflow/.local/lib/python3.12/site-packages/airflow/example_dags/example_xcomargs.py
[2026-05-19T17:43:17.733+0000] {logging_mixin.py:188} INFO - [2026-05-19T17:43:17.733+0000] {dag.py:3096} INFO - Sync 2 DAGs
[2026-05-19T17:43:17.759+0000] {logging_mixin.py:188} INFO - [2026-05-19T17:43:17.758+0000] {dag.py:3954} INFO - Setting next_dagrun for example_xcom_args to None, run_after=None
[2026-05-19T17:43:17.765+0000] {logging_mixin.py:188} INFO - [2026-05-19T17:43:17.765+0000] {dag.py:3954} INFO - Setting next_dagrun for example_xcom_args_with_operators to None, run_after=None
[2026-05-19T17:43:17.798+0000] {processor.py:183} INFO - Processing /home/airflow/.local/lib/python3.12/site-packages/airflow/example_dags/example_xcomargs.py took 0.150 seconds
[2026-05-19T17:43:48.214+0000] {processor.py:161} INFO - Started process (PID=6955) to work on /home/airflow/.local/lib/python3.12/site-packages/airflow/example_dags/example_xcomargs.py
[2026-05-19T17:43:48.217+0000] {processor.py:830} INFO - Processing file /home/airflow/.local/lib/python3.12/site-packages/airflow/example_dags/example_xcomargs.py for tasks to queue
[2026-05-19T17:43:48.228+0000] {logging_mixin.py:188} INFO - [2026-05-19T17:43:48.228+0000] {dagbag.py:545} INFO - Filling up the DagBag from /home/airflow/.local/lib/python3.12/site-packages/airflow/example_dags/example_xcomargs.py
[2026-05-19T17:43:48.256+0000] {processor.py:840} INFO - DAG(s) 'example_xcom_args_with_operators', 'example_xcom_args' retrieved from /home/airflow/.local/lib/python3.12/site-packages/airflow/example_dags/example_xcomargs.py
[2026-05-19T17:43:48.358+0000] {logging_mixin.py:188} INFO - [2026-05-19T17:43:48.357+0000] {dag.py:3096} INFO - Sync 2 DAGs
[2026-05-19T17:43:48.405+0000] {logging_mixin.py:188} INFO - [2026-05-19T17:43:48.404+0000] {dag.py:3954} INFO - Setting next_dagrun for example_xcom_args to None, run_after=None
[2026-05-19T17:43:48.416+0000] {logging_mixin.py:188} INFO - [2026-05-19T17:43:48.416+0000] {dag.py:3954} INFO - Setting next_dagrun for example_xcom_args_with_operators to None, run_after=None
[2026-05-19T17:43:48.463+0000] {processor.py:183} INFO - Processing /home/airflow/.local/lib/python3.12/site-packages/airflow/example_dags/example_xcomargs.py took 0.273 seconds
[2026-05-19T17:44:19.292+0000] {processor.py:161} INFO - Started process (PID=7014) to work on /home/airflow/.local/lib/python3.12/site-packages/airflow/example_dags/example_xcomargs.py
[2026-05-19T17:44:19.294+0000] {processor.py:830} INFO - Processing file /home/airflow/.local/lib/python3.12/site-packages/airflow/example_dags/example_xcomargs.py for tasks to queue
[2026-05-19T17:44:19.297+0000] {logging_mixin.py:188} INFO - [2026-05-19T17:44:19.296+0000] {dagbag.py:545} INFO - Filling up the DagBag from /home/airflow/.local/lib/python3.12/site-packages/airflow/example_dags/example_xcomargs.py
[2026-05-19T17:44:19.313+0000] {processor.py:840} INFO - DAG(s) 'example_xcom_args_with_operators', 'example_xcom_args' retrieved from /home/airflow/.local/lib/python3.12/site-packages/airflow/example_dags/example_xcomargs.py
[2026-05-19T17:44:19.354+0000] {logging_mixin.py:188} INFO - [2026-05-19T17:44:19.353+0000] {dag.py:3096} INFO - Sync 2 DAGs
[2026-05-19T17:44:19.374+0000] {logging_mixin.py:188} INFO - [2026-05-19T17:44:19.373+0000] {dag.py:3954} INFO - Setting next_dagrun for example_xcom_args to None, run_after=None
[2026-05-19T17:44:19.378+0000] {logging_mixin.py:188} INFO - [2026-05-19T17:44:19.378+0000] {dag.py:3954} INFO - Setting next_dagrun for example_xcom_args_with_operators to None, run_after=None
[2026-05-19T17:44:19.406+0000] {processor.py:183} INFO - Processing /home/airflow/.local/lib/python3.12/site-packages/airflow/example_dags/example_xcomargs.py took 0.122 seconds
[2026-05-19T17:44:50.311+0000] {processor.py:161} INFO - Started process (PID=7073) to work on /home/airflow/.local/lib/python3.12/site-packages/airflow/example_dags/example_xcomargs.py
[2026-05-19T17:44:50.313+0000] {processor.py:830} INFO - Processing file /home/airflow/.local/lib/python3.12/site-packages/airflow/example_dags/example_xcomargs.py for tasks to queue
[2026-05-19T17:44:50.314+0000] {logging_mixin.py:188} INFO - [2026-05-19T17:44:50.314+0000] {dagbag.py:545} INFO - Filling up the DagBag from /home/airflow/.local/lib/python3.12/site-packages/airflow/example_dags/example_xcomargs.py
[2026-05-19T17:44:50.321+0000] {processor.py:840} INFO - DAG(s) 'example_xcom_args', 'example_xcom_args_with_operators' retrieved from /home/airflow/.local/lib/python3.12/site-packages/airflow/example_dags/example_xcomargs.py
[2026-05-19T17:44:50.348+0000] {logging_mixin.py:188} INFO - [2026-05-19T17:44:50.347+0000] {dag.py:3096} INFO - Sync 2 DAGs
[2026-05-19T17:44:50.368+0000] {logging_mixin.py:188} INFO - [2026-05-19T17:44:50.367+0000] {dag.py:3954} INFO - Setting next_dagrun for example_xcom_args to None, run_after=None
[2026-05-19T17:44:50.372+0000] {logging_mixin.py:188} INFO - [2026-05-19T17:44:50.372+0000] {dag.py:3954} INFO - Setting next_dagrun for example_xcom_args_with_operators to None, run_after=None
[2026-05-19T17:44:50.390+0000] {processor.py:183} INFO - Processing /home/airflow/.local/lib/python3.12/site-packages/airflow/example_dags/example_xcomargs.py took 0.085 seconds
[2026-05-19T17:45:20.661+0000] {processor.py:161} INFO - Started process (PID=7132) to work on /home/airflow/.local/lib/python3.12/site-packages/airflow/example_dags/example_xcomargs.py
[2026-05-19T17:45:20.662+0000] {processor.py:830} INFO - Processing file /home/airflow/.local/lib/python3.12/site-packages/airflow/example_dags/example_xcomargs.py for tasks to queue
[2026-05-19T17:45:20.668+0000] {logging_mixin.py:188} INFO - [2026-05-19T17:45:20.667+0000] {dagbag.py:545} INFO - Filling up the DagBag from /home/airflow/.local/lib/python3.12/site-packages/airflow/example_dags/example_xcomargs.py
[2026-05-19T17:45:20.675+0000] {processor.py:840} INFO - DAG(s) 'example_xcom_args_with_operators', 'example_xcom_args' retrieved from /home/airflow/.local/lib/python3.12/site-packages/airflow/example_dags/example_xcomargs.py
[2026-05-19T17:45:20.697+0000] {logging_mixin.py:188} INFO - [2026-05-19T17:45:20.697+0000] {dag.py:3096} INFO - Sync 2 DAGs
[2026-05-19T17:45:20.709+0000] {logging_mixin.py:188} INFO - [2026-05-19T17:45:20.708+0000] {dag.py:3954} INFO - Setting next_dagrun for example_xcom_args to None, run_after=None
[2026-05-19T17:45:20.713+0000] {logging_mixin.py:188} INFO - [2026-05-19T17:45:20.713+0000] {dag.py:3954} INFO - Setting next_dagrun for example_xcom_args_with_operators to None, run_after=None
[2026-05-19T17:45:20.730+0000] {processor.py:183} INFO - Processing /home/airflow/.local/lib/python3.12/site-packages/airflow/example_dags/example_xcomargs.py took 0.074 seconds
[2026-05-19T17:45:51.494+0000] {processor.py:161} INFO - Started process (PID=7192) to work on /home/airflow/.local/lib/python3.12/site-packages/airflow/example_dags/example_xcomargs.py
[2026-05-19T17:45:51.495+0000] {processor.py:830} INFO - Processing file /home/airflow/.local/lib/python3.12/site-packages/airflow/example_dags/example_xcomargs.py for tasks to queue
[2026-05-19T17:45:51.497+0000] {logging_mixin.py:188} INFO - [2026-05-19T17:45:51.497+0000] {dagbag.py:545} INFO - Filling up the DagBag from /home/airflow/.local/lib/python3.12/site-packages/airflow/example_dags/example_xcomargs.py
[2026-05-19T17:45:51.508+0000] {processor.py:840} INFO - DAG(s) 'example_xcom_args', 'example_xcom_args_with_operators' retrieved from /home/airflow/.local/lib/python3.12/site-packages/airflow/example_dags/example_xcomargs.py
[2026-05-19T17:45:51.540+0000] {logging_mixin.py:188} INFO - [2026-05-19T17:45:51.539+0000] {dag.py:3096} INFO - Sync 2 DAGs
[2026-05-19T17:45:51.555+0000] {logging_mixin.py:188} INFO - [2026-05-19T17:45:51.555+0000] {dag.py:3954} INFO - Setting next_dagrun for example_xcom_args to None, run_after=None
[2026-05-19T17:45:51.560+0000] {logging_mixin.py:188} INFO - [2026-05-19T17:45:51.559+0000] {dag.py:3954} INFO - Setting next_dagrun for example_xcom_args_with_operators to None, run_after=None
[2026-05-19T17:45:51.581+0000] {processor.py:183} INFO - Processing /home/airflow/.local/lib/python3.12/site-packages/airflow/example_dags/example_xcomargs.py took 0.093 seconds
[2026-05-19T17:47:18.735+0000] {processor.py:161} INFO - Started process (PID=90) to work on /home/airflow/.local/lib/python3.12/site-packages/airflow/example_dags/example_xcomargs.py
[2026-05-19T17:47:18.737+0000] {processor.py:830} INFO - Processing file /home/airflow/.local/lib/python3.12/site-packages/airflow/example_dags/example_xcomargs.py for tasks to queue
[2026-05-19T17:47:18.742+0000] {logging_mixin.py:188} INFO - [2026-05-19T17:47:18.741+0000] {dagbag.py:545} INFO - Filling up the DagBag from /home/airflow/.local/lib/python3.12/site-packages/airflow/example_dags/example_xcomargs.py
[2026-05-19T17:47:18.772+0000] {processor.py:840} INFO - DAG(s) 'example_xcom_args', 'example_xcom_args_with_operators' retrieved from /home/airflow/.local/lib/python3.12/site-packages/airflow/example_dags/example_xcomargs.py
[2026-05-19T17:47:19.172+0000] {logging_mixin.py:188} INFO - [2026-05-19T17:47:19.171+0000] {dag.py:3096} INFO - Sync 2 DAGs
[2026-05-19T17:47:19.209+0000] {logging_mixin.py:188} INFO - [2026-05-19T17:47:19.209+0000] {dag.py:3954} INFO - Setting next_dagrun for example_xcom_args to None, run_after=None
[2026-05-19T17:47:19.219+0000] {logging_mixin.py:188} INFO - [2026-05-19T17:47:19.218+0000] {dag.py:3954} INFO - Setting next_dagrun for example_xcom_args_with_operators to None, run_after=None
[2026-05-19T17:47:19.269+0000] {processor.py:183} INFO - Processing /home/airflow/.local/lib/python3.12/site-packages/airflow/example_dags/example_xcomargs.py took 0.545 seconds
[2026-05-19T17:47:49.656+0000] {processor.py:161} INFO - Started process (PID=148) to work on /home/airflow/.local/lib/python3.12/site-packages/airflow/example_dags/example_xcomargs.py
[2026-05-19T17:47:49.658+0000] {processor.py:830} INFO - Processing file /home/airflow/.local/lib/python3.12/site-packages/airflow/example_dags/example_xcomargs.py for tasks to queue
[2026-05-19T17:47:49.660+0000] {logging_mixin.py:188} INFO - [2026-05-19T17:47:49.660+0000] {dagbag.py:545} INFO - Filling up the DagBag from /home/airflow/.local/lib/python3.12/site-packages/airflow/example_dags/example_xcomargs.py
[2026-05-19T17:47:49.673+0000] {processor.py:840} INFO - DAG(s) 'example_xcom_args_with_operators', 'example_xcom_args' retrieved from /home/airflow/.local/lib/python3.12/site-packages/airflow/example_dags/example_xcomargs.py
[2026-05-19T17:47:49.708+0000] {logging_mixin.py:188} INFO - [2026-05-19T17:47:49.708+0000] {dag.py:3096} INFO - Sync 2 DAGs
[2026-05-19T17:47:49.721+0000] {logging_mixin.py:188} INFO - [2026-05-19T17:47:49.720+0000] {dag.py:3954} INFO - Setting next_dagrun for example_xcom_args to None, run_after=None
[2026-05-19T17:47:49.724+0000] {logging_mixin.py:188} INFO - [2026-05-19T17:47:49.724+0000] {dag.py:3954} INFO - Setting next_dagrun for example_xcom_args_with_operators to None, run_after=None
[2026-05-19T17:47:49.746+0000] {processor.py:183} INFO - Processing /home/airflow/.local/lib/python3.12/site-packages/airflow/example_dags/example_xcomargs.py took 0.097 seconds
[2026-05-19T17:48:19.805+0000] {processor.py:161} INFO - Started process (PID=205) to work on /home/airflow/.local/lib/python3.12/site-packages/airflow/example_dags/example_xcomargs.py
[2026-05-19T17:48:19.806+0000] {processor.py:830} INFO - Processing file /home/airflow/.local/lib/python3.12/site-packages/airflow/example_dags/example_xcomargs.py for tasks to queue
[2026-05-19T17:48:19.809+0000] {logging_mixin.py:188} INFO - [2026-05-19T17:48:19.808+0000] {dagbag.py:545} INFO - Filling up the DagBag from /home/airflow/.local/lib/python3.12/site-packages/airflow/example_dags/example_xcomargs.py
[2026-05-19T17:48:19.820+0000] {processor.py:840} INFO - DAG(s) 'example_xcom_args_with_operators', 'example_xcom_args' retrieved from /home/airflow/.local/lib/python3.12/site-packages/airflow/example_dags/example_xcomargs.py
[2026-05-19T17:48:19.846+0000] {logging_mixin.py:188} INFO - [2026-05-19T17:48:19.846+0000] {dag.py:3096} INFO - Sync 2 DAGs
[2026-05-19T17:48:19.860+0000] {logging_mixin.py:188} INFO - [2026-05-19T17:48:19.860+0000] {dag.py:3954} INFO - Setting next_dagrun for example_xcom_args to None, run_after=None
[2026-05-19T17:48:19.864+0000] {logging_mixin.py:188} INFO - [2026-05-19T17:48:19.864+0000] {dag.py:3954} INFO - Setting next_dagrun for example_xcom_args_with_operators to None, run_after=None
[2026-05-19T17:48:19.905+0000] {processor.py:183} INFO - Processing /home/airflow/.local/lib/python3.12/site-packages/airflow/example_dags/example_xcomargs.py took 0.108 seconds
[2026-05-19T17:48:50.467+0000] {processor.py:161} INFO - Started process (PID=265) to work on /home/airflow/.local/lib/python3.12/site-packages/airflow/example_dags/example_xcomargs.py
[2026-05-19T17:48:50.468+0000] {processor.py:830} INFO - Processing file /home/airflow/.local/lib/python3.12/site-packages/airflow/example_dags/example_xcomargs.py for tasks to queue
[2026-05-19T17:48:50.470+0000] {logging_mixin.py:188} INFO - [2026-05-19T17:48:50.470+0000] {dagbag.py:545} INFO - Filling up the DagBag from /home/airflow/.local/lib/python3.12/site-packages/airflow/example_dags/example_xcomargs.py
[2026-05-19T17:48:50.478+0000] {processor.py:840} INFO - DAG(s) 'example_xcom_args_with_operators', 'example_xcom_args' retrieved from /home/airflow/.local/lib/python3.12/site-packages/airflow/example_dags/example_xcomargs.py
[2026-05-19T17:48:50.502+0000] {logging_mixin.py:188} INFO - [2026-05-19T17:48:50.502+0000] {dag.py:3096} INFO - Sync 2 DAGs
[2026-05-19T17:48:50.514+0000] {logging_mixin.py:188} INFO - [2026-05-19T17:48:50.514+0000] {dag.py:3954} INFO - Setting next_dagrun for example_xcom_args to None, run_after=None
[2026-05-19T17:48:50.518+0000] {logging_mixin.py:188} INFO - [2026-05-19T17:48:50.518+0000] {dag.py:3954} INFO - Setting next_dagrun for example_xcom_args_with_operators to None, run_after=None
[2026-05-19T17:48:50.555+0000] {processor.py:183} INFO - Processing /home/airflow/.local/lib/python3.12/site-packages/airflow/example_dags/example_xcomargs.py took 0.095 seconds
[2026-05-19T17:49:20.703+0000] {processor.py:161} INFO - Started process (PID=322) to work on /home/airflow/.local/lib/python3.12/site-packages/airflow/example_dags/example_xcomargs.py
[2026-05-19T17:49:20.704+0000] {processor.py:830} INFO - Processing file /home/airflow/.local/lib/python3.12/site-packages/airflow/example_dags/example_xcomargs.py for tasks to queue
[2026-05-19T17:49:20.705+0000] {logging_mixin.py:188} INFO - [2026-05-19T17:49:20.705+0000] {dagbag.py:545} INFO - Filling up the DagBag from /home/airflow/.local/lib/python3.12/site-packages/airflow/example_dags/example_xcomargs.py
[2026-05-19T17:49:20.714+0000] {processor.py:840} INFO - DAG(s) 'example_xcom_args_with_operators', 'example_xcom_args' retrieved from /home/airflow/.local/lib/python3.12/site-packages/airflow/example_dags/example_xcomargs.py
[2026-05-19T17:49:20.737+0000] {logging_mixin.py:188} INFO - [2026-05-19T17:49:20.737+0000] {dag.py:3096} INFO - Sync 2 DAGs
[2026-05-19T17:49:20.750+0000] {logging_mixin.py:188} INFO - [2026-05-19T17:49:20.750+0000] {dag.py:3954} INFO - Setting next_dagrun for example_xcom_args to None, run_after=None
[2026-05-19T17:49:20.754+0000] {logging_mixin.py:188} INFO - [2026-05-19T17:49:20.754+0000] {dag.py:3954} INFO - Setting next_dagrun for example_xcom_args_with_operators to None, run_after=None
[2026-05-19T17:49:20.785+0000] {processor.py:183} INFO - Processing /home/airflow/.local/lib/python3.12/site-packages/airflow/example_dags/example_xcomargs.py took 0.088 seconds
[2026-05-19T17:49:50.865+0000] {processor.py:161} INFO - Started process (PID=380) to work on /home/airflow/.local/lib/python3.12/site-packages/airflow/example_dags/example_xcomargs.py
[2026-05-19T17:49:50.867+0000] {processor.py:830} INFO - Processing file /home/airflow/.local/lib/python3.12/site-packages/airflow/example_dags/example_xcomargs.py for tasks to queue
[2026-05-19T17:49:50.868+0000] {logging_mixin.py:188} INFO - [2026-05-19T17:49:50.868+0000] {dagbag.py:545} INFO - Filling up the DagBag from /home/airflow/.local/lib/python3.12/site-packages/airflow/example_dags/example_xcomargs.py
[2026-05-19T17:49:50.876+0000] {processor.py:840} INFO - DAG(s) 'example_xcom_args_with_operators', 'example_xcom_args' retrieved from /home/airflow/.local/lib/python3.12/site-packages/airflow/example_dags/example_xcomargs.py
[2026-05-19T17:49:50.898+0000] {logging_mixin.py:188} INFO - [2026-05-19T17:49:50.897+0000] {dag.py:3096} INFO - Sync 2 DAGs
[2026-05-19T17:49:50.909+0000] {logging_mixin.py:188} INFO - [2026-05-19T17:49:50.909+0000] {dag.py:3954} INFO - Setting next_dagrun for example_xcom_args to None, run_after=None
[2026-05-19T17:49:50.913+0000] {logging_mixin.py:188} INFO - [2026-05-19T17:49:50.913+0000] {dag.py:3954} INFO - Setting next_dagrun for example_xcom_args_with_operators to None, run_after=None
[2026-05-19T17:49:50.945+0000] {processor.py:183} INFO - Processing /home/airflow/.local/lib/python3.12/site-packages/airflow/example_dags/example_xcomargs.py took 0.086 seconds
[2026-05-19T17:50:21.189+0000] {processor.py:161} INFO - Started process (PID=439) to work on /home/airflow/.local/lib/python3.12/site-packages/airflow/example_dags/example_xcomargs.py
[2026-05-19T17:50:21.192+0000] {processor.py:830} INFO - Processing file /home/airflow/.local/lib/python3.12/site-packages/airflow/example_dags/example_xcomargs.py for tasks to queue
[2026-05-19T17:50:21.194+0000] {logging_mixin.py:188} INFO - [2026-05-19T17:50:21.193+0000] {dagbag.py:545} INFO - Filling up the DagBag from /home/airflow/.local/lib/python3.12/site-packages/airflow/example_dags/example_xcomargs.py
[2026-05-19T17:50:21.203+0000] {processor.py:840} INFO - DAG(s) 'example_xcom_args', 'example_xcom_args_with_operators' retrieved from /home/airflow/.local/lib/python3.12/site-packages/airflow/example_dags/example_xcomargs.py
[2026-05-19T17:50:21.226+0000] {logging_mixin.py:188} INFO - [2026-05-19T17:50:21.226+0000] {dag.py:3096} INFO - Sync 2 DAGs
[2026-05-19T17:50:21.238+0000] {logging_mixin.py:188} INFO - [2026-05-19T17:50:21.238+0000] {dag.py:3954} INFO - Setting next_dagrun for example_xcom_args to None, run_after=None
[2026-05-19T17:50:21.242+0000] {logging_mixin.py:188} INFO - [2026-05-19T17:50:21.241+0000] {dag.py:3954} INFO - Setting next_dagrun for example_xcom_args_with_operators to None, run_after=None
[2026-05-19T17:50:21.257+0000] {processor.py:183} INFO - Processing /home/airflow/.local/lib/python3.12/site-packages/airflow/example_dags/example_xcomargs.py took 0.074 seconds
[2026-05-19T17:50:51.295+0000] {processor.py:161} INFO - Started process (PID=497) to work on /home/airflow/.local/lib/python3.12/site-packages/airflow/example_dags/example_xcomargs.py
[2026-05-19T17:50:51.296+0000] {processor.py:830} INFO - Processing file /home/airflow/.local/lib/python3.12/site-packages/airflow/example_dags/example_xcomargs.py for tasks to queue
[2026-05-19T17:50:51.298+0000] {logging_mixin.py:188} INFO - [2026-05-19T17:50:51.298+0000] {dagbag.py:545} INFO - Filling up the DagBag from /home/airflow/.local/lib/python3.12/site-packages/airflow/example_dags/example_xcomargs.py
[2026-05-19T17:50:51.306+0000] {processor.py:840} INFO - DAG(s) 'example_xcom_args', 'example_xcom_args_with_operators' retrieved from /home/airflow/.local/lib/python3.12/site-packages/airflow/example_dags/example_xcomargs.py
[2026-05-19T17:50:51.331+0000] {logging_mixin.py:188} INFO - [2026-05-19T17:50:51.331+0000] {dag.py:3096} INFO - Sync 2 DAGs
[2026-05-19T17:50:51.345+0000] {logging_mixin.py:188} INFO - [2026-05-19T17:50:51.345+0000] {dag.py:3954} INFO - Setting next_dagrun for example_xcom_args to None, run_after=None
[2026-05-19T17:50:51.349+0000] {logging_mixin.py:188} INFO - [2026-05-19T17:50:51.348+0000] {dag.py:3954} INFO - Setting next_dagrun for example_xcom_args_with_operators to None, run_after=None
[2026-05-19T17:50:51.392+0000] {processor.py:183} INFO - Processing /home/airflow/.local/lib/python3.12/site-packages/airflow/example_dags/example_xcomargs.py took 0.102 seconds
[2026-05-19T17:51:22.046+0000] {processor.py:161} INFO - Started process (PID=555) to work on /home/airflow/.local/lib/python3.12/site-packages/airflow/example_dags/example_xcomargs.py
[2026-05-19T17:51:22.052+0000] {processor.py:830} INFO - Processing file /home/airflow/.local/lib/python3.12/site-packages/airflow/example_dags/example_xcomargs.py for tasks to queue
[2026-05-19T17:51:22.064+0000] {logging_mixin.py:188} INFO - [2026-05-19T17:51:22.062+0000] {dagbag.py:545} INFO - Filling up the DagBag from /home/airflow/.local/lib/python3.12/site-packages/airflow/example_dags/example_xcomargs.py
[2026-05-19T17:51:22.086+0000] {processor.py:840} INFO - DAG(s) 'example_xcom_args', 'example_xcom_args_with_operators' retrieved from /home/airflow/.local/lib/python3.12/site-packages/airflow/example_dags/example_xcomargs.py
[2026-05-19T17:51:22.152+0000] {logging_mixin.py:188} INFO - [2026-05-19T17:51:22.152+0000] {dag.py:3096} INFO - Sync 2 DAGs
[2026-05-19T17:51:22.220+0000] {logging_mixin.py:188} INFO - [2026-05-19T17:51:22.219+0000] {dag.py:3954} INFO - Setting next_dagrun for example_xcom_args to None, run_after=None
[2026-05-19T17:51:22.229+0000] {logging_mixin.py:188} INFO - [2026-05-19T17:51:22.229+0000] {dag.py:3954} INFO - Setting next_dagrun for example_xcom_args_with_operators to None, run_after=None
[2026-05-19T17:51:22.271+0000] {processor.py:183} INFO - Processing /home/airflow/.local/lib/python3.12/site-packages/airflow/example_dags/example_xcomargs.py took 0.280 seconds
[2026-05-19T17:51:52.949+0000] {processor.py:161} INFO - Started process (PID=613) to work on /home/airflow/.local/lib/python3.12/site-packages/airflow/example_dags/example_xcomargs.py
[2026-05-19T17:51:52.950+0000] {processor.py:830} INFO - Processing file /home/airflow/.local/lib/python3.12/site-packages/airflow/example_dags/example_xcomargs.py for tasks to queue
[2026-05-19T17:51:52.952+0000] {logging_mixin.py:188} INFO - [2026-05-19T17:51:52.952+0000] {dagbag.py:545} INFO - Filling up the DagBag from /home/airflow/.local/lib/python3.12/site-packages/airflow/example_dags/example_xcomargs.py
[2026-05-19T17:51:52.961+0000] {processor.py:840} INFO - DAG(s) 'example_xcom_args_with_operators', 'example_xcom_args' retrieved from /home/airflow/.local/lib/python3.12/site-packages/airflow/example_dags/example_xcomargs.py
[2026-05-19T17:51:52.999+0000] {logging_mixin.py:188} INFO - [2026-05-19T17:51:52.998+0000] {dag.py:3096} INFO - Sync 2 DAGs
[2026-05-19T17:51:53.015+0000] {logging_mixin.py:188} INFO - [2026-05-19T17:51:53.015+0000] {dag.py:3954} INFO - Setting next_dagrun for example_xcom_args to None, run_after=None
[2026-05-19T17:51:53.020+0000] {logging_mixin.py:188} INFO - [2026-05-19T17:51:53.020+0000] {dag.py:3954} INFO - Setting next_dagrun for example_xcom_args_with_operators to None, run_after=None
[2026-05-19T17:51:53.040+0000] {processor.py:183} INFO - Processing /home/airflow/.local/lib/python3.12/site-packages/airflow/example_dags/example_xcomargs.py took 0.098 seconds
[2026-05-19T17:52:23.623+0000] {processor.py:161} INFO - Started process (PID=671) to work on /home/airflow/.local/lib/python3.12/site-packages/airflow/example_dags/example_xcomargs.py
[2026-05-19T17:52:23.624+0000] {processor.py:830} INFO - Processing file /home/airflow/.local/lib/python3.12/site-packages/airflow/example_dags/example_xcomargs.py for tasks to queue
[2026-05-19T17:52:23.627+0000] {logging_mixin.py:188} INFO - [2026-05-19T17:52:23.626+0000] {dagbag.py:545} INFO - Filling up the DagBag from /home/airflow/.local/lib/python3.12/site-packages/airflow/example_dags/example_xcomargs.py
[2026-05-19T17:52:23.639+0000] {processor.py:840} INFO - DAG(s) 'example_xcom_args_with_operators', 'example_xcom_args' retrieved from /home/airflow/.local/lib/python3.12/site-packages/airflow/example_dags/example_xcomargs.py
[2026-05-19T17:52:23.669+0000] {logging_mixin.py:188} INFO - [2026-05-19T17:52:23.669+0000] {dag.py:3096} INFO - Sync 2 DAGs
[2026-05-19T17:52:23.700+0000] {logging_mixin.py:188} INFO - [2026-05-19T17:52:23.699+0000] {dag.py:3954} INFO - Setting next_dagrun for example_xcom_args to None, run_after=None
[2026-05-19T17:52:23.713+0000] {logging_mixin.py:188} INFO - [2026-05-19T17:52:23.712+0000] {dag.py:3954} INFO - Setting next_dagrun for example_xcom_args_with_operators to None, run_after=None
[2026-05-19T17:52:23.749+0000] {processor.py:183} INFO - Processing /home/airflow/.local/lib/python3.12/site-packages/airflow/example_dags/example_xcomargs.py took 0.134 seconds
[2026-05-19T17:52:53.926+0000] {processor.py:161} INFO - Started process (PID=729) to work on /home/airflow/.local/lib/python3.12/site-packages/airflow/example_dags/example_xcomargs.py
[2026-05-19T17:52:53.930+0000] {processor.py:830} INFO - Processing file /home/airflow/.local/lib/python3.12/site-packages/airflow/example_dags/example_xcomargs.py for tasks to queue
[2026-05-19T17:52:53.934+0000] {logging_mixin.py:188} INFO - [2026-05-19T17:52:53.933+0000] {dagbag.py:545} INFO - Filling up the DagBag from /home/airflow/.local/lib/python3.12/site-packages/airflow/example_dags/example_xcomargs.py
[2026-05-19T17:52:53.952+0000] {processor.py:840} INFO - DAG(s) 'example_xcom_args_with_operators', 'example_xcom_args' retrieved from /home/airflow/.local/lib/python3.12/site-packages/airflow/example_dags/example_xcomargs.py
[2026-05-19T17:52:53.991+0000] {logging_mixin.py:188} INFO - [2026-05-19T17:52:53.990+0000] {dag.py:3096} INFO - Sync 2 DAGs
[2026-05-19T17:52:54.010+0000] {logging_mixin.py:188} INFO - [2026-05-19T17:52:54.010+0000] {dag.py:3954} INFO - Setting next_dagrun for example_xcom_args to None, run_after=None
[2026-05-19T17:52:54.016+0000] {logging_mixin.py:188} INFO - [2026-05-19T17:52:54.015+0000] {dag.py:3954} INFO - Setting next_dagrun for example_xcom_args_with_operators to None, run_after=None
[2026-05-19T17:52:54.044+0000] {processor.py:183} INFO - Processing /home/airflow/.local/lib/python3.12/site-packages/airflow/example_dags/example_xcomargs.py took 0.134 seconds
[2026-05-19T17:53:24.645+0000] {processor.py:161} INFO - Started process (PID=787) to work on /home/airflow/.local/lib/python3.12/site-packages/airflow/example_dags/example_xcomargs.py
[2026-05-19T17:53:24.646+0000] {processor.py:830} INFO - Processing file /home/airflow/.local/lib/python3.12/site-packages/airflow/example_dags/example_xcomargs.py for tasks to queue
[2026-05-19T17:53:24.649+0000] {logging_mixin.py:188} INFO - [2026-05-19T17:53:24.649+0000] {dagbag.py:545} INFO - Filling up the DagBag from /home/airflow/.local/lib/python3.12/site-packages/airflow/example_dags/example_xcomargs.py
[2026-05-19T17:53:24.663+0000] {processor.py:840} INFO - DAG(s) 'example_xcom_args_with_operators', 'example_xcom_args' retrieved from /home/airflow/.local/lib/python3.12/site-packages/airflow/example_dags/example_xcomargs.py
[2026-05-19T17:53:24.713+0000] {logging_mixin.py:188} INFO - [2026-05-19T17:53:24.713+0000] {dag.py:3096} INFO - Sync 2 DAGs
[2026-05-19T17:53:24.734+0000] {logging_mixin.py:188} INFO - [2026-05-19T17:53:24.734+0000] {dag.py:3954} INFO - Setting next_dagrun for example_xcom_args to None, run_after=None
[2026-05-19T17:53:24.744+0000] {logging_mixin.py:188} INFO - [2026-05-19T17:53:24.743+0000] {dag.py:3954} INFO - Setting next_dagrun for example_xcom_args_with_operators to None, run_after=None
[2026-05-19T17:53:24.780+0000] {processor.py:183} INFO - Processing /home/airflow/.local/lib/python3.12/site-packages/airflow/example_dags/example_xcomargs.py took 0.142 seconds
[2026-05-19T17:53:55.120+0000] {processor.py:161} INFO - Started process (PID=845) to work on /home/airflow/.local/lib/python3.12/site-packages/airflow/example_dags/example_xcomargs.py
[2026-05-19T17:53:55.122+0000] {processor.py:830} INFO - Processing file /home/airflow/.local/lib/python3.12/site-packages/airflow/example_dags/example_xcomargs.py for tasks to queue
[2026-05-19T17:53:55.124+0000] {logging_mixin.py:188} INFO - [2026-05-19T17:53:55.124+0000] {dagbag.py:545} INFO - Filling up the DagBag from /home/airflow/.local/lib/python3.12/site-packages/airflow/example_dags/example_xcomargs.py
[2026-05-19T17:53:55.133+0000] {processor.py:840} INFO - DAG(s) 'example_xcom_args', 'example_xcom_args_with_operators' retrieved from /home/airflow/.local/lib/python3.12/site-packages/airflow/example_dags/example_xcomargs.py
[2026-05-19T17:53:55.155+0000] {logging_mixin.py:188} INFO - [2026-05-19T17:53:55.155+0000] {dag.py:3096} INFO - Sync 2 DAGs
[2026-05-19T17:53:55.166+0000] {logging_mixin.py:188} INFO - [2026-05-19T17:53:55.166+0000] {dag.py:3954} INFO - Setting next_dagrun for example_xcom_args to None, run_after=None
[2026-05-19T17:53:55.170+0000] {logging_mixin.py:188} INFO - [2026-05-19T17:53:55.170+0000] {dag.py:3954} INFO - Setting next_dagrun for example_xcom_args_with_operators to None, run_after=None
[2026-05-19T17:53:55.185+0000] {processor.py:183} INFO - Processing /home/airflow/.local/lib/python3.12/site-packages/airflow/example_dags/example_xcomargs.py took 0.071 seconds
[2026-05-19T17:54:25.588+0000] {processor.py:161} INFO - Started process (PID=903) to work on /home/airflow/.local/lib/python3.12/site-packages/airflow/example_dags/example_xcomargs.py
[2026-05-19T17:54:25.590+0000] {processor.py:830} INFO - Processing file /home/airflow/.local/lib/python3.12/site-packages/airflow/example_dags/example_xcomargs.py for tasks to queue
[2026-05-19T17:54:25.594+0000] {logging_mixin.py:188} INFO - [2026-05-19T17:54:25.594+0000] {dagbag.py:545} INFO - Filling up the DagBag from /home/airflow/.local/lib/python3.12/site-packages/airflow/example_dags/example_xcomargs.py
[2026-05-19T17:54:25.606+0000] {processor.py:840} INFO - DAG(s) 'example_xcom_args_with_operators', 'example_xcom_args' retrieved from /home/airflow/.local/lib/python3.12/site-packages/airflow/example_dags/example_xcomargs.py
[2026-05-19T17:54:25.634+0000] {logging_mixin.py:188} INFO - [2026-05-19T17:54:25.634+0000] {dag.py:3096} INFO - Sync 2 DAGs
[2026-05-19T17:54:25.651+0000] {logging_mixin.py:188} INFO - [2026-05-19T17:54:25.651+0000] {dag.py:3954} INFO - Setting next_dagrun for example_xcom_args to None, run_after=None
[2026-05-19T17:54:25.655+0000] {logging_mixin.py:188} INFO - [2026-05-19T17:54:25.655+0000] {dag.py:3954} INFO - Setting next_dagrun for example_xcom_args_with_operators to None, run_after=None
[2026-05-19T17:54:25.676+0000] {processor.py:183} INFO - Processing /home/airflow/.local/lib/python3.12/site-packages/airflow/example_dags/example_xcomargs.py took 0.094 seconds
[2026-05-19T17:54:56.091+0000] {processor.py:161} INFO - Started process (PID=960) to work on /home/airflow/.local/lib/python3.12/site-packages/airflow/example_dags/example_xcomargs.py
[2026-05-19T17:54:56.092+0000] {processor.py:830} INFO - Processing file /home/airflow/.local/lib/python3.12/site-packages/airflow/example_dags/example_xcomargs.py for tasks to queue
[2026-05-19T17:54:56.095+0000] {logging_mixin.py:188} INFO - [2026-05-19T17:54:56.094+0000] {dagbag.py:545} INFO - Filling up the DagBag from /home/airflow/.local/lib/python3.12/site-packages/airflow/example_dags/example_xcomargs.py
[2026-05-19T17:54:56.104+0000] {processor.py:840} INFO - DAG(s) 'example_xcom_args_with_operators', 'example_xcom_args' retrieved from /home/airflow/.local/lib/python3.12/site-packages/airflow/example_dags/example_xcomargs.py
[2026-05-19T17:54:56.131+0000] {logging_mixin.py:188} INFO - [2026-05-19T17:54:56.131+0000] {dag.py:3096} INFO - Sync 2 DAGs
[2026-05-19T17:54:56.144+0000] {logging_mixin.py:188} INFO - [2026-05-19T17:54:56.144+0000] {dag.py:3954} INFO - Setting next_dagrun for example_xcom_args to None, run_after=None
[2026-05-19T17:54:56.148+0000] {logging_mixin.py:188} INFO - [2026-05-19T17:54:56.147+0000] {dag.py:3954} INFO - Setting next_dagrun for example_xcom_args_with_operators to None, run_after=None
[2026-05-19T17:54:56.181+0000] {processor.py:183} INFO - Processing /home/airflow/.local/lib/python3.12/site-packages/airflow/example_dags/example_xcomargs.py took 0.096 seconds
[2026-05-19T17:55:26.313+0000] {processor.py:161} INFO - Started process (PID=1018) to work on /home/airflow/.local/lib/python3.12/site-packages/airflow/example_dags/example_xcomargs.py
[2026-05-19T17:55:26.314+0000] {processor.py:830} INFO - Processing file /home/airflow/.local/lib/python3.12/site-packages/airflow/example_dags/example_xcomargs.py for tasks to queue
[2026-05-19T17:55:26.317+0000] {logging_mixin.py:188} INFO - [2026-05-19T17:55:26.317+0000] {dagbag.py:545} INFO - Filling up the DagBag from /home/airflow/.local/lib/python3.12/site-packages/airflow/example_dags/example_xcomargs.py
[2026-05-19T17:55:26.329+0000] {processor.py:840} INFO - DAG(s) 'example_xcom_args_with_operators', 'example_xcom_args' retrieved from /home/airflow/.local/lib/python3.12/site-packages/airflow/example_dags/example_xcomargs.py
[2026-05-19T17:55:26.354+0000] {logging_mixin.py:188} INFO - [2026-05-19T17:55:26.354+0000] {dag.py:3096} INFO - Sync 2 DAGs
[2026-05-19T17:55:26.369+0000] {logging_mixin.py:188} INFO - [2026-05-19T17:55:26.369+0000] {dag.py:3954} INFO - Setting next_dagrun for example_xcom_args to None, run_after=None
[2026-05-19T17:55:26.376+0000] {logging_mixin.py:188} INFO - [2026-05-19T17:55:26.376+0000] {dag.py:3954} INFO - Setting next_dagrun for example_xcom_args_with_operators to None, run_after=None
[2026-05-19T17:55:26.398+0000] {processor.py:183} INFO - Processing /home/airflow/.local/lib/python3.12/site-packages/airflow/example_dags/example_xcomargs.py took 0.092 seconds
[2026-05-19T17:55:56.510+0000] {processor.py:161} INFO - Started process (PID=1076) to work on /home/airflow/.local/lib/python3.12/site-packages/airflow/example_dags/example_xcomargs.py
[2026-05-19T17:55:56.511+0000] {processor.py:830} INFO - Processing file /home/airflow/.local/lib/python3.12/site-packages/airflow/example_dags/example_xcomargs.py for tasks to queue
[2026-05-19T17:55:56.513+0000] {logging_mixin.py:188} INFO - [2026-05-19T17:55:56.513+0000] {dagbag.py:545} INFO - Filling up the DagBag from /home/airflow/.local/lib/python3.12/site-packages/airflow/example_dags/example_xcomargs.py
[2026-05-19T17:55:56.522+0000] {processor.py:840} INFO - DAG(s) 'example_xcom_args', 'example_xcom_args_with_operators' retrieved from /home/airflow/.local/lib/python3.12/site-packages/airflow/example_dags/example_xcomargs.py
[2026-05-19T17:55:56.548+0000] {logging_mixin.py:188} INFO - [2026-05-19T17:55:56.548+0000] {dag.py:3096} INFO - Sync 2 DAGs
[2026-05-19T17:55:56.561+0000] {logging_mixin.py:188} INFO - [2026-05-19T17:55:56.560+0000] {dag.py:3954} INFO - Setting next_dagrun for example_xcom_args to None, run_after=None
[2026-05-19T17:55:56.564+0000] {logging_mixin.py:188} INFO - [2026-05-19T17:55:56.564+0000] {dag.py:3954} INFO - Setting next_dagrun for example_xcom_args_with_operators to None, run_after=None
[2026-05-19T17:55:56.595+0000] {processor.py:183} INFO - Processing /home/airflow/.local/lib/python3.12/site-packages/airflow/example_dags/example_xcomargs.py took 0.091 seconds
[2026-05-19T17:56:26.653+0000] {processor.py:161} INFO - Started process (PID=1134) to work on /home/airflow/.local/lib/python3.12/site-packages/airflow/example_dags/example_xcomargs.py
[2026-05-19T17:56:26.654+0000] {processor.py:830} INFO - Processing file /home/airflow/.local/lib/python3.12/site-packages/airflow/example_dags/example_xcomargs.py for tasks to queue
[2026-05-19T17:56:26.657+0000] {logging_mixin.py:188} INFO - [2026-05-19T17:56:26.656+0000] {dagbag.py:545} INFO - Filling up the DagBag from /home/airflow/.local/lib/python3.12/site-packages/airflow/example_dags/example_xcomargs.py
[2026-05-19T17:56:26.666+0000] {processor.py:840} INFO - DAG(s) 'example_xcom_args_with_operators', 'example_xcom_args' retrieved from /home/airflow/.local/lib/python3.12/site-packages/airflow/example_dags/example_xcomargs.py
[2026-05-19T17:56:26.690+0000] {logging_mixin.py:188} INFO - [2026-05-19T17:56:26.690+0000] {dag.py:3096} INFO - Sync 2 DAGs
[2026-05-19T17:56:26.703+0000] {logging_mixin.py:188} INFO - [2026-05-19T17:56:26.703+0000] {dag.py:3954} INFO - Setting next_dagrun for example_xcom_args to None, run_after=None
[2026-05-19T17:56:26.707+0000] {logging_mixin.py:188} INFO - [2026-05-19T17:56:26.706+0000] {dag.py:3954} INFO - Setting next_dagrun for example_xcom_args_with_operators to None, run_after=None
[2026-05-19T17:56:26.720+0000] {processor.py:183} INFO - Processing /home/airflow/.local/lib/python3.12/site-packages/airflow/example_dags/example_xcomargs.py took 0.073 seconds
[2026-05-19T17:57:59.283+0000] {processor.py:161} INFO - Started process (PID=89) to work on /home/airflow/.local/lib/python3.12/site-packages/airflow/example_dags/example_xcomargs.py
[2026-05-19T17:57:59.285+0000] {processor.py:830} INFO - Processing file /home/airflow/.local/lib/python3.12/site-packages/airflow/example_dags/example_xcomargs.py for tasks to queue
[2026-05-19T17:57:59.289+0000] {logging_mixin.py:188} INFO - [2026-05-19T17:57:59.289+0000] {dagbag.py:545} INFO - Filling up the DagBag from /home/airflow/.local/lib/python3.12/site-packages/airflow/example_dags/example_xcomargs.py
[2026-05-19T17:57:59.312+0000] {processor.py:840} INFO - DAG(s) 'example_xcom_args', 'example_xcom_args_with_operators' retrieved from /home/airflow/.local/lib/python3.12/site-packages/airflow/example_dags/example_xcomargs.py
[2026-05-19T17:57:59.525+0000] {logging_mixin.py:188} INFO - [2026-05-19T17:57:59.525+0000] {dag.py:3096} INFO - Sync 2 DAGs
[2026-05-19T17:57:59.544+0000] {logging_mixin.py:188} INFO - [2026-05-19T17:57:59.544+0000] {dag.py:3954} INFO - Setting next_dagrun for example_xcom_args to None, run_after=None
[2026-05-19T17:57:59.550+0000] {logging_mixin.py:188} INFO - [2026-05-19T17:57:59.549+0000] {dag.py:3954} INFO - Setting next_dagrun for example_xcom_args_with_operators to None, run_after=None
[2026-05-19T17:57:59.583+0000] {processor.py:183} INFO - Processing /home/airflow/.local/lib/python3.12/site-packages/airflow/example_dags/example_xcomargs.py took 0.311 seconds
[2026-05-19T17:58:30.283+0000] {processor.py:161} INFO - Started process (PID=147) to work on /home/airflow/.local/lib/python3.12/site-packages/airflow/example_dags/example_xcomargs.py
[2026-05-19T17:58:30.284+0000] {processor.py:830} INFO - Processing file /home/airflow/.local/lib/python3.12/site-packages/airflow/example_dags/example_xcomargs.py for tasks to queue
[2026-05-19T17:58:30.287+0000] {logging_mixin.py:188} INFO - [2026-05-19T17:58:30.287+0000] {dagbag.py:545} INFO - Filling up the DagBag from /home/airflow/.local/lib/python3.12/site-packages/airflow/example_dags/example_xcomargs.py
[2026-05-19T17:58:30.298+0000] {processor.py:840} INFO - DAG(s) 'example_xcom_args_with_operators', 'example_xcom_args' retrieved from /home/airflow/.local/lib/python3.12/site-packages/airflow/example_dags/example_xcomargs.py
[2026-05-19T17:58:30.330+0000] {logging_mixin.py:188} INFO - [2026-05-19T17:58:30.330+0000] {dag.py:3096} INFO - Sync 2 DAGs
[2026-05-19T17:58:30.343+0000] {logging_mixin.py:188} INFO - [2026-05-19T17:58:30.342+0000] {dag.py:3954} INFO - Setting next_dagrun for example_xcom_args to None, run_after=None
[2026-05-19T17:58:30.349+0000] {logging_mixin.py:188} INFO - [2026-05-19T17:58:30.348+0000] {dag.py:3954} INFO - Setting next_dagrun for example_xcom_args_with_operators to None, run_after=None
[2026-05-19T17:58:30.377+0000] {processor.py:183} INFO - Processing /home/airflow/.local/lib/python3.12/site-packages/airflow/example_dags/example_xcomargs.py took 0.101 seconds
