[2026-05-19T13:25:26.089+0000] {processor.py:161} INFO - Started process (PID=103) to work on /home/airflow/.local/lib/python3.12/site-packages/airflow/example_dags/example_sensor_decorator.py
[2026-05-19T13:25:26.092+0000] {processor.py:830} INFO - Processing file /home/airflow/.local/lib/python3.12/site-packages/airflow/example_dags/example_sensor_decorator.py for tasks to queue
[2026-05-19T13:25:26.098+0000] {logging_mixin.py:188} INFO - [2026-05-19T13:25:26.097+0000] {dagbag.py:545} INFO - Filling up the DagBag from /home/airflow/.local/lib/python3.12/site-packages/airflow/example_dags/example_sensor_decorator.py
[2026-05-19T13:25:26.120+0000] {processor.py:840} INFO - DAG(s) 'example_sensor_decorator' retrieved from /home/airflow/.local/lib/python3.12/site-packages/airflow/example_dags/example_sensor_decorator.py
[2026-05-19T13:25:26.546+0000] {logging_mixin.py:188} INFO - [2026-05-19T13:25:26.544+0000] {override.py:1829} INFO - Created Permission View: can read on DAG:example_sensor_decorator
[2026-05-19T13:25:26.580+0000] {logging_mixin.py:188} INFO - [2026-05-19T13:25:26.579+0000] {override.py:1829} INFO - Created Permission View: can edit on DAG:example_sensor_decorator
[2026-05-19T13:25:26.600+0000] {logging_mixin.py:188} INFO - [2026-05-19T13:25:26.600+0000] {override.py:1829} INFO - Created Permission View: can delete on DAG:example_sensor_decorator
[2026-05-19T13:25:26.605+0000] {logging_mixin.py:188} INFO - [2026-05-19T13:25:26.604+0000] {dag.py:3096} INFO - Sync 1 DAGs
[2026-05-19T13:25:26.658+0000] {logging_mixin.py:188} INFO - [2026-05-19T13:25:26.658+0000] {dag.py:3118} INFO - Creating ORM DAG for example_sensor_decorator
[2026-05-19T13:25:26.661+0000] {logging_mixin.py:188} INFO - [2026-05-19T13:25:26.660+0000] {dag.py:3954} INFO - Setting next_dagrun for example_sensor_decorator to None, run_after=None
[2026-05-19T13:25:26.726+0000] {processor.py:183} INFO - Processing /home/airflow/.local/lib/python3.12/site-packages/airflow/example_dags/example_sensor_decorator.py took 0.656 seconds
[2026-05-19T13:25:57.643+0000] {processor.py:161} INFO - Started process (PID=161) to work on /home/airflow/.local/lib/python3.12/site-packages/airflow/example_dags/example_sensor_decorator.py
[2026-05-19T13:25:57.645+0000] {processor.py:830} INFO - Processing file /home/airflow/.local/lib/python3.12/site-packages/airflow/example_dags/example_sensor_decorator.py for tasks to queue
[2026-05-19T13:25:57.649+0000] {logging_mixin.py:188} INFO - [2026-05-19T13:25:57.648+0000] {dagbag.py:545} INFO - Filling up the DagBag from /home/airflow/.local/lib/python3.12/site-packages/airflow/example_dags/example_sensor_decorator.py
[2026-05-19T13:25:57.661+0000] {processor.py:840} INFO - DAG(s) 'example_sensor_decorator' retrieved from /home/airflow/.local/lib/python3.12/site-packages/airflow/example_dags/example_sensor_decorator.py
[2026-05-19T13:25:57.705+0000] {logging_mixin.py:188} INFO - [2026-05-19T13:25:57.704+0000] {dag.py:3096} INFO - Sync 1 DAGs
[2026-05-19T13:25:57.729+0000] {logging_mixin.py:188} INFO - [2026-05-19T13:25:57.729+0000] {dag.py:3954} INFO - Setting next_dagrun for example_sensor_decorator to None, run_after=None
[2026-05-19T13:25:57.758+0000] {processor.py:183} INFO - Processing /home/airflow/.local/lib/python3.12/site-packages/airflow/example_dags/example_sensor_decorator.py took 0.125 seconds
[2026-05-19T13:26:28.369+0000] {processor.py:161} INFO - Started process (PID=219) to work on /home/airflow/.local/lib/python3.12/site-packages/airflow/example_dags/example_sensor_decorator.py
[2026-05-19T13:26:28.370+0000] {processor.py:830} INFO - Processing file /home/airflow/.local/lib/python3.12/site-packages/airflow/example_dags/example_sensor_decorator.py for tasks to queue
[2026-05-19T13:26:28.375+0000] {logging_mixin.py:188} INFO - [2026-05-19T13:26:28.374+0000] {dagbag.py:545} INFO - Filling up the DagBag from /home/airflow/.local/lib/python3.12/site-packages/airflow/example_dags/example_sensor_decorator.py
[2026-05-19T13:26:28.384+0000] {processor.py:840} INFO - DAG(s) 'example_sensor_decorator' retrieved from /home/airflow/.local/lib/python3.12/site-packages/airflow/example_dags/example_sensor_decorator.py
[2026-05-19T13:26:28.410+0000] {logging_mixin.py:188} INFO - [2026-05-19T13:26:28.409+0000] {dag.py:3096} INFO - Sync 1 DAGs
[2026-05-19T13:26:28.422+0000] {logging_mixin.py:188} INFO - [2026-05-19T13:26:28.422+0000] {dag.py:3954} INFO - Setting next_dagrun for example_sensor_decorator to None, run_after=None
[2026-05-19T13:26:28.447+0000] {processor.py:183} INFO - Processing /home/airflow/.local/lib/python3.12/site-packages/airflow/example_dags/example_sensor_decorator.py took 0.084 seconds
[2026-05-19T13:26:58.775+0000] {processor.py:161} INFO - Started process (PID=277) to work on /home/airflow/.local/lib/python3.12/site-packages/airflow/example_dags/example_sensor_decorator.py
[2026-05-19T13:26:58.779+0000] {processor.py:830} INFO - Processing file /home/airflow/.local/lib/python3.12/site-packages/airflow/example_dags/example_sensor_decorator.py for tasks to queue
[2026-05-19T13:26:58.785+0000] {logging_mixin.py:188} INFO - [2026-05-19T13:26:58.783+0000] {dagbag.py:545} INFO - Filling up the DagBag from /home/airflow/.local/lib/python3.12/site-packages/airflow/example_dags/example_sensor_decorator.py
[2026-05-19T13:26:58.796+0000] {processor.py:840} INFO - DAG(s) 'example_sensor_decorator' retrieved from /home/airflow/.local/lib/python3.12/site-packages/airflow/example_dags/example_sensor_decorator.py
[2026-05-19T13:26:58.835+0000] {logging_mixin.py:188} INFO - [2026-05-19T13:26:58.833+0000] {dag.py:3096} INFO - Sync 1 DAGs
[2026-05-19T13:26:58.852+0000] {logging_mixin.py:188} INFO - [2026-05-19T13:26:58.851+0000] {dag.py:3954} INFO - Setting next_dagrun for example_sensor_decorator to None, run_after=None
[2026-05-19T13:26:58.888+0000] {processor.py:183} INFO - Processing /home/airflow/.local/lib/python3.12/site-packages/airflow/example_dags/example_sensor_decorator.py took 0.119 seconds
[2026-05-19T13:27:29.449+0000] {processor.py:161} INFO - Started process (PID=335) to work on /home/airflow/.local/lib/python3.12/site-packages/airflow/example_dags/example_sensor_decorator.py
[2026-05-19T13:27:29.451+0000] {processor.py:830} INFO - Processing file /home/airflow/.local/lib/python3.12/site-packages/airflow/example_dags/example_sensor_decorator.py for tasks to queue
[2026-05-19T13:27:29.454+0000] {logging_mixin.py:188} INFO - [2026-05-19T13:27:29.454+0000] {dagbag.py:545} INFO - Filling up the DagBag from /home/airflow/.local/lib/python3.12/site-packages/airflow/example_dags/example_sensor_decorator.py
[2026-05-19T13:27:29.460+0000] {processor.py:840} INFO - DAG(s) 'example_sensor_decorator' retrieved from /home/airflow/.local/lib/python3.12/site-packages/airflow/example_dags/example_sensor_decorator.py
[2026-05-19T13:27:29.493+0000] {logging_mixin.py:188} INFO - [2026-05-19T13:27:29.493+0000] {dag.py:3096} INFO - Sync 1 DAGs
[2026-05-19T13:27:29.506+0000] {logging_mixin.py:188} INFO - [2026-05-19T13:27:29.506+0000] {dag.py:3954} INFO - Setting next_dagrun for example_sensor_decorator to None, run_after=None
[2026-05-19T13:27:29.533+0000] {processor.py:183} INFO - Processing /home/airflow/.local/lib/python3.12/site-packages/airflow/example_dags/example_sensor_decorator.py took 0.089 seconds
[2026-05-19T13:28:00.224+0000] {processor.py:161} INFO - Started process (PID=392) to work on /home/airflow/.local/lib/python3.12/site-packages/airflow/example_dags/example_sensor_decorator.py
[2026-05-19T13:28:00.227+0000] {processor.py:830} INFO - Processing file /home/airflow/.local/lib/python3.12/site-packages/airflow/example_dags/example_sensor_decorator.py for tasks to queue
[2026-05-19T13:28:00.234+0000] {logging_mixin.py:188} INFO - [2026-05-19T13:28:00.233+0000] {dagbag.py:545} INFO - Filling up the DagBag from /home/airflow/.local/lib/python3.12/site-packages/airflow/example_dags/example_sensor_decorator.py
[2026-05-19T13:28:00.250+0000] {processor.py:840} INFO - DAG(s) 'example_sensor_decorator' retrieved from /home/airflow/.local/lib/python3.12/site-packages/airflow/example_dags/example_sensor_decorator.py
[2026-05-19T13:28:00.289+0000] {logging_mixin.py:188} INFO - [2026-05-19T13:28:00.288+0000] {dag.py:3096} INFO - Sync 1 DAGs
[2026-05-19T13:28:00.318+0000] {logging_mixin.py:188} INFO - [2026-05-19T13:28:00.318+0000] {dag.py:3954} INFO - Setting next_dagrun for example_sensor_decorator to None, run_after=None
[2026-05-19T13:28:00.355+0000] {processor.py:183} INFO - Processing /home/airflow/.local/lib/python3.12/site-packages/airflow/example_dags/example_sensor_decorator.py took 0.140 seconds
[2026-05-19T13:28:31.152+0000] {processor.py:161} INFO - Started process (PID=450) to work on /home/airflow/.local/lib/python3.12/site-packages/airflow/example_dags/example_sensor_decorator.py
[2026-05-19T13:28:31.155+0000] {processor.py:830} INFO - Processing file /home/airflow/.local/lib/python3.12/site-packages/airflow/example_dags/example_sensor_decorator.py for tasks to queue
[2026-05-19T13:28:31.159+0000] {logging_mixin.py:188} INFO - [2026-05-19T13:28:31.158+0000] {dagbag.py:545} INFO - Filling up the DagBag from /home/airflow/.local/lib/python3.12/site-packages/airflow/example_dags/example_sensor_decorator.py
[2026-05-19T13:28:31.170+0000] {processor.py:840} INFO - DAG(s) 'example_sensor_decorator' retrieved from /home/airflow/.local/lib/python3.12/site-packages/airflow/example_dags/example_sensor_decorator.py
[2026-05-19T13:28:31.211+0000] {logging_mixin.py:188} INFO - [2026-05-19T13:28:31.210+0000] {dag.py:3096} INFO - Sync 1 DAGs
[2026-05-19T13:28:31.242+0000] {logging_mixin.py:188} INFO - [2026-05-19T13:28:31.241+0000] {dag.py:3954} INFO - Setting next_dagrun for example_sensor_decorator to None, run_after=None
[2026-05-19T13:28:31.282+0000] {processor.py:183} INFO - Processing /home/airflow/.local/lib/python3.12/site-packages/airflow/example_dags/example_sensor_decorator.py took 0.139 seconds
[2026-05-19T13:29:01.596+0000] {processor.py:161} INFO - Started process (PID=508) to work on /home/airflow/.local/lib/python3.12/site-packages/airflow/example_dags/example_sensor_decorator.py
[2026-05-19T13:29:01.598+0000] {processor.py:830} INFO - Processing file /home/airflow/.local/lib/python3.12/site-packages/airflow/example_dags/example_sensor_decorator.py for tasks to queue
[2026-05-19T13:29:01.603+0000] {logging_mixin.py:188} INFO - [2026-05-19T13:29:01.601+0000] {dagbag.py:545} INFO - Filling up the DagBag from /home/airflow/.local/lib/python3.12/site-packages/airflow/example_dags/example_sensor_decorator.py
[2026-05-19T13:29:01.614+0000] {processor.py:840} INFO - DAG(s) 'example_sensor_decorator' retrieved from /home/airflow/.local/lib/python3.12/site-packages/airflow/example_dags/example_sensor_decorator.py
[2026-05-19T13:29:01.665+0000] {logging_mixin.py:188} INFO - [2026-05-19T13:29:01.665+0000] {dag.py:3096} INFO - Sync 1 DAGs
[2026-05-19T13:29:01.689+0000] {logging_mixin.py:188} INFO - [2026-05-19T13:29:01.689+0000] {dag.py:3954} INFO - Setting next_dagrun for example_sensor_decorator to None, run_after=None
[2026-05-19T13:29:01.733+0000] {processor.py:183} INFO - Processing /home/airflow/.local/lib/python3.12/site-packages/airflow/example_dags/example_sensor_decorator.py took 0.153 seconds
[2026-05-19T13:30:57.048+0000] {processor.py:161} INFO - Started process (PID=99) to work on /home/airflow/.local/lib/python3.12/site-packages/airflow/example_dags/example_sensor_decorator.py
[2026-05-19T13:30:57.050+0000] {processor.py:830} INFO - Processing file /home/airflow/.local/lib/python3.12/site-packages/airflow/example_dags/example_sensor_decorator.py for tasks to queue
[2026-05-19T13:30:57.054+0000] {logging_mixin.py:188} INFO - [2026-05-19T13:30:57.053+0000] {dagbag.py:545} INFO - Filling up the DagBag from /home/airflow/.local/lib/python3.12/site-packages/airflow/example_dags/example_sensor_decorator.py
[2026-05-19T13:30:57.075+0000] {processor.py:840} INFO - DAG(s) 'example_sensor_decorator' retrieved from /home/airflow/.local/lib/python3.12/site-packages/airflow/example_dags/example_sensor_decorator.py
[2026-05-19T13:30:57.357+0000] {logging_mixin.py:188} INFO - [2026-05-19T13:30:57.357+0000] {dag.py:3096} INFO - Sync 1 DAGs
[2026-05-19T13:30:57.385+0000] {logging_mixin.py:188} INFO - [2026-05-19T13:30:57.384+0000] {dag.py:3954} INFO - Setting next_dagrun for example_sensor_decorator to None, run_after=None
[2026-05-19T13:30:57.442+0000] {processor.py:183} INFO - Processing /home/airflow/.local/lib/python3.12/site-packages/airflow/example_dags/example_sensor_decorator.py took 0.406 seconds
[2026-05-19T13:31:28.120+0000] {processor.py:161} INFO - Started process (PID=158) to work on /home/airflow/.local/lib/python3.12/site-packages/airflow/example_dags/example_sensor_decorator.py
[2026-05-19T13:31:28.121+0000] {processor.py:830} INFO - Processing file /home/airflow/.local/lib/python3.12/site-packages/airflow/example_dags/example_sensor_decorator.py for tasks to queue
[2026-05-19T13:31:28.125+0000] {logging_mixin.py:188} INFO - [2026-05-19T13:31:28.124+0000] {dagbag.py:545} INFO - Filling up the DagBag from /home/airflow/.local/lib/python3.12/site-packages/airflow/example_dags/example_sensor_decorator.py
[2026-05-19T13:31:28.131+0000] {processor.py:840} INFO - DAG(s) 'example_sensor_decorator' retrieved from /home/airflow/.local/lib/python3.12/site-packages/airflow/example_dags/example_sensor_decorator.py
[2026-05-19T13:31:28.162+0000] {logging_mixin.py:188} INFO - [2026-05-19T13:31:28.161+0000] {dag.py:3096} INFO - Sync 1 DAGs
[2026-05-19T13:31:28.178+0000] {logging_mixin.py:188} INFO - [2026-05-19T13:31:28.178+0000] {dag.py:3954} INFO - Setting next_dagrun for example_sensor_decorator to None, run_after=None
[2026-05-19T13:31:28.203+0000] {processor.py:183} INFO - Processing /home/airflow/.local/lib/python3.12/site-packages/airflow/example_dags/example_sensor_decorator.py took 0.089 seconds
[2026-05-19T13:31:59.045+0000] {processor.py:161} INFO - Started process (PID=217) to work on /home/airflow/.local/lib/python3.12/site-packages/airflow/example_dags/example_sensor_decorator.py
[2026-05-19T13:31:59.047+0000] {processor.py:830} INFO - Processing file /home/airflow/.local/lib/python3.12/site-packages/airflow/example_dags/example_sensor_decorator.py for tasks to queue
[2026-05-19T13:31:59.051+0000] {logging_mixin.py:188} INFO - [2026-05-19T13:31:59.050+0000] {dagbag.py:545} INFO - Filling up the DagBag from /home/airflow/.local/lib/python3.12/site-packages/airflow/example_dags/example_sensor_decorator.py
[2026-05-19T13:31:59.061+0000] {processor.py:840} INFO - DAG(s) 'example_sensor_decorator' retrieved from /home/airflow/.local/lib/python3.12/site-packages/airflow/example_dags/example_sensor_decorator.py
[2026-05-19T13:31:59.091+0000] {logging_mixin.py:188} INFO - [2026-05-19T13:31:59.091+0000] {dag.py:3096} INFO - Sync 1 DAGs
[2026-05-19T13:31:59.110+0000] {logging_mixin.py:188} INFO - [2026-05-19T13:31:59.109+0000] {dag.py:3954} INFO - Setting next_dagrun for example_sensor_decorator to None, run_after=None
[2026-05-19T13:31:59.143+0000] {processor.py:183} INFO - Processing /home/airflow/.local/lib/python3.12/site-packages/airflow/example_dags/example_sensor_decorator.py took 0.107 seconds
[2026-05-19T13:32:29.690+0000] {processor.py:161} INFO - Started process (PID=276) to work on /home/airflow/.local/lib/python3.12/site-packages/airflow/example_dags/example_sensor_decorator.py
[2026-05-19T13:32:29.691+0000] {processor.py:830} INFO - Processing file /home/airflow/.local/lib/python3.12/site-packages/airflow/example_dags/example_sensor_decorator.py for tasks to queue
[2026-05-19T13:32:29.695+0000] {logging_mixin.py:188} INFO - [2026-05-19T13:32:29.695+0000] {dagbag.py:545} INFO - Filling up the DagBag from /home/airflow/.local/lib/python3.12/site-packages/airflow/example_dags/example_sensor_decorator.py
[2026-05-19T13:32:29.703+0000] {processor.py:840} INFO - DAG(s) 'example_sensor_decorator' retrieved from /home/airflow/.local/lib/python3.12/site-packages/airflow/example_dags/example_sensor_decorator.py
[2026-05-19T13:32:29.738+0000] {logging_mixin.py:188} INFO - [2026-05-19T13:32:29.738+0000] {dag.py:3096} INFO - Sync 1 DAGs
[2026-05-19T13:32:29.758+0000] {logging_mixin.py:188} INFO - [2026-05-19T13:32:29.758+0000] {dag.py:3954} INFO - Setting next_dagrun for example_sensor_decorator to None, run_after=None
[2026-05-19T13:32:29.791+0000] {processor.py:183} INFO - Processing /home/airflow/.local/lib/python3.12/site-packages/airflow/example_dags/example_sensor_decorator.py took 0.108 seconds
[2026-05-19T13:32:59.873+0000] {processor.py:161} INFO - Started process (PID=335) to work on /home/airflow/.local/lib/python3.12/site-packages/airflow/example_dags/example_sensor_decorator.py
[2026-05-19T13:32:59.874+0000] {processor.py:830} INFO - Processing file /home/airflow/.local/lib/python3.12/site-packages/airflow/example_dags/example_sensor_decorator.py for tasks to queue
[2026-05-19T13:32:59.877+0000] {logging_mixin.py:188} INFO - [2026-05-19T13:32:59.876+0000] {dagbag.py:545} INFO - Filling up the DagBag from /home/airflow/.local/lib/python3.12/site-packages/airflow/example_dags/example_sensor_decorator.py
[2026-05-19T13:32:59.886+0000] {processor.py:840} INFO - DAG(s) 'example_sensor_decorator' retrieved from /home/airflow/.local/lib/python3.12/site-packages/airflow/example_dags/example_sensor_decorator.py
[2026-05-19T13:32:59.914+0000] {logging_mixin.py:188} INFO - [2026-05-19T13:32:59.914+0000] {dag.py:3096} INFO - Sync 1 DAGs
[2026-05-19T13:32:59.933+0000] {logging_mixin.py:188} INFO - [2026-05-19T13:32:59.932+0000] {dag.py:3954} INFO - Setting next_dagrun for example_sensor_decorator to None, run_after=None
[2026-05-19T13:32:59.964+0000] {processor.py:183} INFO - Processing /home/airflow/.local/lib/python3.12/site-packages/airflow/example_dags/example_sensor_decorator.py took 0.099 seconds
[2026-05-19T13:33:31.003+0000] {processor.py:161} INFO - Started process (PID=394) to work on /home/airflow/.local/lib/python3.12/site-packages/airflow/example_dags/example_sensor_decorator.py
[2026-05-19T13:33:31.006+0000] {processor.py:830} INFO - Processing file /home/airflow/.local/lib/python3.12/site-packages/airflow/example_dags/example_sensor_decorator.py for tasks to queue
[2026-05-19T13:33:31.015+0000] {logging_mixin.py:188} INFO - [2026-05-19T13:33:31.013+0000] {dagbag.py:545} INFO - Filling up the DagBag from /home/airflow/.local/lib/python3.12/site-packages/airflow/example_dags/example_sensor_decorator.py
[2026-05-19T13:33:31.035+0000] {processor.py:840} INFO - DAG(s) 'example_sensor_decorator' retrieved from /home/airflow/.local/lib/python3.12/site-packages/airflow/example_dags/example_sensor_decorator.py
[2026-05-19T13:33:31.104+0000] {logging_mixin.py:188} INFO - [2026-05-19T13:33:31.103+0000] {dag.py:3096} INFO - Sync 1 DAGs
[2026-05-19T13:33:31.150+0000] {logging_mixin.py:188} INFO - [2026-05-19T13:33:31.149+0000] {dag.py:3954} INFO - Setting next_dagrun for example_sensor_decorator to None, run_after=None
[2026-05-19T13:33:31.214+0000] {processor.py:183} INFO - Processing /home/airflow/.local/lib/python3.12/site-packages/airflow/example_dags/example_sensor_decorator.py took 0.226 seconds
[2026-05-19T13:34:01.616+0000] {processor.py:161} INFO - Started process (PID=453) to work on /home/airflow/.local/lib/python3.12/site-packages/airflow/example_dags/example_sensor_decorator.py
[2026-05-19T13:34:01.618+0000] {processor.py:830} INFO - Processing file /home/airflow/.local/lib/python3.12/site-packages/airflow/example_dags/example_sensor_decorator.py for tasks to queue
[2026-05-19T13:34:01.621+0000] {logging_mixin.py:188} INFO - [2026-05-19T13:34:01.620+0000] {dagbag.py:545} INFO - Filling up the DagBag from /home/airflow/.local/lib/python3.12/site-packages/airflow/example_dags/example_sensor_decorator.py
[2026-05-19T13:34:01.629+0000] {processor.py:840} INFO - DAG(s) 'example_sensor_decorator' retrieved from /home/airflow/.local/lib/python3.12/site-packages/airflow/example_dags/example_sensor_decorator.py
[2026-05-19T13:34:01.654+0000] {logging_mixin.py:188} INFO - [2026-05-19T13:34:01.653+0000] {dag.py:3096} INFO - Sync 1 DAGs
[2026-05-19T13:34:01.670+0000] {logging_mixin.py:188} INFO - [2026-05-19T13:34:01.670+0000] {dag.py:3954} INFO - Setting next_dagrun for example_sensor_decorator to None, run_after=None
[2026-05-19T13:34:01.701+0000] {processor.py:183} INFO - Processing /home/airflow/.local/lib/python3.12/site-packages/airflow/example_dags/example_sensor_decorator.py took 0.092 seconds
[2026-05-19T13:34:32.860+0000] {processor.py:161} INFO - Started process (PID=512) to work on /home/airflow/.local/lib/python3.12/site-packages/airflow/example_dags/example_sensor_decorator.py
[2026-05-19T13:34:32.862+0000] {processor.py:830} INFO - Processing file /home/airflow/.local/lib/python3.12/site-packages/airflow/example_dags/example_sensor_decorator.py for tasks to queue
[2026-05-19T13:34:32.864+0000] {logging_mixin.py:188} INFO - [2026-05-19T13:34:32.864+0000] {dagbag.py:545} INFO - Filling up the DagBag from /home/airflow/.local/lib/python3.12/site-packages/airflow/example_dags/example_sensor_decorator.py
[2026-05-19T13:34:32.874+0000] {processor.py:840} INFO - DAG(s) 'example_sensor_decorator' retrieved from /home/airflow/.local/lib/python3.12/site-packages/airflow/example_dags/example_sensor_decorator.py
[2026-05-19T13:34:32.932+0000] {logging_mixin.py:188} INFO - [2026-05-19T13:34:32.931+0000] {dag.py:3096} INFO - Sync 1 DAGs
[2026-05-19T13:34:32.955+0000] {logging_mixin.py:188} INFO - [2026-05-19T13:34:32.955+0000] {dag.py:3954} INFO - Setting next_dagrun for example_sensor_decorator to None, run_after=None
[2026-05-19T13:34:33.008+0000] {processor.py:183} INFO - Processing /home/airflow/.local/lib/python3.12/site-packages/airflow/example_dags/example_sensor_decorator.py took 0.157 seconds
[2026-05-19T13:35:03.411+0000] {processor.py:161} INFO - Started process (PID=571) to work on /home/airflow/.local/lib/python3.12/site-packages/airflow/example_dags/example_sensor_decorator.py
[2026-05-19T13:35:03.413+0000] {processor.py:830} INFO - Processing file /home/airflow/.local/lib/python3.12/site-packages/airflow/example_dags/example_sensor_decorator.py for tasks to queue
[2026-05-19T13:35:03.416+0000] {logging_mixin.py:188} INFO - [2026-05-19T13:35:03.415+0000] {dagbag.py:545} INFO - Filling up the DagBag from /home/airflow/.local/lib/python3.12/site-packages/airflow/example_dags/example_sensor_decorator.py
[2026-05-19T13:35:03.421+0000] {processor.py:840} INFO - DAG(s) 'example_sensor_decorator' retrieved from /home/airflow/.local/lib/python3.12/site-packages/airflow/example_dags/example_sensor_decorator.py
[2026-05-19T13:35:03.448+0000] {logging_mixin.py:188} INFO - [2026-05-19T13:35:03.447+0000] {dag.py:3096} INFO - Sync 1 DAGs
[2026-05-19T13:35:03.465+0000] {logging_mixin.py:188} INFO - [2026-05-19T13:35:03.465+0000] {dag.py:3954} INFO - Setting next_dagrun for example_sensor_decorator to None, run_after=None
[2026-05-19T13:35:03.493+0000] {processor.py:183} INFO - Processing /home/airflow/.local/lib/python3.12/site-packages/airflow/example_dags/example_sensor_decorator.py took 0.088 seconds
[2026-05-19T13:35:34.174+0000] {processor.py:161} INFO - Started process (PID=630) to work on /home/airflow/.local/lib/python3.12/site-packages/airflow/example_dags/example_sensor_decorator.py
[2026-05-19T13:35:34.176+0000] {processor.py:830} INFO - Processing file /home/airflow/.local/lib/python3.12/site-packages/airflow/example_dags/example_sensor_decorator.py for tasks to queue
[2026-05-19T13:35:34.179+0000] {logging_mixin.py:188} INFO - [2026-05-19T13:35:34.179+0000] {dagbag.py:545} INFO - Filling up the DagBag from /home/airflow/.local/lib/python3.12/site-packages/airflow/example_dags/example_sensor_decorator.py
[2026-05-19T13:35:34.189+0000] {processor.py:840} INFO - DAG(s) 'example_sensor_decorator' retrieved from /home/airflow/.local/lib/python3.12/site-packages/airflow/example_dags/example_sensor_decorator.py
[2026-05-19T13:35:34.214+0000] {logging_mixin.py:188} INFO - [2026-05-19T13:35:34.214+0000] {dag.py:3096} INFO - Sync 1 DAGs
[2026-05-19T13:35:34.226+0000] {logging_mixin.py:188} INFO - [2026-05-19T13:35:34.226+0000] {dag.py:3954} INFO - Setting next_dagrun for example_sensor_decorator to None, run_after=None
[2026-05-19T13:35:34.257+0000] {processor.py:183} INFO - Processing /home/airflow/.local/lib/python3.12/site-packages/airflow/example_dags/example_sensor_decorator.py took 0.089 seconds
[2026-05-19T13:36:05.131+0000] {processor.py:161} INFO - Started process (PID=689) to work on /home/airflow/.local/lib/python3.12/site-packages/airflow/example_dags/example_sensor_decorator.py
[2026-05-19T13:36:05.133+0000] {processor.py:830} INFO - Processing file /home/airflow/.local/lib/python3.12/site-packages/airflow/example_dags/example_sensor_decorator.py for tasks to queue
[2026-05-19T13:36:05.136+0000] {logging_mixin.py:188} INFO - [2026-05-19T13:36:05.136+0000] {dagbag.py:545} INFO - Filling up the DagBag from /home/airflow/.local/lib/python3.12/site-packages/airflow/example_dags/example_sensor_decorator.py
[2026-05-19T13:36:05.147+0000] {processor.py:840} INFO - DAG(s) 'example_sensor_decorator' retrieved from /home/airflow/.local/lib/python3.12/site-packages/airflow/example_dags/example_sensor_decorator.py
[2026-05-19T13:36:05.184+0000] {logging_mixin.py:188} INFO - [2026-05-19T13:36:05.184+0000] {dag.py:3096} INFO - Sync 1 DAGs
[2026-05-19T13:36:05.208+0000] {logging_mixin.py:188} INFO - [2026-05-19T13:36:05.207+0000] {dag.py:3954} INFO - Setting next_dagrun for example_sensor_decorator to None, run_after=None
[2026-05-19T13:36:05.249+0000] {processor.py:183} INFO - Processing /home/airflow/.local/lib/python3.12/site-packages/airflow/example_dags/example_sensor_decorator.py took 0.129 seconds
[2026-05-19T13:36:36.221+0000] {processor.py:161} INFO - Started process (PID=748) to work on /home/airflow/.local/lib/python3.12/site-packages/airflow/example_dags/example_sensor_decorator.py
[2026-05-19T13:36:36.223+0000] {processor.py:830} INFO - Processing file /home/airflow/.local/lib/python3.12/site-packages/airflow/example_dags/example_sensor_decorator.py for tasks to queue
[2026-05-19T13:36:36.227+0000] {logging_mixin.py:188} INFO - [2026-05-19T13:36:36.226+0000] {dagbag.py:545} INFO - Filling up the DagBag from /home/airflow/.local/lib/python3.12/site-packages/airflow/example_dags/example_sensor_decorator.py
[2026-05-19T13:36:36.239+0000] {processor.py:840} INFO - DAG(s) 'example_sensor_decorator' retrieved from /home/airflow/.local/lib/python3.12/site-packages/airflow/example_dags/example_sensor_decorator.py
[2026-05-19T13:36:36.281+0000] {logging_mixin.py:188} INFO - [2026-05-19T13:36:36.281+0000] {dag.py:3096} INFO - Sync 1 DAGs
[2026-05-19T13:36:36.305+0000] {logging_mixin.py:188} INFO - [2026-05-19T13:36:36.304+0000] {dag.py:3954} INFO - Setting next_dagrun for example_sensor_decorator to None, run_after=None
[2026-05-19T13:36:36.348+0000] {processor.py:183} INFO - Processing /home/airflow/.local/lib/python3.12/site-packages/airflow/example_dags/example_sensor_decorator.py took 0.138 seconds
[2026-05-19T13:37:07.193+0000] {processor.py:161} INFO - Started process (PID=807) to work on /home/airflow/.local/lib/python3.12/site-packages/airflow/example_dags/example_sensor_decorator.py
[2026-05-19T13:37:07.194+0000] {processor.py:830} INFO - Processing file /home/airflow/.local/lib/python3.12/site-packages/airflow/example_dags/example_sensor_decorator.py for tasks to queue
[2026-05-19T13:37:07.197+0000] {logging_mixin.py:188} INFO - [2026-05-19T13:37:07.196+0000] {dagbag.py:545} INFO - Filling up the DagBag from /home/airflow/.local/lib/python3.12/site-packages/airflow/example_dags/example_sensor_decorator.py
[2026-05-19T13:37:07.207+0000] {processor.py:840} INFO - DAG(s) 'example_sensor_decorator' retrieved from /home/airflow/.local/lib/python3.12/site-packages/airflow/example_dags/example_sensor_decorator.py
[2026-05-19T13:37:07.239+0000] {logging_mixin.py:188} INFO - [2026-05-19T13:37:07.239+0000] {dag.py:3096} INFO - Sync 1 DAGs
[2026-05-19T13:37:07.254+0000] {logging_mixin.py:188} INFO - [2026-05-19T13:37:07.253+0000] {dag.py:3954} INFO - Setting next_dagrun for example_sensor_decorator to None, run_after=None
[2026-05-19T13:37:07.282+0000] {processor.py:183} INFO - Processing /home/airflow/.local/lib/python3.12/site-packages/airflow/example_dags/example_sensor_decorator.py took 0.094 seconds
[2026-05-19T13:37:38.238+0000] {processor.py:161} INFO - Started process (PID=866) to work on /home/airflow/.local/lib/python3.12/site-packages/airflow/example_dags/example_sensor_decorator.py
[2026-05-19T13:37:38.242+0000] {processor.py:830} INFO - Processing file /home/airflow/.local/lib/python3.12/site-packages/airflow/example_dags/example_sensor_decorator.py for tasks to queue
[2026-05-19T13:37:38.247+0000] {logging_mixin.py:188} INFO - [2026-05-19T13:37:38.246+0000] {dagbag.py:545} INFO - Filling up the DagBag from /home/airflow/.local/lib/python3.12/site-packages/airflow/example_dags/example_sensor_decorator.py
[2026-05-19T13:37:38.259+0000] {processor.py:840} INFO - DAG(s) 'example_sensor_decorator' retrieved from /home/airflow/.local/lib/python3.12/site-packages/airflow/example_dags/example_sensor_decorator.py
[2026-05-19T13:37:38.303+0000] {logging_mixin.py:188} INFO - [2026-05-19T13:37:38.303+0000] {dag.py:3096} INFO - Sync 1 DAGs
[2026-05-19T13:37:38.331+0000] {logging_mixin.py:188} INFO - [2026-05-19T13:37:38.330+0000] {dag.py:3954} INFO - Setting next_dagrun for example_sensor_decorator to None, run_after=None
[2026-05-19T13:37:38.389+0000] {processor.py:183} INFO - Processing /home/airflow/.local/lib/python3.12/site-packages/airflow/example_dags/example_sensor_decorator.py took 0.162 seconds
[2026-05-19T13:38:08.694+0000] {processor.py:161} INFO - Started process (PID=924) to work on /home/airflow/.local/lib/python3.12/site-packages/airflow/example_dags/example_sensor_decorator.py
[2026-05-19T13:38:08.695+0000] {processor.py:830} INFO - Processing file /home/airflow/.local/lib/python3.12/site-packages/airflow/example_dags/example_sensor_decorator.py for tasks to queue
[2026-05-19T13:38:08.698+0000] {logging_mixin.py:188} INFO - [2026-05-19T13:38:08.698+0000] {dagbag.py:545} INFO - Filling up the DagBag from /home/airflow/.local/lib/python3.12/site-packages/airflow/example_dags/example_sensor_decorator.py
[2026-05-19T13:38:08.706+0000] {processor.py:840} INFO - DAG(s) 'example_sensor_decorator' retrieved from /home/airflow/.local/lib/python3.12/site-packages/airflow/example_dags/example_sensor_decorator.py
[2026-05-19T13:38:08.738+0000] {logging_mixin.py:188} INFO - [2026-05-19T13:38:08.738+0000] {dag.py:3096} INFO - Sync 1 DAGs
[2026-05-19T13:38:08.756+0000] {logging_mixin.py:188} INFO - [2026-05-19T13:38:08.756+0000] {dag.py:3954} INFO - Setting next_dagrun for example_sensor_decorator to None, run_after=None
[2026-05-19T13:38:08.793+0000] {processor.py:183} INFO - Processing /home/airflow/.local/lib/python3.12/site-packages/airflow/example_dags/example_sensor_decorator.py took 0.107 seconds
[2026-05-19T13:38:39.856+0000] {processor.py:161} INFO - Started process (PID=985) to work on /home/airflow/.local/lib/python3.12/site-packages/airflow/example_dags/example_sensor_decorator.py
[2026-05-19T13:38:39.860+0000] {processor.py:830} INFO - Processing file /home/airflow/.local/lib/python3.12/site-packages/airflow/example_dags/example_sensor_decorator.py for tasks to queue
[2026-05-19T13:38:39.863+0000] {logging_mixin.py:188} INFO - [2026-05-19T13:38:39.863+0000] {dagbag.py:545} INFO - Filling up the DagBag from /home/airflow/.local/lib/python3.12/site-packages/airflow/example_dags/example_sensor_decorator.py
[2026-05-19T13:38:39.878+0000] {processor.py:840} INFO - DAG(s) 'example_sensor_decorator' retrieved from /home/airflow/.local/lib/python3.12/site-packages/airflow/example_dags/example_sensor_decorator.py
[2026-05-19T13:38:39.926+0000] {logging_mixin.py:188} INFO - [2026-05-19T13:38:39.925+0000] {dag.py:3096} INFO - Sync 1 DAGs
[2026-05-19T13:38:39.959+0000] {logging_mixin.py:188} INFO - [2026-05-19T13:38:39.958+0000] {dag.py:3954} INFO - Setting next_dagrun for example_sensor_decorator to None, run_after=None
[2026-05-19T13:38:40.013+0000] {processor.py:183} INFO - Processing /home/airflow/.local/lib/python3.12/site-packages/airflow/example_dags/example_sensor_decorator.py took 0.169 seconds
[2026-05-19T13:39:10.188+0000] {processor.py:161} INFO - Started process (PID=1044) to work on /home/airflow/.local/lib/python3.12/site-packages/airflow/example_dags/example_sensor_decorator.py
[2026-05-19T13:39:10.190+0000] {processor.py:830} INFO - Processing file /home/airflow/.local/lib/python3.12/site-packages/airflow/example_dags/example_sensor_decorator.py for tasks to queue
[2026-05-19T13:39:10.198+0000] {logging_mixin.py:188} INFO - [2026-05-19T13:39:10.197+0000] {dagbag.py:545} INFO - Filling up the DagBag from /home/airflow/.local/lib/python3.12/site-packages/airflow/example_dags/example_sensor_decorator.py
[2026-05-19T13:39:10.212+0000] {processor.py:840} INFO - DAG(s) 'example_sensor_decorator' retrieved from /home/airflow/.local/lib/python3.12/site-packages/airflow/example_dags/example_sensor_decorator.py
[2026-05-19T13:39:10.258+0000] {logging_mixin.py:188} INFO - [2026-05-19T13:39:10.257+0000] {dag.py:3096} INFO - Sync 1 DAGs
[2026-05-19T13:39:10.283+0000] {logging_mixin.py:188} INFO - [2026-05-19T13:39:10.282+0000] {dag.py:3954} INFO - Setting next_dagrun for example_sensor_decorator to None, run_after=None
[2026-05-19T13:39:10.326+0000] {processor.py:183} INFO - Processing /home/airflow/.local/lib/python3.12/site-packages/airflow/example_dags/example_sensor_decorator.py took 0.147 seconds
[2026-05-19T13:39:40.740+0000] {processor.py:161} INFO - Started process (PID=1103) to work on /home/airflow/.local/lib/python3.12/site-packages/airflow/example_dags/example_sensor_decorator.py
[2026-05-19T13:39:40.742+0000] {processor.py:830} INFO - Processing file /home/airflow/.local/lib/python3.12/site-packages/airflow/example_dags/example_sensor_decorator.py for tasks to queue
[2026-05-19T13:39:40.745+0000] {logging_mixin.py:188} INFO - [2026-05-19T13:39:40.744+0000] {dagbag.py:545} INFO - Filling up the DagBag from /home/airflow/.local/lib/python3.12/site-packages/airflow/example_dags/example_sensor_decorator.py
[2026-05-19T13:39:40.753+0000] {processor.py:840} INFO - DAG(s) 'example_sensor_decorator' retrieved from /home/airflow/.local/lib/python3.12/site-packages/airflow/example_dags/example_sensor_decorator.py
[2026-05-19T13:39:40.790+0000] {logging_mixin.py:188} INFO - [2026-05-19T13:39:40.789+0000] {dag.py:3096} INFO - Sync 1 DAGs
[2026-05-19T13:39:40.811+0000] {logging_mixin.py:188} INFO - [2026-05-19T13:39:40.811+0000] {dag.py:3954} INFO - Setting next_dagrun for example_sensor_decorator to None, run_after=None
[2026-05-19T13:39:40.845+0000] {processor.py:183} INFO - Processing /home/airflow/.local/lib/python3.12/site-packages/airflow/example_dags/example_sensor_decorator.py took 0.114 seconds
[2026-05-19T13:40:11.016+0000] {processor.py:161} INFO - Started process (PID=1162) to work on /home/airflow/.local/lib/python3.12/site-packages/airflow/example_dags/example_sensor_decorator.py
[2026-05-19T13:40:11.017+0000] {processor.py:830} INFO - Processing file /home/airflow/.local/lib/python3.12/site-packages/airflow/example_dags/example_sensor_decorator.py for tasks to queue
[2026-05-19T13:40:11.019+0000] {logging_mixin.py:188} INFO - [2026-05-19T13:40:11.019+0000] {dagbag.py:545} INFO - Filling up the DagBag from /home/airflow/.local/lib/python3.12/site-packages/airflow/example_dags/example_sensor_decorator.py
[2026-05-19T13:40:11.033+0000] {processor.py:840} INFO - DAG(s) 'example_sensor_decorator' retrieved from /home/airflow/.local/lib/python3.12/site-packages/airflow/example_dags/example_sensor_decorator.py
[2026-05-19T13:40:11.064+0000] {logging_mixin.py:188} INFO - [2026-05-19T13:40:11.063+0000] {dag.py:3096} INFO - Sync 1 DAGs
[2026-05-19T13:40:11.078+0000] {logging_mixin.py:188} INFO - [2026-05-19T13:40:11.078+0000] {dag.py:3954} INFO - Setting next_dagrun for example_sensor_decorator to None, run_after=None
[2026-05-19T13:40:11.112+0000] {processor.py:183} INFO - Processing /home/airflow/.local/lib/python3.12/site-packages/airflow/example_dags/example_sensor_decorator.py took 0.101 seconds
[2026-05-19T13:40:41.606+0000] {processor.py:161} INFO - Started process (PID=1221) to work on /home/airflow/.local/lib/python3.12/site-packages/airflow/example_dags/example_sensor_decorator.py
[2026-05-19T13:40:41.607+0000] {processor.py:830} INFO - Processing file /home/airflow/.local/lib/python3.12/site-packages/airflow/example_dags/example_sensor_decorator.py for tasks to queue
[2026-05-19T13:40:41.610+0000] {logging_mixin.py:188} INFO - [2026-05-19T13:40:41.609+0000] {dagbag.py:545} INFO - Filling up the DagBag from /home/airflow/.local/lib/python3.12/site-packages/airflow/example_dags/example_sensor_decorator.py
[2026-05-19T13:40:41.617+0000] {processor.py:840} INFO - DAG(s) 'example_sensor_decorator' retrieved from /home/airflow/.local/lib/python3.12/site-packages/airflow/example_dags/example_sensor_decorator.py
[2026-05-19T13:40:41.652+0000] {logging_mixin.py:188} INFO - [2026-05-19T13:40:41.652+0000] {dag.py:3096} INFO - Sync 1 DAGs
[2026-05-19T13:40:41.672+0000] {logging_mixin.py:188} INFO - [2026-05-19T13:40:41.671+0000] {dag.py:3954} INFO - Setting next_dagrun for example_sensor_decorator to None, run_after=None
[2026-05-19T13:40:41.701+0000] {processor.py:183} INFO - Processing /home/airflow/.local/lib/python3.12/site-packages/airflow/example_dags/example_sensor_decorator.py took 0.103 seconds
[2026-05-19T13:41:11.999+0000] {processor.py:161} INFO - Started process (PID=1280) to work on /home/airflow/.local/lib/python3.12/site-packages/airflow/example_dags/example_sensor_decorator.py
[2026-05-19T13:41:12.001+0000] {processor.py:830} INFO - Processing file /home/airflow/.local/lib/python3.12/site-packages/airflow/example_dags/example_sensor_decorator.py for tasks to queue
[2026-05-19T13:41:12.006+0000] {logging_mixin.py:188} INFO - [2026-05-19T13:41:12.005+0000] {dagbag.py:545} INFO - Filling up the DagBag from /home/airflow/.local/lib/python3.12/site-packages/airflow/example_dags/example_sensor_decorator.py
[2026-05-19T13:41:12.014+0000] {processor.py:840} INFO - DAG(s) 'example_sensor_decorator' retrieved from /home/airflow/.local/lib/python3.12/site-packages/airflow/example_dags/example_sensor_decorator.py
[2026-05-19T13:41:12.034+0000] {logging_mixin.py:188} INFO - [2026-05-19T13:41:12.034+0000] {dag.py:3096} INFO - Sync 1 DAGs
[2026-05-19T13:41:12.054+0000] {logging_mixin.py:188} INFO - [2026-05-19T13:41:12.054+0000] {dag.py:3954} INFO - Setting next_dagrun for example_sensor_decorator to None, run_after=None
[2026-05-19T13:41:12.086+0000] {processor.py:183} INFO - Processing /home/airflow/.local/lib/python3.12/site-packages/airflow/example_dags/example_sensor_decorator.py took 0.096 seconds
[2026-05-19T13:41:42.902+0000] {processor.py:161} INFO - Started process (PID=1339) to work on /home/airflow/.local/lib/python3.12/site-packages/airflow/example_dags/example_sensor_decorator.py
[2026-05-19T13:41:42.904+0000] {processor.py:830} INFO - Processing file /home/airflow/.local/lib/python3.12/site-packages/airflow/example_dags/example_sensor_decorator.py for tasks to queue
[2026-05-19T13:41:42.908+0000] {logging_mixin.py:188} INFO - [2026-05-19T13:41:42.908+0000] {dagbag.py:545} INFO - Filling up the DagBag from /home/airflow/.local/lib/python3.12/site-packages/airflow/example_dags/example_sensor_decorator.py
[2026-05-19T13:41:42.924+0000] {processor.py:840} INFO - DAG(s) 'example_sensor_decorator' retrieved from /home/airflow/.local/lib/python3.12/site-packages/airflow/example_dags/example_sensor_decorator.py
[2026-05-19T13:41:42.974+0000] {logging_mixin.py:188} INFO - [2026-05-19T13:41:42.973+0000] {dag.py:3096} INFO - Sync 1 DAGs
[2026-05-19T13:41:43.004+0000] {logging_mixin.py:188} INFO - [2026-05-19T13:41:43.003+0000] {dag.py:3954} INFO - Setting next_dagrun for example_sensor_decorator to None, run_after=None
[2026-05-19T13:41:43.072+0000] {processor.py:183} INFO - Processing /home/airflow/.local/lib/python3.12/site-packages/airflow/example_dags/example_sensor_decorator.py took 0.189 seconds
[2026-05-19T13:42:13.528+0000] {processor.py:161} INFO - Started process (PID=1398) to work on /home/airflow/.local/lib/python3.12/site-packages/airflow/example_dags/example_sensor_decorator.py
[2026-05-19T13:42:13.532+0000] {processor.py:830} INFO - Processing file /home/airflow/.local/lib/python3.12/site-packages/airflow/example_dags/example_sensor_decorator.py for tasks to queue
[2026-05-19T13:42:13.547+0000] {logging_mixin.py:188} INFO - [2026-05-19T13:42:13.543+0000] {dagbag.py:545} INFO - Filling up the DagBag from /home/airflow/.local/lib/python3.12/site-packages/airflow/example_dags/example_sensor_decorator.py
[2026-05-19T13:42:13.577+0000] {processor.py:840} INFO - DAG(s) 'example_sensor_decorator' retrieved from /home/airflow/.local/lib/python3.12/site-packages/airflow/example_dags/example_sensor_decorator.py
[2026-05-19T13:42:13.669+0000] {logging_mixin.py:188} INFO - [2026-05-19T13:42:13.668+0000] {dag.py:3096} INFO - Sync 1 DAGs
[2026-05-19T13:42:13.738+0000] {logging_mixin.py:188} INFO - [2026-05-19T13:42:13.737+0000] {dag.py:3954} INFO - Setting next_dagrun for example_sensor_decorator to None, run_after=None
[2026-05-19T13:42:13.850+0000] {processor.py:183} INFO - Processing /home/airflow/.local/lib/python3.12/site-packages/airflow/example_dags/example_sensor_decorator.py took 0.341 seconds
[2026-05-19T13:42:44.362+0000] {processor.py:161} INFO - Started process (PID=1457) to work on /home/airflow/.local/lib/python3.12/site-packages/airflow/example_dags/example_sensor_decorator.py
[2026-05-19T13:42:44.364+0000] {processor.py:830} INFO - Processing file /home/airflow/.local/lib/python3.12/site-packages/airflow/example_dags/example_sensor_decorator.py for tasks to queue
[2026-05-19T13:42:44.367+0000] {logging_mixin.py:188} INFO - [2026-05-19T13:42:44.367+0000] {dagbag.py:545} INFO - Filling up the DagBag from /home/airflow/.local/lib/python3.12/site-packages/airflow/example_dags/example_sensor_decorator.py
[2026-05-19T13:42:44.378+0000] {processor.py:840} INFO - DAG(s) 'example_sensor_decorator' retrieved from /home/airflow/.local/lib/python3.12/site-packages/airflow/example_dags/example_sensor_decorator.py
[2026-05-19T13:42:44.407+0000] {logging_mixin.py:188} INFO - [2026-05-19T13:42:44.406+0000] {dag.py:3096} INFO - Sync 1 DAGs
[2026-05-19T13:42:44.431+0000] {logging_mixin.py:188} INFO - [2026-05-19T13:42:44.431+0000] {dag.py:3954} INFO - Setting next_dagrun for example_sensor_decorator to None, run_after=None
[2026-05-19T13:42:44.463+0000] {processor.py:183} INFO - Processing /home/airflow/.local/lib/python3.12/site-packages/airflow/example_dags/example_sensor_decorator.py took 0.117 seconds
[2026-05-19T13:43:15.115+0000] {processor.py:161} INFO - Started process (PID=1523) to work on /home/airflow/.local/lib/python3.12/site-packages/airflow/example_dags/example_sensor_decorator.py
[2026-05-19T13:43:15.118+0000] {processor.py:830} INFO - Processing file /home/airflow/.local/lib/python3.12/site-packages/airflow/example_dags/example_sensor_decorator.py for tasks to queue
[2026-05-19T13:43:15.130+0000] {logging_mixin.py:188} INFO - [2026-05-19T13:43:15.129+0000] {dagbag.py:545} INFO - Filling up the DagBag from /home/airflow/.local/lib/python3.12/site-packages/airflow/example_dags/example_sensor_decorator.py
[2026-05-19T13:43:15.147+0000] {processor.py:840} INFO - DAG(s) 'example_sensor_decorator' retrieved from /home/airflow/.local/lib/python3.12/site-packages/airflow/example_dags/example_sensor_decorator.py
[2026-05-19T13:43:15.203+0000] {logging_mixin.py:188} INFO - [2026-05-19T13:43:15.203+0000] {dag.py:3096} INFO - Sync 1 DAGs
[2026-05-19T13:43:15.228+0000] {logging_mixin.py:188} INFO - [2026-05-19T13:43:15.227+0000] {dag.py:3954} INFO - Setting next_dagrun for example_sensor_decorator to None, run_after=None
[2026-05-19T13:43:15.284+0000] {processor.py:183} INFO - Processing /home/airflow/.local/lib/python3.12/site-packages/airflow/example_dags/example_sensor_decorator.py took 0.189 seconds
[2026-05-19T13:43:45.846+0000] {processor.py:161} INFO - Started process (PID=1582) to work on /home/airflow/.local/lib/python3.12/site-packages/airflow/example_dags/example_sensor_decorator.py
[2026-05-19T13:43:45.850+0000] {processor.py:830} INFO - Processing file /home/airflow/.local/lib/python3.12/site-packages/airflow/example_dags/example_sensor_decorator.py for tasks to queue
[2026-05-19T13:43:45.865+0000] {logging_mixin.py:188} INFO - [2026-05-19T13:43:45.863+0000] {dagbag.py:545} INFO - Filling up the DagBag from /home/airflow/.local/lib/python3.12/site-packages/airflow/example_dags/example_sensor_decorator.py
[2026-05-19T13:43:45.887+0000] {processor.py:840} INFO - DAG(s) 'example_sensor_decorator' retrieved from /home/airflow/.local/lib/python3.12/site-packages/airflow/example_dags/example_sensor_decorator.py
[2026-05-19T13:43:45.960+0000] {logging_mixin.py:188} INFO - [2026-05-19T13:43:45.959+0000] {dag.py:3096} INFO - Sync 1 DAGs
[2026-05-19T13:43:46.013+0000] {logging_mixin.py:188} INFO - [2026-05-19T13:43:46.012+0000] {dag.py:3954} INFO - Setting next_dagrun for example_sensor_decorator to None, run_after=None
[2026-05-19T13:43:46.081+0000] {processor.py:183} INFO - Processing /home/airflow/.local/lib/python3.12/site-packages/airflow/example_dags/example_sensor_decorator.py took 0.258 seconds
[2026-05-19T13:44:16.954+0000] {processor.py:161} INFO - Started process (PID=1641) to work on /home/airflow/.local/lib/python3.12/site-packages/airflow/example_dags/example_sensor_decorator.py
[2026-05-19T13:44:16.957+0000] {processor.py:830} INFO - Processing file /home/airflow/.local/lib/python3.12/site-packages/airflow/example_dags/example_sensor_decorator.py for tasks to queue
[2026-05-19T13:44:16.960+0000] {logging_mixin.py:188} INFO - [2026-05-19T13:44:16.960+0000] {dagbag.py:545} INFO - Filling up the DagBag from /home/airflow/.local/lib/python3.12/site-packages/airflow/example_dags/example_sensor_decorator.py
[2026-05-19T13:44:16.972+0000] {processor.py:840} INFO - DAG(s) 'example_sensor_decorator' retrieved from /home/airflow/.local/lib/python3.12/site-packages/airflow/example_dags/example_sensor_decorator.py
[2026-05-19T13:44:16.997+0000] {logging_mixin.py:188} INFO - [2026-05-19T13:44:16.997+0000] {dag.py:3096} INFO - Sync 1 DAGs
[2026-05-19T13:44:17.018+0000] {logging_mixin.py:188} INFO - [2026-05-19T13:44:17.018+0000] {dag.py:3954} INFO - Setting next_dagrun for example_sensor_decorator to None, run_after=None
[2026-05-19T13:44:17.043+0000] {processor.py:183} INFO - Processing /home/airflow/.local/lib/python3.12/site-packages/airflow/example_dags/example_sensor_decorator.py took 0.100 seconds
[2026-05-19T13:44:47.176+0000] {processor.py:161} INFO - Started process (PID=1700) to work on /home/airflow/.local/lib/python3.12/site-packages/airflow/example_dags/example_sensor_decorator.py
[2026-05-19T13:44:47.177+0000] {processor.py:830} INFO - Processing file /home/airflow/.local/lib/python3.12/site-packages/airflow/example_dags/example_sensor_decorator.py for tasks to queue
[2026-05-19T13:44:47.180+0000] {logging_mixin.py:188} INFO - [2026-05-19T13:44:47.179+0000] {dagbag.py:545} INFO - Filling up the DagBag from /home/airflow/.local/lib/python3.12/site-packages/airflow/example_dags/example_sensor_decorator.py
[2026-05-19T13:44:47.185+0000] {processor.py:840} INFO - DAG(s) 'example_sensor_decorator' retrieved from /home/airflow/.local/lib/python3.12/site-packages/airflow/example_dags/example_sensor_decorator.py
[2026-05-19T13:44:47.214+0000] {logging_mixin.py:188} INFO - [2026-05-19T13:44:47.213+0000] {dag.py:3096} INFO - Sync 1 DAGs
[2026-05-19T13:44:47.228+0000] {logging_mixin.py:188} INFO - [2026-05-19T13:44:47.228+0000] {dag.py:3954} INFO - Setting next_dagrun for example_sensor_decorator to None, run_after=None
[2026-05-19T13:44:47.252+0000] {processor.py:183} INFO - Processing /home/airflow/.local/lib/python3.12/site-packages/airflow/example_dags/example_sensor_decorator.py took 0.083 seconds
[2026-05-19T13:45:17.724+0000] {processor.py:161} INFO - Started process (PID=1759) to work on /home/airflow/.local/lib/python3.12/site-packages/airflow/example_dags/example_sensor_decorator.py
[2026-05-19T13:45:17.726+0000] {processor.py:830} INFO - Processing file /home/airflow/.local/lib/python3.12/site-packages/airflow/example_dags/example_sensor_decorator.py for tasks to queue
[2026-05-19T13:45:17.728+0000] {logging_mixin.py:188} INFO - [2026-05-19T13:45:17.728+0000] {dagbag.py:545} INFO - Filling up the DagBag from /home/airflow/.local/lib/python3.12/site-packages/airflow/example_dags/example_sensor_decorator.py
[2026-05-19T13:45:17.735+0000] {processor.py:840} INFO - DAG(s) 'example_sensor_decorator' retrieved from /home/airflow/.local/lib/python3.12/site-packages/airflow/example_dags/example_sensor_decorator.py
[2026-05-19T13:45:17.763+0000] {logging_mixin.py:188} INFO - [2026-05-19T13:45:17.763+0000] {dag.py:3096} INFO - Sync 1 DAGs
[2026-05-19T13:45:17.781+0000] {logging_mixin.py:188} INFO - [2026-05-19T13:45:17.780+0000] {dag.py:3954} INFO - Setting next_dagrun for example_sensor_decorator to None, run_after=None
[2026-05-19T13:45:17.807+0000] {processor.py:183} INFO - Processing /home/airflow/.local/lib/python3.12/site-packages/airflow/example_dags/example_sensor_decorator.py took 0.094 seconds
[2026-05-19T13:45:48.473+0000] {processor.py:161} INFO - Started process (PID=1818) to work on /home/airflow/.local/lib/python3.12/site-packages/airflow/example_dags/example_sensor_decorator.py
[2026-05-19T13:45:48.475+0000] {processor.py:830} INFO - Processing file /home/airflow/.local/lib/python3.12/site-packages/airflow/example_dags/example_sensor_decorator.py for tasks to queue
[2026-05-19T13:45:48.479+0000] {logging_mixin.py:188} INFO - [2026-05-19T13:45:48.478+0000] {dagbag.py:545} INFO - Filling up the DagBag from /home/airflow/.local/lib/python3.12/site-packages/airflow/example_dags/example_sensor_decorator.py
[2026-05-19T13:45:48.485+0000] {processor.py:840} INFO - DAG(s) 'example_sensor_decorator' retrieved from /home/airflow/.local/lib/python3.12/site-packages/airflow/example_dags/example_sensor_decorator.py
[2026-05-19T13:45:48.520+0000] {logging_mixin.py:188} INFO - [2026-05-19T13:45:48.519+0000] {dag.py:3096} INFO - Sync 1 DAGs
[2026-05-19T13:45:48.534+0000] {logging_mixin.py:188} INFO - [2026-05-19T13:45:48.534+0000] {dag.py:3954} INFO - Setting next_dagrun for example_sensor_decorator to None, run_after=None
[2026-05-19T13:45:48.560+0000] {processor.py:183} INFO - Processing /home/airflow/.local/lib/python3.12/site-packages/airflow/example_dags/example_sensor_decorator.py took 0.092 seconds
[2026-05-19T13:46:18.990+0000] {processor.py:161} INFO - Started process (PID=1878) to work on /home/airflow/.local/lib/python3.12/site-packages/airflow/example_dags/example_sensor_decorator.py
[2026-05-19T13:46:18.992+0000] {processor.py:830} INFO - Processing file /home/airflow/.local/lib/python3.12/site-packages/airflow/example_dags/example_sensor_decorator.py for tasks to queue
[2026-05-19T13:46:18.995+0000] {logging_mixin.py:188} INFO - [2026-05-19T13:46:18.995+0000] {dagbag.py:545} INFO - Filling up the DagBag from /home/airflow/.local/lib/python3.12/site-packages/airflow/example_dags/example_sensor_decorator.py
[2026-05-19T13:46:19.003+0000] {processor.py:840} INFO - DAG(s) 'example_sensor_decorator' retrieved from /home/airflow/.local/lib/python3.12/site-packages/airflow/example_dags/example_sensor_decorator.py
[2026-05-19T13:46:19.027+0000] {logging_mixin.py:188} INFO - [2026-05-19T13:46:19.027+0000] {dag.py:3096} INFO - Sync 1 DAGs
[2026-05-19T13:46:19.041+0000] {logging_mixin.py:188} INFO - [2026-05-19T13:46:19.041+0000] {dag.py:3954} INFO - Setting next_dagrun for example_sensor_decorator to None, run_after=None
[2026-05-19T13:46:19.070+0000] {processor.py:183} INFO - Processing /home/airflow/.local/lib/python3.12/site-packages/airflow/example_dags/example_sensor_decorator.py took 0.087 seconds
[2026-05-19T13:46:49.302+0000] {processor.py:161} INFO - Started process (PID=1937) to work on /home/airflow/.local/lib/python3.12/site-packages/airflow/example_dags/example_sensor_decorator.py
[2026-05-19T13:46:49.304+0000] {processor.py:830} INFO - Processing file /home/airflow/.local/lib/python3.12/site-packages/airflow/example_dags/example_sensor_decorator.py for tasks to queue
[2026-05-19T13:46:49.308+0000] {logging_mixin.py:188} INFO - [2026-05-19T13:46:49.308+0000] {dagbag.py:545} INFO - Filling up the DagBag from /home/airflow/.local/lib/python3.12/site-packages/airflow/example_dags/example_sensor_decorator.py
[2026-05-19T13:46:49.323+0000] {processor.py:840} INFO - DAG(s) 'example_sensor_decorator' retrieved from /home/airflow/.local/lib/python3.12/site-packages/airflow/example_dags/example_sensor_decorator.py
[2026-05-19T13:46:49.369+0000] {logging_mixin.py:188} INFO - [2026-05-19T13:46:49.368+0000] {dag.py:3096} INFO - Sync 1 DAGs
[2026-05-19T13:46:49.398+0000] {logging_mixin.py:188} INFO - [2026-05-19T13:46:49.397+0000] {dag.py:3954} INFO - Setting next_dagrun for example_sensor_decorator to None, run_after=None
[2026-05-19T13:46:49.443+0000] {processor.py:183} INFO - Processing /home/airflow/.local/lib/python3.12/site-packages/airflow/example_dags/example_sensor_decorator.py took 0.149 seconds
[2026-05-19T13:47:20.007+0000] {processor.py:161} INFO - Started process (PID=1996) to work on /home/airflow/.local/lib/python3.12/site-packages/airflow/example_dags/example_sensor_decorator.py
[2026-05-19T13:47:20.008+0000] {processor.py:830} INFO - Processing file /home/airflow/.local/lib/python3.12/site-packages/airflow/example_dags/example_sensor_decorator.py for tasks to queue
[2026-05-19T13:47:20.015+0000] {logging_mixin.py:188} INFO - [2026-05-19T13:47:20.013+0000] {dagbag.py:545} INFO - Filling up the DagBag from /home/airflow/.local/lib/python3.12/site-packages/airflow/example_dags/example_sensor_decorator.py
[2026-05-19T13:47:20.024+0000] {processor.py:840} INFO - DAG(s) 'example_sensor_decorator' retrieved from /home/airflow/.local/lib/python3.12/site-packages/airflow/example_dags/example_sensor_decorator.py
[2026-05-19T13:47:20.050+0000] {logging_mixin.py:188} INFO - [2026-05-19T13:47:20.050+0000] {dag.py:3096} INFO - Sync 1 DAGs
[2026-05-19T13:47:20.065+0000] {logging_mixin.py:188} INFO - [2026-05-19T13:47:20.065+0000] {dag.py:3954} INFO - Setting next_dagrun for example_sensor_decorator to None, run_after=None
[2026-05-19T13:47:20.097+0000] {processor.py:183} INFO - Processing /home/airflow/.local/lib/python3.12/site-packages/airflow/example_dags/example_sensor_decorator.py took 0.096 seconds
[2026-05-19T13:47:50.526+0000] {processor.py:161} INFO - Started process (PID=2055) to work on /home/airflow/.local/lib/python3.12/site-packages/airflow/example_dags/example_sensor_decorator.py
[2026-05-19T13:47:50.528+0000] {processor.py:830} INFO - Processing file /home/airflow/.local/lib/python3.12/site-packages/airflow/example_dags/example_sensor_decorator.py for tasks to queue
[2026-05-19T13:47:50.530+0000] {logging_mixin.py:188} INFO - [2026-05-19T13:47:50.530+0000] {dagbag.py:545} INFO - Filling up the DagBag from /home/airflow/.local/lib/python3.12/site-packages/airflow/example_dags/example_sensor_decorator.py
[2026-05-19T13:47:50.537+0000] {processor.py:840} INFO - DAG(s) 'example_sensor_decorator' retrieved from /home/airflow/.local/lib/python3.12/site-packages/airflow/example_dags/example_sensor_decorator.py
[2026-05-19T13:47:50.566+0000] {logging_mixin.py:188} INFO - [2026-05-19T13:47:50.565+0000] {dag.py:3096} INFO - Sync 1 DAGs
[2026-05-19T13:47:50.578+0000] {logging_mixin.py:188} INFO - [2026-05-19T13:47:50.578+0000] {dag.py:3954} INFO - Setting next_dagrun for example_sensor_decorator to None, run_after=None
[2026-05-19T13:47:50.602+0000] {processor.py:183} INFO - Processing /home/airflow/.local/lib/python3.12/site-packages/airflow/example_dags/example_sensor_decorator.py took 0.080 seconds
[2026-05-19T13:48:20.903+0000] {processor.py:161} INFO - Started process (PID=2114) to work on /home/airflow/.local/lib/python3.12/site-packages/airflow/example_dags/example_sensor_decorator.py
[2026-05-19T13:48:20.905+0000] {processor.py:830} INFO - Processing file /home/airflow/.local/lib/python3.12/site-packages/airflow/example_dags/example_sensor_decorator.py for tasks to queue
[2026-05-19T13:48:20.908+0000] {logging_mixin.py:188} INFO - [2026-05-19T13:48:20.908+0000] {dagbag.py:545} INFO - Filling up the DagBag from /home/airflow/.local/lib/python3.12/site-packages/airflow/example_dags/example_sensor_decorator.py
[2026-05-19T13:48:20.917+0000] {processor.py:840} INFO - DAG(s) 'example_sensor_decorator' retrieved from /home/airflow/.local/lib/python3.12/site-packages/airflow/example_dags/example_sensor_decorator.py
[2026-05-19T13:48:20.942+0000] {logging_mixin.py:188} INFO - [2026-05-19T13:48:20.941+0000] {dag.py:3096} INFO - Sync 1 DAGs
[2026-05-19T13:48:20.962+0000] {logging_mixin.py:188} INFO - [2026-05-19T13:48:20.962+0000] {dag.py:3954} INFO - Setting next_dagrun for example_sensor_decorator to None, run_after=None
[2026-05-19T13:48:20.996+0000] {processor.py:183} INFO - Processing /home/airflow/.local/lib/python3.12/site-packages/airflow/example_dags/example_sensor_decorator.py took 0.102 seconds
[2026-05-19T13:48:51.512+0000] {processor.py:161} INFO - Started process (PID=2173) to work on /home/airflow/.local/lib/python3.12/site-packages/airflow/example_dags/example_sensor_decorator.py
[2026-05-19T13:48:51.514+0000] {processor.py:830} INFO - Processing file /home/airflow/.local/lib/python3.12/site-packages/airflow/example_dags/example_sensor_decorator.py for tasks to queue
[2026-05-19T13:48:51.518+0000] {logging_mixin.py:188} INFO - [2026-05-19T13:48:51.518+0000] {dagbag.py:545} INFO - Filling up the DagBag from /home/airflow/.local/lib/python3.12/site-packages/airflow/example_dags/example_sensor_decorator.py
[2026-05-19T13:48:51.527+0000] {processor.py:840} INFO - DAG(s) 'example_sensor_decorator' retrieved from /home/airflow/.local/lib/python3.12/site-packages/airflow/example_dags/example_sensor_decorator.py
[2026-05-19T13:48:51.565+0000] {logging_mixin.py:188} INFO - [2026-05-19T13:48:51.564+0000] {dag.py:3096} INFO - Sync 1 DAGs
[2026-05-19T13:48:51.589+0000] {logging_mixin.py:188} INFO - [2026-05-19T13:48:51.589+0000] {dag.py:3954} INFO - Setting next_dagrun for example_sensor_decorator to None, run_after=None
[2026-05-19T13:48:51.633+0000] {processor.py:183} INFO - Processing /home/airflow/.local/lib/python3.12/site-packages/airflow/example_dags/example_sensor_decorator.py took 0.130 seconds
[2026-05-19T13:49:22.515+0000] {processor.py:161} INFO - Started process (PID=2232) to work on /home/airflow/.local/lib/python3.12/site-packages/airflow/example_dags/example_sensor_decorator.py
[2026-05-19T13:49:22.519+0000] {processor.py:830} INFO - Processing file /home/airflow/.local/lib/python3.12/site-packages/airflow/example_dags/example_sensor_decorator.py for tasks to queue
[2026-05-19T13:49:22.525+0000] {logging_mixin.py:188} INFO - [2026-05-19T13:49:22.525+0000] {dagbag.py:545} INFO - Filling up the DagBag from /home/airflow/.local/lib/python3.12/site-packages/airflow/example_dags/example_sensor_decorator.py
[2026-05-19T13:49:22.544+0000] {processor.py:840} INFO - DAG(s) 'example_sensor_decorator' retrieved from /home/airflow/.local/lib/python3.12/site-packages/airflow/example_dags/example_sensor_decorator.py
[2026-05-19T13:49:22.597+0000] {logging_mixin.py:188} INFO - [2026-05-19T13:49:22.596+0000] {dag.py:3096} INFO - Sync 1 DAGs
[2026-05-19T13:49:22.630+0000] {logging_mixin.py:188} INFO - [2026-05-19T13:49:22.630+0000] {dag.py:3954} INFO - Setting next_dagrun for example_sensor_decorator to None, run_after=None
[2026-05-19T13:49:22.687+0000] {processor.py:183} INFO - Processing /home/airflow/.local/lib/python3.12/site-packages/airflow/example_dags/example_sensor_decorator.py took 0.188 seconds
[2026-05-19T13:49:52.803+0000] {processor.py:161} INFO - Started process (PID=2291) to work on /home/airflow/.local/lib/python3.12/site-packages/airflow/example_dags/example_sensor_decorator.py
[2026-05-19T13:49:52.805+0000] {processor.py:830} INFO - Processing file /home/airflow/.local/lib/python3.12/site-packages/airflow/example_dags/example_sensor_decorator.py for tasks to queue
[2026-05-19T13:49:52.809+0000] {logging_mixin.py:188} INFO - [2026-05-19T13:49:52.808+0000] {dagbag.py:545} INFO - Filling up the DagBag from /home/airflow/.local/lib/python3.12/site-packages/airflow/example_dags/example_sensor_decorator.py
[2026-05-19T13:49:52.816+0000] {processor.py:840} INFO - DAG(s) 'example_sensor_decorator' retrieved from /home/airflow/.local/lib/python3.12/site-packages/airflow/example_dags/example_sensor_decorator.py
[2026-05-19T13:49:52.838+0000] {logging_mixin.py:188} INFO - [2026-05-19T13:49:52.838+0000] {dag.py:3096} INFO - Sync 1 DAGs
[2026-05-19T13:49:52.855+0000] {logging_mixin.py:188} INFO - [2026-05-19T13:49:52.855+0000] {dag.py:3954} INFO - Setting next_dagrun for example_sensor_decorator to None, run_after=None
[2026-05-19T13:49:52.882+0000] {processor.py:183} INFO - Processing /home/airflow/.local/lib/python3.12/site-packages/airflow/example_dags/example_sensor_decorator.py took 0.086 seconds
[2026-05-19T13:50:23.228+0000] {processor.py:161} INFO - Started process (PID=2350) to work on /home/airflow/.local/lib/python3.12/site-packages/airflow/example_dags/example_sensor_decorator.py
[2026-05-19T13:50:23.229+0000] {processor.py:830} INFO - Processing file /home/airflow/.local/lib/python3.12/site-packages/airflow/example_dags/example_sensor_decorator.py for tasks to queue
[2026-05-19T13:50:23.232+0000] {logging_mixin.py:188} INFO - [2026-05-19T13:50:23.232+0000] {dagbag.py:545} INFO - Filling up the DagBag from /home/airflow/.local/lib/python3.12/site-packages/airflow/example_dags/example_sensor_decorator.py
[2026-05-19T13:50:23.239+0000] {processor.py:840} INFO - DAG(s) 'example_sensor_decorator' retrieved from /home/airflow/.local/lib/python3.12/site-packages/airflow/example_dags/example_sensor_decorator.py
[2026-05-19T13:50:23.266+0000] {logging_mixin.py:188} INFO - [2026-05-19T13:50:23.266+0000] {dag.py:3096} INFO - Sync 1 DAGs
[2026-05-19T13:50:23.301+0000] {logging_mixin.py:188} INFO - [2026-05-19T13:50:23.301+0000] {dag.py:3954} INFO - Setting next_dagrun for example_sensor_decorator to None, run_after=None
[2026-05-19T13:50:23.334+0000] {processor.py:183} INFO - Processing /home/airflow/.local/lib/python3.12/site-packages/airflow/example_dags/example_sensor_decorator.py took 0.116 seconds
[2026-05-19T13:50:54.165+0000] {processor.py:161} INFO - Started process (PID=2409) to work on /home/airflow/.local/lib/python3.12/site-packages/airflow/example_dags/example_sensor_decorator.py
[2026-05-19T13:50:54.167+0000] {processor.py:830} INFO - Processing file /home/airflow/.local/lib/python3.12/site-packages/airflow/example_dags/example_sensor_decorator.py for tasks to queue
[2026-05-19T13:50:54.170+0000] {logging_mixin.py:188} INFO - [2026-05-19T13:50:54.170+0000] {dagbag.py:545} INFO - Filling up the DagBag from /home/airflow/.local/lib/python3.12/site-packages/airflow/example_dags/example_sensor_decorator.py
[2026-05-19T13:50:54.178+0000] {processor.py:840} INFO - DAG(s) 'example_sensor_decorator' retrieved from /home/airflow/.local/lib/python3.12/site-packages/airflow/example_dags/example_sensor_decorator.py
[2026-05-19T13:50:54.211+0000] {logging_mixin.py:188} INFO - [2026-05-19T13:50:54.211+0000] {dag.py:3096} INFO - Sync 1 DAGs
[2026-05-19T13:50:54.232+0000] {logging_mixin.py:188} INFO - [2026-05-19T13:50:54.232+0000] {dag.py:3954} INFO - Setting next_dagrun for example_sensor_decorator to None, run_after=None
[2026-05-19T13:50:54.260+0000] {processor.py:183} INFO - Processing /home/airflow/.local/lib/python3.12/site-packages/airflow/example_dags/example_sensor_decorator.py took 0.106 seconds
[2026-05-19T13:51:24.339+0000] {processor.py:161} INFO - Started process (PID=2468) to work on /home/airflow/.local/lib/python3.12/site-packages/airflow/example_dags/example_sensor_decorator.py
[2026-05-19T13:51:24.340+0000] {processor.py:830} INFO - Processing file /home/airflow/.local/lib/python3.12/site-packages/airflow/example_dags/example_sensor_decorator.py for tasks to queue
[2026-05-19T13:51:24.342+0000] {logging_mixin.py:188} INFO - [2026-05-19T13:51:24.342+0000] {dagbag.py:545} INFO - Filling up the DagBag from /home/airflow/.local/lib/python3.12/site-packages/airflow/example_dags/example_sensor_decorator.py
[2026-05-19T13:51:24.349+0000] {processor.py:840} INFO - DAG(s) 'example_sensor_decorator' retrieved from /home/airflow/.local/lib/python3.12/site-packages/airflow/example_dags/example_sensor_decorator.py
[2026-05-19T13:51:24.381+0000] {logging_mixin.py:188} INFO - [2026-05-19T13:51:24.380+0000] {dag.py:3096} INFO - Sync 1 DAGs
[2026-05-19T13:51:24.396+0000] {logging_mixin.py:188} INFO - [2026-05-19T13:51:24.396+0000] {dag.py:3954} INFO - Setting next_dagrun for example_sensor_decorator to None, run_after=None
[2026-05-19T13:51:24.428+0000] {processor.py:183} INFO - Processing /home/airflow/.local/lib/python3.12/site-packages/airflow/example_dags/example_sensor_decorator.py took 0.095 seconds
[2026-05-19T13:51:54.954+0000] {processor.py:161} INFO - Started process (PID=2527) to work on /home/airflow/.local/lib/python3.12/site-packages/airflow/example_dags/example_sensor_decorator.py
[2026-05-19T13:51:54.955+0000] {processor.py:830} INFO - Processing file /home/airflow/.local/lib/python3.12/site-packages/airflow/example_dags/example_sensor_decorator.py for tasks to queue
[2026-05-19T13:51:54.958+0000] {logging_mixin.py:188} INFO - [2026-05-19T13:51:54.958+0000] {dagbag.py:545} INFO - Filling up the DagBag from /home/airflow/.local/lib/python3.12/site-packages/airflow/example_dags/example_sensor_decorator.py
[2026-05-19T13:51:54.967+0000] {processor.py:840} INFO - DAG(s) 'example_sensor_decorator' retrieved from /home/airflow/.local/lib/python3.12/site-packages/airflow/example_dags/example_sensor_decorator.py
[2026-05-19T13:51:55.004+0000] {logging_mixin.py:188} INFO - [2026-05-19T13:51:55.004+0000] {dag.py:3096} INFO - Sync 1 DAGs
[2026-05-19T13:51:55.022+0000] {logging_mixin.py:188} INFO - [2026-05-19T13:51:55.021+0000] {dag.py:3954} INFO - Setting next_dagrun for example_sensor_decorator to None, run_after=None
[2026-05-19T13:51:55.059+0000] {processor.py:183} INFO - Processing /home/airflow/.local/lib/python3.12/site-packages/airflow/example_dags/example_sensor_decorator.py took 0.112 seconds
[2026-05-19T13:52:25.175+0000] {processor.py:161} INFO - Started process (PID=2586) to work on /home/airflow/.local/lib/python3.12/site-packages/airflow/example_dags/example_sensor_decorator.py
[2026-05-19T13:52:25.176+0000] {processor.py:830} INFO - Processing file /home/airflow/.local/lib/python3.12/site-packages/airflow/example_dags/example_sensor_decorator.py for tasks to queue
[2026-05-19T13:52:25.178+0000] {logging_mixin.py:188} INFO - [2026-05-19T13:52:25.178+0000] {dagbag.py:545} INFO - Filling up the DagBag from /home/airflow/.local/lib/python3.12/site-packages/airflow/example_dags/example_sensor_decorator.py
[2026-05-19T13:52:25.190+0000] {processor.py:840} INFO - DAG(s) 'example_sensor_decorator' retrieved from /home/airflow/.local/lib/python3.12/site-packages/airflow/example_dags/example_sensor_decorator.py
[2026-05-19T13:52:25.227+0000] {logging_mixin.py:188} INFO - [2026-05-19T13:52:25.226+0000] {dag.py:3096} INFO - Sync 1 DAGs
[2026-05-19T13:52:25.244+0000] {logging_mixin.py:188} INFO - [2026-05-19T13:52:25.244+0000] {dag.py:3954} INFO - Setting next_dagrun for example_sensor_decorator to None, run_after=None
[2026-05-19T13:52:25.286+0000] {processor.py:183} INFO - Processing /home/airflow/.local/lib/python3.12/site-packages/airflow/example_dags/example_sensor_decorator.py took 0.121 seconds
[2026-05-19T13:52:55.396+0000] {processor.py:161} INFO - Started process (PID=2645) to work on /home/airflow/.local/lib/python3.12/site-packages/airflow/example_dags/example_sensor_decorator.py
[2026-05-19T13:52:55.398+0000] {processor.py:830} INFO - Processing file /home/airflow/.local/lib/python3.12/site-packages/airflow/example_dags/example_sensor_decorator.py for tasks to queue
[2026-05-19T13:52:55.401+0000] {logging_mixin.py:188} INFO - [2026-05-19T13:52:55.400+0000] {dagbag.py:545} INFO - Filling up the DagBag from /home/airflow/.local/lib/python3.12/site-packages/airflow/example_dags/example_sensor_decorator.py
[2026-05-19T13:52:55.411+0000] {processor.py:840} INFO - DAG(s) 'example_sensor_decorator' retrieved from /home/airflow/.local/lib/python3.12/site-packages/airflow/example_dags/example_sensor_decorator.py
[2026-05-19T13:52:55.435+0000] {logging_mixin.py:188} INFO - [2026-05-19T13:52:55.435+0000] {dag.py:3096} INFO - Sync 1 DAGs
[2026-05-19T13:52:55.458+0000] {logging_mixin.py:188} INFO - [2026-05-19T13:52:55.458+0000] {dag.py:3954} INFO - Setting next_dagrun for example_sensor_decorator to None, run_after=None
[2026-05-19T13:52:55.505+0000] {processor.py:183} INFO - Processing /home/airflow/.local/lib/python3.12/site-packages/airflow/example_dags/example_sensor_decorator.py took 0.118 seconds
[2026-05-19T13:53:25.876+0000] {processor.py:161} INFO - Started process (PID=2704) to work on /home/airflow/.local/lib/python3.12/site-packages/airflow/example_dags/example_sensor_decorator.py
[2026-05-19T13:53:25.878+0000] {processor.py:830} INFO - Processing file /home/airflow/.local/lib/python3.12/site-packages/airflow/example_dags/example_sensor_decorator.py for tasks to queue
[2026-05-19T13:53:25.883+0000] {logging_mixin.py:188} INFO - [2026-05-19T13:53:25.882+0000] {dagbag.py:545} INFO - Filling up the DagBag from /home/airflow/.local/lib/python3.12/site-packages/airflow/example_dags/example_sensor_decorator.py
[2026-05-19T13:53:25.893+0000] {processor.py:840} INFO - DAG(s) 'example_sensor_decorator' retrieved from /home/airflow/.local/lib/python3.12/site-packages/airflow/example_dags/example_sensor_decorator.py
[2026-05-19T13:53:25.926+0000] {logging_mixin.py:188} INFO - [2026-05-19T13:53:25.926+0000] {dag.py:3096} INFO - Sync 1 DAGs
[2026-05-19T13:53:25.950+0000] {logging_mixin.py:188} INFO - [2026-05-19T13:53:25.949+0000] {dag.py:3954} INFO - Setting next_dagrun for example_sensor_decorator to None, run_after=None
[2026-05-19T13:53:25.984+0000] {processor.py:183} INFO - Processing /home/airflow/.local/lib/python3.12/site-packages/airflow/example_dags/example_sensor_decorator.py took 0.117 seconds
[2026-05-19T13:53:56.443+0000] {processor.py:161} INFO - Started process (PID=2763) to work on /home/airflow/.local/lib/python3.12/site-packages/airflow/example_dags/example_sensor_decorator.py
[2026-05-19T13:53:56.445+0000] {processor.py:830} INFO - Processing file /home/airflow/.local/lib/python3.12/site-packages/airflow/example_dags/example_sensor_decorator.py for tasks to queue
[2026-05-19T13:53:56.448+0000] {logging_mixin.py:188} INFO - [2026-05-19T13:53:56.447+0000] {dagbag.py:545} INFO - Filling up the DagBag from /home/airflow/.local/lib/python3.12/site-packages/airflow/example_dags/example_sensor_decorator.py
[2026-05-19T13:53:56.459+0000] {processor.py:840} INFO - DAG(s) 'example_sensor_decorator' retrieved from /home/airflow/.local/lib/python3.12/site-packages/airflow/example_dags/example_sensor_decorator.py
[2026-05-19T13:53:56.489+0000] {logging_mixin.py:188} INFO - [2026-05-19T13:53:56.489+0000] {dag.py:3096} INFO - Sync 1 DAGs
[2026-05-19T13:53:56.507+0000] {logging_mixin.py:188} INFO - [2026-05-19T13:53:56.506+0000] {dag.py:3954} INFO - Setting next_dagrun for example_sensor_decorator to None, run_after=None
[2026-05-19T13:53:56.548+0000] {processor.py:183} INFO - Processing /home/airflow/.local/lib/python3.12/site-packages/airflow/example_dags/example_sensor_decorator.py took 0.116 seconds
[2026-05-19T13:54:27.189+0000] {processor.py:161} INFO - Started process (PID=2822) to work on /home/airflow/.local/lib/python3.12/site-packages/airflow/example_dags/example_sensor_decorator.py
[2026-05-19T13:54:27.191+0000] {processor.py:830} INFO - Processing file /home/airflow/.local/lib/python3.12/site-packages/airflow/example_dags/example_sensor_decorator.py for tasks to queue
[2026-05-19T13:54:27.196+0000] {logging_mixin.py:188} INFO - [2026-05-19T13:54:27.195+0000] {dagbag.py:545} INFO - Filling up the DagBag from /home/airflow/.local/lib/python3.12/site-packages/airflow/example_dags/example_sensor_decorator.py
[2026-05-19T13:54:27.206+0000] {processor.py:840} INFO - DAG(s) 'example_sensor_decorator' retrieved from /home/airflow/.local/lib/python3.12/site-packages/airflow/example_dags/example_sensor_decorator.py
[2026-05-19T13:54:27.231+0000] {logging_mixin.py:188} INFO - [2026-05-19T13:54:27.230+0000] {dag.py:3096} INFO - Sync 1 DAGs
[2026-05-19T13:54:27.249+0000] {logging_mixin.py:188} INFO - [2026-05-19T13:54:27.249+0000] {dag.py:3954} INFO - Setting next_dagrun for example_sensor_decorator to None, run_after=None
[2026-05-19T13:54:27.280+0000] {processor.py:183} INFO - Processing /home/airflow/.local/lib/python3.12/site-packages/airflow/example_dags/example_sensor_decorator.py took 0.101 seconds
[2026-05-19T13:54:58.158+0000] {processor.py:161} INFO - Started process (PID=2881) to work on /home/airflow/.local/lib/python3.12/site-packages/airflow/example_dags/example_sensor_decorator.py
[2026-05-19T13:54:58.160+0000] {processor.py:830} INFO - Processing file /home/airflow/.local/lib/python3.12/site-packages/airflow/example_dags/example_sensor_decorator.py for tasks to queue
[2026-05-19T13:54:58.163+0000] {logging_mixin.py:188} INFO - [2026-05-19T13:54:58.162+0000] {dagbag.py:545} INFO - Filling up the DagBag from /home/airflow/.local/lib/python3.12/site-packages/airflow/example_dags/example_sensor_decorator.py
[2026-05-19T13:54:58.171+0000] {processor.py:840} INFO - DAG(s) 'example_sensor_decorator' retrieved from /home/airflow/.local/lib/python3.12/site-packages/airflow/example_dags/example_sensor_decorator.py
[2026-05-19T13:54:58.210+0000] {logging_mixin.py:188} INFO - [2026-05-19T13:54:58.210+0000] {dag.py:3096} INFO - Sync 1 DAGs
[2026-05-19T13:54:58.230+0000] {logging_mixin.py:188} INFO - [2026-05-19T13:54:58.230+0000] {dag.py:3954} INFO - Setting next_dagrun for example_sensor_decorator to None, run_after=None
[2026-05-19T13:54:58.270+0000] {processor.py:183} INFO - Processing /home/airflow/.local/lib/python3.12/site-packages/airflow/example_dags/example_sensor_decorator.py took 0.122 seconds
[2026-05-19T13:55:29.011+0000] {processor.py:161} INFO - Started process (PID=2938) to work on /home/airflow/.local/lib/python3.12/site-packages/airflow/example_dags/example_sensor_decorator.py
[2026-05-19T13:55:29.013+0000] {processor.py:830} INFO - Processing file /home/airflow/.local/lib/python3.12/site-packages/airflow/example_dags/example_sensor_decorator.py for tasks to queue
[2026-05-19T13:55:29.016+0000] {logging_mixin.py:188} INFO - [2026-05-19T13:55:29.016+0000] {dagbag.py:545} INFO - Filling up the DagBag from /home/airflow/.local/lib/python3.12/site-packages/airflow/example_dags/example_sensor_decorator.py
[2026-05-19T13:55:29.024+0000] {processor.py:840} INFO - DAG(s) 'example_sensor_decorator' retrieved from /home/airflow/.local/lib/python3.12/site-packages/airflow/example_dags/example_sensor_decorator.py
[2026-05-19T13:55:29.050+0000] {logging_mixin.py:188} INFO - [2026-05-19T13:55:29.050+0000] {dag.py:3096} INFO - Sync 1 DAGs
[2026-05-19T13:55:29.067+0000] {logging_mixin.py:188} INFO - [2026-05-19T13:55:29.067+0000] {dag.py:3954} INFO - Setting next_dagrun for example_sensor_decorator to None, run_after=None
[2026-05-19T13:55:29.096+0000] {processor.py:183} INFO - Processing /home/airflow/.local/lib/python3.12/site-packages/airflow/example_dags/example_sensor_decorator.py took 0.094 seconds
[2026-05-19T13:55:59.509+0000] {processor.py:161} INFO - Started process (PID=2997) to work on /home/airflow/.local/lib/python3.12/site-packages/airflow/example_dags/example_sensor_decorator.py
[2026-05-19T13:55:59.510+0000] {processor.py:830} INFO - Processing file /home/airflow/.local/lib/python3.12/site-packages/airflow/example_dags/example_sensor_decorator.py for tasks to queue
[2026-05-19T13:55:59.513+0000] {logging_mixin.py:188} INFO - [2026-05-19T13:55:59.512+0000] {dagbag.py:545} INFO - Filling up the DagBag from /home/airflow/.local/lib/python3.12/site-packages/airflow/example_dags/example_sensor_decorator.py
[2026-05-19T13:55:59.522+0000] {processor.py:840} INFO - DAG(s) 'example_sensor_decorator' retrieved from /home/airflow/.local/lib/python3.12/site-packages/airflow/example_dags/example_sensor_decorator.py
[2026-05-19T13:55:59.555+0000] {logging_mixin.py:188} INFO - [2026-05-19T13:55:59.555+0000] {dag.py:3096} INFO - Sync 1 DAGs
[2026-05-19T13:55:59.574+0000] {logging_mixin.py:188} INFO - [2026-05-19T13:55:59.574+0000] {dag.py:3954} INFO - Setting next_dagrun for example_sensor_decorator to None, run_after=None
[2026-05-19T13:55:59.611+0000] {processor.py:183} INFO - Processing /home/airflow/.local/lib/python3.12/site-packages/airflow/example_dags/example_sensor_decorator.py took 0.108 seconds
[2026-05-19T13:56:30.053+0000] {processor.py:161} INFO - Started process (PID=3055) to work on /home/airflow/.local/lib/python3.12/site-packages/airflow/example_dags/example_sensor_decorator.py
[2026-05-19T13:56:30.055+0000] {processor.py:830} INFO - Processing file /home/airflow/.local/lib/python3.12/site-packages/airflow/example_dags/example_sensor_decorator.py for tasks to queue
[2026-05-19T13:56:30.059+0000] {logging_mixin.py:188} INFO - [2026-05-19T13:56:30.058+0000] {dagbag.py:545} INFO - Filling up the DagBag from /home/airflow/.local/lib/python3.12/site-packages/airflow/example_dags/example_sensor_decorator.py
[2026-05-19T13:56:30.069+0000] {processor.py:840} INFO - DAG(s) 'example_sensor_decorator' retrieved from /home/airflow/.local/lib/python3.12/site-packages/airflow/example_dags/example_sensor_decorator.py
[2026-05-19T13:56:30.106+0000] {logging_mixin.py:188} INFO - [2026-05-19T13:56:30.106+0000] {dag.py:3096} INFO - Sync 1 DAGs
[2026-05-19T13:56:30.129+0000] {logging_mixin.py:188} INFO - [2026-05-19T13:56:30.129+0000] {dag.py:3954} INFO - Setting next_dagrun for example_sensor_decorator to None, run_after=None
[2026-05-19T13:56:30.170+0000] {processor.py:183} INFO - Processing /home/airflow/.local/lib/python3.12/site-packages/airflow/example_dags/example_sensor_decorator.py took 0.125 seconds
[2026-05-19T13:57:00.611+0000] {processor.py:161} INFO - Started process (PID=3114) to work on /home/airflow/.local/lib/python3.12/site-packages/airflow/example_dags/example_sensor_decorator.py
[2026-05-19T13:57:00.612+0000] {processor.py:830} INFO - Processing file /home/airflow/.local/lib/python3.12/site-packages/airflow/example_dags/example_sensor_decorator.py for tasks to queue
[2026-05-19T13:57:00.615+0000] {logging_mixin.py:188} INFO - [2026-05-19T13:57:00.614+0000] {dagbag.py:545} INFO - Filling up the DagBag from /home/airflow/.local/lib/python3.12/site-packages/airflow/example_dags/example_sensor_decorator.py
[2026-05-19T13:57:00.624+0000] {processor.py:840} INFO - DAG(s) 'example_sensor_decorator' retrieved from /home/airflow/.local/lib/python3.12/site-packages/airflow/example_dags/example_sensor_decorator.py
[2026-05-19T13:57:00.653+0000] {logging_mixin.py:188} INFO - [2026-05-19T13:57:00.653+0000] {dag.py:3096} INFO - Sync 1 DAGs
[2026-05-19T13:57:00.669+0000] {logging_mixin.py:188} INFO - [2026-05-19T13:57:00.668+0000] {dag.py:3954} INFO - Setting next_dagrun for example_sensor_decorator to None, run_after=None
[2026-05-19T13:57:00.703+0000] {processor.py:183} INFO - Processing /home/airflow/.local/lib/python3.12/site-packages/airflow/example_dags/example_sensor_decorator.py took 0.099 seconds
[2026-05-19T13:57:30.922+0000] {processor.py:161} INFO - Started process (PID=3173) to work on /home/airflow/.local/lib/python3.12/site-packages/airflow/example_dags/example_sensor_decorator.py
[2026-05-19T13:57:30.924+0000] {processor.py:830} INFO - Processing file /home/airflow/.local/lib/python3.12/site-packages/airflow/example_dags/example_sensor_decorator.py for tasks to queue
[2026-05-19T13:57:30.928+0000] {logging_mixin.py:188} INFO - [2026-05-19T13:57:30.927+0000] {dagbag.py:545} INFO - Filling up the DagBag from /home/airflow/.local/lib/python3.12/site-packages/airflow/example_dags/example_sensor_decorator.py
[2026-05-19T13:57:30.937+0000] {processor.py:840} INFO - DAG(s) 'example_sensor_decorator' retrieved from /home/airflow/.local/lib/python3.12/site-packages/airflow/example_dags/example_sensor_decorator.py
[2026-05-19T13:57:30.974+0000] {logging_mixin.py:188} INFO - [2026-05-19T13:57:30.974+0000] {dag.py:3096} INFO - Sync 1 DAGs
[2026-05-19T13:57:30.996+0000] {logging_mixin.py:188} INFO - [2026-05-19T13:57:30.996+0000] {dag.py:3954} INFO - Setting next_dagrun for example_sensor_decorator to None, run_after=None
[2026-05-19T13:57:31.029+0000] {processor.py:183} INFO - Processing /home/airflow/.local/lib/python3.12/site-packages/airflow/example_dags/example_sensor_decorator.py took 0.118 seconds
[2026-05-19T13:58:01.159+0000] {processor.py:161} INFO - Started process (PID=3232) to work on /home/airflow/.local/lib/python3.12/site-packages/airflow/example_dags/example_sensor_decorator.py
[2026-05-19T13:58:01.161+0000] {processor.py:830} INFO - Processing file /home/airflow/.local/lib/python3.12/site-packages/airflow/example_dags/example_sensor_decorator.py for tasks to queue
[2026-05-19T13:58:01.163+0000] {logging_mixin.py:188} INFO - [2026-05-19T13:58:01.162+0000] {dagbag.py:545} INFO - Filling up the DagBag from /home/airflow/.local/lib/python3.12/site-packages/airflow/example_dags/example_sensor_decorator.py
[2026-05-19T13:58:01.169+0000] {processor.py:840} INFO - DAG(s) 'example_sensor_decorator' retrieved from /home/airflow/.local/lib/python3.12/site-packages/airflow/example_dags/example_sensor_decorator.py
[2026-05-19T13:58:01.196+0000] {logging_mixin.py:188} INFO - [2026-05-19T13:58:01.196+0000] {dag.py:3096} INFO - Sync 1 DAGs
[2026-05-19T13:58:01.219+0000] {logging_mixin.py:188} INFO - [2026-05-19T13:58:01.219+0000] {dag.py:3954} INFO - Setting next_dagrun for example_sensor_decorator to None, run_after=None
[2026-05-19T13:58:01.244+0000] {processor.py:183} INFO - Processing /home/airflow/.local/lib/python3.12/site-packages/airflow/example_dags/example_sensor_decorator.py took 0.091 seconds
[2026-05-19T13:58:31.945+0000] {processor.py:161} INFO - Started process (PID=3291) to work on /home/airflow/.local/lib/python3.12/site-packages/airflow/example_dags/example_sensor_decorator.py
[2026-05-19T13:58:31.946+0000] {processor.py:830} INFO - Processing file /home/airflow/.local/lib/python3.12/site-packages/airflow/example_dags/example_sensor_decorator.py for tasks to queue
[2026-05-19T13:58:31.949+0000] {logging_mixin.py:188} INFO - [2026-05-19T13:58:31.949+0000] {dagbag.py:545} INFO - Filling up the DagBag from /home/airflow/.local/lib/python3.12/site-packages/airflow/example_dags/example_sensor_decorator.py
[2026-05-19T13:58:31.955+0000] {processor.py:840} INFO - DAG(s) 'example_sensor_decorator' retrieved from /home/airflow/.local/lib/python3.12/site-packages/airflow/example_dags/example_sensor_decorator.py
[2026-05-19T13:58:31.983+0000] {logging_mixin.py:188} INFO - [2026-05-19T13:58:31.983+0000] {dag.py:3096} INFO - Sync 1 DAGs
[2026-05-19T13:58:31.999+0000] {logging_mixin.py:188} INFO - [2026-05-19T13:58:31.999+0000] {dag.py:3954} INFO - Setting next_dagrun for example_sensor_decorator to None, run_after=None
[2026-05-19T13:58:32.023+0000] {processor.py:183} INFO - Processing /home/airflow/.local/lib/python3.12/site-packages/airflow/example_dags/example_sensor_decorator.py took 0.083 seconds
[2026-05-19T13:59:02.323+0000] {processor.py:161} INFO - Started process (PID=3350) to work on /home/airflow/.local/lib/python3.12/site-packages/airflow/example_dags/example_sensor_decorator.py
[2026-05-19T13:59:02.325+0000] {processor.py:830} INFO - Processing file /home/airflow/.local/lib/python3.12/site-packages/airflow/example_dags/example_sensor_decorator.py for tasks to queue
[2026-05-19T13:59:02.328+0000] {logging_mixin.py:188} INFO - [2026-05-19T13:59:02.327+0000] {dagbag.py:545} INFO - Filling up the DagBag from /home/airflow/.local/lib/python3.12/site-packages/airflow/example_dags/example_sensor_decorator.py
[2026-05-19T13:59:02.338+0000] {processor.py:840} INFO - DAG(s) 'example_sensor_decorator' retrieved from /home/airflow/.local/lib/python3.12/site-packages/airflow/example_dags/example_sensor_decorator.py
[2026-05-19T13:59:02.363+0000] {logging_mixin.py:188} INFO - [2026-05-19T13:59:02.362+0000] {dag.py:3096} INFO - Sync 1 DAGs
[2026-05-19T13:59:02.374+0000] {logging_mixin.py:188} INFO - [2026-05-19T13:59:02.374+0000] {dag.py:3954} INFO - Setting next_dagrun for example_sensor_decorator to None, run_after=None
[2026-05-19T13:59:02.409+0000] {processor.py:183} INFO - Processing /home/airflow/.local/lib/python3.12/site-packages/airflow/example_dags/example_sensor_decorator.py took 0.095 seconds
[2026-05-19T13:59:32.879+0000] {processor.py:161} INFO - Started process (PID=3409) to work on /home/airflow/.local/lib/python3.12/site-packages/airflow/example_dags/example_sensor_decorator.py
[2026-05-19T13:59:32.882+0000] {processor.py:830} INFO - Processing file /home/airflow/.local/lib/python3.12/site-packages/airflow/example_dags/example_sensor_decorator.py for tasks to queue
[2026-05-19T13:59:32.886+0000] {logging_mixin.py:188} INFO - [2026-05-19T13:59:32.886+0000] {dagbag.py:545} INFO - Filling up the DagBag from /home/airflow/.local/lib/python3.12/site-packages/airflow/example_dags/example_sensor_decorator.py
[2026-05-19T13:59:32.897+0000] {processor.py:840} INFO - DAG(s) 'example_sensor_decorator' retrieved from /home/airflow/.local/lib/python3.12/site-packages/airflow/example_dags/example_sensor_decorator.py
[2026-05-19T13:59:32.931+0000] {logging_mixin.py:188} INFO - [2026-05-19T13:59:32.930+0000] {dag.py:3096} INFO - Sync 1 DAGs
[2026-05-19T13:59:32.953+0000] {logging_mixin.py:188} INFO - [2026-05-19T13:59:32.952+0000] {dag.py:3954} INFO - Setting next_dagrun for example_sensor_decorator to None, run_after=None
[2026-05-19T13:59:32.977+0000] {processor.py:183} INFO - Processing /home/airflow/.local/lib/python3.12/site-packages/airflow/example_dags/example_sensor_decorator.py took 0.107 seconds
[2026-05-19T14:00:03.907+0000] {processor.py:161} INFO - Started process (PID=3469) to work on /home/airflow/.local/lib/python3.12/site-packages/airflow/example_dags/example_sensor_decorator.py
[2026-05-19T14:00:03.910+0000] {processor.py:830} INFO - Processing file /home/airflow/.local/lib/python3.12/site-packages/airflow/example_dags/example_sensor_decorator.py for tasks to queue
[2026-05-19T14:00:03.916+0000] {logging_mixin.py:188} INFO - [2026-05-19T14:00:03.915+0000] {dagbag.py:545} INFO - Filling up the DagBag from /home/airflow/.local/lib/python3.12/site-packages/airflow/example_dags/example_sensor_decorator.py
[2026-05-19T14:00:03.961+0000] {processor.py:840} INFO - DAG(s) 'example_sensor_decorator' retrieved from /home/airflow/.local/lib/python3.12/site-packages/airflow/example_dags/example_sensor_decorator.py
[2026-05-19T14:00:04.060+0000] {logging_mixin.py:188} INFO - [2026-05-19T14:00:04.060+0000] {dag.py:3096} INFO - Sync 1 DAGs
[2026-05-19T14:00:04.105+0000] {logging_mixin.py:188} INFO - [2026-05-19T14:00:04.104+0000] {dag.py:3954} INFO - Setting next_dagrun for example_sensor_decorator to None, run_after=None
[2026-05-19T14:00:04.176+0000] {processor.py:183} INFO - Processing /home/airflow/.local/lib/python3.12/site-packages/airflow/example_dags/example_sensor_decorator.py took 0.287 seconds
[2026-05-19T14:00:34.764+0000] {processor.py:161} INFO - Started process (PID=3528) to work on /home/airflow/.local/lib/python3.12/site-packages/airflow/example_dags/example_sensor_decorator.py
[2026-05-19T14:00:34.767+0000] {processor.py:830} INFO - Processing file /home/airflow/.local/lib/python3.12/site-packages/airflow/example_dags/example_sensor_decorator.py for tasks to queue
[2026-05-19T14:00:34.771+0000] {logging_mixin.py:188} INFO - [2026-05-19T14:00:34.770+0000] {dagbag.py:545} INFO - Filling up the DagBag from /home/airflow/.local/lib/python3.12/site-packages/airflow/example_dags/example_sensor_decorator.py
[2026-05-19T14:00:34.788+0000] {processor.py:840} INFO - DAG(s) 'example_sensor_decorator' retrieved from /home/airflow/.local/lib/python3.12/site-packages/airflow/example_dags/example_sensor_decorator.py
[2026-05-19T14:00:34.854+0000] {logging_mixin.py:188} INFO - [2026-05-19T14:00:34.853+0000] {dag.py:3096} INFO - Sync 1 DAGs
[2026-05-19T14:00:34.909+0000] {logging_mixin.py:188} INFO - [2026-05-19T14:00:34.908+0000] {dag.py:3954} INFO - Setting next_dagrun for example_sensor_decorator to None, run_after=None
[2026-05-19T14:00:34.980+0000] {processor.py:183} INFO - Processing /home/airflow/.local/lib/python3.12/site-packages/airflow/example_dags/example_sensor_decorator.py took 0.230 seconds
[2026-05-19T14:01:05.687+0000] {processor.py:161} INFO - Started process (PID=3588) to work on /home/airflow/.local/lib/python3.12/site-packages/airflow/example_dags/example_sensor_decorator.py
[2026-05-19T14:01:05.689+0000] {processor.py:830} INFO - Processing file /home/airflow/.local/lib/python3.12/site-packages/airflow/example_dags/example_sensor_decorator.py for tasks to queue
[2026-05-19T14:01:05.699+0000] {logging_mixin.py:188} INFO - [2026-05-19T14:01:05.697+0000] {dagbag.py:545} INFO - Filling up the DagBag from /home/airflow/.local/lib/python3.12/site-packages/airflow/example_dags/example_sensor_decorator.py
[2026-05-19T14:01:05.728+0000] {processor.py:840} INFO - DAG(s) 'example_sensor_decorator' retrieved from /home/airflow/.local/lib/python3.12/site-packages/airflow/example_dags/example_sensor_decorator.py
[2026-05-19T14:01:05.808+0000] {logging_mixin.py:188} INFO - [2026-05-19T14:01:05.807+0000] {dag.py:3096} INFO - Sync 1 DAGs
[2026-05-19T14:01:05.956+0000] {logging_mixin.py:188} INFO - [2026-05-19T14:01:05.955+0000] {dag.py:3954} INFO - Setting next_dagrun for example_sensor_decorator to None, run_after=None
[2026-05-19T14:01:06.058+0000] {processor.py:183} INFO - Processing /home/airflow/.local/lib/python3.12/site-packages/airflow/example_dags/example_sensor_decorator.py took 0.388 seconds
[2026-05-19T14:01:36.808+0000] {processor.py:161} INFO - Started process (PID=3647) to work on /home/airflow/.local/lib/python3.12/site-packages/airflow/example_dags/example_sensor_decorator.py
[2026-05-19T14:01:36.810+0000] {processor.py:830} INFO - Processing file /home/airflow/.local/lib/python3.12/site-packages/airflow/example_dags/example_sensor_decorator.py for tasks to queue
[2026-05-19T14:01:36.815+0000] {logging_mixin.py:188} INFO - [2026-05-19T14:01:36.815+0000] {dagbag.py:545} INFO - Filling up the DagBag from /home/airflow/.local/lib/python3.12/site-packages/airflow/example_dags/example_sensor_decorator.py
[2026-05-19T14:01:36.831+0000] {processor.py:840} INFO - DAG(s) 'example_sensor_decorator' retrieved from /home/airflow/.local/lib/python3.12/site-packages/airflow/example_dags/example_sensor_decorator.py
[2026-05-19T14:01:36.871+0000] {logging_mixin.py:188} INFO - [2026-05-19T14:01:36.871+0000] {dag.py:3096} INFO - Sync 1 DAGs
[2026-05-19T14:01:36.892+0000] {logging_mixin.py:188} INFO - [2026-05-19T14:01:36.892+0000] {dag.py:3954} INFO - Setting next_dagrun for example_sensor_decorator to None, run_after=None
[2026-05-19T14:01:36.930+0000] {processor.py:183} INFO - Processing /home/airflow/.local/lib/python3.12/site-packages/airflow/example_dags/example_sensor_decorator.py took 0.135 seconds
[2026-05-19T14:02:07.489+0000] {processor.py:161} INFO - Started process (PID=3706) to work on /home/airflow/.local/lib/python3.12/site-packages/airflow/example_dags/example_sensor_decorator.py
[2026-05-19T14:02:07.492+0000] {processor.py:830} INFO - Processing file /home/airflow/.local/lib/python3.12/site-packages/airflow/example_dags/example_sensor_decorator.py for tasks to queue
[2026-05-19T14:02:07.496+0000] {logging_mixin.py:188} INFO - [2026-05-19T14:02:07.495+0000] {dagbag.py:545} INFO - Filling up the DagBag from /home/airflow/.local/lib/python3.12/site-packages/airflow/example_dags/example_sensor_decorator.py
[2026-05-19T14:02:07.513+0000] {processor.py:840} INFO - DAG(s) 'example_sensor_decorator' retrieved from /home/airflow/.local/lib/python3.12/site-packages/airflow/example_dags/example_sensor_decorator.py
[2026-05-19T14:02:07.573+0000] {logging_mixin.py:188} INFO - [2026-05-19T14:02:07.572+0000] {dag.py:3096} INFO - Sync 1 DAGs
[2026-05-19T14:02:07.610+0000] {logging_mixin.py:188} INFO - [2026-05-19T14:02:07.610+0000] {dag.py:3954} INFO - Setting next_dagrun for example_sensor_decorator to None, run_after=None
[2026-05-19T14:02:07.711+0000] {processor.py:183} INFO - Processing /home/airflow/.local/lib/python3.12/site-packages/airflow/example_dags/example_sensor_decorator.py took 0.234 seconds
[2026-05-19T14:02:38.534+0000] {processor.py:161} INFO - Started process (PID=3765) to work on /home/airflow/.local/lib/python3.12/site-packages/airflow/example_dags/example_sensor_decorator.py
[2026-05-19T14:02:38.536+0000] {processor.py:830} INFO - Processing file /home/airflow/.local/lib/python3.12/site-packages/airflow/example_dags/example_sensor_decorator.py for tasks to queue
[2026-05-19T14:02:38.538+0000] {logging_mixin.py:188} INFO - [2026-05-19T14:02:38.538+0000] {dagbag.py:545} INFO - Filling up the DagBag from /home/airflow/.local/lib/python3.12/site-packages/airflow/example_dags/example_sensor_decorator.py
[2026-05-19T14:02:38.546+0000] {processor.py:840} INFO - DAG(s) 'example_sensor_decorator' retrieved from /home/airflow/.local/lib/python3.12/site-packages/airflow/example_dags/example_sensor_decorator.py
[2026-05-19T14:02:38.578+0000] {logging_mixin.py:188} INFO - [2026-05-19T14:02:38.577+0000] {dag.py:3096} INFO - Sync 1 DAGs
[2026-05-19T14:02:38.600+0000] {logging_mixin.py:188} INFO - [2026-05-19T14:02:38.599+0000] {dag.py:3954} INFO - Setting next_dagrun for example_sensor_decorator to None, run_after=None
[2026-05-19T14:02:38.631+0000] {processor.py:183} INFO - Processing /home/airflow/.local/lib/python3.12/site-packages/airflow/example_dags/example_sensor_decorator.py took 0.102 seconds
[2026-05-19T14:03:08.825+0000] {processor.py:161} INFO - Started process (PID=3824) to work on /home/airflow/.local/lib/python3.12/site-packages/airflow/example_dags/example_sensor_decorator.py
[2026-05-19T14:03:08.827+0000] {processor.py:830} INFO - Processing file /home/airflow/.local/lib/python3.12/site-packages/airflow/example_dags/example_sensor_decorator.py for tasks to queue
[2026-05-19T14:03:08.829+0000] {logging_mixin.py:188} INFO - [2026-05-19T14:03:08.829+0000] {dagbag.py:545} INFO - Filling up the DagBag from /home/airflow/.local/lib/python3.12/site-packages/airflow/example_dags/example_sensor_decorator.py
[2026-05-19T14:03:08.837+0000] {processor.py:840} INFO - DAG(s) 'example_sensor_decorator' retrieved from /home/airflow/.local/lib/python3.12/site-packages/airflow/example_dags/example_sensor_decorator.py
[2026-05-19T14:03:08.860+0000] {logging_mixin.py:188} INFO - [2026-05-19T14:03:08.860+0000] {dag.py:3096} INFO - Sync 1 DAGs
[2026-05-19T14:03:08.873+0000] {logging_mixin.py:188} INFO - [2026-05-19T14:03:08.872+0000] {dag.py:3954} INFO - Setting next_dagrun for example_sensor_decorator to None, run_after=None
[2026-05-19T14:03:08.903+0000] {processor.py:183} INFO - Processing /home/airflow/.local/lib/python3.12/site-packages/airflow/example_dags/example_sensor_decorator.py took 0.086 seconds
[2026-05-19T14:03:39.745+0000] {processor.py:161} INFO - Started process (PID=3883) to work on /home/airflow/.local/lib/python3.12/site-packages/airflow/example_dags/example_sensor_decorator.py
[2026-05-19T14:03:39.746+0000] {processor.py:830} INFO - Processing file /home/airflow/.local/lib/python3.12/site-packages/airflow/example_dags/example_sensor_decorator.py for tasks to queue
[2026-05-19T14:03:39.750+0000] {logging_mixin.py:188} INFO - [2026-05-19T14:03:39.749+0000] {dagbag.py:545} INFO - Filling up the DagBag from /home/airflow/.local/lib/python3.12/site-packages/airflow/example_dags/example_sensor_decorator.py
[2026-05-19T14:03:39.756+0000] {processor.py:840} INFO - DAG(s) 'example_sensor_decorator' retrieved from /home/airflow/.local/lib/python3.12/site-packages/airflow/example_dags/example_sensor_decorator.py
[2026-05-19T14:03:39.784+0000] {logging_mixin.py:188} INFO - [2026-05-19T14:03:39.783+0000] {dag.py:3096} INFO - Sync 1 DAGs
[2026-05-19T14:03:39.795+0000] {logging_mixin.py:188} INFO - [2026-05-19T14:03:39.795+0000] {dag.py:3954} INFO - Setting next_dagrun for example_sensor_decorator to None, run_after=None
[2026-05-19T14:03:39.816+0000] {processor.py:183} INFO - Processing /home/airflow/.local/lib/python3.12/site-packages/airflow/example_dags/example_sensor_decorator.py took 0.076 seconds
[2026-05-19T14:04:10.175+0000] {processor.py:161} INFO - Started process (PID=3942) to work on /home/airflow/.local/lib/python3.12/site-packages/airflow/example_dags/example_sensor_decorator.py
[2026-05-19T14:04:10.176+0000] {processor.py:830} INFO - Processing file /home/airflow/.local/lib/python3.12/site-packages/airflow/example_dags/example_sensor_decorator.py for tasks to queue
[2026-05-19T14:04:10.179+0000] {logging_mixin.py:188} INFO - [2026-05-19T14:04:10.178+0000] {dagbag.py:545} INFO - Filling up the DagBag from /home/airflow/.local/lib/python3.12/site-packages/airflow/example_dags/example_sensor_decorator.py
[2026-05-19T14:04:10.189+0000] {processor.py:840} INFO - DAG(s) 'example_sensor_decorator' retrieved from /home/airflow/.local/lib/python3.12/site-packages/airflow/example_dags/example_sensor_decorator.py
[2026-05-19T14:04:10.211+0000] {logging_mixin.py:188} INFO - [2026-05-19T14:04:10.210+0000] {dag.py:3096} INFO - Sync 1 DAGs
[2026-05-19T14:04:10.224+0000] {logging_mixin.py:188} INFO - [2026-05-19T14:04:10.224+0000] {dag.py:3954} INFO - Setting next_dagrun for example_sensor_decorator to None, run_after=None
[2026-05-19T14:04:10.246+0000] {processor.py:183} INFO - Processing /home/airflow/.local/lib/python3.12/site-packages/airflow/example_dags/example_sensor_decorator.py took 0.077 seconds
[2026-05-19T14:04:40.727+0000] {processor.py:161} INFO - Started process (PID=4001) to work on /home/airflow/.local/lib/python3.12/site-packages/airflow/example_dags/example_sensor_decorator.py
[2026-05-19T14:04:40.728+0000] {processor.py:830} INFO - Processing file /home/airflow/.local/lib/python3.12/site-packages/airflow/example_dags/example_sensor_decorator.py for tasks to queue
[2026-05-19T14:04:40.732+0000] {logging_mixin.py:188} INFO - [2026-05-19T14:04:40.731+0000] {dagbag.py:545} INFO - Filling up the DagBag from /home/airflow/.local/lib/python3.12/site-packages/airflow/example_dags/example_sensor_decorator.py
[2026-05-19T14:04:40.744+0000] {processor.py:840} INFO - DAG(s) 'example_sensor_decorator' retrieved from /home/airflow/.local/lib/python3.12/site-packages/airflow/example_dags/example_sensor_decorator.py
[2026-05-19T14:04:40.770+0000] {logging_mixin.py:188} INFO - [2026-05-19T14:04:40.770+0000] {dag.py:3096} INFO - Sync 1 DAGs
[2026-05-19T14:04:40.786+0000] {logging_mixin.py:188} INFO - [2026-05-19T14:04:40.786+0000] {dag.py:3954} INFO - Setting next_dagrun for example_sensor_decorator to None, run_after=None
[2026-05-19T14:04:40.814+0000] {processor.py:183} INFO - Processing /home/airflow/.local/lib/python3.12/site-packages/airflow/example_dags/example_sensor_decorator.py took 0.093 seconds
[2026-05-19T14:05:11.005+0000] {processor.py:161} INFO - Started process (PID=4060) to work on /home/airflow/.local/lib/python3.12/site-packages/airflow/example_dags/example_sensor_decorator.py
[2026-05-19T14:05:11.006+0000] {processor.py:830} INFO - Processing file /home/airflow/.local/lib/python3.12/site-packages/airflow/example_dags/example_sensor_decorator.py for tasks to queue
[2026-05-19T14:05:11.009+0000] {logging_mixin.py:188} INFO - [2026-05-19T14:05:11.009+0000] {dagbag.py:545} INFO - Filling up the DagBag from /home/airflow/.local/lib/python3.12/site-packages/airflow/example_dags/example_sensor_decorator.py
[2026-05-19T14:05:11.017+0000] {processor.py:840} INFO - DAG(s) 'example_sensor_decorator' retrieved from /home/airflow/.local/lib/python3.12/site-packages/airflow/example_dags/example_sensor_decorator.py
[2026-05-19T14:05:11.060+0000] {logging_mixin.py:188} INFO - [2026-05-19T14:05:11.059+0000] {dag.py:3096} INFO - Sync 1 DAGs
[2026-05-19T14:05:11.086+0000] {logging_mixin.py:188} INFO - [2026-05-19T14:05:11.085+0000] {dag.py:3954} INFO - Setting next_dagrun for example_sensor_decorator to None, run_after=None
[2026-05-19T14:05:11.118+0000] {processor.py:183} INFO - Processing /home/airflow/.local/lib/python3.12/site-packages/airflow/example_dags/example_sensor_decorator.py took 0.123 seconds
[2026-05-19T14:05:41.985+0000] {processor.py:161} INFO - Started process (PID=4119) to work on /home/airflow/.local/lib/python3.12/site-packages/airflow/example_dags/example_sensor_decorator.py
[2026-05-19T14:05:41.987+0000] {processor.py:830} INFO - Processing file /home/airflow/.local/lib/python3.12/site-packages/airflow/example_dags/example_sensor_decorator.py for tasks to queue
[2026-05-19T14:05:41.990+0000] {logging_mixin.py:188} INFO - [2026-05-19T14:05:41.989+0000] {dagbag.py:545} INFO - Filling up the DagBag from /home/airflow/.local/lib/python3.12/site-packages/airflow/example_dags/example_sensor_decorator.py
[2026-05-19T14:05:41.999+0000] {processor.py:840} INFO - DAG(s) 'example_sensor_decorator' retrieved from /home/airflow/.local/lib/python3.12/site-packages/airflow/example_dags/example_sensor_decorator.py
[2026-05-19T14:05:42.041+0000] {logging_mixin.py:188} INFO - [2026-05-19T14:05:42.039+0000] {dag.py:3096} INFO - Sync 1 DAGs
[2026-05-19T14:05:42.066+0000] {logging_mixin.py:188} INFO - [2026-05-19T14:05:42.065+0000] {dag.py:3954} INFO - Setting next_dagrun for example_sensor_decorator to None, run_after=None
[2026-05-19T14:05:42.099+0000] {processor.py:183} INFO - Processing /home/airflow/.local/lib/python3.12/site-packages/airflow/example_dags/example_sensor_decorator.py took 0.129 seconds
[2026-05-19T14:06:12.474+0000] {processor.py:161} INFO - Started process (PID=4179) to work on /home/airflow/.local/lib/python3.12/site-packages/airflow/example_dags/example_sensor_decorator.py
[2026-05-19T14:06:12.475+0000] {processor.py:830} INFO - Processing file /home/airflow/.local/lib/python3.12/site-packages/airflow/example_dags/example_sensor_decorator.py for tasks to queue
[2026-05-19T14:06:12.477+0000] {logging_mixin.py:188} INFO - [2026-05-19T14:06:12.477+0000] {dagbag.py:545} INFO - Filling up the DagBag from /home/airflow/.local/lib/python3.12/site-packages/airflow/example_dags/example_sensor_decorator.py
[2026-05-19T14:06:12.484+0000] {processor.py:840} INFO - DAG(s) 'example_sensor_decorator' retrieved from /home/airflow/.local/lib/python3.12/site-packages/airflow/example_dags/example_sensor_decorator.py
[2026-05-19T14:06:12.506+0000] {logging_mixin.py:188} INFO - [2026-05-19T14:06:12.506+0000] {dag.py:3096} INFO - Sync 1 DAGs
[2026-05-19T14:06:12.524+0000] {logging_mixin.py:188} INFO - [2026-05-19T14:06:12.524+0000] {dag.py:3954} INFO - Setting next_dagrun for example_sensor_decorator to None, run_after=None
[2026-05-19T14:06:12.544+0000] {processor.py:183} INFO - Processing /home/airflow/.local/lib/python3.12/site-packages/airflow/example_dags/example_sensor_decorator.py took 0.077 seconds
[2026-05-19T14:06:43.276+0000] {processor.py:161} INFO - Started process (PID=4238) to work on /home/airflow/.local/lib/python3.12/site-packages/airflow/example_dags/example_sensor_decorator.py
[2026-05-19T14:06:43.278+0000] {processor.py:830} INFO - Processing file /home/airflow/.local/lib/python3.12/site-packages/airflow/example_dags/example_sensor_decorator.py for tasks to queue
[2026-05-19T14:06:43.282+0000] {logging_mixin.py:188} INFO - [2026-05-19T14:06:43.281+0000] {dagbag.py:545} INFO - Filling up the DagBag from /home/airflow/.local/lib/python3.12/site-packages/airflow/example_dags/example_sensor_decorator.py
[2026-05-19T14:06:43.290+0000] {processor.py:840} INFO - DAG(s) 'example_sensor_decorator' retrieved from /home/airflow/.local/lib/python3.12/site-packages/airflow/example_dags/example_sensor_decorator.py
[2026-05-19T14:06:43.326+0000] {logging_mixin.py:188} INFO - [2026-05-19T14:06:43.326+0000] {dag.py:3096} INFO - Sync 1 DAGs
[2026-05-19T14:06:43.343+0000] {logging_mixin.py:188} INFO - [2026-05-19T14:06:43.343+0000] {dag.py:3954} INFO - Setting next_dagrun for example_sensor_decorator to None, run_after=None
[2026-05-19T14:06:43.379+0000] {processor.py:183} INFO - Processing /home/airflow/.local/lib/python3.12/site-packages/airflow/example_dags/example_sensor_decorator.py took 0.111 seconds
[2026-05-19T14:07:13.706+0000] {processor.py:161} INFO - Started process (PID=4297) to work on /home/airflow/.local/lib/python3.12/site-packages/airflow/example_dags/example_sensor_decorator.py
[2026-05-19T14:07:13.707+0000] {processor.py:830} INFO - Processing file /home/airflow/.local/lib/python3.12/site-packages/airflow/example_dags/example_sensor_decorator.py for tasks to queue
[2026-05-19T14:07:13.709+0000] {logging_mixin.py:188} INFO - [2026-05-19T14:07:13.709+0000] {dagbag.py:545} INFO - Filling up the DagBag from /home/airflow/.local/lib/python3.12/site-packages/airflow/example_dags/example_sensor_decorator.py
[2026-05-19T14:07:13.722+0000] {processor.py:840} INFO - DAG(s) 'example_sensor_decorator' retrieved from /home/airflow/.local/lib/python3.12/site-packages/airflow/example_dags/example_sensor_decorator.py
[2026-05-19T14:07:13.749+0000] {logging_mixin.py:188} INFO - [2026-05-19T14:07:13.748+0000] {dag.py:3096} INFO - Sync 1 DAGs
[2026-05-19T14:07:13.762+0000] {logging_mixin.py:188} INFO - [2026-05-19T14:07:13.762+0000] {dag.py:3954} INFO - Setting next_dagrun for example_sensor_decorator to None, run_after=None
[2026-05-19T14:07:13.791+0000] {processor.py:183} INFO - Processing /home/airflow/.local/lib/python3.12/site-packages/airflow/example_dags/example_sensor_decorator.py took 0.090 seconds
[2026-05-19T14:07:44.398+0000] {processor.py:161} INFO - Started process (PID=4356) to work on /home/airflow/.local/lib/python3.12/site-packages/airflow/example_dags/example_sensor_decorator.py
[2026-05-19T14:07:44.401+0000] {processor.py:830} INFO - Processing file /home/airflow/.local/lib/python3.12/site-packages/airflow/example_dags/example_sensor_decorator.py for tasks to queue
[2026-05-19T14:07:44.406+0000] {logging_mixin.py:188} INFO - [2026-05-19T14:07:44.405+0000] {dagbag.py:545} INFO - Filling up the DagBag from /home/airflow/.local/lib/python3.12/site-packages/airflow/example_dags/example_sensor_decorator.py
[2026-05-19T14:07:44.420+0000] {processor.py:840} INFO - DAG(s) 'example_sensor_decorator' retrieved from /home/airflow/.local/lib/python3.12/site-packages/airflow/example_dags/example_sensor_decorator.py
[2026-05-19T14:07:44.448+0000] {logging_mixin.py:188} INFO - [2026-05-19T14:07:44.447+0000] {dag.py:3096} INFO - Sync 1 DAGs
[2026-05-19T14:07:44.464+0000] {logging_mixin.py:188} INFO - [2026-05-19T14:07:44.463+0000] {dag.py:3954} INFO - Setting next_dagrun for example_sensor_decorator to None, run_after=None
[2026-05-19T14:07:44.497+0000] {processor.py:183} INFO - Processing /home/airflow/.local/lib/python3.12/site-packages/airflow/example_dags/example_sensor_decorator.py took 0.109 seconds
[2026-05-19T14:08:15.111+0000] {processor.py:161} INFO - Started process (PID=4415) to work on /home/airflow/.local/lib/python3.12/site-packages/airflow/example_dags/example_sensor_decorator.py
[2026-05-19T14:08:15.113+0000] {processor.py:830} INFO - Processing file /home/airflow/.local/lib/python3.12/site-packages/airflow/example_dags/example_sensor_decorator.py for tasks to queue
[2026-05-19T14:08:15.115+0000] {logging_mixin.py:188} INFO - [2026-05-19T14:08:15.115+0000] {dagbag.py:545} INFO - Filling up the DagBag from /home/airflow/.local/lib/python3.12/site-packages/airflow/example_dags/example_sensor_decorator.py
[2026-05-19T14:08:15.121+0000] {processor.py:840} INFO - DAG(s) 'example_sensor_decorator' retrieved from /home/airflow/.local/lib/python3.12/site-packages/airflow/example_dags/example_sensor_decorator.py
[2026-05-19T14:08:15.148+0000] {logging_mixin.py:188} INFO - [2026-05-19T14:08:15.148+0000] {dag.py:3096} INFO - Sync 1 DAGs
[2026-05-19T14:08:15.166+0000] {logging_mixin.py:188} INFO - [2026-05-19T14:08:15.165+0000] {dag.py:3954} INFO - Setting next_dagrun for example_sensor_decorator to None, run_after=None
[2026-05-19T14:08:15.194+0000] {processor.py:183} INFO - Processing /home/airflow/.local/lib/python3.12/site-packages/airflow/example_dags/example_sensor_decorator.py took 0.088 seconds
[2026-05-19T14:08:45.591+0000] {processor.py:161} INFO - Started process (PID=4474) to work on /home/airflow/.local/lib/python3.12/site-packages/airflow/example_dags/example_sensor_decorator.py
[2026-05-19T14:08:45.592+0000] {processor.py:830} INFO - Processing file /home/airflow/.local/lib/python3.12/site-packages/airflow/example_dags/example_sensor_decorator.py for tasks to queue
[2026-05-19T14:08:45.595+0000] {logging_mixin.py:188} INFO - [2026-05-19T14:08:45.595+0000] {dagbag.py:545} INFO - Filling up the DagBag from /home/airflow/.local/lib/python3.12/site-packages/airflow/example_dags/example_sensor_decorator.py
[2026-05-19T14:08:45.605+0000] {processor.py:840} INFO - DAG(s) 'example_sensor_decorator' retrieved from /home/airflow/.local/lib/python3.12/site-packages/airflow/example_dags/example_sensor_decorator.py
[2026-05-19T14:08:45.640+0000] {logging_mixin.py:188} INFO - [2026-05-19T14:08:45.639+0000] {dag.py:3096} INFO - Sync 1 DAGs
[2026-05-19T14:08:45.656+0000] {logging_mixin.py:188} INFO - [2026-05-19T14:08:45.656+0000] {dag.py:3954} INFO - Setting next_dagrun for example_sensor_decorator to None, run_after=None
[2026-05-19T14:08:45.676+0000] {processor.py:183} INFO - Processing /home/airflow/.local/lib/python3.12/site-packages/airflow/example_dags/example_sensor_decorator.py took 0.092 seconds
[2026-05-19T14:09:15.948+0000] {processor.py:161} INFO - Started process (PID=4533) to work on /home/airflow/.local/lib/python3.12/site-packages/airflow/example_dags/example_sensor_decorator.py
[2026-05-19T14:09:15.950+0000] {processor.py:830} INFO - Processing file /home/airflow/.local/lib/python3.12/site-packages/airflow/example_dags/example_sensor_decorator.py for tasks to queue
[2026-05-19T14:09:15.954+0000] {logging_mixin.py:188} INFO - [2026-05-19T14:09:15.953+0000] {dagbag.py:545} INFO - Filling up the DagBag from /home/airflow/.local/lib/python3.12/site-packages/airflow/example_dags/example_sensor_decorator.py
[2026-05-19T14:09:15.962+0000] {processor.py:840} INFO - DAG(s) 'example_sensor_decorator' retrieved from /home/airflow/.local/lib/python3.12/site-packages/airflow/example_dags/example_sensor_decorator.py
[2026-05-19T14:09:15.997+0000] {logging_mixin.py:188} INFO - [2026-05-19T14:09:15.997+0000] {dag.py:3096} INFO - Sync 1 DAGs
[2026-05-19T14:09:16.016+0000] {logging_mixin.py:188} INFO - [2026-05-19T14:09:16.015+0000] {dag.py:3954} INFO - Setting next_dagrun for example_sensor_decorator to None, run_after=None
[2026-05-19T14:09:16.041+0000] {processor.py:183} INFO - Processing /home/airflow/.local/lib/python3.12/site-packages/airflow/example_dags/example_sensor_decorator.py took 0.102 seconds
[2026-05-19T14:09:46.096+0000] {processor.py:161} INFO - Started process (PID=4593) to work on /home/airflow/.local/lib/python3.12/site-packages/airflow/example_dags/example_sensor_decorator.py
[2026-05-19T14:09:46.097+0000] {processor.py:830} INFO - Processing file /home/airflow/.local/lib/python3.12/site-packages/airflow/example_dags/example_sensor_decorator.py for tasks to queue
[2026-05-19T14:09:46.100+0000] {logging_mixin.py:188} INFO - [2026-05-19T14:09:46.099+0000] {dagbag.py:545} INFO - Filling up the DagBag from /home/airflow/.local/lib/python3.12/site-packages/airflow/example_dags/example_sensor_decorator.py
[2026-05-19T14:09:46.106+0000] {processor.py:840} INFO - DAG(s) 'example_sensor_decorator' retrieved from /home/airflow/.local/lib/python3.12/site-packages/airflow/example_dags/example_sensor_decorator.py
[2026-05-19T14:09:46.133+0000] {logging_mixin.py:188} INFO - [2026-05-19T14:09:46.133+0000] {dag.py:3096} INFO - Sync 1 DAGs
[2026-05-19T14:09:46.146+0000] {logging_mixin.py:188} INFO - [2026-05-19T14:09:46.146+0000] {dag.py:3954} INFO - Setting next_dagrun for example_sensor_decorator to None, run_after=None
[2026-05-19T14:09:46.167+0000] {processor.py:183} INFO - Processing /home/airflow/.local/lib/python3.12/site-packages/airflow/example_dags/example_sensor_decorator.py took 0.075 seconds
[2026-05-19T14:10:16.454+0000] {processor.py:161} INFO - Started process (PID=4652) to work on /home/airflow/.local/lib/python3.12/site-packages/airflow/example_dags/example_sensor_decorator.py
[2026-05-19T14:10:16.456+0000] {processor.py:830} INFO - Processing file /home/airflow/.local/lib/python3.12/site-packages/airflow/example_dags/example_sensor_decorator.py for tasks to queue
[2026-05-19T14:10:16.459+0000] {logging_mixin.py:188} INFO - [2026-05-19T14:10:16.459+0000] {dagbag.py:545} INFO - Filling up the DagBag from /home/airflow/.local/lib/python3.12/site-packages/airflow/example_dags/example_sensor_decorator.py
[2026-05-19T14:10:16.468+0000] {processor.py:840} INFO - DAG(s) 'example_sensor_decorator' retrieved from /home/airflow/.local/lib/python3.12/site-packages/airflow/example_dags/example_sensor_decorator.py
[2026-05-19T14:10:16.494+0000] {logging_mixin.py:188} INFO - [2026-05-19T14:10:16.494+0000] {dag.py:3096} INFO - Sync 1 DAGs
[2026-05-19T14:10:16.509+0000] {logging_mixin.py:188} INFO - [2026-05-19T14:10:16.508+0000] {dag.py:3954} INFO - Setting next_dagrun for example_sensor_decorator to None, run_after=None
[2026-05-19T14:10:16.543+0000] {processor.py:183} INFO - Processing /home/airflow/.local/lib/python3.12/site-packages/airflow/example_dags/example_sensor_decorator.py took 0.096 seconds
[2026-05-19T14:10:46.804+0000] {processor.py:161} INFO - Started process (PID=4711) to work on /home/airflow/.local/lib/python3.12/site-packages/airflow/example_dags/example_sensor_decorator.py
[2026-05-19T14:10:46.806+0000] {processor.py:830} INFO - Processing file /home/airflow/.local/lib/python3.12/site-packages/airflow/example_dags/example_sensor_decorator.py for tasks to queue
[2026-05-19T14:10:46.809+0000] {logging_mixin.py:188} INFO - [2026-05-19T14:10:46.808+0000] {dagbag.py:545} INFO - Filling up the DagBag from /home/airflow/.local/lib/python3.12/site-packages/airflow/example_dags/example_sensor_decorator.py
[2026-05-19T14:10:46.819+0000] {processor.py:840} INFO - DAG(s) 'example_sensor_decorator' retrieved from /home/airflow/.local/lib/python3.12/site-packages/airflow/example_dags/example_sensor_decorator.py
[2026-05-19T14:10:46.842+0000] {logging_mixin.py:188} INFO - [2026-05-19T14:10:46.841+0000] {dag.py:3096} INFO - Sync 1 DAGs
[2026-05-19T14:10:46.855+0000] {logging_mixin.py:188} INFO - [2026-05-19T14:10:46.855+0000] {dag.py:3954} INFO - Setting next_dagrun for example_sensor_decorator to None, run_after=None
[2026-05-19T14:10:46.887+0000] {processor.py:183} INFO - Processing /home/airflow/.local/lib/python3.12/site-packages/airflow/example_dags/example_sensor_decorator.py took 0.090 seconds
[2026-05-19T14:11:17.126+0000] {processor.py:161} INFO - Started process (PID=4770) to work on /home/airflow/.local/lib/python3.12/site-packages/airflow/example_dags/example_sensor_decorator.py
[2026-05-19T14:11:17.127+0000] {processor.py:830} INFO - Processing file /home/airflow/.local/lib/python3.12/site-packages/airflow/example_dags/example_sensor_decorator.py for tasks to queue
[2026-05-19T14:11:17.129+0000] {logging_mixin.py:188} INFO - [2026-05-19T14:11:17.129+0000] {dagbag.py:545} INFO - Filling up the DagBag from /home/airflow/.local/lib/python3.12/site-packages/airflow/example_dags/example_sensor_decorator.py
[2026-05-19T14:11:17.141+0000] {processor.py:840} INFO - DAG(s) 'example_sensor_decorator' retrieved from /home/airflow/.local/lib/python3.12/site-packages/airflow/example_dags/example_sensor_decorator.py
[2026-05-19T14:11:17.173+0000] {logging_mixin.py:188} INFO - [2026-05-19T14:11:17.173+0000] {dag.py:3096} INFO - Sync 1 DAGs
[2026-05-19T14:11:17.188+0000] {logging_mixin.py:188} INFO - [2026-05-19T14:11:17.188+0000] {dag.py:3954} INFO - Setting next_dagrun for example_sensor_decorator to None, run_after=None
[2026-05-19T14:11:17.224+0000] {processor.py:183} INFO - Processing /home/airflow/.local/lib/python3.12/site-packages/airflow/example_dags/example_sensor_decorator.py took 0.106 seconds
[2026-05-19T14:11:47.381+0000] {processor.py:161} INFO - Started process (PID=4829) to work on /home/airflow/.local/lib/python3.12/site-packages/airflow/example_dags/example_sensor_decorator.py
[2026-05-19T14:11:47.383+0000] {processor.py:830} INFO - Processing file /home/airflow/.local/lib/python3.12/site-packages/airflow/example_dags/example_sensor_decorator.py for tasks to queue
[2026-05-19T14:11:47.386+0000] {logging_mixin.py:188} INFO - [2026-05-19T14:11:47.386+0000] {dagbag.py:545} INFO - Filling up the DagBag from /home/airflow/.local/lib/python3.12/site-packages/airflow/example_dags/example_sensor_decorator.py
[2026-05-19T14:11:47.393+0000] {processor.py:840} INFO - DAG(s) 'example_sensor_decorator' retrieved from /home/airflow/.local/lib/python3.12/site-packages/airflow/example_dags/example_sensor_decorator.py
[2026-05-19T14:11:47.419+0000] {logging_mixin.py:188} INFO - [2026-05-19T14:11:47.418+0000] {dag.py:3096} INFO - Sync 1 DAGs
[2026-05-19T14:11:47.438+0000] {logging_mixin.py:188} INFO - [2026-05-19T14:11:47.438+0000] {dag.py:3954} INFO - Setting next_dagrun for example_sensor_decorator to None, run_after=None
[2026-05-19T14:11:47.464+0000] {processor.py:183} INFO - Processing /home/airflow/.local/lib/python3.12/site-packages/airflow/example_dags/example_sensor_decorator.py took 0.090 seconds
[2026-05-19T14:12:17.996+0000] {processor.py:161} INFO - Started process (PID=4888) to work on /home/airflow/.local/lib/python3.12/site-packages/airflow/example_dags/example_sensor_decorator.py
[2026-05-19T14:12:17.997+0000] {processor.py:830} INFO - Processing file /home/airflow/.local/lib/python3.12/site-packages/airflow/example_dags/example_sensor_decorator.py for tasks to queue
[2026-05-19T14:12:18.000+0000] {logging_mixin.py:188} INFO - [2026-05-19T14:12:18.000+0000] {dagbag.py:545} INFO - Filling up the DagBag from /home/airflow/.local/lib/python3.12/site-packages/airflow/example_dags/example_sensor_decorator.py
[2026-05-19T14:12:18.008+0000] {processor.py:840} INFO - DAG(s) 'example_sensor_decorator' retrieved from /home/airflow/.local/lib/python3.12/site-packages/airflow/example_dags/example_sensor_decorator.py
[2026-05-19T14:12:18.032+0000] {logging_mixin.py:188} INFO - [2026-05-19T14:12:18.031+0000] {dag.py:3096} INFO - Sync 1 DAGs
[2026-05-19T14:12:18.054+0000] {logging_mixin.py:188} INFO - [2026-05-19T14:12:18.053+0000] {dag.py:3954} INFO - Setting next_dagrun for example_sensor_decorator to None, run_after=None
[2026-05-19T14:12:18.077+0000] {processor.py:183} INFO - Processing /home/airflow/.local/lib/python3.12/site-packages/airflow/example_dags/example_sensor_decorator.py took 0.088 seconds
[2026-05-19T14:12:48.785+0000] {processor.py:161} INFO - Started process (PID=4947) to work on /home/airflow/.local/lib/python3.12/site-packages/airflow/example_dags/example_sensor_decorator.py
[2026-05-19T14:12:48.788+0000] {processor.py:830} INFO - Processing file /home/airflow/.local/lib/python3.12/site-packages/airflow/example_dags/example_sensor_decorator.py for tasks to queue
[2026-05-19T14:12:48.794+0000] {logging_mixin.py:188} INFO - [2026-05-19T14:12:48.793+0000] {dagbag.py:545} INFO - Filling up the DagBag from /home/airflow/.local/lib/python3.12/site-packages/airflow/example_dags/example_sensor_decorator.py
[2026-05-19T14:12:48.822+0000] {processor.py:840} INFO - DAG(s) 'example_sensor_decorator' retrieved from /home/airflow/.local/lib/python3.12/site-packages/airflow/example_dags/example_sensor_decorator.py
[2026-05-19T14:12:48.928+0000] {logging_mixin.py:188} INFO - [2026-05-19T14:12:48.923+0000] {dag.py:3096} INFO - Sync 1 DAGs
[2026-05-19T14:12:49.005+0000] {logging_mixin.py:188} INFO - [2026-05-19T14:12:49.004+0000] {dag.py:3954} INFO - Setting next_dagrun for example_sensor_decorator to None, run_after=None
[2026-05-19T14:12:49.082+0000] {processor.py:183} INFO - Processing /home/airflow/.local/lib/python3.12/site-packages/airflow/example_dags/example_sensor_decorator.py took 0.312 seconds
[2026-05-19T14:13:19.195+0000] {processor.py:161} INFO - Started process (PID=5006) to work on /home/airflow/.local/lib/python3.12/site-packages/airflow/example_dags/example_sensor_decorator.py
[2026-05-19T14:13:19.198+0000] {processor.py:830} INFO - Processing file /home/airflow/.local/lib/python3.12/site-packages/airflow/example_dags/example_sensor_decorator.py for tasks to queue
[2026-05-19T14:13:19.202+0000] {logging_mixin.py:188} INFO - [2026-05-19T14:13:19.201+0000] {dagbag.py:545} INFO - Filling up the DagBag from /home/airflow/.local/lib/python3.12/site-packages/airflow/example_dags/example_sensor_decorator.py
[2026-05-19T14:13:19.215+0000] {processor.py:840} INFO - DAG(s) 'example_sensor_decorator' retrieved from /home/airflow/.local/lib/python3.12/site-packages/airflow/example_dags/example_sensor_decorator.py
[2026-05-19T14:13:19.244+0000] {logging_mixin.py:188} INFO - [2026-05-19T14:13:19.243+0000] {dag.py:3096} INFO - Sync 1 DAGs
[2026-05-19T14:13:19.285+0000] {logging_mixin.py:188} INFO - [2026-05-19T14:13:19.284+0000] {dag.py:3954} INFO - Setting next_dagrun for example_sensor_decorator to None, run_after=None
[2026-05-19T14:13:19.326+0000] {processor.py:183} INFO - Processing /home/airflow/.local/lib/python3.12/site-packages/airflow/example_dags/example_sensor_decorator.py took 0.141 seconds
[2026-05-19T14:13:49.423+0000] {processor.py:161} INFO - Started process (PID=5065) to work on /home/airflow/.local/lib/python3.12/site-packages/airflow/example_dags/example_sensor_decorator.py
[2026-05-19T14:13:49.424+0000] {processor.py:830} INFO - Processing file /home/airflow/.local/lib/python3.12/site-packages/airflow/example_dags/example_sensor_decorator.py for tasks to queue
[2026-05-19T14:13:49.426+0000] {logging_mixin.py:188} INFO - [2026-05-19T14:13:49.426+0000] {dagbag.py:545} INFO - Filling up the DagBag from /home/airflow/.local/lib/python3.12/site-packages/airflow/example_dags/example_sensor_decorator.py
[2026-05-19T14:13:49.433+0000] {processor.py:840} INFO - DAG(s) 'example_sensor_decorator' retrieved from /home/airflow/.local/lib/python3.12/site-packages/airflow/example_dags/example_sensor_decorator.py
[2026-05-19T14:13:49.456+0000] {logging_mixin.py:188} INFO - [2026-05-19T14:13:49.456+0000] {dag.py:3096} INFO - Sync 1 DAGs
[2026-05-19T14:13:49.469+0000] {logging_mixin.py:188} INFO - [2026-05-19T14:13:49.468+0000] {dag.py:3954} INFO - Setting next_dagrun for example_sensor_decorator to None, run_after=None
[2026-05-19T14:13:49.512+0000] {processor.py:183} INFO - Processing /home/airflow/.local/lib/python3.12/site-packages/airflow/example_dags/example_sensor_decorator.py took 0.097 seconds
[2026-05-19T14:14:19.713+0000] {processor.py:161} INFO - Started process (PID=5124) to work on /home/airflow/.local/lib/python3.12/site-packages/airflow/example_dags/example_sensor_decorator.py
[2026-05-19T14:14:19.714+0000] {processor.py:830} INFO - Processing file /home/airflow/.local/lib/python3.12/site-packages/airflow/example_dags/example_sensor_decorator.py for tasks to queue
[2026-05-19T14:14:19.717+0000] {logging_mixin.py:188} INFO - [2026-05-19T14:14:19.716+0000] {dagbag.py:545} INFO - Filling up the DagBag from /home/airflow/.local/lib/python3.12/site-packages/airflow/example_dags/example_sensor_decorator.py
[2026-05-19T14:14:19.724+0000] {processor.py:840} INFO - DAG(s) 'example_sensor_decorator' retrieved from /home/airflow/.local/lib/python3.12/site-packages/airflow/example_dags/example_sensor_decorator.py
[2026-05-19T14:14:19.751+0000] {logging_mixin.py:188} INFO - [2026-05-19T14:14:19.750+0000] {dag.py:3096} INFO - Sync 1 DAGs
[2026-05-19T14:14:19.775+0000] {logging_mixin.py:188} INFO - [2026-05-19T14:14:19.775+0000] {dag.py:3954} INFO - Setting next_dagrun for example_sensor_decorator to None, run_after=None
[2026-05-19T14:14:19.801+0000] {processor.py:183} INFO - Processing /home/airflow/.local/lib/python3.12/site-packages/airflow/example_dags/example_sensor_decorator.py took 0.095 seconds
[2026-05-19T14:14:49.973+0000] {processor.py:161} INFO - Started process (PID=5183) to work on /home/airflow/.local/lib/python3.12/site-packages/airflow/example_dags/example_sensor_decorator.py
[2026-05-19T14:14:49.975+0000] {processor.py:830} INFO - Processing file /home/airflow/.local/lib/python3.12/site-packages/airflow/example_dags/example_sensor_decorator.py for tasks to queue
[2026-05-19T14:14:49.978+0000] {logging_mixin.py:188} INFO - [2026-05-19T14:14:49.977+0000] {dagbag.py:545} INFO - Filling up the DagBag from /home/airflow/.local/lib/python3.12/site-packages/airflow/example_dags/example_sensor_decorator.py
[2026-05-19T14:14:49.986+0000] {processor.py:840} INFO - DAG(s) 'example_sensor_decorator' retrieved from /home/airflow/.local/lib/python3.12/site-packages/airflow/example_dags/example_sensor_decorator.py
[2026-05-19T14:14:50.008+0000] {logging_mixin.py:188} INFO - [2026-05-19T14:14:50.007+0000] {dag.py:3096} INFO - Sync 1 DAGs
[2026-05-19T14:14:50.026+0000] {logging_mixin.py:188} INFO - [2026-05-19T14:14:50.025+0000] {dag.py:3954} INFO - Setting next_dagrun for example_sensor_decorator to None, run_after=None
[2026-05-19T14:14:50.057+0000] {processor.py:183} INFO - Processing /home/airflow/.local/lib/python3.12/site-packages/airflow/example_dags/example_sensor_decorator.py took 0.092 seconds
[2026-05-19T14:15:20.803+0000] {processor.py:161} INFO - Started process (PID=5242) to work on /home/airflow/.local/lib/python3.12/site-packages/airflow/example_dags/example_sensor_decorator.py
[2026-05-19T14:15:20.804+0000] {processor.py:830} INFO - Processing file /home/airflow/.local/lib/python3.12/site-packages/airflow/example_dags/example_sensor_decorator.py for tasks to queue
[2026-05-19T14:15:20.806+0000] {logging_mixin.py:188} INFO - [2026-05-19T14:15:20.806+0000] {dagbag.py:545} INFO - Filling up the DagBag from /home/airflow/.local/lib/python3.12/site-packages/airflow/example_dags/example_sensor_decorator.py
[2026-05-19T14:15:20.813+0000] {processor.py:840} INFO - DAG(s) 'example_sensor_decorator' retrieved from /home/airflow/.local/lib/python3.12/site-packages/airflow/example_dags/example_sensor_decorator.py
[2026-05-19T14:15:20.836+0000] {logging_mixin.py:188} INFO - [2026-05-19T14:15:20.836+0000] {dag.py:3096} INFO - Sync 1 DAGs
[2026-05-19T14:15:20.854+0000] {logging_mixin.py:188} INFO - [2026-05-19T14:15:20.854+0000] {dag.py:3954} INFO - Setting next_dagrun for example_sensor_decorator to None, run_after=None
[2026-05-19T14:15:20.882+0000] {processor.py:183} INFO - Processing /home/airflow/.local/lib/python3.12/site-packages/airflow/example_dags/example_sensor_decorator.py took 0.086 seconds
[2026-05-19T14:15:51.701+0000] {processor.py:161} INFO - Started process (PID=5311) to work on /home/airflow/.local/lib/python3.12/site-packages/airflow/example_dags/example_sensor_decorator.py
[2026-05-19T14:15:51.705+0000] {processor.py:830} INFO - Processing file /home/airflow/.local/lib/python3.12/site-packages/airflow/example_dags/example_sensor_decorator.py for tasks to queue
[2026-05-19T14:15:51.718+0000] {logging_mixin.py:188} INFO - [2026-05-19T14:15:51.712+0000] {dagbag.py:545} INFO - Filling up the DagBag from /home/airflow/.local/lib/python3.12/site-packages/airflow/example_dags/example_sensor_decorator.py
[2026-05-19T14:15:51.748+0000] {processor.py:840} INFO - DAG(s) 'example_sensor_decorator' retrieved from /home/airflow/.local/lib/python3.12/site-packages/airflow/example_dags/example_sensor_decorator.py
[2026-05-19T14:15:51.840+0000] {logging_mixin.py:188} INFO - [2026-05-19T14:15:51.839+0000] {dag.py:3096} INFO - Sync 1 DAGs
[2026-05-19T14:15:51.932+0000] {logging_mixin.py:188} INFO - [2026-05-19T14:15:51.931+0000] {dag.py:3954} INFO - Setting next_dagrun for example_sensor_decorator to None, run_after=None
[2026-05-19T14:15:52.123+0000] {processor.py:183} INFO - Processing /home/airflow/.local/lib/python3.12/site-packages/airflow/example_dags/example_sensor_decorator.py took 0.457 seconds
[2026-05-19T14:16:22.870+0000] {processor.py:161} INFO - Started process (PID=5369) to work on /home/airflow/.local/lib/python3.12/site-packages/airflow/example_dags/example_sensor_decorator.py
[2026-05-19T14:16:22.872+0000] {processor.py:830} INFO - Processing file /home/airflow/.local/lib/python3.12/site-packages/airflow/example_dags/example_sensor_decorator.py for tasks to queue
[2026-05-19T14:16:22.882+0000] {logging_mixin.py:188} INFO - [2026-05-19T14:16:22.881+0000] {dagbag.py:545} INFO - Filling up the DagBag from /home/airflow/.local/lib/python3.12/site-packages/airflow/example_dags/example_sensor_decorator.py
[2026-05-19T14:16:22.899+0000] {processor.py:840} INFO - DAG(s) 'example_sensor_decorator' retrieved from /home/airflow/.local/lib/python3.12/site-packages/airflow/example_dags/example_sensor_decorator.py
[2026-05-19T14:16:22.962+0000] {logging_mixin.py:188} INFO - [2026-05-19T14:16:22.960+0000] {dag.py:3096} INFO - Sync 1 DAGs
[2026-05-19T14:16:22.999+0000] {logging_mixin.py:188} INFO - [2026-05-19T14:16:22.999+0000] {dag.py:3954} INFO - Setting next_dagrun for example_sensor_decorator to None, run_after=None
[2026-05-19T14:16:23.078+0000] {processor.py:183} INFO - Processing /home/airflow/.local/lib/python3.12/site-packages/airflow/example_dags/example_sensor_decorator.py took 0.229 seconds
[2026-05-19T14:16:53.196+0000] {processor.py:161} INFO - Started process (PID=5426) to work on /home/airflow/.local/lib/python3.12/site-packages/airflow/example_dags/example_sensor_decorator.py
[2026-05-19T14:16:53.200+0000] {processor.py:830} INFO - Processing file /home/airflow/.local/lib/python3.12/site-packages/airflow/example_dags/example_sensor_decorator.py for tasks to queue
[2026-05-19T14:16:53.207+0000] {logging_mixin.py:188} INFO - [2026-05-19T14:16:53.206+0000] {dagbag.py:545} INFO - Filling up the DagBag from /home/airflow/.local/lib/python3.12/site-packages/airflow/example_dags/example_sensor_decorator.py
[2026-05-19T14:16:53.223+0000] {processor.py:840} INFO - DAG(s) 'example_sensor_decorator' retrieved from /home/airflow/.local/lib/python3.12/site-packages/airflow/example_dags/example_sensor_decorator.py
[2026-05-19T14:16:53.271+0000] {logging_mixin.py:188} INFO - [2026-05-19T14:16:53.270+0000] {dag.py:3096} INFO - Sync 1 DAGs
[2026-05-19T14:16:53.296+0000] {logging_mixin.py:188} INFO - [2026-05-19T14:16:53.295+0000] {dag.py:3954} INFO - Setting next_dagrun for example_sensor_decorator to None, run_after=None
[2026-05-19T14:16:53.354+0000] {processor.py:183} INFO - Processing /home/airflow/.local/lib/python3.12/site-packages/airflow/example_dags/example_sensor_decorator.py took 0.171 seconds
[2026-05-19T14:17:23.855+0000] {processor.py:161} INFO - Started process (PID=5485) to work on /home/airflow/.local/lib/python3.12/site-packages/airflow/example_dags/example_sensor_decorator.py
[2026-05-19T14:17:23.857+0000] {processor.py:830} INFO - Processing file /home/airflow/.local/lib/python3.12/site-packages/airflow/example_dags/example_sensor_decorator.py for tasks to queue
[2026-05-19T14:17:23.861+0000] {logging_mixin.py:188} INFO - [2026-05-19T14:17:23.860+0000] {dagbag.py:545} INFO - Filling up the DagBag from /home/airflow/.local/lib/python3.12/site-packages/airflow/example_dags/example_sensor_decorator.py
[2026-05-19T14:17:23.867+0000] {processor.py:840} INFO - DAG(s) 'example_sensor_decorator' retrieved from /home/airflow/.local/lib/python3.12/site-packages/airflow/example_dags/example_sensor_decorator.py
[2026-05-19T14:17:23.887+0000] {logging_mixin.py:188} INFO - [2026-05-19T14:17:23.886+0000] {dag.py:3096} INFO - Sync 1 DAGs
[2026-05-19T14:17:23.904+0000] {logging_mixin.py:188} INFO - [2026-05-19T14:17:23.903+0000] {dag.py:3954} INFO - Setting next_dagrun for example_sensor_decorator to None, run_after=None
[2026-05-19T14:17:23.927+0000] {processor.py:183} INFO - Processing /home/airflow/.local/lib/python3.12/site-packages/airflow/example_dags/example_sensor_decorator.py took 0.077 seconds
[2026-05-19T14:17:54.201+0000] {processor.py:161} INFO - Started process (PID=5544) to work on /home/airflow/.local/lib/python3.12/site-packages/airflow/example_dags/example_sensor_decorator.py
[2026-05-19T14:17:54.203+0000] {processor.py:830} INFO - Processing file /home/airflow/.local/lib/python3.12/site-packages/airflow/example_dags/example_sensor_decorator.py for tasks to queue
[2026-05-19T14:17:54.206+0000] {logging_mixin.py:188} INFO - [2026-05-19T14:17:54.205+0000] {dagbag.py:545} INFO - Filling up the DagBag from /home/airflow/.local/lib/python3.12/site-packages/airflow/example_dags/example_sensor_decorator.py
[2026-05-19T14:17:54.215+0000] {processor.py:840} INFO - DAG(s) 'example_sensor_decorator' retrieved from /home/airflow/.local/lib/python3.12/site-packages/airflow/example_dags/example_sensor_decorator.py
[2026-05-19T14:17:54.255+0000] {logging_mixin.py:188} INFO - [2026-05-19T14:17:54.254+0000] {dag.py:3096} INFO - Sync 1 DAGs
[2026-05-19T14:17:54.273+0000] {logging_mixin.py:188} INFO - [2026-05-19T14:17:54.273+0000] {dag.py:3954} INFO - Setting next_dagrun for example_sensor_decorator to None, run_after=None
[2026-05-19T14:17:54.311+0000] {processor.py:183} INFO - Processing /home/airflow/.local/lib/python3.12/site-packages/airflow/example_dags/example_sensor_decorator.py took 0.118 seconds
[2026-05-19T14:18:24.679+0000] {processor.py:161} INFO - Started process (PID=5603) to work on /home/airflow/.local/lib/python3.12/site-packages/airflow/example_dags/example_sensor_decorator.py
[2026-05-19T14:18:24.681+0000] {processor.py:830} INFO - Processing file /home/airflow/.local/lib/python3.12/site-packages/airflow/example_dags/example_sensor_decorator.py for tasks to queue
[2026-05-19T14:18:24.683+0000] {logging_mixin.py:188} INFO - [2026-05-19T14:18:24.683+0000] {dagbag.py:545} INFO - Filling up the DagBag from /home/airflow/.local/lib/python3.12/site-packages/airflow/example_dags/example_sensor_decorator.py
[2026-05-19T14:18:24.695+0000] {processor.py:840} INFO - DAG(s) 'example_sensor_decorator' retrieved from /home/airflow/.local/lib/python3.12/site-packages/airflow/example_dags/example_sensor_decorator.py
[2026-05-19T14:18:24.735+0000] {logging_mixin.py:188} INFO - [2026-05-19T14:18:24.734+0000] {dag.py:3096} INFO - Sync 1 DAGs
[2026-05-19T14:18:24.748+0000] {logging_mixin.py:188} INFO - [2026-05-19T14:18:24.747+0000] {dag.py:3954} INFO - Setting next_dagrun for example_sensor_decorator to None, run_after=None
[2026-05-19T14:18:24.776+0000] {processor.py:183} INFO - Processing /home/airflow/.local/lib/python3.12/site-packages/airflow/example_dags/example_sensor_decorator.py took 0.102 seconds
[2026-05-19T14:18:55.081+0000] {processor.py:161} INFO - Started process (PID=5662) to work on /home/airflow/.local/lib/python3.12/site-packages/airflow/example_dags/example_sensor_decorator.py
[2026-05-19T14:18:55.083+0000] {processor.py:830} INFO - Processing file /home/airflow/.local/lib/python3.12/site-packages/airflow/example_dags/example_sensor_decorator.py for tasks to queue
[2026-05-19T14:18:55.087+0000] {logging_mixin.py:188} INFO - [2026-05-19T14:18:55.087+0000] {dagbag.py:545} INFO - Filling up the DagBag from /home/airflow/.local/lib/python3.12/site-packages/airflow/example_dags/example_sensor_decorator.py
[2026-05-19T14:18:55.096+0000] {processor.py:840} INFO - DAG(s) 'example_sensor_decorator' retrieved from /home/airflow/.local/lib/python3.12/site-packages/airflow/example_dags/example_sensor_decorator.py
[2026-05-19T14:18:55.128+0000] {logging_mixin.py:188} INFO - [2026-05-19T14:18:55.128+0000] {dag.py:3096} INFO - Sync 1 DAGs
[2026-05-19T14:18:55.152+0000] {logging_mixin.py:188} INFO - [2026-05-19T14:18:55.152+0000] {dag.py:3954} INFO - Setting next_dagrun for example_sensor_decorator to None, run_after=None
[2026-05-19T14:18:55.187+0000] {processor.py:183} INFO - Processing /home/airflow/.local/lib/python3.12/site-packages/airflow/example_dags/example_sensor_decorator.py took 0.114 seconds
[2026-05-19T14:19:25.652+0000] {processor.py:161} INFO - Started process (PID=5721) to work on /home/airflow/.local/lib/python3.12/site-packages/airflow/example_dags/example_sensor_decorator.py
[2026-05-19T14:19:25.653+0000] {processor.py:830} INFO - Processing file /home/airflow/.local/lib/python3.12/site-packages/airflow/example_dags/example_sensor_decorator.py for tasks to queue
[2026-05-19T14:19:25.656+0000] {logging_mixin.py:188} INFO - [2026-05-19T14:19:25.655+0000] {dagbag.py:545} INFO - Filling up the DagBag from /home/airflow/.local/lib/python3.12/site-packages/airflow/example_dags/example_sensor_decorator.py
[2026-05-19T14:19:25.663+0000] {processor.py:840} INFO - DAG(s) 'example_sensor_decorator' retrieved from /home/airflow/.local/lib/python3.12/site-packages/airflow/example_dags/example_sensor_decorator.py
[2026-05-19T14:19:25.690+0000] {logging_mixin.py:188} INFO - [2026-05-19T14:19:25.689+0000] {dag.py:3096} INFO - Sync 1 DAGs
[2026-05-19T14:19:25.706+0000] {logging_mixin.py:188} INFO - [2026-05-19T14:19:25.706+0000] {dag.py:3954} INFO - Setting next_dagrun for example_sensor_decorator to None, run_after=None
[2026-05-19T14:19:25.732+0000] {processor.py:183} INFO - Processing /home/airflow/.local/lib/python3.12/site-packages/airflow/example_dags/example_sensor_decorator.py took 0.086 seconds
[2026-05-19T14:19:56.252+0000] {processor.py:161} INFO - Started process (PID=5780) to work on /home/airflow/.local/lib/python3.12/site-packages/airflow/example_dags/example_sensor_decorator.py
[2026-05-19T14:19:56.253+0000] {processor.py:830} INFO - Processing file /home/airflow/.local/lib/python3.12/site-packages/airflow/example_dags/example_sensor_decorator.py for tasks to queue
[2026-05-19T14:19:56.256+0000] {logging_mixin.py:188} INFO - [2026-05-19T14:19:56.255+0000] {dagbag.py:545} INFO - Filling up the DagBag from /home/airflow/.local/lib/python3.12/site-packages/airflow/example_dags/example_sensor_decorator.py
[2026-05-19T14:19:56.264+0000] {processor.py:840} INFO - DAG(s) 'example_sensor_decorator' retrieved from /home/airflow/.local/lib/python3.12/site-packages/airflow/example_dags/example_sensor_decorator.py
[2026-05-19T14:19:56.314+0000] {logging_mixin.py:188} INFO - [2026-05-19T14:19:56.313+0000] {dag.py:3096} INFO - Sync 1 DAGs
[2026-05-19T14:19:56.338+0000] {logging_mixin.py:188} INFO - [2026-05-19T14:19:56.337+0000] {dag.py:3954} INFO - Setting next_dagrun for example_sensor_decorator to None, run_after=None
[2026-05-19T14:19:56.370+0000] {processor.py:183} INFO - Processing /home/airflow/.local/lib/python3.12/site-packages/airflow/example_dags/example_sensor_decorator.py took 0.124 seconds
[2026-05-19T14:20:26.557+0000] {processor.py:161} INFO - Started process (PID=5839) to work on /home/airflow/.local/lib/python3.12/site-packages/airflow/example_dags/example_sensor_decorator.py
[2026-05-19T14:20:26.558+0000] {processor.py:830} INFO - Processing file /home/airflow/.local/lib/python3.12/site-packages/airflow/example_dags/example_sensor_decorator.py for tasks to queue
[2026-05-19T14:20:26.561+0000] {logging_mixin.py:188} INFO - [2026-05-19T14:20:26.560+0000] {dagbag.py:545} INFO - Filling up the DagBag from /home/airflow/.local/lib/python3.12/site-packages/airflow/example_dags/example_sensor_decorator.py
[2026-05-19T14:20:26.570+0000] {processor.py:840} INFO - DAG(s) 'example_sensor_decorator' retrieved from /home/airflow/.local/lib/python3.12/site-packages/airflow/example_dags/example_sensor_decorator.py
[2026-05-19T14:20:26.592+0000] {logging_mixin.py:188} INFO - [2026-05-19T14:20:26.592+0000] {dag.py:3096} INFO - Sync 1 DAGs
[2026-05-19T14:20:26.608+0000] {logging_mixin.py:188} INFO - [2026-05-19T14:20:26.608+0000] {dag.py:3954} INFO - Setting next_dagrun for example_sensor_decorator to None, run_after=None
[2026-05-19T14:20:26.631+0000] {processor.py:183} INFO - Processing /home/airflow/.local/lib/python3.12/site-packages/airflow/example_dags/example_sensor_decorator.py took 0.080 seconds
[2026-05-19T14:20:56.897+0000] {processor.py:161} INFO - Started process (PID=5898) to work on /home/airflow/.local/lib/python3.12/site-packages/airflow/example_dags/example_sensor_decorator.py
[2026-05-19T14:20:56.899+0000] {processor.py:830} INFO - Processing file /home/airflow/.local/lib/python3.12/site-packages/airflow/example_dags/example_sensor_decorator.py for tasks to queue
[2026-05-19T14:20:56.901+0000] {logging_mixin.py:188} INFO - [2026-05-19T14:20:56.900+0000] {dagbag.py:545} INFO - Filling up the DagBag from /home/airflow/.local/lib/python3.12/site-packages/airflow/example_dags/example_sensor_decorator.py
[2026-05-19T14:20:56.907+0000] {processor.py:840} INFO - DAG(s) 'example_sensor_decorator' retrieved from /home/airflow/.local/lib/python3.12/site-packages/airflow/example_dags/example_sensor_decorator.py
[2026-05-19T14:20:56.925+0000] {logging_mixin.py:188} INFO - [2026-05-19T14:20:56.924+0000] {dag.py:3096} INFO - Sync 1 DAGs
[2026-05-19T14:20:56.935+0000] {logging_mixin.py:188} INFO - [2026-05-19T14:20:56.935+0000] {dag.py:3954} INFO - Setting next_dagrun for example_sensor_decorator to None, run_after=None
[2026-05-19T14:20:56.952+0000] {processor.py:183} INFO - Processing /home/airflow/.local/lib/python3.12/site-packages/airflow/example_dags/example_sensor_decorator.py took 0.060 seconds
[2026-05-19T14:21:27.251+0000] {processor.py:161} INFO - Started process (PID=5957) to work on /home/airflow/.local/lib/python3.12/site-packages/airflow/example_dags/example_sensor_decorator.py
[2026-05-19T14:21:27.252+0000] {processor.py:830} INFO - Processing file /home/airflow/.local/lib/python3.12/site-packages/airflow/example_dags/example_sensor_decorator.py for tasks to queue
[2026-05-19T14:21:27.255+0000] {logging_mixin.py:188} INFO - [2026-05-19T14:21:27.254+0000] {dagbag.py:545} INFO - Filling up the DagBag from /home/airflow/.local/lib/python3.12/site-packages/airflow/example_dags/example_sensor_decorator.py
[2026-05-19T14:21:27.262+0000] {processor.py:840} INFO - DAG(s) 'example_sensor_decorator' retrieved from /home/airflow/.local/lib/python3.12/site-packages/airflow/example_dags/example_sensor_decorator.py
[2026-05-19T14:21:27.282+0000] {logging_mixin.py:188} INFO - [2026-05-19T14:21:27.281+0000] {dag.py:3096} INFO - Sync 1 DAGs
[2026-05-19T14:21:27.296+0000] {logging_mixin.py:188} INFO - [2026-05-19T14:21:27.295+0000] {dag.py:3954} INFO - Setting next_dagrun for example_sensor_decorator to None, run_after=None
[2026-05-19T14:21:27.311+0000] {processor.py:183} INFO - Processing /home/airflow/.local/lib/python3.12/site-packages/airflow/example_dags/example_sensor_decorator.py took 0.066 seconds
[2026-05-19T17:35:42.287+0000] {processor.py:161} INFO - Started process (PID=6014) to work on /home/airflow/.local/lib/python3.12/site-packages/airflow/example_dags/example_sensor_decorator.py
[2026-05-19T17:35:42.289+0000] {processor.py:830} INFO - Processing file /home/airflow/.local/lib/python3.12/site-packages/airflow/example_dags/example_sensor_decorator.py for tasks to queue
[2026-05-19T17:35:42.293+0000] {logging_mixin.py:188} INFO - [2026-05-19T17:35:42.293+0000] {dagbag.py:545} INFO - Filling up the DagBag from /home/airflow/.local/lib/python3.12/site-packages/airflow/example_dags/example_sensor_decorator.py
[2026-05-19T17:35:42.306+0000] {processor.py:840} INFO - DAG(s) 'example_sensor_decorator' retrieved from /home/airflow/.local/lib/python3.12/site-packages/airflow/example_dags/example_sensor_decorator.py
[2026-05-19T17:35:42.348+0000] {logging_mixin.py:188} INFO - [2026-05-19T17:35:42.347+0000] {dag.py:3096} INFO - Sync 1 DAGs
[2026-05-19T17:35:42.382+0000] {logging_mixin.py:188} INFO - [2026-05-19T17:35:42.382+0000] {dag.py:3954} INFO - Setting next_dagrun for example_sensor_decorator to None, run_after=None
[2026-05-19T17:35:42.425+0000] {processor.py:183} INFO - Processing /home/airflow/.local/lib/python3.12/site-packages/airflow/example_dags/example_sensor_decorator.py took 0.146 seconds
[2026-05-19T17:36:12.682+0000] {processor.py:161} INFO - Started process (PID=6080) to work on /home/airflow/.local/lib/python3.12/site-packages/airflow/example_dags/example_sensor_decorator.py
[2026-05-19T17:36:12.684+0000] {processor.py:830} INFO - Processing file /home/airflow/.local/lib/python3.12/site-packages/airflow/example_dags/example_sensor_decorator.py for tasks to queue
[2026-05-19T17:36:12.688+0000] {logging_mixin.py:188} INFO - [2026-05-19T17:36:12.687+0000] {dagbag.py:545} INFO - Filling up the DagBag from /home/airflow/.local/lib/python3.12/site-packages/airflow/example_dags/example_sensor_decorator.py
[2026-05-19T17:36:12.699+0000] {processor.py:840} INFO - DAG(s) 'example_sensor_decorator' retrieved from /home/airflow/.local/lib/python3.12/site-packages/airflow/example_dags/example_sensor_decorator.py
[2026-05-19T17:36:12.741+0000] {logging_mixin.py:188} INFO - [2026-05-19T17:36:12.741+0000] {dag.py:3096} INFO - Sync 1 DAGs
[2026-05-19T17:36:12.764+0000] {logging_mixin.py:188} INFO - [2026-05-19T17:36:12.763+0000] {dag.py:3954} INFO - Setting next_dagrun for example_sensor_decorator to None, run_after=None
[2026-05-19T17:36:12.802+0000] {processor.py:183} INFO - Processing /home/airflow/.local/lib/python3.12/site-packages/airflow/example_dags/example_sensor_decorator.py took 0.132 seconds
[2026-05-19T17:36:42.913+0000] {processor.py:161} INFO - Started process (PID=6139) to work on /home/airflow/.local/lib/python3.12/site-packages/airflow/example_dags/example_sensor_decorator.py
[2026-05-19T17:36:42.914+0000] {processor.py:830} INFO - Processing file /home/airflow/.local/lib/python3.12/site-packages/airflow/example_dags/example_sensor_decorator.py for tasks to queue
[2026-05-19T17:36:42.916+0000] {logging_mixin.py:188} INFO - [2026-05-19T17:36:42.916+0000] {dagbag.py:545} INFO - Filling up the DagBag from /home/airflow/.local/lib/python3.12/site-packages/airflow/example_dags/example_sensor_decorator.py
[2026-05-19T17:36:42.921+0000] {processor.py:840} INFO - DAG(s) 'example_sensor_decorator' retrieved from /home/airflow/.local/lib/python3.12/site-packages/airflow/example_dags/example_sensor_decorator.py
[2026-05-19T17:36:42.937+0000] {logging_mixin.py:188} INFO - [2026-05-19T17:36:42.937+0000] {dag.py:3096} INFO - Sync 1 DAGs
[2026-05-19T17:36:42.947+0000] {logging_mixin.py:188} INFO - [2026-05-19T17:36:42.947+0000] {dag.py:3954} INFO - Setting next_dagrun for example_sensor_decorator to None, run_after=None
[2026-05-19T17:36:42.962+0000] {processor.py:183} INFO - Processing /home/airflow/.local/lib/python3.12/site-packages/airflow/example_dags/example_sensor_decorator.py took 0.054 seconds
[2026-05-19T17:37:13.631+0000] {processor.py:161} INFO - Started process (PID=6198) to work on /home/airflow/.local/lib/python3.12/site-packages/airflow/example_dags/example_sensor_decorator.py
[2026-05-19T17:37:13.632+0000] {processor.py:830} INFO - Processing file /home/airflow/.local/lib/python3.12/site-packages/airflow/example_dags/example_sensor_decorator.py for tasks to queue
[2026-05-19T17:37:13.634+0000] {logging_mixin.py:188} INFO - [2026-05-19T17:37:13.633+0000] {dagbag.py:545} INFO - Filling up the DagBag from /home/airflow/.local/lib/python3.12/site-packages/airflow/example_dags/example_sensor_decorator.py
[2026-05-19T17:37:13.639+0000] {processor.py:840} INFO - DAG(s) 'example_sensor_decorator' retrieved from /home/airflow/.local/lib/python3.12/site-packages/airflow/example_dags/example_sensor_decorator.py
[2026-05-19T17:37:13.658+0000] {logging_mixin.py:188} INFO - [2026-05-19T17:37:13.658+0000] {dag.py:3096} INFO - Sync 1 DAGs
[2026-05-19T17:37:13.669+0000] {logging_mixin.py:188} INFO - [2026-05-19T17:37:13.669+0000] {dag.py:3954} INFO - Setting next_dagrun for example_sensor_decorator to None, run_after=None
[2026-05-19T17:37:13.689+0000] {processor.py:183} INFO - Processing /home/airflow/.local/lib/python3.12/site-packages/airflow/example_dags/example_sensor_decorator.py took 0.064 seconds
[2026-05-19T17:37:44.244+0000] {processor.py:161} INFO - Started process (PID=6257) to work on /home/airflow/.local/lib/python3.12/site-packages/airflow/example_dags/example_sensor_decorator.py
[2026-05-19T17:37:44.245+0000] {processor.py:830} INFO - Processing file /home/airflow/.local/lib/python3.12/site-packages/airflow/example_dags/example_sensor_decorator.py for tasks to queue
[2026-05-19T17:37:44.248+0000] {logging_mixin.py:188} INFO - [2026-05-19T17:37:44.248+0000] {dagbag.py:545} INFO - Filling up the DagBag from /home/airflow/.local/lib/python3.12/site-packages/airflow/example_dags/example_sensor_decorator.py
[2026-05-19T17:37:44.257+0000] {processor.py:840} INFO - DAG(s) 'example_sensor_decorator' retrieved from /home/airflow/.local/lib/python3.12/site-packages/airflow/example_dags/example_sensor_decorator.py
[2026-05-19T17:37:44.280+0000] {logging_mixin.py:188} INFO - [2026-05-19T17:37:44.280+0000] {dag.py:3096} INFO - Sync 1 DAGs
[2026-05-19T17:37:44.298+0000] {logging_mixin.py:188} INFO - [2026-05-19T17:37:44.297+0000] {dag.py:3954} INFO - Setting next_dagrun for example_sensor_decorator to None, run_after=None
[2026-05-19T17:37:44.342+0000] {processor.py:183} INFO - Processing /home/airflow/.local/lib/python3.12/site-packages/airflow/example_dags/example_sensor_decorator.py took 0.104 seconds
[2026-05-19T17:38:14.695+0000] {processor.py:161} INFO - Started process (PID=6316) to work on /home/airflow/.local/lib/python3.12/site-packages/airflow/example_dags/example_sensor_decorator.py
[2026-05-19T17:38:14.697+0000] {processor.py:830} INFO - Processing file /home/airflow/.local/lib/python3.12/site-packages/airflow/example_dags/example_sensor_decorator.py for tasks to queue
[2026-05-19T17:38:14.700+0000] {logging_mixin.py:188} INFO - [2026-05-19T17:38:14.699+0000] {dagbag.py:545} INFO - Filling up the DagBag from /home/airflow/.local/lib/python3.12/site-packages/airflow/example_dags/example_sensor_decorator.py
[2026-05-19T17:38:14.711+0000] {processor.py:840} INFO - DAG(s) 'example_sensor_decorator' retrieved from /home/airflow/.local/lib/python3.12/site-packages/airflow/example_dags/example_sensor_decorator.py
[2026-05-19T17:38:14.735+0000] {logging_mixin.py:188} INFO - [2026-05-19T17:38:14.735+0000] {dag.py:3096} INFO - Sync 1 DAGs
[2026-05-19T17:38:14.750+0000] {logging_mixin.py:188} INFO - [2026-05-19T17:38:14.750+0000] {dag.py:3954} INFO - Setting next_dagrun for example_sensor_decorator to None, run_after=None
[2026-05-19T17:38:14.772+0000] {processor.py:183} INFO - Processing /home/airflow/.local/lib/python3.12/site-packages/airflow/example_dags/example_sensor_decorator.py took 0.085 seconds
[2026-05-19T17:38:45.748+0000] {processor.py:161} INFO - Started process (PID=6375) to work on /home/airflow/.local/lib/python3.12/site-packages/airflow/example_dags/example_sensor_decorator.py
[2026-05-19T17:38:45.749+0000] {processor.py:830} INFO - Processing file /home/airflow/.local/lib/python3.12/site-packages/airflow/example_dags/example_sensor_decorator.py for tasks to queue
[2026-05-19T17:38:45.751+0000] {logging_mixin.py:188} INFO - [2026-05-19T17:38:45.751+0000] {dagbag.py:545} INFO - Filling up the DagBag from /home/airflow/.local/lib/python3.12/site-packages/airflow/example_dags/example_sensor_decorator.py
[2026-05-19T17:38:45.756+0000] {processor.py:840} INFO - DAG(s) 'example_sensor_decorator' retrieved from /home/airflow/.local/lib/python3.12/site-packages/airflow/example_dags/example_sensor_decorator.py
[2026-05-19T17:38:45.775+0000] {logging_mixin.py:188} INFO - [2026-05-19T17:38:45.774+0000] {dag.py:3096} INFO - Sync 1 DAGs
[2026-05-19T17:38:45.788+0000] {logging_mixin.py:188} INFO - [2026-05-19T17:38:45.788+0000] {dag.py:3954} INFO - Setting next_dagrun for example_sensor_decorator to None, run_after=None
[2026-05-19T17:38:45.807+0000] {processor.py:183} INFO - Processing /home/airflow/.local/lib/python3.12/site-packages/airflow/example_dags/example_sensor_decorator.py took 0.064 seconds
[2026-05-19T17:39:16.039+0000] {processor.py:161} INFO - Started process (PID=6434) to work on /home/airflow/.local/lib/python3.12/site-packages/airflow/example_dags/example_sensor_decorator.py
[2026-05-19T17:39:16.040+0000] {processor.py:830} INFO - Processing file /home/airflow/.local/lib/python3.12/site-packages/airflow/example_dags/example_sensor_decorator.py for tasks to queue
[2026-05-19T17:39:16.043+0000] {logging_mixin.py:188} INFO - [2026-05-19T17:39:16.042+0000] {dagbag.py:545} INFO - Filling up the DagBag from /home/airflow/.local/lib/python3.12/site-packages/airflow/example_dags/example_sensor_decorator.py
[2026-05-19T17:39:16.049+0000] {processor.py:840} INFO - DAG(s) 'example_sensor_decorator' retrieved from /home/airflow/.local/lib/python3.12/site-packages/airflow/example_dags/example_sensor_decorator.py
[2026-05-19T17:39:16.071+0000] {logging_mixin.py:188} INFO - [2026-05-19T17:39:16.071+0000] {dag.py:3096} INFO - Sync 1 DAGs
[2026-05-19T17:39:16.082+0000] {logging_mixin.py:188} INFO - [2026-05-19T17:39:16.082+0000] {dag.py:3954} INFO - Setting next_dagrun for example_sensor_decorator to None, run_after=None
[2026-05-19T17:39:16.100+0000] {processor.py:183} INFO - Processing /home/airflow/.local/lib/python3.12/site-packages/airflow/example_dags/example_sensor_decorator.py took 0.067 seconds
[2026-05-19T17:39:46.444+0000] {processor.py:161} INFO - Started process (PID=6493) to work on /home/airflow/.local/lib/python3.12/site-packages/airflow/example_dags/example_sensor_decorator.py
[2026-05-19T17:39:46.445+0000] {processor.py:830} INFO - Processing file /home/airflow/.local/lib/python3.12/site-packages/airflow/example_dags/example_sensor_decorator.py for tasks to queue
[2026-05-19T17:39:46.449+0000] {logging_mixin.py:188} INFO - [2026-05-19T17:39:46.448+0000] {dagbag.py:545} INFO - Filling up the DagBag from /home/airflow/.local/lib/python3.12/site-packages/airflow/example_dags/example_sensor_decorator.py
[2026-05-19T17:39:46.459+0000] {processor.py:840} INFO - DAG(s) 'example_sensor_decorator' retrieved from /home/airflow/.local/lib/python3.12/site-packages/airflow/example_dags/example_sensor_decorator.py
[2026-05-19T17:39:46.482+0000] {logging_mixin.py:188} INFO - [2026-05-19T17:39:46.482+0000] {dag.py:3096} INFO - Sync 1 DAGs
[2026-05-19T17:39:46.497+0000] {logging_mixin.py:188} INFO - [2026-05-19T17:39:46.496+0000] {dag.py:3954} INFO - Setting next_dagrun for example_sensor_decorator to None, run_after=None
[2026-05-19T17:39:46.520+0000] {processor.py:183} INFO - Processing /home/airflow/.local/lib/python3.12/site-packages/airflow/example_dags/example_sensor_decorator.py took 0.083 seconds
[2026-05-19T17:40:16.712+0000] {processor.py:161} INFO - Started process (PID=6552) to work on /home/airflow/.local/lib/python3.12/site-packages/airflow/example_dags/example_sensor_decorator.py
[2026-05-19T17:40:16.714+0000] {processor.py:830} INFO - Processing file /home/airflow/.local/lib/python3.12/site-packages/airflow/example_dags/example_sensor_decorator.py for tasks to queue
[2026-05-19T17:40:16.718+0000] {logging_mixin.py:188} INFO - [2026-05-19T17:40:16.717+0000] {dagbag.py:545} INFO - Filling up the DagBag from /home/airflow/.local/lib/python3.12/site-packages/airflow/example_dags/example_sensor_decorator.py
[2026-05-19T17:40:16.725+0000] {processor.py:840} INFO - DAG(s) 'example_sensor_decorator' retrieved from /home/airflow/.local/lib/python3.12/site-packages/airflow/example_dags/example_sensor_decorator.py
[2026-05-19T17:40:16.744+0000] {logging_mixin.py:188} INFO - [2026-05-19T17:40:16.744+0000] {dag.py:3096} INFO - Sync 1 DAGs
[2026-05-19T17:40:16.756+0000] {logging_mixin.py:188} INFO - [2026-05-19T17:40:16.756+0000] {dag.py:3954} INFO - Setting next_dagrun for example_sensor_decorator to None, run_after=None
[2026-05-19T17:40:16.774+0000] {processor.py:183} INFO - Processing /home/airflow/.local/lib/python3.12/site-packages/airflow/example_dags/example_sensor_decorator.py took 0.071 seconds
[2026-05-19T17:40:47.143+0000] {processor.py:161} INFO - Started process (PID=6611) to work on /home/airflow/.local/lib/python3.12/site-packages/airflow/example_dags/example_sensor_decorator.py
[2026-05-19T17:40:47.145+0000] {processor.py:830} INFO - Processing file /home/airflow/.local/lib/python3.12/site-packages/airflow/example_dags/example_sensor_decorator.py for tasks to queue
[2026-05-19T17:40:47.147+0000] {logging_mixin.py:188} INFO - [2026-05-19T17:40:47.147+0000] {dagbag.py:545} INFO - Filling up the DagBag from /home/airflow/.local/lib/python3.12/site-packages/airflow/example_dags/example_sensor_decorator.py
[2026-05-19T17:40:47.154+0000] {processor.py:840} INFO - DAG(s) 'example_sensor_decorator' retrieved from /home/airflow/.local/lib/python3.12/site-packages/airflow/example_dags/example_sensor_decorator.py
[2026-05-19T17:40:47.177+0000] {logging_mixin.py:188} INFO - [2026-05-19T17:40:47.176+0000] {dag.py:3096} INFO - Sync 1 DAGs
[2026-05-19T17:40:47.188+0000] {logging_mixin.py:188} INFO - [2026-05-19T17:40:47.188+0000] {dag.py:3954} INFO - Setting next_dagrun for example_sensor_decorator to None, run_after=None
[2026-05-19T17:40:47.209+0000] {processor.py:183} INFO - Processing /home/airflow/.local/lib/python3.12/site-packages/airflow/example_dags/example_sensor_decorator.py took 0.074 seconds
[2026-05-19T17:41:18.193+0000] {processor.py:161} INFO - Started process (PID=6670) to work on /home/airflow/.local/lib/python3.12/site-packages/airflow/example_dags/example_sensor_decorator.py
[2026-05-19T17:41:18.194+0000] {processor.py:830} INFO - Processing file /home/airflow/.local/lib/python3.12/site-packages/airflow/example_dags/example_sensor_decorator.py for tasks to queue
[2026-05-19T17:41:18.196+0000] {logging_mixin.py:188} INFO - [2026-05-19T17:41:18.195+0000] {dagbag.py:545} INFO - Filling up the DagBag from /home/airflow/.local/lib/python3.12/site-packages/airflow/example_dags/example_sensor_decorator.py
[2026-05-19T17:41:18.200+0000] {processor.py:840} INFO - DAG(s) 'example_sensor_decorator' retrieved from /home/airflow/.local/lib/python3.12/site-packages/airflow/example_dags/example_sensor_decorator.py
[2026-05-19T17:41:18.215+0000] {logging_mixin.py:188} INFO - [2026-05-19T17:41:18.215+0000] {dag.py:3096} INFO - Sync 1 DAGs
[2026-05-19T17:41:18.224+0000] {logging_mixin.py:188} INFO - [2026-05-19T17:41:18.224+0000] {dag.py:3954} INFO - Setting next_dagrun for example_sensor_decorator to None, run_after=None
[2026-05-19T17:41:18.241+0000] {processor.py:183} INFO - Processing /home/airflow/.local/lib/python3.12/site-packages/airflow/example_dags/example_sensor_decorator.py took 0.053 seconds
[2026-05-19T17:41:48.442+0000] {processor.py:161} INFO - Started process (PID=6729) to work on /home/airflow/.local/lib/python3.12/site-packages/airflow/example_dags/example_sensor_decorator.py
[2026-05-19T17:41:48.443+0000] {processor.py:830} INFO - Processing file /home/airflow/.local/lib/python3.12/site-packages/airflow/example_dags/example_sensor_decorator.py for tasks to queue
[2026-05-19T17:41:48.444+0000] {logging_mixin.py:188} INFO - [2026-05-19T17:41:48.444+0000] {dagbag.py:545} INFO - Filling up the DagBag from /home/airflow/.local/lib/python3.12/site-packages/airflow/example_dags/example_sensor_decorator.py
[2026-05-19T17:41:48.449+0000] {processor.py:840} INFO - DAG(s) 'example_sensor_decorator' retrieved from /home/airflow/.local/lib/python3.12/site-packages/airflow/example_dags/example_sensor_decorator.py
[2026-05-19T17:41:48.464+0000] {logging_mixin.py:188} INFO - [2026-05-19T17:41:48.464+0000] {dag.py:3096} INFO - Sync 1 DAGs
[2026-05-19T17:41:48.472+0000] {logging_mixin.py:188} INFO - [2026-05-19T17:41:48.472+0000] {dag.py:3954} INFO - Setting next_dagrun for example_sensor_decorator to None, run_after=None
[2026-05-19T17:41:48.486+0000] {processor.py:183} INFO - Processing /home/airflow/.local/lib/python3.12/site-packages/airflow/example_dags/example_sensor_decorator.py took 0.048 seconds
[2026-05-19T17:42:18.603+0000] {processor.py:161} INFO - Started process (PID=6788) to work on /home/airflow/.local/lib/python3.12/site-packages/airflow/example_dags/example_sensor_decorator.py
[2026-05-19T17:42:18.604+0000] {processor.py:830} INFO - Processing file /home/airflow/.local/lib/python3.12/site-packages/airflow/example_dags/example_sensor_decorator.py for tasks to queue
[2026-05-19T17:42:18.606+0000] {logging_mixin.py:188} INFO - [2026-05-19T17:42:18.606+0000] {dagbag.py:545} INFO - Filling up the DagBag from /home/airflow/.local/lib/python3.12/site-packages/airflow/example_dags/example_sensor_decorator.py
[2026-05-19T17:42:18.611+0000] {processor.py:840} INFO - DAG(s) 'example_sensor_decorator' retrieved from /home/airflow/.local/lib/python3.12/site-packages/airflow/example_dags/example_sensor_decorator.py
[2026-05-19T17:42:18.626+0000] {logging_mixin.py:188} INFO - [2026-05-19T17:42:18.625+0000] {dag.py:3096} INFO - Sync 1 DAGs
[2026-05-19T17:42:18.635+0000] {logging_mixin.py:188} INFO - [2026-05-19T17:42:18.635+0000] {dag.py:3954} INFO - Setting next_dagrun for example_sensor_decorator to None, run_after=None
[2026-05-19T17:42:18.648+0000] {processor.py:183} INFO - Processing /home/airflow/.local/lib/python3.12/site-packages/airflow/example_dags/example_sensor_decorator.py took 0.050 seconds
[2026-05-19T17:42:48.898+0000] {processor.py:161} INFO - Started process (PID=6847) to work on /home/airflow/.local/lib/python3.12/site-packages/airflow/example_dags/example_sensor_decorator.py
[2026-05-19T17:42:48.899+0000] {processor.py:830} INFO - Processing file /home/airflow/.local/lib/python3.12/site-packages/airflow/example_dags/example_sensor_decorator.py for tasks to queue
[2026-05-19T17:42:48.901+0000] {logging_mixin.py:188} INFO - [2026-05-19T17:42:48.901+0000] {dagbag.py:545} INFO - Filling up the DagBag from /home/airflow/.local/lib/python3.12/site-packages/airflow/example_dags/example_sensor_decorator.py
[2026-05-19T17:42:48.906+0000] {processor.py:840} INFO - DAG(s) 'example_sensor_decorator' retrieved from /home/airflow/.local/lib/python3.12/site-packages/airflow/example_dags/example_sensor_decorator.py
[2026-05-19T17:42:48.922+0000] {logging_mixin.py:188} INFO - [2026-05-19T17:42:48.922+0000] {dag.py:3096} INFO - Sync 1 DAGs
[2026-05-19T17:42:48.934+0000] {logging_mixin.py:188} INFO - [2026-05-19T17:42:48.934+0000] {dag.py:3954} INFO - Setting next_dagrun for example_sensor_decorator to None, run_after=None
[2026-05-19T17:42:48.951+0000] {processor.py:183} INFO - Processing /home/airflow/.local/lib/python3.12/site-packages/airflow/example_dags/example_sensor_decorator.py took 0.059 seconds
[2026-05-19T17:43:19.695+0000] {processor.py:161} INFO - Started process (PID=6906) to work on /home/airflow/.local/lib/python3.12/site-packages/airflow/example_dags/example_sensor_decorator.py
[2026-05-19T17:43:19.697+0000] {processor.py:830} INFO - Processing file /home/airflow/.local/lib/python3.12/site-packages/airflow/example_dags/example_sensor_decorator.py for tasks to queue
[2026-05-19T17:43:19.700+0000] {logging_mixin.py:188} INFO - [2026-05-19T17:43:19.700+0000] {dagbag.py:545} INFO - Filling up the DagBag from /home/airflow/.local/lib/python3.12/site-packages/airflow/example_dags/example_sensor_decorator.py
[2026-05-19T17:43:19.709+0000] {processor.py:840} INFO - DAG(s) 'example_sensor_decorator' retrieved from /home/airflow/.local/lib/python3.12/site-packages/airflow/example_dags/example_sensor_decorator.py
[2026-05-19T17:43:19.730+0000] {logging_mixin.py:188} INFO - [2026-05-19T17:43:19.730+0000] {dag.py:3096} INFO - Sync 1 DAGs
[2026-05-19T17:43:19.748+0000] {logging_mixin.py:188} INFO - [2026-05-19T17:43:19.748+0000] {dag.py:3954} INFO - Setting next_dagrun for example_sensor_decorator to None, run_after=None
[2026-05-19T17:43:19.774+0000] {processor.py:183} INFO - Processing /home/airflow/.local/lib/python3.12/site-packages/airflow/example_dags/example_sensor_decorator.py took 0.085 seconds
[2026-05-19T17:43:50.712+0000] {processor.py:161} INFO - Started process (PID=6965) to work on /home/airflow/.local/lib/python3.12/site-packages/airflow/example_dags/example_sensor_decorator.py
[2026-05-19T17:43:50.714+0000] {processor.py:830} INFO - Processing file /home/airflow/.local/lib/python3.12/site-packages/airflow/example_dags/example_sensor_decorator.py for tasks to queue
[2026-05-19T17:43:50.718+0000] {logging_mixin.py:188} INFO - [2026-05-19T17:43:50.717+0000] {dagbag.py:545} INFO - Filling up the DagBag from /home/airflow/.local/lib/python3.12/site-packages/airflow/example_dags/example_sensor_decorator.py
[2026-05-19T17:43:50.728+0000] {processor.py:840} INFO - DAG(s) 'example_sensor_decorator' retrieved from /home/airflow/.local/lib/python3.12/site-packages/airflow/example_dags/example_sensor_decorator.py
[2026-05-19T17:43:50.766+0000] {logging_mixin.py:188} INFO - [2026-05-19T17:43:50.765+0000] {dag.py:3096} INFO - Sync 1 DAGs
[2026-05-19T17:43:50.785+0000] {logging_mixin.py:188} INFO - [2026-05-19T17:43:50.785+0000] {dag.py:3954} INFO - Setting next_dagrun for example_sensor_decorator to None, run_after=None
[2026-05-19T17:43:50.816+0000] {processor.py:183} INFO - Processing /home/airflow/.local/lib/python3.12/site-packages/airflow/example_dags/example_sensor_decorator.py took 0.113 seconds
[2026-05-19T17:44:21.483+0000] {processor.py:161} INFO - Started process (PID=7024) to work on /home/airflow/.local/lib/python3.12/site-packages/airflow/example_dags/example_sensor_decorator.py
[2026-05-19T17:44:21.485+0000] {processor.py:830} INFO - Processing file /home/airflow/.local/lib/python3.12/site-packages/airflow/example_dags/example_sensor_decorator.py for tasks to queue
[2026-05-19T17:44:21.487+0000] {logging_mixin.py:188} INFO - [2026-05-19T17:44:21.487+0000] {dagbag.py:545} INFO - Filling up the DagBag from /home/airflow/.local/lib/python3.12/site-packages/airflow/example_dags/example_sensor_decorator.py
[2026-05-19T17:44:21.495+0000] {processor.py:840} INFO - DAG(s) 'example_sensor_decorator' retrieved from /home/airflow/.local/lib/python3.12/site-packages/airflow/example_dags/example_sensor_decorator.py
[2026-05-19T17:44:21.515+0000] {logging_mixin.py:188} INFO - [2026-05-19T17:44:21.515+0000] {dag.py:3096} INFO - Sync 1 DAGs
[2026-05-19T17:44:21.532+0000] {logging_mixin.py:188} INFO - [2026-05-19T17:44:21.532+0000] {dag.py:3954} INFO - Setting next_dagrun for example_sensor_decorator to None, run_after=None
[2026-05-19T17:44:21.559+0000] {processor.py:183} INFO - Processing /home/airflow/.local/lib/python3.12/site-packages/airflow/example_dags/example_sensor_decorator.py took 0.082 seconds
[2026-05-19T17:44:51.893+0000] {processor.py:161} INFO - Started process (PID=7083) to work on /home/airflow/.local/lib/python3.12/site-packages/airflow/example_dags/example_sensor_decorator.py
[2026-05-19T17:44:51.894+0000] {processor.py:830} INFO - Processing file /home/airflow/.local/lib/python3.12/site-packages/airflow/example_dags/example_sensor_decorator.py for tasks to queue
[2026-05-19T17:44:51.897+0000] {logging_mixin.py:188} INFO - [2026-05-19T17:44:51.896+0000] {dagbag.py:545} INFO - Filling up the DagBag from /home/airflow/.local/lib/python3.12/site-packages/airflow/example_dags/example_sensor_decorator.py
[2026-05-19T17:44:51.903+0000] {processor.py:840} INFO - DAG(s) 'example_sensor_decorator' retrieved from /home/airflow/.local/lib/python3.12/site-packages/airflow/example_dags/example_sensor_decorator.py
[2026-05-19T17:44:51.922+0000] {logging_mixin.py:188} INFO - [2026-05-19T17:44:51.922+0000] {dag.py:3096} INFO - Sync 1 DAGs
[2026-05-19T17:44:51.933+0000] {logging_mixin.py:188} INFO - [2026-05-19T17:44:51.932+0000] {dag.py:3954} INFO - Setting next_dagrun for example_sensor_decorator to None, run_after=None
[2026-05-19T17:44:51.952+0000] {processor.py:183} INFO - Processing /home/airflow/.local/lib/python3.12/site-packages/airflow/example_dags/example_sensor_decorator.py took 0.068 seconds
[2026-05-19T17:45:22.325+0000] {processor.py:161} INFO - Started process (PID=7142) to work on /home/airflow/.local/lib/python3.12/site-packages/airflow/example_dags/example_sensor_decorator.py
[2026-05-19T17:45:22.326+0000] {processor.py:830} INFO - Processing file /home/airflow/.local/lib/python3.12/site-packages/airflow/example_dags/example_sensor_decorator.py for tasks to queue
[2026-05-19T17:45:22.327+0000] {logging_mixin.py:188} INFO - [2026-05-19T17:45:22.327+0000] {dagbag.py:545} INFO - Filling up the DagBag from /home/airflow/.local/lib/python3.12/site-packages/airflow/example_dags/example_sensor_decorator.py
[2026-05-19T17:45:22.333+0000] {processor.py:840} INFO - DAG(s) 'example_sensor_decorator' retrieved from /home/airflow/.local/lib/python3.12/site-packages/airflow/example_dags/example_sensor_decorator.py
[2026-05-19T17:45:22.349+0000] {logging_mixin.py:188} INFO - [2026-05-19T17:45:22.349+0000] {dag.py:3096} INFO - Sync 1 DAGs
[2026-05-19T17:45:22.358+0000] {logging_mixin.py:188} INFO - [2026-05-19T17:45:22.358+0000] {dag.py:3954} INFO - Setting next_dagrun for example_sensor_decorator to None, run_after=None
[2026-05-19T17:45:22.373+0000] {processor.py:183} INFO - Processing /home/airflow/.local/lib/python3.12/site-packages/airflow/example_dags/example_sensor_decorator.py took 0.053 seconds
[2026-05-19T17:45:53.359+0000] {processor.py:161} INFO - Started process (PID=7201) to work on /home/airflow/.local/lib/python3.12/site-packages/airflow/example_dags/example_sensor_decorator.py
[2026-05-19T17:45:53.360+0000] {processor.py:830} INFO - Processing file /home/airflow/.local/lib/python3.12/site-packages/airflow/example_dags/example_sensor_decorator.py for tasks to queue
[2026-05-19T17:45:53.362+0000] {logging_mixin.py:188} INFO - [2026-05-19T17:45:53.362+0000] {dagbag.py:545} INFO - Filling up the DagBag from /home/airflow/.local/lib/python3.12/site-packages/airflow/example_dags/example_sensor_decorator.py
[2026-05-19T17:45:53.373+0000] {processor.py:840} INFO - DAG(s) 'example_sensor_decorator' retrieved from /home/airflow/.local/lib/python3.12/site-packages/airflow/example_dags/example_sensor_decorator.py
[2026-05-19T17:45:53.394+0000] {logging_mixin.py:188} INFO - [2026-05-19T17:45:53.394+0000] {dag.py:3096} INFO - Sync 1 DAGs
[2026-05-19T17:45:53.409+0000] {logging_mixin.py:188} INFO - [2026-05-19T17:45:53.409+0000] {dag.py:3954} INFO - Setting next_dagrun for example_sensor_decorator to None, run_after=None
[2026-05-19T17:45:53.435+0000] {processor.py:183} INFO - Processing /home/airflow/.local/lib/python3.12/site-packages/airflow/example_dags/example_sensor_decorator.py took 0.082 seconds
[2026-05-19T17:47:21.101+0000] {processor.py:161} INFO - Started process (PID=99) to work on /home/airflow/.local/lib/python3.12/site-packages/airflow/example_dags/example_sensor_decorator.py
[2026-05-19T17:47:21.104+0000] {processor.py:830} INFO - Processing file /home/airflow/.local/lib/python3.12/site-packages/airflow/example_dags/example_sensor_decorator.py for tasks to queue
[2026-05-19T17:47:21.111+0000] {logging_mixin.py:188} INFO - [2026-05-19T17:47:21.110+0000] {dagbag.py:545} INFO - Filling up the DagBag from /home/airflow/.local/lib/python3.12/site-packages/airflow/example_dags/example_sensor_decorator.py
[2026-05-19T17:47:21.149+0000] {processor.py:840} INFO - DAG(s) 'example_sensor_decorator' retrieved from /home/airflow/.local/lib/python3.12/site-packages/airflow/example_dags/example_sensor_decorator.py
[2026-05-19T17:47:21.353+0000] {logging_mixin.py:188} INFO - [2026-05-19T17:47:21.353+0000] {dag.py:3096} INFO - Sync 1 DAGs
[2026-05-19T17:47:21.379+0000] {logging_mixin.py:188} INFO - [2026-05-19T17:47:21.379+0000] {dag.py:3954} INFO - Setting next_dagrun for example_sensor_decorator to None, run_after=None
[2026-05-19T17:47:21.424+0000] {processor.py:183} INFO - Processing /home/airflow/.local/lib/python3.12/site-packages/airflow/example_dags/example_sensor_decorator.py took 0.347 seconds
[2026-05-19T17:47:52.195+0000] {processor.py:161} INFO - Started process (PID=157) to work on /home/airflow/.local/lib/python3.12/site-packages/airflow/example_dags/example_sensor_decorator.py
[2026-05-19T17:47:52.196+0000] {processor.py:830} INFO - Processing file /home/airflow/.local/lib/python3.12/site-packages/airflow/example_dags/example_sensor_decorator.py for tasks to queue
[2026-05-19T17:47:52.198+0000] {logging_mixin.py:188} INFO - [2026-05-19T17:47:52.198+0000] {dagbag.py:545} INFO - Filling up the DagBag from /home/airflow/.local/lib/python3.12/site-packages/airflow/example_dags/example_sensor_decorator.py
[2026-05-19T17:47:52.205+0000] {processor.py:840} INFO - DAG(s) 'example_sensor_decorator' retrieved from /home/airflow/.local/lib/python3.12/site-packages/airflow/example_dags/example_sensor_decorator.py
[2026-05-19T17:47:52.225+0000] {logging_mixin.py:188} INFO - [2026-05-19T17:47:52.225+0000] {dag.py:3096} INFO - Sync 1 DAGs
[2026-05-19T17:47:52.240+0000] {logging_mixin.py:188} INFO - [2026-05-19T17:47:52.240+0000] {dag.py:3954} INFO - Setting next_dagrun for example_sensor_decorator to None, run_after=None
[2026-05-19T17:47:52.282+0000] {processor.py:183} INFO - Processing /home/airflow/.local/lib/python3.12/site-packages/airflow/example_dags/example_sensor_decorator.py took 0.094 seconds
[2026-05-19T17:48:22.483+0000] {processor.py:161} INFO - Started process (PID=215) to work on /home/airflow/.local/lib/python3.12/site-packages/airflow/example_dags/example_sensor_decorator.py
[2026-05-19T17:48:22.484+0000] {processor.py:830} INFO - Processing file /home/airflow/.local/lib/python3.12/site-packages/airflow/example_dags/example_sensor_decorator.py for tasks to queue
[2026-05-19T17:48:22.486+0000] {logging_mixin.py:188} INFO - [2026-05-19T17:48:22.486+0000] {dagbag.py:545} INFO - Filling up the DagBag from /home/airflow/.local/lib/python3.12/site-packages/airflow/example_dags/example_sensor_decorator.py
[2026-05-19T17:48:22.492+0000] {processor.py:840} INFO - DAG(s) 'example_sensor_decorator' retrieved from /home/airflow/.local/lib/python3.12/site-packages/airflow/example_dags/example_sensor_decorator.py
[2026-05-19T17:48:22.512+0000] {logging_mixin.py:188} INFO - [2026-05-19T17:48:22.512+0000] {dag.py:3096} INFO - Sync 1 DAGs
[2026-05-19T17:48:22.524+0000] {logging_mixin.py:188} INFO - [2026-05-19T17:48:22.524+0000] {dag.py:3954} INFO - Setting next_dagrun for example_sensor_decorator to None, run_after=None
[2026-05-19T17:48:22.543+0000] {processor.py:183} INFO - Processing /home/airflow/.local/lib/python3.12/site-packages/airflow/example_dags/example_sensor_decorator.py took 0.065 seconds
[2026-05-19T17:48:53.009+0000] {processor.py:161} INFO - Started process (PID=274) to work on /home/airflow/.local/lib/python3.12/site-packages/airflow/example_dags/example_sensor_decorator.py
[2026-05-19T17:48:53.010+0000] {processor.py:830} INFO - Processing file /home/airflow/.local/lib/python3.12/site-packages/airflow/example_dags/example_sensor_decorator.py for tasks to queue
[2026-05-19T17:48:53.012+0000] {logging_mixin.py:188} INFO - [2026-05-19T17:48:53.011+0000] {dagbag.py:545} INFO - Filling up the DagBag from /home/airflow/.local/lib/python3.12/site-packages/airflow/example_dags/example_sensor_decorator.py
[2026-05-19T17:48:53.017+0000] {processor.py:840} INFO - DAG(s) 'example_sensor_decorator' retrieved from /home/airflow/.local/lib/python3.12/site-packages/airflow/example_dags/example_sensor_decorator.py
[2026-05-19T17:48:53.034+0000] {logging_mixin.py:188} INFO - [2026-05-19T17:48:53.034+0000] {dag.py:3096} INFO - Sync 1 DAGs
[2026-05-19T17:48:53.045+0000] {logging_mixin.py:188} INFO - [2026-05-19T17:48:53.044+0000] {dag.py:3954} INFO - Setting next_dagrun for example_sensor_decorator to None, run_after=None
[2026-05-19T17:48:53.082+0000] {processor.py:183} INFO - Processing /home/airflow/.local/lib/python3.12/site-packages/airflow/example_dags/example_sensor_decorator.py took 0.078 seconds
[2026-05-19T17:49:23.414+0000] {processor.py:161} INFO - Started process (PID=332) to work on /home/airflow/.local/lib/python3.12/site-packages/airflow/example_dags/example_sensor_decorator.py
[2026-05-19T17:49:23.415+0000] {processor.py:830} INFO - Processing file /home/airflow/.local/lib/python3.12/site-packages/airflow/example_dags/example_sensor_decorator.py for tasks to queue
[2026-05-19T17:49:23.417+0000] {logging_mixin.py:188} INFO - [2026-05-19T17:49:23.417+0000] {dagbag.py:545} INFO - Filling up the DagBag from /home/airflow/.local/lib/python3.12/site-packages/airflow/example_dags/example_sensor_decorator.py
[2026-05-19T17:49:23.423+0000] {processor.py:840} INFO - DAG(s) 'example_sensor_decorator' retrieved from /home/airflow/.local/lib/python3.12/site-packages/airflow/example_dags/example_sensor_decorator.py
[2026-05-19T17:49:23.440+0000] {logging_mixin.py:188} INFO - [2026-05-19T17:49:23.439+0000] {dag.py:3096} INFO - Sync 1 DAGs
[2026-05-19T17:49:23.449+0000] {logging_mixin.py:188} INFO - [2026-05-19T17:49:23.449+0000] {dag.py:3954} INFO - Setting next_dagrun for example_sensor_decorator to None, run_after=None
[2026-05-19T17:49:23.465+0000] {processor.py:183} INFO - Processing /home/airflow/.local/lib/python3.12/site-packages/airflow/example_dags/example_sensor_decorator.py took 0.058 seconds
[2026-05-19T17:49:54.279+0000] {processor.py:161} INFO - Started process (PID=390) to work on /home/airflow/.local/lib/python3.12/site-packages/airflow/example_dags/example_sensor_decorator.py
[2026-05-19T17:49:54.281+0000] {processor.py:830} INFO - Processing file /home/airflow/.local/lib/python3.12/site-packages/airflow/example_dags/example_sensor_decorator.py for tasks to queue
[2026-05-19T17:49:54.286+0000] {logging_mixin.py:188} INFO - [2026-05-19T17:49:54.286+0000] {dagbag.py:545} INFO - Filling up the DagBag from /home/airflow/.local/lib/python3.12/site-packages/airflow/example_dags/example_sensor_decorator.py
[2026-05-19T17:49:54.292+0000] {processor.py:840} INFO - DAG(s) 'example_sensor_decorator' retrieved from /home/airflow/.local/lib/python3.12/site-packages/airflow/example_dags/example_sensor_decorator.py
[2026-05-19T17:49:54.314+0000] {logging_mixin.py:188} INFO - [2026-05-19T17:49:54.313+0000] {dag.py:3096} INFO - Sync 1 DAGs
[2026-05-19T17:49:54.325+0000] {logging_mixin.py:188} INFO - [2026-05-19T17:49:54.325+0000] {dag.py:3954} INFO - Setting next_dagrun for example_sensor_decorator to None, run_after=None
[2026-05-19T17:49:54.342+0000] {processor.py:183} INFO - Processing /home/airflow/.local/lib/python3.12/site-packages/airflow/example_dags/example_sensor_decorator.py took 0.068 seconds
[2026-05-19T17:50:24.655+0000] {processor.py:161} INFO - Started process (PID=449) to work on /home/airflow/.local/lib/python3.12/site-packages/airflow/example_dags/example_sensor_decorator.py
[2026-05-19T17:50:24.656+0000] {processor.py:830} INFO - Processing file /home/airflow/.local/lib/python3.12/site-packages/airflow/example_dags/example_sensor_decorator.py for tasks to queue
[2026-05-19T17:50:24.658+0000] {logging_mixin.py:188} INFO - [2026-05-19T17:50:24.658+0000] {dagbag.py:545} INFO - Filling up the DagBag from /home/airflow/.local/lib/python3.12/site-packages/airflow/example_dags/example_sensor_decorator.py
[2026-05-19T17:50:24.664+0000] {processor.py:840} INFO - DAG(s) 'example_sensor_decorator' retrieved from /home/airflow/.local/lib/python3.12/site-packages/airflow/example_dags/example_sensor_decorator.py
[2026-05-19T17:50:24.690+0000] {logging_mixin.py:188} INFO - [2026-05-19T17:50:24.690+0000] {dag.py:3096} INFO - Sync 1 DAGs
[2026-05-19T17:50:24.701+0000] {logging_mixin.py:188} INFO - [2026-05-19T17:50:24.701+0000] {dag.py:3954} INFO - Setting next_dagrun for example_sensor_decorator to None, run_after=None
[2026-05-19T17:50:24.742+0000] {processor.py:183} INFO - Processing /home/airflow/.local/lib/python3.12/site-packages/airflow/example_dags/example_sensor_decorator.py took 0.096 seconds
[2026-05-19T17:50:54.902+0000] {processor.py:161} INFO - Started process (PID=507) to work on /home/airflow/.local/lib/python3.12/site-packages/airflow/example_dags/example_sensor_decorator.py
[2026-05-19T17:50:54.904+0000] {processor.py:830} INFO - Processing file /home/airflow/.local/lib/python3.12/site-packages/airflow/example_dags/example_sensor_decorator.py for tasks to queue
[2026-05-19T17:50:54.906+0000] {logging_mixin.py:188} INFO - [2026-05-19T17:50:54.906+0000] {dagbag.py:545} INFO - Filling up the DagBag from /home/airflow/.local/lib/python3.12/site-packages/airflow/example_dags/example_sensor_decorator.py
[2026-05-19T17:50:54.911+0000] {processor.py:840} INFO - DAG(s) 'example_sensor_decorator' retrieved from /home/airflow/.local/lib/python3.12/site-packages/airflow/example_dags/example_sensor_decorator.py
[2026-05-19T17:50:54.934+0000] {logging_mixin.py:188} INFO - [2026-05-19T17:50:54.933+0000] {dag.py:3096} INFO - Sync 1 DAGs
[2026-05-19T17:50:54.948+0000] {logging_mixin.py:188} INFO - [2026-05-19T17:50:54.948+0000] {dag.py:3954} INFO - Setting next_dagrun for example_sensor_decorator to None, run_after=None
[2026-05-19T17:50:54.967+0000] {processor.py:183} INFO - Processing /home/airflow/.local/lib/python3.12/site-packages/airflow/example_dags/example_sensor_decorator.py took 0.070 seconds
[2026-05-19T17:51:25.404+0000] {processor.py:161} INFO - Started process (PID=565) to work on /home/airflow/.local/lib/python3.12/site-packages/airflow/example_dags/example_sensor_decorator.py
[2026-05-19T17:51:25.413+0000] {processor.py:830} INFO - Processing file /home/airflow/.local/lib/python3.12/site-packages/airflow/example_dags/example_sensor_decorator.py for tasks to queue
[2026-05-19T17:51:25.430+0000] {logging_mixin.py:188} INFO - [2026-05-19T17:51:25.427+0000] {dagbag.py:545} INFO - Filling up the DagBag from /home/airflow/.local/lib/python3.12/site-packages/airflow/example_dags/example_sensor_decorator.py
[2026-05-19T17:51:25.477+0000] {processor.py:840} INFO - DAG(s) 'example_sensor_decorator' retrieved from /home/airflow/.local/lib/python3.12/site-packages/airflow/example_dags/example_sensor_decorator.py
[2026-05-19T17:51:25.627+0000] {logging_mixin.py:188} INFO - [2026-05-19T17:51:25.627+0000] {dag.py:3096} INFO - Sync 1 DAGs
[2026-05-19T17:51:25.661+0000] {logging_mixin.py:188} INFO - [2026-05-19T17:51:25.661+0000] {dag.py:3954} INFO - Setting next_dagrun for example_sensor_decorator to None, run_after=None
[2026-05-19T17:51:25.728+0000] {processor.py:183} INFO - Processing /home/airflow/.local/lib/python3.12/site-packages/airflow/example_dags/example_sensor_decorator.py took 0.376 seconds
[2026-05-19T17:51:56.538+0000] {processor.py:161} INFO - Started process (PID=623) to work on /home/airflow/.local/lib/python3.12/site-packages/airflow/example_dags/example_sensor_decorator.py
[2026-05-19T17:51:56.539+0000] {processor.py:830} INFO - Processing file /home/airflow/.local/lib/python3.12/site-packages/airflow/example_dags/example_sensor_decorator.py for tasks to queue
[2026-05-19T17:51:56.542+0000] {logging_mixin.py:188} INFO - [2026-05-19T17:51:56.541+0000] {dagbag.py:545} INFO - Filling up the DagBag from /home/airflow/.local/lib/python3.12/site-packages/airflow/example_dags/example_sensor_decorator.py
[2026-05-19T17:51:56.548+0000] {processor.py:840} INFO - DAG(s) 'example_sensor_decorator' retrieved from /home/airflow/.local/lib/python3.12/site-packages/airflow/example_dags/example_sensor_decorator.py
[2026-05-19T17:51:56.572+0000] {logging_mixin.py:188} INFO - [2026-05-19T17:51:56.572+0000] {dag.py:3096} INFO - Sync 1 DAGs
[2026-05-19T17:51:56.586+0000] {logging_mixin.py:188} INFO - [2026-05-19T17:51:56.586+0000] {dag.py:3954} INFO - Setting next_dagrun for example_sensor_decorator to None, run_after=None
[2026-05-19T17:51:56.604+0000] {processor.py:183} INFO - Processing /home/airflow/.local/lib/python3.12/site-packages/airflow/example_dags/example_sensor_decorator.py took 0.070 seconds
[2026-05-19T17:52:27.312+0000] {processor.py:161} INFO - Started process (PID=681) to work on /home/airflow/.local/lib/python3.12/site-packages/airflow/example_dags/example_sensor_decorator.py
[2026-05-19T17:52:27.313+0000] {processor.py:830} INFO - Processing file /home/airflow/.local/lib/python3.12/site-packages/airflow/example_dags/example_sensor_decorator.py for tasks to queue
[2026-05-19T17:52:27.315+0000] {logging_mixin.py:188} INFO - [2026-05-19T17:52:27.315+0000] {dagbag.py:545} INFO - Filling up the DagBag from /home/airflow/.local/lib/python3.12/site-packages/airflow/example_dags/example_sensor_decorator.py
[2026-05-19T17:52:27.321+0000] {processor.py:840} INFO - DAG(s) 'example_sensor_decorator' retrieved from /home/airflow/.local/lib/python3.12/site-packages/airflow/example_dags/example_sensor_decorator.py
[2026-05-19T17:52:27.338+0000] {logging_mixin.py:188} INFO - [2026-05-19T17:52:27.337+0000] {dag.py:3096} INFO - Sync 1 DAGs
[2026-05-19T17:52:27.349+0000] {logging_mixin.py:188} INFO - [2026-05-19T17:52:27.349+0000] {dag.py:3954} INFO - Setting next_dagrun for example_sensor_decorator to None, run_after=None
[2026-05-19T17:52:27.391+0000] {processor.py:183} INFO - Processing /home/airflow/.local/lib/python3.12/site-packages/airflow/example_dags/example_sensor_decorator.py took 0.085 seconds
[2026-05-19T17:52:58.061+0000] {processor.py:161} INFO - Started process (PID=739) to work on /home/airflow/.local/lib/python3.12/site-packages/airflow/example_dags/example_sensor_decorator.py
[2026-05-19T17:52:58.062+0000] {processor.py:830} INFO - Processing file /home/airflow/.local/lib/python3.12/site-packages/airflow/example_dags/example_sensor_decorator.py for tasks to queue
[2026-05-19T17:52:58.065+0000] {logging_mixin.py:188} INFO - [2026-05-19T17:52:58.064+0000] {dagbag.py:545} INFO - Filling up the DagBag from /home/airflow/.local/lib/python3.12/site-packages/airflow/example_dags/example_sensor_decorator.py
[2026-05-19T17:52:58.072+0000] {processor.py:840} INFO - DAG(s) 'example_sensor_decorator' retrieved from /home/airflow/.local/lib/python3.12/site-packages/airflow/example_dags/example_sensor_decorator.py
[2026-05-19T17:52:58.092+0000] {logging_mixin.py:188} INFO - [2026-05-19T17:52:58.092+0000] {dag.py:3096} INFO - Sync 1 DAGs
[2026-05-19T17:52:58.108+0000] {logging_mixin.py:188} INFO - [2026-05-19T17:52:58.107+0000] {dag.py:3954} INFO - Setting next_dagrun for example_sensor_decorator to None, run_after=None
[2026-05-19T17:52:58.128+0000] {processor.py:183} INFO - Processing /home/airflow/.local/lib/python3.12/site-packages/airflow/example_dags/example_sensor_decorator.py took 0.072 seconds
[2026-05-19T17:53:28.486+0000] {processor.py:161} INFO - Started process (PID=797) to work on /home/airflow/.local/lib/python3.12/site-packages/airflow/example_dags/example_sensor_decorator.py
[2026-05-19T17:53:28.489+0000] {processor.py:830} INFO - Processing file /home/airflow/.local/lib/python3.12/site-packages/airflow/example_dags/example_sensor_decorator.py for tasks to queue
[2026-05-19T17:53:28.495+0000] {logging_mixin.py:188} INFO - [2026-05-19T17:53:28.494+0000] {dagbag.py:545} INFO - Filling up the DagBag from /home/airflow/.local/lib/python3.12/site-packages/airflow/example_dags/example_sensor_decorator.py
[2026-05-19T17:53:28.511+0000] {processor.py:840} INFO - DAG(s) 'example_sensor_decorator' retrieved from /home/airflow/.local/lib/python3.12/site-packages/airflow/example_dags/example_sensor_decorator.py
[2026-05-19T17:53:28.547+0000] {logging_mixin.py:188} INFO - [2026-05-19T17:53:28.547+0000] {dag.py:3096} INFO - Sync 1 DAGs
[2026-05-19T17:53:28.570+0000] {logging_mixin.py:188} INFO - [2026-05-19T17:53:28.570+0000] {dag.py:3954} INFO - Setting next_dagrun for example_sensor_decorator to None, run_after=None
[2026-05-19T17:53:28.606+0000] {processor.py:183} INFO - Processing /home/airflow/.local/lib/python3.12/site-packages/airflow/example_dags/example_sensor_decorator.py took 0.136 seconds
[2026-05-19T17:53:58.765+0000] {processor.py:161} INFO - Started process (PID=855) to work on /home/airflow/.local/lib/python3.12/site-packages/airflow/example_dags/example_sensor_decorator.py
[2026-05-19T17:53:58.767+0000] {processor.py:830} INFO - Processing file /home/airflow/.local/lib/python3.12/site-packages/airflow/example_dags/example_sensor_decorator.py for tasks to queue
[2026-05-19T17:53:58.768+0000] {logging_mixin.py:188} INFO - [2026-05-19T17:53:58.768+0000] {dagbag.py:545} INFO - Filling up the DagBag from /home/airflow/.local/lib/python3.12/site-packages/airflow/example_dags/example_sensor_decorator.py
[2026-05-19T17:53:58.774+0000] {processor.py:840} INFO - DAG(s) 'example_sensor_decorator' retrieved from /home/airflow/.local/lib/python3.12/site-packages/airflow/example_dags/example_sensor_decorator.py
[2026-05-19T17:53:58.792+0000] {logging_mixin.py:188} INFO - [2026-05-19T17:53:58.792+0000] {dag.py:3096} INFO - Sync 1 DAGs
[2026-05-19T17:53:58.803+0000] {logging_mixin.py:188} INFO - [2026-05-19T17:53:58.803+0000] {dag.py:3954} INFO - Setting next_dagrun for example_sensor_decorator to None, run_after=None
[2026-05-19T17:53:58.843+0000] {processor.py:183} INFO - Processing /home/airflow/.local/lib/python3.12/site-packages/airflow/example_dags/example_sensor_decorator.py took 0.085 seconds
[2026-05-19T17:54:29.156+0000] {processor.py:161} INFO - Started process (PID=913) to work on /home/airflow/.local/lib/python3.12/site-packages/airflow/example_dags/example_sensor_decorator.py
[2026-05-19T17:54:29.158+0000] {processor.py:830} INFO - Processing file /home/airflow/.local/lib/python3.12/site-packages/airflow/example_dags/example_sensor_decorator.py for tasks to queue
[2026-05-19T17:54:29.162+0000] {logging_mixin.py:188} INFO - [2026-05-19T17:54:29.161+0000] {dagbag.py:545} INFO - Filling up the DagBag from /home/airflow/.local/lib/python3.12/site-packages/airflow/example_dags/example_sensor_decorator.py
[2026-05-19T17:54:29.172+0000] {processor.py:840} INFO - DAG(s) 'example_sensor_decorator' retrieved from /home/airflow/.local/lib/python3.12/site-packages/airflow/example_dags/example_sensor_decorator.py
[2026-05-19T17:54:29.204+0000] {logging_mixin.py:188} INFO - [2026-05-19T17:54:29.204+0000] {dag.py:3096} INFO - Sync 1 DAGs
[2026-05-19T17:54:29.228+0000] {logging_mixin.py:188} INFO - [2026-05-19T17:54:29.227+0000] {dag.py:3954} INFO - Setting next_dagrun for example_sensor_decorator to None, run_after=None
[2026-05-19T17:54:29.260+0000] {processor.py:183} INFO - Processing /home/airflow/.local/lib/python3.12/site-packages/airflow/example_dags/example_sensor_decorator.py took 0.112 seconds
[2026-05-19T17:54:59.660+0000] {processor.py:161} INFO - Started process (PID=970) to work on /home/airflow/.local/lib/python3.12/site-packages/airflow/example_dags/example_sensor_decorator.py
[2026-05-19T17:54:59.661+0000] {processor.py:830} INFO - Processing file /home/airflow/.local/lib/python3.12/site-packages/airflow/example_dags/example_sensor_decorator.py for tasks to queue
[2026-05-19T17:54:59.663+0000] {logging_mixin.py:188} INFO - [2026-05-19T17:54:59.663+0000] {dagbag.py:545} INFO - Filling up the DagBag from /home/airflow/.local/lib/python3.12/site-packages/airflow/example_dags/example_sensor_decorator.py
[2026-05-19T17:54:59.675+0000] {processor.py:840} INFO - DAG(s) 'example_sensor_decorator' retrieved from /home/airflow/.local/lib/python3.12/site-packages/airflow/example_dags/example_sensor_decorator.py
[2026-05-19T17:54:59.696+0000] {logging_mixin.py:188} INFO - [2026-05-19T17:54:59.696+0000] {dag.py:3096} INFO - Sync 1 DAGs
[2026-05-19T17:54:59.709+0000] {logging_mixin.py:188} INFO - [2026-05-19T17:54:59.709+0000] {dag.py:3954} INFO - Setting next_dagrun for example_sensor_decorator to None, run_after=None
[2026-05-19T17:54:59.748+0000] {processor.py:183} INFO - Processing /home/airflow/.local/lib/python3.12/site-packages/airflow/example_dags/example_sensor_decorator.py took 0.095 seconds
[2026-05-19T17:55:29.866+0000] {processor.py:161} INFO - Started process (PID=1028) to work on /home/airflow/.local/lib/python3.12/site-packages/airflow/example_dags/example_sensor_decorator.py
[2026-05-19T17:55:29.868+0000] {processor.py:830} INFO - Processing file /home/airflow/.local/lib/python3.12/site-packages/airflow/example_dags/example_sensor_decorator.py for tasks to queue
[2026-05-19T17:55:29.871+0000] {logging_mixin.py:188} INFO - [2026-05-19T17:55:29.870+0000] {dagbag.py:545} INFO - Filling up the DagBag from /home/airflow/.local/lib/python3.12/site-packages/airflow/example_dags/example_sensor_decorator.py
[2026-05-19T17:55:29.876+0000] {processor.py:840} INFO - DAG(s) 'example_sensor_decorator' retrieved from /home/airflow/.local/lib/python3.12/site-packages/airflow/example_dags/example_sensor_decorator.py
[2026-05-19T17:55:29.896+0000] {logging_mixin.py:188} INFO - [2026-05-19T17:55:29.895+0000] {dag.py:3096} INFO - Sync 1 DAGs
[2026-05-19T17:55:29.908+0000] {logging_mixin.py:188} INFO - [2026-05-19T17:55:29.907+0000] {dag.py:3954} INFO - Setting next_dagrun for example_sensor_decorator to None, run_after=None
[2026-05-19T17:55:29.948+0000] {processor.py:183} INFO - Processing /home/airflow/.local/lib/python3.12/site-packages/airflow/example_dags/example_sensor_decorator.py took 0.088 seconds
[2026-05-19T17:56:00.126+0000] {processor.py:161} INFO - Started process (PID=1086) to work on /home/airflow/.local/lib/python3.12/site-packages/airflow/example_dags/example_sensor_decorator.py
[2026-05-19T17:56:00.127+0000] {processor.py:830} INFO - Processing file /home/airflow/.local/lib/python3.12/site-packages/airflow/example_dags/example_sensor_decorator.py for tasks to queue
[2026-05-19T17:56:00.130+0000] {logging_mixin.py:188} INFO - [2026-05-19T17:56:00.129+0000] {dagbag.py:545} INFO - Filling up the DagBag from /home/airflow/.local/lib/python3.12/site-packages/airflow/example_dags/example_sensor_decorator.py
[2026-05-19T17:56:00.136+0000] {processor.py:840} INFO - DAG(s) 'example_sensor_decorator' retrieved from /home/airflow/.local/lib/python3.12/site-packages/airflow/example_dags/example_sensor_decorator.py
[2026-05-19T17:56:00.165+0000] {logging_mixin.py:188} INFO - [2026-05-19T17:56:00.165+0000] {dag.py:3096} INFO - Sync 1 DAGs
[2026-05-19T17:56:00.180+0000] {logging_mixin.py:188} INFO - [2026-05-19T17:56:00.180+0000] {dag.py:3954} INFO - Setting next_dagrun for example_sensor_decorator to None, run_after=None
[2026-05-19T17:56:00.209+0000] {processor.py:183} INFO - Processing /home/airflow/.local/lib/python3.12/site-packages/airflow/example_dags/example_sensor_decorator.py took 0.091 seconds
[2026-05-19T17:56:30.274+0000] {processor.py:161} INFO - Started process (PID=1143) to work on /home/airflow/.local/lib/python3.12/site-packages/airflow/example_dags/example_sensor_decorator.py
[2026-05-19T17:56:30.275+0000] {processor.py:830} INFO - Processing file /home/airflow/.local/lib/python3.12/site-packages/airflow/example_dags/example_sensor_decorator.py for tasks to queue
[2026-05-19T17:56:30.277+0000] {logging_mixin.py:188} INFO - [2026-05-19T17:56:30.277+0000] {dagbag.py:545} INFO - Filling up the DagBag from /home/airflow/.local/lib/python3.12/site-packages/airflow/example_dags/example_sensor_decorator.py
[2026-05-19T17:56:30.283+0000] {processor.py:840} INFO - DAG(s) 'example_sensor_decorator' retrieved from /home/airflow/.local/lib/python3.12/site-packages/airflow/example_dags/example_sensor_decorator.py
[2026-05-19T17:56:30.302+0000] {logging_mixin.py:188} INFO - [2026-05-19T17:56:30.301+0000] {dag.py:3096} INFO - Sync 1 DAGs
[2026-05-19T17:56:30.314+0000] {logging_mixin.py:188} INFO - [2026-05-19T17:56:30.314+0000] {dag.py:3954} INFO - Setting next_dagrun for example_sensor_decorator to None, run_after=None
[2026-05-19T17:56:30.336+0000] {processor.py:183} INFO - Processing /home/airflow/.local/lib/python3.12/site-packages/airflow/example_dags/example_sensor_decorator.py took 0.066 seconds
[2026-05-19T17:58:01.144+0000] {processor.py:161} INFO - Started process (PID=98) to work on /home/airflow/.local/lib/python3.12/site-packages/airflow/example_dags/example_sensor_decorator.py
[2026-05-19T17:58:01.149+0000] {processor.py:830} INFO - Processing file /home/airflow/.local/lib/python3.12/site-packages/airflow/example_dags/example_sensor_decorator.py for tasks to queue
[2026-05-19T17:58:01.155+0000] {logging_mixin.py:188} INFO - [2026-05-19T17:58:01.154+0000] {dagbag.py:545} INFO - Filling up the DagBag from /home/airflow/.local/lib/python3.12/site-packages/airflow/example_dags/example_sensor_decorator.py
[2026-05-19T17:58:01.176+0000] {processor.py:840} INFO - DAG(s) 'example_sensor_decorator' retrieved from /home/airflow/.local/lib/python3.12/site-packages/airflow/example_dags/example_sensor_decorator.py
[2026-05-19T17:58:01.369+0000] {logging_mixin.py:188} INFO - [2026-05-19T17:58:01.368+0000] {dag.py:3096} INFO - Sync 1 DAGs
[2026-05-19T17:58:01.385+0000] {logging_mixin.py:188} INFO - [2026-05-19T17:58:01.384+0000] {dag.py:3954} INFO - Setting next_dagrun for example_sensor_decorator to None, run_after=None
[2026-05-19T17:58:01.429+0000] {processor.py:183} INFO - Processing /home/airflow/.local/lib/python3.12/site-packages/airflow/example_dags/example_sensor_decorator.py took 0.296 seconds
[2026-05-19T17:58:32.127+0000] {processor.py:161} INFO - Started process (PID=156) to work on /home/airflow/.local/lib/python3.12/site-packages/airflow/example_dags/example_sensor_decorator.py
[2026-05-19T17:58:32.128+0000] {processor.py:830} INFO - Processing file /home/airflow/.local/lib/python3.12/site-packages/airflow/example_dags/example_sensor_decorator.py for tasks to queue
[2026-05-19T17:58:32.132+0000] {logging_mixin.py:188} INFO - [2026-05-19T17:58:32.132+0000] {dagbag.py:545} INFO - Filling up the DagBag from /home/airflow/.local/lib/python3.12/site-packages/airflow/example_dags/example_sensor_decorator.py
[2026-05-19T17:58:32.141+0000] {processor.py:840} INFO - DAG(s) 'example_sensor_decorator' retrieved from /home/airflow/.local/lib/python3.12/site-packages/airflow/example_dags/example_sensor_decorator.py
[2026-05-19T17:58:32.174+0000] {logging_mixin.py:188} INFO - [2026-05-19T17:58:32.173+0000] {dag.py:3096} INFO - Sync 1 DAGs
[2026-05-19T17:58:32.189+0000] {logging_mixin.py:188} INFO - [2026-05-19T17:58:32.189+0000] {dag.py:3954} INFO - Setting next_dagrun for example_sensor_decorator to None, run_after=None
[2026-05-19T17:58:32.219+0000] {processor.py:183} INFO - Processing /home/airflow/.local/lib/python3.12/site-packages/airflow/example_dags/example_sensor_decorator.py took 0.099 seconds
