[2026-05-19T13:25:26.817+0000] {processor.py:161} INFO - Started process (PID=105) to work on /home/airflow/.local/lib/python3.12/site-packages/airflow/example_dags/example_branch_labels.py
[2026-05-19T13:25:26.820+0000] {processor.py:830} INFO - Processing file /home/airflow/.local/lib/python3.12/site-packages/airflow/example_dags/example_branch_labels.py for tasks to queue
[2026-05-19T13:25:26.825+0000] {logging_mixin.py:188} INFO - [2026-05-19T13:25:26.825+0000] {dagbag.py:545} INFO - Filling up the DagBag from /home/airflow/.local/lib/python3.12/site-packages/airflow/example_dags/example_branch_labels.py
[2026-05-19T13:25:26.861+0000] {processor.py:840} INFO - DAG(s) 'example_branch_labels' retrieved from /home/airflow/.local/lib/python3.12/site-packages/airflow/example_dags/example_branch_labels.py
[2026-05-19T13:25:27.277+0000] {logging_mixin.py:188} INFO - [2026-05-19T13:25:27.276+0000] {override.py:1829} INFO - Created Permission View: can read on DAG:example_branch_labels
[2026-05-19T13:25:27.345+0000] {logging_mixin.py:188} INFO - [2026-05-19T13:25:27.344+0000] {override.py:1829} INFO - Created Permission View: can edit on DAG:example_branch_labels
[2026-05-19T13:25:27.369+0000] {logging_mixin.py:188} INFO - [2026-05-19T13:25:27.368+0000] {override.py:1829} INFO - Created Permission View: can delete on DAG:example_branch_labels
[2026-05-19T13:25:27.371+0000] {logging_mixin.py:188} INFO - [2026-05-19T13:25:27.371+0000] {dag.py:3096} INFO - Sync 1 DAGs
[2026-05-19T13:25:27.442+0000] {logging_mixin.py:188} INFO - [2026-05-19T13:25:27.441+0000] {dag.py:3118} INFO - Creating ORM DAG for example_branch_labels
[2026-05-19T13:25:27.478+0000] {logging_mixin.py:188} INFO - [2026-05-19T13:25:27.478+0000] {dag.py:3954} INFO - Setting next_dagrun for example_branch_labels to 2026-05-18 00:00:00+00:00, run_after=2026-05-19 00:00:00+00:00
[2026-05-19T13:25:27.528+0000] {processor.py:183} INFO - Processing /home/airflow/.local/lib/python3.12/site-packages/airflow/example_dags/example_branch_labels.py took 0.724 seconds
[2026-05-19T13:25:57.814+0000] {processor.py:161} INFO - Started process (PID=163) to work on /home/airflow/.local/lib/python3.12/site-packages/airflow/example_dags/example_branch_labels.py
[2026-05-19T13:25:57.816+0000] {processor.py:830} INFO - Processing file /home/airflow/.local/lib/python3.12/site-packages/airflow/example_dags/example_branch_labels.py for tasks to queue
[2026-05-19T13:25:57.819+0000] {logging_mixin.py:188} INFO - [2026-05-19T13:25:57.819+0000] {dagbag.py:545} INFO - Filling up the DagBag from /home/airflow/.local/lib/python3.12/site-packages/airflow/example_dags/example_branch_labels.py
[2026-05-19T13:25:57.834+0000] {processor.py:840} INFO - DAG(s) 'example_branch_labels' retrieved from /home/airflow/.local/lib/python3.12/site-packages/airflow/example_dags/example_branch_labels.py
[2026-05-19T13:25:57.873+0000] {logging_mixin.py:188} INFO - [2026-05-19T13:25:57.872+0000] {dag.py:3096} INFO - Sync 1 DAGs
[2026-05-19T13:25:57.911+0000] {logging_mixin.py:188} INFO - [2026-05-19T13:25:57.910+0000] {dag.py:3954} INFO - Setting next_dagrun for example_branch_labels to 2026-05-18 00:00:00+00:00, run_after=2026-05-19 00:00:00+00:00
[2026-05-19T13:25:57.945+0000] {processor.py:183} INFO - Processing /home/airflow/.local/lib/python3.12/site-packages/airflow/example_dags/example_branch_labels.py took 0.138 seconds
[2026-05-19T13:26:28.508+0000] {processor.py:161} INFO - Started process (PID=221) to work on /home/airflow/.local/lib/python3.12/site-packages/airflow/example_dags/example_branch_labels.py
[2026-05-19T13:26:28.510+0000] {processor.py:830} INFO - Processing file /home/airflow/.local/lib/python3.12/site-packages/airflow/example_dags/example_branch_labels.py for tasks to queue
[2026-05-19T13:26:28.513+0000] {logging_mixin.py:188} INFO - [2026-05-19T13:26:28.513+0000] {dagbag.py:545} INFO - Filling up the DagBag from /home/airflow/.local/lib/python3.12/site-packages/airflow/example_dags/example_branch_labels.py
[2026-05-19T13:26:28.525+0000] {processor.py:840} INFO - DAG(s) 'example_branch_labels' retrieved from /home/airflow/.local/lib/python3.12/site-packages/airflow/example_dags/example_branch_labels.py
[2026-05-19T13:26:28.547+0000] {logging_mixin.py:188} INFO - [2026-05-19T13:26:28.546+0000] {dag.py:3096} INFO - Sync 1 DAGs
[2026-05-19T13:26:28.577+0000] {logging_mixin.py:188} INFO - [2026-05-19T13:26:28.577+0000] {dag.py:3954} INFO - Setting next_dagrun for example_branch_labels to 2026-05-18 00:00:00+00:00, run_after=2026-05-19 00:00:00+00:00
[2026-05-19T13:26:28.601+0000] {processor.py:183} INFO - Processing /home/airflow/.local/lib/python3.12/site-packages/airflow/example_dags/example_branch_labels.py took 0.101 seconds
[2026-05-19T13:26:59.139+0000] {processor.py:161} INFO - Started process (PID=279) to work on /home/airflow/.local/lib/python3.12/site-packages/airflow/example_dags/example_branch_labels.py
[2026-05-19T13:26:59.142+0000] {processor.py:830} INFO - Processing file /home/airflow/.local/lib/python3.12/site-packages/airflow/example_dags/example_branch_labels.py for tasks to queue
[2026-05-19T13:26:59.146+0000] {logging_mixin.py:188} INFO - [2026-05-19T13:26:59.145+0000] {dagbag.py:545} INFO - Filling up the DagBag from /home/airflow/.local/lib/python3.12/site-packages/airflow/example_dags/example_branch_labels.py
[2026-05-19T13:26:59.158+0000] {processor.py:840} INFO - DAG(s) 'example_branch_labels' retrieved from /home/airflow/.local/lib/python3.12/site-packages/airflow/example_dags/example_branch_labels.py
[2026-05-19T13:26:59.192+0000] {logging_mixin.py:188} INFO - [2026-05-19T13:26:59.191+0000] {dag.py:3096} INFO - Sync 1 DAGs
[2026-05-19T13:26:59.234+0000] {logging_mixin.py:188} INFO - [2026-05-19T13:26:59.233+0000] {dag.py:3954} INFO - Setting next_dagrun for example_branch_labels to 2026-05-18 00:00:00+00:00, run_after=2026-05-19 00:00:00+00:00
[2026-05-19T13:26:59.281+0000] {processor.py:183} INFO - Processing /home/airflow/.local/lib/python3.12/site-packages/airflow/example_dags/example_branch_labels.py took 0.153 seconds
[2026-05-19T13:27:29.594+0000] {processor.py:161} INFO - Started process (PID=337) to work on /home/airflow/.local/lib/python3.12/site-packages/airflow/example_dags/example_branch_labels.py
[2026-05-19T13:27:29.595+0000] {processor.py:830} INFO - Processing file /home/airflow/.local/lib/python3.12/site-packages/airflow/example_dags/example_branch_labels.py for tasks to queue
[2026-05-19T13:27:29.598+0000] {logging_mixin.py:188} INFO - [2026-05-19T13:27:29.597+0000] {dagbag.py:545} INFO - Filling up the DagBag from /home/airflow/.local/lib/python3.12/site-packages/airflow/example_dags/example_branch_labels.py
[2026-05-19T13:27:29.609+0000] {processor.py:840} INFO - DAG(s) 'example_branch_labels' retrieved from /home/airflow/.local/lib/python3.12/site-packages/airflow/example_dags/example_branch_labels.py
[2026-05-19T13:27:29.637+0000] {logging_mixin.py:188} INFO - [2026-05-19T13:27:29.637+0000] {dag.py:3096} INFO - Sync 1 DAGs
[2026-05-19T13:27:29.661+0000] {logging_mixin.py:188} INFO - [2026-05-19T13:27:29.661+0000] {dag.py:3954} INFO - Setting next_dagrun for example_branch_labels to 2026-05-18 00:00:00+00:00, run_after=2026-05-19 00:00:00+00:00
[2026-05-19T13:27:29.691+0000] {processor.py:183} INFO - Processing /home/airflow/.local/lib/python3.12/site-packages/airflow/example_dags/example_branch_labels.py took 0.105 seconds
[2026-05-19T13:28:00.447+0000] {processor.py:161} INFO - Started process (PID=394) to work on /home/airflow/.local/lib/python3.12/site-packages/airflow/example_dags/example_branch_labels.py
[2026-05-19T13:28:00.450+0000] {processor.py:830} INFO - Processing file /home/airflow/.local/lib/python3.12/site-packages/airflow/example_dags/example_branch_labels.py for tasks to queue
[2026-05-19T13:28:00.451+0000] {logging_mixin.py:188} INFO - [2026-05-19T13:28:00.450+0000] {dagbag.py:545} INFO - Filling up the DagBag from /home/airflow/.local/lib/python3.12/site-packages/airflow/example_dags/example_branch_labels.py
[2026-05-19T13:28:00.462+0000] {processor.py:840} INFO - DAG(s) 'example_branch_labels' retrieved from /home/airflow/.local/lib/python3.12/site-packages/airflow/example_dags/example_branch_labels.py
[2026-05-19T13:28:00.493+0000] {logging_mixin.py:188} INFO - [2026-05-19T13:28:00.493+0000] {dag.py:3096} INFO - Sync 1 DAGs
[2026-05-19T13:28:00.522+0000] {logging_mixin.py:188} INFO - [2026-05-19T13:28:00.521+0000] {dag.py:3954} INFO - Setting next_dagrun for example_branch_labels to 2026-05-18 00:00:00+00:00, run_after=2026-05-19 00:00:00+00:00
[2026-05-19T13:28:00.550+0000] {processor.py:183} INFO - Processing /home/airflow/.local/lib/python3.12/site-packages/airflow/example_dags/example_branch_labels.py took 0.115 seconds
[2026-05-19T13:28:31.560+0000] {processor.py:161} INFO - Started process (PID=452) to work on /home/airflow/.local/lib/python3.12/site-packages/airflow/example_dags/example_branch_labels.py
[2026-05-19T13:28:31.561+0000] {processor.py:830} INFO - Processing file /home/airflow/.local/lib/python3.12/site-packages/airflow/example_dags/example_branch_labels.py for tasks to queue
[2026-05-19T13:28:31.564+0000] {logging_mixin.py:188} INFO - [2026-05-19T13:28:31.564+0000] {dagbag.py:545} INFO - Filling up the DagBag from /home/airflow/.local/lib/python3.12/site-packages/airflow/example_dags/example_branch_labels.py
[2026-05-19T13:28:31.577+0000] {processor.py:840} INFO - DAG(s) 'example_branch_labels' retrieved from /home/airflow/.local/lib/python3.12/site-packages/airflow/example_dags/example_branch_labels.py
[2026-05-19T13:28:31.605+0000] {logging_mixin.py:188} INFO - [2026-05-19T13:28:31.605+0000] {dag.py:3096} INFO - Sync 1 DAGs
[2026-05-19T13:28:31.636+0000] {logging_mixin.py:188} INFO - [2026-05-19T13:28:31.635+0000] {dag.py:3954} INFO - Setting next_dagrun for example_branch_labels to 2026-05-18 00:00:00+00:00, run_after=2026-05-19 00:00:00+00:00
[2026-05-19T13:28:31.661+0000] {processor.py:183} INFO - Processing /home/airflow/.local/lib/python3.12/site-packages/airflow/example_dags/example_branch_labels.py took 0.110 seconds
[2026-05-19T13:29:01.815+0000] {processor.py:161} INFO - Started process (PID=510) to work on /home/airflow/.local/lib/python3.12/site-packages/airflow/example_dags/example_branch_labels.py
[2026-05-19T13:29:01.817+0000] {processor.py:830} INFO - Processing file /home/airflow/.local/lib/python3.12/site-packages/airflow/example_dags/example_branch_labels.py for tasks to queue
[2026-05-19T13:29:01.819+0000] {logging_mixin.py:188} INFO - [2026-05-19T13:29:01.819+0000] {dagbag.py:545} INFO - Filling up the DagBag from /home/airflow/.local/lib/python3.12/site-packages/airflow/example_dags/example_branch_labels.py
[2026-05-19T13:29:01.838+0000] {processor.py:840} INFO - DAG(s) 'example_branch_labels' retrieved from /home/airflow/.local/lib/python3.12/site-packages/airflow/example_dags/example_branch_labels.py
[2026-05-19T13:29:01.878+0000] {logging_mixin.py:188} INFO - [2026-05-19T13:29:01.877+0000] {dag.py:3096} INFO - Sync 1 DAGs
[2026-05-19T13:29:01.916+0000] {logging_mixin.py:188} INFO - [2026-05-19T13:29:01.916+0000] {dag.py:3954} INFO - Setting next_dagrun for example_branch_labels to 2026-05-18 00:00:00+00:00, run_after=2026-05-19 00:00:00+00:00
[2026-05-19T13:29:01.954+0000] {processor.py:183} INFO - Processing /home/airflow/.local/lib/python3.12/site-packages/airflow/example_dags/example_branch_labels.py took 0.148 seconds
[2026-05-19T13:30:57.506+0000] {processor.py:161} INFO - Started process (PID=101) to work on /home/airflow/.local/lib/python3.12/site-packages/airflow/example_dags/example_branch_labels.py
[2026-05-19T13:30:57.509+0000] {processor.py:830} INFO - Processing file /home/airflow/.local/lib/python3.12/site-packages/airflow/example_dags/example_branch_labels.py for tasks to queue
[2026-05-19T13:30:57.516+0000] {logging_mixin.py:188} INFO - [2026-05-19T13:30:57.515+0000] {dagbag.py:545} INFO - Filling up the DagBag from /home/airflow/.local/lib/python3.12/site-packages/airflow/example_dags/example_branch_labels.py
[2026-05-19T13:30:57.542+0000] {processor.py:840} INFO - DAG(s) 'example_branch_labels' retrieved from /home/airflow/.local/lib/python3.12/site-packages/airflow/example_dags/example_branch_labels.py
[2026-05-19T13:30:57.805+0000] {logging_mixin.py:188} INFO - [2026-05-19T13:30:57.804+0000] {dag.py:3096} INFO - Sync 1 DAGs
[2026-05-19T13:30:57.857+0000] {logging_mixin.py:188} INFO - [2026-05-19T13:30:57.856+0000] {dag.py:3954} INFO - Setting next_dagrun for example_branch_labels to 2026-05-18 00:00:00+00:00, run_after=2026-05-19 00:00:00+00:00
[2026-05-19T13:30:57.933+0000] {processor.py:183} INFO - Processing /home/airflow/.local/lib/python3.12/site-packages/airflow/example_dags/example_branch_labels.py took 0.441 seconds
[2026-05-19T13:31:28.418+0000] {processor.py:161} INFO - Started process (PID=160) to work on /home/airflow/.local/lib/python3.12/site-packages/airflow/example_dags/example_branch_labels.py
[2026-05-19T13:31:28.419+0000] {processor.py:830} INFO - Processing file /home/airflow/.local/lib/python3.12/site-packages/airflow/example_dags/example_branch_labels.py for tasks to queue
[2026-05-19T13:31:28.422+0000] {logging_mixin.py:188} INFO - [2026-05-19T13:31:28.421+0000] {dagbag.py:545} INFO - Filling up the DagBag from /home/airflow/.local/lib/python3.12/site-packages/airflow/example_dags/example_branch_labels.py
[2026-05-19T13:31:28.433+0000] {processor.py:840} INFO - DAG(s) 'example_branch_labels' retrieved from /home/airflow/.local/lib/python3.12/site-packages/airflow/example_dags/example_branch_labels.py
[2026-05-19T13:31:28.455+0000] {logging_mixin.py:188} INFO - [2026-05-19T13:31:28.454+0000] {dag.py:3096} INFO - Sync 1 DAGs
[2026-05-19T13:31:28.485+0000] {logging_mixin.py:188} INFO - [2026-05-19T13:31:28.485+0000] {dag.py:3954} INFO - Setting next_dagrun for example_branch_labels to 2026-05-18 00:00:00+00:00, run_after=2026-05-19 00:00:00+00:00
[2026-05-19T13:31:28.509+0000] {processor.py:183} INFO - Processing /home/airflow/.local/lib/python3.12/site-packages/airflow/example_dags/example_branch_labels.py took 0.098 seconds
[2026-05-19T13:31:59.389+0000] {processor.py:161} INFO - Started process (PID=219) to work on /home/airflow/.local/lib/python3.12/site-packages/airflow/example_dags/example_branch_labels.py
[2026-05-19T13:31:59.391+0000] {processor.py:830} INFO - Processing file /home/airflow/.local/lib/python3.12/site-packages/airflow/example_dags/example_branch_labels.py for tasks to queue
[2026-05-19T13:31:59.396+0000] {logging_mixin.py:188} INFO - [2026-05-19T13:31:59.395+0000] {dagbag.py:545} INFO - Filling up the DagBag from /home/airflow/.local/lib/python3.12/site-packages/airflow/example_dags/example_branch_labels.py
[2026-05-19T13:31:59.408+0000] {processor.py:840} INFO - DAG(s) 'example_branch_labels' retrieved from /home/airflow/.local/lib/python3.12/site-packages/airflow/example_dags/example_branch_labels.py
[2026-05-19T13:31:59.461+0000] {logging_mixin.py:188} INFO - [2026-05-19T13:31:59.460+0000] {dag.py:3096} INFO - Sync 1 DAGs
[2026-05-19T13:31:59.543+0000] {logging_mixin.py:188} INFO - [2026-05-19T13:31:59.543+0000] {dag.py:3954} INFO - Setting next_dagrun for example_branch_labels to 2026-05-18 00:00:00+00:00, run_after=2026-05-19 00:00:00+00:00
[2026-05-19T13:31:59.598+0000] {processor.py:183} INFO - Processing /home/airflow/.local/lib/python3.12/site-packages/airflow/example_dags/example_branch_labels.py took 0.217 seconds
[2026-05-19T13:32:29.985+0000] {processor.py:161} INFO - Started process (PID=278) to work on /home/airflow/.local/lib/python3.12/site-packages/airflow/example_dags/example_branch_labels.py
[2026-05-19T13:32:29.986+0000] {processor.py:830} INFO - Processing file /home/airflow/.local/lib/python3.12/site-packages/airflow/example_dags/example_branch_labels.py for tasks to queue
[2026-05-19T13:32:29.991+0000] {logging_mixin.py:188} INFO - [2026-05-19T13:32:29.990+0000] {dagbag.py:545} INFO - Filling up the DagBag from /home/airflow/.local/lib/python3.12/site-packages/airflow/example_dags/example_branch_labels.py
[2026-05-19T13:32:30.001+0000] {processor.py:840} INFO - DAG(s) 'example_branch_labels' retrieved from /home/airflow/.local/lib/python3.12/site-packages/airflow/example_dags/example_branch_labels.py
[2026-05-19T13:32:30.032+0000] {logging_mixin.py:188} INFO - [2026-05-19T13:32:30.031+0000] {dag.py:3096} INFO - Sync 1 DAGs
[2026-05-19T13:32:30.068+0000] {logging_mixin.py:188} INFO - [2026-05-19T13:32:30.067+0000] {dag.py:3954} INFO - Setting next_dagrun for example_branch_labels to 2026-05-18 00:00:00+00:00, run_after=2026-05-19 00:00:00+00:00
[2026-05-19T13:32:30.097+0000] {processor.py:183} INFO - Processing /home/airflow/.local/lib/python3.12/site-packages/airflow/example_dags/example_branch_labels.py took 0.119 seconds
[2026-05-19T13:33:00.171+0000] {processor.py:161} INFO - Started process (PID=337) to work on /home/airflow/.local/lib/python3.12/site-packages/airflow/example_dags/example_branch_labels.py
[2026-05-19T13:33:00.172+0000] {processor.py:830} INFO - Processing file /home/airflow/.local/lib/python3.12/site-packages/airflow/example_dags/example_branch_labels.py for tasks to queue
[2026-05-19T13:33:00.175+0000] {logging_mixin.py:188} INFO - [2026-05-19T13:33:00.175+0000] {dagbag.py:545} INFO - Filling up the DagBag from /home/airflow/.local/lib/python3.12/site-packages/airflow/example_dags/example_branch_labels.py
[2026-05-19T13:33:00.184+0000] {processor.py:840} INFO - DAG(s) 'example_branch_labels' retrieved from /home/airflow/.local/lib/python3.12/site-packages/airflow/example_dags/example_branch_labels.py
[2026-05-19T13:33:00.218+0000] {logging_mixin.py:188} INFO - [2026-05-19T13:33:00.217+0000] {dag.py:3096} INFO - Sync 1 DAGs
[2026-05-19T13:33:00.251+0000] {logging_mixin.py:188} INFO - [2026-05-19T13:33:00.251+0000] {dag.py:3954} INFO - Setting next_dagrun for example_branch_labels to 2026-05-18 00:00:00+00:00, run_after=2026-05-19 00:00:00+00:00
[2026-05-19T13:33:00.283+0000] {processor.py:183} INFO - Processing /home/airflow/.local/lib/python3.12/site-packages/airflow/example_dags/example_branch_labels.py took 0.119 seconds
[2026-05-19T13:33:31.296+0000] {processor.py:161} INFO - Started process (PID=396) to work on /home/airflow/.local/lib/python3.12/site-packages/airflow/example_dags/example_branch_labels.py
[2026-05-19T13:33:31.298+0000] {processor.py:830} INFO - Processing file /home/airflow/.local/lib/python3.12/site-packages/airflow/example_dags/example_branch_labels.py for tasks to queue
[2026-05-19T13:33:31.304+0000] {logging_mixin.py:188} INFO - [2026-05-19T13:33:31.303+0000] {dagbag.py:545} INFO - Filling up the DagBag from /home/airflow/.local/lib/python3.12/site-packages/airflow/example_dags/example_branch_labels.py
[2026-05-19T13:33:31.340+0000] {processor.py:840} INFO - DAG(s) 'example_branch_labels' retrieved from /home/airflow/.local/lib/python3.12/site-packages/airflow/example_dags/example_branch_labels.py
[2026-05-19T13:33:31.400+0000] {logging_mixin.py:188} INFO - [2026-05-19T13:33:31.399+0000] {dag.py:3096} INFO - Sync 1 DAGs
[2026-05-19T13:33:31.466+0000] {logging_mixin.py:188} INFO - [2026-05-19T13:33:31.466+0000] {dag.py:3954} INFO - Setting next_dagrun for example_branch_labels to 2026-05-18 00:00:00+00:00, run_after=2026-05-19 00:00:00+00:00
[2026-05-19T13:33:31.533+0000] {processor.py:183} INFO - Processing /home/airflow/.local/lib/python3.12/site-packages/airflow/example_dags/example_branch_labels.py took 0.251 seconds
[2026-05-19T13:34:01.747+0000] {processor.py:161} INFO - Started process (PID=455) to work on /home/airflow/.local/lib/python3.12/site-packages/airflow/example_dags/example_branch_labels.py
[2026-05-19T13:34:01.748+0000] {processor.py:830} INFO - Processing file /home/airflow/.local/lib/python3.12/site-packages/airflow/example_dags/example_branch_labels.py for tasks to queue
[2026-05-19T13:34:01.752+0000] {logging_mixin.py:188} INFO - [2026-05-19T13:34:01.751+0000] {dagbag.py:545} INFO - Filling up the DagBag from /home/airflow/.local/lib/python3.12/site-packages/airflow/example_dags/example_branch_labels.py
[2026-05-19T13:34:01.763+0000] {processor.py:840} INFO - DAG(s) 'example_branch_labels' retrieved from /home/airflow/.local/lib/python3.12/site-packages/airflow/example_dags/example_branch_labels.py
[2026-05-19T13:34:01.792+0000] {logging_mixin.py:188} INFO - [2026-05-19T13:34:01.792+0000] {dag.py:3096} INFO - Sync 1 DAGs
[2026-05-19T13:34:01.824+0000] {logging_mixin.py:188} INFO - [2026-05-19T13:34:01.823+0000] {dag.py:3954} INFO - Setting next_dagrun for example_branch_labels to 2026-05-18 00:00:00+00:00, run_after=2026-05-19 00:00:00+00:00
[2026-05-19T13:34:01.847+0000] {processor.py:183} INFO - Processing /home/airflow/.local/lib/python3.12/site-packages/airflow/example_dags/example_branch_labels.py took 0.108 seconds
[2026-05-19T13:34:33.397+0000] {processor.py:161} INFO - Started process (PID=514) to work on /home/airflow/.local/lib/python3.12/site-packages/airflow/example_dags/example_branch_labels.py
[2026-05-19T13:34:33.399+0000] {processor.py:830} INFO - Processing file /home/airflow/.local/lib/python3.12/site-packages/airflow/example_dags/example_branch_labels.py for tasks to queue
[2026-05-19T13:34:33.402+0000] {logging_mixin.py:188} INFO - [2026-05-19T13:34:33.401+0000] {dagbag.py:545} INFO - Filling up the DagBag from /home/airflow/.local/lib/python3.12/site-packages/airflow/example_dags/example_branch_labels.py
[2026-05-19T13:34:33.413+0000] {processor.py:840} INFO - DAG(s) 'example_branch_labels' retrieved from /home/airflow/.local/lib/python3.12/site-packages/airflow/example_dags/example_branch_labels.py
[2026-05-19T13:34:33.443+0000] {logging_mixin.py:188} INFO - [2026-05-19T13:34:33.442+0000] {dag.py:3096} INFO - Sync 1 DAGs
[2026-05-19T13:34:33.471+0000] {logging_mixin.py:188} INFO - [2026-05-19T13:34:33.471+0000] {dag.py:3954} INFO - Setting next_dagrun for example_branch_labels to 2026-05-18 00:00:00+00:00, run_after=2026-05-19 00:00:00+00:00
[2026-05-19T13:34:33.494+0000] {processor.py:183} INFO - Processing /home/airflow/.local/lib/python3.12/site-packages/airflow/example_dags/example_branch_labels.py took 0.105 seconds
[2026-05-19T13:35:03.691+0000] {processor.py:161} INFO - Started process (PID=573) to work on /home/airflow/.local/lib/python3.12/site-packages/airflow/example_dags/example_branch_labels.py
[2026-05-19T13:35:03.694+0000] {processor.py:830} INFO - Processing file /home/airflow/.local/lib/python3.12/site-packages/airflow/example_dags/example_branch_labels.py for tasks to queue
[2026-05-19T13:35:03.697+0000] {logging_mixin.py:188} INFO - [2026-05-19T13:35:03.697+0000] {dagbag.py:545} INFO - Filling up the DagBag from /home/airflow/.local/lib/python3.12/site-packages/airflow/example_dags/example_branch_labels.py
[2026-05-19T13:35:03.708+0000] {processor.py:840} INFO - DAG(s) 'example_branch_labels' retrieved from /home/airflow/.local/lib/python3.12/site-packages/airflow/example_dags/example_branch_labels.py
[2026-05-19T13:35:03.732+0000] {logging_mixin.py:188} INFO - [2026-05-19T13:35:03.731+0000] {dag.py:3096} INFO - Sync 1 DAGs
[2026-05-19T13:35:03.752+0000] {logging_mixin.py:188} INFO - [2026-05-19T13:35:03.752+0000] {dag.py:3954} INFO - Setting next_dagrun for example_branch_labels to 2026-05-18 00:00:00+00:00, run_after=2026-05-19 00:00:00+00:00
[2026-05-19T13:35:03.782+0000] {processor.py:183} INFO - Processing /home/airflow/.local/lib/python3.12/site-packages/airflow/example_dags/example_branch_labels.py took 0.096 seconds
[2026-05-19T13:35:34.306+0000] {processor.py:161} INFO - Started process (PID=632) to work on /home/airflow/.local/lib/python3.12/site-packages/airflow/example_dags/example_branch_labels.py
[2026-05-19T13:35:34.307+0000] {processor.py:830} INFO - Processing file /home/airflow/.local/lib/python3.12/site-packages/airflow/example_dags/example_branch_labels.py for tasks to queue
[2026-05-19T13:35:34.309+0000] {logging_mixin.py:188} INFO - [2026-05-19T13:35:34.309+0000] {dagbag.py:545} INFO - Filling up the DagBag from /home/airflow/.local/lib/python3.12/site-packages/airflow/example_dags/example_branch_labels.py
[2026-05-19T13:35:34.318+0000] {processor.py:840} INFO - DAG(s) 'example_branch_labels' retrieved from /home/airflow/.local/lib/python3.12/site-packages/airflow/example_dags/example_branch_labels.py
[2026-05-19T13:35:34.350+0000] {logging_mixin.py:188} INFO - [2026-05-19T13:35:34.350+0000] {dag.py:3096} INFO - Sync 1 DAGs
[2026-05-19T13:35:34.376+0000] {logging_mixin.py:188} INFO - [2026-05-19T13:35:34.376+0000] {dag.py:3954} INFO - Setting next_dagrun for example_branch_labels to 2026-05-18 00:00:00+00:00, run_after=2026-05-19 00:00:00+00:00
[2026-05-19T13:35:34.407+0000] {processor.py:183} INFO - Processing /home/airflow/.local/lib/python3.12/site-packages/airflow/example_dags/example_branch_labels.py took 0.107 seconds
[2026-05-19T13:36:05.306+0000] {processor.py:161} INFO - Started process (PID=691) to work on /home/airflow/.local/lib/python3.12/site-packages/airflow/example_dags/example_branch_labels.py
[2026-05-19T13:36:05.308+0000] {processor.py:830} INFO - Processing file /home/airflow/.local/lib/python3.12/site-packages/airflow/example_dags/example_branch_labels.py for tasks to queue
[2026-05-19T13:36:05.311+0000] {logging_mixin.py:188} INFO - [2026-05-19T13:36:05.311+0000] {dagbag.py:545} INFO - Filling up the DagBag from /home/airflow/.local/lib/python3.12/site-packages/airflow/example_dags/example_branch_labels.py
[2026-05-19T13:36:05.322+0000] {processor.py:840} INFO - DAG(s) 'example_branch_labels' retrieved from /home/airflow/.local/lib/python3.12/site-packages/airflow/example_dags/example_branch_labels.py
[2026-05-19T13:36:05.361+0000] {logging_mixin.py:188} INFO - [2026-05-19T13:36:05.360+0000] {dag.py:3096} INFO - Sync 1 DAGs
[2026-05-19T13:36:05.397+0000] {logging_mixin.py:188} INFO - [2026-05-19T13:36:05.397+0000] {dag.py:3954} INFO - Setting next_dagrun for example_branch_labels to 2026-05-18 00:00:00+00:00, run_after=2026-05-19 00:00:00+00:00
[2026-05-19T13:36:05.433+0000] {processor.py:183} INFO - Processing /home/airflow/.local/lib/python3.12/site-packages/airflow/example_dags/example_branch_labels.py took 0.135 seconds
[2026-05-19T13:36:36.414+0000] {processor.py:161} INFO - Started process (PID=750) to work on /home/airflow/.local/lib/python3.12/site-packages/airflow/example_dags/example_branch_labels.py
[2026-05-19T13:36:36.416+0000] {processor.py:830} INFO - Processing file /home/airflow/.local/lib/python3.12/site-packages/airflow/example_dags/example_branch_labels.py for tasks to queue
[2026-05-19T13:36:36.422+0000] {logging_mixin.py:188} INFO - [2026-05-19T13:36:36.422+0000] {dagbag.py:545} INFO - Filling up the DagBag from /home/airflow/.local/lib/python3.12/site-packages/airflow/example_dags/example_branch_labels.py
[2026-05-19T13:36:36.438+0000] {processor.py:840} INFO - DAG(s) 'example_branch_labels' retrieved from /home/airflow/.local/lib/python3.12/site-packages/airflow/example_dags/example_branch_labels.py
[2026-05-19T13:36:36.478+0000] {logging_mixin.py:188} INFO - [2026-05-19T13:36:36.477+0000] {dag.py:3096} INFO - Sync 1 DAGs
[2026-05-19T13:36:36.522+0000] {logging_mixin.py:188} INFO - [2026-05-19T13:36:36.522+0000] {dag.py:3954} INFO - Setting next_dagrun for example_branch_labels to 2026-05-18 00:00:00+00:00, run_after=2026-05-19 00:00:00+00:00
[2026-05-19T13:36:36.564+0000] {processor.py:183} INFO - Processing /home/airflow/.local/lib/python3.12/site-packages/airflow/example_dags/example_branch_labels.py took 0.162 seconds
[2026-05-19T13:37:07.488+0000] {processor.py:161} INFO - Started process (PID=809) to work on /home/airflow/.local/lib/python3.12/site-packages/airflow/example_dags/example_branch_labels.py
[2026-05-19T13:37:07.490+0000] {processor.py:830} INFO - Processing file /home/airflow/.local/lib/python3.12/site-packages/airflow/example_dags/example_branch_labels.py for tasks to queue
[2026-05-19T13:37:07.494+0000] {logging_mixin.py:188} INFO - [2026-05-19T13:37:07.493+0000] {dagbag.py:545} INFO - Filling up the DagBag from /home/airflow/.local/lib/python3.12/site-packages/airflow/example_dags/example_branch_labels.py
[2026-05-19T13:37:07.510+0000] {processor.py:840} INFO - DAG(s) 'example_branch_labels' retrieved from /home/airflow/.local/lib/python3.12/site-packages/airflow/example_dags/example_branch_labels.py
[2026-05-19T13:37:07.546+0000] {logging_mixin.py:188} INFO - [2026-05-19T13:37:07.545+0000] {dag.py:3096} INFO - Sync 1 DAGs
[2026-05-19T13:37:07.590+0000] {logging_mixin.py:188} INFO - [2026-05-19T13:37:07.589+0000] {dag.py:3954} INFO - Setting next_dagrun for example_branch_labels to 2026-05-18 00:00:00+00:00, run_after=2026-05-19 00:00:00+00:00
[2026-05-19T13:37:07.618+0000] {processor.py:183} INFO - Processing /home/airflow/.local/lib/python3.12/site-packages/airflow/example_dags/example_branch_labels.py took 0.142 seconds
[2026-05-19T13:37:38.747+0000] {processor.py:161} INFO - Started process (PID=868) to work on /home/airflow/.local/lib/python3.12/site-packages/airflow/example_dags/example_branch_labels.py
[2026-05-19T13:37:38.749+0000] {processor.py:830} INFO - Processing file /home/airflow/.local/lib/python3.12/site-packages/airflow/example_dags/example_branch_labels.py for tasks to queue
[2026-05-19T13:37:38.754+0000] {logging_mixin.py:188} INFO - [2026-05-19T13:37:38.752+0000] {dagbag.py:545} INFO - Filling up the DagBag from /home/airflow/.local/lib/python3.12/site-packages/airflow/example_dags/example_branch_labels.py
[2026-05-19T13:37:38.772+0000] {processor.py:840} INFO - DAG(s) 'example_branch_labels' retrieved from /home/airflow/.local/lib/python3.12/site-packages/airflow/example_dags/example_branch_labels.py
[2026-05-19T13:37:38.839+0000] {logging_mixin.py:188} INFO - [2026-05-19T13:37:38.838+0000] {dag.py:3096} INFO - Sync 1 DAGs
[2026-05-19T13:37:38.888+0000] {logging_mixin.py:188} INFO - [2026-05-19T13:37:38.887+0000] {dag.py:3954} INFO - Setting next_dagrun for example_branch_labels to 2026-05-18 00:00:00+00:00, run_after=2026-05-19 00:00:00+00:00
[2026-05-19T13:37:38.938+0000] {processor.py:183} INFO - Processing /home/airflow/.local/lib/python3.12/site-packages/airflow/example_dags/example_branch_labels.py took 0.207 seconds
[2026-05-19T13:38:09.519+0000] {processor.py:161} INFO - Started process (PID=927) to work on /home/airflow/.local/lib/python3.12/site-packages/airflow/example_dags/example_branch_labels.py
[2026-05-19T13:38:09.520+0000] {processor.py:830} INFO - Processing file /home/airflow/.local/lib/python3.12/site-packages/airflow/example_dags/example_branch_labels.py for tasks to queue
[2026-05-19T13:38:09.524+0000] {logging_mixin.py:188} INFO - [2026-05-19T13:38:09.523+0000] {dagbag.py:545} INFO - Filling up the DagBag from /home/airflow/.local/lib/python3.12/site-packages/airflow/example_dags/example_branch_labels.py
[2026-05-19T13:38:09.535+0000] {processor.py:840} INFO - DAG(s) 'example_branch_labels' retrieved from /home/airflow/.local/lib/python3.12/site-packages/airflow/example_dags/example_branch_labels.py
[2026-05-19T13:38:09.566+0000] {logging_mixin.py:188} INFO - [2026-05-19T13:38:09.565+0000] {dag.py:3096} INFO - Sync 1 DAGs
[2026-05-19T13:38:09.600+0000] {logging_mixin.py:188} INFO - [2026-05-19T13:38:09.599+0000] {dag.py:3954} INFO - Setting next_dagrun for example_branch_labels to 2026-05-18 00:00:00+00:00, run_after=2026-05-19 00:00:00+00:00
[2026-05-19T13:38:09.628+0000] {processor.py:183} INFO - Processing /home/airflow/.local/lib/python3.12/site-packages/airflow/example_dags/example_branch_labels.py took 0.117 seconds
[2026-05-19T13:38:40.382+0000] {processor.py:161} INFO - Started process (PID=987) to work on /home/airflow/.local/lib/python3.12/site-packages/airflow/example_dags/example_branch_labels.py
[2026-05-19T13:38:40.385+0000] {processor.py:830} INFO - Processing file /home/airflow/.local/lib/python3.12/site-packages/airflow/example_dags/example_branch_labels.py for tasks to queue
[2026-05-19T13:38:40.393+0000] {logging_mixin.py:188} INFO - [2026-05-19T13:38:40.392+0000] {dagbag.py:545} INFO - Filling up the DagBag from /home/airflow/.local/lib/python3.12/site-packages/airflow/example_dags/example_branch_labels.py
[2026-05-19T13:38:40.417+0000] {processor.py:840} INFO - DAG(s) 'example_branch_labels' retrieved from /home/airflow/.local/lib/python3.12/site-packages/airflow/example_dags/example_branch_labels.py
[2026-05-19T13:38:40.477+0000] {logging_mixin.py:188} INFO - [2026-05-19T13:38:40.476+0000] {dag.py:3096} INFO - Sync 1 DAGs
[2026-05-19T13:38:40.552+0000] {logging_mixin.py:188} INFO - [2026-05-19T13:38:40.552+0000] {dag.py:3954} INFO - Setting next_dagrun for example_branch_labels to 2026-05-18 00:00:00+00:00, run_after=2026-05-19 00:00:00+00:00
[2026-05-19T13:38:40.612+0000] {processor.py:183} INFO - Processing /home/airflow/.local/lib/python3.12/site-packages/airflow/example_dags/example_branch_labels.py took 0.239 seconds
[2026-05-19T13:39:11.454+0000] {processor.py:161} INFO - Started process (PID=1047) to work on /home/airflow/.local/lib/python3.12/site-packages/airflow/example_dags/example_branch_labels.py
[2026-05-19T13:39:11.456+0000] {processor.py:830} INFO - Processing file /home/airflow/.local/lib/python3.12/site-packages/airflow/example_dags/example_branch_labels.py for tasks to queue
[2026-05-19T13:39:11.462+0000] {logging_mixin.py:188} INFO - [2026-05-19T13:39:11.461+0000] {dagbag.py:545} INFO - Filling up the DagBag from /home/airflow/.local/lib/python3.12/site-packages/airflow/example_dags/example_branch_labels.py
[2026-05-19T13:39:11.488+0000] {processor.py:840} INFO - DAG(s) 'example_branch_labels' retrieved from /home/airflow/.local/lib/python3.12/site-packages/airflow/example_dags/example_branch_labels.py
[2026-05-19T13:39:11.553+0000] {logging_mixin.py:188} INFO - [2026-05-19T13:39:11.552+0000] {dag.py:3096} INFO - Sync 1 DAGs
[2026-05-19T13:39:11.631+0000] {logging_mixin.py:188} INFO - [2026-05-19T13:39:11.630+0000] {dag.py:3954} INFO - Setting next_dagrun for example_branch_labels to 2026-05-18 00:00:00+00:00, run_after=2026-05-19 00:00:00+00:00
[2026-05-19T13:39:11.687+0000] {processor.py:183} INFO - Processing /home/airflow/.local/lib/python3.12/site-packages/airflow/example_dags/example_branch_labels.py took 0.253 seconds
[2026-05-19T13:39:41.962+0000] {processor.py:161} INFO - Started process (PID=1105) to work on /home/airflow/.local/lib/python3.12/site-packages/airflow/example_dags/example_branch_labels.py
[2026-05-19T13:39:41.963+0000] {processor.py:830} INFO - Processing file /home/airflow/.local/lib/python3.12/site-packages/airflow/example_dags/example_branch_labels.py for tasks to queue
[2026-05-19T13:39:41.966+0000] {logging_mixin.py:188} INFO - [2026-05-19T13:39:41.965+0000] {dagbag.py:545} INFO - Filling up the DagBag from /home/airflow/.local/lib/python3.12/site-packages/airflow/example_dags/example_branch_labels.py
[2026-05-19T13:39:41.978+0000] {processor.py:840} INFO - DAG(s) 'example_branch_labels' retrieved from /home/airflow/.local/lib/python3.12/site-packages/airflow/example_dags/example_branch_labels.py
[2026-05-19T13:39:42.010+0000] {logging_mixin.py:188} INFO - [2026-05-19T13:39:42.009+0000] {dag.py:3096} INFO - Sync 1 DAGs
[2026-05-19T13:39:42.050+0000] {logging_mixin.py:188} INFO - [2026-05-19T13:39:42.050+0000] {dag.py:3954} INFO - Setting next_dagrun for example_branch_labels to 2026-05-18 00:00:00+00:00, run_after=2026-05-19 00:00:00+00:00
[2026-05-19T13:39:42.085+0000] {processor.py:183} INFO - Processing /home/airflow/.local/lib/python3.12/site-packages/airflow/example_dags/example_branch_labels.py took 0.134 seconds
[2026-05-19T13:40:12.210+0000] {processor.py:161} INFO - Started process (PID=1164) to work on /home/airflow/.local/lib/python3.12/site-packages/airflow/example_dags/example_branch_labels.py
[2026-05-19T13:40:12.213+0000] {processor.py:830} INFO - Processing file /home/airflow/.local/lib/python3.12/site-packages/airflow/example_dags/example_branch_labels.py for tasks to queue
[2026-05-19T13:40:12.217+0000] {logging_mixin.py:188} INFO - [2026-05-19T13:40:12.216+0000] {dagbag.py:545} INFO - Filling up the DagBag from /home/airflow/.local/lib/python3.12/site-packages/airflow/example_dags/example_branch_labels.py
[2026-05-19T13:40:12.233+0000] {processor.py:840} INFO - DAG(s) 'example_branch_labels' retrieved from /home/airflow/.local/lib/python3.12/site-packages/airflow/example_dags/example_branch_labels.py
[2026-05-19T13:40:12.281+0000] {logging_mixin.py:188} INFO - [2026-05-19T13:40:12.280+0000] {dag.py:3096} INFO - Sync 1 DAGs
[2026-05-19T13:40:12.334+0000] {logging_mixin.py:188} INFO - [2026-05-19T13:40:12.333+0000] {dag.py:3954} INFO - Setting next_dagrun for example_branch_labels to 2026-05-18 00:00:00+00:00, run_after=2026-05-19 00:00:00+00:00
[2026-05-19T13:40:12.383+0000] {processor.py:183} INFO - Processing /home/airflow/.local/lib/python3.12/site-packages/airflow/example_dags/example_branch_labels.py took 0.184 seconds
[2026-05-19T13:40:42.771+0000] {processor.py:161} INFO - Started process (PID=1223) to work on /home/airflow/.local/lib/python3.12/site-packages/airflow/example_dags/example_branch_labels.py
[2026-05-19T13:40:42.774+0000] {processor.py:830} INFO - Processing file /home/airflow/.local/lib/python3.12/site-packages/airflow/example_dags/example_branch_labels.py for tasks to queue
[2026-05-19T13:40:42.778+0000] {logging_mixin.py:188} INFO - [2026-05-19T13:40:42.777+0000] {dagbag.py:545} INFO - Filling up the DagBag from /home/airflow/.local/lib/python3.12/site-packages/airflow/example_dags/example_branch_labels.py
[2026-05-19T13:40:42.789+0000] {processor.py:840} INFO - DAG(s) 'example_branch_labels' retrieved from /home/airflow/.local/lib/python3.12/site-packages/airflow/example_dags/example_branch_labels.py
[2026-05-19T13:40:42.822+0000] {logging_mixin.py:188} INFO - [2026-05-19T13:40:42.822+0000] {dag.py:3096} INFO - Sync 1 DAGs
[2026-05-19T13:40:42.868+0000] {logging_mixin.py:188} INFO - [2026-05-19T13:40:42.867+0000] {dag.py:3954} INFO - Setting next_dagrun for example_branch_labels to 2026-05-18 00:00:00+00:00, run_after=2026-05-19 00:00:00+00:00
[2026-05-19T13:40:42.901+0000] {processor.py:183} INFO - Processing /home/airflow/.local/lib/python3.12/site-packages/airflow/example_dags/example_branch_labels.py took 0.140 seconds
[2026-05-19T13:41:13.161+0000] {processor.py:161} INFO - Started process (PID=1282) to work on /home/airflow/.local/lib/python3.12/site-packages/airflow/example_dags/example_branch_labels.py
[2026-05-19T13:41:13.163+0000] {processor.py:830} INFO - Processing file /home/airflow/.local/lib/python3.12/site-packages/airflow/example_dags/example_branch_labels.py for tasks to queue
[2026-05-19T13:41:13.168+0000] {logging_mixin.py:188} INFO - [2026-05-19T13:41:13.167+0000] {dagbag.py:545} INFO - Filling up the DagBag from /home/airflow/.local/lib/python3.12/site-packages/airflow/example_dags/example_branch_labels.py
[2026-05-19T13:41:13.178+0000] {processor.py:840} INFO - DAG(s) 'example_branch_labels' retrieved from /home/airflow/.local/lib/python3.12/site-packages/airflow/example_dags/example_branch_labels.py
[2026-05-19T13:41:13.220+0000] {logging_mixin.py:188} INFO - [2026-05-19T13:41:13.219+0000] {dag.py:3096} INFO - Sync 1 DAGs
[2026-05-19T13:41:13.259+0000] {logging_mixin.py:188} INFO - [2026-05-19T13:41:13.259+0000] {dag.py:3954} INFO - Setting next_dagrun for example_branch_labels to 2026-05-18 00:00:00+00:00, run_after=2026-05-19 00:00:00+00:00
[2026-05-19T13:41:13.304+0000] {processor.py:183} INFO - Processing /home/airflow/.local/lib/python3.12/site-packages/airflow/example_dags/example_branch_labels.py took 0.149 seconds
[2026-05-19T13:41:44.008+0000] {processor.py:161} INFO - Started process (PID=1341) to work on /home/airflow/.local/lib/python3.12/site-packages/airflow/example_dags/example_branch_labels.py
[2026-05-19T13:41:44.012+0000] {processor.py:830} INFO - Processing file /home/airflow/.local/lib/python3.12/site-packages/airflow/example_dags/example_branch_labels.py for tasks to queue
[2026-05-19T13:41:44.019+0000] {logging_mixin.py:188} INFO - [2026-05-19T13:41:44.017+0000] {dagbag.py:545} INFO - Filling up the DagBag from /home/airflow/.local/lib/python3.12/site-packages/airflow/example_dags/example_branch_labels.py
[2026-05-19T13:41:44.045+0000] {processor.py:840} INFO - DAG(s) 'example_branch_labels' retrieved from /home/airflow/.local/lib/python3.12/site-packages/airflow/example_dags/example_branch_labels.py
[2026-05-19T13:41:44.111+0000] {logging_mixin.py:188} INFO - [2026-05-19T13:41:44.111+0000] {dag.py:3096} INFO - Sync 1 DAGs
[2026-05-19T13:41:44.175+0000] {logging_mixin.py:188} INFO - [2026-05-19T13:41:44.175+0000] {dag.py:3954} INFO - Setting next_dagrun for example_branch_labels to 2026-05-18 00:00:00+00:00, run_after=2026-05-19 00:00:00+00:00
[2026-05-19T13:41:44.538+0000] {processor.py:183} INFO - Processing /home/airflow/.local/lib/python3.12/site-packages/airflow/example_dags/example_branch_labels.py took 0.544 seconds
[2026-05-19T13:42:15.133+0000] {processor.py:161} INFO - Started process (PID=1407) to work on /home/airflow/.local/lib/python3.12/site-packages/airflow/example_dags/example_branch_labels.py
[2026-05-19T13:42:15.147+0000] {processor.py:830} INFO - Processing file /home/airflow/.local/lib/python3.12/site-packages/airflow/example_dags/example_branch_labels.py for tasks to queue
[2026-05-19T13:42:15.158+0000] {logging_mixin.py:188} INFO - [2026-05-19T13:42:15.157+0000] {dagbag.py:545} INFO - Filling up the DagBag from /home/airflow/.local/lib/python3.12/site-packages/airflow/example_dags/example_branch_labels.py
[2026-05-19T13:42:15.199+0000] {processor.py:840} INFO - DAG(s) 'example_branch_labels' retrieved from /home/airflow/.local/lib/python3.12/site-packages/airflow/example_dags/example_branch_labels.py
[2026-05-19T13:42:15.271+0000] {logging_mixin.py:188} INFO - [2026-05-19T13:42:15.270+0000] {dag.py:3096} INFO - Sync 1 DAGs
[2026-05-19T13:42:15.338+0000] {logging_mixin.py:188} INFO - [2026-05-19T13:42:15.338+0000] {dag.py:3954} INFO - Setting next_dagrun for example_branch_labels to 2026-05-18 00:00:00+00:00, run_after=2026-05-19 00:00:00+00:00
[2026-05-19T13:42:15.401+0000] {processor.py:183} INFO - Processing /home/airflow/.local/lib/python3.12/site-packages/airflow/example_dags/example_branch_labels.py took 0.325 seconds
[2026-05-19T13:42:45.543+0000] {processor.py:161} INFO - Started process (PID=1465) to work on /home/airflow/.local/lib/python3.12/site-packages/airflow/example_dags/example_branch_labels.py
[2026-05-19T13:42:45.545+0000] {processor.py:830} INFO - Processing file /home/airflow/.local/lib/python3.12/site-packages/airflow/example_dags/example_branch_labels.py for tasks to queue
[2026-05-19T13:42:45.549+0000] {logging_mixin.py:188} INFO - [2026-05-19T13:42:45.548+0000] {dagbag.py:545} INFO - Filling up the DagBag from /home/airflow/.local/lib/python3.12/site-packages/airflow/example_dags/example_branch_labels.py
[2026-05-19T13:42:45.560+0000] {processor.py:840} INFO - DAG(s) 'example_branch_labels' retrieved from /home/airflow/.local/lib/python3.12/site-packages/airflow/example_dags/example_branch_labels.py
[2026-05-19T13:42:45.594+0000] {logging_mixin.py:188} INFO - [2026-05-19T13:42:45.594+0000] {dag.py:3096} INFO - Sync 1 DAGs
[2026-05-19T13:42:45.626+0000] {logging_mixin.py:188} INFO - [2026-05-19T13:42:45.625+0000] {dag.py:3954} INFO - Setting next_dagrun for example_branch_labels to 2026-05-18 00:00:00+00:00, run_after=2026-05-19 00:00:00+00:00
[2026-05-19T13:42:45.663+0000] {processor.py:183} INFO - Processing /home/airflow/.local/lib/python3.12/site-packages/airflow/example_dags/example_branch_labels.py took 0.127 seconds
[2026-05-19T13:43:16.424+0000] {processor.py:161} INFO - Started process (PID=1525) to work on /home/airflow/.local/lib/python3.12/site-packages/airflow/example_dags/example_branch_labels.py
[2026-05-19T13:43:16.426+0000] {processor.py:830} INFO - Processing file /home/airflow/.local/lib/python3.12/site-packages/airflow/example_dags/example_branch_labels.py for tasks to queue
[2026-05-19T13:43:16.431+0000] {logging_mixin.py:188} INFO - [2026-05-19T13:43:16.430+0000] {dagbag.py:545} INFO - Filling up the DagBag from /home/airflow/.local/lib/python3.12/site-packages/airflow/example_dags/example_branch_labels.py
[2026-05-19T13:43:16.447+0000] {processor.py:840} INFO - DAG(s) 'example_branch_labels' retrieved from /home/airflow/.local/lib/python3.12/site-packages/airflow/example_dags/example_branch_labels.py
[2026-05-19T13:43:16.486+0000] {logging_mixin.py:188} INFO - [2026-05-19T13:43:16.485+0000] {dag.py:3096} INFO - Sync 1 DAGs
[2026-05-19T13:43:16.529+0000] {logging_mixin.py:188} INFO - [2026-05-19T13:43:16.527+0000] {dag.py:3954} INFO - Setting next_dagrun for example_branch_labels to 2026-05-18 00:00:00+00:00, run_after=2026-05-19 00:00:00+00:00
[2026-05-19T13:43:16.569+0000] {processor.py:183} INFO - Processing /home/airflow/.local/lib/python3.12/site-packages/airflow/example_dags/example_branch_labels.py took 0.153 seconds
[2026-05-19T13:43:47.212+0000] {processor.py:161} INFO - Started process (PID=1584) to work on /home/airflow/.local/lib/python3.12/site-packages/airflow/example_dags/example_branch_labels.py
[2026-05-19T13:43:47.214+0000] {processor.py:830} INFO - Processing file /home/airflow/.local/lib/python3.12/site-packages/airflow/example_dags/example_branch_labels.py for tasks to queue
[2026-05-19T13:43:47.218+0000] {logging_mixin.py:188} INFO - [2026-05-19T13:43:47.218+0000] {dagbag.py:545} INFO - Filling up the DagBag from /home/airflow/.local/lib/python3.12/site-packages/airflow/example_dags/example_branch_labels.py
[2026-05-19T13:43:47.228+0000] {processor.py:840} INFO - DAG(s) 'example_branch_labels' retrieved from /home/airflow/.local/lib/python3.12/site-packages/airflow/example_dags/example_branch_labels.py
[2026-05-19T13:43:47.263+0000] {logging_mixin.py:188} INFO - [2026-05-19T13:43:47.263+0000] {dag.py:3096} INFO - Sync 1 DAGs
[2026-05-19T13:43:47.296+0000] {logging_mixin.py:188} INFO - [2026-05-19T13:43:47.296+0000] {dag.py:3954} INFO - Setting next_dagrun for example_branch_labels to 2026-05-18 00:00:00+00:00, run_after=2026-05-19 00:00:00+00:00
[2026-05-19T13:43:47.325+0000] {processor.py:183} INFO - Processing /home/airflow/.local/lib/python3.12/site-packages/airflow/example_dags/example_branch_labels.py took 0.122 seconds
[2026-05-19T13:44:18.111+0000] {processor.py:161} INFO - Started process (PID=1643) to work on /home/airflow/.local/lib/python3.12/site-packages/airflow/example_dags/example_branch_labels.py
[2026-05-19T13:44:18.113+0000] {processor.py:830} INFO - Processing file /home/airflow/.local/lib/python3.12/site-packages/airflow/example_dags/example_branch_labels.py for tasks to queue
[2026-05-19T13:44:18.116+0000] {logging_mixin.py:188} INFO - [2026-05-19T13:44:18.115+0000] {dagbag.py:545} INFO - Filling up the DagBag from /home/airflow/.local/lib/python3.12/site-packages/airflow/example_dags/example_branch_labels.py
[2026-05-19T13:44:18.124+0000] {processor.py:840} INFO - DAG(s) 'example_branch_labels' retrieved from /home/airflow/.local/lib/python3.12/site-packages/airflow/example_dags/example_branch_labels.py
[2026-05-19T13:44:18.158+0000] {logging_mixin.py:188} INFO - [2026-05-19T13:44:18.158+0000] {dag.py:3096} INFO - Sync 1 DAGs
[2026-05-19T13:44:18.180+0000] {logging_mixin.py:188} INFO - [2026-05-19T13:44:18.180+0000] {dag.py:3954} INFO - Setting next_dagrun for example_branch_labels to 2026-05-18 00:00:00+00:00, run_after=2026-05-19 00:00:00+00:00
[2026-05-19T13:44:18.207+0000] {processor.py:183} INFO - Processing /home/airflow/.local/lib/python3.12/site-packages/airflow/example_dags/example_branch_labels.py took 0.100 seconds
[2026-05-19T13:44:48.333+0000] {processor.py:161} INFO - Started process (PID=1702) to work on /home/airflow/.local/lib/python3.12/site-packages/airflow/example_dags/example_branch_labels.py
[2026-05-19T13:44:48.337+0000] {processor.py:830} INFO - Processing file /home/airflow/.local/lib/python3.12/site-packages/airflow/example_dags/example_branch_labels.py for tasks to queue
[2026-05-19T13:44:48.340+0000] {logging_mixin.py:188} INFO - [2026-05-19T13:44:48.339+0000] {dagbag.py:545} INFO - Filling up the DagBag from /home/airflow/.local/lib/python3.12/site-packages/airflow/example_dags/example_branch_labels.py
[2026-05-19T13:44:48.356+0000] {processor.py:840} INFO - DAG(s) 'example_branch_labels' retrieved from /home/airflow/.local/lib/python3.12/site-packages/airflow/example_dags/example_branch_labels.py
[2026-05-19T13:44:48.389+0000] {logging_mixin.py:188} INFO - [2026-05-19T13:44:48.389+0000] {dag.py:3096} INFO - Sync 1 DAGs
[2026-05-19T13:44:48.438+0000] {logging_mixin.py:188} INFO - [2026-05-19T13:44:48.438+0000] {dag.py:3954} INFO - Setting next_dagrun for example_branch_labels to 2026-05-18 00:00:00+00:00, run_after=2026-05-19 00:00:00+00:00
[2026-05-19T13:44:48.467+0000] {processor.py:183} INFO - Processing /home/airflow/.local/lib/python3.12/site-packages/airflow/example_dags/example_branch_labels.py took 0.142 seconds
[2026-05-19T13:45:18.888+0000] {processor.py:161} INFO - Started process (PID=1761) to work on /home/airflow/.local/lib/python3.12/site-packages/airflow/example_dags/example_branch_labels.py
[2026-05-19T13:45:18.890+0000] {processor.py:830} INFO - Processing file /home/airflow/.local/lib/python3.12/site-packages/airflow/example_dags/example_branch_labels.py for tasks to queue
[2026-05-19T13:45:18.894+0000] {logging_mixin.py:188} INFO - [2026-05-19T13:45:18.893+0000] {dagbag.py:545} INFO - Filling up the DagBag from /home/airflow/.local/lib/python3.12/site-packages/airflow/example_dags/example_branch_labels.py
[2026-05-19T13:45:18.907+0000] {processor.py:840} INFO - DAG(s) 'example_branch_labels' retrieved from /home/airflow/.local/lib/python3.12/site-packages/airflow/example_dags/example_branch_labels.py
[2026-05-19T13:45:18.942+0000] {logging_mixin.py:188} INFO - [2026-05-19T13:45:18.942+0000] {dag.py:3096} INFO - Sync 1 DAGs
[2026-05-19T13:45:18.979+0000] {logging_mixin.py:188} INFO - [2026-05-19T13:45:18.978+0000] {dag.py:3954} INFO - Setting next_dagrun for example_branch_labels to 2026-05-18 00:00:00+00:00, run_after=2026-05-19 00:00:00+00:00
[2026-05-19T13:45:19.010+0000] {processor.py:183} INFO - Processing /home/airflow/.local/lib/python3.12/site-packages/airflow/example_dags/example_branch_labels.py took 0.132 seconds
[2026-05-19T13:45:49.628+0000] {processor.py:161} INFO - Started process (PID=1820) to work on /home/airflow/.local/lib/python3.12/site-packages/airflow/example_dags/example_branch_labels.py
[2026-05-19T13:45:49.632+0000] {processor.py:830} INFO - Processing file /home/airflow/.local/lib/python3.12/site-packages/airflow/example_dags/example_branch_labels.py for tasks to queue
[2026-05-19T13:45:49.638+0000] {logging_mixin.py:188} INFO - [2026-05-19T13:45:49.638+0000] {dagbag.py:545} INFO - Filling up the DagBag from /home/airflow/.local/lib/python3.12/site-packages/airflow/example_dags/example_branch_labels.py
[2026-05-19T13:45:49.650+0000] {processor.py:840} INFO - DAG(s) 'example_branch_labels' retrieved from /home/airflow/.local/lib/python3.12/site-packages/airflow/example_dags/example_branch_labels.py
[2026-05-19T13:45:49.706+0000] {logging_mixin.py:188} INFO - [2026-05-19T13:45:49.706+0000] {dag.py:3096} INFO - Sync 1 DAGs
[2026-05-19T13:45:49.763+0000] {logging_mixin.py:188} INFO - [2026-05-19T13:45:49.762+0000] {dag.py:3954} INFO - Setting next_dagrun for example_branch_labels to 2026-05-18 00:00:00+00:00, run_after=2026-05-19 00:00:00+00:00
[2026-05-19T13:45:49.800+0000] {processor.py:183} INFO - Processing /home/airflow/.local/lib/python3.12/site-packages/airflow/example_dags/example_branch_labels.py took 0.178 seconds
[2026-05-19T13:46:20.143+0000] {processor.py:161} INFO - Started process (PID=1880) to work on /home/airflow/.local/lib/python3.12/site-packages/airflow/example_dags/example_branch_labels.py
[2026-05-19T13:46:20.145+0000] {processor.py:830} INFO - Processing file /home/airflow/.local/lib/python3.12/site-packages/airflow/example_dags/example_branch_labels.py for tasks to queue
[2026-05-19T13:46:20.148+0000] {logging_mixin.py:188} INFO - [2026-05-19T13:46:20.147+0000] {dagbag.py:545} INFO - Filling up the DagBag from /home/airflow/.local/lib/python3.12/site-packages/airflow/example_dags/example_branch_labels.py
[2026-05-19T13:46:20.161+0000] {processor.py:840} INFO - DAG(s) 'example_branch_labels' retrieved from /home/airflow/.local/lib/python3.12/site-packages/airflow/example_dags/example_branch_labels.py
[2026-05-19T13:46:20.197+0000] {logging_mixin.py:188} INFO - [2026-05-19T13:46:20.196+0000] {dag.py:3096} INFO - Sync 1 DAGs
[2026-05-19T13:46:20.232+0000] {logging_mixin.py:188} INFO - [2026-05-19T13:46:20.231+0000] {dag.py:3954} INFO - Setting next_dagrun for example_branch_labels to 2026-05-18 00:00:00+00:00, run_after=2026-05-19 00:00:00+00:00
[2026-05-19T13:46:20.267+0000] {processor.py:183} INFO - Processing /home/airflow/.local/lib/python3.12/site-packages/airflow/example_dags/example_branch_labels.py took 0.130 seconds
[2026-05-19T13:46:50.541+0000] {processor.py:161} INFO - Started process (PID=1939) to work on /home/airflow/.local/lib/python3.12/site-packages/airflow/example_dags/example_branch_labels.py
[2026-05-19T13:46:50.542+0000] {processor.py:830} INFO - Processing file /home/airflow/.local/lib/python3.12/site-packages/airflow/example_dags/example_branch_labels.py for tasks to queue
[2026-05-19T13:46:50.544+0000] {logging_mixin.py:188} INFO - [2026-05-19T13:46:50.544+0000] {dagbag.py:545} INFO - Filling up the DagBag from /home/airflow/.local/lib/python3.12/site-packages/airflow/example_dags/example_branch_labels.py
[2026-05-19T13:46:50.552+0000] {processor.py:840} INFO - DAG(s) 'example_branch_labels' retrieved from /home/airflow/.local/lib/python3.12/site-packages/airflow/example_dags/example_branch_labels.py
[2026-05-19T13:46:50.576+0000] {logging_mixin.py:188} INFO - [2026-05-19T13:46:50.576+0000] {dag.py:3096} INFO - Sync 1 DAGs
[2026-05-19T13:46:50.604+0000] {logging_mixin.py:188} INFO - [2026-05-19T13:46:50.604+0000] {dag.py:3954} INFO - Setting next_dagrun for example_branch_labels to 2026-05-18 00:00:00+00:00, run_after=2026-05-19 00:00:00+00:00
[2026-05-19T13:46:50.633+0000] {processor.py:183} INFO - Processing /home/airflow/.local/lib/python3.12/site-packages/airflow/example_dags/example_branch_labels.py took 0.098 seconds
[2026-05-19T13:47:21.169+0000] {processor.py:161} INFO - Started process (PID=1998) to work on /home/airflow/.local/lib/python3.12/site-packages/airflow/example_dags/example_branch_labels.py
[2026-05-19T13:47:21.171+0000] {processor.py:830} INFO - Processing file /home/airflow/.local/lib/python3.12/site-packages/airflow/example_dags/example_branch_labels.py for tasks to queue
[2026-05-19T13:47:21.173+0000] {logging_mixin.py:188} INFO - [2026-05-19T13:47:21.173+0000] {dagbag.py:545} INFO - Filling up the DagBag from /home/airflow/.local/lib/python3.12/site-packages/airflow/example_dags/example_branch_labels.py
[2026-05-19T13:47:21.185+0000] {processor.py:840} INFO - DAG(s) 'example_branch_labels' retrieved from /home/airflow/.local/lib/python3.12/site-packages/airflow/example_dags/example_branch_labels.py
[2026-05-19T13:47:21.222+0000] {logging_mixin.py:188} INFO - [2026-05-19T13:47:21.222+0000] {dag.py:3096} INFO - Sync 1 DAGs
[2026-05-19T13:47:21.256+0000] {logging_mixin.py:188} INFO - [2026-05-19T13:47:21.255+0000] {dag.py:3954} INFO - Setting next_dagrun for example_branch_labels to 2026-05-18 00:00:00+00:00, run_after=2026-05-19 00:00:00+00:00
[2026-05-19T13:47:21.298+0000] {processor.py:183} INFO - Processing /home/airflow/.local/lib/python3.12/site-packages/airflow/example_dags/example_branch_labels.py took 0.136 seconds
[2026-05-19T13:47:51.667+0000] {processor.py:161} INFO - Started process (PID=2057) to work on /home/airflow/.local/lib/python3.12/site-packages/airflow/example_dags/example_branch_labels.py
[2026-05-19T13:47:51.669+0000] {processor.py:830} INFO - Processing file /home/airflow/.local/lib/python3.12/site-packages/airflow/example_dags/example_branch_labels.py for tasks to queue
[2026-05-19T13:47:51.671+0000] {logging_mixin.py:188} INFO - [2026-05-19T13:47:51.670+0000] {dagbag.py:545} INFO - Filling up the DagBag from /home/airflow/.local/lib/python3.12/site-packages/airflow/example_dags/example_branch_labels.py
[2026-05-19T13:47:51.680+0000] {processor.py:840} INFO - DAG(s) 'example_branch_labels' retrieved from /home/airflow/.local/lib/python3.12/site-packages/airflow/example_dags/example_branch_labels.py
[2026-05-19T13:47:51.712+0000] {logging_mixin.py:188} INFO - [2026-05-19T13:47:51.712+0000] {dag.py:3096} INFO - Sync 1 DAGs
[2026-05-19T13:47:51.735+0000] {logging_mixin.py:188} INFO - [2026-05-19T13:47:51.735+0000] {dag.py:3954} INFO - Setting next_dagrun for example_branch_labels to 2026-05-18 00:00:00+00:00, run_after=2026-05-19 00:00:00+00:00
[2026-05-19T13:47:51.766+0000] {processor.py:183} INFO - Processing /home/airflow/.local/lib/python3.12/site-packages/airflow/example_dags/example_branch_labels.py took 0.104 seconds
[2026-05-19T13:48:22.071+0000] {processor.py:161} INFO - Started process (PID=2116) to work on /home/airflow/.local/lib/python3.12/site-packages/airflow/example_dags/example_branch_labels.py
[2026-05-19T13:48:22.072+0000] {processor.py:830} INFO - Processing file /home/airflow/.local/lib/python3.12/site-packages/airflow/example_dags/example_branch_labels.py for tasks to queue
[2026-05-19T13:48:22.075+0000] {logging_mixin.py:188} INFO - [2026-05-19T13:48:22.074+0000] {dagbag.py:545} INFO - Filling up the DagBag from /home/airflow/.local/lib/python3.12/site-packages/airflow/example_dags/example_branch_labels.py
[2026-05-19T13:48:22.086+0000] {processor.py:840} INFO - DAG(s) 'example_branch_labels' retrieved from /home/airflow/.local/lib/python3.12/site-packages/airflow/example_dags/example_branch_labels.py
[2026-05-19T13:48:22.114+0000] {logging_mixin.py:188} INFO - [2026-05-19T13:48:22.114+0000] {dag.py:3096} INFO - Sync 1 DAGs
[2026-05-19T13:48:22.141+0000] {logging_mixin.py:188} INFO - [2026-05-19T13:48:22.141+0000] {dag.py:3954} INFO - Setting next_dagrun for example_branch_labels to 2026-05-18 00:00:00+00:00, run_after=2026-05-19 00:00:00+00:00
[2026-05-19T13:48:22.168+0000] {processor.py:183} INFO - Processing /home/airflow/.local/lib/python3.12/site-packages/airflow/example_dags/example_branch_labels.py took 0.102 seconds
[2026-05-19T13:48:52.779+0000] {processor.py:161} INFO - Started process (PID=2175) to work on /home/airflow/.local/lib/python3.12/site-packages/airflow/example_dags/example_branch_labels.py
[2026-05-19T13:48:52.783+0000] {processor.py:830} INFO - Processing file /home/airflow/.local/lib/python3.12/site-packages/airflow/example_dags/example_branch_labels.py for tasks to queue
[2026-05-19T13:48:52.806+0000] {logging_mixin.py:188} INFO - [2026-05-19T13:48:52.804+0000] {dagbag.py:545} INFO - Filling up the DagBag from /home/airflow/.local/lib/python3.12/site-packages/airflow/example_dags/example_branch_labels.py
[2026-05-19T13:48:52.845+0000] {processor.py:840} INFO - DAG(s) 'example_branch_labels' retrieved from /home/airflow/.local/lib/python3.12/site-packages/airflow/example_dags/example_branch_labels.py
[2026-05-19T13:48:52.910+0000] {logging_mixin.py:188} INFO - [2026-05-19T13:48:52.909+0000] {dag.py:3096} INFO - Sync 1 DAGs
[2026-05-19T13:48:52.968+0000] {logging_mixin.py:188} INFO - [2026-05-19T13:48:52.967+0000] {dag.py:3954} INFO - Setting next_dagrun for example_branch_labels to 2026-05-18 00:00:00+00:00, run_after=2026-05-19 00:00:00+00:00
[2026-05-19T13:48:53.022+0000] {processor.py:183} INFO - Processing /home/airflow/.local/lib/python3.12/site-packages/airflow/example_dags/example_branch_labels.py took 0.287 seconds
[2026-05-19T13:49:23.191+0000] {processor.py:161} INFO - Started process (PID=2234) to work on /home/airflow/.local/lib/python3.12/site-packages/airflow/example_dags/example_branch_labels.py
[2026-05-19T13:49:23.195+0000] {processor.py:830} INFO - Processing file /home/airflow/.local/lib/python3.12/site-packages/airflow/example_dags/example_branch_labels.py for tasks to queue
[2026-05-19T13:49:23.199+0000] {logging_mixin.py:188} INFO - [2026-05-19T13:49:23.198+0000] {dagbag.py:545} INFO - Filling up the DagBag from /home/airflow/.local/lib/python3.12/site-packages/airflow/example_dags/example_branch_labels.py
[2026-05-19T13:49:23.215+0000] {processor.py:840} INFO - DAG(s) 'example_branch_labels' retrieved from /home/airflow/.local/lib/python3.12/site-packages/airflow/example_dags/example_branch_labels.py
[2026-05-19T13:49:23.264+0000] {logging_mixin.py:188} INFO - [2026-05-19T13:49:23.264+0000] {dag.py:3096} INFO - Sync 1 DAGs
[2026-05-19T13:49:23.305+0000] {logging_mixin.py:188} INFO - [2026-05-19T13:49:23.305+0000] {dag.py:3954} INFO - Setting next_dagrun for example_branch_labels to 2026-05-18 00:00:00+00:00, run_after=2026-05-19 00:00:00+00:00
[2026-05-19T13:49:23.350+0000] {processor.py:183} INFO - Processing /home/airflow/.local/lib/python3.12/site-packages/airflow/example_dags/example_branch_labels.py took 0.171 seconds
[2026-05-19T13:49:53.967+0000] {processor.py:161} INFO - Started process (PID=2293) to work on /home/airflow/.local/lib/python3.12/site-packages/airflow/example_dags/example_branch_labels.py
[2026-05-19T13:49:53.968+0000] {processor.py:830} INFO - Processing file /home/airflow/.local/lib/python3.12/site-packages/airflow/example_dags/example_branch_labels.py for tasks to queue
[2026-05-19T13:49:53.973+0000] {logging_mixin.py:188} INFO - [2026-05-19T13:49:53.973+0000] {dagbag.py:545} INFO - Filling up the DagBag from /home/airflow/.local/lib/python3.12/site-packages/airflow/example_dags/example_branch_labels.py
[2026-05-19T13:49:53.988+0000] {processor.py:840} INFO - DAG(s) 'example_branch_labels' retrieved from /home/airflow/.local/lib/python3.12/site-packages/airflow/example_dags/example_branch_labels.py
[2026-05-19T13:49:54.024+0000] {logging_mixin.py:188} INFO - [2026-05-19T13:49:54.024+0000] {dag.py:3096} INFO - Sync 1 DAGs
[2026-05-19T13:49:54.056+0000] {logging_mixin.py:188} INFO - [2026-05-19T13:49:54.056+0000] {dag.py:3954} INFO - Setting next_dagrun for example_branch_labels to 2026-05-18 00:00:00+00:00, run_after=2026-05-19 00:00:00+00:00
[2026-05-19T13:49:54.090+0000] {processor.py:183} INFO - Processing /home/airflow/.local/lib/python3.12/site-packages/airflow/example_dags/example_branch_labels.py took 0.132 seconds
[2026-05-19T13:50:24.389+0000] {processor.py:161} INFO - Started process (PID=2352) to work on /home/airflow/.local/lib/python3.12/site-packages/airflow/example_dags/example_branch_labels.py
[2026-05-19T13:50:24.391+0000] {processor.py:830} INFO - Processing file /home/airflow/.local/lib/python3.12/site-packages/airflow/example_dags/example_branch_labels.py for tasks to queue
[2026-05-19T13:50:24.394+0000] {logging_mixin.py:188} INFO - [2026-05-19T13:50:24.394+0000] {dagbag.py:545} INFO - Filling up the DagBag from /home/airflow/.local/lib/python3.12/site-packages/airflow/example_dags/example_branch_labels.py
[2026-05-19T13:50:24.404+0000] {processor.py:840} INFO - DAG(s) 'example_branch_labels' retrieved from /home/airflow/.local/lib/python3.12/site-packages/airflow/example_dags/example_branch_labels.py
[2026-05-19T13:50:24.436+0000] {logging_mixin.py:188} INFO - [2026-05-19T13:50:24.436+0000] {dag.py:3096} INFO - Sync 1 DAGs
[2026-05-19T13:50:24.463+0000] {logging_mixin.py:188} INFO - [2026-05-19T13:50:24.463+0000] {dag.py:3954} INFO - Setting next_dagrun for example_branch_labels to 2026-05-18 00:00:00+00:00, run_after=2026-05-19 00:00:00+00:00
[2026-05-19T13:50:24.497+0000] {processor.py:183} INFO - Processing /home/airflow/.local/lib/python3.12/site-packages/airflow/example_dags/example_branch_labels.py took 0.113 seconds
[2026-05-19T13:50:55.186+0000] {processor.py:161} INFO - Started process (PID=2411) to work on /home/airflow/.local/lib/python3.12/site-packages/airflow/example_dags/example_branch_labels.py
[2026-05-19T13:50:55.188+0000] {processor.py:830} INFO - Processing file /home/airflow/.local/lib/python3.12/site-packages/airflow/example_dags/example_branch_labels.py for tasks to queue
[2026-05-19T13:50:55.190+0000] {logging_mixin.py:188} INFO - [2026-05-19T13:50:55.190+0000] {dagbag.py:545} INFO - Filling up the DagBag from /home/airflow/.local/lib/python3.12/site-packages/airflow/example_dags/example_branch_labels.py
[2026-05-19T13:50:55.198+0000] {processor.py:840} INFO - DAG(s) 'example_branch_labels' retrieved from /home/airflow/.local/lib/python3.12/site-packages/airflow/example_dags/example_branch_labels.py
[2026-05-19T13:50:55.228+0000] {logging_mixin.py:188} INFO - [2026-05-19T13:50:55.228+0000] {dag.py:3096} INFO - Sync 1 DAGs
[2026-05-19T13:50:55.258+0000] {logging_mixin.py:188} INFO - [2026-05-19T13:50:55.258+0000] {dag.py:3954} INFO - Setting next_dagrun for example_branch_labels to 2026-05-18 00:00:00+00:00, run_after=2026-05-19 00:00:00+00:00
[2026-05-19T13:50:55.288+0000] {processor.py:183} INFO - Processing /home/airflow/.local/lib/python3.12/site-packages/airflow/example_dags/example_branch_labels.py took 0.110 seconds
[2026-05-19T13:51:25.503+0000] {processor.py:161} INFO - Started process (PID=2470) to work on /home/airflow/.local/lib/python3.12/site-packages/airflow/example_dags/example_branch_labels.py
[2026-05-19T13:51:25.505+0000] {processor.py:830} INFO - Processing file /home/airflow/.local/lib/python3.12/site-packages/airflow/example_dags/example_branch_labels.py for tasks to queue
[2026-05-19T13:51:25.509+0000] {logging_mixin.py:188} INFO - [2026-05-19T13:51:25.508+0000] {dagbag.py:545} INFO - Filling up the DagBag from /home/airflow/.local/lib/python3.12/site-packages/airflow/example_dags/example_branch_labels.py
[2026-05-19T13:51:25.520+0000] {processor.py:840} INFO - DAG(s) 'example_branch_labels' retrieved from /home/airflow/.local/lib/python3.12/site-packages/airflow/example_dags/example_branch_labels.py
[2026-05-19T13:51:25.548+0000] {logging_mixin.py:188} INFO - [2026-05-19T13:51:25.548+0000] {dag.py:3096} INFO - Sync 1 DAGs
[2026-05-19T13:51:25.583+0000] {logging_mixin.py:188} INFO - [2026-05-19T13:51:25.583+0000] {dag.py:3954} INFO - Setting next_dagrun for example_branch_labels to 2026-05-18 00:00:00+00:00, run_after=2026-05-19 00:00:00+00:00
[2026-05-19T13:51:25.611+0000] {processor.py:183} INFO - Processing /home/airflow/.local/lib/python3.12/site-packages/airflow/example_dags/example_branch_labels.py took 0.116 seconds
[2026-05-19T13:51:56.129+0000] {processor.py:161} INFO - Started process (PID=2529) to work on /home/airflow/.local/lib/python3.12/site-packages/airflow/example_dags/example_branch_labels.py
[2026-05-19T13:51:56.132+0000] {processor.py:830} INFO - Processing file /home/airflow/.local/lib/python3.12/site-packages/airflow/example_dags/example_branch_labels.py for tasks to queue
[2026-05-19T13:51:56.136+0000] {logging_mixin.py:188} INFO - [2026-05-19T13:51:56.136+0000] {dagbag.py:545} INFO - Filling up the DagBag from /home/airflow/.local/lib/python3.12/site-packages/airflow/example_dags/example_branch_labels.py
[2026-05-19T13:51:56.148+0000] {processor.py:840} INFO - DAG(s) 'example_branch_labels' retrieved from /home/airflow/.local/lib/python3.12/site-packages/airflow/example_dags/example_branch_labels.py
[2026-05-19T13:51:56.177+0000] {logging_mixin.py:188} INFO - [2026-05-19T13:51:56.176+0000] {dag.py:3096} INFO - Sync 1 DAGs
[2026-05-19T13:51:56.218+0000] {logging_mixin.py:188} INFO - [2026-05-19T13:51:56.218+0000] {dag.py:3954} INFO - Setting next_dagrun for example_branch_labels to 2026-05-18 00:00:00+00:00, run_after=2026-05-19 00:00:00+00:00
[2026-05-19T13:51:56.247+0000] {processor.py:183} INFO - Processing /home/airflow/.local/lib/python3.12/site-packages/airflow/example_dags/example_branch_labels.py took 0.129 seconds
[2026-05-19T13:52:26.364+0000] {processor.py:161} INFO - Started process (PID=2588) to work on /home/airflow/.local/lib/python3.12/site-packages/airflow/example_dags/example_branch_labels.py
[2026-05-19T13:52:26.365+0000] {processor.py:830} INFO - Processing file /home/airflow/.local/lib/python3.12/site-packages/airflow/example_dags/example_branch_labels.py for tasks to queue
[2026-05-19T13:52:26.368+0000] {logging_mixin.py:188} INFO - [2026-05-19T13:52:26.368+0000] {dagbag.py:545} INFO - Filling up the DagBag from /home/airflow/.local/lib/python3.12/site-packages/airflow/example_dags/example_branch_labels.py
[2026-05-19T13:52:26.377+0000] {processor.py:840} INFO - DAG(s) 'example_branch_labels' retrieved from /home/airflow/.local/lib/python3.12/site-packages/airflow/example_dags/example_branch_labels.py
[2026-05-19T13:52:26.424+0000] {logging_mixin.py:188} INFO - [2026-05-19T13:52:26.423+0000] {dag.py:3096} INFO - Sync 1 DAGs
[2026-05-19T13:52:26.459+0000] {logging_mixin.py:188} INFO - [2026-05-19T13:52:26.458+0000] {dag.py:3954} INFO - Setting next_dagrun for example_branch_labels to 2026-05-18 00:00:00+00:00, run_after=2026-05-19 00:00:00+00:00
[2026-05-19T13:52:26.498+0000] {processor.py:183} INFO - Processing /home/airflow/.local/lib/python3.12/site-packages/airflow/example_dags/example_branch_labels.py took 0.143 seconds
[2026-05-19T13:52:56.572+0000] {processor.py:161} INFO - Started process (PID=2647) to work on /home/airflow/.local/lib/python3.12/site-packages/airflow/example_dags/example_branch_labels.py
[2026-05-19T13:52:56.574+0000] {processor.py:830} INFO - Processing file /home/airflow/.local/lib/python3.12/site-packages/airflow/example_dags/example_branch_labels.py for tasks to queue
[2026-05-19T13:52:56.578+0000] {logging_mixin.py:188} INFO - [2026-05-19T13:52:56.577+0000] {dagbag.py:545} INFO - Filling up the DagBag from /home/airflow/.local/lib/python3.12/site-packages/airflow/example_dags/example_branch_labels.py
[2026-05-19T13:52:56.585+0000] {processor.py:840} INFO - DAG(s) 'example_branch_labels' retrieved from /home/airflow/.local/lib/python3.12/site-packages/airflow/example_dags/example_branch_labels.py
[2026-05-19T13:52:56.631+0000] {logging_mixin.py:188} INFO - [2026-05-19T13:52:56.631+0000] {dag.py:3096} INFO - Sync 1 DAGs
[2026-05-19T13:52:56.679+0000] {logging_mixin.py:188} INFO - [2026-05-19T13:52:56.679+0000] {dag.py:3954} INFO - Setting next_dagrun for example_branch_labels to 2026-05-18 00:00:00+00:00, run_after=2026-05-19 00:00:00+00:00
[2026-05-19T13:52:56.710+0000] {processor.py:183} INFO - Processing /home/airflow/.local/lib/python3.12/site-packages/airflow/example_dags/example_branch_labels.py took 0.142 seconds
[2026-05-19T13:53:27.048+0000] {processor.py:161} INFO - Started process (PID=2706) to work on /home/airflow/.local/lib/python3.12/site-packages/airflow/example_dags/example_branch_labels.py
[2026-05-19T13:53:27.050+0000] {processor.py:830} INFO - Processing file /home/airflow/.local/lib/python3.12/site-packages/airflow/example_dags/example_branch_labels.py for tasks to queue
[2026-05-19T13:53:27.053+0000] {logging_mixin.py:188} INFO - [2026-05-19T13:53:27.052+0000] {dagbag.py:545} INFO - Filling up the DagBag from /home/airflow/.local/lib/python3.12/site-packages/airflow/example_dags/example_branch_labels.py
[2026-05-19T13:53:27.062+0000] {processor.py:840} INFO - DAG(s) 'example_branch_labels' retrieved from /home/airflow/.local/lib/python3.12/site-packages/airflow/example_dags/example_branch_labels.py
[2026-05-19T13:53:27.096+0000] {logging_mixin.py:188} INFO - [2026-05-19T13:53:27.096+0000] {dag.py:3096} INFO - Sync 1 DAGs
[2026-05-19T13:53:27.125+0000] {logging_mixin.py:188} INFO - [2026-05-19T13:53:27.124+0000] {dag.py:3954} INFO - Setting next_dagrun for example_branch_labels to 2026-05-18 00:00:00+00:00, run_after=2026-05-19 00:00:00+00:00
[2026-05-19T13:53:27.156+0000] {processor.py:183} INFO - Processing /home/airflow/.local/lib/python3.12/site-packages/airflow/example_dags/example_branch_labels.py took 0.114 seconds
[2026-05-19T13:53:57.612+0000] {processor.py:161} INFO - Started process (PID=2765) to work on /home/airflow/.local/lib/python3.12/site-packages/airflow/example_dags/example_branch_labels.py
[2026-05-19T13:53:57.613+0000] {processor.py:830} INFO - Processing file /home/airflow/.local/lib/python3.12/site-packages/airflow/example_dags/example_branch_labels.py for tasks to queue
[2026-05-19T13:53:57.615+0000] {logging_mixin.py:188} INFO - [2026-05-19T13:53:57.615+0000] {dagbag.py:545} INFO - Filling up the DagBag from /home/airflow/.local/lib/python3.12/site-packages/airflow/example_dags/example_branch_labels.py
[2026-05-19T13:53:57.628+0000] {processor.py:840} INFO - DAG(s) 'example_branch_labels' retrieved from /home/airflow/.local/lib/python3.12/site-packages/airflow/example_dags/example_branch_labels.py
[2026-05-19T13:53:57.656+0000] {logging_mixin.py:188} INFO - [2026-05-19T13:53:57.656+0000] {dag.py:3096} INFO - Sync 1 DAGs
[2026-05-19T13:53:57.687+0000] {logging_mixin.py:188} INFO - [2026-05-19T13:53:57.687+0000] {dag.py:3954} INFO - Setting next_dagrun for example_branch_labels to 2026-05-18 00:00:00+00:00, run_after=2026-05-19 00:00:00+00:00
[2026-05-19T13:53:57.718+0000] {processor.py:183} INFO - Processing /home/airflow/.local/lib/python3.12/site-packages/airflow/example_dags/example_branch_labels.py took 0.111 seconds
[2026-05-19T13:54:28.231+0000] {processor.py:161} INFO - Started process (PID=2824) to work on /home/airflow/.local/lib/python3.12/site-packages/airflow/example_dags/example_branch_labels.py
[2026-05-19T13:54:28.234+0000] {processor.py:830} INFO - Processing file /home/airflow/.local/lib/python3.12/site-packages/airflow/example_dags/example_branch_labels.py for tasks to queue
[2026-05-19T13:54:28.239+0000] {logging_mixin.py:188} INFO - [2026-05-19T13:54:28.238+0000] {dagbag.py:545} INFO - Filling up the DagBag from /home/airflow/.local/lib/python3.12/site-packages/airflow/example_dags/example_branch_labels.py
[2026-05-19T13:54:28.257+0000] {processor.py:840} INFO - DAG(s) 'example_branch_labels' retrieved from /home/airflow/.local/lib/python3.12/site-packages/airflow/example_dags/example_branch_labels.py
[2026-05-19T13:54:28.294+0000] {logging_mixin.py:188} INFO - [2026-05-19T13:54:28.294+0000] {dag.py:3096} INFO - Sync 1 DAGs
[2026-05-19T13:54:28.343+0000] {logging_mixin.py:188} INFO - [2026-05-19T13:54:28.343+0000] {dag.py:3954} INFO - Setting next_dagrun for example_branch_labels to 2026-05-18 00:00:00+00:00, run_after=2026-05-19 00:00:00+00:00
[2026-05-19T13:54:28.374+0000] {processor.py:183} INFO - Processing /home/airflow/.local/lib/python3.12/site-packages/airflow/example_dags/example_branch_labels.py took 0.153 seconds
[2026-05-19T13:54:59.163+0000] {processor.py:161} INFO - Started process (PID=2883) to work on /home/airflow/.local/lib/python3.12/site-packages/airflow/example_dags/example_branch_labels.py
[2026-05-19T13:54:59.164+0000] {processor.py:830} INFO - Processing file /home/airflow/.local/lib/python3.12/site-packages/airflow/example_dags/example_branch_labels.py for tasks to queue
[2026-05-19T13:54:59.167+0000] {logging_mixin.py:188} INFO - [2026-05-19T13:54:59.166+0000] {dagbag.py:545} INFO - Filling up the DagBag from /home/airflow/.local/lib/python3.12/site-packages/airflow/example_dags/example_branch_labels.py
[2026-05-19T13:54:59.175+0000] {processor.py:840} INFO - DAG(s) 'example_branch_labels' retrieved from /home/airflow/.local/lib/python3.12/site-packages/airflow/example_dags/example_branch_labels.py
[2026-05-19T13:54:59.210+0000] {logging_mixin.py:188} INFO - [2026-05-19T13:54:59.209+0000] {dag.py:3096} INFO - Sync 1 DAGs
[2026-05-19T13:54:59.243+0000] {logging_mixin.py:188} INFO - [2026-05-19T13:54:59.243+0000] {dag.py:3954} INFO - Setting next_dagrun for example_branch_labels to 2026-05-18 00:00:00+00:00, run_after=2026-05-19 00:00:00+00:00
[2026-05-19T13:54:59.276+0000] {processor.py:183} INFO - Processing /home/airflow/.local/lib/python3.12/site-packages/airflow/example_dags/example_branch_labels.py took 0.122 seconds
[2026-05-19T13:55:29.562+0000] {processor.py:161} INFO - Started process (PID=2942) to work on /home/airflow/.local/lib/python3.12/site-packages/airflow/example_dags/example_branch_labels.py
[2026-05-19T13:55:29.563+0000] {processor.py:830} INFO - Processing file /home/airflow/.local/lib/python3.12/site-packages/airflow/example_dags/example_branch_labels.py for tasks to queue
[2026-05-19T13:55:29.566+0000] {logging_mixin.py:188} INFO - [2026-05-19T13:55:29.565+0000] {dagbag.py:545} INFO - Filling up the DagBag from /home/airflow/.local/lib/python3.12/site-packages/airflow/example_dags/example_branch_labels.py
[2026-05-19T13:55:29.577+0000] {processor.py:840} INFO - DAG(s) 'example_branch_labels' retrieved from /home/airflow/.local/lib/python3.12/site-packages/airflow/example_dags/example_branch_labels.py
[2026-05-19T13:55:29.604+0000] {logging_mixin.py:188} INFO - [2026-05-19T13:55:29.604+0000] {dag.py:3096} INFO - Sync 1 DAGs
[2026-05-19T13:55:29.627+0000] {logging_mixin.py:188} INFO - [2026-05-19T13:55:29.627+0000] {dag.py:3954} INFO - Setting next_dagrun for example_branch_labels to 2026-05-18 00:00:00+00:00, run_after=2026-05-19 00:00:00+00:00
[2026-05-19T13:55:29.659+0000] {processor.py:183} INFO - Processing /home/airflow/.local/lib/python3.12/site-packages/airflow/example_dags/example_branch_labels.py took 0.103 seconds
[2026-05-19T13:56:00.074+0000] {processor.py:161} INFO - Started process (PID=3001) to work on /home/airflow/.local/lib/python3.12/site-packages/airflow/example_dags/example_branch_labels.py
[2026-05-19T13:56:00.076+0000] {processor.py:830} INFO - Processing file /home/airflow/.local/lib/python3.12/site-packages/airflow/example_dags/example_branch_labels.py for tasks to queue
[2026-05-19T13:56:00.081+0000] {logging_mixin.py:188} INFO - [2026-05-19T13:56:00.080+0000] {dagbag.py:545} INFO - Filling up the DagBag from /home/airflow/.local/lib/python3.12/site-packages/airflow/example_dags/example_branch_labels.py
[2026-05-19T13:56:00.089+0000] {processor.py:840} INFO - DAG(s) 'example_branch_labels' retrieved from /home/airflow/.local/lib/python3.12/site-packages/airflow/example_dags/example_branch_labels.py
[2026-05-19T13:56:00.124+0000] {logging_mixin.py:188} INFO - [2026-05-19T13:56:00.124+0000] {dag.py:3096} INFO - Sync 1 DAGs
[2026-05-19T13:56:00.155+0000] {logging_mixin.py:188} INFO - [2026-05-19T13:56:00.155+0000] {dag.py:3954} INFO - Setting next_dagrun for example_branch_labels to 2026-05-18 00:00:00+00:00, run_after=2026-05-19 00:00:00+00:00
[2026-05-19T13:56:00.178+0000] {processor.py:183} INFO - Processing /home/airflow/.local/lib/python3.12/site-packages/airflow/example_dags/example_branch_labels.py took 0.112 seconds
[2026-05-19T13:56:30.492+0000] {processor.py:161} INFO - Started process (PID=3059) to work on /home/airflow/.local/lib/python3.12/site-packages/airflow/example_dags/example_branch_labels.py
[2026-05-19T13:56:30.495+0000] {processor.py:830} INFO - Processing file /home/airflow/.local/lib/python3.12/site-packages/airflow/example_dags/example_branch_labels.py for tasks to queue
[2026-05-19T13:56:30.499+0000] {logging_mixin.py:188} INFO - [2026-05-19T13:56:30.498+0000] {dagbag.py:545} INFO - Filling up the DagBag from /home/airflow/.local/lib/python3.12/site-packages/airflow/example_dags/example_branch_labels.py
[2026-05-19T13:56:30.509+0000] {processor.py:840} INFO - DAG(s) 'example_branch_labels' retrieved from /home/airflow/.local/lib/python3.12/site-packages/airflow/example_dags/example_branch_labels.py
[2026-05-19T13:56:30.550+0000] {logging_mixin.py:188} INFO - [2026-05-19T13:56:30.549+0000] {dag.py:3096} INFO - Sync 1 DAGs
[2026-05-19T13:56:30.639+0000] {logging_mixin.py:188} INFO - [2026-05-19T13:56:30.638+0000] {dag.py:3954} INFO - Setting next_dagrun for example_branch_labels to 2026-05-18 00:00:00+00:00, run_after=2026-05-19 00:00:00+00:00
[2026-05-19T13:56:30.747+0000] {processor.py:183} INFO - Processing /home/airflow/.local/lib/python3.12/site-packages/airflow/example_dags/example_branch_labels.py took 0.268 seconds
[2026-05-19T13:57:01.781+0000] {processor.py:161} INFO - Started process (PID=3116) to work on /home/airflow/.local/lib/python3.12/site-packages/airflow/example_dags/example_branch_labels.py
[2026-05-19T13:57:01.782+0000] {processor.py:830} INFO - Processing file /home/airflow/.local/lib/python3.12/site-packages/airflow/example_dags/example_branch_labels.py for tasks to queue
[2026-05-19T13:57:01.787+0000] {logging_mixin.py:188} INFO - [2026-05-19T13:57:01.787+0000] {dagbag.py:545} INFO - Filling up the DagBag from /home/airflow/.local/lib/python3.12/site-packages/airflow/example_dags/example_branch_labels.py
[2026-05-19T13:57:01.796+0000] {processor.py:840} INFO - DAG(s) 'example_branch_labels' retrieved from /home/airflow/.local/lib/python3.12/site-packages/airflow/example_dags/example_branch_labels.py
[2026-05-19T13:57:01.830+0000] {logging_mixin.py:188} INFO - [2026-05-19T13:57:01.829+0000] {dag.py:3096} INFO - Sync 1 DAGs
[2026-05-19T13:57:01.860+0000] {logging_mixin.py:188} INFO - [2026-05-19T13:57:01.860+0000] {dag.py:3954} INFO - Setting next_dagrun for example_branch_labels to 2026-05-18 00:00:00+00:00, run_after=2026-05-19 00:00:00+00:00
[2026-05-19T13:57:01.896+0000] {processor.py:183} INFO - Processing /home/airflow/.local/lib/python3.12/site-packages/airflow/example_dags/example_branch_labels.py took 0.122 seconds
[2026-05-19T13:57:32.098+0000] {processor.py:161} INFO - Started process (PID=3175) to work on /home/airflow/.local/lib/python3.12/site-packages/airflow/example_dags/example_branch_labels.py
[2026-05-19T13:57:32.100+0000] {processor.py:830} INFO - Processing file /home/airflow/.local/lib/python3.12/site-packages/airflow/example_dags/example_branch_labels.py for tasks to queue
[2026-05-19T13:57:32.103+0000] {logging_mixin.py:188} INFO - [2026-05-19T13:57:32.103+0000] {dagbag.py:545} INFO - Filling up the DagBag from /home/airflow/.local/lib/python3.12/site-packages/airflow/example_dags/example_branch_labels.py
[2026-05-19T13:57:32.113+0000] {processor.py:840} INFO - DAG(s) 'example_branch_labels' retrieved from /home/airflow/.local/lib/python3.12/site-packages/airflow/example_dags/example_branch_labels.py
[2026-05-19T13:57:32.146+0000] {logging_mixin.py:188} INFO - [2026-05-19T13:57:32.146+0000] {dag.py:3096} INFO - Sync 1 DAGs
[2026-05-19T13:57:32.187+0000] {logging_mixin.py:188} INFO - [2026-05-19T13:57:32.186+0000] {dag.py:3954} INFO - Setting next_dagrun for example_branch_labels to 2026-05-18 00:00:00+00:00, run_after=2026-05-19 00:00:00+00:00
[2026-05-19T13:57:32.219+0000] {processor.py:183} INFO - Processing /home/airflow/.local/lib/python3.12/site-packages/airflow/example_dags/example_branch_labels.py took 0.127 seconds
[2026-05-19T13:58:02.303+0000] {processor.py:161} INFO - Started process (PID=3234) to work on /home/airflow/.local/lib/python3.12/site-packages/airflow/example_dags/example_branch_labels.py
[2026-05-19T13:58:02.305+0000] {processor.py:830} INFO - Processing file /home/airflow/.local/lib/python3.12/site-packages/airflow/example_dags/example_branch_labels.py for tasks to queue
[2026-05-19T13:58:02.309+0000] {logging_mixin.py:188} INFO - [2026-05-19T13:58:02.309+0000] {dagbag.py:545} INFO - Filling up the DagBag from /home/airflow/.local/lib/python3.12/site-packages/airflow/example_dags/example_branch_labels.py
[2026-05-19T13:58:02.321+0000] {processor.py:840} INFO - DAG(s) 'example_branch_labels' retrieved from /home/airflow/.local/lib/python3.12/site-packages/airflow/example_dags/example_branch_labels.py
[2026-05-19T13:58:02.349+0000] {logging_mixin.py:188} INFO - [2026-05-19T13:58:02.348+0000] {dag.py:3096} INFO - Sync 1 DAGs
[2026-05-19T13:58:02.374+0000] {logging_mixin.py:188} INFO - [2026-05-19T13:58:02.374+0000] {dag.py:3954} INFO - Setting next_dagrun for example_branch_labels to 2026-05-18 00:00:00+00:00, run_after=2026-05-19 00:00:00+00:00
[2026-05-19T13:58:02.405+0000] {processor.py:183} INFO - Processing /home/airflow/.local/lib/python3.12/site-packages/airflow/example_dags/example_branch_labels.py took 0.108 seconds
[2026-05-19T13:58:33.091+0000] {processor.py:161} INFO - Started process (PID=3293) to work on /home/airflow/.local/lib/python3.12/site-packages/airflow/example_dags/example_branch_labels.py
[2026-05-19T13:58:33.092+0000] {processor.py:830} INFO - Processing file /home/airflow/.local/lib/python3.12/site-packages/airflow/example_dags/example_branch_labels.py for tasks to queue
[2026-05-19T13:58:33.095+0000] {logging_mixin.py:188} INFO - [2026-05-19T13:58:33.094+0000] {dagbag.py:545} INFO - Filling up the DagBag from /home/airflow/.local/lib/python3.12/site-packages/airflow/example_dags/example_branch_labels.py
[2026-05-19T13:58:33.106+0000] {processor.py:840} INFO - DAG(s) 'example_branch_labels' retrieved from /home/airflow/.local/lib/python3.12/site-packages/airflow/example_dags/example_branch_labels.py
[2026-05-19T13:58:33.140+0000] {logging_mixin.py:188} INFO - [2026-05-19T13:58:33.140+0000] {dag.py:3096} INFO - Sync 1 DAGs
[2026-05-19T13:58:33.166+0000] {logging_mixin.py:188} INFO - [2026-05-19T13:58:33.166+0000] {dag.py:3954} INFO - Setting next_dagrun for example_branch_labels to 2026-05-18 00:00:00+00:00, run_after=2026-05-19 00:00:00+00:00
[2026-05-19T13:58:33.192+0000] {processor.py:183} INFO - Processing /home/airflow/.local/lib/python3.12/site-packages/airflow/example_dags/example_branch_labels.py took 0.106 seconds
[2026-05-19T13:59:03.496+0000] {processor.py:161} INFO - Started process (PID=3352) to work on /home/airflow/.local/lib/python3.12/site-packages/airflow/example_dags/example_branch_labels.py
[2026-05-19T13:59:03.498+0000] {processor.py:830} INFO - Processing file /home/airflow/.local/lib/python3.12/site-packages/airflow/example_dags/example_branch_labels.py for tasks to queue
[2026-05-19T13:59:03.503+0000] {logging_mixin.py:188} INFO - [2026-05-19T13:59:03.502+0000] {dagbag.py:545} INFO - Filling up the DagBag from /home/airflow/.local/lib/python3.12/site-packages/airflow/example_dags/example_branch_labels.py
[2026-05-19T13:59:03.513+0000] {processor.py:840} INFO - DAG(s) 'example_branch_labels' retrieved from /home/airflow/.local/lib/python3.12/site-packages/airflow/example_dags/example_branch_labels.py
[2026-05-19T13:59:03.560+0000] {logging_mixin.py:188} INFO - [2026-05-19T13:59:03.559+0000] {dag.py:3096} INFO - Sync 1 DAGs
[2026-05-19T13:59:03.610+0000] {logging_mixin.py:188} INFO - [2026-05-19T13:59:03.609+0000] {dag.py:3954} INFO - Setting next_dagrun for example_branch_labels to 2026-05-18 00:00:00+00:00, run_after=2026-05-19 00:00:00+00:00
[2026-05-19T13:59:03.652+0000] {processor.py:183} INFO - Processing /home/airflow/.local/lib/python3.12/site-packages/airflow/example_dags/example_branch_labels.py took 0.164 seconds
[2026-05-19T13:59:34.059+0000] {processor.py:161} INFO - Started process (PID=3411) to work on /home/airflow/.local/lib/python3.12/site-packages/airflow/example_dags/example_branch_labels.py
[2026-05-19T13:59:34.061+0000] {processor.py:830} INFO - Processing file /home/airflow/.local/lib/python3.12/site-packages/airflow/example_dags/example_branch_labels.py for tasks to queue
[2026-05-19T13:59:34.065+0000] {logging_mixin.py:188} INFO - [2026-05-19T13:59:34.064+0000] {dagbag.py:545} INFO - Filling up the DagBag from /home/airflow/.local/lib/python3.12/site-packages/airflow/example_dags/example_branch_labels.py
[2026-05-19T13:59:34.079+0000] {processor.py:840} INFO - DAG(s) 'example_branch_labels' retrieved from /home/airflow/.local/lib/python3.12/site-packages/airflow/example_dags/example_branch_labels.py
[2026-05-19T13:59:34.115+0000] {logging_mixin.py:188} INFO - [2026-05-19T13:59:34.115+0000] {dag.py:3096} INFO - Sync 1 DAGs
[2026-05-19T13:59:34.166+0000] {logging_mixin.py:188} INFO - [2026-05-19T13:59:34.165+0000] {dag.py:3954} INFO - Setting next_dagrun for example_branch_labels to 2026-05-18 00:00:00+00:00, run_after=2026-05-19 00:00:00+00:00
[2026-05-19T13:59:34.235+0000] {processor.py:183} INFO - Processing /home/airflow/.local/lib/python3.12/site-packages/airflow/example_dags/example_branch_labels.py took 0.180 seconds
[2026-05-19T14:00:04.620+0000] {processor.py:161} INFO - Started process (PID=3471) to work on /home/airflow/.local/lib/python3.12/site-packages/airflow/example_dags/example_branch_labels.py
[2026-05-19T14:00:04.633+0000] {processor.py:830} INFO - Processing file /home/airflow/.local/lib/python3.12/site-packages/airflow/example_dags/example_branch_labels.py for tasks to queue
[2026-05-19T14:00:04.645+0000] {logging_mixin.py:188} INFO - [2026-05-19T14:00:04.641+0000] {dagbag.py:545} INFO - Filling up the DagBag from /home/airflow/.local/lib/python3.12/site-packages/airflow/example_dags/example_branch_labels.py
[2026-05-19T14:00:04.700+0000] {processor.py:840} INFO - DAG(s) 'example_branch_labels' retrieved from /home/airflow/.local/lib/python3.12/site-packages/airflow/example_dags/example_branch_labels.py
[2026-05-19T14:00:04.831+0000] {logging_mixin.py:188} INFO - [2026-05-19T14:00:04.830+0000] {dag.py:3096} INFO - Sync 1 DAGs
[2026-05-19T14:00:04.956+0000] {logging_mixin.py:188} INFO - [2026-05-19T14:00:04.955+0000] {dag.py:3954} INFO - Setting next_dagrun for example_branch_labels to 2026-05-18 00:00:00+00:00, run_after=2026-05-19 00:00:00+00:00
[2026-05-19T14:00:05.057+0000] {processor.py:183} INFO - Processing /home/airflow/.local/lib/python3.12/site-packages/airflow/example_dags/example_branch_labels.py took 0.480 seconds
[2026-05-19T14:00:36.121+0000] {processor.py:161} INFO - Started process (PID=3530) to work on /home/airflow/.local/lib/python3.12/site-packages/airflow/example_dags/example_branch_labels.py
[2026-05-19T14:00:36.123+0000] {processor.py:830} INFO - Processing file /home/airflow/.local/lib/python3.12/site-packages/airflow/example_dags/example_branch_labels.py for tasks to queue
[2026-05-19T14:00:36.128+0000] {logging_mixin.py:188} INFO - [2026-05-19T14:00:36.127+0000] {dagbag.py:545} INFO - Filling up the DagBag from /home/airflow/.local/lib/python3.12/site-packages/airflow/example_dags/example_branch_labels.py
[2026-05-19T14:00:36.145+0000] {processor.py:840} INFO - DAG(s) 'example_branch_labels' retrieved from /home/airflow/.local/lib/python3.12/site-packages/airflow/example_dags/example_branch_labels.py
[2026-05-19T14:00:36.204+0000] {logging_mixin.py:188} INFO - [2026-05-19T14:00:36.203+0000] {dag.py:3096} INFO - Sync 1 DAGs
[2026-05-19T14:00:36.264+0000] {logging_mixin.py:188} INFO - [2026-05-19T14:00:36.264+0000] {dag.py:3954} INFO - Setting next_dagrun for example_branch_labels to 2026-05-18 00:00:00+00:00, run_after=2026-05-19 00:00:00+00:00
[2026-05-19T14:00:36.309+0000] {processor.py:183} INFO - Processing /home/airflow/.local/lib/python3.12/site-packages/airflow/example_dags/example_branch_labels.py took 0.199 seconds
[2026-05-19T14:01:06.691+0000] {processor.py:161} INFO - Started process (PID=3590) to work on /home/airflow/.local/lib/python3.12/site-packages/airflow/example_dags/example_branch_labels.py
[2026-05-19T14:01:06.696+0000] {processor.py:830} INFO - Processing file /home/airflow/.local/lib/python3.12/site-packages/airflow/example_dags/example_branch_labels.py for tasks to queue
[2026-05-19T14:01:06.702+0000] {logging_mixin.py:188} INFO - [2026-05-19T14:01:06.700+0000] {dagbag.py:545} INFO - Filling up the DagBag from /home/airflow/.local/lib/python3.12/site-packages/airflow/example_dags/example_branch_labels.py
[2026-05-19T14:01:06.739+0000] {processor.py:840} INFO - DAG(s) 'example_branch_labels' retrieved from /home/airflow/.local/lib/python3.12/site-packages/airflow/example_dags/example_branch_labels.py
[2026-05-19T14:01:06.835+0000] {logging_mixin.py:188} INFO - [2026-05-19T14:01:06.831+0000] {dag.py:3096} INFO - Sync 1 DAGs
[2026-05-19T14:01:07.082+0000] {logging_mixin.py:188} INFO - [2026-05-19T14:01:07.081+0000] {dag.py:3954} INFO - Setting next_dagrun for example_branch_labels to 2026-05-18 00:00:00+00:00, run_after=2026-05-19 00:00:00+00:00
[2026-05-19T14:01:07.277+0000] {processor.py:183} INFO - Processing /home/airflow/.local/lib/python3.12/site-packages/airflow/example_dags/example_branch_labels.py took 0.612 seconds
[2026-05-19T14:01:38.112+0000] {processor.py:161} INFO - Started process (PID=3649) to work on /home/airflow/.local/lib/python3.12/site-packages/airflow/example_dags/example_branch_labels.py
[2026-05-19T14:01:38.116+0000] {processor.py:830} INFO - Processing file /home/airflow/.local/lib/python3.12/site-packages/airflow/example_dags/example_branch_labels.py for tasks to queue
[2026-05-19T14:01:38.124+0000] {logging_mixin.py:188} INFO - [2026-05-19T14:01:38.122+0000] {dagbag.py:545} INFO - Filling up the DagBag from /home/airflow/.local/lib/python3.12/site-packages/airflow/example_dags/example_branch_labels.py
[2026-05-19T14:01:38.163+0000] {processor.py:840} INFO - DAG(s) 'example_branch_labels' retrieved from /home/airflow/.local/lib/python3.12/site-packages/airflow/example_dags/example_branch_labels.py
[2026-05-19T14:01:38.279+0000] {logging_mixin.py:188} INFO - [2026-05-19T14:01:38.278+0000] {dag.py:3096} INFO - Sync 1 DAGs
[2026-05-19T14:01:38.352+0000] {logging_mixin.py:188} INFO - [2026-05-19T14:01:38.351+0000] {dag.py:3954} INFO - Setting next_dagrun for example_branch_labels to 2026-05-18 00:00:00+00:00, run_after=2026-05-19 00:00:00+00:00
[2026-05-19T14:01:38.421+0000] {processor.py:183} INFO - Processing /home/airflow/.local/lib/python3.12/site-packages/airflow/example_dags/example_branch_labels.py took 0.337 seconds
[2026-05-19T14:02:08.845+0000] {processor.py:161} INFO - Started process (PID=3708) to work on /home/airflow/.local/lib/python3.12/site-packages/airflow/example_dags/example_branch_labels.py
[2026-05-19T14:02:08.847+0000] {processor.py:830} INFO - Processing file /home/airflow/.local/lib/python3.12/site-packages/airflow/example_dags/example_branch_labels.py for tasks to queue
[2026-05-19T14:02:08.853+0000] {logging_mixin.py:188} INFO - [2026-05-19T14:02:08.852+0000] {dagbag.py:545} INFO - Filling up the DagBag from /home/airflow/.local/lib/python3.12/site-packages/airflow/example_dags/example_branch_labels.py
[2026-05-19T14:02:08.874+0000] {processor.py:840} INFO - DAG(s) 'example_branch_labels' retrieved from /home/airflow/.local/lib/python3.12/site-packages/airflow/example_dags/example_branch_labels.py
[2026-05-19T14:02:08.942+0000] {logging_mixin.py:188} INFO - [2026-05-19T14:02:08.941+0000] {dag.py:3096} INFO - Sync 1 DAGs
[2026-05-19T14:02:09.178+0000] {logging_mixin.py:188} INFO - [2026-05-19T14:02:09.177+0000] {dag.py:3954} INFO - Setting next_dagrun for example_branch_labels to 2026-05-18 00:00:00+00:00, run_after=2026-05-19 00:00:00+00:00
[2026-05-19T14:02:09.291+0000] {processor.py:183} INFO - Processing /home/airflow/.local/lib/python3.12/site-packages/airflow/example_dags/example_branch_labels.py took 0.459 seconds
[2026-05-19T14:02:39.680+0000] {processor.py:161} INFO - Started process (PID=3767) to work on /home/airflow/.local/lib/python3.12/site-packages/airflow/example_dags/example_branch_labels.py
[2026-05-19T14:02:39.683+0000] {processor.py:830} INFO - Processing file /home/airflow/.local/lib/python3.12/site-packages/airflow/example_dags/example_branch_labels.py for tasks to queue
[2026-05-19T14:02:39.687+0000] {logging_mixin.py:188} INFO - [2026-05-19T14:02:39.687+0000] {dagbag.py:545} INFO - Filling up the DagBag from /home/airflow/.local/lib/python3.12/site-packages/airflow/example_dags/example_branch_labels.py
[2026-05-19T14:02:39.696+0000] {processor.py:840} INFO - DAG(s) 'example_branch_labels' retrieved from /home/airflow/.local/lib/python3.12/site-packages/airflow/example_dags/example_branch_labels.py
[2026-05-19T14:02:39.727+0000] {logging_mixin.py:188} INFO - [2026-05-19T14:02:39.727+0000] {dag.py:3096} INFO - Sync 1 DAGs
[2026-05-19T14:02:39.753+0000] {logging_mixin.py:188} INFO - [2026-05-19T14:02:39.753+0000] {dag.py:3954} INFO - Setting next_dagrun for example_branch_labels to 2026-05-18 00:00:00+00:00, run_after=2026-05-19 00:00:00+00:00
[2026-05-19T14:02:39.781+0000] {processor.py:183} INFO - Processing /home/airflow/.local/lib/python3.12/site-packages/airflow/example_dags/example_branch_labels.py took 0.106 seconds
[2026-05-19T14:03:09.963+0000] {processor.py:161} INFO - Started process (PID=3826) to work on /home/airflow/.local/lib/python3.12/site-packages/airflow/example_dags/example_branch_labels.py
[2026-05-19T14:03:09.967+0000] {processor.py:830} INFO - Processing file /home/airflow/.local/lib/python3.12/site-packages/airflow/example_dags/example_branch_labels.py for tasks to queue
[2026-05-19T14:03:09.973+0000] {logging_mixin.py:188} INFO - [2026-05-19T14:03:09.972+0000] {dagbag.py:545} INFO - Filling up the DagBag from /home/airflow/.local/lib/python3.12/site-packages/airflow/example_dags/example_branch_labels.py
[2026-05-19T14:03:09.983+0000] {processor.py:840} INFO - DAG(s) 'example_branch_labels' retrieved from /home/airflow/.local/lib/python3.12/site-packages/airflow/example_dags/example_branch_labels.py
[2026-05-19T14:03:10.013+0000] {logging_mixin.py:188} INFO - [2026-05-19T14:03:10.012+0000] {dag.py:3096} INFO - Sync 1 DAGs
[2026-05-19T14:03:10.050+0000] {logging_mixin.py:188} INFO - [2026-05-19T14:03:10.049+0000] {dag.py:3954} INFO - Setting next_dagrun for example_branch_labels to 2026-05-18 00:00:00+00:00, run_after=2026-05-19 00:00:00+00:00
[2026-05-19T14:03:10.072+0000] {processor.py:183} INFO - Processing /home/airflow/.local/lib/python3.12/site-packages/airflow/example_dags/example_branch_labels.py took 0.118 seconds
[2026-05-19T14:03:40.873+0000] {processor.py:161} INFO - Started process (PID=3885) to work on /home/airflow/.local/lib/python3.12/site-packages/airflow/example_dags/example_branch_labels.py
[2026-05-19T14:03:40.874+0000] {processor.py:830} INFO - Processing file /home/airflow/.local/lib/python3.12/site-packages/airflow/example_dags/example_branch_labels.py for tasks to queue
[2026-05-19T14:03:40.877+0000] {logging_mixin.py:188} INFO - [2026-05-19T14:03:40.877+0000] {dagbag.py:545} INFO - Filling up the DagBag from /home/airflow/.local/lib/python3.12/site-packages/airflow/example_dags/example_branch_labels.py
[2026-05-19T14:03:40.886+0000] {processor.py:840} INFO - DAG(s) 'example_branch_labels' retrieved from /home/airflow/.local/lib/python3.12/site-packages/airflow/example_dags/example_branch_labels.py
[2026-05-19T14:03:40.913+0000] {logging_mixin.py:188} INFO - [2026-05-19T14:03:40.913+0000] {dag.py:3096} INFO - Sync 1 DAGs
[2026-05-19T14:03:40.939+0000] {logging_mixin.py:188} INFO - [2026-05-19T14:03:40.939+0000] {dag.py:3954} INFO - Setting next_dagrun for example_branch_labels to 2026-05-18 00:00:00+00:00, run_after=2026-05-19 00:00:00+00:00
[2026-05-19T14:03:40.961+0000] {processor.py:183} INFO - Processing /home/airflow/.local/lib/python3.12/site-packages/airflow/example_dags/example_branch_labels.py took 0.093 seconds
[2026-05-19T14:04:11.301+0000] {processor.py:161} INFO - Started process (PID=3944) to work on /home/airflow/.local/lib/python3.12/site-packages/airflow/example_dags/example_branch_labels.py
[2026-05-19T14:04:11.302+0000] {processor.py:830} INFO - Processing file /home/airflow/.local/lib/python3.12/site-packages/airflow/example_dags/example_branch_labels.py for tasks to queue
[2026-05-19T14:04:11.305+0000] {logging_mixin.py:188} INFO - [2026-05-19T14:04:11.304+0000] {dagbag.py:545} INFO - Filling up the DagBag from /home/airflow/.local/lib/python3.12/site-packages/airflow/example_dags/example_branch_labels.py
[2026-05-19T14:04:11.316+0000] {processor.py:840} INFO - DAG(s) 'example_branch_labels' retrieved from /home/airflow/.local/lib/python3.12/site-packages/airflow/example_dags/example_branch_labels.py
[2026-05-19T14:04:11.346+0000] {logging_mixin.py:188} INFO - [2026-05-19T14:04:11.346+0000] {dag.py:3096} INFO - Sync 1 DAGs
[2026-05-19T14:04:11.370+0000] {logging_mixin.py:188} INFO - [2026-05-19T14:04:11.370+0000] {dag.py:3954} INFO - Setting next_dagrun for example_branch_labels to 2026-05-18 00:00:00+00:00, run_after=2026-05-19 00:00:00+00:00
[2026-05-19T14:04:11.400+0000] {processor.py:183} INFO - Processing /home/airflow/.local/lib/python3.12/site-packages/airflow/example_dags/example_branch_labels.py took 0.105 seconds
[2026-05-19T14:04:41.891+0000] {processor.py:161} INFO - Started process (PID=4003) to work on /home/airflow/.local/lib/python3.12/site-packages/airflow/example_dags/example_branch_labels.py
[2026-05-19T14:04:41.892+0000] {processor.py:830} INFO - Processing file /home/airflow/.local/lib/python3.12/site-packages/airflow/example_dags/example_branch_labels.py for tasks to queue
[2026-05-19T14:04:41.896+0000] {logging_mixin.py:188} INFO - [2026-05-19T14:04:41.896+0000] {dagbag.py:545} INFO - Filling up the DagBag from /home/airflow/.local/lib/python3.12/site-packages/airflow/example_dags/example_branch_labels.py
[2026-05-19T14:04:41.909+0000] {processor.py:840} INFO - DAG(s) 'example_branch_labels' retrieved from /home/airflow/.local/lib/python3.12/site-packages/airflow/example_dags/example_branch_labels.py
[2026-05-19T14:04:41.953+0000] {logging_mixin.py:188} INFO - [2026-05-19T14:04:41.953+0000] {dag.py:3096} INFO - Sync 1 DAGs
[2026-05-19T14:04:41.993+0000] {logging_mixin.py:188} INFO - [2026-05-19T14:04:41.992+0000] {dag.py:3954} INFO - Setting next_dagrun for example_branch_labels to 2026-05-18 00:00:00+00:00, run_after=2026-05-19 00:00:00+00:00
[2026-05-19T14:04:42.034+0000] {processor.py:183} INFO - Processing /home/airflow/.local/lib/python3.12/site-packages/airflow/example_dags/example_branch_labels.py took 0.157 seconds
[2026-05-19T14:05:12.194+0000] {processor.py:161} INFO - Started process (PID=4062) to work on /home/airflow/.local/lib/python3.12/site-packages/airflow/example_dags/example_branch_labels.py
[2026-05-19T14:05:12.195+0000] {processor.py:830} INFO - Processing file /home/airflow/.local/lib/python3.12/site-packages/airflow/example_dags/example_branch_labels.py for tasks to queue
[2026-05-19T14:05:12.200+0000] {logging_mixin.py:188} INFO - [2026-05-19T14:05:12.198+0000] {dagbag.py:545} INFO - Filling up the DagBag from /home/airflow/.local/lib/python3.12/site-packages/airflow/example_dags/example_branch_labels.py
[2026-05-19T14:05:12.218+0000] {processor.py:840} INFO - DAG(s) 'example_branch_labels' retrieved from /home/airflow/.local/lib/python3.12/site-packages/airflow/example_dags/example_branch_labels.py
[2026-05-19T14:05:12.255+0000] {logging_mixin.py:188} INFO - [2026-05-19T14:05:12.255+0000] {dag.py:3096} INFO - Sync 1 DAGs
[2026-05-19T14:05:12.295+0000] {logging_mixin.py:188} INFO - [2026-05-19T14:05:12.295+0000] {dag.py:3954} INFO - Setting next_dagrun for example_branch_labels to 2026-05-18 00:00:00+00:00, run_after=2026-05-19 00:00:00+00:00
[2026-05-19T14:05:12.327+0000] {processor.py:183} INFO - Processing /home/airflow/.local/lib/python3.12/site-packages/airflow/example_dags/example_branch_labels.py took 0.143 seconds
[2026-05-19T14:05:43.176+0000] {processor.py:161} INFO - Started process (PID=4121) to work on /home/airflow/.local/lib/python3.12/site-packages/airflow/example_dags/example_branch_labels.py
[2026-05-19T14:05:43.178+0000] {processor.py:830} INFO - Processing file /home/airflow/.local/lib/python3.12/site-packages/airflow/example_dags/example_branch_labels.py for tasks to queue
[2026-05-19T14:05:43.186+0000] {logging_mixin.py:188} INFO - [2026-05-19T14:05:43.185+0000] {dagbag.py:545} INFO - Filling up the DagBag from /home/airflow/.local/lib/python3.12/site-packages/airflow/example_dags/example_branch_labels.py
[2026-05-19T14:05:43.204+0000] {processor.py:840} INFO - DAG(s) 'example_branch_labels' retrieved from /home/airflow/.local/lib/python3.12/site-packages/airflow/example_dags/example_branch_labels.py
[2026-05-19T14:05:43.247+0000] {logging_mixin.py:188} INFO - [2026-05-19T14:05:43.247+0000] {dag.py:3096} INFO - Sync 1 DAGs
[2026-05-19T14:05:43.291+0000] {logging_mixin.py:188} INFO - [2026-05-19T14:05:43.290+0000] {dag.py:3954} INFO - Setting next_dagrun for example_branch_labels to 2026-05-18 00:00:00+00:00, run_after=2026-05-19 00:00:00+00:00
[2026-05-19T14:05:43.329+0000] {processor.py:183} INFO - Processing /home/airflow/.local/lib/python3.12/site-packages/airflow/example_dags/example_branch_labels.py took 0.167 seconds
[2026-05-19T14:06:13.613+0000] {processor.py:161} INFO - Started process (PID=4181) to work on /home/airflow/.local/lib/python3.12/site-packages/airflow/example_dags/example_branch_labels.py
[2026-05-19T14:06:13.614+0000] {processor.py:830} INFO - Processing file /home/airflow/.local/lib/python3.12/site-packages/airflow/example_dags/example_branch_labels.py for tasks to queue
[2026-05-19T14:06:13.617+0000] {logging_mixin.py:188} INFO - [2026-05-19T14:06:13.617+0000] {dagbag.py:545} INFO - Filling up the DagBag from /home/airflow/.local/lib/python3.12/site-packages/airflow/example_dags/example_branch_labels.py
[2026-05-19T14:06:13.628+0000] {processor.py:840} INFO - DAG(s) 'example_branch_labels' retrieved from /home/airflow/.local/lib/python3.12/site-packages/airflow/example_dags/example_branch_labels.py
[2026-05-19T14:06:13.660+0000] {logging_mixin.py:188} INFO - [2026-05-19T14:06:13.660+0000] {dag.py:3096} INFO - Sync 1 DAGs
[2026-05-19T14:06:13.684+0000] {logging_mixin.py:188} INFO - [2026-05-19T14:06:13.684+0000] {dag.py:3954} INFO - Setting next_dagrun for example_branch_labels to 2026-05-18 00:00:00+00:00, run_after=2026-05-19 00:00:00+00:00
[2026-05-19T14:06:13.713+0000] {processor.py:183} INFO - Processing /home/airflow/.local/lib/python3.12/site-packages/airflow/example_dags/example_branch_labels.py took 0.108 seconds
[2026-05-19T14:06:44.442+0000] {processor.py:161} INFO - Started process (PID=4240) to work on /home/airflow/.local/lib/python3.12/site-packages/airflow/example_dags/example_branch_labels.py
[2026-05-19T14:06:44.444+0000] {processor.py:830} INFO - Processing file /home/airflow/.local/lib/python3.12/site-packages/airflow/example_dags/example_branch_labels.py for tasks to queue
[2026-05-19T14:06:44.447+0000] {logging_mixin.py:188} INFO - [2026-05-19T14:06:44.447+0000] {dagbag.py:545} INFO - Filling up the DagBag from /home/airflow/.local/lib/python3.12/site-packages/airflow/example_dags/example_branch_labels.py
[2026-05-19T14:06:44.457+0000] {processor.py:840} INFO - DAG(s) 'example_branch_labels' retrieved from /home/airflow/.local/lib/python3.12/site-packages/airflow/example_dags/example_branch_labels.py
[2026-05-19T14:06:44.486+0000] {logging_mixin.py:188} INFO - [2026-05-19T14:06:44.486+0000] {dag.py:3096} INFO - Sync 1 DAGs
[2026-05-19T14:06:44.514+0000] {logging_mixin.py:188} INFO - [2026-05-19T14:06:44.514+0000] {dag.py:3954} INFO - Setting next_dagrun for example_branch_labels to 2026-05-18 00:00:00+00:00, run_after=2026-05-19 00:00:00+00:00
[2026-05-19T14:06:44.555+0000] {processor.py:183} INFO - Processing /home/airflow/.local/lib/python3.12/site-packages/airflow/example_dags/example_branch_labels.py took 0.119 seconds
[2026-05-19T14:07:14.858+0000] {processor.py:161} INFO - Started process (PID=4299) to work on /home/airflow/.local/lib/python3.12/site-packages/airflow/example_dags/example_branch_labels.py
[2026-05-19T14:07:14.861+0000] {processor.py:830} INFO - Processing file /home/airflow/.local/lib/python3.12/site-packages/airflow/example_dags/example_branch_labels.py for tasks to queue
[2026-05-19T14:07:14.864+0000] {logging_mixin.py:188} INFO - [2026-05-19T14:07:14.864+0000] {dagbag.py:545} INFO - Filling up the DagBag from /home/airflow/.local/lib/python3.12/site-packages/airflow/example_dags/example_branch_labels.py
[2026-05-19T14:07:14.876+0000] {processor.py:840} INFO - DAG(s) 'example_branch_labels' retrieved from /home/airflow/.local/lib/python3.12/site-packages/airflow/example_dags/example_branch_labels.py
[2026-05-19T14:07:14.905+0000] {logging_mixin.py:188} INFO - [2026-05-19T14:07:14.905+0000] {dag.py:3096} INFO - Sync 1 DAGs
[2026-05-19T14:07:14.942+0000] {logging_mixin.py:188} INFO - [2026-05-19T14:07:14.942+0000] {dag.py:3954} INFO - Setting next_dagrun for example_branch_labels to 2026-05-18 00:00:00+00:00, run_after=2026-05-19 00:00:00+00:00
[2026-05-19T14:07:14.969+0000] {processor.py:183} INFO - Processing /home/airflow/.local/lib/python3.12/site-packages/airflow/example_dags/example_branch_labels.py took 0.122 seconds
[2026-05-19T14:07:45.562+0000] {processor.py:161} INFO - Started process (PID=4358) to work on /home/airflow/.local/lib/python3.12/site-packages/airflow/example_dags/example_branch_labels.py
[2026-05-19T14:07:45.563+0000] {processor.py:830} INFO - Processing file /home/airflow/.local/lib/python3.12/site-packages/airflow/example_dags/example_branch_labels.py for tasks to queue
[2026-05-19T14:07:45.566+0000] {logging_mixin.py:188} INFO - [2026-05-19T14:07:45.566+0000] {dagbag.py:545} INFO - Filling up the DagBag from /home/airflow/.local/lib/python3.12/site-packages/airflow/example_dags/example_branch_labels.py
[2026-05-19T14:07:45.574+0000] {processor.py:840} INFO - DAG(s) 'example_branch_labels' retrieved from /home/airflow/.local/lib/python3.12/site-packages/airflow/example_dags/example_branch_labels.py
[2026-05-19T14:07:45.604+0000] {logging_mixin.py:188} INFO - [2026-05-19T14:07:45.603+0000] {dag.py:3096} INFO - Sync 1 DAGs
[2026-05-19T14:07:45.635+0000] {logging_mixin.py:188} INFO - [2026-05-19T14:07:45.634+0000] {dag.py:3954} INFO - Setting next_dagrun for example_branch_labels to 2026-05-18 00:00:00+00:00, run_after=2026-05-19 00:00:00+00:00
[2026-05-19T14:07:45.660+0000] {processor.py:183} INFO - Processing /home/airflow/.local/lib/python3.12/site-packages/airflow/example_dags/example_branch_labels.py took 0.104 seconds
[2026-05-19T14:08:16.266+0000] {processor.py:161} INFO - Started process (PID=4417) to work on /home/airflow/.local/lib/python3.12/site-packages/airflow/example_dags/example_branch_labels.py
[2026-05-19T14:08:16.267+0000] {processor.py:830} INFO - Processing file /home/airflow/.local/lib/python3.12/site-packages/airflow/example_dags/example_branch_labels.py for tasks to queue
[2026-05-19T14:08:16.271+0000] {logging_mixin.py:188} INFO - [2026-05-19T14:08:16.270+0000] {dagbag.py:545} INFO - Filling up the DagBag from /home/airflow/.local/lib/python3.12/site-packages/airflow/example_dags/example_branch_labels.py
[2026-05-19T14:08:16.280+0000] {processor.py:840} INFO - DAG(s) 'example_branch_labels' retrieved from /home/airflow/.local/lib/python3.12/site-packages/airflow/example_dags/example_branch_labels.py
[2026-05-19T14:08:16.312+0000] {logging_mixin.py:188} INFO - [2026-05-19T14:08:16.311+0000] {dag.py:3096} INFO - Sync 1 DAGs
[2026-05-19T14:08:16.341+0000] {logging_mixin.py:188} INFO - [2026-05-19T14:08:16.341+0000] {dag.py:3954} INFO - Setting next_dagrun for example_branch_labels to 2026-05-18 00:00:00+00:00, run_after=2026-05-19 00:00:00+00:00
[2026-05-19T14:08:16.372+0000] {processor.py:183} INFO - Processing /home/airflow/.local/lib/python3.12/site-packages/airflow/example_dags/example_branch_labels.py took 0.112 seconds
[2026-05-19T14:08:46.736+0000] {processor.py:161} INFO - Started process (PID=4476) to work on /home/airflow/.local/lib/python3.12/site-packages/airflow/example_dags/example_branch_labels.py
[2026-05-19T14:08:46.738+0000] {processor.py:830} INFO - Processing file /home/airflow/.local/lib/python3.12/site-packages/airflow/example_dags/example_branch_labels.py for tasks to queue
[2026-05-19T14:08:46.741+0000] {logging_mixin.py:188} INFO - [2026-05-19T14:08:46.741+0000] {dagbag.py:545} INFO - Filling up the DagBag from /home/airflow/.local/lib/python3.12/site-packages/airflow/example_dags/example_branch_labels.py
[2026-05-19T14:08:46.751+0000] {processor.py:840} INFO - DAG(s) 'example_branch_labels' retrieved from /home/airflow/.local/lib/python3.12/site-packages/airflow/example_dags/example_branch_labels.py
[2026-05-19T14:08:46.786+0000] {logging_mixin.py:188} INFO - [2026-05-19T14:08:46.785+0000] {dag.py:3096} INFO - Sync 1 DAGs
[2026-05-19T14:08:46.809+0000] {logging_mixin.py:188} INFO - [2026-05-19T14:08:46.809+0000] {dag.py:3954} INFO - Setting next_dagrun for example_branch_labels to 2026-05-18 00:00:00+00:00, run_after=2026-05-19 00:00:00+00:00
[2026-05-19T14:08:46.845+0000] {processor.py:183} INFO - Processing /home/airflow/.local/lib/python3.12/site-packages/airflow/example_dags/example_branch_labels.py took 0.115 seconds
[2026-05-19T14:09:17.099+0000] {processor.py:161} INFO - Started process (PID=4535) to work on /home/airflow/.local/lib/python3.12/site-packages/airflow/example_dags/example_branch_labels.py
[2026-05-19T14:09:17.101+0000] {processor.py:830} INFO - Processing file /home/airflow/.local/lib/python3.12/site-packages/airflow/example_dags/example_branch_labels.py for tasks to queue
[2026-05-19T14:09:17.103+0000] {logging_mixin.py:188} INFO - [2026-05-19T14:09:17.103+0000] {dagbag.py:545} INFO - Filling up the DagBag from /home/airflow/.local/lib/python3.12/site-packages/airflow/example_dags/example_branch_labels.py
[2026-05-19T14:09:17.112+0000] {processor.py:840} INFO - DAG(s) 'example_branch_labels' retrieved from /home/airflow/.local/lib/python3.12/site-packages/airflow/example_dags/example_branch_labels.py
[2026-05-19T14:09:17.144+0000] {logging_mixin.py:188} INFO - [2026-05-19T14:09:17.143+0000] {dag.py:3096} INFO - Sync 1 DAGs
[2026-05-19T14:09:17.172+0000] {logging_mixin.py:188} INFO - [2026-05-19T14:09:17.172+0000] {dag.py:3954} INFO - Setting next_dagrun for example_branch_labels to 2026-05-18 00:00:00+00:00, run_after=2026-05-19 00:00:00+00:00
[2026-05-19T14:09:17.203+0000] {processor.py:183} INFO - Processing /home/airflow/.local/lib/python3.12/site-packages/airflow/example_dags/example_branch_labels.py took 0.109 seconds
[2026-05-19T14:09:47.397+0000] {processor.py:161} INFO - Started process (PID=4595) to work on /home/airflow/.local/lib/python3.12/site-packages/airflow/example_dags/example_branch_labels.py
[2026-05-19T14:09:47.399+0000] {processor.py:830} INFO - Processing file /home/airflow/.local/lib/python3.12/site-packages/airflow/example_dags/example_branch_labels.py for tasks to queue
[2026-05-19T14:09:47.402+0000] {logging_mixin.py:188} INFO - [2026-05-19T14:09:47.402+0000] {dagbag.py:545} INFO - Filling up the DagBag from /home/airflow/.local/lib/python3.12/site-packages/airflow/example_dags/example_branch_labels.py
[2026-05-19T14:09:47.410+0000] {processor.py:840} INFO - DAG(s) 'example_branch_labels' retrieved from /home/airflow/.local/lib/python3.12/site-packages/airflow/example_dags/example_branch_labels.py
[2026-05-19T14:09:47.432+0000] {logging_mixin.py:188} INFO - [2026-05-19T14:09:47.432+0000] {dag.py:3096} INFO - Sync 1 DAGs
[2026-05-19T14:09:47.465+0000] {logging_mixin.py:188} INFO - [2026-05-19T14:09:47.464+0000] {dag.py:3954} INFO - Setting next_dagrun for example_branch_labels to 2026-05-18 00:00:00+00:00, run_after=2026-05-19 00:00:00+00:00
[2026-05-19T14:09:47.483+0000] {processor.py:183} INFO - Processing /home/airflow/.local/lib/python3.12/site-packages/airflow/example_dags/example_branch_labels.py took 0.093 seconds
[2026-05-19T14:10:17.599+0000] {processor.py:161} INFO - Started process (PID=4654) to work on /home/airflow/.local/lib/python3.12/site-packages/airflow/example_dags/example_branch_labels.py
[2026-05-19T14:10:17.601+0000] {processor.py:830} INFO - Processing file /home/airflow/.local/lib/python3.12/site-packages/airflow/example_dags/example_branch_labels.py for tasks to queue
[2026-05-19T14:10:17.604+0000] {logging_mixin.py:188} INFO - [2026-05-19T14:10:17.603+0000] {dagbag.py:545} INFO - Filling up the DagBag from /home/airflow/.local/lib/python3.12/site-packages/airflow/example_dags/example_branch_labels.py
[2026-05-19T14:10:17.613+0000] {processor.py:840} INFO - DAG(s) 'example_branch_labels' retrieved from /home/airflow/.local/lib/python3.12/site-packages/airflow/example_dags/example_branch_labels.py
[2026-05-19T14:10:17.635+0000] {logging_mixin.py:188} INFO - [2026-05-19T14:10:17.634+0000] {dag.py:3096} INFO - Sync 1 DAGs
[2026-05-19T14:10:17.665+0000] {logging_mixin.py:188} INFO - [2026-05-19T14:10:17.665+0000] {dag.py:3954} INFO - Setting next_dagrun for example_branch_labels to 2026-05-18 00:00:00+00:00, run_after=2026-05-19 00:00:00+00:00
[2026-05-19T14:10:17.686+0000] {processor.py:183} INFO - Processing /home/airflow/.local/lib/python3.12/site-packages/airflow/example_dags/example_branch_labels.py took 0.093 seconds
[2026-05-19T14:10:47.943+0000] {processor.py:161} INFO - Started process (PID=4713) to work on /home/airflow/.local/lib/python3.12/site-packages/airflow/example_dags/example_branch_labels.py
[2026-05-19T14:10:47.944+0000] {processor.py:830} INFO - Processing file /home/airflow/.local/lib/python3.12/site-packages/airflow/example_dags/example_branch_labels.py for tasks to queue
[2026-05-19T14:10:47.957+0000] {logging_mixin.py:188} INFO - [2026-05-19T14:10:47.953+0000] {dagbag.py:545} INFO - Filling up the DagBag from /home/airflow/.local/lib/python3.12/site-packages/airflow/example_dags/example_branch_labels.py
[2026-05-19T14:10:47.968+0000] {processor.py:840} INFO - DAG(s) 'example_branch_labels' retrieved from /home/airflow/.local/lib/python3.12/site-packages/airflow/example_dags/example_branch_labels.py
[2026-05-19T14:10:47.990+0000] {logging_mixin.py:188} INFO - [2026-05-19T14:10:47.990+0000] {dag.py:3096} INFO - Sync 1 DAGs
[2026-05-19T14:10:48.022+0000] {logging_mixin.py:188} INFO - [2026-05-19T14:10:48.021+0000] {dag.py:3954} INFO - Setting next_dagrun for example_branch_labels to 2026-05-18 00:00:00+00:00, run_after=2026-05-19 00:00:00+00:00
[2026-05-19T14:10:48.048+0000] {processor.py:183} INFO - Processing /home/airflow/.local/lib/python3.12/site-packages/airflow/example_dags/example_branch_labels.py took 0.110 seconds
[2026-05-19T14:11:18.287+0000] {processor.py:161} INFO - Started process (PID=4772) to work on /home/airflow/.local/lib/python3.12/site-packages/airflow/example_dags/example_branch_labels.py
[2026-05-19T14:11:18.291+0000] {processor.py:830} INFO - Processing file /home/airflow/.local/lib/python3.12/site-packages/airflow/example_dags/example_branch_labels.py for tasks to queue
[2026-05-19T14:11:18.295+0000] {logging_mixin.py:188} INFO - [2026-05-19T14:11:18.295+0000] {dagbag.py:545} INFO - Filling up the DagBag from /home/airflow/.local/lib/python3.12/site-packages/airflow/example_dags/example_branch_labels.py
[2026-05-19T14:11:18.305+0000] {processor.py:840} INFO - DAG(s) 'example_branch_labels' retrieved from /home/airflow/.local/lib/python3.12/site-packages/airflow/example_dags/example_branch_labels.py
[2026-05-19T14:11:18.337+0000] {logging_mixin.py:188} INFO - [2026-05-19T14:11:18.337+0000] {dag.py:3096} INFO - Sync 1 DAGs
[2026-05-19T14:11:18.377+0000] {logging_mixin.py:188} INFO - [2026-05-19T14:11:18.376+0000] {dag.py:3954} INFO - Setting next_dagrun for example_branch_labels to 2026-05-18 00:00:00+00:00, run_after=2026-05-19 00:00:00+00:00
[2026-05-19T14:11:18.404+0000] {processor.py:183} INFO - Processing /home/airflow/.local/lib/python3.12/site-packages/airflow/example_dags/example_branch_labels.py took 0.127 seconds
[2026-05-19T14:11:48.521+0000] {processor.py:161} INFO - Started process (PID=4831) to work on /home/airflow/.local/lib/python3.12/site-packages/airflow/example_dags/example_branch_labels.py
[2026-05-19T14:11:48.522+0000] {processor.py:830} INFO - Processing file /home/airflow/.local/lib/python3.12/site-packages/airflow/example_dags/example_branch_labels.py for tasks to queue
[2026-05-19T14:11:48.525+0000] {logging_mixin.py:188} INFO - [2026-05-19T14:11:48.525+0000] {dagbag.py:545} INFO - Filling up the DagBag from /home/airflow/.local/lib/python3.12/site-packages/airflow/example_dags/example_branch_labels.py
[2026-05-19T14:11:48.533+0000] {processor.py:840} INFO - DAG(s) 'example_branch_labels' retrieved from /home/airflow/.local/lib/python3.12/site-packages/airflow/example_dags/example_branch_labels.py
[2026-05-19T14:11:48.557+0000] {logging_mixin.py:188} INFO - [2026-05-19T14:11:48.556+0000] {dag.py:3096} INFO - Sync 1 DAGs
[2026-05-19T14:11:48.590+0000] {logging_mixin.py:188} INFO - [2026-05-19T14:11:48.590+0000] {dag.py:3954} INFO - Setting next_dagrun for example_branch_labels to 2026-05-18 00:00:00+00:00, run_after=2026-05-19 00:00:00+00:00
[2026-05-19T14:11:48.608+0000] {processor.py:183} INFO - Processing /home/airflow/.local/lib/python3.12/site-packages/airflow/example_dags/example_branch_labels.py took 0.094 seconds
[2026-05-19T14:12:19.148+0000] {processor.py:161} INFO - Started process (PID=4890) to work on /home/airflow/.local/lib/python3.12/site-packages/airflow/example_dags/example_branch_labels.py
[2026-05-19T14:12:19.149+0000] {processor.py:830} INFO - Processing file /home/airflow/.local/lib/python3.12/site-packages/airflow/example_dags/example_branch_labels.py for tasks to queue
[2026-05-19T14:12:19.152+0000] {logging_mixin.py:188} INFO - [2026-05-19T14:12:19.151+0000] {dagbag.py:545} INFO - Filling up the DagBag from /home/airflow/.local/lib/python3.12/site-packages/airflow/example_dags/example_branch_labels.py
[2026-05-19T14:12:19.162+0000] {processor.py:840} INFO - DAG(s) 'example_branch_labels' retrieved from /home/airflow/.local/lib/python3.12/site-packages/airflow/example_dags/example_branch_labels.py
[2026-05-19T14:12:19.202+0000] {logging_mixin.py:188} INFO - [2026-05-19T14:12:19.202+0000] {dag.py:3096} INFO - Sync 1 DAGs
[2026-05-19T14:12:19.232+0000] {logging_mixin.py:188} INFO - [2026-05-19T14:12:19.232+0000] {dag.py:3954} INFO - Setting next_dagrun for example_branch_labels to 2026-05-18 00:00:00+00:00, run_after=2026-05-19 00:00:00+00:00
[2026-05-19T14:12:19.268+0000] {processor.py:183} INFO - Processing /home/airflow/.local/lib/python3.12/site-packages/airflow/example_dags/example_branch_labels.py took 0.127 seconds
[2026-05-19T14:12:50.179+0000] {processor.py:161} INFO - Started process (PID=4949) to work on /home/airflow/.local/lib/python3.12/site-packages/airflow/example_dags/example_branch_labels.py
[2026-05-19T14:12:50.181+0000] {processor.py:830} INFO - Processing file /home/airflow/.local/lib/python3.12/site-packages/airflow/example_dags/example_branch_labels.py for tasks to queue
[2026-05-19T14:12:50.186+0000] {logging_mixin.py:188} INFO - [2026-05-19T14:12:50.186+0000] {dagbag.py:545} INFO - Filling up the DagBag from /home/airflow/.local/lib/python3.12/site-packages/airflow/example_dags/example_branch_labels.py
[2026-05-19T14:12:50.204+0000] {processor.py:840} INFO - DAG(s) 'example_branch_labels' retrieved from /home/airflow/.local/lib/python3.12/site-packages/airflow/example_dags/example_branch_labels.py
[2026-05-19T14:12:50.246+0000] {logging_mixin.py:188} INFO - [2026-05-19T14:12:50.245+0000] {dag.py:3096} INFO - Sync 1 DAGs
[2026-05-19T14:12:50.301+0000] {logging_mixin.py:188} INFO - [2026-05-19T14:12:50.301+0000] {dag.py:3954} INFO - Setting next_dagrun for example_branch_labels to 2026-05-18 00:00:00+00:00, run_after=2026-05-19 00:00:00+00:00
[2026-05-19T14:12:50.345+0000] {processor.py:183} INFO - Processing /home/airflow/.local/lib/python3.12/site-packages/airflow/example_dags/example_branch_labels.py took 0.177 seconds
[2026-05-19T14:13:20.415+0000] {processor.py:161} INFO - Started process (PID=5008) to work on /home/airflow/.local/lib/python3.12/site-packages/airflow/example_dags/example_branch_labels.py
[2026-05-19T14:13:20.416+0000] {processor.py:830} INFO - Processing file /home/airflow/.local/lib/python3.12/site-packages/airflow/example_dags/example_branch_labels.py for tasks to queue
[2026-05-19T14:13:20.422+0000] {logging_mixin.py:188} INFO - [2026-05-19T14:13:20.421+0000] {dagbag.py:545} INFO - Filling up the DagBag from /home/airflow/.local/lib/python3.12/site-packages/airflow/example_dags/example_branch_labels.py
[2026-05-19T14:13:20.429+0000] {processor.py:840} INFO - DAG(s) 'example_branch_labels' retrieved from /home/airflow/.local/lib/python3.12/site-packages/airflow/example_dags/example_branch_labels.py
[2026-05-19T14:13:20.450+0000] {logging_mixin.py:188} INFO - [2026-05-19T14:13:20.450+0000] {dag.py:3096} INFO - Sync 1 DAGs
[2026-05-19T14:13:20.479+0000] {logging_mixin.py:188} INFO - [2026-05-19T14:13:20.478+0000] {dag.py:3954} INFO - Setting next_dagrun for example_branch_labels to 2026-05-18 00:00:00+00:00, run_after=2026-05-19 00:00:00+00:00
[2026-05-19T14:13:20.507+0000] {processor.py:183} INFO - Processing /home/airflow/.local/lib/python3.12/site-packages/airflow/example_dags/example_branch_labels.py took 0.099 seconds
[2026-05-19T14:13:50.588+0000] {processor.py:161} INFO - Started process (PID=5067) to work on /home/airflow/.local/lib/python3.12/site-packages/airflow/example_dags/example_branch_labels.py
[2026-05-19T14:13:50.590+0000] {processor.py:830} INFO - Processing file /home/airflow/.local/lib/python3.12/site-packages/airflow/example_dags/example_branch_labels.py for tasks to queue
[2026-05-19T14:13:50.595+0000] {logging_mixin.py:188} INFO - [2026-05-19T14:13:50.593+0000] {dagbag.py:545} INFO - Filling up the DagBag from /home/airflow/.local/lib/python3.12/site-packages/airflow/example_dags/example_branch_labels.py
[2026-05-19T14:13:50.604+0000] {processor.py:840} INFO - DAG(s) 'example_branch_labels' retrieved from /home/airflow/.local/lib/python3.12/site-packages/airflow/example_dags/example_branch_labels.py
[2026-05-19T14:13:50.644+0000] {logging_mixin.py:188} INFO - [2026-05-19T14:13:50.644+0000] {dag.py:3096} INFO - Sync 1 DAGs
[2026-05-19T14:13:50.677+0000] {logging_mixin.py:188} INFO - [2026-05-19T14:13:50.677+0000] {dag.py:3954} INFO - Setting next_dagrun for example_branch_labels to 2026-05-18 00:00:00+00:00, run_after=2026-05-19 00:00:00+00:00
[2026-05-19T14:13:50.713+0000] {processor.py:183} INFO - Processing /home/airflow/.local/lib/python3.12/site-packages/airflow/example_dags/example_branch_labels.py took 0.130 seconds
[2026-05-19T14:14:20.884+0000] {processor.py:161} INFO - Started process (PID=5126) to work on /home/airflow/.local/lib/python3.12/site-packages/airflow/example_dags/example_branch_labels.py
[2026-05-19T14:14:20.886+0000] {processor.py:830} INFO - Processing file /home/airflow/.local/lib/python3.12/site-packages/airflow/example_dags/example_branch_labels.py for tasks to queue
[2026-05-19T14:14:20.890+0000] {logging_mixin.py:188} INFO - [2026-05-19T14:14:20.889+0000] {dagbag.py:545} INFO - Filling up the DagBag from /home/airflow/.local/lib/python3.12/site-packages/airflow/example_dags/example_branch_labels.py
[2026-05-19T14:14:20.903+0000] {processor.py:840} INFO - DAG(s) 'example_branch_labels' retrieved from /home/airflow/.local/lib/python3.12/site-packages/airflow/example_dags/example_branch_labels.py
[2026-05-19T14:14:20.926+0000] {logging_mixin.py:188} INFO - [2026-05-19T14:14:20.926+0000] {dag.py:3096} INFO - Sync 1 DAGs
[2026-05-19T14:14:20.954+0000] {logging_mixin.py:188} INFO - [2026-05-19T14:14:20.953+0000] {dag.py:3954} INFO - Setting next_dagrun for example_branch_labels to 2026-05-18 00:00:00+00:00, run_after=2026-05-19 00:00:00+00:00
[2026-05-19T14:14:20.979+0000] {processor.py:183} INFO - Processing /home/airflow/.local/lib/python3.12/site-packages/airflow/example_dags/example_branch_labels.py took 0.104 seconds
[2026-05-19T14:14:51.126+0000] {processor.py:161} INFO - Started process (PID=5185) to work on /home/airflow/.local/lib/python3.12/site-packages/airflow/example_dags/example_branch_labels.py
[2026-05-19T14:14:51.128+0000] {processor.py:830} INFO - Processing file /home/airflow/.local/lib/python3.12/site-packages/airflow/example_dags/example_branch_labels.py for tasks to queue
[2026-05-19T14:14:51.130+0000] {logging_mixin.py:188} INFO - [2026-05-19T14:14:51.130+0000] {dagbag.py:545} INFO - Filling up the DagBag from /home/airflow/.local/lib/python3.12/site-packages/airflow/example_dags/example_branch_labels.py
[2026-05-19T14:14:51.141+0000] {processor.py:840} INFO - DAG(s) 'example_branch_labels' retrieved from /home/airflow/.local/lib/python3.12/site-packages/airflow/example_dags/example_branch_labels.py
[2026-05-19T14:14:51.175+0000] {logging_mixin.py:188} INFO - [2026-05-19T14:14:51.174+0000] {dag.py:3096} INFO - Sync 1 DAGs
[2026-05-19T14:14:51.202+0000] {logging_mixin.py:188} INFO - [2026-05-19T14:14:51.202+0000] {dag.py:3954} INFO - Setting next_dagrun for example_branch_labels to 2026-05-18 00:00:00+00:00, run_after=2026-05-19 00:00:00+00:00
[2026-05-19T14:14:51.226+0000] {processor.py:183} INFO - Processing /home/airflow/.local/lib/python3.12/site-packages/airflow/example_dags/example_branch_labels.py took 0.109 seconds
[2026-05-19T14:15:21.942+0000] {processor.py:161} INFO - Started process (PID=5250) to work on /home/airflow/.local/lib/python3.12/site-packages/airflow/example_dags/example_branch_labels.py
[2026-05-19T14:15:21.943+0000] {processor.py:830} INFO - Processing file /home/airflow/.local/lib/python3.12/site-packages/airflow/example_dags/example_branch_labels.py for tasks to queue
[2026-05-19T14:15:21.946+0000] {logging_mixin.py:188} INFO - [2026-05-19T14:15:21.946+0000] {dagbag.py:545} INFO - Filling up the DagBag from /home/airflow/.local/lib/python3.12/site-packages/airflow/example_dags/example_branch_labels.py
[2026-05-19T14:15:21.954+0000] {processor.py:840} INFO - DAG(s) 'example_branch_labels' retrieved from /home/airflow/.local/lib/python3.12/site-packages/airflow/example_dags/example_branch_labels.py
[2026-05-19T14:15:21.986+0000] {logging_mixin.py:188} INFO - [2026-05-19T14:15:21.985+0000] {dag.py:3096} INFO - Sync 1 DAGs
[2026-05-19T14:15:22.013+0000] {logging_mixin.py:188} INFO - [2026-05-19T14:15:22.013+0000] {dag.py:3954} INFO - Setting next_dagrun for example_branch_labels to 2026-05-18 00:00:00+00:00, run_after=2026-05-19 00:00:00+00:00
[2026-05-19T14:15:22.039+0000] {processor.py:183} INFO - Processing /home/airflow/.local/lib/python3.12/site-packages/airflow/example_dags/example_branch_labels.py took 0.102 seconds
[2026-05-19T14:15:52.751+0000] {processor.py:161} INFO - Started process (PID=5313) to work on /home/airflow/.local/lib/python3.12/site-packages/airflow/example_dags/example_branch_labels.py
[2026-05-19T14:15:52.755+0000] {processor.py:830} INFO - Processing file /home/airflow/.local/lib/python3.12/site-packages/airflow/example_dags/example_branch_labels.py for tasks to queue
[2026-05-19T14:15:52.762+0000] {logging_mixin.py:188} INFO - [2026-05-19T14:15:52.761+0000] {dagbag.py:545} INFO - Filling up the DagBag from /home/airflow/.local/lib/python3.12/site-packages/airflow/example_dags/example_branch_labels.py
[2026-05-19T14:15:52.800+0000] {processor.py:840} INFO - DAG(s) 'example_branch_labels' retrieved from /home/airflow/.local/lib/python3.12/site-packages/airflow/example_dags/example_branch_labels.py
[2026-05-19T14:15:52.961+0000] {logging_mixin.py:188} INFO - [2026-05-19T14:15:52.959+0000] {dag.py:3096} INFO - Sync 1 DAGs
[2026-05-19T14:15:53.110+0000] {logging_mixin.py:188} INFO - [2026-05-19T14:15:53.109+0000] {dag.py:3954} INFO - Setting next_dagrun for example_branch_labels to 2026-05-18 00:00:00+00:00, run_after=2026-05-19 00:00:00+00:00
[2026-05-19T14:15:53.181+0000] {processor.py:183} INFO - Processing /home/airflow/.local/lib/python3.12/site-packages/airflow/example_dags/example_branch_labels.py took 0.452 seconds
[2026-05-19T14:16:24.192+0000] {processor.py:161} INFO - Started process (PID=5371) to work on /home/airflow/.local/lib/python3.12/site-packages/airflow/example_dags/example_branch_labels.py
[2026-05-19T14:16:24.195+0000] {processor.py:830} INFO - Processing file /home/airflow/.local/lib/python3.12/site-packages/airflow/example_dags/example_branch_labels.py for tasks to queue
[2026-05-19T14:16:24.200+0000] {logging_mixin.py:188} INFO - [2026-05-19T14:16:24.198+0000] {dagbag.py:545} INFO - Filling up the DagBag from /home/airflow/.local/lib/python3.12/site-packages/airflow/example_dags/example_branch_labels.py
[2026-05-19T14:16:24.225+0000] {processor.py:840} INFO - DAG(s) 'example_branch_labels' retrieved from /home/airflow/.local/lib/python3.12/site-packages/airflow/example_dags/example_branch_labels.py
[2026-05-19T14:16:24.271+0000] {logging_mixin.py:188} INFO - [2026-05-19T14:16:24.271+0000] {dag.py:3096} INFO - Sync 1 DAGs
[2026-05-19T14:16:24.322+0000] {logging_mixin.py:188} INFO - [2026-05-19T14:16:24.322+0000] {dag.py:3954} INFO - Setting next_dagrun for example_branch_labels to 2026-05-18 00:00:00+00:00, run_after=2026-05-19 00:00:00+00:00
[2026-05-19T14:16:24.379+0000] {processor.py:183} INFO - Processing /home/airflow/.local/lib/python3.12/site-packages/airflow/example_dags/example_branch_labels.py took 0.201 seconds
[2026-05-19T14:16:54.659+0000] {processor.py:161} INFO - Started process (PID=5430) to work on /home/airflow/.local/lib/python3.12/site-packages/airflow/example_dags/example_branch_labels.py
[2026-05-19T14:16:54.662+0000] {processor.py:830} INFO - Processing file /home/airflow/.local/lib/python3.12/site-packages/airflow/example_dags/example_branch_labels.py for tasks to queue
[2026-05-19T14:16:54.669+0000] {logging_mixin.py:188} INFO - [2026-05-19T14:16:54.668+0000] {dagbag.py:545} INFO - Filling up the DagBag from /home/airflow/.local/lib/python3.12/site-packages/airflow/example_dags/example_branch_labels.py
[2026-05-19T14:16:54.695+0000] {processor.py:840} INFO - DAG(s) 'example_branch_labels' retrieved from /home/airflow/.local/lib/python3.12/site-packages/airflow/example_dags/example_branch_labels.py
[2026-05-19T14:16:54.778+0000] {logging_mixin.py:188} INFO - [2026-05-19T14:16:54.777+0000] {dag.py:3096} INFO - Sync 1 DAGs
[2026-05-19T14:16:54.881+0000] {logging_mixin.py:188} INFO - [2026-05-19T14:16:54.880+0000] {dag.py:3954} INFO - Setting next_dagrun for example_branch_labels to 2026-05-18 00:00:00+00:00, run_after=2026-05-19 00:00:00+00:00
[2026-05-19T14:16:54.965+0000] {processor.py:183} INFO - Processing /home/airflow/.local/lib/python3.12/site-packages/airflow/example_dags/example_branch_labels.py took 0.319 seconds
[2026-05-19T14:17:25.045+0000] {processor.py:161} INFO - Started process (PID=5489) to work on /home/airflow/.local/lib/python3.12/site-packages/airflow/example_dags/example_branch_labels.py
[2026-05-19T14:17:25.047+0000] {processor.py:830} INFO - Processing file /home/airflow/.local/lib/python3.12/site-packages/airflow/example_dags/example_branch_labels.py for tasks to queue
[2026-05-19T14:17:25.052+0000] {logging_mixin.py:188} INFO - [2026-05-19T14:17:25.052+0000] {dagbag.py:545} INFO - Filling up the DagBag from /home/airflow/.local/lib/python3.12/site-packages/airflow/example_dags/example_branch_labels.py
[2026-05-19T14:17:25.067+0000] {processor.py:840} INFO - DAG(s) 'example_branch_labels' retrieved from /home/airflow/.local/lib/python3.12/site-packages/airflow/example_dags/example_branch_labels.py
[2026-05-19T14:17:25.115+0000] {logging_mixin.py:188} INFO - [2026-05-19T14:17:25.114+0000] {dag.py:3096} INFO - Sync 1 DAGs
[2026-05-19T14:17:25.176+0000] {logging_mixin.py:188} INFO - [2026-05-19T14:17:25.176+0000] {dag.py:3954} INFO - Setting next_dagrun for example_branch_labels to 2026-05-18 00:00:00+00:00, run_after=2026-05-19 00:00:00+00:00
[2026-05-19T14:17:25.224+0000] {processor.py:183} INFO - Processing /home/airflow/.local/lib/python3.12/site-packages/airflow/example_dags/example_branch_labels.py took 0.191 seconds
[2026-05-19T14:17:55.363+0000] {processor.py:161} INFO - Started process (PID=5546) to work on /home/airflow/.local/lib/python3.12/site-packages/airflow/example_dags/example_branch_labels.py
[2026-05-19T14:17:55.365+0000] {processor.py:830} INFO - Processing file /home/airflow/.local/lib/python3.12/site-packages/airflow/example_dags/example_branch_labels.py for tasks to queue
[2026-05-19T14:17:55.369+0000] {logging_mixin.py:188} INFO - [2026-05-19T14:17:55.368+0000] {dagbag.py:545} INFO - Filling up the DagBag from /home/airflow/.local/lib/python3.12/site-packages/airflow/example_dags/example_branch_labels.py
[2026-05-19T14:17:55.381+0000] {processor.py:840} INFO - DAG(s) 'example_branch_labels' retrieved from /home/airflow/.local/lib/python3.12/site-packages/airflow/example_dags/example_branch_labels.py
[2026-05-19T14:17:55.407+0000] {logging_mixin.py:188} INFO - [2026-05-19T14:17:55.407+0000] {dag.py:3096} INFO - Sync 1 DAGs
[2026-05-19T14:17:55.429+0000] {logging_mixin.py:188} INFO - [2026-05-19T14:17:55.429+0000] {dag.py:3954} INFO - Setting next_dagrun for example_branch_labels to 2026-05-18 00:00:00+00:00, run_after=2026-05-19 00:00:00+00:00
[2026-05-19T14:17:55.455+0000] {processor.py:183} INFO - Processing /home/airflow/.local/lib/python3.12/site-packages/airflow/example_dags/example_branch_labels.py took 0.100 seconds
[2026-05-19T14:18:25.683+0000] {processor.py:161} INFO - Started process (PID=5605) to work on /home/airflow/.local/lib/python3.12/site-packages/airflow/example_dags/example_branch_labels.py
[2026-05-19T14:18:25.684+0000] {processor.py:830} INFO - Processing file /home/airflow/.local/lib/python3.12/site-packages/airflow/example_dags/example_branch_labels.py for tasks to queue
[2026-05-19T14:18:25.686+0000] {logging_mixin.py:188} INFO - [2026-05-19T14:18:25.686+0000] {dagbag.py:545} INFO - Filling up the DagBag from /home/airflow/.local/lib/python3.12/site-packages/airflow/example_dags/example_branch_labels.py
[2026-05-19T14:18:25.694+0000] {processor.py:840} INFO - DAG(s) 'example_branch_labels' retrieved from /home/airflow/.local/lib/python3.12/site-packages/airflow/example_dags/example_branch_labels.py
[2026-05-19T14:18:25.728+0000] {logging_mixin.py:188} INFO - [2026-05-19T14:18:25.727+0000] {dag.py:3096} INFO - Sync 1 DAGs
[2026-05-19T14:18:25.756+0000] {logging_mixin.py:188} INFO - [2026-05-19T14:18:25.755+0000] {dag.py:3954} INFO - Setting next_dagrun for example_branch_labels to 2026-05-18 00:00:00+00:00, run_after=2026-05-19 00:00:00+00:00
[2026-05-19T14:18:25.775+0000] {processor.py:183} INFO - Processing /home/airflow/.local/lib/python3.12/site-packages/airflow/example_dags/example_branch_labels.py took 0.097 seconds
[2026-05-19T14:18:56.119+0000] {processor.py:161} INFO - Started process (PID=5664) to work on /home/airflow/.local/lib/python3.12/site-packages/airflow/example_dags/example_branch_labels.py
[2026-05-19T14:18:56.121+0000] {processor.py:830} INFO - Processing file /home/airflow/.local/lib/python3.12/site-packages/airflow/example_dags/example_branch_labels.py for tasks to queue
[2026-05-19T14:18:56.124+0000] {logging_mixin.py:188} INFO - [2026-05-19T14:18:56.123+0000] {dagbag.py:545} INFO - Filling up the DagBag from /home/airflow/.local/lib/python3.12/site-packages/airflow/example_dags/example_branch_labels.py
[2026-05-19T14:18:56.133+0000] {processor.py:840} INFO - DAG(s) 'example_branch_labels' retrieved from /home/airflow/.local/lib/python3.12/site-packages/airflow/example_dags/example_branch_labels.py
[2026-05-19T14:18:56.169+0000] {logging_mixin.py:188} INFO - [2026-05-19T14:18:56.169+0000] {dag.py:3096} INFO - Sync 1 DAGs
[2026-05-19T14:18:56.196+0000] {logging_mixin.py:188} INFO - [2026-05-19T14:18:56.196+0000] {dag.py:3954} INFO - Setting next_dagrun for example_branch_labels to 2026-05-18 00:00:00+00:00, run_after=2026-05-19 00:00:00+00:00
[2026-05-19T14:18:56.226+0000] {processor.py:183} INFO - Processing /home/airflow/.local/lib/python3.12/site-packages/airflow/example_dags/example_branch_labels.py took 0.114 seconds
[2026-05-19T14:19:26.658+0000] {processor.py:161} INFO - Started process (PID=5723) to work on /home/airflow/.local/lib/python3.12/site-packages/airflow/example_dags/example_branch_labels.py
[2026-05-19T14:19:26.659+0000] {processor.py:830} INFO - Processing file /home/airflow/.local/lib/python3.12/site-packages/airflow/example_dags/example_branch_labels.py for tasks to queue
[2026-05-19T14:19:26.662+0000] {logging_mixin.py:188} INFO - [2026-05-19T14:19:26.662+0000] {dagbag.py:545} INFO - Filling up the DagBag from /home/airflow/.local/lib/python3.12/site-packages/airflow/example_dags/example_branch_labels.py
[2026-05-19T14:19:26.670+0000] {processor.py:840} INFO - DAG(s) 'example_branch_labels' retrieved from /home/airflow/.local/lib/python3.12/site-packages/airflow/example_dags/example_branch_labels.py
[2026-05-19T14:19:26.708+0000] {logging_mixin.py:188} INFO - [2026-05-19T14:19:26.708+0000] {dag.py:3096} INFO - Sync 1 DAGs
[2026-05-19T14:19:26.734+0000] {logging_mixin.py:188} INFO - [2026-05-19T14:19:26.734+0000] {dag.py:3954} INFO - Setting next_dagrun for example_branch_labels to 2026-05-18 00:00:00+00:00, run_after=2026-05-19 00:00:00+00:00
[2026-05-19T14:19:26.768+0000] {processor.py:183} INFO - Processing /home/airflow/.local/lib/python3.12/site-packages/airflow/example_dags/example_branch_labels.py took 0.115 seconds
[2026-05-19T14:19:57.264+0000] {processor.py:161} INFO - Started process (PID=5782) to work on /home/airflow/.local/lib/python3.12/site-packages/airflow/example_dags/example_branch_labels.py
[2026-05-19T14:19:57.265+0000] {processor.py:830} INFO - Processing file /home/airflow/.local/lib/python3.12/site-packages/airflow/example_dags/example_branch_labels.py for tasks to queue
[2026-05-19T14:19:57.269+0000] {logging_mixin.py:188} INFO - [2026-05-19T14:19:57.268+0000] {dagbag.py:545} INFO - Filling up the DagBag from /home/airflow/.local/lib/python3.12/site-packages/airflow/example_dags/example_branch_labels.py
[2026-05-19T14:19:57.284+0000] {processor.py:840} INFO - DAG(s) 'example_branch_labels' retrieved from /home/airflow/.local/lib/python3.12/site-packages/airflow/example_dags/example_branch_labels.py
[2026-05-19T14:19:57.328+0000] {logging_mixin.py:188} INFO - [2026-05-19T14:19:57.328+0000] {dag.py:3096} INFO - Sync 1 DAGs
[2026-05-19T14:19:57.374+0000] {logging_mixin.py:188} INFO - [2026-05-19T14:19:57.373+0000] {dag.py:3954} INFO - Setting next_dagrun for example_branch_labels to 2026-05-18 00:00:00+00:00, run_after=2026-05-19 00:00:00+00:00
[2026-05-19T14:19:57.420+0000] {processor.py:183} INFO - Processing /home/airflow/.local/lib/python3.12/site-packages/airflow/example_dags/example_branch_labels.py took 0.166 seconds
[2026-05-19T14:20:27.572+0000] {processor.py:161} INFO - Started process (PID=5841) to work on /home/airflow/.local/lib/python3.12/site-packages/airflow/example_dags/example_branch_labels.py
[2026-05-19T14:20:27.574+0000] {processor.py:830} INFO - Processing file /home/airflow/.local/lib/python3.12/site-packages/airflow/example_dags/example_branch_labels.py for tasks to queue
[2026-05-19T14:20:27.577+0000] {logging_mixin.py:188} INFO - [2026-05-19T14:20:27.577+0000] {dagbag.py:545} INFO - Filling up the DagBag from /home/airflow/.local/lib/python3.12/site-packages/airflow/example_dags/example_branch_labels.py
[2026-05-19T14:20:27.594+0000] {processor.py:840} INFO - DAG(s) 'example_branch_labels' retrieved from /home/airflow/.local/lib/python3.12/site-packages/airflow/example_dags/example_branch_labels.py
[2026-05-19T14:20:27.629+0000] {logging_mixin.py:188} INFO - [2026-05-19T14:20:27.628+0000] {dag.py:3096} INFO - Sync 1 DAGs
[2026-05-19T14:20:27.669+0000] {logging_mixin.py:188} INFO - [2026-05-19T14:20:27.669+0000] {dag.py:3954} INFO - Setting next_dagrun for example_branch_labels to 2026-05-18 00:00:00+00:00, run_after=2026-05-19 00:00:00+00:00
[2026-05-19T14:20:27.705+0000] {processor.py:183} INFO - Processing /home/airflow/.local/lib/python3.12/site-packages/airflow/example_dags/example_branch_labels.py took 0.142 seconds
[2026-05-19T14:20:57.909+0000] {processor.py:161} INFO - Started process (PID=5900) to work on /home/airflow/.local/lib/python3.12/site-packages/airflow/example_dags/example_branch_labels.py
[2026-05-19T14:20:57.910+0000] {processor.py:830} INFO - Processing file /home/airflow/.local/lib/python3.12/site-packages/airflow/example_dags/example_branch_labels.py for tasks to queue
[2026-05-19T14:20:57.912+0000] {logging_mixin.py:188} INFO - [2026-05-19T14:20:57.912+0000] {dagbag.py:545} INFO - Filling up the DagBag from /home/airflow/.local/lib/python3.12/site-packages/airflow/example_dags/example_branch_labels.py
[2026-05-19T14:20:57.918+0000] {processor.py:840} INFO - DAG(s) 'example_branch_labels' retrieved from /home/airflow/.local/lib/python3.12/site-packages/airflow/example_dags/example_branch_labels.py
[2026-05-19T14:20:57.937+0000] {logging_mixin.py:188} INFO - [2026-05-19T14:20:57.937+0000] {dag.py:3096} INFO - Sync 1 DAGs
[2026-05-19T14:20:57.956+0000] {logging_mixin.py:188} INFO - [2026-05-19T14:20:57.955+0000] {dag.py:3954} INFO - Setting next_dagrun for example_branch_labels to 2026-05-18 00:00:00+00:00, run_after=2026-05-19 00:00:00+00:00
[2026-05-19T14:20:57.973+0000] {processor.py:183} INFO - Processing /home/airflow/.local/lib/python3.12/site-packages/airflow/example_dags/example_branch_labels.py took 0.069 seconds
[2026-05-19T14:21:28.284+0000] {processor.py:161} INFO - Started process (PID=5959) to work on /home/airflow/.local/lib/python3.12/site-packages/airflow/example_dags/example_branch_labels.py
[2026-05-19T14:21:28.285+0000] {processor.py:830} INFO - Processing file /home/airflow/.local/lib/python3.12/site-packages/airflow/example_dags/example_branch_labels.py for tasks to queue
[2026-05-19T14:21:28.289+0000] {logging_mixin.py:188} INFO - [2026-05-19T14:21:28.288+0000] {dagbag.py:545} INFO - Filling up the DagBag from /home/airflow/.local/lib/python3.12/site-packages/airflow/example_dags/example_branch_labels.py
[2026-05-19T14:21:28.299+0000] {processor.py:840} INFO - DAG(s) 'example_branch_labels' retrieved from /home/airflow/.local/lib/python3.12/site-packages/airflow/example_dags/example_branch_labels.py
[2026-05-19T14:21:28.326+0000] {logging_mixin.py:188} INFO - [2026-05-19T14:21:28.326+0000] {dag.py:3096} INFO - Sync 1 DAGs
[2026-05-19T14:21:28.352+0000] {logging_mixin.py:188} INFO - [2026-05-19T14:21:28.351+0000] {dag.py:3954} INFO - Setting next_dagrun for example_branch_labels to 2026-05-18 00:00:00+00:00, run_after=2026-05-19 00:00:00+00:00
[2026-05-19T14:21:28.374+0000] {processor.py:183} INFO - Processing /home/airflow/.local/lib/python3.12/site-packages/airflow/example_dags/example_branch_labels.py took 0.098 seconds
[2026-05-19T17:35:42.498+0000] {processor.py:161} INFO - Started process (PID=6022) to work on /home/airflow/.local/lib/python3.12/site-packages/airflow/example_dags/example_branch_labels.py
[2026-05-19T17:35:42.500+0000] {processor.py:830} INFO - Processing file /home/airflow/.local/lib/python3.12/site-packages/airflow/example_dags/example_branch_labels.py for tasks to queue
[2026-05-19T17:35:42.504+0000] {logging_mixin.py:188} INFO - [2026-05-19T17:35:42.504+0000] {dagbag.py:545} INFO - Filling up the DagBag from /home/airflow/.local/lib/python3.12/site-packages/airflow/example_dags/example_branch_labels.py
[2026-05-19T17:35:42.523+0000] {processor.py:840} INFO - DAG(s) 'example_branch_labels' retrieved from /home/airflow/.local/lib/python3.12/site-packages/airflow/example_dags/example_branch_labels.py
[2026-05-19T17:35:42.566+0000] {logging_mixin.py:188} INFO - [2026-05-19T17:35:42.566+0000] {dag.py:3096} INFO - Sync 1 DAGs
[2026-05-19T17:35:42.609+0000] {logging_mixin.py:188} INFO - [2026-05-19T17:35:42.609+0000] {dag.py:3954} INFO - Setting next_dagrun for example_branch_labels to 2026-05-18 00:00:00+00:00, run_after=2026-05-19 00:00:00+00:00
[2026-05-19T17:35:42.646+0000] {processor.py:183} INFO - Processing /home/airflow/.local/lib/python3.12/site-packages/airflow/example_dags/example_branch_labels.py took 0.160 seconds
[2026-05-19T17:36:12.847+0000] {processor.py:161} INFO - Started process (PID=6082) to work on /home/airflow/.local/lib/python3.12/site-packages/airflow/example_dags/example_branch_labels.py
[2026-05-19T17:36:12.849+0000] {processor.py:830} INFO - Processing file /home/airflow/.local/lib/python3.12/site-packages/airflow/example_dags/example_branch_labels.py for tasks to queue
[2026-05-19T17:36:12.852+0000] {logging_mixin.py:188} INFO - [2026-05-19T17:36:12.851+0000] {dagbag.py:545} INFO - Filling up the DagBag from /home/airflow/.local/lib/python3.12/site-packages/airflow/example_dags/example_branch_labels.py
[2026-05-19T17:36:12.862+0000] {processor.py:840} INFO - DAG(s) 'example_branch_labels' retrieved from /home/airflow/.local/lib/python3.12/site-packages/airflow/example_dags/example_branch_labels.py
[2026-05-19T17:36:12.894+0000] {logging_mixin.py:188} INFO - [2026-05-19T17:36:12.894+0000] {dag.py:3096} INFO - Sync 1 DAGs
[2026-05-19T17:36:12.923+0000] {logging_mixin.py:188} INFO - [2026-05-19T17:36:12.922+0000] {dag.py:3954} INFO - Setting next_dagrun for example_branch_labels to 2026-05-18 00:00:00+00:00, run_after=2026-05-19 00:00:00+00:00
[2026-05-19T17:36:12.955+0000] {processor.py:183} INFO - Processing /home/airflow/.local/lib/python3.12/site-packages/airflow/example_dags/example_branch_labels.py took 0.115 seconds
[2026-05-19T17:36:42.995+0000] {processor.py:161} INFO - Started process (PID=6141) to work on /home/airflow/.local/lib/python3.12/site-packages/airflow/example_dags/example_branch_labels.py
[2026-05-19T17:36:42.996+0000] {processor.py:830} INFO - Processing file /home/airflow/.local/lib/python3.12/site-packages/airflow/example_dags/example_branch_labels.py for tasks to queue
[2026-05-19T17:36:42.998+0000] {logging_mixin.py:188} INFO - [2026-05-19T17:36:42.998+0000] {dagbag.py:545} INFO - Filling up the DagBag from /home/airflow/.local/lib/python3.12/site-packages/airflow/example_dags/example_branch_labels.py
[2026-05-19T17:36:43.007+0000] {processor.py:840} INFO - DAG(s) 'example_branch_labels' retrieved from /home/airflow/.local/lib/python3.12/site-packages/airflow/example_dags/example_branch_labels.py
[2026-05-19T17:36:43.029+0000] {logging_mixin.py:188} INFO - [2026-05-19T17:36:43.029+0000] {dag.py:3096} INFO - Sync 1 DAGs
[2026-05-19T17:36:43.049+0000] {logging_mixin.py:188} INFO - [2026-05-19T17:36:43.048+0000] {dag.py:3954} INFO - Setting next_dagrun for example_branch_labels to 2026-05-18 00:00:00+00:00, run_after=2026-05-19 00:00:00+00:00
[2026-05-19T17:36:43.065+0000] {processor.py:183} INFO - Processing /home/airflow/.local/lib/python3.12/site-packages/airflow/example_dags/example_branch_labels.py took 0.076 seconds
[2026-05-19T17:37:13.724+0000] {processor.py:161} INFO - Started process (PID=6200) to work on /home/airflow/.local/lib/python3.12/site-packages/airflow/example_dags/example_branch_labels.py
[2026-05-19T17:37:13.725+0000] {processor.py:830} INFO - Processing file /home/airflow/.local/lib/python3.12/site-packages/airflow/example_dags/example_branch_labels.py for tasks to queue
[2026-05-19T17:37:13.727+0000] {logging_mixin.py:188} INFO - [2026-05-19T17:37:13.727+0000] {dagbag.py:545} INFO - Filling up the DagBag from /home/airflow/.local/lib/python3.12/site-packages/airflow/example_dags/example_branch_labels.py
[2026-05-19T17:37:13.734+0000] {processor.py:840} INFO - DAG(s) 'example_branch_labels' retrieved from /home/airflow/.local/lib/python3.12/site-packages/airflow/example_dags/example_branch_labels.py
[2026-05-19T17:37:13.760+0000] {logging_mixin.py:188} INFO - [2026-05-19T17:37:13.759+0000] {dag.py:3096} INFO - Sync 1 DAGs
[2026-05-19T17:37:13.780+0000] {logging_mixin.py:188} INFO - [2026-05-19T17:37:13.780+0000] {dag.py:3954} INFO - Setting next_dagrun for example_branch_labels to 2026-05-18 00:00:00+00:00, run_after=2026-05-19 00:00:00+00:00
[2026-05-19T17:37:13.798+0000] {processor.py:183} INFO - Processing /home/airflow/.local/lib/python3.12/site-packages/airflow/example_dags/example_branch_labels.py took 0.082 seconds
[2026-05-19T17:37:44.389+0000] {processor.py:161} INFO - Started process (PID=6259) to work on /home/airflow/.local/lib/python3.12/site-packages/airflow/example_dags/example_branch_labels.py
[2026-05-19T17:37:44.391+0000] {processor.py:830} INFO - Processing file /home/airflow/.local/lib/python3.12/site-packages/airflow/example_dags/example_branch_labels.py for tasks to queue
[2026-05-19T17:37:44.394+0000] {logging_mixin.py:188} INFO - [2026-05-19T17:37:44.394+0000] {dagbag.py:545} INFO - Filling up the DagBag from /home/airflow/.local/lib/python3.12/site-packages/airflow/example_dags/example_branch_labels.py
[2026-05-19T17:37:44.405+0000] {processor.py:840} INFO - DAG(s) 'example_branch_labels' retrieved from /home/airflow/.local/lib/python3.12/site-packages/airflow/example_dags/example_branch_labels.py
[2026-05-19T17:37:44.426+0000] {logging_mixin.py:188} INFO - [2026-05-19T17:37:44.426+0000] {dag.py:3096} INFO - Sync 1 DAGs
[2026-05-19T17:37:44.460+0000] {logging_mixin.py:188} INFO - [2026-05-19T17:37:44.460+0000] {dag.py:3954} INFO - Setting next_dagrun for example_branch_labels to 2026-05-18 00:00:00+00:00, run_after=2026-05-19 00:00:00+00:00
[2026-05-19T17:37:44.509+0000] {processor.py:183} INFO - Processing /home/airflow/.local/lib/python3.12/site-packages/airflow/example_dags/example_branch_labels.py took 0.128 seconds
[2026-05-19T17:38:14.801+0000] {processor.py:161} INFO - Started process (PID=6318) to work on /home/airflow/.local/lib/python3.12/site-packages/airflow/example_dags/example_branch_labels.py
[2026-05-19T17:38:14.802+0000] {processor.py:830} INFO - Processing file /home/airflow/.local/lib/python3.12/site-packages/airflow/example_dags/example_branch_labels.py for tasks to queue
[2026-05-19T17:38:14.805+0000] {logging_mixin.py:188} INFO - [2026-05-19T17:38:14.804+0000] {dagbag.py:545} INFO - Filling up the DagBag from /home/airflow/.local/lib/python3.12/site-packages/airflow/example_dags/example_branch_labels.py
[2026-05-19T17:38:14.814+0000] {processor.py:840} INFO - DAG(s) 'example_branch_labels' retrieved from /home/airflow/.local/lib/python3.12/site-packages/airflow/example_dags/example_branch_labels.py
[2026-05-19T17:38:14.836+0000] {logging_mixin.py:188} INFO - [2026-05-19T17:38:14.836+0000] {dag.py:3096} INFO - Sync 1 DAGs
[2026-05-19T17:38:14.855+0000] {logging_mixin.py:188} INFO - [2026-05-19T17:38:14.855+0000] {dag.py:3954} INFO - Setting next_dagrun for example_branch_labels to 2026-05-18 00:00:00+00:00, run_after=2026-05-19 00:00:00+00:00
[2026-05-19T17:38:14.870+0000] {processor.py:183} INFO - Processing /home/airflow/.local/lib/python3.12/site-packages/airflow/example_dags/example_branch_labels.py took 0.074 seconds
[2026-05-19T17:38:45.838+0000] {processor.py:161} INFO - Started process (PID=6377) to work on /home/airflow/.local/lib/python3.12/site-packages/airflow/example_dags/example_branch_labels.py
[2026-05-19T17:38:45.839+0000] {processor.py:830} INFO - Processing file /home/airflow/.local/lib/python3.12/site-packages/airflow/example_dags/example_branch_labels.py for tasks to queue
[2026-05-19T17:38:45.842+0000] {logging_mixin.py:188} INFO - [2026-05-19T17:38:45.841+0000] {dagbag.py:545} INFO - Filling up the DagBag from /home/airflow/.local/lib/python3.12/site-packages/airflow/example_dags/example_branch_labels.py
[2026-05-19T17:38:45.849+0000] {processor.py:840} INFO - DAG(s) 'example_branch_labels' retrieved from /home/airflow/.local/lib/python3.12/site-packages/airflow/example_dags/example_branch_labels.py
[2026-05-19T17:38:45.867+0000] {logging_mixin.py:188} INFO - [2026-05-19T17:38:45.867+0000] {dag.py:3096} INFO - Sync 1 DAGs
[2026-05-19T17:38:45.886+0000] {logging_mixin.py:188} INFO - [2026-05-19T17:38:45.886+0000] {dag.py:3954} INFO - Setting next_dagrun for example_branch_labels to 2026-05-18 00:00:00+00:00, run_after=2026-05-19 00:00:00+00:00
[2026-05-19T17:38:45.902+0000] {processor.py:183} INFO - Processing /home/airflow/.local/lib/python3.12/site-packages/airflow/example_dags/example_branch_labels.py took 0.069 seconds
[2026-05-19T17:39:16.131+0000] {processor.py:161} INFO - Started process (PID=6436) to work on /home/airflow/.local/lib/python3.12/site-packages/airflow/example_dags/example_branch_labels.py
[2026-05-19T17:39:16.132+0000] {processor.py:830} INFO - Processing file /home/airflow/.local/lib/python3.12/site-packages/airflow/example_dags/example_branch_labels.py for tasks to queue
[2026-05-19T17:39:16.134+0000] {logging_mixin.py:188} INFO - [2026-05-19T17:39:16.133+0000] {dagbag.py:545} INFO - Filling up the DagBag from /home/airflow/.local/lib/python3.12/site-packages/airflow/example_dags/example_branch_labels.py
[2026-05-19T17:39:16.142+0000] {processor.py:840} INFO - DAG(s) 'example_branch_labels' retrieved from /home/airflow/.local/lib/python3.12/site-packages/airflow/example_dags/example_branch_labels.py
[2026-05-19T17:39:16.167+0000] {logging_mixin.py:188} INFO - [2026-05-19T17:39:16.166+0000] {dag.py:3096} INFO - Sync 1 DAGs
[2026-05-19T17:39:16.214+0000] {logging_mixin.py:188} INFO - [2026-05-19T17:39:16.213+0000] {dag.py:3954} INFO - Setting next_dagrun for example_branch_labels to 2026-05-18 00:00:00+00:00, run_after=2026-05-19 00:00:00+00:00
[2026-05-19T17:39:16.243+0000] {processor.py:183} INFO - Processing /home/airflow/.local/lib/python3.12/site-packages/airflow/example_dags/example_branch_labels.py took 0.118 seconds
[2026-05-19T17:39:46.559+0000] {processor.py:161} INFO - Started process (PID=6495) to work on /home/airflow/.local/lib/python3.12/site-packages/airflow/example_dags/example_branch_labels.py
[2026-05-19T17:39:46.561+0000] {processor.py:830} INFO - Processing file /home/airflow/.local/lib/python3.12/site-packages/airflow/example_dags/example_branch_labels.py for tasks to queue
[2026-05-19T17:39:46.563+0000] {logging_mixin.py:188} INFO - [2026-05-19T17:39:46.563+0000] {dagbag.py:545} INFO - Filling up the DagBag from /home/airflow/.local/lib/python3.12/site-packages/airflow/example_dags/example_branch_labels.py
[2026-05-19T17:39:46.572+0000] {processor.py:840} INFO - DAG(s) 'example_branch_labels' retrieved from /home/airflow/.local/lib/python3.12/site-packages/airflow/example_dags/example_branch_labels.py
[2026-05-19T17:39:46.597+0000] {logging_mixin.py:188} INFO - [2026-05-19T17:39:46.596+0000] {dag.py:3096} INFO - Sync 1 DAGs
[2026-05-19T17:39:46.626+0000] {logging_mixin.py:188} INFO - [2026-05-19T17:39:46.625+0000] {dag.py:3954} INFO - Setting next_dagrun for example_branch_labels to 2026-05-18 00:00:00+00:00, run_after=2026-05-19 00:00:00+00:00
[2026-05-19T17:39:46.647+0000] {processor.py:183} INFO - Processing /home/airflow/.local/lib/python3.12/site-packages/airflow/example_dags/example_branch_labels.py took 0.094 seconds
[2026-05-19T17:40:16.806+0000] {processor.py:161} INFO - Started process (PID=6554) to work on /home/airflow/.local/lib/python3.12/site-packages/airflow/example_dags/example_branch_labels.py
[2026-05-19T17:40:16.808+0000] {processor.py:830} INFO - Processing file /home/airflow/.local/lib/python3.12/site-packages/airflow/example_dags/example_branch_labels.py for tasks to queue
[2026-05-19T17:40:16.810+0000] {logging_mixin.py:188} INFO - [2026-05-19T17:40:16.809+0000] {dagbag.py:545} INFO - Filling up the DagBag from /home/airflow/.local/lib/python3.12/site-packages/airflow/example_dags/example_branch_labels.py
[2026-05-19T17:40:16.817+0000] {processor.py:840} INFO - DAG(s) 'example_branch_labels' retrieved from /home/airflow/.local/lib/python3.12/site-packages/airflow/example_dags/example_branch_labels.py
[2026-05-19T17:40:16.835+0000] {logging_mixin.py:188} INFO - [2026-05-19T17:40:16.835+0000] {dag.py:3096} INFO - Sync 1 DAGs
[2026-05-19T17:40:16.853+0000] {logging_mixin.py:188} INFO - [2026-05-19T17:40:16.853+0000] {dag.py:3954} INFO - Setting next_dagrun for example_branch_labels to 2026-05-18 00:00:00+00:00, run_after=2026-05-19 00:00:00+00:00
[2026-05-19T17:40:16.868+0000] {processor.py:183} INFO - Processing /home/airflow/.local/lib/python3.12/site-packages/airflow/example_dags/example_branch_labels.py took 0.070 seconds
[2026-05-19T17:40:47.249+0000] {processor.py:161} INFO - Started process (PID=6613) to work on /home/airflow/.local/lib/python3.12/site-packages/airflow/example_dags/example_branch_labels.py
[2026-05-19T17:40:47.250+0000] {processor.py:830} INFO - Processing file /home/airflow/.local/lib/python3.12/site-packages/airflow/example_dags/example_branch_labels.py for tasks to queue
[2026-05-19T17:40:47.252+0000] {logging_mixin.py:188} INFO - [2026-05-19T17:40:47.251+0000] {dagbag.py:545} INFO - Filling up the DagBag from /home/airflow/.local/lib/python3.12/site-packages/airflow/example_dags/example_branch_labels.py
[2026-05-19T17:40:47.259+0000] {processor.py:840} INFO - DAG(s) 'example_branch_labels' retrieved from /home/airflow/.local/lib/python3.12/site-packages/airflow/example_dags/example_branch_labels.py
[2026-05-19T17:40:47.280+0000] {logging_mixin.py:188} INFO - [2026-05-19T17:40:47.280+0000] {dag.py:3096} INFO - Sync 1 DAGs
[2026-05-19T17:40:47.299+0000] {logging_mixin.py:188} INFO - [2026-05-19T17:40:47.299+0000] {dag.py:3954} INFO - Setting next_dagrun for example_branch_labels to 2026-05-18 00:00:00+00:00, run_after=2026-05-19 00:00:00+00:00
[2026-05-19T17:40:47.315+0000] {processor.py:183} INFO - Processing /home/airflow/.local/lib/python3.12/site-packages/airflow/example_dags/example_branch_labels.py took 0.072 seconds
[2026-05-19T17:41:18.272+0000] {processor.py:161} INFO - Started process (PID=6672) to work on /home/airflow/.local/lib/python3.12/site-packages/airflow/example_dags/example_branch_labels.py
[2026-05-19T17:41:18.274+0000] {processor.py:830} INFO - Processing file /home/airflow/.local/lib/python3.12/site-packages/airflow/example_dags/example_branch_labels.py for tasks to queue
[2026-05-19T17:41:18.275+0000] {logging_mixin.py:188} INFO - [2026-05-19T17:41:18.275+0000] {dagbag.py:545} INFO - Filling up the DagBag from /home/airflow/.local/lib/python3.12/site-packages/airflow/example_dags/example_branch_labels.py
[2026-05-19T17:41:18.281+0000] {processor.py:840} INFO - DAG(s) 'example_branch_labels' retrieved from /home/airflow/.local/lib/python3.12/site-packages/airflow/example_dags/example_branch_labels.py
[2026-05-19T17:41:18.298+0000] {logging_mixin.py:188} INFO - [2026-05-19T17:41:18.298+0000] {dag.py:3096} INFO - Sync 1 DAGs
[2026-05-19T17:41:18.315+0000] {logging_mixin.py:188} INFO - [2026-05-19T17:41:18.315+0000] {dag.py:3954} INFO - Setting next_dagrun for example_branch_labels to 2026-05-18 00:00:00+00:00, run_after=2026-05-19 00:00:00+00:00
[2026-05-19T17:41:18.331+0000] {processor.py:183} INFO - Processing /home/airflow/.local/lib/python3.12/site-packages/airflow/example_dags/example_branch_labels.py took 0.064 seconds
[2026-05-19T17:41:48.522+0000] {processor.py:161} INFO - Started process (PID=6731) to work on /home/airflow/.local/lib/python3.12/site-packages/airflow/example_dags/example_branch_labels.py
[2026-05-19T17:41:48.523+0000] {processor.py:830} INFO - Processing file /home/airflow/.local/lib/python3.12/site-packages/airflow/example_dags/example_branch_labels.py for tasks to queue
[2026-05-19T17:41:48.525+0000] {logging_mixin.py:188} INFO - [2026-05-19T17:41:48.525+0000] {dagbag.py:545} INFO - Filling up the DagBag from /home/airflow/.local/lib/python3.12/site-packages/airflow/example_dags/example_branch_labels.py
[2026-05-19T17:41:48.533+0000] {processor.py:840} INFO - DAG(s) 'example_branch_labels' retrieved from /home/airflow/.local/lib/python3.12/site-packages/airflow/example_dags/example_branch_labels.py
[2026-05-19T17:41:48.553+0000] {logging_mixin.py:188} INFO - [2026-05-19T17:41:48.553+0000] {dag.py:3096} INFO - Sync 1 DAGs
[2026-05-19T17:41:48.570+0000] {logging_mixin.py:188} INFO - [2026-05-19T17:41:48.570+0000] {dag.py:3954} INFO - Setting next_dagrun for example_branch_labels to 2026-05-18 00:00:00+00:00, run_after=2026-05-19 00:00:00+00:00
[2026-05-19T17:41:48.586+0000] {processor.py:183} INFO - Processing /home/airflow/.local/lib/python3.12/site-packages/airflow/example_dags/example_branch_labels.py took 0.070 seconds
[2026-05-19T17:42:18.682+0000] {processor.py:161} INFO - Started process (PID=6790) to work on /home/airflow/.local/lib/python3.12/site-packages/airflow/example_dags/example_branch_labels.py
[2026-05-19T17:42:18.683+0000] {processor.py:830} INFO - Processing file /home/airflow/.local/lib/python3.12/site-packages/airflow/example_dags/example_branch_labels.py for tasks to queue
[2026-05-19T17:42:18.685+0000] {logging_mixin.py:188} INFO - [2026-05-19T17:42:18.684+0000] {dagbag.py:545} INFO - Filling up the DagBag from /home/airflow/.local/lib/python3.12/site-packages/airflow/example_dags/example_branch_labels.py
[2026-05-19T17:42:18.691+0000] {processor.py:840} INFO - DAG(s) 'example_branch_labels' retrieved from /home/airflow/.local/lib/python3.12/site-packages/airflow/example_dags/example_branch_labels.py
[2026-05-19T17:42:18.710+0000] {logging_mixin.py:188} INFO - [2026-05-19T17:42:18.710+0000] {dag.py:3096} INFO - Sync 1 DAGs
[2026-05-19T17:42:18.729+0000] {logging_mixin.py:188} INFO - [2026-05-19T17:42:18.729+0000] {dag.py:3954} INFO - Setting next_dagrun for example_branch_labels to 2026-05-18 00:00:00+00:00, run_after=2026-05-19 00:00:00+00:00
[2026-05-19T17:42:18.745+0000] {processor.py:183} INFO - Processing /home/airflow/.local/lib/python3.12/site-packages/airflow/example_dags/example_branch_labels.py took 0.067 seconds
[2026-05-19T17:42:48.987+0000] {processor.py:161} INFO - Started process (PID=6849) to work on /home/airflow/.local/lib/python3.12/site-packages/airflow/example_dags/example_branch_labels.py
[2026-05-19T17:42:48.988+0000] {processor.py:830} INFO - Processing file /home/airflow/.local/lib/python3.12/site-packages/airflow/example_dags/example_branch_labels.py for tasks to queue
[2026-05-19T17:42:48.990+0000] {logging_mixin.py:188} INFO - [2026-05-19T17:42:48.989+0000] {dagbag.py:545} INFO - Filling up the DagBag from /home/airflow/.local/lib/python3.12/site-packages/airflow/example_dags/example_branch_labels.py
[2026-05-19T17:42:48.996+0000] {processor.py:840} INFO - DAG(s) 'example_branch_labels' retrieved from /home/airflow/.local/lib/python3.12/site-packages/airflow/example_dags/example_branch_labels.py
[2026-05-19T17:42:49.017+0000] {logging_mixin.py:188} INFO - [2026-05-19T17:42:49.017+0000] {dag.py:3096} INFO - Sync 1 DAGs
[2026-05-19T17:42:49.036+0000] {logging_mixin.py:188} INFO - [2026-05-19T17:42:49.035+0000] {dag.py:3954} INFO - Setting next_dagrun for example_branch_labels to 2026-05-18 00:00:00+00:00, run_after=2026-05-19 00:00:00+00:00
[2026-05-19T17:42:49.050+0000] {processor.py:183} INFO - Processing /home/airflow/.local/lib/python3.12/site-packages/airflow/example_dags/example_branch_labels.py took 0.067 seconds
[2026-05-19T17:43:19.835+0000] {processor.py:161} INFO - Started process (PID=6908) to work on /home/airflow/.local/lib/python3.12/site-packages/airflow/example_dags/example_branch_labels.py
[2026-05-19T17:43:19.837+0000] {processor.py:830} INFO - Processing file /home/airflow/.local/lib/python3.12/site-packages/airflow/example_dags/example_branch_labels.py for tasks to queue
[2026-05-19T17:43:19.840+0000] {logging_mixin.py:188} INFO - [2026-05-19T17:43:19.839+0000] {dagbag.py:545} INFO - Filling up the DagBag from /home/airflow/.local/lib/python3.12/site-packages/airflow/example_dags/example_branch_labels.py
[2026-05-19T17:43:19.857+0000] {processor.py:840} INFO - DAG(s) 'example_branch_labels' retrieved from /home/airflow/.local/lib/python3.12/site-packages/airflow/example_dags/example_branch_labels.py
[2026-05-19T17:43:19.906+0000] {logging_mixin.py:188} INFO - [2026-05-19T17:43:19.905+0000] {dag.py:3096} INFO - Sync 1 DAGs
[2026-05-19T17:43:19.958+0000] {logging_mixin.py:188} INFO - [2026-05-19T17:43:19.958+0000] {dag.py:3954} INFO - Setting next_dagrun for example_branch_labels to 2026-05-18 00:00:00+00:00, run_after=2026-05-19 00:00:00+00:00
[2026-05-19T17:43:20.004+0000] {processor.py:183} INFO - Processing /home/airflow/.local/lib/python3.12/site-packages/airflow/example_dags/example_branch_labels.py took 0.183 seconds
[2026-05-19T17:43:50.859+0000] {processor.py:161} INFO - Started process (PID=6967) to work on /home/airflow/.local/lib/python3.12/site-packages/airflow/example_dags/example_branch_labels.py
[2026-05-19T17:43:50.861+0000] {processor.py:830} INFO - Processing file /home/airflow/.local/lib/python3.12/site-packages/airflow/example_dags/example_branch_labels.py for tasks to queue
[2026-05-19T17:43:50.864+0000] {logging_mixin.py:188} INFO - [2026-05-19T17:43:50.864+0000] {dagbag.py:545} INFO - Filling up the DagBag from /home/airflow/.local/lib/python3.12/site-packages/airflow/example_dags/example_branch_labels.py
[2026-05-19T17:43:50.874+0000] {processor.py:840} INFO - DAG(s) 'example_branch_labels' retrieved from /home/airflow/.local/lib/python3.12/site-packages/airflow/example_dags/example_branch_labels.py
[2026-05-19T17:43:50.905+0000] {logging_mixin.py:188} INFO - [2026-05-19T17:43:50.905+0000] {dag.py:3096} INFO - Sync 1 DAGs
[2026-05-19T17:43:50.940+0000] {logging_mixin.py:188} INFO - [2026-05-19T17:43:50.940+0000] {dag.py:3954} INFO - Setting next_dagrun for example_branch_labels to 2026-05-18 00:00:00+00:00, run_after=2026-05-19 00:00:00+00:00
[2026-05-19T17:43:50.969+0000] {processor.py:183} INFO - Processing /home/airflow/.local/lib/python3.12/site-packages/airflow/example_dags/example_branch_labels.py took 0.117 seconds
[2026-05-19T17:44:21.601+0000] {processor.py:161} INFO - Started process (PID=7026) to work on /home/airflow/.local/lib/python3.12/site-packages/airflow/example_dags/example_branch_labels.py
[2026-05-19T17:44:21.603+0000] {processor.py:830} INFO - Processing file /home/airflow/.local/lib/python3.12/site-packages/airflow/example_dags/example_branch_labels.py for tasks to queue
[2026-05-19T17:44:21.606+0000] {logging_mixin.py:188} INFO - [2026-05-19T17:44:21.606+0000] {dagbag.py:545} INFO - Filling up the DagBag from /home/airflow/.local/lib/python3.12/site-packages/airflow/example_dags/example_branch_labels.py
[2026-05-19T17:44:21.615+0000] {processor.py:840} INFO - DAG(s) 'example_branch_labels' retrieved from /home/airflow/.local/lib/python3.12/site-packages/airflow/example_dags/example_branch_labels.py
[2026-05-19T17:44:21.642+0000] {logging_mixin.py:188} INFO - [2026-05-19T17:44:21.642+0000] {dag.py:3096} INFO - Sync 1 DAGs
[2026-05-19T17:44:21.669+0000] {logging_mixin.py:188} INFO - [2026-05-19T17:44:21.669+0000] {dag.py:3954} INFO - Setting next_dagrun for example_branch_labels to 2026-05-18 00:00:00+00:00, run_after=2026-05-19 00:00:00+00:00
[2026-05-19T17:44:21.695+0000] {processor.py:183} INFO - Processing /home/airflow/.local/lib/python3.12/site-packages/airflow/example_dags/example_branch_labels.py took 0.102 seconds
[2026-05-19T17:44:51.999+0000] {processor.py:161} INFO - Started process (PID=7085) to work on /home/airflow/.local/lib/python3.12/site-packages/airflow/example_dags/example_branch_labels.py
[2026-05-19T17:44:52.001+0000] {processor.py:830} INFO - Processing file /home/airflow/.local/lib/python3.12/site-packages/airflow/example_dags/example_branch_labels.py for tasks to queue
[2026-05-19T17:44:52.003+0000] {logging_mixin.py:188} INFO - [2026-05-19T17:44:52.003+0000] {dagbag.py:545} INFO - Filling up the DagBag from /home/airflow/.local/lib/python3.12/site-packages/airflow/example_dags/example_branch_labels.py
[2026-05-19T17:44:52.012+0000] {processor.py:840} INFO - DAG(s) 'example_branch_labels' retrieved from /home/airflow/.local/lib/python3.12/site-packages/airflow/example_dags/example_branch_labels.py
[2026-05-19T17:44:52.042+0000] {logging_mixin.py:188} INFO - [2026-05-19T17:44:52.042+0000] {dag.py:3096} INFO - Sync 1 DAGs
[2026-05-19T17:44:52.070+0000] {logging_mixin.py:188} INFO - [2026-05-19T17:44:52.070+0000] {dag.py:3954} INFO - Setting next_dagrun for example_branch_labels to 2026-05-18 00:00:00+00:00, run_after=2026-05-19 00:00:00+00:00
[2026-05-19T17:44:52.114+0000] {processor.py:183} INFO - Processing /home/airflow/.local/lib/python3.12/site-packages/airflow/example_dags/example_branch_labels.py took 0.123 seconds
[2026-05-19T17:45:22.406+0000] {processor.py:161} INFO - Started process (PID=7144) to work on /home/airflow/.local/lib/python3.12/site-packages/airflow/example_dags/example_branch_labels.py
[2026-05-19T17:45:22.407+0000] {processor.py:830} INFO - Processing file /home/airflow/.local/lib/python3.12/site-packages/airflow/example_dags/example_branch_labels.py for tasks to queue
[2026-05-19T17:45:22.408+0000] {logging_mixin.py:188} INFO - [2026-05-19T17:45:22.408+0000] {dagbag.py:545} INFO - Filling up the DagBag from /home/airflow/.local/lib/python3.12/site-packages/airflow/example_dags/example_branch_labels.py
[2026-05-19T17:45:22.414+0000] {processor.py:840} INFO - DAG(s) 'example_branch_labels' retrieved from /home/airflow/.local/lib/python3.12/site-packages/airflow/example_dags/example_branch_labels.py
[2026-05-19T17:45:22.434+0000] {logging_mixin.py:188} INFO - [2026-05-19T17:45:22.434+0000] {dag.py:3096} INFO - Sync 1 DAGs
[2026-05-19T17:45:22.452+0000] {logging_mixin.py:188} INFO - [2026-05-19T17:45:22.452+0000] {dag.py:3954} INFO - Setting next_dagrun for example_branch_labels to 2026-05-18 00:00:00+00:00, run_after=2026-05-19 00:00:00+00:00
[2026-05-19T17:45:22.469+0000] {processor.py:183} INFO - Processing /home/airflow/.local/lib/python3.12/site-packages/airflow/example_dags/example_branch_labels.py took 0.068 seconds
[2026-05-19T17:45:53.482+0000] {processor.py:161} INFO - Started process (PID=7203) to work on /home/airflow/.local/lib/python3.12/site-packages/airflow/example_dags/example_branch_labels.py
[2026-05-19T17:45:53.484+0000] {processor.py:830} INFO - Processing file /home/airflow/.local/lib/python3.12/site-packages/airflow/example_dags/example_branch_labels.py for tasks to queue
[2026-05-19T17:45:53.486+0000] {logging_mixin.py:188} INFO - [2026-05-19T17:45:53.486+0000] {dagbag.py:545} INFO - Filling up the DagBag from /home/airflow/.local/lib/python3.12/site-packages/airflow/example_dags/example_branch_labels.py
[2026-05-19T17:45:53.493+0000] {processor.py:840} INFO - DAG(s) 'example_branch_labels' retrieved from /home/airflow/.local/lib/python3.12/site-packages/airflow/example_dags/example_branch_labels.py
[2026-05-19T17:45:53.521+0000] {logging_mixin.py:188} INFO - [2026-05-19T17:45:53.521+0000] {dag.py:3096} INFO - Sync 1 DAGs
[2026-05-19T17:45:53.549+0000] {logging_mixin.py:188} INFO - [2026-05-19T17:45:53.548+0000] {dag.py:3954} INFO - Setting next_dagrun for example_branch_labels to 2026-05-18 00:00:00+00:00, run_after=2026-05-19 00:00:00+00:00
[2026-05-19T17:45:53.574+0000] {processor.py:183} INFO - Processing /home/airflow/.local/lib/python3.12/site-packages/airflow/example_dags/example_branch_labels.py took 0.099 seconds
[2026-05-19T17:47:21.479+0000] {processor.py:161} INFO - Started process (PID=101) to work on /home/airflow/.local/lib/python3.12/site-packages/airflow/example_dags/example_branch_labels.py
[2026-05-19T17:47:21.481+0000] {processor.py:830} INFO - Processing file /home/airflow/.local/lib/python3.12/site-packages/airflow/example_dags/example_branch_labels.py for tasks to queue
[2026-05-19T17:47:21.486+0000] {logging_mixin.py:188} INFO - [2026-05-19T17:47:21.485+0000] {dagbag.py:545} INFO - Filling up the DagBag from /home/airflow/.local/lib/python3.12/site-packages/airflow/example_dags/example_branch_labels.py
[2026-05-19T17:47:21.515+0000] {processor.py:840} INFO - DAG(s) 'example_branch_labels' retrieved from /home/airflow/.local/lib/python3.12/site-packages/airflow/example_dags/example_branch_labels.py
[2026-05-19T17:47:21.734+0000] {logging_mixin.py:188} INFO - [2026-05-19T17:47:21.733+0000] {dag.py:3096} INFO - Sync 1 DAGs
[2026-05-19T17:47:21.772+0000] {logging_mixin.py:188} INFO - [2026-05-19T17:47:21.771+0000] {dag.py:3954} INFO - Setting next_dagrun for example_branch_labels to 2026-05-18 00:00:00+00:00, run_after=2026-05-19 00:00:00+00:00
[2026-05-19T17:47:21.814+0000] {processor.py:183} INFO - Processing /home/airflow/.local/lib/python3.12/site-packages/airflow/example_dags/example_branch_labels.py took 0.343 seconds
[2026-05-19T17:47:52.336+0000] {processor.py:161} INFO - Started process (PID=159) to work on /home/airflow/.local/lib/python3.12/site-packages/airflow/example_dags/example_branch_labels.py
[2026-05-19T17:47:52.338+0000] {processor.py:830} INFO - Processing file /home/airflow/.local/lib/python3.12/site-packages/airflow/example_dags/example_branch_labels.py for tasks to queue
[2026-05-19T17:47:52.341+0000] {logging_mixin.py:188} INFO - [2026-05-19T17:47:52.340+0000] {dagbag.py:545} INFO - Filling up the DagBag from /home/airflow/.local/lib/python3.12/site-packages/airflow/example_dags/example_branch_labels.py
[2026-05-19T17:47:52.348+0000] {processor.py:840} INFO - DAG(s) 'example_branch_labels' retrieved from /home/airflow/.local/lib/python3.12/site-packages/airflow/example_dags/example_branch_labels.py
[2026-05-19T17:47:52.377+0000] {logging_mixin.py:188} INFO - [2026-05-19T17:47:52.377+0000] {dag.py:3096} INFO - Sync 1 DAGs
[2026-05-19T17:47:52.402+0000] {logging_mixin.py:188} INFO - [2026-05-19T17:47:52.402+0000] {dag.py:3954} INFO - Setting next_dagrun for example_branch_labels to 2026-05-18 00:00:00+00:00, run_after=2026-05-19 00:00:00+00:00
[2026-05-19T17:47:52.426+0000] {processor.py:183} INFO - Processing /home/airflow/.local/lib/python3.12/site-packages/airflow/example_dags/example_branch_labels.py took 0.096 seconds
[2026-05-19T17:48:22.584+0000] {processor.py:161} INFO - Started process (PID=217) to work on /home/airflow/.local/lib/python3.12/site-packages/airflow/example_dags/example_branch_labels.py
[2026-05-19T17:48:22.585+0000] {processor.py:830} INFO - Processing file /home/airflow/.local/lib/python3.12/site-packages/airflow/example_dags/example_branch_labels.py for tasks to queue
[2026-05-19T17:48:22.588+0000] {logging_mixin.py:188} INFO - [2026-05-19T17:48:22.588+0000] {dagbag.py:545} INFO - Filling up the DagBag from /home/airflow/.local/lib/python3.12/site-packages/airflow/example_dags/example_branch_labels.py
[2026-05-19T17:48:22.597+0000] {processor.py:840} INFO - DAG(s) 'example_branch_labels' retrieved from /home/airflow/.local/lib/python3.12/site-packages/airflow/example_dags/example_branch_labels.py
[2026-05-19T17:48:22.616+0000] {logging_mixin.py:188} INFO - [2026-05-19T17:48:22.615+0000] {dag.py:3096} INFO - Sync 1 DAGs
[2026-05-19T17:48:22.636+0000] {logging_mixin.py:188} INFO - [2026-05-19T17:48:22.636+0000] {dag.py:3954} INFO - Setting next_dagrun for example_branch_labels to 2026-05-18 00:00:00+00:00, run_after=2026-05-19 00:00:00+00:00
[2026-05-19T17:48:22.655+0000] {processor.py:183} INFO - Processing /home/airflow/.local/lib/python3.12/site-packages/airflow/example_dags/example_branch_labels.py took 0.076 seconds
[2026-05-19T17:48:53.206+0000] {processor.py:161} INFO - Started process (PID=276) to work on /home/airflow/.local/lib/python3.12/site-packages/airflow/example_dags/example_branch_labels.py
[2026-05-19T17:48:53.207+0000] {processor.py:830} INFO - Processing file /home/airflow/.local/lib/python3.12/site-packages/airflow/example_dags/example_branch_labels.py for tasks to queue
[2026-05-19T17:48:53.208+0000] {logging_mixin.py:188} INFO - [2026-05-19T17:48:53.208+0000] {dagbag.py:545} INFO - Filling up the DagBag from /home/airflow/.local/lib/python3.12/site-packages/airflow/example_dags/example_branch_labels.py
[2026-05-19T17:48:53.217+0000] {processor.py:840} INFO - DAG(s) 'example_branch_labels' retrieved from /home/airflow/.local/lib/python3.12/site-packages/airflow/example_dags/example_branch_labels.py
[2026-05-19T17:48:53.237+0000] {logging_mixin.py:188} INFO - [2026-05-19T17:48:53.237+0000] {dag.py:3096} INFO - Sync 1 DAGs
[2026-05-19T17:48:53.255+0000] {logging_mixin.py:188} INFO - [2026-05-19T17:48:53.255+0000] {dag.py:3954} INFO - Setting next_dagrun for example_branch_labels to 2026-05-18 00:00:00+00:00, run_after=2026-05-19 00:00:00+00:00
[2026-05-19T17:48:53.269+0000] {processor.py:183} INFO - Processing /home/airflow/.local/lib/python3.12/site-packages/airflow/example_dags/example_branch_labels.py took 0.069 seconds
[2026-05-19T17:49:23.507+0000] {processor.py:161} INFO - Started process (PID=334) to work on /home/airflow/.local/lib/python3.12/site-packages/airflow/example_dags/example_branch_labels.py
[2026-05-19T17:49:23.508+0000] {processor.py:830} INFO - Processing file /home/airflow/.local/lib/python3.12/site-packages/airflow/example_dags/example_branch_labels.py for tasks to queue
[2026-05-19T17:49:23.510+0000] {logging_mixin.py:188} INFO - [2026-05-19T17:49:23.510+0000] {dagbag.py:545} INFO - Filling up the DagBag from /home/airflow/.local/lib/python3.12/site-packages/airflow/example_dags/example_branch_labels.py
[2026-05-19T17:49:23.517+0000] {processor.py:840} INFO - DAG(s) 'example_branch_labels' retrieved from /home/airflow/.local/lib/python3.12/site-packages/airflow/example_dags/example_branch_labels.py
[2026-05-19T17:49:23.537+0000] {logging_mixin.py:188} INFO - [2026-05-19T17:49:23.537+0000] {dag.py:3096} INFO - Sync 1 DAGs
[2026-05-19T17:49:23.555+0000] {logging_mixin.py:188} INFO - [2026-05-19T17:49:23.555+0000] {dag.py:3954} INFO - Setting next_dagrun for example_branch_labels to 2026-05-18 00:00:00+00:00, run_after=2026-05-19 00:00:00+00:00
[2026-05-19T17:49:23.572+0000] {processor.py:183} INFO - Processing /home/airflow/.local/lib/python3.12/site-packages/airflow/example_dags/example_branch_labels.py took 0.070 seconds
[2026-05-19T17:49:54.476+0000] {processor.py:161} INFO - Started process (PID=392) to work on /home/airflow/.local/lib/python3.12/site-packages/airflow/example_dags/example_branch_labels.py
[2026-05-19T17:49:54.477+0000] {processor.py:830} INFO - Processing file /home/airflow/.local/lib/python3.12/site-packages/airflow/example_dags/example_branch_labels.py for tasks to queue
[2026-05-19T17:49:54.480+0000] {logging_mixin.py:188} INFO - [2026-05-19T17:49:54.479+0000] {dagbag.py:545} INFO - Filling up the DagBag from /home/airflow/.local/lib/python3.12/site-packages/airflow/example_dags/example_branch_labels.py
[2026-05-19T17:49:54.491+0000] {processor.py:840} INFO - DAG(s) 'example_branch_labels' retrieved from /home/airflow/.local/lib/python3.12/site-packages/airflow/example_dags/example_branch_labels.py
[2026-05-19T17:49:54.523+0000] {logging_mixin.py:188} INFO - [2026-05-19T17:49:54.522+0000] {dag.py:3096} INFO - Sync 1 DAGs
[2026-05-19T17:49:54.554+0000] {logging_mixin.py:188} INFO - [2026-05-19T17:49:54.554+0000] {dag.py:3954} INFO - Setting next_dagrun for example_branch_labels to 2026-05-18 00:00:00+00:00, run_after=2026-05-19 00:00:00+00:00
[2026-05-19T17:49:54.585+0000] {processor.py:183} INFO - Processing /home/airflow/.local/lib/python3.12/site-packages/airflow/example_dags/example_branch_labels.py took 0.115 seconds
[2026-05-19T17:50:24.903+0000] {processor.py:161} INFO - Started process (PID=451) to work on /home/airflow/.local/lib/python3.12/site-packages/airflow/example_dags/example_branch_labels.py
[2026-05-19T17:50:24.906+0000] {processor.py:830} INFO - Processing file /home/airflow/.local/lib/python3.12/site-packages/airflow/example_dags/example_branch_labels.py for tasks to queue
[2026-05-19T17:50:24.911+0000] {logging_mixin.py:188} INFO - [2026-05-19T17:50:24.910+0000] {dagbag.py:545} INFO - Filling up the DagBag from /home/airflow/.local/lib/python3.12/site-packages/airflow/example_dags/example_branch_labels.py
[2026-05-19T17:50:24.925+0000] {processor.py:840} INFO - DAG(s) 'example_branch_labels' retrieved from /home/airflow/.local/lib/python3.12/site-packages/airflow/example_dags/example_branch_labels.py
[2026-05-19T17:50:24.965+0000] {logging_mixin.py:188} INFO - [2026-05-19T17:50:24.964+0000] {dag.py:3096} INFO - Sync 1 DAGs
[2026-05-19T17:50:24.996+0000] {logging_mixin.py:188} INFO - [2026-05-19T17:50:24.995+0000] {dag.py:3954} INFO - Setting next_dagrun for example_branch_labels to 2026-05-18 00:00:00+00:00, run_after=2026-05-19 00:00:00+00:00
[2026-05-19T17:50:25.026+0000] {processor.py:183} INFO - Processing /home/airflow/.local/lib/python3.12/site-packages/airflow/example_dags/example_branch_labels.py took 0.134 seconds
[2026-05-19T17:50:55.089+0000] {processor.py:161} INFO - Started process (PID=509) to work on /home/airflow/.local/lib/python3.12/site-packages/airflow/example_dags/example_branch_labels.py
[2026-05-19T17:50:55.090+0000] {processor.py:830} INFO - Processing file /home/airflow/.local/lib/python3.12/site-packages/airflow/example_dags/example_branch_labels.py for tasks to queue
[2026-05-19T17:50:55.093+0000] {logging_mixin.py:188} INFO - [2026-05-19T17:50:55.092+0000] {dagbag.py:545} INFO - Filling up the DagBag from /home/airflow/.local/lib/python3.12/site-packages/airflow/example_dags/example_branch_labels.py
[2026-05-19T17:50:55.102+0000] {processor.py:840} INFO - DAG(s) 'example_branch_labels' retrieved from /home/airflow/.local/lib/python3.12/site-packages/airflow/example_dags/example_branch_labels.py
[2026-05-19T17:50:55.123+0000] {logging_mixin.py:188} INFO - [2026-05-19T17:50:55.123+0000] {dag.py:3096} INFO - Sync 1 DAGs
[2026-05-19T17:50:55.146+0000] {logging_mixin.py:188} INFO - [2026-05-19T17:50:55.145+0000] {dag.py:3954} INFO - Setting next_dagrun for example_branch_labels to 2026-05-18 00:00:00+00:00, run_after=2026-05-19 00:00:00+00:00
[2026-05-19T17:50:55.163+0000] {processor.py:183} INFO - Processing /home/airflow/.local/lib/python3.12/site-packages/airflow/example_dags/example_branch_labels.py took 0.079 seconds
[2026-05-19T17:51:25.853+0000] {processor.py:161} INFO - Started process (PID=567) to work on /home/airflow/.local/lib/python3.12/site-packages/airflow/example_dags/example_branch_labels.py
[2026-05-19T17:51:25.855+0000] {processor.py:830} INFO - Processing file /home/airflow/.local/lib/python3.12/site-packages/airflow/example_dags/example_branch_labels.py for tasks to queue
[2026-05-19T17:51:25.858+0000] {logging_mixin.py:188} INFO - [2026-05-19T17:51:25.858+0000] {dagbag.py:545} INFO - Filling up the DagBag from /home/airflow/.local/lib/python3.12/site-packages/airflow/example_dags/example_branch_labels.py
[2026-05-19T17:51:25.870+0000] {processor.py:840} INFO - DAG(s) 'example_branch_labels' retrieved from /home/airflow/.local/lib/python3.12/site-packages/airflow/example_dags/example_branch_labels.py
[2026-05-19T17:51:25.922+0000] {logging_mixin.py:188} INFO - [2026-05-19T17:51:25.922+0000] {dag.py:3096} INFO - Sync 1 DAGs
[2026-05-19T17:51:25.964+0000] {logging_mixin.py:188} INFO - [2026-05-19T17:51:25.964+0000] {dag.py:3954} INFO - Setting next_dagrun for example_branch_labels to 2026-05-18 00:00:00+00:00, run_after=2026-05-19 00:00:00+00:00
[2026-05-19T17:51:25.991+0000] {processor.py:183} INFO - Processing /home/airflow/.local/lib/python3.12/site-packages/airflow/example_dags/example_branch_labels.py took 0.146 seconds
[2026-05-19T17:51:56.652+0000] {processor.py:161} INFO - Started process (PID=625) to work on /home/airflow/.local/lib/python3.12/site-packages/airflow/example_dags/example_branch_labels.py
[2026-05-19T17:51:56.653+0000] {processor.py:830} INFO - Processing file /home/airflow/.local/lib/python3.12/site-packages/airflow/example_dags/example_branch_labels.py for tasks to queue
[2026-05-19T17:51:56.656+0000] {logging_mixin.py:188} INFO - [2026-05-19T17:51:56.655+0000] {dagbag.py:545} INFO - Filling up the DagBag from /home/airflow/.local/lib/python3.12/site-packages/airflow/example_dags/example_branch_labels.py
[2026-05-19T17:51:56.666+0000] {processor.py:840} INFO - DAG(s) 'example_branch_labels' retrieved from /home/airflow/.local/lib/python3.12/site-packages/airflow/example_dags/example_branch_labels.py
[2026-05-19T17:51:56.697+0000] {logging_mixin.py:188} INFO - [2026-05-19T17:51:56.696+0000] {dag.py:3096} INFO - Sync 1 DAGs
[2026-05-19T17:51:56.731+0000] {logging_mixin.py:188} INFO - [2026-05-19T17:51:56.731+0000] {dag.py:3954} INFO - Setting next_dagrun for example_branch_labels to 2026-05-18 00:00:00+00:00, run_after=2026-05-19 00:00:00+00:00
[2026-05-19T17:51:56.755+0000] {processor.py:183} INFO - Processing /home/airflow/.local/lib/python3.12/site-packages/airflow/example_dags/example_branch_labels.py took 0.110 seconds
[2026-05-19T17:52:27.430+0000] {processor.py:161} INFO - Started process (PID=683) to work on /home/airflow/.local/lib/python3.12/site-packages/airflow/example_dags/example_branch_labels.py
[2026-05-19T17:52:27.431+0000] {processor.py:830} INFO - Processing file /home/airflow/.local/lib/python3.12/site-packages/airflow/example_dags/example_branch_labels.py for tasks to queue
[2026-05-19T17:52:27.433+0000] {logging_mixin.py:188} INFO - [2026-05-19T17:52:27.432+0000] {dagbag.py:545} INFO - Filling up the DagBag from /home/airflow/.local/lib/python3.12/site-packages/airflow/example_dags/example_branch_labels.py
[2026-05-19T17:52:27.439+0000] {processor.py:840} INFO - DAG(s) 'example_branch_labels' retrieved from /home/airflow/.local/lib/python3.12/site-packages/airflow/example_dags/example_branch_labels.py
[2026-05-19T17:52:27.457+0000] {logging_mixin.py:188} INFO - [2026-05-19T17:52:27.457+0000] {dag.py:3096} INFO - Sync 1 DAGs
[2026-05-19T17:52:27.475+0000] {logging_mixin.py:188} INFO - [2026-05-19T17:52:27.475+0000] {dag.py:3954} INFO - Setting next_dagrun for example_branch_labels to 2026-05-18 00:00:00+00:00, run_after=2026-05-19 00:00:00+00:00
[2026-05-19T17:52:27.491+0000] {processor.py:183} INFO - Processing /home/airflow/.local/lib/python3.12/site-packages/airflow/example_dags/example_branch_labels.py took 0.068 seconds
[2026-05-19T17:52:58.183+0000] {processor.py:161} INFO - Started process (PID=741) to work on /home/airflow/.local/lib/python3.12/site-packages/airflow/example_dags/example_branch_labels.py
[2026-05-19T17:52:58.184+0000] {processor.py:830} INFO - Processing file /home/airflow/.local/lib/python3.12/site-packages/airflow/example_dags/example_branch_labels.py for tasks to queue
[2026-05-19T17:52:58.186+0000] {logging_mixin.py:188} INFO - [2026-05-19T17:52:58.186+0000] {dagbag.py:545} INFO - Filling up the DagBag from /home/airflow/.local/lib/python3.12/site-packages/airflow/example_dags/example_branch_labels.py
[2026-05-19T17:52:58.194+0000] {processor.py:840} INFO - DAG(s) 'example_branch_labels' retrieved from /home/airflow/.local/lib/python3.12/site-packages/airflow/example_dags/example_branch_labels.py
[2026-05-19T17:52:58.227+0000] {logging_mixin.py:188} INFO - [2026-05-19T17:52:58.226+0000] {dag.py:3096} INFO - Sync 1 DAGs
[2026-05-19T17:52:58.249+0000] {logging_mixin.py:188} INFO - [2026-05-19T17:52:58.248+0000] {dag.py:3954} INFO - Setting next_dagrun for example_branch_labels to 2026-05-18 00:00:00+00:00, run_after=2026-05-19 00:00:00+00:00
[2026-05-19T17:52:58.280+0000] {processor.py:183} INFO - Processing /home/airflow/.local/lib/python3.12/site-packages/airflow/example_dags/example_branch_labels.py took 0.103 seconds
[2026-05-19T17:53:28.667+0000] {processor.py:161} INFO - Started process (PID=799) to work on /home/airflow/.local/lib/python3.12/site-packages/airflow/example_dags/example_branch_labels.py
[2026-05-19T17:53:28.669+0000] {processor.py:830} INFO - Processing file /home/airflow/.local/lib/python3.12/site-packages/airflow/example_dags/example_branch_labels.py for tasks to queue
[2026-05-19T17:53:28.673+0000] {logging_mixin.py:188} INFO - [2026-05-19T17:53:28.673+0000] {dagbag.py:545} INFO - Filling up the DagBag from /home/airflow/.local/lib/python3.12/site-packages/airflow/example_dags/example_branch_labels.py
[2026-05-19T17:53:28.686+0000] {processor.py:840} INFO - DAG(s) 'example_branch_labels' retrieved from /home/airflow/.local/lib/python3.12/site-packages/airflow/example_dags/example_branch_labels.py
[2026-05-19T17:53:28.720+0000] {logging_mixin.py:188} INFO - [2026-05-19T17:53:28.720+0000] {dag.py:3096} INFO - Sync 1 DAGs
[2026-05-19T17:53:28.764+0000] {logging_mixin.py:188} INFO - [2026-05-19T17:53:28.764+0000] {dag.py:3954} INFO - Setting next_dagrun for example_branch_labels to 2026-05-18 00:00:00+00:00, run_after=2026-05-19 00:00:00+00:00
[2026-05-19T17:53:28.795+0000] {processor.py:183} INFO - Processing /home/airflow/.local/lib/python3.12/site-packages/airflow/example_dags/example_branch_labels.py took 0.135 seconds
[2026-05-19T17:53:58.999+0000] {processor.py:161} INFO - Started process (PID=857) to work on /home/airflow/.local/lib/python3.12/site-packages/airflow/example_dags/example_branch_labels.py
[2026-05-19T17:53:59.000+0000] {processor.py:830} INFO - Processing file /home/airflow/.local/lib/python3.12/site-packages/airflow/example_dags/example_branch_labels.py for tasks to queue
[2026-05-19T17:53:59.002+0000] {logging_mixin.py:188} INFO - [2026-05-19T17:53:59.002+0000] {dagbag.py:545} INFO - Filling up the DagBag from /home/airflow/.local/lib/python3.12/site-packages/airflow/example_dags/example_branch_labels.py
[2026-05-19T17:53:59.011+0000] {processor.py:840} INFO - DAG(s) 'example_branch_labels' retrieved from /home/airflow/.local/lib/python3.12/site-packages/airflow/example_dags/example_branch_labels.py
[2026-05-19T17:53:59.032+0000] {logging_mixin.py:188} INFO - [2026-05-19T17:53:59.031+0000] {dag.py:3096} INFO - Sync 1 DAGs
[2026-05-19T17:53:59.052+0000] {logging_mixin.py:188} INFO - [2026-05-19T17:53:59.052+0000] {dag.py:3954} INFO - Setting next_dagrun for example_branch_labels to 2026-05-18 00:00:00+00:00, run_after=2026-05-19 00:00:00+00:00
[2026-05-19T17:53:59.068+0000] {processor.py:183} INFO - Processing /home/airflow/.local/lib/python3.12/site-packages/airflow/example_dags/example_branch_labels.py took 0.075 seconds
[2026-05-19T17:54:29.509+0000] {processor.py:161} INFO - Started process (PID=915) to work on /home/airflow/.local/lib/python3.12/site-packages/airflow/example_dags/example_branch_labels.py
[2026-05-19T17:54:29.514+0000] {processor.py:830} INFO - Processing file /home/airflow/.local/lib/python3.12/site-packages/airflow/example_dags/example_branch_labels.py for tasks to queue
[2026-05-19T17:54:29.518+0000] {logging_mixin.py:188} INFO - [2026-05-19T17:54:29.517+0000] {dagbag.py:545} INFO - Filling up the DagBag from /home/airflow/.local/lib/python3.12/site-packages/airflow/example_dags/example_branch_labels.py
[2026-05-19T17:54:29.536+0000] {processor.py:840} INFO - DAG(s) 'example_branch_labels' retrieved from /home/airflow/.local/lib/python3.12/site-packages/airflow/example_dags/example_branch_labels.py
[2026-05-19T17:54:29.572+0000] {logging_mixin.py:188} INFO - [2026-05-19T17:54:29.572+0000] {dag.py:3096} INFO - Sync 1 DAGs
[2026-05-19T17:54:29.607+0000] {logging_mixin.py:188} INFO - [2026-05-19T17:54:29.607+0000] {dag.py:3954} INFO - Setting next_dagrun for example_branch_labels to 2026-05-18 00:00:00+00:00, run_after=2026-05-19 00:00:00+00:00
[2026-05-19T17:54:29.635+0000] {processor.py:183} INFO - Processing /home/airflow/.local/lib/python3.12/site-packages/airflow/example_dags/example_branch_labels.py took 0.136 seconds
[2026-05-19T17:54:59.903+0000] {processor.py:161} INFO - Started process (PID=972) to work on /home/airflow/.local/lib/python3.12/site-packages/airflow/example_dags/example_branch_labels.py
[2026-05-19T17:54:59.904+0000] {processor.py:830} INFO - Processing file /home/airflow/.local/lib/python3.12/site-packages/airflow/example_dags/example_branch_labels.py for tasks to queue
[2026-05-19T17:54:59.906+0000] {logging_mixin.py:188} INFO - [2026-05-19T17:54:59.906+0000] {dagbag.py:545} INFO - Filling up the DagBag from /home/airflow/.local/lib/python3.12/site-packages/airflow/example_dags/example_branch_labels.py
[2026-05-19T17:54:59.912+0000] {processor.py:840} INFO - DAG(s) 'example_branch_labels' retrieved from /home/airflow/.local/lib/python3.12/site-packages/airflow/example_dags/example_branch_labels.py
[2026-05-19T17:54:59.933+0000] {logging_mixin.py:188} INFO - [2026-05-19T17:54:59.933+0000] {dag.py:3096} INFO - Sync 1 DAGs
[2026-05-19T17:54:59.955+0000] {logging_mixin.py:188} INFO - [2026-05-19T17:54:59.955+0000] {dag.py:3954} INFO - Setting next_dagrun for example_branch_labels to 2026-05-18 00:00:00+00:00, run_after=2026-05-19 00:00:00+00:00
[2026-05-19T17:54:59.973+0000] {processor.py:183} INFO - Processing /home/airflow/.local/lib/python3.12/site-packages/airflow/example_dags/example_branch_labels.py took 0.075 seconds
[2026-05-19T17:55:30.090+0000] {processor.py:161} INFO - Started process (PID=1030) to work on /home/airflow/.local/lib/python3.12/site-packages/airflow/example_dags/example_branch_labels.py
[2026-05-19T17:55:30.092+0000] {processor.py:830} INFO - Processing file /home/airflow/.local/lib/python3.12/site-packages/airflow/example_dags/example_branch_labels.py for tasks to queue
[2026-05-19T17:55:30.094+0000] {logging_mixin.py:188} INFO - [2026-05-19T17:55:30.094+0000] {dagbag.py:545} INFO - Filling up the DagBag from /home/airflow/.local/lib/python3.12/site-packages/airflow/example_dags/example_branch_labels.py
[2026-05-19T17:55:30.104+0000] {processor.py:840} INFO - DAG(s) 'example_branch_labels' retrieved from /home/airflow/.local/lib/python3.12/site-packages/airflow/example_dags/example_branch_labels.py
[2026-05-19T17:55:30.125+0000] {logging_mixin.py:188} INFO - [2026-05-19T17:55:30.125+0000] {dag.py:3096} INFO - Sync 1 DAGs
[2026-05-19T17:55:30.147+0000] {logging_mixin.py:188} INFO - [2026-05-19T17:55:30.147+0000] {dag.py:3954} INFO - Setting next_dagrun for example_branch_labels to 2026-05-18 00:00:00+00:00, run_after=2026-05-19 00:00:00+00:00
[2026-05-19T17:55:30.163+0000] {processor.py:183} INFO - Processing /home/airflow/.local/lib/python3.12/site-packages/airflow/example_dags/example_branch_labels.py took 0.079 seconds
[2026-05-19T17:56:00.357+0000] {processor.py:161} INFO - Started process (PID=1088) to work on /home/airflow/.local/lib/python3.12/site-packages/airflow/example_dags/example_branch_labels.py
[2026-05-19T17:56:00.359+0000] {processor.py:830} INFO - Processing file /home/airflow/.local/lib/python3.12/site-packages/airflow/example_dags/example_branch_labels.py for tasks to queue
[2026-05-19T17:56:00.361+0000] {logging_mixin.py:188} INFO - [2026-05-19T17:56:00.361+0000] {dagbag.py:545} INFO - Filling up the DagBag from /home/airflow/.local/lib/python3.12/site-packages/airflow/example_dags/example_branch_labels.py
[2026-05-19T17:56:00.368+0000] {processor.py:840} INFO - DAG(s) 'example_branch_labels' retrieved from /home/airflow/.local/lib/python3.12/site-packages/airflow/example_dags/example_branch_labels.py
[2026-05-19T17:56:00.389+0000] {logging_mixin.py:188} INFO - [2026-05-19T17:56:00.389+0000] {dag.py:3096} INFO - Sync 1 DAGs
[2026-05-19T17:56:00.413+0000] {logging_mixin.py:188} INFO - [2026-05-19T17:56:00.412+0000] {dag.py:3954} INFO - Setting next_dagrun for example_branch_labels to 2026-05-18 00:00:00+00:00, run_after=2026-05-19 00:00:00+00:00
[2026-05-19T17:56:00.437+0000] {processor.py:183} INFO - Processing /home/airflow/.local/lib/python3.12/site-packages/airflow/example_dags/example_branch_labels.py took 0.087 seconds
[2026-05-19T17:56:30.512+0000] {processor.py:161} INFO - Started process (PID=1146) to work on /home/airflow/.local/lib/python3.12/site-packages/airflow/example_dags/example_branch_labels.py
[2026-05-19T17:56:30.514+0000] {processor.py:830} INFO - Processing file /home/airflow/.local/lib/python3.12/site-packages/airflow/example_dags/example_branch_labels.py for tasks to queue
[2026-05-19T17:56:30.519+0000] {logging_mixin.py:188} INFO - [2026-05-19T17:56:30.518+0000] {dagbag.py:545} INFO - Filling up the DagBag from /home/airflow/.local/lib/python3.12/site-packages/airflow/example_dags/example_branch_labels.py
[2026-05-19T17:56:30.532+0000] {processor.py:840} INFO - DAG(s) 'example_branch_labels' retrieved from /home/airflow/.local/lib/python3.12/site-packages/airflow/example_dags/example_branch_labels.py
[2026-05-19T17:56:30.566+0000] {logging_mixin.py:188} INFO - [2026-05-19T17:56:30.565+0000] {dag.py:3096} INFO - Sync 1 DAGs
[2026-05-19T17:56:30.604+0000] {logging_mixin.py:188} INFO - [2026-05-19T17:56:30.604+0000] {dag.py:3954} INFO - Setting next_dagrun for example_branch_labels to 2026-05-18 00:00:00+00:00, run_after=2026-05-19 00:00:00+00:00
[2026-05-19T17:56:30.662+0000] {processor.py:183} INFO - Processing /home/airflow/.local/lib/python3.12/site-packages/airflow/example_dags/example_branch_labels.py took 0.159 seconds
[2026-05-19T17:58:01.473+0000] {processor.py:161} INFO - Started process (PID=100) to work on /home/airflow/.local/lib/python3.12/site-packages/airflow/example_dags/example_branch_labels.py
[2026-05-19T17:58:01.475+0000] {processor.py:830} INFO - Processing file /home/airflow/.local/lib/python3.12/site-packages/airflow/example_dags/example_branch_labels.py for tasks to queue
[2026-05-19T17:58:01.477+0000] {logging_mixin.py:188} INFO - [2026-05-19T17:58:01.477+0000] {dagbag.py:545} INFO - Filling up the DagBag from /home/airflow/.local/lib/python3.12/site-packages/airflow/example_dags/example_branch_labels.py
[2026-05-19T17:58:01.492+0000] {processor.py:840} INFO - DAG(s) 'example_branch_labels' retrieved from /home/airflow/.local/lib/python3.12/site-packages/airflow/example_dags/example_branch_labels.py
[2026-05-19T17:58:01.659+0000] {logging_mixin.py:188} INFO - [2026-05-19T17:58:01.659+0000] {dag.py:3096} INFO - Sync 1 DAGs
[2026-05-19T17:58:01.690+0000] {logging_mixin.py:188} INFO - [2026-05-19T17:58:01.689+0000] {dag.py:3954} INFO - Setting next_dagrun for example_branch_labels to 2026-05-18 00:00:00+00:00, run_after=2026-05-19 00:00:00+00:00
[2026-05-19T17:58:01.716+0000] {processor.py:183} INFO - Processing /home/airflow/.local/lib/python3.12/site-packages/airflow/example_dags/example_branch_labels.py took 0.251 seconds
[2026-05-19T17:58:32.262+0000] {processor.py:161} INFO - Started process (PID=158) to work on /home/airflow/.local/lib/python3.12/site-packages/airflow/example_dags/example_branch_labels.py
[2026-05-19T17:58:32.264+0000] {processor.py:830} INFO - Processing file /home/airflow/.local/lib/python3.12/site-packages/airflow/example_dags/example_branch_labels.py for tasks to queue
[2026-05-19T17:58:32.268+0000] {logging_mixin.py:188} INFO - [2026-05-19T17:58:32.267+0000] {dagbag.py:545} INFO - Filling up the DagBag from /home/airflow/.local/lib/python3.12/site-packages/airflow/example_dags/example_branch_labels.py
[2026-05-19T17:58:32.278+0000] {processor.py:840} INFO - DAG(s) 'example_branch_labels' retrieved from /home/airflow/.local/lib/python3.12/site-packages/airflow/example_dags/example_branch_labels.py
[2026-05-19T17:58:32.302+0000] {logging_mixin.py:188} INFO - [2026-05-19T17:58:32.301+0000] {dag.py:3096} INFO - Sync 1 DAGs
[2026-05-19T17:58:32.328+0000] {logging_mixin.py:188} INFO - [2026-05-19T17:58:32.327+0000] {dag.py:3954} INFO - Setting next_dagrun for example_branch_labels to 2026-05-18 00:00:00+00:00, run_after=2026-05-19 00:00:00+00:00
[2026-05-19T17:58:32.350+0000] {processor.py:183} INFO - Processing /home/airflow/.local/lib/python3.12/site-packages/airflow/example_dags/example_branch_labels.py took 0.094 seconds
