[2026-05-19T13:25:29.358+0000] {processor.py:161} INFO - Started process (PID=111) to work on /home/airflow/.local/lib/python3.12/site-packages/airflow/example_dags/example_external_task_marker_dag.py
[2026-05-19T13:25:29.363+0000] {processor.py:830} INFO - Processing file /home/airflow/.local/lib/python3.12/site-packages/airflow/example_dags/example_external_task_marker_dag.py for tasks to queue
[2026-05-19T13:25:29.375+0000] {logging_mixin.py:188} INFO - [2026-05-19T13:25:29.374+0000] {dagbag.py:545} INFO - Filling up the DagBag from /home/airflow/.local/lib/python3.12/site-packages/airflow/example_dags/example_external_task_marker_dag.py
[2026-05-19T13:25:29.400+0000] {processor.py:840} INFO - DAG(s) 'example_external_task_marker_parent', 'example_external_task_marker_child' retrieved from /home/airflow/.local/lib/python3.12/site-packages/airflow/example_dags/example_external_task_marker_dag.py
[2026-05-19T13:25:29.644+0000] {logging_mixin.py:188} INFO - [2026-05-19T13:25:29.643+0000] {override.py:1829} INFO - Created Permission View: can read on DAG:example_external_task_marker_parent
[2026-05-19T13:25:29.672+0000] {logging_mixin.py:188} INFO - [2026-05-19T13:25:29.671+0000] {override.py:1829} INFO - Created Permission View: can edit on DAG:example_external_task_marker_parent
[2026-05-19T13:25:29.687+0000] {logging_mixin.py:188} INFO - [2026-05-19T13:25:29.686+0000] {override.py:1829} INFO - Created Permission View: can delete on DAG:example_external_task_marker_parent
[2026-05-19T13:25:29.730+0000] {logging_mixin.py:188} INFO - [2026-05-19T13:25:29.729+0000] {override.py:1829} INFO - Created Permission View: can read on DAG:example_external_task_marker_child
[2026-05-19T13:25:29.753+0000] {logging_mixin.py:188} INFO - [2026-05-19T13:25:29.753+0000] {override.py:1829} INFO - Created Permission View: can edit on DAG:example_external_task_marker_child
[2026-05-19T13:25:29.782+0000] {logging_mixin.py:188} INFO - [2026-05-19T13:25:29.782+0000] {override.py:1829} INFO - Created Permission View: can delete on DAG:example_external_task_marker_child
[2026-05-19T13:25:29.785+0000] {logging_mixin.py:188} INFO - [2026-05-19T13:25:29.784+0000] {dag.py:3096} INFO - Sync 2 DAGs
[2026-05-19T13:25:29.826+0000] {logging_mixin.py:188} INFO - [2026-05-19T13:25:29.826+0000] {dag.py:3118} INFO - Creating ORM DAG for example_external_task_marker_parent
[2026-05-19T13:25:29.832+0000] {logging_mixin.py:188} INFO - [2026-05-19T13:25:29.831+0000] {dag.py:3118} INFO - Creating ORM DAG for example_external_task_marker_child
[2026-05-19T13:25:29.837+0000] {logging_mixin.py:188} INFO - [2026-05-19T13:25:29.836+0000] {dag.py:3954} INFO - Setting next_dagrun for example_external_task_marker_child to None, run_after=None
[2026-05-19T13:25:29.840+0000] {logging_mixin.py:188} INFO - [2026-05-19T13:25:29.839+0000] {dag.py:3954} INFO - Setting next_dagrun for example_external_task_marker_parent to None, run_after=None
[2026-05-19T13:25:29.911+0000] {processor.py:183} INFO - Processing /home/airflow/.local/lib/python3.12/site-packages/airflow/example_dags/example_external_task_marker_dag.py took 0.570 seconds
[2026-05-19T13:26:00.612+0000] {processor.py:161} INFO - Started process (PID=169) to work on /home/airflow/.local/lib/python3.12/site-packages/airflow/example_dags/example_external_task_marker_dag.py
[2026-05-19T13:26:00.614+0000] {processor.py:830} INFO - Processing file /home/airflow/.local/lib/python3.12/site-packages/airflow/example_dags/example_external_task_marker_dag.py for tasks to queue
[2026-05-19T13:26:00.619+0000] {logging_mixin.py:188} INFO - [2026-05-19T13:26:00.618+0000] {dagbag.py:545} INFO - Filling up the DagBag from /home/airflow/.local/lib/python3.12/site-packages/airflow/example_dags/example_external_task_marker_dag.py
[2026-05-19T13:26:00.640+0000] {processor.py:840} INFO - DAG(s) 'example_external_task_marker_parent', 'example_external_task_marker_child' retrieved from /home/airflow/.local/lib/python3.12/site-packages/airflow/example_dags/example_external_task_marker_dag.py
[2026-05-19T13:26:00.700+0000] {logging_mixin.py:188} INFO - [2026-05-19T13:26:00.700+0000] {dag.py:3096} INFO - Sync 2 DAGs
[2026-05-19T13:26:00.738+0000] {logging_mixin.py:188} INFO - [2026-05-19T13:26:00.737+0000] {dag.py:3954} INFO - Setting next_dagrun for example_external_task_marker_child to None, run_after=None
[2026-05-19T13:26:00.749+0000] {logging_mixin.py:188} INFO - [2026-05-19T13:26:00.749+0000] {dag.py:3954} INFO - Setting next_dagrun for example_external_task_marker_parent to None, run_after=None
[2026-05-19T13:26:00.805+0000] {processor.py:183} INFO - Processing /home/airflow/.local/lib/python3.12/site-packages/airflow/example_dags/example_external_task_marker_dag.py took 0.211 seconds
[2026-05-19T13:26:31.039+0000] {processor.py:161} INFO - Started process (PID=227) to work on /home/airflow/.local/lib/python3.12/site-packages/airflow/example_dags/example_external_task_marker_dag.py
[2026-05-19T13:26:31.040+0000] {processor.py:830} INFO - Processing file /home/airflow/.local/lib/python3.12/site-packages/airflow/example_dags/example_external_task_marker_dag.py for tasks to queue
[2026-05-19T13:26:31.045+0000] {logging_mixin.py:188} INFO - [2026-05-19T13:26:31.042+0000] {dagbag.py:545} INFO - Filling up the DagBag from /home/airflow/.local/lib/python3.12/site-packages/airflow/example_dags/example_external_task_marker_dag.py
[2026-05-19T13:26:31.054+0000] {processor.py:840} INFO - DAG(s) 'example_external_task_marker_parent', 'example_external_task_marker_child' retrieved from /home/airflow/.local/lib/python3.12/site-packages/airflow/example_dags/example_external_task_marker_dag.py
[2026-05-19T13:26:31.086+0000] {logging_mixin.py:188} INFO - [2026-05-19T13:26:31.085+0000] {dag.py:3096} INFO - Sync 2 DAGs
[2026-05-19T13:26:31.099+0000] {logging_mixin.py:188} INFO - [2026-05-19T13:26:31.099+0000] {dag.py:3954} INFO - Setting next_dagrun for example_external_task_marker_child to None, run_after=None
[2026-05-19T13:26:31.104+0000] {logging_mixin.py:188} INFO - [2026-05-19T13:26:31.104+0000] {dag.py:3954} INFO - Setting next_dagrun for example_external_task_marker_parent to None, run_after=None
[2026-05-19T13:26:31.137+0000] {processor.py:183} INFO - Processing /home/airflow/.local/lib/python3.12/site-packages/airflow/example_dags/example_external_task_marker_dag.py took 0.103 seconds
[2026-05-19T13:27:01.749+0000] {processor.py:161} INFO - Started process (PID=285) to work on /home/airflow/.local/lib/python3.12/site-packages/airflow/example_dags/example_external_task_marker_dag.py
[2026-05-19T13:27:01.751+0000] {processor.py:830} INFO - Processing file /home/airflow/.local/lib/python3.12/site-packages/airflow/example_dags/example_external_task_marker_dag.py for tasks to queue
[2026-05-19T13:27:01.756+0000] {logging_mixin.py:188} INFO - [2026-05-19T13:27:01.756+0000] {dagbag.py:545} INFO - Filling up the DagBag from /home/airflow/.local/lib/python3.12/site-packages/airflow/example_dags/example_external_task_marker_dag.py
[2026-05-19T13:27:01.767+0000] {processor.py:840} INFO - DAG(s) 'example_external_task_marker_child', 'example_external_task_marker_parent' retrieved from /home/airflow/.local/lib/python3.12/site-packages/airflow/example_dags/example_external_task_marker_dag.py
[2026-05-19T13:27:01.814+0000] {logging_mixin.py:188} INFO - [2026-05-19T13:27:01.813+0000] {dag.py:3096} INFO - Sync 2 DAGs
[2026-05-19T13:27:01.832+0000] {logging_mixin.py:188} INFO - [2026-05-19T13:27:01.832+0000] {dag.py:3954} INFO - Setting next_dagrun for example_external_task_marker_child to None, run_after=None
[2026-05-19T13:27:01.838+0000] {logging_mixin.py:188} INFO - [2026-05-19T13:27:01.838+0000] {dag.py:3954} INFO - Setting next_dagrun for example_external_task_marker_parent to None, run_after=None
[2026-05-19T13:27:01.867+0000] {processor.py:183} INFO - Processing /home/airflow/.local/lib/python3.12/site-packages/airflow/example_dags/example_external_task_marker_dag.py took 0.128 seconds
[2026-05-19T13:27:32.125+0000] {processor.py:161} INFO - Started process (PID=343) to work on /home/airflow/.local/lib/python3.12/site-packages/airflow/example_dags/example_external_task_marker_dag.py
[2026-05-19T13:27:32.128+0000] {processor.py:830} INFO - Processing file /home/airflow/.local/lib/python3.12/site-packages/airflow/example_dags/example_external_task_marker_dag.py for tasks to queue
[2026-05-19T13:27:32.132+0000] {logging_mixin.py:188} INFO - [2026-05-19T13:27:32.132+0000] {dagbag.py:545} INFO - Filling up the DagBag from /home/airflow/.local/lib/python3.12/site-packages/airflow/example_dags/example_external_task_marker_dag.py
[2026-05-19T13:27:32.144+0000] {processor.py:840} INFO - DAG(s) 'example_external_task_marker_parent', 'example_external_task_marker_child' retrieved from /home/airflow/.local/lib/python3.12/site-packages/airflow/example_dags/example_external_task_marker_dag.py
[2026-05-19T13:27:32.185+0000] {logging_mixin.py:188} INFO - [2026-05-19T13:27:32.185+0000] {dag.py:3096} INFO - Sync 2 DAGs
[2026-05-19T13:27:32.208+0000] {logging_mixin.py:188} INFO - [2026-05-19T13:27:32.208+0000] {dag.py:3954} INFO - Setting next_dagrun for example_external_task_marker_child to None, run_after=None
[2026-05-19T13:27:32.217+0000] {logging_mixin.py:188} INFO - [2026-05-19T13:27:32.217+0000] {dag.py:3954} INFO - Setting next_dagrun for example_external_task_marker_parent to None, run_after=None
[2026-05-19T13:27:32.261+0000] {processor.py:183} INFO - Processing /home/airflow/.local/lib/python3.12/site-packages/airflow/example_dags/example_external_task_marker_dag.py took 0.144 seconds
[2026-05-19T13:28:02.964+0000] {processor.py:161} INFO - Started process (PID=400) to work on /home/airflow/.local/lib/python3.12/site-packages/airflow/example_dags/example_external_task_marker_dag.py
[2026-05-19T13:28:02.966+0000] {processor.py:830} INFO - Processing file /home/airflow/.local/lib/python3.12/site-packages/airflow/example_dags/example_external_task_marker_dag.py for tasks to queue
[2026-05-19T13:28:02.970+0000] {logging_mixin.py:188} INFO - [2026-05-19T13:28:02.970+0000] {dagbag.py:545} INFO - Filling up the DagBag from /home/airflow/.local/lib/python3.12/site-packages/airflow/example_dags/example_external_task_marker_dag.py
[2026-05-19T13:28:02.979+0000] {processor.py:840} INFO - DAG(s) 'example_external_task_marker_parent', 'example_external_task_marker_child' retrieved from /home/airflow/.local/lib/python3.12/site-packages/airflow/example_dags/example_external_task_marker_dag.py
[2026-05-19T13:28:03.011+0000] {logging_mixin.py:188} INFO - [2026-05-19T13:28:03.011+0000] {dag.py:3096} INFO - Sync 2 DAGs
[2026-05-19T13:28:03.032+0000] {logging_mixin.py:188} INFO - [2026-05-19T13:28:03.031+0000] {dag.py:3954} INFO - Setting next_dagrun for example_external_task_marker_child to None, run_after=None
[2026-05-19T13:28:03.041+0000] {logging_mixin.py:188} INFO - [2026-05-19T13:28:03.041+0000] {dag.py:3954} INFO - Setting next_dagrun for example_external_task_marker_parent to None, run_after=None
[2026-05-19T13:28:03.064+0000] {processor.py:183} INFO - Processing /home/airflow/.local/lib/python3.12/site-packages/airflow/example_dags/example_external_task_marker_dag.py took 0.110 seconds
[2026-05-19T13:28:34.009+0000] {processor.py:161} INFO - Started process (PID=458) to work on /home/airflow/.local/lib/python3.12/site-packages/airflow/example_dags/example_external_task_marker_dag.py
[2026-05-19T13:28:34.011+0000] {processor.py:830} INFO - Processing file /home/airflow/.local/lib/python3.12/site-packages/airflow/example_dags/example_external_task_marker_dag.py for tasks to queue
[2026-05-19T13:28:34.015+0000] {logging_mixin.py:188} INFO - [2026-05-19T13:28:34.014+0000] {dagbag.py:545} INFO - Filling up the DagBag from /home/airflow/.local/lib/python3.12/site-packages/airflow/example_dags/example_external_task_marker_dag.py
[2026-05-19T13:28:34.024+0000] {processor.py:840} INFO - DAG(s) 'example_external_task_marker_parent', 'example_external_task_marker_child' retrieved from /home/airflow/.local/lib/python3.12/site-packages/airflow/example_dags/example_external_task_marker_dag.py
[2026-05-19T13:28:34.064+0000] {logging_mixin.py:188} INFO - [2026-05-19T13:28:34.064+0000] {dag.py:3096} INFO - Sync 2 DAGs
[2026-05-19T13:28:34.083+0000] {logging_mixin.py:188} INFO - [2026-05-19T13:28:34.083+0000] {dag.py:3954} INFO - Setting next_dagrun for example_external_task_marker_child to None, run_after=None
[2026-05-19T13:28:34.093+0000] {logging_mixin.py:188} INFO - [2026-05-19T13:28:34.093+0000] {dag.py:3954} INFO - Setting next_dagrun for example_external_task_marker_parent to None, run_after=None
[2026-05-19T13:28:34.126+0000] {processor.py:183} INFO - Processing /home/airflow/.local/lib/python3.12/site-packages/airflow/example_dags/example_external_task_marker_dag.py took 0.124 seconds
[2026-05-19T13:29:04.533+0000] {processor.py:161} INFO - Started process (PID=516) to work on /home/airflow/.local/lib/python3.12/site-packages/airflow/example_dags/example_external_task_marker_dag.py
[2026-05-19T13:29:04.535+0000] {processor.py:830} INFO - Processing file /home/airflow/.local/lib/python3.12/site-packages/airflow/example_dags/example_external_task_marker_dag.py for tasks to queue
[2026-05-19T13:29:04.537+0000] {logging_mixin.py:188} INFO - [2026-05-19T13:29:04.537+0000] {dagbag.py:545} INFO - Filling up the DagBag from /home/airflow/.local/lib/python3.12/site-packages/airflow/example_dags/example_external_task_marker_dag.py
[2026-05-19T13:29:04.543+0000] {processor.py:840} INFO - DAG(s) 'example_external_task_marker_child', 'example_external_task_marker_parent' retrieved from /home/airflow/.local/lib/python3.12/site-packages/airflow/example_dags/example_external_task_marker_dag.py
[2026-05-19T13:29:04.578+0000] {logging_mixin.py:188} INFO - [2026-05-19T13:29:04.577+0000] {dag.py:3096} INFO - Sync 2 DAGs
[2026-05-19T13:29:04.595+0000] {logging_mixin.py:188} INFO - [2026-05-19T13:29:04.595+0000] {dag.py:3954} INFO - Setting next_dagrun for example_external_task_marker_child to None, run_after=None
[2026-05-19T13:29:04.601+0000] {logging_mixin.py:188} INFO - [2026-05-19T13:29:04.601+0000] {dag.py:3954} INFO - Setting next_dagrun for example_external_task_marker_parent to None, run_after=None
[2026-05-19T13:29:04.625+0000] {processor.py:183} INFO - Processing /home/airflow/.local/lib/python3.12/site-packages/airflow/example_dags/example_external_task_marker_dag.py took 0.098 seconds
[2026-05-19T13:30:59.127+0000] {processor.py:161} INFO - Started process (PID=107) to work on /home/airflow/.local/lib/python3.12/site-packages/airflow/example_dags/example_external_task_marker_dag.py
[2026-05-19T13:30:59.130+0000] {processor.py:830} INFO - Processing file /home/airflow/.local/lib/python3.12/site-packages/airflow/example_dags/example_external_task_marker_dag.py for tasks to queue
[2026-05-19T13:30:59.135+0000] {logging_mixin.py:188} INFO - [2026-05-19T13:30:59.134+0000] {dagbag.py:545} INFO - Filling up the DagBag from /home/airflow/.local/lib/python3.12/site-packages/airflow/example_dags/example_external_task_marker_dag.py
[2026-05-19T13:30:59.156+0000] {processor.py:840} INFO - DAG(s) 'example_external_task_marker_child', 'example_external_task_marker_parent' retrieved from /home/airflow/.local/lib/python3.12/site-packages/airflow/example_dags/example_external_task_marker_dag.py
[2026-05-19T13:30:59.527+0000] {logging_mixin.py:188} INFO - [2026-05-19T13:30:59.527+0000] {dag.py:3096} INFO - Sync 2 DAGs
[2026-05-19T13:30:59.555+0000] {logging_mixin.py:188} INFO - [2026-05-19T13:30:59.554+0000] {dag.py:3954} INFO - Setting next_dagrun for example_external_task_marker_child to None, run_after=None
[2026-05-19T13:30:59.563+0000] {logging_mixin.py:188} INFO - [2026-05-19T13:30:59.562+0000] {dag.py:3954} INFO - Setting next_dagrun for example_external_task_marker_parent to None, run_after=None
[2026-05-19T13:30:59.607+0000] {processor.py:183} INFO - Processing /home/airflow/.local/lib/python3.12/site-packages/airflow/example_dags/example_external_task_marker_dag.py took 0.491 seconds
[2026-05-19T13:31:30.006+0000] {processor.py:161} INFO - Started process (PID=166) to work on /home/airflow/.local/lib/python3.12/site-packages/airflow/example_dags/example_external_task_marker_dag.py
[2026-05-19T13:31:30.009+0000] {processor.py:830} INFO - Processing file /home/airflow/.local/lib/python3.12/site-packages/airflow/example_dags/example_external_task_marker_dag.py for tasks to queue
[2026-05-19T13:31:30.013+0000] {logging_mixin.py:188} INFO - [2026-05-19T13:31:30.012+0000] {dagbag.py:545} INFO - Filling up the DagBag from /home/airflow/.local/lib/python3.12/site-packages/airflow/example_dags/example_external_task_marker_dag.py
[2026-05-19T13:31:30.022+0000] {processor.py:840} INFO - DAG(s) 'example_external_task_marker_parent', 'example_external_task_marker_child' retrieved from /home/airflow/.local/lib/python3.12/site-packages/airflow/example_dags/example_external_task_marker_dag.py
[2026-05-19T13:31:30.056+0000] {logging_mixin.py:188} INFO - [2026-05-19T13:31:30.056+0000] {dag.py:3096} INFO - Sync 2 DAGs
[2026-05-19T13:31:30.074+0000] {logging_mixin.py:188} INFO - [2026-05-19T13:31:30.074+0000] {dag.py:3954} INFO - Setting next_dagrun for example_external_task_marker_child to None, run_after=None
[2026-05-19T13:31:30.080+0000] {logging_mixin.py:188} INFO - [2026-05-19T13:31:30.079+0000] {dag.py:3954} INFO - Setting next_dagrun for example_external_task_marker_parent to None, run_after=None
[2026-05-19T13:31:30.111+0000] {processor.py:183} INFO - Processing /home/airflow/.local/lib/python3.12/site-packages/airflow/example_dags/example_external_task_marker_dag.py took 0.112 seconds
[2026-05-19T13:32:01.013+0000] {processor.py:161} INFO - Started process (PID=225) to work on /home/airflow/.local/lib/python3.12/site-packages/airflow/example_dags/example_external_task_marker_dag.py
[2026-05-19T13:32:01.014+0000] {processor.py:830} INFO - Processing file /home/airflow/.local/lib/python3.12/site-packages/airflow/example_dags/example_external_task_marker_dag.py for tasks to queue
[2026-05-19T13:32:01.017+0000] {logging_mixin.py:188} INFO - [2026-05-19T13:32:01.016+0000] {dagbag.py:545} INFO - Filling up the DagBag from /home/airflow/.local/lib/python3.12/site-packages/airflow/example_dags/example_external_task_marker_dag.py
[2026-05-19T13:32:01.023+0000] {processor.py:840} INFO - DAG(s) 'example_external_task_marker_parent', 'example_external_task_marker_child' retrieved from /home/airflow/.local/lib/python3.12/site-packages/airflow/example_dags/example_external_task_marker_dag.py
[2026-05-19T13:32:01.054+0000] {logging_mixin.py:188} INFO - [2026-05-19T13:32:01.054+0000] {dag.py:3096} INFO - Sync 2 DAGs
[2026-05-19T13:32:01.067+0000] {logging_mixin.py:188} INFO - [2026-05-19T13:32:01.067+0000] {dag.py:3954} INFO - Setting next_dagrun for example_external_task_marker_child to None, run_after=None
[2026-05-19T13:32:01.076+0000] {logging_mixin.py:188} INFO - [2026-05-19T13:32:01.075+0000] {dag.py:3954} INFO - Setting next_dagrun for example_external_task_marker_parent to None, run_after=None
[2026-05-19T13:32:01.097+0000] {processor.py:183} INFO - Processing /home/airflow/.local/lib/python3.12/site-packages/airflow/example_dags/example_external_task_marker_dag.py took 0.089 seconds
[2026-05-19T13:32:31.607+0000] {processor.py:161} INFO - Started process (PID=284) to work on /home/airflow/.local/lib/python3.12/site-packages/airflow/example_dags/example_external_task_marker_dag.py
[2026-05-19T13:32:31.609+0000] {processor.py:830} INFO - Processing file /home/airflow/.local/lib/python3.12/site-packages/airflow/example_dags/example_external_task_marker_dag.py for tasks to queue
[2026-05-19T13:32:31.614+0000] {logging_mixin.py:188} INFO - [2026-05-19T13:32:31.613+0000] {dagbag.py:545} INFO - Filling up the DagBag from /home/airflow/.local/lib/python3.12/site-packages/airflow/example_dags/example_external_task_marker_dag.py
[2026-05-19T13:32:31.622+0000] {processor.py:840} INFO - DAG(s) 'example_external_task_marker_parent', 'example_external_task_marker_child' retrieved from /home/airflow/.local/lib/python3.12/site-packages/airflow/example_dags/example_external_task_marker_dag.py
[2026-05-19T13:32:31.665+0000] {logging_mixin.py:188} INFO - [2026-05-19T13:32:31.665+0000] {dag.py:3096} INFO - Sync 2 DAGs
[2026-05-19T13:32:31.686+0000] {logging_mixin.py:188} INFO - [2026-05-19T13:32:31.686+0000] {dag.py:3954} INFO - Setting next_dagrun for example_external_task_marker_child to None, run_after=None
[2026-05-19T13:32:31.691+0000] {logging_mixin.py:188} INFO - [2026-05-19T13:32:31.691+0000] {dag.py:3954} INFO - Setting next_dagrun for example_external_task_marker_parent to None, run_after=None
[2026-05-19T13:32:31.732+0000] {processor.py:183} INFO - Processing /home/airflow/.local/lib/python3.12/site-packages/airflow/example_dags/example_external_task_marker_dag.py took 0.134 seconds
[2026-05-19T13:33:01.850+0000] {processor.py:161} INFO - Started process (PID=343) to work on /home/airflow/.local/lib/python3.12/site-packages/airflow/example_dags/example_external_task_marker_dag.py
[2026-05-19T13:33:01.852+0000] {processor.py:830} INFO - Processing file /home/airflow/.local/lib/python3.12/site-packages/airflow/example_dags/example_external_task_marker_dag.py for tasks to queue
[2026-05-19T13:33:01.855+0000] {logging_mixin.py:188} INFO - [2026-05-19T13:33:01.854+0000] {dagbag.py:545} INFO - Filling up the DagBag from /home/airflow/.local/lib/python3.12/site-packages/airflow/example_dags/example_external_task_marker_dag.py
[2026-05-19T13:33:01.862+0000] {processor.py:840} INFO - DAG(s) 'example_external_task_marker_parent', 'example_external_task_marker_child' retrieved from /home/airflow/.local/lib/python3.12/site-packages/airflow/example_dags/example_external_task_marker_dag.py
[2026-05-19T13:33:01.886+0000] {logging_mixin.py:188} INFO - [2026-05-19T13:33:01.885+0000] {dag.py:3096} INFO - Sync 2 DAGs
[2026-05-19T13:33:01.897+0000] {logging_mixin.py:188} INFO - [2026-05-19T13:33:01.896+0000] {dag.py:3954} INFO - Setting next_dagrun for example_external_task_marker_child to None, run_after=None
[2026-05-19T13:33:01.901+0000] {logging_mixin.py:188} INFO - [2026-05-19T13:33:01.901+0000] {dag.py:3954} INFO - Setting next_dagrun for example_external_task_marker_parent to None, run_after=None
[2026-05-19T13:33:01.925+0000] {processor.py:183} INFO - Processing /home/airflow/.local/lib/python3.12/site-packages/airflow/example_dags/example_external_task_marker_dag.py took 0.082 seconds
[2026-05-19T13:33:32.702+0000] {processor.py:161} INFO - Started process (PID=402) to work on /home/airflow/.local/lib/python3.12/site-packages/airflow/example_dags/example_external_task_marker_dag.py
[2026-05-19T13:33:32.704+0000] {processor.py:830} INFO - Processing file /home/airflow/.local/lib/python3.12/site-packages/airflow/example_dags/example_external_task_marker_dag.py for tasks to queue
[2026-05-19T13:33:32.708+0000] {logging_mixin.py:188} INFO - [2026-05-19T13:33:32.707+0000] {dagbag.py:545} INFO - Filling up the DagBag from /home/airflow/.local/lib/python3.12/site-packages/airflow/example_dags/example_external_task_marker_dag.py
[2026-05-19T13:33:32.727+0000] {processor.py:840} INFO - DAG(s) 'example_external_task_marker_child', 'example_external_task_marker_parent' retrieved from /home/airflow/.local/lib/python3.12/site-packages/airflow/example_dags/example_external_task_marker_dag.py
[2026-05-19T13:33:32.804+0000] {logging_mixin.py:188} INFO - [2026-05-19T13:33:32.803+0000] {dag.py:3096} INFO - Sync 2 DAGs
[2026-05-19T13:33:32.829+0000] {logging_mixin.py:188} INFO - [2026-05-19T13:33:32.828+0000] {dag.py:3954} INFO - Setting next_dagrun for example_external_task_marker_child to None, run_after=None
[2026-05-19T13:33:32.837+0000] {logging_mixin.py:188} INFO - [2026-05-19T13:33:32.837+0000] {dag.py:3954} INFO - Setting next_dagrun for example_external_task_marker_parent to None, run_after=None
[2026-05-19T13:33:32.886+0000] {processor.py:183} INFO - Processing /home/airflow/.local/lib/python3.12/site-packages/airflow/example_dags/example_external_task_marker_dag.py took 0.196 seconds
[2026-05-19T13:34:03.311+0000] {processor.py:161} INFO - Started process (PID=461) to work on /home/airflow/.local/lib/python3.12/site-packages/airflow/example_dags/example_external_task_marker_dag.py
[2026-05-19T13:34:03.313+0000] {processor.py:830} INFO - Processing file /home/airflow/.local/lib/python3.12/site-packages/airflow/example_dags/example_external_task_marker_dag.py for tasks to queue
[2026-05-19T13:34:03.316+0000] {logging_mixin.py:188} INFO - [2026-05-19T13:34:03.315+0000] {dagbag.py:545} INFO - Filling up the DagBag from /home/airflow/.local/lib/python3.12/site-packages/airflow/example_dags/example_external_task_marker_dag.py
[2026-05-19T13:34:03.326+0000] {processor.py:840} INFO - DAG(s) 'example_external_task_marker_parent', 'example_external_task_marker_child' retrieved from /home/airflow/.local/lib/python3.12/site-packages/airflow/example_dags/example_external_task_marker_dag.py
[2026-05-19T13:34:03.369+0000] {logging_mixin.py:188} INFO - [2026-05-19T13:34:03.368+0000] {dag.py:3096} INFO - Sync 2 DAGs
[2026-05-19T13:34:03.388+0000] {logging_mixin.py:188} INFO - [2026-05-19T13:34:03.388+0000] {dag.py:3954} INFO - Setting next_dagrun for example_external_task_marker_child to None, run_after=None
[2026-05-19T13:34:03.394+0000] {logging_mixin.py:188} INFO - [2026-05-19T13:34:03.393+0000] {dag.py:3954} INFO - Setting next_dagrun for example_external_task_marker_parent to None, run_after=None
[2026-05-19T13:34:03.424+0000] {processor.py:183} INFO - Processing /home/airflow/.local/lib/python3.12/site-packages/airflow/example_dags/example_external_task_marker_dag.py took 0.120 seconds
[2026-05-19T13:34:33.891+0000] {processor.py:161} INFO - Started process (PID=520) to work on /home/airflow/.local/lib/python3.12/site-packages/airflow/example_dags/example_external_task_marker_dag.py
[2026-05-19T13:34:33.893+0000] {processor.py:830} INFO - Processing file /home/airflow/.local/lib/python3.12/site-packages/airflow/example_dags/example_external_task_marker_dag.py for tasks to queue
[2026-05-19T13:34:33.896+0000] {logging_mixin.py:188} INFO - [2026-05-19T13:34:33.895+0000] {dagbag.py:545} INFO - Filling up the DagBag from /home/airflow/.local/lib/python3.12/site-packages/airflow/example_dags/example_external_task_marker_dag.py
[2026-05-19T13:34:33.903+0000] {processor.py:840} INFO - DAG(s) 'example_external_task_marker_parent', 'example_external_task_marker_child' retrieved from /home/airflow/.local/lib/python3.12/site-packages/airflow/example_dags/example_external_task_marker_dag.py
[2026-05-19T13:34:33.938+0000] {logging_mixin.py:188} INFO - [2026-05-19T13:34:33.938+0000] {dag.py:3096} INFO - Sync 2 DAGs
[2026-05-19T13:34:33.955+0000] {logging_mixin.py:188} INFO - [2026-05-19T13:34:33.954+0000] {dag.py:3954} INFO - Setting next_dagrun for example_external_task_marker_child to None, run_after=None
[2026-05-19T13:34:33.960+0000] {logging_mixin.py:188} INFO - [2026-05-19T13:34:33.960+0000] {dag.py:3954} INFO - Setting next_dagrun for example_external_task_marker_parent to None, run_after=None
[2026-05-19T13:34:33.991+0000] {processor.py:183} INFO - Processing /home/airflow/.local/lib/python3.12/site-packages/airflow/example_dags/example_external_task_marker_dag.py took 0.108 seconds
[2026-05-19T13:35:04.152+0000] {processor.py:161} INFO - Started process (PID=579) to work on /home/airflow/.local/lib/python3.12/site-packages/airflow/example_dags/example_external_task_marker_dag.py
[2026-05-19T13:35:04.153+0000] {processor.py:830} INFO - Processing file /home/airflow/.local/lib/python3.12/site-packages/airflow/example_dags/example_external_task_marker_dag.py for tasks to queue
[2026-05-19T13:35:04.155+0000] {logging_mixin.py:188} INFO - [2026-05-19T13:35:04.155+0000] {dagbag.py:545} INFO - Filling up the DagBag from /home/airflow/.local/lib/python3.12/site-packages/airflow/example_dags/example_external_task_marker_dag.py
[2026-05-19T13:35:04.162+0000] {processor.py:840} INFO - DAG(s) 'example_external_task_marker_parent', 'example_external_task_marker_child' retrieved from /home/airflow/.local/lib/python3.12/site-packages/airflow/example_dags/example_external_task_marker_dag.py
[2026-05-19T13:35:04.196+0000] {logging_mixin.py:188} INFO - [2026-05-19T13:35:04.195+0000] {dag.py:3096} INFO - Sync 2 DAGs
[2026-05-19T13:35:04.212+0000] {logging_mixin.py:188} INFO - [2026-05-19T13:35:04.211+0000] {dag.py:3954} INFO - Setting next_dagrun for example_external_task_marker_child to None, run_after=None
[2026-05-19T13:35:04.217+0000] {logging_mixin.py:188} INFO - [2026-05-19T13:35:04.217+0000] {dag.py:3954} INFO - Setting next_dagrun for example_external_task_marker_parent to None, run_after=None
[2026-05-19T13:35:04.246+0000] {processor.py:183} INFO - Processing /home/airflow/.local/lib/python3.12/site-packages/airflow/example_dags/example_external_task_marker_dag.py took 0.101 seconds
[2026-05-19T13:35:35.081+0000] {processor.py:161} INFO - Started process (PID=638) to work on /home/airflow/.local/lib/python3.12/site-packages/airflow/example_dags/example_external_task_marker_dag.py
[2026-05-19T13:35:35.083+0000] {processor.py:830} INFO - Processing file /home/airflow/.local/lib/python3.12/site-packages/airflow/example_dags/example_external_task_marker_dag.py for tasks to queue
[2026-05-19T13:35:35.087+0000] {logging_mixin.py:188} INFO - [2026-05-19T13:35:35.086+0000] {dagbag.py:545} INFO - Filling up the DagBag from /home/airflow/.local/lib/python3.12/site-packages/airflow/example_dags/example_external_task_marker_dag.py
[2026-05-19T13:35:35.094+0000] {processor.py:840} INFO - DAG(s) 'example_external_task_marker_child', 'example_external_task_marker_parent' retrieved from /home/airflow/.local/lib/python3.12/site-packages/airflow/example_dags/example_external_task_marker_dag.py
[2026-05-19T13:35:35.130+0000] {logging_mixin.py:188} INFO - [2026-05-19T13:35:35.130+0000] {dag.py:3096} INFO - Sync 2 DAGs
[2026-05-19T13:35:35.153+0000] {logging_mixin.py:188} INFO - [2026-05-19T13:35:35.152+0000] {dag.py:3954} INFO - Setting next_dagrun for example_external_task_marker_child to None, run_after=None
[2026-05-19T13:35:35.160+0000] {logging_mixin.py:188} INFO - [2026-05-19T13:35:35.160+0000] {dag.py:3954} INFO - Setting next_dagrun for example_external_task_marker_parent to None, run_after=None
[2026-05-19T13:35:35.185+0000] {processor.py:183} INFO - Processing /home/airflow/.local/lib/python3.12/site-packages/airflow/example_dags/example_external_task_marker_dag.py took 0.112 seconds
[2026-05-19T13:36:05.982+0000] {processor.py:161} INFO - Started process (PID=697) to work on /home/airflow/.local/lib/python3.12/site-packages/airflow/example_dags/example_external_task_marker_dag.py
[2026-05-19T13:36:05.984+0000] {processor.py:830} INFO - Processing file /home/airflow/.local/lib/python3.12/site-packages/airflow/example_dags/example_external_task_marker_dag.py for tasks to queue
[2026-05-19T13:36:05.987+0000] {logging_mixin.py:188} INFO - [2026-05-19T13:36:05.986+0000] {dagbag.py:545} INFO - Filling up the DagBag from /home/airflow/.local/lib/python3.12/site-packages/airflow/example_dags/example_external_task_marker_dag.py
[2026-05-19T13:36:05.994+0000] {processor.py:840} INFO - DAG(s) 'example_external_task_marker_child', 'example_external_task_marker_parent' retrieved from /home/airflow/.local/lib/python3.12/site-packages/airflow/example_dags/example_external_task_marker_dag.py
[2026-05-19T13:36:06.032+0000] {logging_mixin.py:188} INFO - [2026-05-19T13:36:06.031+0000] {dag.py:3096} INFO - Sync 2 DAGs
[2026-05-19T13:36:06.048+0000] {logging_mixin.py:188} INFO - [2026-05-19T13:36:06.048+0000] {dag.py:3954} INFO - Setting next_dagrun for example_external_task_marker_child to None, run_after=None
[2026-05-19T13:36:06.054+0000] {logging_mixin.py:188} INFO - [2026-05-19T13:36:06.054+0000] {dag.py:3954} INFO - Setting next_dagrun for example_external_task_marker_parent to None, run_after=None
[2026-05-19T13:36:06.084+0000] {processor.py:183} INFO - Processing /home/airflow/.local/lib/python3.12/site-packages/airflow/example_dags/example_external_task_marker_dag.py took 0.110 seconds
[2026-05-19T13:36:37.156+0000] {processor.py:161} INFO - Started process (PID=756) to work on /home/airflow/.local/lib/python3.12/site-packages/airflow/example_dags/example_external_task_marker_dag.py
[2026-05-19T13:36:37.158+0000] {processor.py:830} INFO - Processing file /home/airflow/.local/lib/python3.12/site-packages/airflow/example_dags/example_external_task_marker_dag.py for tasks to queue
[2026-05-19T13:36:37.162+0000] {logging_mixin.py:188} INFO - [2026-05-19T13:36:37.161+0000] {dagbag.py:545} INFO - Filling up the DagBag from /home/airflow/.local/lib/python3.12/site-packages/airflow/example_dags/example_external_task_marker_dag.py
[2026-05-19T13:36:37.172+0000] {processor.py:840} INFO - DAG(s) 'example_external_task_marker_parent', 'example_external_task_marker_child' retrieved from /home/airflow/.local/lib/python3.12/site-packages/airflow/example_dags/example_external_task_marker_dag.py
[2026-05-19T13:36:37.229+0000] {logging_mixin.py:188} INFO - [2026-05-19T13:36:37.229+0000] {dag.py:3096} INFO - Sync 2 DAGs
[2026-05-19T13:36:37.254+0000] {logging_mixin.py:188} INFO - [2026-05-19T13:36:37.254+0000] {dag.py:3954} INFO - Setting next_dagrun for example_external_task_marker_child to None, run_after=None
[2026-05-19T13:36:37.264+0000] {logging_mixin.py:188} INFO - [2026-05-19T13:36:37.263+0000] {dag.py:3954} INFO - Setting next_dagrun for example_external_task_marker_parent to None, run_after=None
[2026-05-19T13:36:37.314+0000] {processor.py:183} INFO - Processing /home/airflow/.local/lib/python3.12/site-packages/airflow/example_dags/example_external_task_marker_dag.py took 0.169 seconds
[2026-05-19T13:37:08.031+0000] {processor.py:161} INFO - Started process (PID=815) to work on /home/airflow/.local/lib/python3.12/site-packages/airflow/example_dags/example_external_task_marker_dag.py
[2026-05-19T13:37:08.033+0000] {processor.py:830} INFO - Processing file /home/airflow/.local/lib/python3.12/site-packages/airflow/example_dags/example_external_task_marker_dag.py for tasks to queue
[2026-05-19T13:37:08.037+0000] {logging_mixin.py:188} INFO - [2026-05-19T13:37:08.036+0000] {dagbag.py:545} INFO - Filling up the DagBag from /home/airflow/.local/lib/python3.12/site-packages/airflow/example_dags/example_external_task_marker_dag.py
[2026-05-19T13:37:08.045+0000] {processor.py:840} INFO - DAG(s) 'example_external_task_marker_child', 'example_external_task_marker_parent' retrieved from /home/airflow/.local/lib/python3.12/site-packages/airflow/example_dags/example_external_task_marker_dag.py
[2026-05-19T13:37:08.076+0000] {logging_mixin.py:188} INFO - [2026-05-19T13:37:08.075+0000] {dag.py:3096} INFO - Sync 2 DAGs
[2026-05-19T13:37:08.096+0000] {logging_mixin.py:188} INFO - [2026-05-19T13:37:08.096+0000] {dag.py:3954} INFO - Setting next_dagrun for example_external_task_marker_child to None, run_after=None
[2026-05-19T13:37:08.103+0000] {logging_mixin.py:188} INFO - [2026-05-19T13:37:08.102+0000] {dag.py:3954} INFO - Setting next_dagrun for example_external_task_marker_parent to None, run_after=None
[2026-05-19T13:37:08.127+0000] {processor.py:183} INFO - Processing /home/airflow/.local/lib/python3.12/site-packages/airflow/example_dags/example_external_task_marker_dag.py took 0.105 seconds
[2026-05-19T13:37:39.533+0000] {processor.py:161} INFO - Started process (PID=874) to work on /home/airflow/.local/lib/python3.12/site-packages/airflow/example_dags/example_external_task_marker_dag.py
[2026-05-19T13:37:39.537+0000] {processor.py:830} INFO - Processing file /home/airflow/.local/lib/python3.12/site-packages/airflow/example_dags/example_external_task_marker_dag.py for tasks to queue
[2026-05-19T13:37:39.543+0000] {logging_mixin.py:188} INFO - [2026-05-19T13:37:39.542+0000] {dagbag.py:545} INFO - Filling up the DagBag from /home/airflow/.local/lib/python3.12/site-packages/airflow/example_dags/example_external_task_marker_dag.py
[2026-05-19T13:37:39.556+0000] {processor.py:840} INFO - DAG(s) 'example_external_task_marker_parent', 'example_external_task_marker_child' retrieved from /home/airflow/.local/lib/python3.12/site-packages/airflow/example_dags/example_external_task_marker_dag.py
[2026-05-19T13:37:39.616+0000] {logging_mixin.py:188} INFO - [2026-05-19T13:37:39.615+0000] {dag.py:3096} INFO - Sync 2 DAGs
[2026-05-19T13:37:39.654+0000] {logging_mixin.py:188} INFO - [2026-05-19T13:37:39.653+0000] {dag.py:3954} INFO - Setting next_dagrun for example_external_task_marker_child to None, run_after=None
[2026-05-19T13:37:39.671+0000] {logging_mixin.py:188} INFO - [2026-05-19T13:37:39.669+0000] {dag.py:3954} INFO - Setting next_dagrun for example_external_task_marker_parent to None, run_after=None
[2026-05-19T13:37:39.723+0000] {processor.py:183} INFO - Processing /home/airflow/.local/lib/python3.12/site-packages/airflow/example_dags/example_external_task_marker_dag.py took 0.203 seconds
[2026-05-19T13:38:10.050+0000] {processor.py:161} INFO - Started process (PID=933) to work on /home/airflow/.local/lib/python3.12/site-packages/airflow/example_dags/example_external_task_marker_dag.py
[2026-05-19T13:38:10.052+0000] {processor.py:830} INFO - Processing file /home/airflow/.local/lib/python3.12/site-packages/airflow/example_dags/example_external_task_marker_dag.py for tasks to queue
[2026-05-19T13:38:10.056+0000] {logging_mixin.py:188} INFO - [2026-05-19T13:38:10.056+0000] {dagbag.py:545} INFO - Filling up the DagBag from /home/airflow/.local/lib/python3.12/site-packages/airflow/example_dags/example_external_task_marker_dag.py
[2026-05-19T13:38:10.069+0000] {processor.py:840} INFO - DAG(s) 'example_external_task_marker_parent', 'example_external_task_marker_child' retrieved from /home/airflow/.local/lib/python3.12/site-packages/airflow/example_dags/example_external_task_marker_dag.py
[2026-05-19T13:38:10.115+0000] {logging_mixin.py:188} INFO - [2026-05-19T13:38:10.114+0000] {dag.py:3096} INFO - Sync 2 DAGs
[2026-05-19T13:38:10.140+0000] {logging_mixin.py:188} INFO - [2026-05-19T13:38:10.140+0000] {dag.py:3954} INFO - Setting next_dagrun for example_external_task_marker_child to None, run_after=None
[2026-05-19T13:38:10.147+0000] {logging_mixin.py:188} INFO - [2026-05-19T13:38:10.147+0000] {dag.py:3954} INFO - Setting next_dagrun for example_external_task_marker_parent to None, run_after=None
[2026-05-19T13:38:10.181+0000] {processor.py:183} INFO - Processing /home/airflow/.local/lib/python3.12/site-packages/airflow/example_dags/example_external_task_marker_dag.py took 0.141 seconds
[2026-05-19T13:38:41.241+0000] {processor.py:161} INFO - Started process (PID=993) to work on /home/airflow/.local/lib/python3.12/site-packages/airflow/example_dags/example_external_task_marker_dag.py
[2026-05-19T13:38:41.243+0000] {processor.py:830} INFO - Processing file /home/airflow/.local/lib/python3.12/site-packages/airflow/example_dags/example_external_task_marker_dag.py for tasks to queue
[2026-05-19T13:38:41.248+0000] {logging_mixin.py:188} INFO - [2026-05-19T13:38:41.247+0000] {dagbag.py:545} INFO - Filling up the DagBag from /home/airflow/.local/lib/python3.12/site-packages/airflow/example_dags/example_external_task_marker_dag.py
[2026-05-19T13:38:41.260+0000] {processor.py:840} INFO - DAG(s) 'example_external_task_marker_parent', 'example_external_task_marker_child' retrieved from /home/airflow/.local/lib/python3.12/site-packages/airflow/example_dags/example_external_task_marker_dag.py
[2026-05-19T13:38:41.308+0000] {logging_mixin.py:188} INFO - [2026-05-19T13:38:41.308+0000] {dag.py:3096} INFO - Sync 2 DAGs
[2026-05-19T13:38:41.327+0000] {logging_mixin.py:188} INFO - [2026-05-19T13:38:41.327+0000] {dag.py:3954} INFO - Setting next_dagrun for example_external_task_marker_child to None, run_after=None
[2026-05-19T13:38:41.335+0000] {logging_mixin.py:188} INFO - [2026-05-19T13:38:41.335+0000] {dag.py:3954} INFO - Setting next_dagrun for example_external_task_marker_parent to None, run_after=None
[2026-05-19T13:38:41.371+0000] {processor.py:183} INFO - Processing /home/airflow/.local/lib/python3.12/site-packages/airflow/example_dags/example_external_task_marker_dag.py took 0.139 seconds
[2026-05-19T13:39:12.744+0000] {processor.py:161} INFO - Started process (PID=1053) to work on /home/airflow/.local/lib/python3.12/site-packages/airflow/example_dags/example_external_task_marker_dag.py
[2026-05-19T13:39:12.747+0000] {processor.py:830} INFO - Processing file /home/airflow/.local/lib/python3.12/site-packages/airflow/example_dags/example_external_task_marker_dag.py for tasks to queue
[2026-05-19T13:39:12.753+0000] {logging_mixin.py:188} INFO - [2026-05-19T13:39:12.751+0000] {dagbag.py:545} INFO - Filling up the DagBag from /home/airflow/.local/lib/python3.12/site-packages/airflow/example_dags/example_external_task_marker_dag.py
[2026-05-19T13:39:12.768+0000] {processor.py:840} INFO - DAG(s) 'example_external_task_marker_parent', 'example_external_task_marker_child' retrieved from /home/airflow/.local/lib/python3.12/site-packages/airflow/example_dags/example_external_task_marker_dag.py
[2026-05-19T13:39:12.841+0000] {logging_mixin.py:188} INFO - [2026-05-19T13:39:12.840+0000] {dag.py:3096} INFO - Sync 2 DAGs
[2026-05-19T13:39:12.882+0000] {logging_mixin.py:188} INFO - [2026-05-19T13:39:12.882+0000] {dag.py:3954} INFO - Setting next_dagrun for example_external_task_marker_child to None, run_after=None
[2026-05-19T13:39:12.895+0000] {logging_mixin.py:188} INFO - [2026-05-19T13:39:12.895+0000] {dag.py:3954} INFO - Setting next_dagrun for example_external_task_marker_parent to None, run_after=None
[2026-05-19T13:39:12.964+0000] {processor.py:183} INFO - Processing /home/airflow/.local/lib/python3.12/site-packages/airflow/example_dags/example_external_task_marker_dag.py took 0.240 seconds
[2026-05-19T13:39:43.730+0000] {processor.py:161} INFO - Started process (PID=1118) to work on /home/airflow/.local/lib/python3.12/site-packages/airflow/example_dags/example_external_task_marker_dag.py
[2026-05-19T13:39:43.732+0000] {processor.py:830} INFO - Processing file /home/airflow/.local/lib/python3.12/site-packages/airflow/example_dags/example_external_task_marker_dag.py for tasks to queue
[2026-05-19T13:39:43.736+0000] {logging_mixin.py:188} INFO - [2026-05-19T13:39:43.735+0000] {dagbag.py:545} INFO - Filling up the DagBag from /home/airflow/.local/lib/python3.12/site-packages/airflow/example_dags/example_external_task_marker_dag.py
[2026-05-19T13:39:43.749+0000] {processor.py:840} INFO - DAG(s) 'example_external_task_marker_parent', 'example_external_task_marker_child' retrieved from /home/airflow/.local/lib/python3.12/site-packages/airflow/example_dags/example_external_task_marker_dag.py
[2026-05-19T13:39:43.798+0000] {logging_mixin.py:188} INFO - [2026-05-19T13:39:43.798+0000] {dag.py:3096} INFO - Sync 2 DAGs
[2026-05-19T13:39:43.829+0000] {logging_mixin.py:188} INFO - [2026-05-19T13:39:43.829+0000] {dag.py:3954} INFO - Setting next_dagrun for example_external_task_marker_child to None, run_after=None
[2026-05-19T13:39:43.837+0000] {logging_mixin.py:188} INFO - [2026-05-19T13:39:43.837+0000] {dag.py:3954} INFO - Setting next_dagrun for example_external_task_marker_parent to None, run_after=None
[2026-05-19T13:39:43.873+0000] {processor.py:183} INFO - Processing /home/airflow/.local/lib/python3.12/site-packages/airflow/example_dags/example_external_task_marker_dag.py took 0.157 seconds
[2026-05-19T13:40:14.399+0000] {processor.py:161} INFO - Started process (PID=1177) to work on /home/airflow/.local/lib/python3.12/site-packages/airflow/example_dags/example_external_task_marker_dag.py
[2026-05-19T13:40:14.402+0000] {processor.py:830} INFO - Processing file /home/airflow/.local/lib/python3.12/site-packages/airflow/example_dags/example_external_task_marker_dag.py for tasks to queue
[2026-05-19T13:40:14.408+0000] {logging_mixin.py:188} INFO - [2026-05-19T13:40:14.407+0000] {dagbag.py:545} INFO - Filling up the DagBag from /home/airflow/.local/lib/python3.12/site-packages/airflow/example_dags/example_external_task_marker_dag.py
[2026-05-19T13:40:14.421+0000] {processor.py:840} INFO - DAG(s) 'example_external_task_marker_child', 'example_external_task_marker_parent' retrieved from /home/airflow/.local/lib/python3.12/site-packages/airflow/example_dags/example_external_task_marker_dag.py
[2026-05-19T13:40:14.473+0000] {logging_mixin.py:188} INFO - [2026-05-19T13:40:14.473+0000] {dag.py:3096} INFO - Sync 2 DAGs
[2026-05-19T13:40:14.511+0000] {logging_mixin.py:188} INFO - [2026-05-19T13:40:14.509+0000] {dag.py:3954} INFO - Setting next_dagrun for example_external_task_marker_child to None, run_after=None
[2026-05-19T13:40:14.523+0000] {logging_mixin.py:188} INFO - [2026-05-19T13:40:14.523+0000] {dag.py:3954} INFO - Setting next_dagrun for example_external_task_marker_parent to None, run_after=None
[2026-05-19T13:40:14.564+0000] {processor.py:183} INFO - Processing /home/airflow/.local/lib/python3.12/site-packages/airflow/example_dags/example_external_task_marker_dag.py took 0.176 seconds
[2026-05-19T13:40:45.556+0000] {processor.py:161} INFO - Started process (PID=1236) to work on /home/airflow/.local/lib/python3.12/site-packages/airflow/example_dags/example_external_task_marker_dag.py
[2026-05-19T13:40:45.558+0000] {processor.py:830} INFO - Processing file /home/airflow/.local/lib/python3.12/site-packages/airflow/example_dags/example_external_task_marker_dag.py for tasks to queue
[2026-05-19T13:40:45.563+0000] {logging_mixin.py:188} INFO - [2026-05-19T13:40:45.562+0000] {dagbag.py:545} INFO - Filling up the DagBag from /home/airflow/.local/lib/python3.12/site-packages/airflow/example_dags/example_external_task_marker_dag.py
[2026-05-19T13:40:45.572+0000] {processor.py:840} INFO - DAG(s) 'example_external_task_marker_parent', 'example_external_task_marker_child' retrieved from /home/airflow/.local/lib/python3.12/site-packages/airflow/example_dags/example_external_task_marker_dag.py
[2026-05-19T13:40:45.634+0000] {logging_mixin.py:188} INFO - [2026-05-19T13:40:45.633+0000] {dag.py:3096} INFO - Sync 2 DAGs
[2026-05-19T13:40:45.669+0000] {logging_mixin.py:188} INFO - [2026-05-19T13:40:45.668+0000] {dag.py:3954} INFO - Setting next_dagrun for example_external_task_marker_child to None, run_after=None
[2026-05-19T13:40:45.675+0000] {logging_mixin.py:188} INFO - [2026-05-19T13:40:45.675+0000] {dag.py:3954} INFO - Setting next_dagrun for example_external_task_marker_parent to None, run_after=None
[2026-05-19T13:40:45.707+0000] {processor.py:183} INFO - Processing /home/airflow/.local/lib/python3.12/site-packages/airflow/example_dags/example_external_task_marker_dag.py took 0.161 seconds
[2026-05-19T13:41:16.650+0000] {processor.py:161} INFO - Started process (PID=1295) to work on /home/airflow/.local/lib/python3.12/site-packages/airflow/example_dags/example_external_task_marker_dag.py
[2026-05-19T13:41:16.651+0000] {processor.py:830} INFO - Processing file /home/airflow/.local/lib/python3.12/site-packages/airflow/example_dags/example_external_task_marker_dag.py for tasks to queue
[2026-05-19T13:41:16.657+0000] {logging_mixin.py:188} INFO - [2026-05-19T13:41:16.656+0000] {dagbag.py:545} INFO - Filling up the DagBag from /home/airflow/.local/lib/python3.12/site-packages/airflow/example_dags/example_external_task_marker_dag.py
[2026-05-19T13:41:16.668+0000] {processor.py:840} INFO - DAG(s) 'example_external_task_marker_child', 'example_external_task_marker_parent' retrieved from /home/airflow/.local/lib/python3.12/site-packages/airflow/example_dags/example_external_task_marker_dag.py
[2026-05-19T13:41:16.710+0000] {logging_mixin.py:188} INFO - [2026-05-19T13:41:16.710+0000] {dag.py:3096} INFO - Sync 2 DAGs
[2026-05-19T13:41:16.733+0000] {logging_mixin.py:188} INFO - [2026-05-19T13:41:16.732+0000] {dag.py:3954} INFO - Setting next_dagrun for example_external_task_marker_child to None, run_after=None
[2026-05-19T13:41:16.741+0000] {logging_mixin.py:188} INFO - [2026-05-19T13:41:16.740+0000] {dag.py:3954} INFO - Setting next_dagrun for example_external_task_marker_parent to None, run_after=None
[2026-05-19T13:41:16.782+0000] {processor.py:183} INFO - Processing /home/airflow/.local/lib/python3.12/site-packages/airflow/example_dags/example_external_task_marker_dag.py took 0.139 seconds
[2026-05-19T13:41:47.794+0000] {processor.py:161} INFO - Started process (PID=1354) to work on /home/airflow/.local/lib/python3.12/site-packages/airflow/example_dags/example_external_task_marker_dag.py
[2026-05-19T13:41:47.822+0000] {processor.py:830} INFO - Processing file /home/airflow/.local/lib/python3.12/site-packages/airflow/example_dags/example_external_task_marker_dag.py for tasks to queue
[2026-05-19T13:41:47.830+0000] {logging_mixin.py:188} INFO - [2026-05-19T13:41:47.828+0000] {dagbag.py:545} INFO - Filling up the DagBag from /home/airflow/.local/lib/python3.12/site-packages/airflow/example_dags/example_external_task_marker_dag.py
[2026-05-19T13:41:47.855+0000] {processor.py:840} INFO - DAG(s) 'example_external_task_marker_parent', 'example_external_task_marker_child' retrieved from /home/airflow/.local/lib/python3.12/site-packages/airflow/example_dags/example_external_task_marker_dag.py
[2026-05-19T13:41:48.018+0000] {logging_mixin.py:188} INFO - [2026-05-19T13:41:48.017+0000] {dag.py:3096} INFO - Sync 2 DAGs
[2026-05-19T13:41:48.119+0000] {logging_mixin.py:188} INFO - [2026-05-19T13:41:48.117+0000] {dag.py:3954} INFO - Setting next_dagrun for example_external_task_marker_child to None, run_after=None
[2026-05-19T13:41:48.148+0000] {logging_mixin.py:188} INFO - [2026-05-19T13:41:48.141+0000] {dag.py:3954} INFO - Setting next_dagrun for example_external_task_marker_parent to None, run_after=None
[2026-05-19T13:41:48.243+0000] {processor.py:183} INFO - Processing /home/airflow/.local/lib/python3.12/site-packages/airflow/example_dags/example_external_task_marker_dag.py took 0.521 seconds
[2026-05-19T13:42:19.205+0000] {processor.py:161} INFO - Started process (PID=1412) to work on /home/airflow/.local/lib/python3.12/site-packages/airflow/example_dags/example_external_task_marker_dag.py
[2026-05-19T13:42:19.207+0000] {processor.py:830} INFO - Processing file /home/airflow/.local/lib/python3.12/site-packages/airflow/example_dags/example_external_task_marker_dag.py for tasks to queue
[2026-05-19T13:42:19.209+0000] {logging_mixin.py:188} INFO - [2026-05-19T13:42:19.209+0000] {dagbag.py:545} INFO - Filling up the DagBag from /home/airflow/.local/lib/python3.12/site-packages/airflow/example_dags/example_external_task_marker_dag.py
[2026-05-19T13:42:19.223+0000] {processor.py:840} INFO - DAG(s) 'example_external_task_marker_child', 'example_external_task_marker_parent' retrieved from /home/airflow/.local/lib/python3.12/site-packages/airflow/example_dags/example_external_task_marker_dag.py
[2026-05-19T13:42:19.262+0000] {logging_mixin.py:188} INFO - [2026-05-19T13:42:19.261+0000] {dag.py:3096} INFO - Sync 2 DAGs
[2026-05-19T13:42:19.282+0000] {logging_mixin.py:188} INFO - [2026-05-19T13:42:19.282+0000] {dag.py:3954} INFO - Setting next_dagrun for example_external_task_marker_child to None, run_after=None
[2026-05-19T13:42:19.290+0000] {logging_mixin.py:188} INFO - [2026-05-19T13:42:19.290+0000] {dag.py:3954} INFO - Setting next_dagrun for example_external_task_marker_parent to None, run_after=None
[2026-05-19T13:42:19.319+0000] {processor.py:183} INFO - Processing /home/airflow/.local/lib/python3.12/site-packages/airflow/example_dags/example_external_task_marker_dag.py took 0.119 seconds
[2026-05-19T13:42:50.096+0000] {processor.py:161} INFO - Started process (PID=1472) to work on /home/airflow/.local/lib/python3.12/site-packages/airflow/example_dags/example_external_task_marker_dag.py
[2026-05-19T13:42:50.099+0000] {processor.py:830} INFO - Processing file /home/airflow/.local/lib/python3.12/site-packages/airflow/example_dags/example_external_task_marker_dag.py for tasks to queue
[2026-05-19T13:42:50.103+0000] {logging_mixin.py:188} INFO - [2026-05-19T13:42:50.103+0000] {dagbag.py:545} INFO - Filling up the DagBag from /home/airflow/.local/lib/python3.12/site-packages/airflow/example_dags/example_external_task_marker_dag.py
[2026-05-19T13:42:50.113+0000] {processor.py:840} INFO - DAG(s) 'example_external_task_marker_child', 'example_external_task_marker_parent' retrieved from /home/airflow/.local/lib/python3.12/site-packages/airflow/example_dags/example_external_task_marker_dag.py
[2026-05-19T13:42:50.158+0000] {logging_mixin.py:188} INFO - [2026-05-19T13:42:50.158+0000] {dag.py:3096} INFO - Sync 2 DAGs
[2026-05-19T13:42:50.185+0000] {logging_mixin.py:188} INFO - [2026-05-19T13:42:50.185+0000] {dag.py:3954} INFO - Setting next_dagrun for example_external_task_marker_child to None, run_after=None
[2026-05-19T13:42:50.192+0000] {logging_mixin.py:188} INFO - [2026-05-19T13:42:50.192+0000] {dag.py:3954} INFO - Setting next_dagrun for example_external_task_marker_parent to None, run_after=None
[2026-05-19T13:42:50.223+0000] {processor.py:183} INFO - Processing /home/airflow/.local/lib/python3.12/site-packages/airflow/example_dags/example_external_task_marker_dag.py took 0.138 seconds
[2026-05-19T13:43:20.959+0000] {processor.py:161} INFO - Started process (PID=1532) to work on /home/airflow/.local/lib/python3.12/site-packages/airflow/example_dags/example_external_task_marker_dag.py
[2026-05-19T13:43:20.961+0000] {processor.py:830} INFO - Processing file /home/airflow/.local/lib/python3.12/site-packages/airflow/example_dags/example_external_task_marker_dag.py for tasks to queue
[2026-05-19T13:43:20.967+0000] {logging_mixin.py:188} INFO - [2026-05-19T13:43:20.966+0000] {dagbag.py:545} INFO - Filling up the DagBag from /home/airflow/.local/lib/python3.12/site-packages/airflow/example_dags/example_external_task_marker_dag.py
[2026-05-19T13:43:20.990+0000] {processor.py:840} INFO - DAG(s) 'example_external_task_marker_parent', 'example_external_task_marker_child' retrieved from /home/airflow/.local/lib/python3.12/site-packages/airflow/example_dags/example_external_task_marker_dag.py
[2026-05-19T13:43:21.051+0000] {logging_mixin.py:188} INFO - [2026-05-19T13:43:21.050+0000] {dag.py:3096} INFO - Sync 2 DAGs
[2026-05-19T13:43:21.085+0000] {logging_mixin.py:188} INFO - [2026-05-19T13:43:21.084+0000] {dag.py:3954} INFO - Setting next_dagrun for example_external_task_marker_child to None, run_after=None
[2026-05-19T13:43:21.093+0000] {logging_mixin.py:188} INFO - [2026-05-19T13:43:21.092+0000] {dag.py:3954} INFO - Setting next_dagrun for example_external_task_marker_parent to None, run_after=None
[2026-05-19T13:43:21.137+0000] {processor.py:183} INFO - Processing /home/airflow/.local/lib/python3.12/site-packages/airflow/example_dags/example_external_task_marker_dag.py took 0.195 seconds
[2026-05-19T13:43:51.625+0000] {processor.py:161} INFO - Started process (PID=1590) to work on /home/airflow/.local/lib/python3.12/site-packages/airflow/example_dags/example_external_task_marker_dag.py
[2026-05-19T13:43:51.626+0000] {processor.py:830} INFO - Processing file /home/airflow/.local/lib/python3.12/site-packages/airflow/example_dags/example_external_task_marker_dag.py for tasks to queue
[2026-05-19T13:43:51.629+0000] {logging_mixin.py:188} INFO - [2026-05-19T13:43:51.628+0000] {dagbag.py:545} INFO - Filling up the DagBag from /home/airflow/.local/lib/python3.12/site-packages/airflow/example_dags/example_external_task_marker_dag.py
[2026-05-19T13:43:51.637+0000] {processor.py:840} INFO - DAG(s) 'example_external_task_marker_child', 'example_external_task_marker_parent' retrieved from /home/airflow/.local/lib/python3.12/site-packages/airflow/example_dags/example_external_task_marker_dag.py
[2026-05-19T13:43:51.659+0000] {logging_mixin.py:188} INFO - [2026-05-19T13:43:51.659+0000] {dag.py:3096} INFO - Sync 2 DAGs
[2026-05-19T13:43:51.681+0000] {logging_mixin.py:188} INFO - [2026-05-19T13:43:51.681+0000] {dag.py:3954} INFO - Setting next_dagrun for example_external_task_marker_child to None, run_after=None
[2026-05-19T13:43:51.689+0000] {logging_mixin.py:188} INFO - [2026-05-19T13:43:51.688+0000] {dag.py:3954} INFO - Setting next_dagrun for example_external_task_marker_parent to None, run_after=None
[2026-05-19T13:43:51.718+0000] {processor.py:183} INFO - Processing /home/airflow/.local/lib/python3.12/site-packages/airflow/example_dags/example_external_task_marker_dag.py took 0.100 seconds
[2026-05-19T13:44:22.477+0000] {processor.py:161} INFO - Started process (PID=1650) to work on /home/airflow/.local/lib/python3.12/site-packages/airflow/example_dags/example_external_task_marker_dag.py
[2026-05-19T13:44:22.479+0000] {processor.py:830} INFO - Processing file /home/airflow/.local/lib/python3.12/site-packages/airflow/example_dags/example_external_task_marker_dag.py for tasks to queue
[2026-05-19T13:44:22.482+0000] {logging_mixin.py:188} INFO - [2026-05-19T13:44:22.481+0000] {dagbag.py:545} INFO - Filling up the DagBag from /home/airflow/.local/lib/python3.12/site-packages/airflow/example_dags/example_external_task_marker_dag.py
[2026-05-19T13:44:22.490+0000] {processor.py:840} INFO - DAG(s) 'example_external_task_marker_parent', 'example_external_task_marker_child' retrieved from /home/airflow/.local/lib/python3.12/site-packages/airflow/example_dags/example_external_task_marker_dag.py
[2026-05-19T13:44:22.525+0000] {logging_mixin.py:188} INFO - [2026-05-19T13:44:22.525+0000] {dag.py:3096} INFO - Sync 2 DAGs
[2026-05-19T13:44:22.540+0000] {logging_mixin.py:188} INFO - [2026-05-19T13:44:22.540+0000] {dag.py:3954} INFO - Setting next_dagrun for example_external_task_marker_child to None, run_after=None
[2026-05-19T13:44:22.547+0000] {logging_mixin.py:188} INFO - [2026-05-19T13:44:22.546+0000] {dag.py:3954} INFO - Setting next_dagrun for example_external_task_marker_parent to None, run_after=None
[2026-05-19T13:44:22.580+0000] {processor.py:183} INFO - Processing /home/airflow/.local/lib/python3.12/site-packages/airflow/example_dags/example_external_task_marker_dag.py took 0.111 seconds
[2026-05-19T13:44:52.758+0000] {processor.py:161} INFO - Started process (PID=1708) to work on /home/airflow/.local/lib/python3.12/site-packages/airflow/example_dags/example_external_task_marker_dag.py
[2026-05-19T13:44:52.760+0000] {processor.py:830} INFO - Processing file /home/airflow/.local/lib/python3.12/site-packages/airflow/example_dags/example_external_task_marker_dag.py for tasks to queue
[2026-05-19T13:44:52.763+0000] {logging_mixin.py:188} INFO - [2026-05-19T13:44:52.762+0000] {dagbag.py:545} INFO - Filling up the DagBag from /home/airflow/.local/lib/python3.12/site-packages/airflow/example_dags/example_external_task_marker_dag.py
[2026-05-19T13:44:52.771+0000] {processor.py:840} INFO - DAG(s) 'example_external_task_marker_child', 'example_external_task_marker_parent' retrieved from /home/airflow/.local/lib/python3.12/site-packages/airflow/example_dags/example_external_task_marker_dag.py
[2026-05-19T13:44:52.799+0000] {logging_mixin.py:188} INFO - [2026-05-19T13:44:52.798+0000] {dag.py:3096} INFO - Sync 2 DAGs
[2026-05-19T13:44:52.810+0000] {logging_mixin.py:188} INFO - [2026-05-19T13:44:52.810+0000] {dag.py:3954} INFO - Setting next_dagrun for example_external_task_marker_child to None, run_after=None
[2026-05-19T13:44:52.817+0000] {logging_mixin.py:188} INFO - [2026-05-19T13:44:52.817+0000] {dag.py:3954} INFO - Setting next_dagrun for example_external_task_marker_parent to None, run_after=None
[2026-05-19T13:44:52.839+0000] {processor.py:183} INFO - Processing /home/airflow/.local/lib/python3.12/site-packages/airflow/example_dags/example_external_task_marker_dag.py took 0.087 seconds
[2026-05-19T13:45:23.323+0000] {processor.py:161} INFO - Started process (PID=1768) to work on /home/airflow/.local/lib/python3.12/site-packages/airflow/example_dags/example_external_task_marker_dag.py
[2026-05-19T13:45:23.324+0000] {processor.py:830} INFO - Processing file /home/airflow/.local/lib/python3.12/site-packages/airflow/example_dags/example_external_task_marker_dag.py for tasks to queue
[2026-05-19T13:45:23.327+0000] {logging_mixin.py:188} INFO - [2026-05-19T13:45:23.327+0000] {dagbag.py:545} INFO - Filling up the DagBag from /home/airflow/.local/lib/python3.12/site-packages/airflow/example_dags/example_external_task_marker_dag.py
[2026-05-19T13:45:23.337+0000] {processor.py:840} INFO - DAG(s) 'example_external_task_marker_child', 'example_external_task_marker_parent' retrieved from /home/airflow/.local/lib/python3.12/site-packages/airflow/example_dags/example_external_task_marker_dag.py
[2026-05-19T13:45:23.368+0000] {logging_mixin.py:188} INFO - [2026-05-19T13:45:23.367+0000] {dag.py:3096} INFO - Sync 2 DAGs
[2026-05-19T13:45:23.388+0000] {logging_mixin.py:188} INFO - [2026-05-19T13:45:23.387+0000] {dag.py:3954} INFO - Setting next_dagrun for example_external_task_marker_child to None, run_after=None
[2026-05-19T13:45:23.393+0000] {logging_mixin.py:188} INFO - [2026-05-19T13:45:23.393+0000] {dag.py:3954} INFO - Setting next_dagrun for example_external_task_marker_parent to None, run_after=None
[2026-05-19T13:45:23.421+0000] {processor.py:183} INFO - Processing /home/airflow/.local/lib/python3.12/site-packages/airflow/example_dags/example_external_task_marker_dag.py took 0.108 seconds
[2026-05-19T13:45:54.077+0000] {processor.py:161} INFO - Started process (PID=1827) to work on /home/airflow/.local/lib/python3.12/site-packages/airflow/example_dags/example_external_task_marker_dag.py
[2026-05-19T13:45:54.079+0000] {processor.py:830} INFO - Processing file /home/airflow/.local/lib/python3.12/site-packages/airflow/example_dags/example_external_task_marker_dag.py for tasks to queue
[2026-05-19T13:45:54.081+0000] {logging_mixin.py:188} INFO - [2026-05-19T13:45:54.081+0000] {dagbag.py:545} INFO - Filling up the DagBag from /home/airflow/.local/lib/python3.12/site-packages/airflow/example_dags/example_external_task_marker_dag.py
[2026-05-19T13:45:54.090+0000] {processor.py:840} INFO - DAG(s) 'example_external_task_marker_parent', 'example_external_task_marker_child' retrieved from /home/airflow/.local/lib/python3.12/site-packages/airflow/example_dags/example_external_task_marker_dag.py
[2026-05-19T13:45:54.126+0000] {logging_mixin.py:188} INFO - [2026-05-19T13:45:54.125+0000] {dag.py:3096} INFO - Sync 2 DAGs
[2026-05-19T13:45:54.143+0000] {logging_mixin.py:188} INFO - [2026-05-19T13:45:54.142+0000] {dag.py:3954} INFO - Setting next_dagrun for example_external_task_marker_child to None, run_after=None
[2026-05-19T13:45:54.147+0000] {logging_mixin.py:188} INFO - [2026-05-19T13:45:54.147+0000] {dag.py:3954} INFO - Setting next_dagrun for example_external_task_marker_parent to None, run_after=None
[2026-05-19T13:45:54.169+0000] {processor.py:183} INFO - Processing /home/airflow/.local/lib/python3.12/site-packages/airflow/example_dags/example_external_task_marker_dag.py took 0.097 seconds
[2026-05-19T13:46:24.543+0000] {processor.py:161} INFO - Started process (PID=1887) to work on /home/airflow/.local/lib/python3.12/site-packages/airflow/example_dags/example_external_task_marker_dag.py
[2026-05-19T13:46:24.545+0000] {processor.py:830} INFO - Processing file /home/airflow/.local/lib/python3.12/site-packages/airflow/example_dags/example_external_task_marker_dag.py for tasks to queue
[2026-05-19T13:46:24.547+0000] {logging_mixin.py:188} INFO - [2026-05-19T13:46:24.547+0000] {dagbag.py:545} INFO - Filling up the DagBag from /home/airflow/.local/lib/python3.12/site-packages/airflow/example_dags/example_external_task_marker_dag.py
[2026-05-19T13:46:24.553+0000] {processor.py:840} INFO - DAG(s) 'example_external_task_marker_parent', 'example_external_task_marker_child' retrieved from /home/airflow/.local/lib/python3.12/site-packages/airflow/example_dags/example_external_task_marker_dag.py
[2026-05-19T13:46:24.582+0000] {logging_mixin.py:188} INFO - [2026-05-19T13:46:24.581+0000] {dag.py:3096} INFO - Sync 2 DAGs
[2026-05-19T13:46:24.600+0000] {logging_mixin.py:188} INFO - [2026-05-19T13:46:24.600+0000] {dag.py:3954} INFO - Setting next_dagrun for example_external_task_marker_child to None, run_after=None
[2026-05-19T13:46:24.607+0000] {logging_mixin.py:188} INFO - [2026-05-19T13:46:24.607+0000] {dag.py:3954} INFO - Setting next_dagrun for example_external_task_marker_parent to None, run_after=None
[2026-05-19T13:46:24.633+0000] {processor.py:183} INFO - Processing /home/airflow/.local/lib/python3.12/site-packages/airflow/example_dags/example_external_task_marker_dag.py took 0.100 seconds
[2026-05-19T13:46:55.055+0000] {processor.py:161} INFO - Started process (PID=1946) to work on /home/airflow/.local/lib/python3.12/site-packages/airflow/example_dags/example_external_task_marker_dag.py
[2026-05-19T13:46:55.056+0000] {processor.py:830} INFO - Processing file /home/airflow/.local/lib/python3.12/site-packages/airflow/example_dags/example_external_task_marker_dag.py for tasks to queue
[2026-05-19T13:46:55.059+0000] {logging_mixin.py:188} INFO - [2026-05-19T13:46:55.059+0000] {dagbag.py:545} INFO - Filling up the DagBag from /home/airflow/.local/lib/python3.12/site-packages/airflow/example_dags/example_external_task_marker_dag.py
[2026-05-19T13:46:55.066+0000] {processor.py:840} INFO - DAG(s) 'example_external_task_marker_child', 'example_external_task_marker_parent' retrieved from /home/airflow/.local/lib/python3.12/site-packages/airflow/example_dags/example_external_task_marker_dag.py
[2026-05-19T13:46:55.100+0000] {logging_mixin.py:188} INFO - [2026-05-19T13:46:55.100+0000] {dag.py:3096} INFO - Sync 2 DAGs
[2026-05-19T13:46:55.116+0000] {logging_mixin.py:188} INFO - [2026-05-19T13:46:55.116+0000] {dag.py:3954} INFO - Setting next_dagrun for example_external_task_marker_child to None, run_after=None
[2026-05-19T13:46:55.121+0000] {logging_mixin.py:188} INFO - [2026-05-19T13:46:55.121+0000] {dag.py:3954} INFO - Setting next_dagrun for example_external_task_marker_parent to None, run_after=None
[2026-05-19T13:46:55.169+0000] {processor.py:183} INFO - Processing /home/airflow/.local/lib/python3.12/site-packages/airflow/example_dags/example_external_task_marker_dag.py took 0.119 seconds
[2026-05-19T13:47:25.580+0000] {processor.py:161} INFO - Started process (PID=2005) to work on /home/airflow/.local/lib/python3.12/site-packages/airflow/example_dags/example_external_task_marker_dag.py
[2026-05-19T13:47:25.581+0000] {processor.py:830} INFO - Processing file /home/airflow/.local/lib/python3.12/site-packages/airflow/example_dags/example_external_task_marker_dag.py for tasks to queue
[2026-05-19T13:47:25.584+0000] {logging_mixin.py:188} INFO - [2026-05-19T13:47:25.583+0000] {dagbag.py:545} INFO - Filling up the DagBag from /home/airflow/.local/lib/python3.12/site-packages/airflow/example_dags/example_external_task_marker_dag.py
[2026-05-19T13:47:25.591+0000] {processor.py:840} INFO - DAG(s) 'example_external_task_marker_child', 'example_external_task_marker_parent' retrieved from /home/airflow/.local/lib/python3.12/site-packages/airflow/example_dags/example_external_task_marker_dag.py
[2026-05-19T13:47:25.623+0000] {logging_mixin.py:188} INFO - [2026-05-19T13:47:25.623+0000] {dag.py:3096} INFO - Sync 2 DAGs
[2026-05-19T13:47:25.643+0000] {logging_mixin.py:188} INFO - [2026-05-19T13:47:25.642+0000] {dag.py:3954} INFO - Setting next_dagrun for example_external_task_marker_child to None, run_after=None
[2026-05-19T13:47:25.648+0000] {logging_mixin.py:188} INFO - [2026-05-19T13:47:25.648+0000] {dag.py:3954} INFO - Setting next_dagrun for example_external_task_marker_parent to None, run_after=None
[2026-05-19T13:47:25.671+0000] {processor.py:183} INFO - Processing /home/airflow/.local/lib/python3.12/site-packages/airflow/example_dags/example_external_task_marker_dag.py took 0.097 seconds
[2026-05-19T13:47:56.132+0000] {processor.py:161} INFO - Started process (PID=2064) to work on /home/airflow/.local/lib/python3.12/site-packages/airflow/example_dags/example_external_task_marker_dag.py
[2026-05-19T13:47:56.135+0000] {processor.py:830} INFO - Processing file /home/airflow/.local/lib/python3.12/site-packages/airflow/example_dags/example_external_task_marker_dag.py for tasks to queue
[2026-05-19T13:47:56.140+0000] {logging_mixin.py:188} INFO - [2026-05-19T13:47:56.139+0000] {dagbag.py:545} INFO - Filling up the DagBag from /home/airflow/.local/lib/python3.12/site-packages/airflow/example_dags/example_external_task_marker_dag.py
[2026-05-19T13:47:56.151+0000] {processor.py:840} INFO - DAG(s) 'example_external_task_marker_parent', 'example_external_task_marker_child' retrieved from /home/airflow/.local/lib/python3.12/site-packages/airflow/example_dags/example_external_task_marker_dag.py
[2026-05-19T13:47:56.204+0000] {logging_mixin.py:188} INFO - [2026-05-19T13:47:56.204+0000] {dag.py:3096} INFO - Sync 2 DAGs
[2026-05-19T13:47:56.227+0000] {logging_mixin.py:188} INFO - [2026-05-19T13:47:56.226+0000] {dag.py:3954} INFO - Setting next_dagrun for example_external_task_marker_child to None, run_after=None
[2026-05-19T13:47:56.235+0000] {logging_mixin.py:188} INFO - [2026-05-19T13:47:56.234+0000] {dag.py:3954} INFO - Setting next_dagrun for example_external_task_marker_parent to None, run_after=None
[2026-05-19T13:47:56.279+0000] {processor.py:183} INFO - Processing /home/airflow/.local/lib/python3.12/site-packages/airflow/example_dags/example_external_task_marker_dag.py took 0.157 seconds
[2026-05-19T13:48:26.580+0000] {processor.py:161} INFO - Started process (PID=2122) to work on /home/airflow/.local/lib/python3.12/site-packages/airflow/example_dags/example_external_task_marker_dag.py
[2026-05-19T13:48:26.582+0000] {processor.py:830} INFO - Processing file /home/airflow/.local/lib/python3.12/site-packages/airflow/example_dags/example_external_task_marker_dag.py for tasks to queue
[2026-05-19T13:48:26.586+0000] {logging_mixin.py:188} INFO - [2026-05-19T13:48:26.585+0000] {dagbag.py:545} INFO - Filling up the DagBag from /home/airflow/.local/lib/python3.12/site-packages/airflow/example_dags/example_external_task_marker_dag.py
[2026-05-19T13:48:26.592+0000] {processor.py:840} INFO - DAG(s) 'example_external_task_marker_parent', 'example_external_task_marker_child' retrieved from /home/airflow/.local/lib/python3.12/site-packages/airflow/example_dags/example_external_task_marker_dag.py
[2026-05-19T13:48:26.630+0000] {logging_mixin.py:188} INFO - [2026-05-19T13:48:26.628+0000] {dag.py:3096} INFO - Sync 2 DAGs
[2026-05-19T13:48:26.659+0000] {logging_mixin.py:188} INFO - [2026-05-19T13:48:26.658+0000] {dag.py:3954} INFO - Setting next_dagrun for example_external_task_marker_child to None, run_after=None
[2026-05-19T13:48:26.666+0000] {logging_mixin.py:188} INFO - [2026-05-19T13:48:26.666+0000] {dag.py:3954} INFO - Setting next_dagrun for example_external_task_marker_parent to None, run_after=None
[2026-05-19T13:48:26.684+0000] {processor.py:183} INFO - Processing /home/airflow/.local/lib/python3.12/site-packages/airflow/example_dags/example_external_task_marker_dag.py took 0.110 seconds
[2026-05-19T13:48:57.300+0000] {processor.py:161} INFO - Started process (PID=2182) to work on /home/airflow/.local/lib/python3.12/site-packages/airflow/example_dags/example_external_task_marker_dag.py
[2026-05-19T13:48:57.301+0000] {processor.py:830} INFO - Processing file /home/airflow/.local/lib/python3.12/site-packages/airflow/example_dags/example_external_task_marker_dag.py for tasks to queue
[2026-05-19T13:48:57.303+0000] {logging_mixin.py:188} INFO - [2026-05-19T13:48:57.303+0000] {dagbag.py:545} INFO - Filling up the DagBag from /home/airflow/.local/lib/python3.12/site-packages/airflow/example_dags/example_external_task_marker_dag.py
[2026-05-19T13:48:57.311+0000] {processor.py:840} INFO - DAG(s) 'example_external_task_marker_parent', 'example_external_task_marker_child' retrieved from /home/airflow/.local/lib/python3.12/site-packages/airflow/example_dags/example_external_task_marker_dag.py
[2026-05-19T13:48:57.344+0000] {logging_mixin.py:188} INFO - [2026-05-19T13:48:57.344+0000] {dag.py:3096} INFO - Sync 2 DAGs
[2026-05-19T13:48:57.358+0000] {logging_mixin.py:188} INFO - [2026-05-19T13:48:57.357+0000] {dag.py:3954} INFO - Setting next_dagrun for example_external_task_marker_child to None, run_after=None
[2026-05-19T13:48:57.362+0000] {logging_mixin.py:188} INFO - [2026-05-19T13:48:57.362+0000] {dag.py:3954} INFO - Setting next_dagrun for example_external_task_marker_parent to None, run_after=None
[2026-05-19T13:48:57.389+0000] {processor.py:183} INFO - Processing /home/airflow/.local/lib/python3.12/site-packages/airflow/example_dags/example_external_task_marker_dag.py took 0.095 seconds
[2026-05-19T13:49:27.994+0000] {processor.py:161} INFO - Started process (PID=2241) to work on /home/airflow/.local/lib/python3.12/site-packages/airflow/example_dags/example_external_task_marker_dag.py
[2026-05-19T13:49:28.009+0000] {processor.py:830} INFO - Processing file /home/airflow/.local/lib/python3.12/site-packages/airflow/example_dags/example_external_task_marker_dag.py for tasks to queue
[2026-05-19T13:49:28.032+0000] {logging_mixin.py:188} INFO - [2026-05-19T13:49:28.028+0000] {dagbag.py:545} INFO - Filling up the DagBag from /home/airflow/.local/lib/python3.12/site-packages/airflow/example_dags/example_external_task_marker_dag.py
[2026-05-19T13:49:28.153+0000] {processor.py:840} INFO - DAG(s) 'example_external_task_marker_child', 'example_external_task_marker_parent' retrieved from /home/airflow/.local/lib/python3.12/site-packages/airflow/example_dags/example_external_task_marker_dag.py
[2026-05-19T13:49:28.348+0000] {logging_mixin.py:188} INFO - [2026-05-19T13:49:28.347+0000] {dag.py:3096} INFO - Sync 2 DAGs
[2026-05-19T13:49:28.482+0000] {logging_mixin.py:188} INFO - [2026-05-19T13:49:28.481+0000] {dag.py:3954} INFO - Setting next_dagrun for example_external_task_marker_child to None, run_after=None
[2026-05-19T13:49:28.501+0000] {logging_mixin.py:188} INFO - [2026-05-19T13:49:28.501+0000] {dag.py:3954} INFO - Setting next_dagrun for example_external_task_marker_parent to None, run_after=None
[2026-05-19T13:49:28.607+0000] {processor.py:183} INFO - Processing /home/airflow/.local/lib/python3.12/site-packages/airflow/example_dags/example_external_task_marker_dag.py took 0.725 seconds
[2026-05-19T13:49:59.566+0000] {processor.py:161} INFO - Started process (PID=2300) to work on /home/airflow/.local/lib/python3.12/site-packages/airflow/example_dags/example_external_task_marker_dag.py
[2026-05-19T13:49:59.568+0000] {processor.py:830} INFO - Processing file /home/airflow/.local/lib/python3.12/site-packages/airflow/example_dags/example_external_task_marker_dag.py for tasks to queue
[2026-05-19T13:49:59.572+0000] {logging_mixin.py:188} INFO - [2026-05-19T13:49:59.571+0000] {dagbag.py:545} INFO - Filling up the DagBag from /home/airflow/.local/lib/python3.12/site-packages/airflow/example_dags/example_external_task_marker_dag.py
[2026-05-19T13:49:59.579+0000] {processor.py:840} INFO - DAG(s) 'example_external_task_marker_child', 'example_external_task_marker_parent' retrieved from /home/airflow/.local/lib/python3.12/site-packages/airflow/example_dags/example_external_task_marker_dag.py
[2026-05-19T13:49:59.617+0000] {logging_mixin.py:188} INFO - [2026-05-19T13:49:59.617+0000] {dag.py:3096} INFO - Sync 2 DAGs
[2026-05-19T13:49:59.635+0000] {logging_mixin.py:188} INFO - [2026-05-19T13:49:59.635+0000] {dag.py:3954} INFO - Setting next_dagrun for example_external_task_marker_child to None, run_after=None
[2026-05-19T13:49:59.642+0000] {logging_mixin.py:188} INFO - [2026-05-19T13:49:59.642+0000] {dag.py:3954} INFO - Setting next_dagrun for example_external_task_marker_parent to None, run_after=None
[2026-05-19T13:49:59.669+0000] {processor.py:183} INFO - Processing /home/airflow/.local/lib/python3.12/site-packages/airflow/example_dags/example_external_task_marker_dag.py took 0.115 seconds
[2026-05-19T13:50:29.910+0000] {processor.py:161} INFO - Started process (PID=2358) to work on /home/airflow/.local/lib/python3.12/site-packages/airflow/example_dags/example_external_task_marker_dag.py
[2026-05-19T13:50:29.912+0000] {processor.py:830} INFO - Processing file /home/airflow/.local/lib/python3.12/site-packages/airflow/example_dags/example_external_task_marker_dag.py for tasks to queue
[2026-05-19T13:50:29.916+0000] {logging_mixin.py:188} INFO - [2026-05-19T13:50:29.916+0000] {dagbag.py:545} INFO - Filling up the DagBag from /home/airflow/.local/lib/python3.12/site-packages/airflow/example_dags/example_external_task_marker_dag.py
[2026-05-19T13:50:29.924+0000] {processor.py:840} INFO - DAG(s) 'example_external_task_marker_parent', 'example_external_task_marker_child' retrieved from /home/airflow/.local/lib/python3.12/site-packages/airflow/example_dags/example_external_task_marker_dag.py
[2026-05-19T13:50:29.961+0000] {logging_mixin.py:188} INFO - [2026-05-19T13:50:29.960+0000] {dag.py:3096} INFO - Sync 2 DAGs
[2026-05-19T13:50:29.981+0000] {logging_mixin.py:188} INFO - [2026-05-19T13:50:29.981+0000] {dag.py:3954} INFO - Setting next_dagrun for example_external_task_marker_child to None, run_after=None
[2026-05-19T13:50:29.986+0000] {logging_mixin.py:188} INFO - [2026-05-19T13:50:29.986+0000] {dag.py:3954} INFO - Setting next_dagrun for example_external_task_marker_parent to None, run_after=None
[2026-05-19T13:50:30.006+0000] {processor.py:183} INFO - Processing /home/airflow/.local/lib/python3.12/site-packages/airflow/example_dags/example_external_task_marker_dag.py took 0.105 seconds
[2026-05-19T13:51:00.712+0000] {processor.py:161} INFO - Started process (PID=2418) to work on /home/airflow/.local/lib/python3.12/site-packages/airflow/example_dags/example_external_task_marker_dag.py
[2026-05-19T13:51:00.715+0000] {processor.py:830} INFO - Processing file /home/airflow/.local/lib/python3.12/site-packages/airflow/example_dags/example_external_task_marker_dag.py for tasks to queue
[2026-05-19T13:51:00.718+0000] {logging_mixin.py:188} INFO - [2026-05-19T13:51:00.717+0000] {dagbag.py:545} INFO - Filling up the DagBag from /home/airflow/.local/lib/python3.12/site-packages/airflow/example_dags/example_external_task_marker_dag.py
[2026-05-19T13:51:00.727+0000] {processor.py:840} INFO - DAG(s) 'example_external_task_marker_child', 'example_external_task_marker_parent' retrieved from /home/airflow/.local/lib/python3.12/site-packages/airflow/example_dags/example_external_task_marker_dag.py
[2026-05-19T13:51:00.757+0000] {logging_mixin.py:188} INFO - [2026-05-19T13:51:00.756+0000] {dag.py:3096} INFO - Sync 2 DAGs
[2026-05-19T13:51:00.777+0000] {logging_mixin.py:188} INFO - [2026-05-19T13:51:00.776+0000] {dag.py:3954} INFO - Setting next_dagrun for example_external_task_marker_child to None, run_after=None
[2026-05-19T13:51:00.783+0000] {logging_mixin.py:188} INFO - [2026-05-19T13:51:00.783+0000] {dag.py:3954} INFO - Setting next_dagrun for example_external_task_marker_parent to None, run_after=None
[2026-05-19T13:51:00.808+0000] {processor.py:183} INFO - Processing /home/airflow/.local/lib/python3.12/site-packages/airflow/example_dags/example_external_task_marker_dag.py took 0.103 seconds
[2026-05-19T13:51:31.027+0000] {processor.py:161} INFO - Started process (PID=2476) to work on /home/airflow/.local/lib/python3.12/site-packages/airflow/example_dags/example_external_task_marker_dag.py
[2026-05-19T13:51:31.028+0000] {processor.py:830} INFO - Processing file /home/airflow/.local/lib/python3.12/site-packages/airflow/example_dags/example_external_task_marker_dag.py for tasks to queue
[2026-05-19T13:51:31.031+0000] {logging_mixin.py:188} INFO - [2026-05-19T13:51:31.030+0000] {dagbag.py:545} INFO - Filling up the DagBag from /home/airflow/.local/lib/python3.12/site-packages/airflow/example_dags/example_external_task_marker_dag.py
[2026-05-19T13:51:31.043+0000] {processor.py:840} INFO - DAG(s) 'example_external_task_marker_child', 'example_external_task_marker_parent' retrieved from /home/airflow/.local/lib/python3.12/site-packages/airflow/example_dags/example_external_task_marker_dag.py
[2026-05-19T13:51:31.082+0000] {logging_mixin.py:188} INFO - [2026-05-19T13:51:31.082+0000] {dag.py:3096} INFO - Sync 2 DAGs
[2026-05-19T13:51:31.097+0000] {logging_mixin.py:188} INFO - [2026-05-19T13:51:31.096+0000] {dag.py:3954} INFO - Setting next_dagrun for example_external_task_marker_child to None, run_after=None
[2026-05-19T13:51:31.101+0000] {logging_mixin.py:188} INFO - [2026-05-19T13:51:31.101+0000] {dag.py:3954} INFO - Setting next_dagrun for example_external_task_marker_parent to None, run_after=None
[2026-05-19T13:51:31.133+0000] {processor.py:183} INFO - Processing /home/airflow/.local/lib/python3.12/site-packages/airflow/example_dags/example_external_task_marker_dag.py took 0.112 seconds
[2026-05-19T13:52:01.546+0000] {processor.py:161} INFO - Started process (PID=2535) to work on /home/airflow/.local/lib/python3.12/site-packages/airflow/example_dags/example_external_task_marker_dag.py
[2026-05-19T13:52:01.548+0000] {processor.py:830} INFO - Processing file /home/airflow/.local/lib/python3.12/site-packages/airflow/example_dags/example_external_task_marker_dag.py for tasks to queue
[2026-05-19T13:52:01.552+0000] {logging_mixin.py:188} INFO - [2026-05-19T13:52:01.552+0000] {dagbag.py:545} INFO - Filling up the DagBag from /home/airflow/.local/lib/python3.12/site-packages/airflow/example_dags/example_external_task_marker_dag.py
[2026-05-19T13:52:01.558+0000] {processor.py:840} INFO - DAG(s) 'example_external_task_marker_parent', 'example_external_task_marker_child' retrieved from /home/airflow/.local/lib/python3.12/site-packages/airflow/example_dags/example_external_task_marker_dag.py
[2026-05-19T13:52:01.591+0000] {logging_mixin.py:188} INFO - [2026-05-19T13:52:01.590+0000] {dag.py:3096} INFO - Sync 2 DAGs
[2026-05-19T13:52:01.612+0000] {logging_mixin.py:188} INFO - [2026-05-19T13:52:01.611+0000] {dag.py:3954} INFO - Setting next_dagrun for example_external_task_marker_child to None, run_after=None
[2026-05-19T13:52:01.619+0000] {logging_mixin.py:188} INFO - [2026-05-19T13:52:01.619+0000] {dag.py:3954} INFO - Setting next_dagrun for example_external_task_marker_parent to None, run_after=None
[2026-05-19T13:52:01.640+0000] {processor.py:183} INFO - Processing /home/airflow/.local/lib/python3.12/site-packages/airflow/example_dags/example_external_task_marker_dag.py took 0.102 seconds
[2026-05-19T13:52:31.937+0000] {processor.py:161} INFO - Started process (PID=2594) to work on /home/airflow/.local/lib/python3.12/site-packages/airflow/example_dags/example_external_task_marker_dag.py
[2026-05-19T13:52:31.939+0000] {processor.py:830} INFO - Processing file /home/airflow/.local/lib/python3.12/site-packages/airflow/example_dags/example_external_task_marker_dag.py for tasks to queue
[2026-05-19T13:52:31.942+0000] {logging_mixin.py:188} INFO - [2026-05-19T13:52:31.942+0000] {dagbag.py:545} INFO - Filling up the DagBag from /home/airflow/.local/lib/python3.12/site-packages/airflow/example_dags/example_external_task_marker_dag.py
[2026-05-19T13:52:31.952+0000] {processor.py:840} INFO - DAG(s) 'example_external_task_marker_child', 'example_external_task_marker_parent' retrieved from /home/airflow/.local/lib/python3.12/site-packages/airflow/example_dags/example_external_task_marker_dag.py
[2026-05-19T13:52:31.986+0000] {logging_mixin.py:188} INFO - [2026-05-19T13:52:31.986+0000] {dag.py:3096} INFO - Sync 2 DAGs
[2026-05-19T13:52:32.007+0000] {logging_mixin.py:188} INFO - [2026-05-19T13:52:32.007+0000] {dag.py:3954} INFO - Setting next_dagrun for example_external_task_marker_child to None, run_after=None
[2026-05-19T13:52:32.014+0000] {logging_mixin.py:188} INFO - [2026-05-19T13:52:32.014+0000] {dag.py:3954} INFO - Setting next_dagrun for example_external_task_marker_parent to None, run_after=None
[2026-05-19T13:52:32.036+0000] {processor.py:183} INFO - Processing /home/airflow/.local/lib/python3.12/site-packages/airflow/example_dags/example_external_task_marker_dag.py took 0.105 seconds
[2026-05-19T13:53:02.207+0000] {processor.py:161} INFO - Started process (PID=2653) to work on /home/airflow/.local/lib/python3.12/site-packages/airflow/example_dags/example_external_task_marker_dag.py
[2026-05-19T13:53:02.211+0000] {processor.py:830} INFO - Processing file /home/airflow/.local/lib/python3.12/site-packages/airflow/example_dags/example_external_task_marker_dag.py for tasks to queue
[2026-05-19T13:53:02.214+0000] {logging_mixin.py:188} INFO - [2026-05-19T13:53:02.214+0000] {dagbag.py:545} INFO - Filling up the DagBag from /home/airflow/.local/lib/python3.12/site-packages/airflow/example_dags/example_external_task_marker_dag.py
[2026-05-19T13:53:02.222+0000] {processor.py:840} INFO - DAG(s) 'example_external_task_marker_parent', 'example_external_task_marker_child' retrieved from /home/airflow/.local/lib/python3.12/site-packages/airflow/example_dags/example_external_task_marker_dag.py
[2026-05-19T13:53:02.256+0000] {logging_mixin.py:188} INFO - [2026-05-19T13:53:02.256+0000] {dag.py:3096} INFO - Sync 2 DAGs
[2026-05-19T13:53:02.273+0000] {logging_mixin.py:188} INFO - [2026-05-19T13:53:02.272+0000] {dag.py:3954} INFO - Setting next_dagrun for example_external_task_marker_child to None, run_after=None
[2026-05-19T13:53:02.280+0000] {logging_mixin.py:188} INFO - [2026-05-19T13:53:02.279+0000] {dag.py:3954} INFO - Setting next_dagrun for example_external_task_marker_parent to None, run_after=None
[2026-05-19T13:53:02.305+0000] {processor.py:183} INFO - Processing /home/airflow/.local/lib/python3.12/site-packages/airflow/example_dags/example_external_task_marker_dag.py took 0.107 seconds
[2026-05-19T13:53:32.457+0000] {processor.py:161} INFO - Started process (PID=2712) to work on /home/airflow/.local/lib/python3.12/site-packages/airflow/example_dags/example_external_task_marker_dag.py
[2026-05-19T13:53:32.459+0000] {processor.py:830} INFO - Processing file /home/airflow/.local/lib/python3.12/site-packages/airflow/example_dags/example_external_task_marker_dag.py for tasks to queue
[2026-05-19T13:53:32.462+0000] {logging_mixin.py:188} INFO - [2026-05-19T13:53:32.462+0000] {dagbag.py:545} INFO - Filling up the DagBag from /home/airflow/.local/lib/python3.12/site-packages/airflow/example_dags/example_external_task_marker_dag.py
[2026-05-19T13:53:32.479+0000] {processor.py:840} INFO - DAG(s) 'example_external_task_marker_parent', 'example_external_task_marker_child' retrieved from /home/airflow/.local/lib/python3.12/site-packages/airflow/example_dags/example_external_task_marker_dag.py
[2026-05-19T13:53:32.526+0000] {logging_mixin.py:188} INFO - [2026-05-19T13:53:32.526+0000] {dag.py:3096} INFO - Sync 2 DAGs
[2026-05-19T13:53:32.553+0000] {logging_mixin.py:188} INFO - [2026-05-19T13:53:32.552+0000] {dag.py:3954} INFO - Setting next_dagrun for example_external_task_marker_child to None, run_after=None
[2026-05-19T13:53:32.563+0000] {logging_mixin.py:188} INFO - [2026-05-19T13:53:32.562+0000] {dag.py:3954} INFO - Setting next_dagrun for example_external_task_marker_parent to None, run_after=None
[2026-05-19T13:53:32.599+0000] {processor.py:183} INFO - Processing /home/airflow/.local/lib/python3.12/site-packages/airflow/example_dags/example_external_task_marker_dag.py took 0.153 seconds
[2026-05-19T13:54:03.035+0000] {processor.py:161} INFO - Started process (PID=2771) to work on /home/airflow/.local/lib/python3.12/site-packages/airflow/example_dags/example_external_task_marker_dag.py
[2026-05-19T13:54:03.036+0000] {processor.py:830} INFO - Processing file /home/airflow/.local/lib/python3.12/site-packages/airflow/example_dags/example_external_task_marker_dag.py for tasks to queue
[2026-05-19T13:54:03.039+0000] {logging_mixin.py:188} INFO - [2026-05-19T13:54:03.039+0000] {dagbag.py:545} INFO - Filling up the DagBag from /home/airflow/.local/lib/python3.12/site-packages/airflow/example_dags/example_external_task_marker_dag.py
[2026-05-19T13:54:03.053+0000] {processor.py:840} INFO - DAG(s) 'example_external_task_marker_parent', 'example_external_task_marker_child' retrieved from /home/airflow/.local/lib/python3.12/site-packages/airflow/example_dags/example_external_task_marker_dag.py
[2026-05-19T13:54:03.094+0000] {logging_mixin.py:188} INFO - [2026-05-19T13:54:03.094+0000] {dag.py:3096} INFO - Sync 2 DAGs
[2026-05-19T13:54:03.124+0000] {logging_mixin.py:188} INFO - [2026-05-19T13:54:03.123+0000] {dag.py:3954} INFO - Setting next_dagrun for example_external_task_marker_child to None, run_after=None
[2026-05-19T13:54:03.132+0000] {logging_mixin.py:188} INFO - [2026-05-19T13:54:03.132+0000] {dag.py:3954} INFO - Setting next_dagrun for example_external_task_marker_parent to None, run_after=None
[2026-05-19T13:54:03.160+0000] {processor.py:183} INFO - Processing /home/airflow/.local/lib/python3.12/site-packages/airflow/example_dags/example_external_task_marker_dag.py took 0.131 seconds
[2026-05-19T13:54:33.566+0000] {processor.py:161} INFO - Started process (PID=2830) to work on /home/airflow/.local/lib/python3.12/site-packages/airflow/example_dags/example_external_task_marker_dag.py
[2026-05-19T13:54:33.570+0000] {processor.py:830} INFO - Processing file /home/airflow/.local/lib/python3.12/site-packages/airflow/example_dags/example_external_task_marker_dag.py for tasks to queue
[2026-05-19T13:54:33.577+0000] {logging_mixin.py:188} INFO - [2026-05-19T13:54:33.574+0000] {dagbag.py:545} INFO - Filling up the DagBag from /home/airflow/.local/lib/python3.12/site-packages/airflow/example_dags/example_external_task_marker_dag.py
[2026-05-19T13:54:33.651+0000] {processor.py:840} INFO - DAG(s) 'example_external_task_marker_child', 'example_external_task_marker_parent' retrieved from /home/airflow/.local/lib/python3.12/site-packages/airflow/example_dags/example_external_task_marker_dag.py
[2026-05-19T13:54:33.776+0000] {logging_mixin.py:188} INFO - [2026-05-19T13:54:33.775+0000] {dag.py:3096} INFO - Sync 2 DAGs
[2026-05-19T13:54:33.921+0000] {logging_mixin.py:188} INFO - [2026-05-19T13:54:33.920+0000] {dag.py:3954} INFO - Setting next_dagrun for example_external_task_marker_child to None, run_after=None
[2026-05-19T13:54:33.952+0000] {logging_mixin.py:188} INFO - [2026-05-19T13:54:33.952+0000] {dag.py:3954} INFO - Setting next_dagrun for example_external_task_marker_parent to None, run_after=None
[2026-05-19T13:54:34.116+0000] {processor.py:183} INFO - Processing /home/airflow/.local/lib/python3.12/site-packages/airflow/example_dags/example_external_task_marker_dag.py took 0.580 seconds
[2026-05-19T13:55:05.073+0000] {processor.py:161} INFO - Started process (PID=2889) to work on /home/airflow/.local/lib/python3.12/site-packages/airflow/example_dags/example_external_task_marker_dag.py
[2026-05-19T13:55:05.077+0000] {processor.py:830} INFO - Processing file /home/airflow/.local/lib/python3.12/site-packages/airflow/example_dags/example_external_task_marker_dag.py for tasks to queue
[2026-05-19T13:55:05.084+0000] {logging_mixin.py:188} INFO - [2026-05-19T13:55:05.083+0000] {dagbag.py:545} INFO - Filling up the DagBag from /home/airflow/.local/lib/python3.12/site-packages/airflow/example_dags/example_external_task_marker_dag.py
[2026-05-19T13:55:05.114+0000] {processor.py:840} INFO - DAG(s) 'example_external_task_marker_parent', 'example_external_task_marker_child' retrieved from /home/airflow/.local/lib/python3.12/site-packages/airflow/example_dags/example_external_task_marker_dag.py
[2026-05-19T13:55:05.209+0000] {logging_mixin.py:188} INFO - [2026-05-19T13:55:05.207+0000] {dag.py:3096} INFO - Sync 2 DAGs
[2026-05-19T13:55:05.264+0000] {logging_mixin.py:188} INFO - [2026-05-19T13:55:05.263+0000] {dag.py:3954} INFO - Setting next_dagrun for example_external_task_marker_child to None, run_after=None
[2026-05-19T13:55:05.277+0000] {logging_mixin.py:188} INFO - [2026-05-19T13:55:05.276+0000] {dag.py:3954} INFO - Setting next_dagrun for example_external_task_marker_parent to None, run_after=None
[2026-05-19T13:55:05.351+0000] {processor.py:183} INFO - Processing /home/airflow/.local/lib/python3.12/site-packages/airflow/example_dags/example_external_task_marker_dag.py took 0.303 seconds
[2026-05-19T13:55:36.129+0000] {processor.py:161} INFO - Started process (PID=2949) to work on /home/airflow/.local/lib/python3.12/site-packages/airflow/example_dags/example_external_task_marker_dag.py
[2026-05-19T13:55:36.130+0000] {processor.py:830} INFO - Processing file /home/airflow/.local/lib/python3.12/site-packages/airflow/example_dags/example_external_task_marker_dag.py for tasks to queue
[2026-05-19T13:55:36.135+0000] {logging_mixin.py:188} INFO - [2026-05-19T13:55:36.134+0000] {dagbag.py:545} INFO - Filling up the DagBag from /home/airflow/.local/lib/python3.12/site-packages/airflow/example_dags/example_external_task_marker_dag.py
[2026-05-19T13:55:36.146+0000] {processor.py:840} INFO - DAG(s) 'example_external_task_marker_parent', 'example_external_task_marker_child' retrieved from /home/airflow/.local/lib/python3.12/site-packages/airflow/example_dags/example_external_task_marker_dag.py
[2026-05-19T13:55:36.189+0000] {logging_mixin.py:188} INFO - [2026-05-19T13:55:36.188+0000] {dag.py:3096} INFO - Sync 2 DAGs
[2026-05-19T13:55:36.211+0000] {logging_mixin.py:188} INFO - [2026-05-19T13:55:36.210+0000] {dag.py:3954} INFO - Setting next_dagrun for example_external_task_marker_child to None, run_after=None
[2026-05-19T13:55:36.221+0000] {logging_mixin.py:188} INFO - [2026-05-19T13:55:36.221+0000] {dag.py:3954} INFO - Setting next_dagrun for example_external_task_marker_parent to None, run_after=None
[2026-05-19T13:55:36.252+0000] {processor.py:183} INFO - Processing /home/airflow/.local/lib/python3.12/site-packages/airflow/example_dags/example_external_task_marker_dag.py took 0.130 seconds
[2026-05-19T13:56:06.597+0000] {processor.py:161} INFO - Started process (PID=3008) to work on /home/airflow/.local/lib/python3.12/site-packages/airflow/example_dags/example_external_task_marker_dag.py
[2026-05-19T13:56:06.598+0000] {processor.py:830} INFO - Processing file /home/airflow/.local/lib/python3.12/site-packages/airflow/example_dags/example_external_task_marker_dag.py for tasks to queue
[2026-05-19T13:56:06.603+0000] {logging_mixin.py:188} INFO - [2026-05-19T13:56:06.602+0000] {dagbag.py:545} INFO - Filling up the DagBag from /home/airflow/.local/lib/python3.12/site-packages/airflow/example_dags/example_external_task_marker_dag.py
[2026-05-19T13:56:06.615+0000] {processor.py:840} INFO - DAG(s) 'example_external_task_marker_parent', 'example_external_task_marker_child' retrieved from /home/airflow/.local/lib/python3.12/site-packages/airflow/example_dags/example_external_task_marker_dag.py
[2026-05-19T13:56:06.651+0000] {logging_mixin.py:188} INFO - [2026-05-19T13:56:06.651+0000] {dag.py:3096} INFO - Sync 2 DAGs
[2026-05-19T13:56:06.668+0000] {logging_mixin.py:188} INFO - [2026-05-19T13:56:06.668+0000] {dag.py:3954} INFO - Setting next_dagrun for example_external_task_marker_child to None, run_after=None
[2026-05-19T13:56:06.680+0000] {logging_mixin.py:188} INFO - [2026-05-19T13:56:06.680+0000] {dag.py:3954} INFO - Setting next_dagrun for example_external_task_marker_parent to None, run_after=None
[2026-05-19T13:56:06.716+0000] {processor.py:183} INFO - Processing /home/airflow/.local/lib/python3.12/site-packages/airflow/example_dags/example_external_task_marker_dag.py took 0.130 seconds
[2026-05-19T13:56:36.818+0000] {processor.py:161} INFO - Started process (PID=3066) to work on /home/airflow/.local/lib/python3.12/site-packages/airflow/example_dags/example_external_task_marker_dag.py
[2026-05-19T13:56:36.820+0000] {processor.py:830} INFO - Processing file /home/airflow/.local/lib/python3.12/site-packages/airflow/example_dags/example_external_task_marker_dag.py for tasks to queue
[2026-05-19T13:56:36.826+0000] {logging_mixin.py:188} INFO - [2026-05-19T13:56:36.825+0000] {dagbag.py:545} INFO - Filling up the DagBag from /home/airflow/.local/lib/python3.12/site-packages/airflow/example_dags/example_external_task_marker_dag.py
[2026-05-19T13:56:36.842+0000] {processor.py:840} INFO - DAG(s) 'example_external_task_marker_child', 'example_external_task_marker_parent' retrieved from /home/airflow/.local/lib/python3.12/site-packages/airflow/example_dags/example_external_task_marker_dag.py
[2026-05-19T13:56:36.886+0000] {logging_mixin.py:188} INFO - [2026-05-19T13:56:36.886+0000] {dag.py:3096} INFO - Sync 2 DAGs
[2026-05-19T13:56:36.913+0000] {logging_mixin.py:188} INFO - [2026-05-19T13:56:36.912+0000] {dag.py:3954} INFO - Setting next_dagrun for example_external_task_marker_child to None, run_after=None
[2026-05-19T13:56:36.923+0000] {logging_mixin.py:188} INFO - [2026-05-19T13:56:36.922+0000] {dag.py:3954} INFO - Setting next_dagrun for example_external_task_marker_parent to None, run_after=None
[2026-05-19T13:56:36.959+0000] {processor.py:183} INFO - Processing /home/airflow/.local/lib/python3.12/site-packages/airflow/example_dags/example_external_task_marker_dag.py took 0.156 seconds
[2026-05-19T13:57:07.309+0000] {processor.py:161} INFO - Started process (PID=3125) to work on /home/airflow/.local/lib/python3.12/site-packages/airflow/example_dags/example_external_task_marker_dag.py
[2026-05-19T13:57:07.311+0000] {processor.py:830} INFO - Processing file /home/airflow/.local/lib/python3.12/site-packages/airflow/example_dags/example_external_task_marker_dag.py for tasks to queue
[2026-05-19T13:57:07.314+0000] {logging_mixin.py:188} INFO - [2026-05-19T13:57:07.313+0000] {dagbag.py:545} INFO - Filling up the DagBag from /home/airflow/.local/lib/python3.12/site-packages/airflow/example_dags/example_external_task_marker_dag.py
[2026-05-19T13:57:07.322+0000] {processor.py:840} INFO - DAG(s) 'example_external_task_marker_child', 'example_external_task_marker_parent' retrieved from /home/airflow/.local/lib/python3.12/site-packages/airflow/example_dags/example_external_task_marker_dag.py
[2026-05-19T13:57:07.358+0000] {logging_mixin.py:188} INFO - [2026-05-19T13:57:07.358+0000] {dag.py:3096} INFO - Sync 2 DAGs
[2026-05-19T13:57:07.380+0000] {logging_mixin.py:188} INFO - [2026-05-19T13:57:07.380+0000] {dag.py:3954} INFO - Setting next_dagrun for example_external_task_marker_child to None, run_after=None
[2026-05-19T13:57:07.386+0000] {logging_mixin.py:188} INFO - [2026-05-19T13:57:07.386+0000] {dag.py:3954} INFO - Setting next_dagrun for example_external_task_marker_parent to None, run_after=None
[2026-05-19T13:57:07.422+0000] {processor.py:183} INFO - Processing /home/airflow/.local/lib/python3.12/site-packages/airflow/example_dags/example_external_task_marker_dag.py took 0.121 seconds
[2026-05-19T13:57:37.659+0000] {processor.py:161} INFO - Started process (PID=3184) to work on /home/airflow/.local/lib/python3.12/site-packages/airflow/example_dags/example_external_task_marker_dag.py
[2026-05-19T13:57:37.661+0000] {processor.py:830} INFO - Processing file /home/airflow/.local/lib/python3.12/site-packages/airflow/example_dags/example_external_task_marker_dag.py for tasks to queue
[2026-05-19T13:57:37.664+0000] {logging_mixin.py:188} INFO - [2026-05-19T13:57:37.663+0000] {dagbag.py:545} INFO - Filling up the DagBag from /home/airflow/.local/lib/python3.12/site-packages/airflow/example_dags/example_external_task_marker_dag.py
[2026-05-19T13:57:37.671+0000] {processor.py:840} INFO - DAG(s) 'example_external_task_marker_parent', 'example_external_task_marker_child' retrieved from /home/airflow/.local/lib/python3.12/site-packages/airflow/example_dags/example_external_task_marker_dag.py
[2026-05-19T13:57:37.703+0000] {logging_mixin.py:188} INFO - [2026-05-19T13:57:37.703+0000] {dag.py:3096} INFO - Sync 2 DAGs
[2026-05-19T13:57:37.725+0000] {logging_mixin.py:188} INFO - [2026-05-19T13:57:37.725+0000] {dag.py:3954} INFO - Setting next_dagrun for example_external_task_marker_child to None, run_after=None
[2026-05-19T13:57:37.730+0000] {logging_mixin.py:188} INFO - [2026-05-19T13:57:37.730+0000] {dag.py:3954} INFO - Setting next_dagrun for example_external_task_marker_parent to None, run_after=None
[2026-05-19T13:57:37.750+0000] {processor.py:183} INFO - Processing /home/airflow/.local/lib/python3.12/site-packages/airflow/example_dags/example_external_task_marker_dag.py took 0.097 seconds
[2026-05-19T13:58:07.884+0000] {processor.py:161} INFO - Started process (PID=3243) to work on /home/airflow/.local/lib/python3.12/site-packages/airflow/example_dags/example_external_task_marker_dag.py
[2026-05-19T13:58:07.886+0000] {processor.py:830} INFO - Processing file /home/airflow/.local/lib/python3.12/site-packages/airflow/example_dags/example_external_task_marker_dag.py for tasks to queue
[2026-05-19T13:58:07.888+0000] {logging_mixin.py:188} INFO - [2026-05-19T13:58:07.888+0000] {dagbag.py:545} INFO - Filling up the DagBag from /home/airflow/.local/lib/python3.12/site-packages/airflow/example_dags/example_external_task_marker_dag.py
[2026-05-19T13:58:07.896+0000] {processor.py:840} INFO - DAG(s) 'example_external_task_marker_parent', 'example_external_task_marker_child' retrieved from /home/airflow/.local/lib/python3.12/site-packages/airflow/example_dags/example_external_task_marker_dag.py
[2026-05-19T13:58:07.936+0000] {logging_mixin.py:188} INFO - [2026-05-19T13:58:07.936+0000] {dag.py:3096} INFO - Sync 2 DAGs
[2026-05-19T13:58:07.951+0000] {logging_mixin.py:188} INFO - [2026-05-19T13:58:07.951+0000] {dag.py:3954} INFO - Setting next_dagrun for example_external_task_marker_child to None, run_after=None
[2026-05-19T13:58:07.956+0000] {logging_mixin.py:188} INFO - [2026-05-19T13:58:07.956+0000] {dag.py:3954} INFO - Setting next_dagrun for example_external_task_marker_parent to None, run_after=None
[2026-05-19T13:58:07.977+0000] {processor.py:183} INFO - Processing /home/airflow/.local/lib/python3.12/site-packages/airflow/example_dags/example_external_task_marker_dag.py took 0.100 seconds
[2026-05-19T13:58:38.729+0000] {processor.py:161} INFO - Started process (PID=3302) to work on /home/airflow/.local/lib/python3.12/site-packages/airflow/example_dags/example_external_task_marker_dag.py
[2026-05-19T13:58:38.731+0000] {processor.py:830} INFO - Processing file /home/airflow/.local/lib/python3.12/site-packages/airflow/example_dags/example_external_task_marker_dag.py for tasks to queue
[2026-05-19T13:58:38.734+0000] {logging_mixin.py:188} INFO - [2026-05-19T13:58:38.733+0000] {dagbag.py:545} INFO - Filling up the DagBag from /home/airflow/.local/lib/python3.12/site-packages/airflow/example_dags/example_external_task_marker_dag.py
[2026-05-19T13:58:38.743+0000] {processor.py:840} INFO - DAG(s) 'example_external_task_marker_parent', 'example_external_task_marker_child' retrieved from /home/airflow/.local/lib/python3.12/site-packages/airflow/example_dags/example_external_task_marker_dag.py
[2026-05-19T13:58:38.774+0000] {logging_mixin.py:188} INFO - [2026-05-19T13:58:38.773+0000] {dag.py:3096} INFO - Sync 2 DAGs
[2026-05-19T13:58:38.791+0000] {logging_mixin.py:188} INFO - [2026-05-19T13:58:38.791+0000] {dag.py:3954} INFO - Setting next_dagrun for example_external_task_marker_child to None, run_after=None
[2026-05-19T13:58:38.797+0000] {logging_mixin.py:188} INFO - [2026-05-19T13:58:38.797+0000] {dag.py:3954} INFO - Setting next_dagrun for example_external_task_marker_parent to None, run_after=None
[2026-05-19T13:58:38.820+0000] {processor.py:183} INFO - Processing /home/airflow/.local/lib/python3.12/site-packages/airflow/example_dags/example_external_task_marker_dag.py took 0.098 seconds
[2026-05-19T13:59:09.076+0000] {processor.py:161} INFO - Started process (PID=3361) to work on /home/airflow/.local/lib/python3.12/site-packages/airflow/example_dags/example_external_task_marker_dag.py
[2026-05-19T13:59:09.077+0000] {processor.py:830} INFO - Processing file /home/airflow/.local/lib/python3.12/site-packages/airflow/example_dags/example_external_task_marker_dag.py for tasks to queue
[2026-05-19T13:59:09.080+0000] {logging_mixin.py:188} INFO - [2026-05-19T13:59:09.079+0000] {dagbag.py:545} INFO - Filling up the DagBag from /home/airflow/.local/lib/python3.12/site-packages/airflow/example_dags/example_external_task_marker_dag.py
[2026-05-19T13:59:09.089+0000] {processor.py:840} INFO - DAG(s) 'example_external_task_marker_parent', 'example_external_task_marker_child' retrieved from /home/airflow/.local/lib/python3.12/site-packages/airflow/example_dags/example_external_task_marker_dag.py
[2026-05-19T13:59:09.123+0000] {logging_mixin.py:188} INFO - [2026-05-19T13:59:09.123+0000] {dag.py:3096} INFO - Sync 2 DAGs
[2026-05-19T13:59:09.142+0000] {logging_mixin.py:188} INFO - [2026-05-19T13:59:09.142+0000] {dag.py:3954} INFO - Setting next_dagrun for example_external_task_marker_child to None, run_after=None
[2026-05-19T13:59:09.149+0000] {logging_mixin.py:188} INFO - [2026-05-19T13:59:09.149+0000] {dag.py:3954} INFO - Setting next_dagrun for example_external_task_marker_parent to None, run_after=None
[2026-05-19T13:59:09.176+0000] {processor.py:183} INFO - Processing /home/airflow/.local/lib/python3.12/site-packages/airflow/example_dags/example_external_task_marker_dag.py took 0.107 seconds
[2026-05-19T13:59:39.515+0000] {processor.py:161} INFO - Started process (PID=3420) to work on /home/airflow/.local/lib/python3.12/site-packages/airflow/example_dags/example_external_task_marker_dag.py
[2026-05-19T13:59:39.517+0000] {processor.py:830} INFO - Processing file /home/airflow/.local/lib/python3.12/site-packages/airflow/example_dags/example_external_task_marker_dag.py for tasks to queue
[2026-05-19T13:59:39.524+0000] {logging_mixin.py:188} INFO - [2026-05-19T13:59:39.523+0000] {dagbag.py:545} INFO - Filling up the DagBag from /home/airflow/.local/lib/python3.12/site-packages/airflow/example_dags/example_external_task_marker_dag.py
[2026-05-19T13:59:39.541+0000] {processor.py:840} INFO - DAG(s) 'example_external_task_marker_child', 'example_external_task_marker_parent' retrieved from /home/airflow/.local/lib/python3.12/site-packages/airflow/example_dags/example_external_task_marker_dag.py
[2026-05-19T13:59:39.634+0000] {logging_mixin.py:188} INFO - [2026-05-19T13:59:39.633+0000] {dag.py:3096} INFO - Sync 2 DAGs
[2026-05-19T13:59:39.708+0000] {logging_mixin.py:188} INFO - [2026-05-19T13:59:39.706+0000] {dag.py:3954} INFO - Setting next_dagrun for example_external_task_marker_child to None, run_after=None
[2026-05-19T13:59:39.725+0000] {logging_mixin.py:188} INFO - [2026-05-19T13:59:39.724+0000] {dag.py:3954} INFO - Setting next_dagrun for example_external_task_marker_parent to None, run_after=None
[2026-05-19T13:59:39.810+0000] {processor.py:183} INFO - Processing /home/airflow/.local/lib/python3.12/site-packages/airflow/example_dags/example_external_task_marker_dag.py took 0.311 seconds
[2026-05-19T14:00:10.178+0000] {processor.py:161} INFO - Started process (PID=3480) to work on /home/airflow/.local/lib/python3.12/site-packages/airflow/example_dags/example_external_task_marker_dag.py
[2026-05-19T14:00:10.180+0000] {processor.py:830} INFO - Processing file /home/airflow/.local/lib/python3.12/site-packages/airflow/example_dags/example_external_task_marker_dag.py for tasks to queue
[2026-05-19T14:00:10.184+0000] {logging_mixin.py:188} INFO - [2026-05-19T14:00:10.183+0000] {dagbag.py:545} INFO - Filling up the DagBag from /home/airflow/.local/lib/python3.12/site-packages/airflow/example_dags/example_external_task_marker_dag.py
[2026-05-19T14:00:10.197+0000] {processor.py:840} INFO - DAG(s) 'example_external_task_marker_child', 'example_external_task_marker_parent' retrieved from /home/airflow/.local/lib/python3.12/site-packages/airflow/example_dags/example_external_task_marker_dag.py
[2026-05-19T14:00:10.233+0000] {logging_mixin.py:188} INFO - [2026-05-19T14:00:10.232+0000] {dag.py:3096} INFO - Sync 2 DAGs
[2026-05-19T14:00:10.252+0000] {logging_mixin.py:188} INFO - [2026-05-19T14:00:10.251+0000] {dag.py:3954} INFO - Setting next_dagrun for example_external_task_marker_child to None, run_after=None
[2026-05-19T14:00:10.258+0000] {logging_mixin.py:188} INFO - [2026-05-19T14:00:10.258+0000] {dag.py:3954} INFO - Setting next_dagrun for example_external_task_marker_parent to None, run_after=None
[2026-05-19T14:00:10.285+0000] {processor.py:183} INFO - Processing /home/airflow/.local/lib/python3.12/site-packages/airflow/example_dags/example_external_task_marker_dag.py took 0.117 seconds
[2026-05-19T14:00:40.630+0000] {processor.py:161} INFO - Started process (PID=3539) to work on /home/airflow/.local/lib/python3.12/site-packages/airflow/example_dags/example_external_task_marker_dag.py
[2026-05-19T14:00:40.632+0000] {processor.py:830} INFO - Processing file /home/airflow/.local/lib/python3.12/site-packages/airflow/example_dags/example_external_task_marker_dag.py for tasks to queue
[2026-05-19T14:00:40.636+0000] {logging_mixin.py:188} INFO - [2026-05-19T14:00:40.635+0000] {dagbag.py:545} INFO - Filling up the DagBag from /home/airflow/.local/lib/python3.12/site-packages/airflow/example_dags/example_external_task_marker_dag.py
[2026-05-19T14:00:40.651+0000] {processor.py:840} INFO - DAG(s) 'example_external_task_marker_child', 'example_external_task_marker_parent' retrieved from /home/airflow/.local/lib/python3.12/site-packages/airflow/example_dags/example_external_task_marker_dag.py
[2026-05-19T14:00:40.700+0000] {logging_mixin.py:188} INFO - [2026-05-19T14:00:40.700+0000] {dag.py:3096} INFO - Sync 2 DAGs
[2026-05-19T14:00:40.725+0000] {logging_mixin.py:188} INFO - [2026-05-19T14:00:40.724+0000] {dag.py:3954} INFO - Setting next_dagrun for example_external_task_marker_child to None, run_after=None
[2026-05-19T14:00:40.731+0000] {logging_mixin.py:188} INFO - [2026-05-19T14:00:40.731+0000] {dag.py:3954} INFO - Setting next_dagrun for example_external_task_marker_parent to None, run_after=None
[2026-05-19T14:00:40.769+0000] {processor.py:183} INFO - Processing /home/airflow/.local/lib/python3.12/site-packages/airflow/example_dags/example_external_task_marker_dag.py took 0.149 seconds
[2026-05-19T14:01:11.268+0000] {processor.py:161} INFO - Started process (PID=3599) to work on /home/airflow/.local/lib/python3.12/site-packages/airflow/example_dags/example_external_task_marker_dag.py
[2026-05-19T14:01:11.271+0000] {processor.py:830} INFO - Processing file /home/airflow/.local/lib/python3.12/site-packages/airflow/example_dags/example_external_task_marker_dag.py for tasks to queue
[2026-05-19T14:01:11.281+0000] {logging_mixin.py:188} INFO - [2026-05-19T14:01:11.280+0000] {dagbag.py:545} INFO - Filling up the DagBag from /home/airflow/.local/lib/python3.12/site-packages/airflow/example_dags/example_external_task_marker_dag.py
[2026-05-19T14:01:11.302+0000] {processor.py:840} INFO - DAG(s) 'example_external_task_marker_child', 'example_external_task_marker_parent' retrieved from /home/airflow/.local/lib/python3.12/site-packages/airflow/example_dags/example_external_task_marker_dag.py
[2026-05-19T14:01:11.412+0000] {logging_mixin.py:188} INFO - [2026-05-19T14:01:11.408+0000] {dag.py:3096} INFO - Sync 2 DAGs
[2026-05-19T14:01:11.493+0000] {logging_mixin.py:188} INFO - [2026-05-19T14:01:11.492+0000] {dag.py:3954} INFO - Setting next_dagrun for example_external_task_marker_child to None, run_after=None
[2026-05-19T14:01:11.525+0000] {logging_mixin.py:188} INFO - [2026-05-19T14:01:11.524+0000] {dag.py:3954} INFO - Setting next_dagrun for example_external_task_marker_parent to None, run_after=None
[2026-05-19T14:01:11.613+0000] {processor.py:183} INFO - Processing /home/airflow/.local/lib/python3.12/site-packages/airflow/example_dags/example_external_task_marker_dag.py took 0.369 seconds
[2026-05-19T14:01:42.938+0000] {processor.py:161} INFO - Started process (PID=3658) to work on /home/airflow/.local/lib/python3.12/site-packages/airflow/example_dags/example_external_task_marker_dag.py
[2026-05-19T14:01:42.941+0000] {processor.py:830} INFO - Processing file /home/airflow/.local/lib/python3.12/site-packages/airflow/example_dags/example_external_task_marker_dag.py for tasks to queue
[2026-05-19T14:01:42.949+0000] {logging_mixin.py:188} INFO - [2026-05-19T14:01:42.948+0000] {dagbag.py:545} INFO - Filling up the DagBag from /home/airflow/.local/lib/python3.12/site-packages/airflow/example_dags/example_external_task_marker_dag.py
[2026-05-19T14:01:42.980+0000] {processor.py:840} INFO - DAG(s) 'example_external_task_marker_parent', 'example_external_task_marker_child' retrieved from /home/airflow/.local/lib/python3.12/site-packages/airflow/example_dags/example_external_task_marker_dag.py
[2026-05-19T14:01:43.069+0000] {logging_mixin.py:188} INFO - [2026-05-19T14:01:43.069+0000] {dag.py:3096} INFO - Sync 2 DAGs
[2026-05-19T14:01:43.120+0000] {logging_mixin.py:188} INFO - [2026-05-19T14:01:43.119+0000] {dag.py:3954} INFO - Setting next_dagrun for example_external_task_marker_child to None, run_after=None
[2026-05-19T14:01:43.133+0000] {logging_mixin.py:188} INFO - [2026-05-19T14:01:43.133+0000] {dag.py:3954} INFO - Setting next_dagrun for example_external_task_marker_parent to None, run_after=None
[2026-05-19T14:01:43.186+0000] {processor.py:183} INFO - Processing /home/airflow/.local/lib/python3.12/site-packages/airflow/example_dags/example_external_task_marker_dag.py took 0.270 seconds
[2026-05-19T14:02:13.925+0000] {processor.py:161} INFO - Started process (PID=3717) to work on /home/airflow/.local/lib/python3.12/site-packages/airflow/example_dags/example_external_task_marker_dag.py
[2026-05-19T14:02:13.936+0000] {processor.py:830} INFO - Processing file /home/airflow/.local/lib/python3.12/site-packages/airflow/example_dags/example_external_task_marker_dag.py for tasks to queue
[2026-05-19T14:02:13.983+0000] {logging_mixin.py:188} INFO - [2026-05-19T14:02:13.975+0000] {dagbag.py:545} INFO - Filling up the DagBag from /home/airflow/.local/lib/python3.12/site-packages/airflow/example_dags/example_external_task_marker_dag.py
[2026-05-19T14:02:14.090+0000] {processor.py:840} INFO - DAG(s) 'example_external_task_marker_child', 'example_external_task_marker_parent' retrieved from /home/airflow/.local/lib/python3.12/site-packages/airflow/example_dags/example_external_task_marker_dag.py
[2026-05-19T14:02:14.642+0000] {logging_mixin.py:188} INFO - [2026-05-19T14:02:14.641+0000] {dag.py:3096} INFO - Sync 2 DAGs
[2026-05-19T14:02:14.991+0000] {logging_mixin.py:188} INFO - [2026-05-19T14:02:14.990+0000] {dag.py:3954} INFO - Setting next_dagrun for example_external_task_marker_child to None, run_after=None
[2026-05-19T14:02:15.029+0000] {logging_mixin.py:188} INFO - [2026-05-19T14:02:15.028+0000] {dag.py:3954} INFO - Setting next_dagrun for example_external_task_marker_parent to None, run_after=None
[2026-05-19T14:02:15.200+0000] {processor.py:183} INFO - Processing /home/airflow/.local/lib/python3.12/site-packages/airflow/example_dags/example_external_task_marker_dag.py took 1.313 seconds
[2026-05-19T14:02:45.417+0000] {processor.py:161} INFO - Started process (PID=3774) to work on /home/airflow/.local/lib/python3.12/site-packages/airflow/example_dags/example_external_task_marker_dag.py
[2026-05-19T14:02:45.418+0000] {processor.py:830} INFO - Processing file /home/airflow/.local/lib/python3.12/site-packages/airflow/example_dags/example_external_task_marker_dag.py for tasks to queue
[2026-05-19T14:02:45.420+0000] {logging_mixin.py:188} INFO - [2026-05-19T14:02:45.420+0000] {dagbag.py:545} INFO - Filling up the DagBag from /home/airflow/.local/lib/python3.12/site-packages/airflow/example_dags/example_external_task_marker_dag.py
[2026-05-19T14:02:45.429+0000] {processor.py:840} INFO - DAG(s) 'example_external_task_marker_child', 'example_external_task_marker_parent' retrieved from /home/airflow/.local/lib/python3.12/site-packages/airflow/example_dags/example_external_task_marker_dag.py
[2026-05-19T14:02:45.460+0000] {logging_mixin.py:188} INFO - [2026-05-19T14:02:45.460+0000] {dag.py:3096} INFO - Sync 2 DAGs
[2026-05-19T14:02:45.472+0000] {logging_mixin.py:188} INFO - [2026-05-19T14:02:45.471+0000] {dag.py:3954} INFO - Setting next_dagrun for example_external_task_marker_child to None, run_after=None
[2026-05-19T14:02:45.476+0000] {logging_mixin.py:188} INFO - [2026-05-19T14:02:45.476+0000] {dag.py:3954} INFO - Setting next_dagrun for example_external_task_marker_parent to None, run_after=None
[2026-05-19T14:02:45.498+0000] {processor.py:183} INFO - Processing /home/airflow/.local/lib/python3.12/site-packages/airflow/example_dags/example_external_task_marker_dag.py took 0.086 seconds
[2026-05-19T14:03:15.590+0000] {processor.py:161} INFO - Started process (PID=3833) to work on /home/airflow/.local/lib/python3.12/site-packages/airflow/example_dags/example_external_task_marker_dag.py
[2026-05-19T14:03:15.592+0000] {processor.py:830} INFO - Processing file /home/airflow/.local/lib/python3.12/site-packages/airflow/example_dags/example_external_task_marker_dag.py for tasks to queue
[2026-05-19T14:03:15.595+0000] {logging_mixin.py:188} INFO - [2026-05-19T14:03:15.595+0000] {dagbag.py:545} INFO - Filling up the DagBag from /home/airflow/.local/lib/python3.12/site-packages/airflow/example_dags/example_external_task_marker_dag.py
[2026-05-19T14:03:15.601+0000] {processor.py:840} INFO - DAG(s) 'example_external_task_marker_parent', 'example_external_task_marker_child' retrieved from /home/airflow/.local/lib/python3.12/site-packages/airflow/example_dags/example_external_task_marker_dag.py
[2026-05-19T14:03:15.625+0000] {logging_mixin.py:188} INFO - [2026-05-19T14:03:15.625+0000] {dag.py:3096} INFO - Sync 2 DAGs
[2026-05-19T14:03:15.639+0000] {logging_mixin.py:188} INFO - [2026-05-19T14:03:15.639+0000] {dag.py:3954} INFO - Setting next_dagrun for example_external_task_marker_child to None, run_after=None
[2026-05-19T14:03:15.647+0000] {logging_mixin.py:188} INFO - [2026-05-19T14:03:15.647+0000] {dag.py:3954} INFO - Setting next_dagrun for example_external_task_marker_parent to None, run_after=None
[2026-05-19T14:03:15.670+0000] {processor.py:183} INFO - Processing /home/airflow/.local/lib/python3.12/site-packages/airflow/example_dags/example_external_task_marker_dag.py took 0.091 seconds
[2026-05-19T14:03:46.354+0000] {processor.py:161} INFO - Started process (PID=3892) to work on /home/airflow/.local/lib/python3.12/site-packages/airflow/example_dags/example_external_task_marker_dag.py
[2026-05-19T14:03:46.356+0000] {processor.py:830} INFO - Processing file /home/airflow/.local/lib/python3.12/site-packages/airflow/example_dags/example_external_task_marker_dag.py for tasks to queue
[2026-05-19T14:03:46.360+0000] {logging_mixin.py:188} INFO - [2026-05-19T14:03:46.359+0000] {dagbag.py:545} INFO - Filling up the DagBag from /home/airflow/.local/lib/python3.12/site-packages/airflow/example_dags/example_external_task_marker_dag.py
[2026-05-19T14:03:46.366+0000] {processor.py:840} INFO - DAG(s) 'example_external_task_marker_parent', 'example_external_task_marker_child' retrieved from /home/airflow/.local/lib/python3.12/site-packages/airflow/example_dags/example_external_task_marker_dag.py
[2026-05-19T14:03:46.401+0000] {logging_mixin.py:188} INFO - [2026-05-19T14:03:46.400+0000] {dag.py:3096} INFO - Sync 2 DAGs
[2026-05-19T14:03:46.417+0000] {logging_mixin.py:188} INFO - [2026-05-19T14:03:46.417+0000] {dag.py:3954} INFO - Setting next_dagrun for example_external_task_marker_child to None, run_after=None
[2026-05-19T14:03:46.423+0000] {logging_mixin.py:188} INFO - [2026-05-19T14:03:46.423+0000] {dag.py:3954} INFO - Setting next_dagrun for example_external_task_marker_parent to None, run_after=None
[2026-05-19T14:03:46.444+0000] {processor.py:183} INFO - Processing /home/airflow/.local/lib/python3.12/site-packages/airflow/example_dags/example_external_task_marker_dag.py took 0.096 seconds
[2026-05-19T14:04:16.828+0000] {processor.py:161} INFO - Started process (PID=3951) to work on /home/airflow/.local/lib/python3.12/site-packages/airflow/example_dags/example_external_task_marker_dag.py
[2026-05-19T14:04:16.829+0000] {processor.py:830} INFO - Processing file /home/airflow/.local/lib/python3.12/site-packages/airflow/example_dags/example_external_task_marker_dag.py for tasks to queue
[2026-05-19T14:04:16.831+0000] {logging_mixin.py:188} INFO - [2026-05-19T14:04:16.831+0000] {dagbag.py:545} INFO - Filling up the DagBag from /home/airflow/.local/lib/python3.12/site-packages/airflow/example_dags/example_external_task_marker_dag.py
[2026-05-19T14:04:16.837+0000] {processor.py:840} INFO - DAG(s) 'example_external_task_marker_child', 'example_external_task_marker_parent' retrieved from /home/airflow/.local/lib/python3.12/site-packages/airflow/example_dags/example_external_task_marker_dag.py
[2026-05-19T14:04:16.866+0000] {logging_mixin.py:188} INFO - [2026-05-19T14:04:16.866+0000] {dag.py:3096} INFO - Sync 2 DAGs
[2026-05-19T14:04:16.886+0000] {logging_mixin.py:188} INFO - [2026-05-19T14:04:16.886+0000] {dag.py:3954} INFO - Setting next_dagrun for example_external_task_marker_child to None, run_after=None
[2026-05-19T14:04:16.891+0000] {logging_mixin.py:188} INFO - [2026-05-19T14:04:16.891+0000] {dag.py:3954} INFO - Setting next_dagrun for example_external_task_marker_parent to None, run_after=None
[2026-05-19T14:04:16.910+0000] {processor.py:183} INFO - Processing /home/airflow/.local/lib/python3.12/site-packages/airflow/example_dags/example_external_task_marker_dag.py took 0.089 seconds
[2026-05-19T14:04:47.335+0000] {processor.py:161} INFO - Started process (PID=4010) to work on /home/airflow/.local/lib/python3.12/site-packages/airflow/example_dags/example_external_task_marker_dag.py
[2026-05-19T14:04:47.336+0000] {processor.py:830} INFO - Processing file /home/airflow/.local/lib/python3.12/site-packages/airflow/example_dags/example_external_task_marker_dag.py for tasks to queue
[2026-05-19T14:04:47.338+0000] {logging_mixin.py:188} INFO - [2026-05-19T14:04:47.338+0000] {dagbag.py:545} INFO - Filling up the DagBag from /home/airflow/.local/lib/python3.12/site-packages/airflow/example_dags/example_external_task_marker_dag.py
[2026-05-19T14:04:47.349+0000] {processor.py:840} INFO - DAG(s) 'example_external_task_marker_parent', 'example_external_task_marker_child' retrieved from /home/airflow/.local/lib/python3.12/site-packages/airflow/example_dags/example_external_task_marker_dag.py
[2026-05-19T14:04:47.391+0000] {logging_mixin.py:188} INFO - [2026-05-19T14:04:47.390+0000] {dag.py:3096} INFO - Sync 2 DAGs
[2026-05-19T14:04:47.402+0000] {logging_mixin.py:188} INFO - [2026-05-19T14:04:47.402+0000] {dag.py:3954} INFO - Setting next_dagrun for example_external_task_marker_child to None, run_after=None
[2026-05-19T14:04:47.407+0000] {logging_mixin.py:188} INFO - [2026-05-19T14:04:47.407+0000] {dag.py:3954} INFO - Setting next_dagrun for example_external_task_marker_parent to None, run_after=None
[2026-05-19T14:04:47.430+0000] {processor.py:183} INFO - Processing /home/airflow/.local/lib/python3.12/site-packages/airflow/example_dags/example_external_task_marker_dag.py took 0.100 seconds
[2026-05-19T14:05:17.792+0000] {processor.py:161} INFO - Started process (PID=4069) to work on /home/airflow/.local/lib/python3.12/site-packages/airflow/example_dags/example_external_task_marker_dag.py
[2026-05-19T14:05:17.793+0000] {processor.py:830} INFO - Processing file /home/airflow/.local/lib/python3.12/site-packages/airflow/example_dags/example_external_task_marker_dag.py for tasks to queue
[2026-05-19T14:05:17.795+0000] {logging_mixin.py:188} INFO - [2026-05-19T14:05:17.795+0000] {dagbag.py:545} INFO - Filling up the DagBag from /home/airflow/.local/lib/python3.12/site-packages/airflow/example_dags/example_external_task_marker_dag.py
[2026-05-19T14:05:17.801+0000] {processor.py:840} INFO - DAG(s) 'example_external_task_marker_parent', 'example_external_task_marker_child' retrieved from /home/airflow/.local/lib/python3.12/site-packages/airflow/example_dags/example_external_task_marker_dag.py
[2026-05-19T14:05:17.827+0000] {logging_mixin.py:188} INFO - [2026-05-19T14:05:17.827+0000] {dag.py:3096} INFO - Sync 2 DAGs
[2026-05-19T14:05:17.843+0000] {logging_mixin.py:188} INFO - [2026-05-19T14:05:17.843+0000] {dag.py:3954} INFO - Setting next_dagrun for example_external_task_marker_child to None, run_after=None
[2026-05-19T14:05:17.849+0000] {logging_mixin.py:188} INFO - [2026-05-19T14:05:17.848+0000] {dag.py:3954} INFO - Setting next_dagrun for example_external_task_marker_parent to None, run_after=None
[2026-05-19T14:05:17.869+0000] {processor.py:183} INFO - Processing /home/airflow/.local/lib/python3.12/site-packages/airflow/example_dags/example_external_task_marker_dag.py took 0.083 seconds
[2026-05-19T14:05:47.928+0000] {processor.py:161} INFO - Started process (PID=4128) to work on /home/airflow/.local/lib/python3.12/site-packages/airflow/example_dags/example_external_task_marker_dag.py
[2026-05-19T14:05:47.930+0000] {processor.py:830} INFO - Processing file /home/airflow/.local/lib/python3.12/site-packages/airflow/example_dags/example_external_task_marker_dag.py for tasks to queue
[2026-05-19T14:05:47.933+0000] {logging_mixin.py:188} INFO - [2026-05-19T14:05:47.933+0000] {dagbag.py:545} INFO - Filling up the DagBag from /home/airflow/.local/lib/python3.12/site-packages/airflow/example_dags/example_external_task_marker_dag.py
[2026-05-19T14:05:47.942+0000] {processor.py:840} INFO - DAG(s) 'example_external_task_marker_child', 'example_external_task_marker_parent' retrieved from /home/airflow/.local/lib/python3.12/site-packages/airflow/example_dags/example_external_task_marker_dag.py
[2026-05-19T14:05:47.966+0000] {logging_mixin.py:188} INFO - [2026-05-19T14:05:47.966+0000] {dag.py:3096} INFO - Sync 2 DAGs
[2026-05-19T14:05:47.982+0000] {logging_mixin.py:188} INFO - [2026-05-19T14:05:47.982+0000] {dag.py:3954} INFO - Setting next_dagrun for example_external_task_marker_child to None, run_after=None
[2026-05-19T14:05:47.986+0000] {logging_mixin.py:188} INFO - [2026-05-19T14:05:47.986+0000] {dag.py:3954} INFO - Setting next_dagrun for example_external_task_marker_parent to None, run_after=None
[2026-05-19T14:05:48.009+0000] {processor.py:183} INFO - Processing /home/airflow/.local/lib/python3.12/site-packages/airflow/example_dags/example_external_task_marker_dag.py took 0.088 seconds
[2026-05-19T14:06:18.300+0000] {processor.py:161} INFO - Started process (PID=4188) to work on /home/airflow/.local/lib/python3.12/site-packages/airflow/example_dags/example_external_task_marker_dag.py
[2026-05-19T14:06:18.303+0000] {processor.py:830} INFO - Processing file /home/airflow/.local/lib/python3.12/site-packages/airflow/example_dags/example_external_task_marker_dag.py for tasks to queue
[2026-05-19T14:06:18.315+0000] {logging_mixin.py:188} INFO - [2026-05-19T14:06:18.313+0000] {dagbag.py:545} INFO - Filling up the DagBag from /home/airflow/.local/lib/python3.12/site-packages/airflow/example_dags/example_external_task_marker_dag.py
[2026-05-19T14:06:18.329+0000] {processor.py:840} INFO - DAG(s) 'example_external_task_marker_child', 'example_external_task_marker_parent' retrieved from /home/airflow/.local/lib/python3.12/site-packages/airflow/example_dags/example_external_task_marker_dag.py
[2026-05-19T14:06:18.387+0000] {logging_mixin.py:188} INFO - [2026-05-19T14:06:18.387+0000] {dag.py:3096} INFO - Sync 2 DAGs
[2026-05-19T14:06:18.421+0000] {logging_mixin.py:188} INFO - [2026-05-19T14:06:18.420+0000] {dag.py:3954} INFO - Setting next_dagrun for example_external_task_marker_child to None, run_after=None
[2026-05-19T14:06:18.432+0000] {logging_mixin.py:188} INFO - [2026-05-19T14:06:18.431+0000] {dag.py:3954} INFO - Setting next_dagrun for example_external_task_marker_parent to None, run_after=None
[2026-05-19T14:06:18.475+0000] {processor.py:183} INFO - Processing /home/airflow/.local/lib/python3.12/site-packages/airflow/example_dags/example_external_task_marker_dag.py took 0.186 seconds
[2026-05-19T14:06:49.073+0000] {processor.py:161} INFO - Started process (PID=4247) to work on /home/airflow/.local/lib/python3.12/site-packages/airflow/example_dags/example_external_task_marker_dag.py
[2026-05-19T14:06:49.074+0000] {processor.py:830} INFO - Processing file /home/airflow/.local/lib/python3.12/site-packages/airflow/example_dags/example_external_task_marker_dag.py for tasks to queue
[2026-05-19T14:06:49.078+0000] {logging_mixin.py:188} INFO - [2026-05-19T14:06:49.077+0000] {dagbag.py:545} INFO - Filling up the DagBag from /home/airflow/.local/lib/python3.12/site-packages/airflow/example_dags/example_external_task_marker_dag.py
[2026-05-19T14:06:49.086+0000] {processor.py:840} INFO - DAG(s) 'example_external_task_marker_parent', 'example_external_task_marker_child' retrieved from /home/airflow/.local/lib/python3.12/site-packages/airflow/example_dags/example_external_task_marker_dag.py
[2026-05-19T14:06:49.121+0000] {logging_mixin.py:188} INFO - [2026-05-19T14:06:49.121+0000] {dag.py:3096} INFO - Sync 2 DAGs
[2026-05-19T14:06:49.141+0000] {logging_mixin.py:188} INFO - [2026-05-19T14:06:49.140+0000] {dag.py:3954} INFO - Setting next_dagrun for example_external_task_marker_child to None, run_after=None
[2026-05-19T14:06:49.149+0000] {logging_mixin.py:188} INFO - [2026-05-19T14:06:49.148+0000] {dag.py:3954} INFO - Setting next_dagrun for example_external_task_marker_parent to None, run_after=None
[2026-05-19T14:06:49.175+0000] {processor.py:183} INFO - Processing /home/airflow/.local/lib/python3.12/site-packages/airflow/example_dags/example_external_task_marker_dag.py took 0.113 seconds
[2026-05-19T14:07:19.478+0000] {processor.py:161} INFO - Started process (PID=4306) to work on /home/airflow/.local/lib/python3.12/site-packages/airflow/example_dags/example_external_task_marker_dag.py
[2026-05-19T14:07:19.480+0000] {processor.py:830} INFO - Processing file /home/airflow/.local/lib/python3.12/site-packages/airflow/example_dags/example_external_task_marker_dag.py for tasks to queue
[2026-05-19T14:07:19.487+0000] {logging_mixin.py:188} INFO - [2026-05-19T14:07:19.486+0000] {dagbag.py:545} INFO - Filling up the DagBag from /home/airflow/.local/lib/python3.12/site-packages/airflow/example_dags/example_external_task_marker_dag.py
[2026-05-19T14:07:19.501+0000] {processor.py:840} INFO - DAG(s) 'example_external_task_marker_child', 'example_external_task_marker_parent' retrieved from /home/airflow/.local/lib/python3.12/site-packages/airflow/example_dags/example_external_task_marker_dag.py
[2026-05-19T14:07:19.557+0000] {logging_mixin.py:188} INFO - [2026-05-19T14:07:19.557+0000] {dag.py:3096} INFO - Sync 2 DAGs
[2026-05-19T14:07:19.587+0000] {logging_mixin.py:188} INFO - [2026-05-19T14:07:19.586+0000] {dag.py:3954} INFO - Setting next_dagrun for example_external_task_marker_child to None, run_after=None
[2026-05-19T14:07:19.596+0000] {logging_mixin.py:188} INFO - [2026-05-19T14:07:19.595+0000] {dag.py:3954} INFO - Setting next_dagrun for example_external_task_marker_parent to None, run_after=None
[2026-05-19T14:07:19.635+0000] {processor.py:183} INFO - Processing /home/airflow/.local/lib/python3.12/site-packages/airflow/example_dags/example_external_task_marker_dag.py took 0.168 seconds
[2026-05-19T14:07:50.134+0000] {processor.py:161} INFO - Started process (PID=4366) to work on /home/airflow/.local/lib/python3.12/site-packages/airflow/example_dags/example_external_task_marker_dag.py
[2026-05-19T14:07:50.135+0000] {processor.py:830} INFO - Processing file /home/airflow/.local/lib/python3.12/site-packages/airflow/example_dags/example_external_task_marker_dag.py for tasks to queue
[2026-05-19T14:07:50.138+0000] {logging_mixin.py:188} INFO - [2026-05-19T14:07:50.138+0000] {dagbag.py:545} INFO - Filling up the DagBag from /home/airflow/.local/lib/python3.12/site-packages/airflow/example_dags/example_external_task_marker_dag.py
[2026-05-19T14:07:50.153+0000] {processor.py:840} INFO - DAG(s) 'example_external_task_marker_parent', 'example_external_task_marker_child' retrieved from /home/airflow/.local/lib/python3.12/site-packages/airflow/example_dags/example_external_task_marker_dag.py
[2026-05-19T14:07:50.197+0000] {logging_mixin.py:188} INFO - [2026-05-19T14:07:50.197+0000] {dag.py:3096} INFO - Sync 2 DAGs
[2026-05-19T14:07:50.221+0000] {logging_mixin.py:188} INFO - [2026-05-19T14:07:50.221+0000] {dag.py:3954} INFO - Setting next_dagrun for example_external_task_marker_child to None, run_after=None
[2026-05-19T14:07:50.228+0000] {logging_mixin.py:188} INFO - [2026-05-19T14:07:50.227+0000] {dag.py:3954} INFO - Setting next_dagrun for example_external_task_marker_parent to None, run_after=None
[2026-05-19T14:07:50.257+0000] {processor.py:183} INFO - Processing /home/airflow/.local/lib/python3.12/site-packages/airflow/example_dags/example_external_task_marker_dag.py took 0.132 seconds
[2026-05-19T14:08:20.766+0000] {processor.py:161} INFO - Started process (PID=4430) to work on /home/airflow/.local/lib/python3.12/site-packages/airflow/example_dags/example_external_task_marker_dag.py
[2026-05-19T14:08:20.768+0000] {processor.py:830} INFO - Processing file /home/airflow/.local/lib/python3.12/site-packages/airflow/example_dags/example_external_task_marker_dag.py for tasks to queue
[2026-05-19T14:08:20.773+0000] {logging_mixin.py:188} INFO - [2026-05-19T14:08:20.772+0000] {dagbag.py:545} INFO - Filling up the DagBag from /home/airflow/.local/lib/python3.12/site-packages/airflow/example_dags/example_external_task_marker_dag.py
[2026-05-19T14:08:20.783+0000] {processor.py:840} INFO - DAG(s) 'example_external_task_marker_child', 'example_external_task_marker_parent' retrieved from /home/airflow/.local/lib/python3.12/site-packages/airflow/example_dags/example_external_task_marker_dag.py
[2026-05-19T14:08:20.813+0000] {logging_mixin.py:188} INFO - [2026-05-19T14:08:20.813+0000] {dag.py:3096} INFO - Sync 2 DAGs
[2026-05-19T14:08:20.842+0000] {logging_mixin.py:188} INFO - [2026-05-19T14:08:20.841+0000] {dag.py:3954} INFO - Setting next_dagrun for example_external_task_marker_child to None, run_after=None
[2026-05-19T14:08:20.846+0000] {logging_mixin.py:188} INFO - [2026-05-19T14:08:20.846+0000] {dag.py:3954} INFO - Setting next_dagrun for example_external_task_marker_parent to None, run_after=None
[2026-05-19T14:08:20.873+0000] {processor.py:183} INFO - Processing /home/airflow/.local/lib/python3.12/site-packages/airflow/example_dags/example_external_task_marker_dag.py took 0.114 seconds
[2026-05-19T14:08:51.216+0000] {processor.py:161} INFO - Started process (PID=4489) to work on /home/airflow/.local/lib/python3.12/site-packages/airflow/example_dags/example_external_task_marker_dag.py
[2026-05-19T14:08:51.217+0000] {processor.py:830} INFO - Processing file /home/airflow/.local/lib/python3.12/site-packages/airflow/example_dags/example_external_task_marker_dag.py for tasks to queue
[2026-05-19T14:08:51.220+0000] {logging_mixin.py:188} INFO - [2026-05-19T14:08:51.219+0000] {dagbag.py:545} INFO - Filling up the DagBag from /home/airflow/.local/lib/python3.12/site-packages/airflow/example_dags/example_external_task_marker_dag.py
[2026-05-19T14:08:51.228+0000] {processor.py:840} INFO - DAG(s) 'example_external_task_marker_child', 'example_external_task_marker_parent' retrieved from /home/airflow/.local/lib/python3.12/site-packages/airflow/example_dags/example_external_task_marker_dag.py
[2026-05-19T14:08:51.259+0000] {logging_mixin.py:188} INFO - [2026-05-19T14:08:51.259+0000] {dag.py:3096} INFO - Sync 2 DAGs
[2026-05-19T14:08:51.271+0000] {logging_mixin.py:188} INFO - [2026-05-19T14:08:51.271+0000] {dag.py:3954} INFO - Setting next_dagrun for example_external_task_marker_child to None, run_after=None
[2026-05-19T14:08:51.275+0000] {logging_mixin.py:188} INFO - [2026-05-19T14:08:51.275+0000] {dag.py:3954} INFO - Setting next_dagrun for example_external_task_marker_parent to None, run_after=None
[2026-05-19T14:08:51.292+0000] {processor.py:183} INFO - Processing /home/airflow/.local/lib/python3.12/site-packages/airflow/example_dags/example_external_task_marker_dag.py took 0.081 seconds
[2026-05-19T14:09:21.649+0000] {processor.py:161} INFO - Started process (PID=4549) to work on /home/airflow/.local/lib/python3.12/site-packages/airflow/example_dags/example_external_task_marker_dag.py
[2026-05-19T14:09:21.651+0000] {processor.py:830} INFO - Processing file /home/airflow/.local/lib/python3.12/site-packages/airflow/example_dags/example_external_task_marker_dag.py for tasks to queue
[2026-05-19T14:09:21.653+0000] {logging_mixin.py:188} INFO - [2026-05-19T14:09:21.653+0000] {dagbag.py:545} INFO - Filling up the DagBag from /home/airflow/.local/lib/python3.12/site-packages/airflow/example_dags/example_external_task_marker_dag.py
[2026-05-19T14:09:21.663+0000] {processor.py:840} INFO - DAG(s) 'example_external_task_marker_child', 'example_external_task_marker_parent' retrieved from /home/airflow/.local/lib/python3.12/site-packages/airflow/example_dags/example_external_task_marker_dag.py
[2026-05-19T14:09:21.691+0000] {logging_mixin.py:188} INFO - [2026-05-19T14:09:21.691+0000] {dag.py:3096} INFO - Sync 2 DAGs
[2026-05-19T14:09:21.708+0000] {logging_mixin.py:188} INFO - [2026-05-19T14:09:21.708+0000] {dag.py:3954} INFO - Setting next_dagrun for example_external_task_marker_child to None, run_after=None
[2026-05-19T14:09:21.712+0000] {logging_mixin.py:188} INFO - [2026-05-19T14:09:21.712+0000] {dag.py:3954} INFO - Setting next_dagrun for example_external_task_marker_parent to None, run_after=None
[2026-05-19T14:09:21.741+0000] {processor.py:183} INFO - Processing /home/airflow/.local/lib/python3.12/site-packages/airflow/example_dags/example_external_task_marker_dag.py took 0.098 seconds
[2026-05-19T14:09:51.893+0000] {processor.py:161} INFO - Started process (PID=4608) to work on /home/airflow/.local/lib/python3.12/site-packages/airflow/example_dags/example_external_task_marker_dag.py
[2026-05-19T14:09:51.894+0000] {processor.py:830} INFO - Processing file /home/airflow/.local/lib/python3.12/site-packages/airflow/example_dags/example_external_task_marker_dag.py for tasks to queue
[2026-05-19T14:09:51.896+0000] {logging_mixin.py:188} INFO - [2026-05-19T14:09:51.896+0000] {dagbag.py:545} INFO - Filling up the DagBag from /home/airflow/.local/lib/python3.12/site-packages/airflow/example_dags/example_external_task_marker_dag.py
[2026-05-19T14:09:51.903+0000] {processor.py:840} INFO - DAG(s) 'example_external_task_marker_parent', 'example_external_task_marker_child' retrieved from /home/airflow/.local/lib/python3.12/site-packages/airflow/example_dags/example_external_task_marker_dag.py
[2026-05-19T14:09:51.934+0000] {logging_mixin.py:188} INFO - [2026-05-19T14:09:51.934+0000] {dag.py:3096} INFO - Sync 2 DAGs
[2026-05-19T14:09:51.951+0000] {logging_mixin.py:188} INFO - [2026-05-19T14:09:51.951+0000] {dag.py:3954} INFO - Setting next_dagrun for example_external_task_marker_child to None, run_after=None
[2026-05-19T14:09:51.956+0000] {logging_mixin.py:188} INFO - [2026-05-19T14:09:51.956+0000] {dag.py:3954} INFO - Setting next_dagrun for example_external_task_marker_parent to None, run_after=None
[2026-05-19T14:09:51.976+0000] {processor.py:183} INFO - Processing /home/airflow/.local/lib/python3.12/site-packages/airflow/example_dags/example_external_task_marker_dag.py took 0.089 seconds
[2026-05-19T14:10:22.075+0000] {processor.py:161} INFO - Started process (PID=4667) to work on /home/airflow/.local/lib/python3.12/site-packages/airflow/example_dags/example_external_task_marker_dag.py
[2026-05-19T14:10:22.076+0000] {processor.py:830} INFO - Processing file /home/airflow/.local/lib/python3.12/site-packages/airflow/example_dags/example_external_task_marker_dag.py for tasks to queue
[2026-05-19T14:10:22.080+0000] {logging_mixin.py:188} INFO - [2026-05-19T14:10:22.079+0000] {dagbag.py:545} INFO - Filling up the DagBag from /home/airflow/.local/lib/python3.12/site-packages/airflow/example_dags/example_external_task_marker_dag.py
[2026-05-19T14:10:22.091+0000] {processor.py:840} INFO - DAG(s) 'example_external_task_marker_child', 'example_external_task_marker_parent' retrieved from /home/airflow/.local/lib/python3.12/site-packages/airflow/example_dags/example_external_task_marker_dag.py
[2026-05-19T14:10:22.124+0000] {logging_mixin.py:188} INFO - [2026-05-19T14:10:22.124+0000] {dag.py:3096} INFO - Sync 2 DAGs
[2026-05-19T14:10:22.150+0000] {logging_mixin.py:188} INFO - [2026-05-19T14:10:22.150+0000] {dag.py:3954} INFO - Setting next_dagrun for example_external_task_marker_child to None, run_after=None
[2026-05-19T14:10:22.157+0000] {logging_mixin.py:188} INFO - [2026-05-19T14:10:22.156+0000] {dag.py:3954} INFO - Setting next_dagrun for example_external_task_marker_parent to None, run_after=None
[2026-05-19T14:10:22.187+0000] {processor.py:183} INFO - Processing /home/airflow/.local/lib/python3.12/site-packages/airflow/example_dags/example_external_task_marker_dag.py took 0.118 seconds
[2026-05-19T14:10:52.401+0000] {processor.py:161} INFO - Started process (PID=4726) to work on /home/airflow/.local/lib/python3.12/site-packages/airflow/example_dags/example_external_task_marker_dag.py
[2026-05-19T14:10:52.402+0000] {processor.py:830} INFO - Processing file /home/airflow/.local/lib/python3.12/site-packages/airflow/example_dags/example_external_task_marker_dag.py for tasks to queue
[2026-05-19T14:10:52.404+0000] {logging_mixin.py:188} INFO - [2026-05-19T14:10:52.404+0000] {dagbag.py:545} INFO - Filling up the DagBag from /home/airflow/.local/lib/python3.12/site-packages/airflow/example_dags/example_external_task_marker_dag.py
[2026-05-19T14:10:52.410+0000] {processor.py:840} INFO - DAG(s) 'example_external_task_marker_child', 'example_external_task_marker_parent' retrieved from /home/airflow/.local/lib/python3.12/site-packages/airflow/example_dags/example_external_task_marker_dag.py
[2026-05-19T14:10:52.444+0000] {logging_mixin.py:188} INFO - [2026-05-19T14:10:52.444+0000] {dag.py:3096} INFO - Sync 2 DAGs
[2026-05-19T14:10:52.457+0000] {logging_mixin.py:188} INFO - [2026-05-19T14:10:52.457+0000] {dag.py:3954} INFO - Setting next_dagrun for example_external_task_marker_child to None, run_after=None
[2026-05-19T14:10:52.462+0000] {logging_mixin.py:188} INFO - [2026-05-19T14:10:52.461+0000] {dag.py:3954} INFO - Setting next_dagrun for example_external_task_marker_parent to None, run_after=None
[2026-05-19T14:10:52.484+0000] {processor.py:183} INFO - Processing /home/airflow/.local/lib/python3.12/site-packages/airflow/example_dags/example_external_task_marker_dag.py took 0.089 seconds
[2026-05-19T14:11:22.805+0000] {processor.py:161} INFO - Started process (PID=4785) to work on /home/airflow/.local/lib/python3.12/site-packages/airflow/example_dags/example_external_task_marker_dag.py
[2026-05-19T14:11:22.807+0000] {processor.py:830} INFO - Processing file /home/airflow/.local/lib/python3.12/site-packages/airflow/example_dags/example_external_task_marker_dag.py for tasks to queue
[2026-05-19T14:11:22.811+0000] {logging_mixin.py:188} INFO - [2026-05-19T14:11:22.810+0000] {dagbag.py:545} INFO - Filling up the DagBag from /home/airflow/.local/lib/python3.12/site-packages/airflow/example_dags/example_external_task_marker_dag.py
[2026-05-19T14:11:22.818+0000] {processor.py:840} INFO - DAG(s) 'example_external_task_marker_child', 'example_external_task_marker_parent' retrieved from /home/airflow/.local/lib/python3.12/site-packages/airflow/example_dags/example_external_task_marker_dag.py
[2026-05-19T14:11:22.852+0000] {logging_mixin.py:188} INFO - [2026-05-19T14:11:22.851+0000] {dag.py:3096} INFO - Sync 2 DAGs
[2026-05-19T14:11:22.864+0000] {logging_mixin.py:188} INFO - [2026-05-19T14:11:22.864+0000] {dag.py:3954} INFO - Setting next_dagrun for example_external_task_marker_child to None, run_after=None
[2026-05-19T14:11:22.868+0000] {logging_mixin.py:188} INFO - [2026-05-19T14:11:22.868+0000] {dag.py:3954} INFO - Setting next_dagrun for example_external_task_marker_parent to None, run_after=None
[2026-05-19T14:11:22.889+0000] {processor.py:183} INFO - Processing /home/airflow/.local/lib/python3.12/site-packages/airflow/example_dags/example_external_task_marker_dag.py took 0.090 seconds
[2026-05-19T14:11:53.037+0000] {processor.py:161} INFO - Started process (PID=4844) to work on /home/airflow/.local/lib/python3.12/site-packages/airflow/example_dags/example_external_task_marker_dag.py
[2026-05-19T14:11:53.038+0000] {processor.py:830} INFO - Processing file /home/airflow/.local/lib/python3.12/site-packages/airflow/example_dags/example_external_task_marker_dag.py for tasks to queue
[2026-05-19T14:11:53.042+0000] {logging_mixin.py:188} INFO - [2026-05-19T14:11:53.041+0000] {dagbag.py:545} INFO - Filling up the DagBag from /home/airflow/.local/lib/python3.12/site-packages/airflow/example_dags/example_external_task_marker_dag.py
[2026-05-19T14:11:53.053+0000] {processor.py:840} INFO - DAG(s) 'example_external_task_marker_child', 'example_external_task_marker_parent' retrieved from /home/airflow/.local/lib/python3.12/site-packages/airflow/example_dags/example_external_task_marker_dag.py
[2026-05-19T14:11:53.088+0000] {logging_mixin.py:188} INFO - [2026-05-19T14:11:53.088+0000] {dag.py:3096} INFO - Sync 2 DAGs
[2026-05-19T14:11:53.108+0000] {logging_mixin.py:188} INFO - [2026-05-19T14:11:53.108+0000] {dag.py:3954} INFO - Setting next_dagrun for example_external_task_marker_child to None, run_after=None
[2026-05-19T14:11:53.116+0000] {logging_mixin.py:188} INFO - [2026-05-19T14:11:53.115+0000] {dag.py:3954} INFO - Setting next_dagrun for example_external_task_marker_parent to None, run_after=None
[2026-05-19T14:11:53.142+0000] {processor.py:183} INFO - Processing /home/airflow/.local/lib/python3.12/site-packages/airflow/example_dags/example_external_task_marker_dag.py took 0.114 seconds
[2026-05-19T14:12:23.732+0000] {processor.py:161} INFO - Started process (PID=4903) to work on /home/airflow/.local/lib/python3.12/site-packages/airflow/example_dags/example_external_task_marker_dag.py
[2026-05-19T14:12:23.734+0000] {processor.py:830} INFO - Processing file /home/airflow/.local/lib/python3.12/site-packages/airflow/example_dags/example_external_task_marker_dag.py for tasks to queue
[2026-05-19T14:12:23.739+0000] {logging_mixin.py:188} INFO - [2026-05-19T14:12:23.738+0000] {dagbag.py:545} INFO - Filling up the DagBag from /home/airflow/.local/lib/python3.12/site-packages/airflow/example_dags/example_external_task_marker_dag.py
[2026-05-19T14:12:23.751+0000] {processor.py:840} INFO - DAG(s) 'example_external_task_marker_child', 'example_external_task_marker_parent' retrieved from /home/airflow/.local/lib/python3.12/site-packages/airflow/example_dags/example_external_task_marker_dag.py
[2026-05-19T14:12:23.804+0000] {logging_mixin.py:188} INFO - [2026-05-19T14:12:23.803+0000] {dag.py:3096} INFO - Sync 2 DAGs
[2026-05-19T14:12:23.858+0000] {logging_mixin.py:188} INFO - [2026-05-19T14:12:23.858+0000] {dag.py:3954} INFO - Setting next_dagrun for example_external_task_marker_child to None, run_after=None
[2026-05-19T14:12:23.876+0000] {logging_mixin.py:188} INFO - [2026-05-19T14:12:23.876+0000] {dag.py:3954} INFO - Setting next_dagrun for example_external_task_marker_parent to None, run_after=None
[2026-05-19T14:12:23.902+0000] {processor.py:183} INFO - Processing /home/airflow/.local/lib/python3.12/site-packages/airflow/example_dags/example_external_task_marker_dag.py took 0.183 seconds
[2026-05-19T14:12:54.868+0000] {processor.py:161} INFO - Started process (PID=4962) to work on /home/airflow/.local/lib/python3.12/site-packages/airflow/example_dags/example_external_task_marker_dag.py
[2026-05-19T14:12:54.870+0000] {processor.py:830} INFO - Processing file /home/airflow/.local/lib/python3.12/site-packages/airflow/example_dags/example_external_task_marker_dag.py for tasks to queue
[2026-05-19T14:12:54.875+0000] {logging_mixin.py:188} INFO - [2026-05-19T14:12:54.874+0000] {dagbag.py:545} INFO - Filling up the DagBag from /home/airflow/.local/lib/python3.12/site-packages/airflow/example_dags/example_external_task_marker_dag.py
[2026-05-19T14:12:54.893+0000] {processor.py:840} INFO - DAG(s) 'example_external_task_marker_parent', 'example_external_task_marker_child' retrieved from /home/airflow/.local/lib/python3.12/site-packages/airflow/example_dags/example_external_task_marker_dag.py
[2026-05-19T14:12:54.960+0000] {logging_mixin.py:188} INFO - [2026-05-19T14:12:54.959+0000] {dag.py:3096} INFO - Sync 2 DAGs
[2026-05-19T14:12:55.008+0000] {logging_mixin.py:188} INFO - [2026-05-19T14:12:55.007+0000] {dag.py:3954} INFO - Setting next_dagrun for example_external_task_marker_child to None, run_after=None
[2026-05-19T14:12:55.020+0000] {logging_mixin.py:188} INFO - [2026-05-19T14:12:55.019+0000] {dag.py:3954} INFO - Setting next_dagrun for example_external_task_marker_parent to None, run_after=None
[2026-05-19T14:12:55.067+0000] {processor.py:183} INFO - Processing /home/airflow/.local/lib/python3.12/site-packages/airflow/example_dags/example_external_task_marker_dag.py took 0.209 seconds
[2026-05-19T14:13:25.178+0000] {processor.py:161} INFO - Started process (PID=5021) to work on /home/airflow/.local/lib/python3.12/site-packages/airflow/example_dags/example_external_task_marker_dag.py
[2026-05-19T14:13:25.179+0000] {processor.py:830} INFO - Processing file /home/airflow/.local/lib/python3.12/site-packages/airflow/example_dags/example_external_task_marker_dag.py for tasks to queue
[2026-05-19T14:13:25.181+0000] {logging_mixin.py:188} INFO - [2026-05-19T14:13:25.181+0000] {dagbag.py:545} INFO - Filling up the DagBag from /home/airflow/.local/lib/python3.12/site-packages/airflow/example_dags/example_external_task_marker_dag.py
[2026-05-19T14:13:25.190+0000] {processor.py:840} INFO - DAG(s) 'example_external_task_marker_child', 'example_external_task_marker_parent' retrieved from /home/airflow/.local/lib/python3.12/site-packages/airflow/example_dags/example_external_task_marker_dag.py
[2026-05-19T14:13:25.221+0000] {logging_mixin.py:188} INFO - [2026-05-19T14:13:25.221+0000] {dag.py:3096} INFO - Sync 2 DAGs
[2026-05-19T14:13:25.236+0000] {logging_mixin.py:188} INFO - [2026-05-19T14:13:25.236+0000] {dag.py:3954} INFO - Setting next_dagrun for example_external_task_marker_child to None, run_after=None
[2026-05-19T14:13:25.241+0000] {logging_mixin.py:188} INFO - [2026-05-19T14:13:25.241+0000] {dag.py:3954} INFO - Setting next_dagrun for example_external_task_marker_parent to None, run_after=None
[2026-05-19T14:13:25.264+0000] {processor.py:183} INFO - Processing /home/airflow/.local/lib/python3.12/site-packages/airflow/example_dags/example_external_task_marker_dag.py took 0.092 seconds
[2026-05-19T14:13:56.286+0000] {processor.py:161} INFO - Started process (PID=5080) to work on /home/airflow/.local/lib/python3.12/site-packages/airflow/example_dags/example_external_task_marker_dag.py
[2026-05-19T14:13:56.287+0000] {processor.py:830} INFO - Processing file /home/airflow/.local/lib/python3.12/site-packages/airflow/example_dags/example_external_task_marker_dag.py for tasks to queue
[2026-05-19T14:13:56.291+0000] {logging_mixin.py:188} INFO - [2026-05-19T14:13:56.291+0000] {dagbag.py:545} INFO - Filling up the DagBag from /home/airflow/.local/lib/python3.12/site-packages/airflow/example_dags/example_external_task_marker_dag.py
[2026-05-19T14:13:56.307+0000] {processor.py:840} INFO - DAG(s) 'example_external_task_marker_parent', 'example_external_task_marker_child' retrieved from /home/airflow/.local/lib/python3.12/site-packages/airflow/example_dags/example_external_task_marker_dag.py
[2026-05-19T14:13:56.353+0000] {logging_mixin.py:188} INFO - [2026-05-19T14:13:56.352+0000] {dag.py:3096} INFO - Sync 2 DAGs
[2026-05-19T14:13:56.384+0000] {logging_mixin.py:188} INFO - [2026-05-19T14:13:56.384+0000] {dag.py:3954} INFO - Setting next_dagrun for example_external_task_marker_child to None, run_after=None
[2026-05-19T14:13:56.389+0000] {logging_mixin.py:188} INFO - [2026-05-19T14:13:56.389+0000] {dag.py:3954} INFO - Setting next_dagrun for example_external_task_marker_parent to None, run_after=None
[2026-05-19T14:13:56.423+0000] {processor.py:183} INFO - Processing /home/airflow/.local/lib/python3.12/site-packages/airflow/example_dags/example_external_task_marker_dag.py took 0.143 seconds
[2026-05-19T14:14:27.285+0000] {processor.py:161} INFO - Started process (PID=5139) to work on /home/airflow/.local/lib/python3.12/site-packages/airflow/example_dags/example_external_task_marker_dag.py
[2026-05-19T14:14:27.286+0000] {processor.py:830} INFO - Processing file /home/airflow/.local/lib/python3.12/site-packages/airflow/example_dags/example_external_task_marker_dag.py for tasks to queue
[2026-05-19T14:14:27.290+0000] {logging_mixin.py:188} INFO - [2026-05-19T14:14:27.289+0000] {dagbag.py:545} INFO - Filling up the DagBag from /home/airflow/.local/lib/python3.12/site-packages/airflow/example_dags/example_external_task_marker_dag.py
[2026-05-19T14:14:27.298+0000] {processor.py:840} INFO - DAG(s) 'example_external_task_marker_child', 'example_external_task_marker_parent' retrieved from /home/airflow/.local/lib/python3.12/site-packages/airflow/example_dags/example_external_task_marker_dag.py
[2026-05-19T14:14:27.363+0000] {logging_mixin.py:188} INFO - [2026-05-19T14:14:27.362+0000] {dag.py:3096} INFO - Sync 2 DAGs
[2026-05-19T14:14:27.394+0000] {logging_mixin.py:188} INFO - [2026-05-19T14:14:27.394+0000] {dag.py:3954} INFO - Setting next_dagrun for example_external_task_marker_child to None, run_after=None
[2026-05-19T14:14:27.400+0000] {logging_mixin.py:188} INFO - [2026-05-19T14:14:27.400+0000] {dag.py:3954} INFO - Setting next_dagrun for example_external_task_marker_parent to None, run_after=None
[2026-05-19T14:14:27.430+0000] {processor.py:183} INFO - Processing /home/airflow/.local/lib/python3.12/site-packages/airflow/example_dags/example_external_task_marker_dag.py took 0.154 seconds
[2026-05-19T14:14:57.533+0000] {processor.py:161} INFO - Started process (PID=5198) to work on /home/airflow/.local/lib/python3.12/site-packages/airflow/example_dags/example_external_task_marker_dag.py
[2026-05-19T14:14:57.534+0000] {processor.py:830} INFO - Processing file /home/airflow/.local/lib/python3.12/site-packages/airflow/example_dags/example_external_task_marker_dag.py for tasks to queue
[2026-05-19T14:14:57.536+0000] {logging_mixin.py:188} INFO - [2026-05-19T14:14:57.536+0000] {dagbag.py:545} INFO - Filling up the DagBag from /home/airflow/.local/lib/python3.12/site-packages/airflow/example_dags/example_external_task_marker_dag.py
[2026-05-19T14:14:57.543+0000] {processor.py:840} INFO - DAG(s) 'example_external_task_marker_child', 'example_external_task_marker_parent' retrieved from /home/airflow/.local/lib/python3.12/site-packages/airflow/example_dags/example_external_task_marker_dag.py
[2026-05-19T14:14:57.572+0000] {logging_mixin.py:188} INFO - [2026-05-19T14:14:57.572+0000] {dag.py:3096} INFO - Sync 2 DAGs
[2026-05-19T14:14:57.594+0000] {logging_mixin.py:188} INFO - [2026-05-19T14:14:57.594+0000] {dag.py:3954} INFO - Setting next_dagrun for example_external_task_marker_child to None, run_after=None
[2026-05-19T14:14:57.602+0000] {logging_mixin.py:188} INFO - [2026-05-19T14:14:57.601+0000] {dag.py:3954} INFO - Setting next_dagrun for example_external_task_marker_parent to None, run_after=None
[2026-05-19T14:14:57.627+0000] {processor.py:183} INFO - Processing /home/airflow/.local/lib/python3.12/site-packages/airflow/example_dags/example_external_task_marker_dag.py took 0.100 seconds
[2026-05-19T14:15:28.335+0000] {processor.py:161} INFO - Started process (PID=5257) to work on /home/airflow/.local/lib/python3.12/site-packages/airflow/example_dags/example_external_task_marker_dag.py
[2026-05-19T14:15:28.336+0000] {processor.py:830} INFO - Processing file /home/airflow/.local/lib/python3.12/site-packages/airflow/example_dags/example_external_task_marker_dag.py for tasks to queue
[2026-05-19T14:15:28.339+0000] {logging_mixin.py:188} INFO - [2026-05-19T14:15:28.339+0000] {dagbag.py:545} INFO - Filling up the DagBag from /home/airflow/.local/lib/python3.12/site-packages/airflow/example_dags/example_external_task_marker_dag.py
[2026-05-19T14:15:28.347+0000] {processor.py:840} INFO - DAG(s) 'example_external_task_marker_child', 'example_external_task_marker_parent' retrieved from /home/airflow/.local/lib/python3.12/site-packages/airflow/example_dags/example_external_task_marker_dag.py
[2026-05-19T14:15:28.375+0000] {logging_mixin.py:188} INFO - [2026-05-19T14:15:28.374+0000] {dag.py:3096} INFO - Sync 2 DAGs
[2026-05-19T14:15:28.391+0000] {logging_mixin.py:188} INFO - [2026-05-19T14:15:28.390+0000] {dag.py:3954} INFO - Setting next_dagrun for example_external_task_marker_child to None, run_after=None
[2026-05-19T14:15:28.397+0000] {logging_mixin.py:188} INFO - [2026-05-19T14:15:28.397+0000] {dag.py:3954} INFO - Setting next_dagrun for example_external_task_marker_parent to None, run_after=None
[2026-05-19T14:15:28.427+0000] {processor.py:183} INFO - Processing /home/airflow/.local/lib/python3.12/site-packages/airflow/example_dags/example_external_task_marker_dag.py took 0.099 seconds
[2026-05-19T14:15:59.006+0000] {processor.py:161} INFO - Started process (PID=5320) to work on /home/airflow/.local/lib/python3.12/site-packages/airflow/example_dags/example_external_task_marker_dag.py
[2026-05-19T14:15:59.012+0000] {processor.py:830} INFO - Processing file /home/airflow/.local/lib/python3.12/site-packages/airflow/example_dags/example_external_task_marker_dag.py for tasks to queue
[2026-05-19T14:15:59.019+0000] {logging_mixin.py:188} INFO - [2026-05-19T14:15:59.018+0000] {dagbag.py:545} INFO - Filling up the DagBag from /home/airflow/.local/lib/python3.12/site-packages/airflow/example_dags/example_external_task_marker_dag.py
[2026-05-19T14:15:59.037+0000] {processor.py:840} INFO - DAG(s) 'example_external_task_marker_child', 'example_external_task_marker_parent' retrieved from /home/airflow/.local/lib/python3.12/site-packages/airflow/example_dags/example_external_task_marker_dag.py
[2026-05-19T14:15:59.128+0000] {logging_mixin.py:188} INFO - [2026-05-19T14:15:59.128+0000] {dag.py:3096} INFO - Sync 2 DAGs
[2026-05-19T14:15:59.179+0000] {logging_mixin.py:188} INFO - [2026-05-19T14:15:59.177+0000] {dag.py:3954} INFO - Setting next_dagrun for example_external_task_marker_child to None, run_after=None
[2026-05-19T14:15:59.189+0000] {logging_mixin.py:188} INFO - [2026-05-19T14:15:59.188+0000] {dag.py:3954} INFO - Setting next_dagrun for example_external_task_marker_parent to None, run_after=None
[2026-05-19T14:15:59.246+0000] {processor.py:183} INFO - Processing /home/airflow/.local/lib/python3.12/site-packages/airflow/example_dags/example_external_task_marker_dag.py took 0.260 seconds
[2026-05-19T14:16:29.452+0000] {processor.py:161} INFO - Started process (PID=5378) to work on /home/airflow/.local/lib/python3.12/site-packages/airflow/example_dags/example_external_task_marker_dag.py
[2026-05-19T14:16:29.454+0000] {processor.py:830} INFO - Processing file /home/airflow/.local/lib/python3.12/site-packages/airflow/example_dags/example_external_task_marker_dag.py for tasks to queue
[2026-05-19T14:16:29.456+0000] {logging_mixin.py:188} INFO - [2026-05-19T14:16:29.456+0000] {dagbag.py:545} INFO - Filling up the DagBag from /home/airflow/.local/lib/python3.12/site-packages/airflow/example_dags/example_external_task_marker_dag.py
[2026-05-19T14:16:29.464+0000] {processor.py:840} INFO - DAG(s) 'example_external_task_marker_parent', 'example_external_task_marker_child' retrieved from /home/airflow/.local/lib/python3.12/site-packages/airflow/example_dags/example_external_task_marker_dag.py
[2026-05-19T14:16:29.512+0000] {logging_mixin.py:188} INFO - [2026-05-19T14:16:29.512+0000] {dag.py:3096} INFO - Sync 2 DAGs
[2026-05-19T14:16:29.527+0000] {logging_mixin.py:188} INFO - [2026-05-19T14:16:29.527+0000] {dag.py:3954} INFO - Setting next_dagrun for example_external_task_marker_child to None, run_after=None
[2026-05-19T14:16:29.534+0000] {logging_mixin.py:188} INFO - [2026-05-19T14:16:29.533+0000] {dag.py:3954} INFO - Setting next_dagrun for example_external_task_marker_parent to None, run_after=None
[2026-05-19T14:16:29.563+0000] {processor.py:183} INFO - Processing /home/airflow/.local/lib/python3.12/site-packages/airflow/example_dags/example_external_task_marker_dag.py took 0.120 seconds
[2026-05-19T14:16:59.833+0000] {processor.py:161} INFO - Started process (PID=5437) to work on /home/airflow/.local/lib/python3.12/site-packages/airflow/example_dags/example_external_task_marker_dag.py
[2026-05-19T14:16:59.835+0000] {processor.py:830} INFO - Processing file /home/airflow/.local/lib/python3.12/site-packages/airflow/example_dags/example_external_task_marker_dag.py for tasks to queue
[2026-05-19T14:16:59.840+0000] {logging_mixin.py:188} INFO - [2026-05-19T14:16:59.839+0000] {dagbag.py:545} INFO - Filling up the DagBag from /home/airflow/.local/lib/python3.12/site-packages/airflow/example_dags/example_external_task_marker_dag.py
[2026-05-19T14:16:59.854+0000] {processor.py:840} INFO - DAG(s) 'example_external_task_marker_child', 'example_external_task_marker_parent' retrieved from /home/airflow/.local/lib/python3.12/site-packages/airflow/example_dags/example_external_task_marker_dag.py
[2026-05-19T14:16:59.921+0000] {logging_mixin.py:188} INFO - [2026-05-19T14:16:59.920+0000] {dag.py:3096} INFO - Sync 2 DAGs
[2026-05-19T14:16:59.963+0000] {logging_mixin.py:188} INFO - [2026-05-19T14:16:59.963+0000] {dag.py:3954} INFO - Setting next_dagrun for example_external_task_marker_child to None, run_after=None
[2026-05-19T14:16:59.978+0000] {logging_mixin.py:188} INFO - [2026-05-19T14:16:59.978+0000] {dag.py:3954} INFO - Setting next_dagrun for example_external_task_marker_parent to None, run_after=None
[2026-05-19T14:17:00.031+0000] {processor.py:183} INFO - Processing /home/airflow/.local/lib/python3.12/site-packages/airflow/example_dags/example_external_task_marker_dag.py took 0.211 seconds
[2026-05-19T14:17:31.056+0000] {processor.py:161} INFO - Started process (PID=5496) to work on /home/airflow/.local/lib/python3.12/site-packages/airflow/example_dags/example_external_task_marker_dag.py
[2026-05-19T14:17:31.058+0000] {processor.py:830} INFO - Processing file /home/airflow/.local/lib/python3.12/site-packages/airflow/example_dags/example_external_task_marker_dag.py for tasks to queue
[2026-05-19T14:17:31.061+0000] {logging_mixin.py:188} INFO - [2026-05-19T14:17:31.060+0000] {dagbag.py:545} INFO - Filling up the DagBag from /home/airflow/.local/lib/python3.12/site-packages/airflow/example_dags/example_external_task_marker_dag.py
[2026-05-19T14:17:31.068+0000] {processor.py:840} INFO - DAG(s) 'example_external_task_marker_parent', 'example_external_task_marker_child' retrieved from /home/airflow/.local/lib/python3.12/site-packages/airflow/example_dags/example_external_task_marker_dag.py
[2026-05-19T14:17:31.098+0000] {logging_mixin.py:188} INFO - [2026-05-19T14:17:31.098+0000] {dag.py:3096} INFO - Sync 2 DAGs
[2026-05-19T14:17:31.121+0000] {logging_mixin.py:188} INFO - [2026-05-19T14:17:31.120+0000] {dag.py:3954} INFO - Setting next_dagrun for example_external_task_marker_child to None, run_after=None
[2026-05-19T14:17:31.128+0000] {logging_mixin.py:188} INFO - [2026-05-19T14:17:31.128+0000] {dag.py:3954} INFO - Setting next_dagrun for example_external_task_marker_parent to None, run_after=None
[2026-05-19T14:17:31.151+0000] {processor.py:183} INFO - Processing /home/airflow/.local/lib/python3.12/site-packages/airflow/example_dags/example_external_task_marker_dag.py took 0.103 seconds
[2026-05-19T14:18:01.384+0000] {processor.py:161} INFO - Started process (PID=5555) to work on /home/airflow/.local/lib/python3.12/site-packages/airflow/example_dags/example_external_task_marker_dag.py
[2026-05-19T14:18:01.388+0000] {processor.py:830} INFO - Processing file /home/airflow/.local/lib/python3.12/site-packages/airflow/example_dags/example_external_task_marker_dag.py for tasks to queue
[2026-05-19T14:18:01.391+0000] {logging_mixin.py:188} INFO - [2026-05-19T14:18:01.390+0000] {dagbag.py:545} INFO - Filling up the DagBag from /home/airflow/.local/lib/python3.12/site-packages/airflow/example_dags/example_external_task_marker_dag.py
[2026-05-19T14:18:01.399+0000] {processor.py:840} INFO - DAG(s) 'example_external_task_marker_parent', 'example_external_task_marker_child' retrieved from /home/airflow/.local/lib/python3.12/site-packages/airflow/example_dags/example_external_task_marker_dag.py
[2026-05-19T14:18:01.426+0000] {logging_mixin.py:188} INFO - [2026-05-19T14:18:01.425+0000] {dag.py:3096} INFO - Sync 2 DAGs
[2026-05-19T14:18:01.439+0000] {logging_mixin.py:188} INFO - [2026-05-19T14:18:01.439+0000] {dag.py:3954} INFO - Setting next_dagrun for example_external_task_marker_child to None, run_after=None
[2026-05-19T14:18:01.445+0000] {logging_mixin.py:188} INFO - [2026-05-19T14:18:01.444+0000] {dag.py:3954} INFO - Setting next_dagrun for example_external_task_marker_parent to None, run_after=None
[2026-05-19T14:18:01.474+0000] {processor.py:183} INFO - Processing /home/airflow/.local/lib/python3.12/site-packages/airflow/example_dags/example_external_task_marker_dag.py took 0.098 seconds
[2026-05-19T14:18:32.191+0000] {processor.py:161} INFO - Started process (PID=5614) to work on /home/airflow/.local/lib/python3.12/site-packages/airflow/example_dags/example_external_task_marker_dag.py
[2026-05-19T14:18:32.195+0000] {processor.py:830} INFO - Processing file /home/airflow/.local/lib/python3.12/site-packages/airflow/example_dags/example_external_task_marker_dag.py for tasks to queue
[2026-05-19T14:18:32.199+0000] {logging_mixin.py:188} INFO - [2026-05-19T14:18:32.197+0000] {dagbag.py:545} INFO - Filling up the DagBag from /home/airflow/.local/lib/python3.12/site-packages/airflow/example_dags/example_external_task_marker_dag.py
[2026-05-19T14:18:32.209+0000] {processor.py:840} INFO - DAG(s) 'example_external_task_marker_child', 'example_external_task_marker_parent' retrieved from /home/airflow/.local/lib/python3.12/site-packages/airflow/example_dags/example_external_task_marker_dag.py
[2026-05-19T14:18:32.240+0000] {logging_mixin.py:188} INFO - [2026-05-19T14:18:32.240+0000] {dag.py:3096} INFO - Sync 2 DAGs
[2026-05-19T14:18:32.255+0000] {logging_mixin.py:188} INFO - [2026-05-19T14:18:32.255+0000] {dag.py:3954} INFO - Setting next_dagrun for example_external_task_marker_child to None, run_after=None
[2026-05-19T14:18:32.268+0000] {logging_mixin.py:188} INFO - [2026-05-19T14:18:32.267+0000] {dag.py:3954} INFO - Setting next_dagrun for example_external_task_marker_parent to None, run_after=None
[2026-05-19T14:18:32.305+0000] {processor.py:183} INFO - Processing /home/airflow/.local/lib/python3.12/site-packages/airflow/example_dags/example_external_task_marker_dag.py took 0.121 seconds
[2026-05-19T14:19:02.695+0000] {processor.py:161} INFO - Started process (PID=5673) to work on /home/airflow/.local/lib/python3.12/site-packages/airflow/example_dags/example_external_task_marker_dag.py
[2026-05-19T14:19:02.697+0000] {processor.py:830} INFO - Processing file /home/airflow/.local/lib/python3.12/site-packages/airflow/example_dags/example_external_task_marker_dag.py for tasks to queue
[2026-05-19T14:19:02.700+0000] {logging_mixin.py:188} INFO - [2026-05-19T14:19:02.699+0000] {dagbag.py:545} INFO - Filling up the DagBag from /home/airflow/.local/lib/python3.12/site-packages/airflow/example_dags/example_external_task_marker_dag.py
[2026-05-19T14:19:02.709+0000] {processor.py:840} INFO - DAG(s) 'example_external_task_marker_child', 'example_external_task_marker_parent' retrieved from /home/airflow/.local/lib/python3.12/site-packages/airflow/example_dags/example_external_task_marker_dag.py
[2026-05-19T14:19:02.747+0000] {logging_mixin.py:188} INFO - [2026-05-19T14:19:02.746+0000] {dag.py:3096} INFO - Sync 2 DAGs
[2026-05-19T14:19:02.765+0000] {logging_mixin.py:188} INFO - [2026-05-19T14:19:02.765+0000] {dag.py:3954} INFO - Setting next_dagrun for example_external_task_marker_child to None, run_after=None
[2026-05-19T14:19:02.771+0000] {logging_mixin.py:188} INFO - [2026-05-19T14:19:02.771+0000] {dag.py:3954} INFO - Setting next_dagrun for example_external_task_marker_parent to None, run_after=None
[2026-05-19T14:19:02.792+0000] {processor.py:183} INFO - Processing /home/airflow/.local/lib/python3.12/site-packages/airflow/example_dags/example_external_task_marker_dag.py took 0.105 seconds
[2026-05-19T14:19:33.293+0000] {processor.py:161} INFO - Started process (PID=5732) to work on /home/airflow/.local/lib/python3.12/site-packages/airflow/example_dags/example_external_task_marker_dag.py
[2026-05-19T14:19:33.295+0000] {processor.py:830} INFO - Processing file /home/airflow/.local/lib/python3.12/site-packages/airflow/example_dags/example_external_task_marker_dag.py for tasks to queue
[2026-05-19T14:19:33.301+0000] {logging_mixin.py:188} INFO - [2026-05-19T14:19:33.300+0000] {dagbag.py:545} INFO - Filling up the DagBag from /home/airflow/.local/lib/python3.12/site-packages/airflow/example_dags/example_external_task_marker_dag.py
[2026-05-19T14:19:33.315+0000] {processor.py:840} INFO - DAG(s) 'example_external_task_marker_parent', 'example_external_task_marker_child' retrieved from /home/airflow/.local/lib/python3.12/site-packages/airflow/example_dags/example_external_task_marker_dag.py
[2026-05-19T14:19:33.380+0000] {logging_mixin.py:188} INFO - [2026-05-19T14:19:33.380+0000] {dag.py:3096} INFO - Sync 2 DAGs
[2026-05-19T14:19:33.405+0000] {logging_mixin.py:188} INFO - [2026-05-19T14:19:33.405+0000] {dag.py:3954} INFO - Setting next_dagrun for example_external_task_marker_child to None, run_after=None
[2026-05-19T14:19:33.416+0000] {logging_mixin.py:188} INFO - [2026-05-19T14:19:33.416+0000] {dag.py:3954} INFO - Setting next_dagrun for example_external_task_marker_parent to None, run_after=None
[2026-05-19T14:19:33.465+0000] {processor.py:183} INFO - Processing /home/airflow/.local/lib/python3.12/site-packages/airflow/example_dags/example_external_task_marker_dag.py took 0.183 seconds
[2026-05-19T14:20:03.584+0000] {processor.py:161} INFO - Started process (PID=5791) to work on /home/airflow/.local/lib/python3.12/site-packages/airflow/example_dags/example_external_task_marker_dag.py
[2026-05-19T14:20:03.584+0000] {processor.py:830} INFO - Processing file /home/airflow/.local/lib/python3.12/site-packages/airflow/example_dags/example_external_task_marker_dag.py for tasks to queue
[2026-05-19T14:20:03.586+0000] {logging_mixin.py:188} INFO - [2026-05-19T14:20:03.586+0000] {dagbag.py:545} INFO - Filling up the DagBag from /home/airflow/.local/lib/python3.12/site-packages/airflow/example_dags/example_external_task_marker_dag.py
[2026-05-19T14:20:03.592+0000] {processor.py:840} INFO - DAG(s) 'example_external_task_marker_child', 'example_external_task_marker_parent' retrieved from /home/airflow/.local/lib/python3.12/site-packages/airflow/example_dags/example_external_task_marker_dag.py
[2026-05-19T14:20:03.618+0000] {logging_mixin.py:188} INFO - [2026-05-19T14:20:03.618+0000] {dag.py:3096} INFO - Sync 2 DAGs
[2026-05-19T14:20:03.632+0000] {logging_mixin.py:188} INFO - [2026-05-19T14:20:03.631+0000] {dag.py:3954} INFO - Setting next_dagrun for example_external_task_marker_child to None, run_after=None
[2026-05-19T14:20:03.637+0000] {logging_mixin.py:188} INFO - [2026-05-19T14:20:03.636+0000] {dag.py:3954} INFO - Setting next_dagrun for example_external_task_marker_parent to None, run_after=None
[2026-05-19T14:20:03.656+0000] {processor.py:183} INFO - Processing /home/airflow/.local/lib/python3.12/site-packages/airflow/example_dags/example_external_task_marker_dag.py took 0.078 seconds
[2026-05-19T14:20:34.254+0000] {processor.py:161} INFO - Started process (PID=5850) to work on /home/airflow/.local/lib/python3.12/site-packages/airflow/example_dags/example_external_task_marker_dag.py
[2026-05-19T14:20:34.255+0000] {processor.py:830} INFO - Processing file /home/airflow/.local/lib/python3.12/site-packages/airflow/example_dags/example_external_task_marker_dag.py for tasks to queue
[2026-05-19T14:20:34.257+0000] {logging_mixin.py:188} INFO - [2026-05-19T14:20:34.257+0000] {dagbag.py:545} INFO - Filling up the DagBag from /home/airflow/.local/lib/python3.12/site-packages/airflow/example_dags/example_external_task_marker_dag.py
[2026-05-19T14:20:34.265+0000] {processor.py:840} INFO - DAG(s) 'example_external_task_marker_child', 'example_external_task_marker_parent' retrieved from /home/airflow/.local/lib/python3.12/site-packages/airflow/example_dags/example_external_task_marker_dag.py
[2026-05-19T14:20:34.293+0000] {logging_mixin.py:188} INFO - [2026-05-19T14:20:34.293+0000] {dag.py:3096} INFO - Sync 2 DAGs
[2026-05-19T14:20:34.308+0000] {logging_mixin.py:188} INFO - [2026-05-19T14:20:34.308+0000] {dag.py:3954} INFO - Setting next_dagrun for example_external_task_marker_child to None, run_after=None
[2026-05-19T14:20:34.312+0000] {logging_mixin.py:188} INFO - [2026-05-19T14:20:34.312+0000] {dag.py:3954} INFO - Setting next_dagrun for example_external_task_marker_parent to None, run_after=None
[2026-05-19T14:20:34.332+0000] {processor.py:183} INFO - Processing /home/airflow/.local/lib/python3.12/site-packages/airflow/example_dags/example_external_task_marker_dag.py took 0.086 seconds
[2026-05-19T14:21:04.569+0000] {processor.py:161} INFO - Started process (PID=5909) to work on /home/airflow/.local/lib/python3.12/site-packages/airflow/example_dags/example_external_task_marker_dag.py
[2026-05-19T14:21:04.570+0000] {processor.py:830} INFO - Processing file /home/airflow/.local/lib/python3.12/site-packages/airflow/example_dags/example_external_task_marker_dag.py for tasks to queue
[2026-05-19T14:21:04.572+0000] {logging_mixin.py:188} INFO - [2026-05-19T14:21:04.571+0000] {dagbag.py:545} INFO - Filling up the DagBag from /home/airflow/.local/lib/python3.12/site-packages/airflow/example_dags/example_external_task_marker_dag.py
[2026-05-19T14:21:04.577+0000] {processor.py:840} INFO - DAG(s) 'example_external_task_marker_child', 'example_external_task_marker_parent' retrieved from /home/airflow/.local/lib/python3.12/site-packages/airflow/example_dags/example_external_task_marker_dag.py
[2026-05-19T14:21:04.600+0000] {logging_mixin.py:188} INFO - [2026-05-19T14:21:04.599+0000] {dag.py:3096} INFO - Sync 2 DAGs
[2026-05-19T14:21:04.610+0000] {logging_mixin.py:188} INFO - [2026-05-19T14:21:04.609+0000] {dag.py:3954} INFO - Setting next_dagrun for example_external_task_marker_child to None, run_after=None
[2026-05-19T14:21:04.614+0000] {logging_mixin.py:188} INFO - [2026-05-19T14:21:04.614+0000] {dag.py:3954} INFO - Setting next_dagrun for example_external_task_marker_parent to None, run_after=None
[2026-05-19T14:21:04.629+0000] {processor.py:183} INFO - Processing /home/airflow/.local/lib/python3.12/site-packages/airflow/example_dags/example_external_task_marker_dag.py took 0.066 seconds
[2026-05-19T14:21:34.766+0000] {processor.py:161} INFO - Started process (PID=5966) to work on /home/airflow/.local/lib/python3.12/site-packages/airflow/example_dags/example_external_task_marker_dag.py
[2026-05-19T14:21:34.767+0000] {processor.py:830} INFO - Processing file /home/airflow/.local/lib/python3.12/site-packages/airflow/example_dags/example_external_task_marker_dag.py for tasks to queue
[2026-05-19T14:21:34.768+0000] {logging_mixin.py:188} INFO - [2026-05-19T14:21:34.768+0000] {dagbag.py:545} INFO - Filling up the DagBag from /home/airflow/.local/lib/python3.12/site-packages/airflow/example_dags/example_external_task_marker_dag.py
[2026-05-19T14:21:34.774+0000] {processor.py:840} INFO - DAG(s) 'example_external_task_marker_parent', 'example_external_task_marker_child' retrieved from /home/airflow/.local/lib/python3.12/site-packages/airflow/example_dags/example_external_task_marker_dag.py
[2026-05-19T14:21:34.795+0000] {logging_mixin.py:188} INFO - [2026-05-19T14:21:34.795+0000] {dag.py:3096} INFO - Sync 2 DAGs
[2026-05-19T14:21:34.813+0000] {logging_mixin.py:188} INFO - [2026-05-19T14:21:34.812+0000] {dag.py:3954} INFO - Setting next_dagrun for example_external_task_marker_child to None, run_after=None
[2026-05-19T14:21:34.820+0000] {logging_mixin.py:188} INFO - [2026-05-19T14:21:34.819+0000] {dag.py:3954} INFO - Setting next_dagrun for example_external_task_marker_parent to None, run_after=None
[2026-05-19T14:21:34.842+0000] {processor.py:183} INFO - Processing /home/airflow/.local/lib/python3.12/site-packages/airflow/example_dags/example_external_task_marker_dag.py took 0.082 seconds
[2026-05-19T17:35:43.757+0000] {processor.py:161} INFO - Started process (PID=6028) to work on /home/airflow/.local/lib/python3.12/site-packages/airflow/example_dags/example_external_task_marker_dag.py
[2026-05-19T17:35:43.761+0000] {processor.py:830} INFO - Processing file /home/airflow/.local/lib/python3.12/site-packages/airflow/example_dags/example_external_task_marker_dag.py for tasks to queue
[2026-05-19T17:35:43.766+0000] {logging_mixin.py:188} INFO - [2026-05-19T17:35:43.765+0000] {dagbag.py:545} INFO - Filling up the DagBag from /home/airflow/.local/lib/python3.12/site-packages/airflow/example_dags/example_external_task_marker_dag.py
[2026-05-19T17:35:43.775+0000] {processor.py:840} INFO - DAG(s) 'example_external_task_marker_parent', 'example_external_task_marker_child' retrieved from /home/airflow/.local/lib/python3.12/site-packages/airflow/example_dags/example_external_task_marker_dag.py
[2026-05-19T17:35:43.823+0000] {logging_mixin.py:188} INFO - [2026-05-19T17:35:43.823+0000] {dag.py:3096} INFO - Sync 2 DAGs
[2026-05-19T17:35:43.846+0000] {logging_mixin.py:188} INFO - [2026-05-19T17:35:43.845+0000] {dag.py:3954} INFO - Setting next_dagrun for example_external_task_marker_child to None, run_after=None
[2026-05-19T17:35:43.857+0000] {logging_mixin.py:188} INFO - [2026-05-19T17:35:43.857+0000] {dag.py:3954} INFO - Setting next_dagrun for example_external_task_marker_parent to None, run_after=None
[2026-05-19T17:35:43.908+0000] {processor.py:183} INFO - Processing /home/airflow/.local/lib/python3.12/site-packages/airflow/example_dags/example_external_task_marker_dag.py took 0.168 seconds
[2026-05-19T17:36:14.669+0000] {processor.py:161} INFO - Started process (PID=6088) to work on /home/airflow/.local/lib/python3.12/site-packages/airflow/example_dags/example_external_task_marker_dag.py
[2026-05-19T17:36:14.671+0000] {processor.py:830} INFO - Processing file /home/airflow/.local/lib/python3.12/site-packages/airflow/example_dags/example_external_task_marker_dag.py for tasks to queue
[2026-05-19T17:36:14.676+0000] {logging_mixin.py:188} INFO - [2026-05-19T17:36:14.675+0000] {dagbag.py:545} INFO - Filling up the DagBag from /home/airflow/.local/lib/python3.12/site-packages/airflow/example_dags/example_external_task_marker_dag.py
[2026-05-19T17:36:14.688+0000] {processor.py:840} INFO - DAG(s) 'example_external_task_marker_parent', 'example_external_task_marker_child' retrieved from /home/airflow/.local/lib/python3.12/site-packages/airflow/example_dags/example_external_task_marker_dag.py
[2026-05-19T17:36:14.749+0000] {logging_mixin.py:188} INFO - [2026-05-19T17:36:14.749+0000] {dag.py:3096} INFO - Sync 2 DAGs
[2026-05-19T17:36:14.786+0000] {logging_mixin.py:188} INFO - [2026-05-19T17:36:14.786+0000] {dag.py:3954} INFO - Setting next_dagrun for example_external_task_marker_child to None, run_after=None
[2026-05-19T17:36:14.798+0000] {logging_mixin.py:188} INFO - [2026-05-19T17:36:14.798+0000] {dag.py:3954} INFO - Setting next_dagrun for example_external_task_marker_parent to None, run_after=None
[2026-05-19T17:36:14.838+0000] {processor.py:183} INFO - Processing /home/airflow/.local/lib/python3.12/site-packages/airflow/example_dags/example_external_task_marker_dag.py took 0.180 seconds
[2026-05-19T17:36:45.348+0000] {processor.py:161} INFO - Started process (PID=6147) to work on /home/airflow/.local/lib/python3.12/site-packages/airflow/example_dags/example_external_task_marker_dag.py
[2026-05-19T17:36:45.350+0000] {processor.py:830} INFO - Processing file /home/airflow/.local/lib/python3.12/site-packages/airflow/example_dags/example_external_task_marker_dag.py for tasks to queue
[2026-05-19T17:36:45.351+0000] {logging_mixin.py:188} INFO - [2026-05-19T17:36:45.351+0000] {dagbag.py:545} INFO - Filling up the DagBag from /home/airflow/.local/lib/python3.12/site-packages/airflow/example_dags/example_external_task_marker_dag.py
[2026-05-19T17:36:45.356+0000] {processor.py:840} INFO - DAG(s) 'example_external_task_marker_parent', 'example_external_task_marker_child' retrieved from /home/airflow/.local/lib/python3.12/site-packages/airflow/example_dags/example_external_task_marker_dag.py
[2026-05-19T17:36:45.378+0000] {logging_mixin.py:188} INFO - [2026-05-19T17:36:45.378+0000] {dag.py:3096} INFO - Sync 2 DAGs
[2026-05-19T17:36:45.390+0000] {logging_mixin.py:188} INFO - [2026-05-19T17:36:45.390+0000] {dag.py:3954} INFO - Setting next_dagrun for example_external_task_marker_child to None, run_after=None
[2026-05-19T17:36:45.394+0000] {logging_mixin.py:188} INFO - [2026-05-19T17:36:45.394+0000] {dag.py:3954} INFO - Setting next_dagrun for example_external_task_marker_parent to None, run_after=None
[2026-05-19T17:36:45.409+0000] {processor.py:183} INFO - Processing /home/airflow/.local/lib/python3.12/site-packages/airflow/example_dags/example_external_task_marker_dag.py took 0.067 seconds
[2026-05-19T17:37:16.119+0000] {processor.py:161} INFO - Started process (PID=6206) to work on /home/airflow/.local/lib/python3.12/site-packages/airflow/example_dags/example_external_task_marker_dag.py
[2026-05-19T17:37:16.120+0000] {processor.py:830} INFO - Processing file /home/airflow/.local/lib/python3.12/site-packages/airflow/example_dags/example_external_task_marker_dag.py for tasks to queue
[2026-05-19T17:37:16.122+0000] {logging_mixin.py:188} INFO - [2026-05-19T17:37:16.122+0000] {dagbag.py:545} INFO - Filling up the DagBag from /home/airflow/.local/lib/python3.12/site-packages/airflow/example_dags/example_external_task_marker_dag.py
[2026-05-19T17:37:16.128+0000] {processor.py:840} INFO - DAG(s) 'example_external_task_marker_parent', 'example_external_task_marker_child' retrieved from /home/airflow/.local/lib/python3.12/site-packages/airflow/example_dags/example_external_task_marker_dag.py
[2026-05-19T17:37:16.161+0000] {logging_mixin.py:188} INFO - [2026-05-19T17:37:16.161+0000] {dag.py:3096} INFO - Sync 2 DAGs
[2026-05-19T17:37:16.177+0000] {logging_mixin.py:188} INFO - [2026-05-19T17:37:16.177+0000] {dag.py:3954} INFO - Setting next_dagrun for example_external_task_marker_child to None, run_after=None
[2026-05-19T17:37:16.185+0000] {logging_mixin.py:188} INFO - [2026-05-19T17:37:16.184+0000] {dag.py:3954} INFO - Setting next_dagrun for example_external_task_marker_parent to None, run_after=None
[2026-05-19T17:37:16.214+0000] {processor.py:183} INFO - Processing /home/airflow/.local/lib/python3.12/site-packages/airflow/example_dags/example_external_task_marker_dag.py took 0.100 seconds
[2026-05-19T17:37:47.642+0000] {processor.py:161} INFO - Started process (PID=6265) to work on /home/airflow/.local/lib/python3.12/site-packages/airflow/example_dags/example_external_task_marker_dag.py
[2026-05-19T17:37:47.643+0000] {processor.py:830} INFO - Processing file /home/airflow/.local/lib/python3.12/site-packages/airflow/example_dags/example_external_task_marker_dag.py for tasks to queue
[2026-05-19T17:37:47.647+0000] {logging_mixin.py:188} INFO - [2026-05-19T17:37:47.646+0000] {dagbag.py:545} INFO - Filling up the DagBag from /home/airflow/.local/lib/python3.12/site-packages/airflow/example_dags/example_external_task_marker_dag.py
[2026-05-19T17:37:47.656+0000] {processor.py:840} INFO - DAG(s) 'example_external_task_marker_child', 'example_external_task_marker_parent' retrieved from /home/airflow/.local/lib/python3.12/site-packages/airflow/example_dags/example_external_task_marker_dag.py
[2026-05-19T17:37:47.684+0000] {logging_mixin.py:188} INFO - [2026-05-19T17:37:47.684+0000] {dag.py:3096} INFO - Sync 2 DAGs
[2026-05-19T17:37:47.696+0000] {logging_mixin.py:188} INFO - [2026-05-19T17:37:47.696+0000] {dag.py:3954} INFO - Setting next_dagrun for example_external_task_marker_child to None, run_after=None
[2026-05-19T17:37:47.699+0000] {logging_mixin.py:188} INFO - [2026-05-19T17:37:47.699+0000] {dag.py:3954} INFO - Setting next_dagrun for example_external_task_marker_parent to None, run_after=None
[2026-05-19T17:37:47.713+0000] {processor.py:183} INFO - Processing /home/airflow/.local/lib/python3.12/site-packages/airflow/example_dags/example_external_task_marker_dag.py took 0.077 seconds
[2026-05-19T17:38:18.141+0000] {processor.py:161} INFO - Started process (PID=6324) to work on /home/airflow/.local/lib/python3.12/site-packages/airflow/example_dags/example_external_task_marker_dag.py
[2026-05-19T17:38:18.142+0000] {processor.py:830} INFO - Processing file /home/airflow/.local/lib/python3.12/site-packages/airflow/example_dags/example_external_task_marker_dag.py for tasks to queue
[2026-05-19T17:38:18.144+0000] {logging_mixin.py:188} INFO - [2026-05-19T17:38:18.144+0000] {dagbag.py:545} INFO - Filling up the DagBag from /home/airflow/.local/lib/python3.12/site-packages/airflow/example_dags/example_external_task_marker_dag.py
[2026-05-19T17:38:18.150+0000] {processor.py:840} INFO - DAG(s) 'example_external_task_marker_parent', 'example_external_task_marker_child' retrieved from /home/airflow/.local/lib/python3.12/site-packages/airflow/example_dags/example_external_task_marker_dag.py
[2026-05-19T17:38:18.176+0000] {logging_mixin.py:188} INFO - [2026-05-19T17:38:18.176+0000] {dag.py:3096} INFO - Sync 2 DAGs
[2026-05-19T17:38:18.189+0000] {logging_mixin.py:188} INFO - [2026-05-19T17:38:18.189+0000] {dag.py:3954} INFO - Setting next_dagrun for example_external_task_marker_child to None, run_after=None
[2026-05-19T17:38:18.193+0000] {logging_mixin.py:188} INFO - [2026-05-19T17:38:18.192+0000] {dag.py:3954} INFO - Setting next_dagrun for example_external_task_marker_parent to None, run_after=None
[2026-05-19T17:38:18.208+0000] {processor.py:183} INFO - Processing /home/airflow/.local/lib/python3.12/site-packages/airflow/example_dags/example_external_task_marker_dag.py took 0.075 seconds
[2026-05-19T17:38:49.259+0000] {processor.py:161} INFO - Started process (PID=6383) to work on /home/airflow/.local/lib/python3.12/site-packages/airflow/example_dags/example_external_task_marker_dag.py
[2026-05-19T17:38:49.260+0000] {processor.py:830} INFO - Processing file /home/airflow/.local/lib/python3.12/site-packages/airflow/example_dags/example_external_task_marker_dag.py for tasks to queue
[2026-05-19T17:38:49.262+0000] {logging_mixin.py:188} INFO - [2026-05-19T17:38:49.261+0000] {dagbag.py:545} INFO - Filling up the DagBag from /home/airflow/.local/lib/python3.12/site-packages/airflow/example_dags/example_external_task_marker_dag.py
[2026-05-19T17:38:49.267+0000] {processor.py:840} INFO - DAG(s) 'example_external_task_marker_child', 'example_external_task_marker_parent' retrieved from /home/airflow/.local/lib/python3.12/site-packages/airflow/example_dags/example_external_task_marker_dag.py
[2026-05-19T17:38:49.290+0000] {logging_mixin.py:188} INFO - [2026-05-19T17:38:49.290+0000] {dag.py:3096} INFO - Sync 2 DAGs
[2026-05-19T17:38:49.300+0000] {logging_mixin.py:188} INFO - [2026-05-19T17:38:49.300+0000] {dag.py:3954} INFO - Setting next_dagrun for example_external_task_marker_child to None, run_after=None
[2026-05-19T17:38:49.304+0000] {logging_mixin.py:188} INFO - [2026-05-19T17:38:49.304+0000] {dag.py:3954} INFO - Setting next_dagrun for example_external_task_marker_parent to None, run_after=None
[2026-05-19T17:38:49.319+0000] {processor.py:183} INFO - Processing /home/airflow/.local/lib/python3.12/site-packages/airflow/example_dags/example_external_task_marker_dag.py took 0.066 seconds
[2026-05-19T17:39:19.566+0000] {processor.py:161} INFO - Started process (PID=6442) to work on /home/airflow/.local/lib/python3.12/site-packages/airflow/example_dags/example_external_task_marker_dag.py
[2026-05-19T17:39:19.567+0000] {processor.py:830} INFO - Processing file /home/airflow/.local/lib/python3.12/site-packages/airflow/example_dags/example_external_task_marker_dag.py for tasks to queue
[2026-05-19T17:39:19.569+0000] {logging_mixin.py:188} INFO - [2026-05-19T17:39:19.568+0000] {dagbag.py:545} INFO - Filling up the DagBag from /home/airflow/.local/lib/python3.12/site-packages/airflow/example_dags/example_external_task_marker_dag.py
[2026-05-19T17:39:19.574+0000] {processor.py:840} INFO - DAG(s) 'example_external_task_marker_child', 'example_external_task_marker_parent' retrieved from /home/airflow/.local/lib/python3.12/site-packages/airflow/example_dags/example_external_task_marker_dag.py
[2026-05-19T17:39:19.598+0000] {logging_mixin.py:188} INFO - [2026-05-19T17:39:19.598+0000] {dag.py:3096} INFO - Sync 2 DAGs
[2026-05-19T17:39:19.611+0000] {logging_mixin.py:188} INFO - [2026-05-19T17:39:19.611+0000] {dag.py:3954} INFO - Setting next_dagrun for example_external_task_marker_child to None, run_after=None
[2026-05-19T17:39:19.616+0000] {logging_mixin.py:188} INFO - [2026-05-19T17:39:19.616+0000] {dag.py:3954} INFO - Setting next_dagrun for example_external_task_marker_parent to None, run_after=None
[2026-05-19T17:39:19.634+0000] {processor.py:183} INFO - Processing /home/airflow/.local/lib/python3.12/site-packages/airflow/example_dags/example_external_task_marker_dag.py took 0.073 seconds
[2026-05-19T17:39:49.904+0000] {processor.py:161} INFO - Started process (PID=6501) to work on /home/airflow/.local/lib/python3.12/site-packages/airflow/example_dags/example_external_task_marker_dag.py
[2026-05-19T17:39:49.906+0000] {processor.py:830} INFO - Processing file /home/airflow/.local/lib/python3.12/site-packages/airflow/example_dags/example_external_task_marker_dag.py for tasks to queue
[2026-05-19T17:39:49.908+0000] {logging_mixin.py:188} INFO - [2026-05-19T17:39:49.908+0000] {dagbag.py:545} INFO - Filling up the DagBag from /home/airflow/.local/lib/python3.12/site-packages/airflow/example_dags/example_external_task_marker_dag.py
[2026-05-19T17:39:49.914+0000] {processor.py:840} INFO - DAG(s) 'example_external_task_marker_parent', 'example_external_task_marker_child' retrieved from /home/airflow/.local/lib/python3.12/site-packages/airflow/example_dags/example_external_task_marker_dag.py
[2026-05-19T17:39:49.934+0000] {logging_mixin.py:188} INFO - [2026-05-19T17:39:49.934+0000] {dag.py:3096} INFO - Sync 2 DAGs
[2026-05-19T17:39:49.945+0000] {logging_mixin.py:188} INFO - [2026-05-19T17:39:49.945+0000] {dag.py:3954} INFO - Setting next_dagrun for example_external_task_marker_child to None, run_after=None
[2026-05-19T17:39:49.949+0000] {logging_mixin.py:188} INFO - [2026-05-19T17:39:49.949+0000] {dag.py:3954} INFO - Setting next_dagrun for example_external_task_marker_parent to None, run_after=None
[2026-05-19T17:39:49.963+0000] {processor.py:183} INFO - Processing /home/airflow/.local/lib/python3.12/site-packages/airflow/example_dags/example_external_task_marker_dag.py took 0.065 seconds
[2026-05-19T17:40:20.113+0000] {processor.py:161} INFO - Started process (PID=6560) to work on /home/airflow/.local/lib/python3.12/site-packages/airflow/example_dags/example_external_task_marker_dag.py
[2026-05-19T17:40:20.114+0000] {processor.py:830} INFO - Processing file /home/airflow/.local/lib/python3.12/site-packages/airflow/example_dags/example_external_task_marker_dag.py for tasks to queue
[2026-05-19T17:40:20.116+0000] {logging_mixin.py:188} INFO - [2026-05-19T17:40:20.116+0000] {dagbag.py:545} INFO - Filling up the DagBag from /home/airflow/.local/lib/python3.12/site-packages/airflow/example_dags/example_external_task_marker_dag.py
[2026-05-19T17:40:20.121+0000] {processor.py:840} INFO - DAG(s) 'example_external_task_marker_child', 'example_external_task_marker_parent' retrieved from /home/airflow/.local/lib/python3.12/site-packages/airflow/example_dags/example_external_task_marker_dag.py
[2026-05-19T17:40:20.139+0000] {logging_mixin.py:188} INFO - [2026-05-19T17:40:20.139+0000] {dag.py:3096} INFO - Sync 2 DAGs
[2026-05-19T17:40:20.148+0000] {logging_mixin.py:188} INFO - [2026-05-19T17:40:20.148+0000] {dag.py:3954} INFO - Setting next_dagrun for example_external_task_marker_child to None, run_after=None
[2026-05-19T17:40:20.152+0000] {logging_mixin.py:188} INFO - [2026-05-19T17:40:20.152+0000] {dag.py:3954} INFO - Setting next_dagrun for example_external_task_marker_parent to None, run_after=None
[2026-05-19T17:40:20.164+0000] {processor.py:183} INFO - Processing /home/airflow/.local/lib/python3.12/site-packages/airflow/example_dags/example_external_task_marker_dag.py took 0.056 seconds
[2026-05-19T17:40:50.542+0000] {processor.py:161} INFO - Started process (PID=6619) to work on /home/airflow/.local/lib/python3.12/site-packages/airflow/example_dags/example_external_task_marker_dag.py
[2026-05-19T17:40:50.543+0000] {processor.py:830} INFO - Processing file /home/airflow/.local/lib/python3.12/site-packages/airflow/example_dags/example_external_task_marker_dag.py for tasks to queue
[2026-05-19T17:40:50.545+0000] {logging_mixin.py:188} INFO - [2026-05-19T17:40:50.545+0000] {dagbag.py:545} INFO - Filling up the DagBag from /home/airflow/.local/lib/python3.12/site-packages/airflow/example_dags/example_external_task_marker_dag.py
[2026-05-19T17:40:50.553+0000] {processor.py:840} INFO - DAG(s) 'example_external_task_marker_parent', 'example_external_task_marker_child' retrieved from /home/airflow/.local/lib/python3.12/site-packages/airflow/example_dags/example_external_task_marker_dag.py
[2026-05-19T17:40:50.577+0000] {logging_mixin.py:188} INFO - [2026-05-19T17:40:50.577+0000] {dag.py:3096} INFO - Sync 2 DAGs
[2026-05-19T17:40:50.590+0000] {logging_mixin.py:188} INFO - [2026-05-19T17:40:50.590+0000] {dag.py:3954} INFO - Setting next_dagrun for example_external_task_marker_child to None, run_after=None
[2026-05-19T17:40:50.593+0000] {logging_mixin.py:188} INFO - [2026-05-19T17:40:50.593+0000] {dag.py:3954} INFO - Setting next_dagrun for example_external_task_marker_parent to None, run_after=None
[2026-05-19T17:40:50.609+0000] {processor.py:183} INFO - Processing /home/airflow/.local/lib/python3.12/site-packages/airflow/example_dags/example_external_task_marker_dag.py took 0.074 seconds
[2026-05-19T17:41:20.821+0000] {processor.py:161} INFO - Started process (PID=6678) to work on /home/airflow/.local/lib/python3.12/site-packages/airflow/example_dags/example_external_task_marker_dag.py
[2026-05-19T17:41:20.822+0000] {processor.py:830} INFO - Processing file /home/airflow/.local/lib/python3.12/site-packages/airflow/example_dags/example_external_task_marker_dag.py for tasks to queue
[2026-05-19T17:41:20.824+0000] {logging_mixin.py:188} INFO - [2026-05-19T17:41:20.824+0000] {dagbag.py:545} INFO - Filling up the DagBag from /home/airflow/.local/lib/python3.12/site-packages/airflow/example_dags/example_external_task_marker_dag.py
[2026-05-19T17:41:20.829+0000] {processor.py:840} INFO - DAG(s) 'example_external_task_marker_parent', 'example_external_task_marker_child' retrieved from /home/airflow/.local/lib/python3.12/site-packages/airflow/example_dags/example_external_task_marker_dag.py
[2026-05-19T17:41:20.846+0000] {logging_mixin.py:188} INFO - [2026-05-19T17:41:20.846+0000] {dag.py:3096} INFO - Sync 2 DAGs
[2026-05-19T17:41:20.855+0000] {logging_mixin.py:188} INFO - [2026-05-19T17:41:20.855+0000] {dag.py:3954} INFO - Setting next_dagrun for example_external_task_marker_child to None, run_after=None
[2026-05-19T17:41:20.858+0000] {logging_mixin.py:188} INFO - [2026-05-19T17:41:20.858+0000] {dag.py:3954} INFO - Setting next_dagrun for example_external_task_marker_parent to None, run_after=None
[2026-05-19T17:41:20.869+0000] {processor.py:183} INFO - Processing /home/airflow/.local/lib/python3.12/site-packages/airflow/example_dags/example_external_task_marker_dag.py took 0.053 seconds
[2026-05-19T17:41:51.799+0000] {processor.py:161} INFO - Started process (PID=6737) to work on /home/airflow/.local/lib/python3.12/site-packages/airflow/example_dags/example_external_task_marker_dag.py
[2026-05-19T17:41:51.800+0000] {processor.py:830} INFO - Processing file /home/airflow/.local/lib/python3.12/site-packages/airflow/example_dags/example_external_task_marker_dag.py for tasks to queue
[2026-05-19T17:41:51.803+0000] {logging_mixin.py:188} INFO - [2026-05-19T17:41:51.802+0000] {dagbag.py:545} INFO - Filling up the DagBag from /home/airflow/.local/lib/python3.12/site-packages/airflow/example_dags/example_external_task_marker_dag.py
[2026-05-19T17:41:51.809+0000] {processor.py:840} INFO - DAG(s) 'example_external_task_marker_child', 'example_external_task_marker_parent' retrieved from /home/airflow/.local/lib/python3.12/site-packages/airflow/example_dags/example_external_task_marker_dag.py
[2026-05-19T17:41:51.828+0000] {logging_mixin.py:188} INFO - [2026-05-19T17:41:51.828+0000] {dag.py:3096} INFO - Sync 2 DAGs
[2026-05-19T17:41:51.838+0000] {logging_mixin.py:188} INFO - [2026-05-19T17:41:51.838+0000] {dag.py:3954} INFO - Setting next_dagrun for example_external_task_marker_child to None, run_after=None
[2026-05-19T17:41:51.842+0000] {logging_mixin.py:188} INFO - [2026-05-19T17:41:51.842+0000] {dag.py:3954} INFO - Setting next_dagrun for example_external_task_marker_parent to None, run_after=None
[2026-05-19T17:41:51.856+0000] {processor.py:183} INFO - Processing /home/airflow/.local/lib/python3.12/site-packages/airflow/example_dags/example_external_task_marker_dag.py took 0.064 seconds
[2026-05-19T17:42:22.019+0000] {processor.py:161} INFO - Started process (PID=6796) to work on /home/airflow/.local/lib/python3.12/site-packages/airflow/example_dags/example_external_task_marker_dag.py
[2026-05-19T17:42:22.020+0000] {processor.py:830} INFO - Processing file /home/airflow/.local/lib/python3.12/site-packages/airflow/example_dags/example_external_task_marker_dag.py for tasks to queue
[2026-05-19T17:42:22.022+0000] {logging_mixin.py:188} INFO - [2026-05-19T17:42:22.021+0000] {dagbag.py:545} INFO - Filling up the DagBag from /home/airflow/.local/lib/python3.12/site-packages/airflow/example_dags/example_external_task_marker_dag.py
[2026-05-19T17:42:22.027+0000] {processor.py:840} INFO - DAG(s) 'example_external_task_marker_child', 'example_external_task_marker_parent' retrieved from /home/airflow/.local/lib/python3.12/site-packages/airflow/example_dags/example_external_task_marker_dag.py
[2026-05-19T17:42:22.044+0000] {logging_mixin.py:188} INFO - [2026-05-19T17:42:22.044+0000] {dag.py:3096} INFO - Sync 2 DAGs
[2026-05-19T17:42:22.053+0000] {logging_mixin.py:188} INFO - [2026-05-19T17:42:22.053+0000] {dag.py:3954} INFO - Setting next_dagrun for example_external_task_marker_child to None, run_after=None
[2026-05-19T17:42:22.057+0000] {logging_mixin.py:188} INFO - [2026-05-19T17:42:22.057+0000] {dag.py:3954} INFO - Setting next_dagrun for example_external_task_marker_parent to None, run_after=None
[2026-05-19T17:42:22.071+0000] {processor.py:183} INFO - Processing /home/airflow/.local/lib/python3.12/site-packages/airflow/example_dags/example_external_task_marker_dag.py took 0.057 seconds
[2026-05-19T17:42:52.327+0000] {processor.py:161} INFO - Started process (PID=6855) to work on /home/airflow/.local/lib/python3.12/site-packages/airflow/example_dags/example_external_task_marker_dag.py
[2026-05-19T17:42:52.328+0000] {processor.py:830} INFO - Processing file /home/airflow/.local/lib/python3.12/site-packages/airflow/example_dags/example_external_task_marker_dag.py for tasks to queue
[2026-05-19T17:42:52.330+0000] {logging_mixin.py:188} INFO - [2026-05-19T17:42:52.330+0000] {dagbag.py:545} INFO - Filling up the DagBag from /home/airflow/.local/lib/python3.12/site-packages/airflow/example_dags/example_external_task_marker_dag.py
[2026-05-19T17:42:52.335+0000] {processor.py:840} INFO - DAG(s) 'example_external_task_marker_child', 'example_external_task_marker_parent' retrieved from /home/airflow/.local/lib/python3.12/site-packages/airflow/example_dags/example_external_task_marker_dag.py
[2026-05-19T17:42:52.353+0000] {logging_mixin.py:188} INFO - [2026-05-19T17:42:52.353+0000] {dag.py:3096} INFO - Sync 2 DAGs
[2026-05-19T17:42:52.365+0000] {logging_mixin.py:188} INFO - [2026-05-19T17:42:52.365+0000] {dag.py:3954} INFO - Setting next_dagrun for example_external_task_marker_child to None, run_after=None
[2026-05-19T17:42:52.369+0000] {logging_mixin.py:188} INFO - [2026-05-19T17:42:52.369+0000] {dag.py:3954} INFO - Setting next_dagrun for example_external_task_marker_parent to None, run_after=None
[2026-05-19T17:42:52.382+0000] {processor.py:183} INFO - Processing /home/airflow/.local/lib/python3.12/site-packages/airflow/example_dags/example_external_task_marker_dag.py took 0.060 seconds
[2026-05-19T17:43:23.137+0000] {processor.py:161} INFO - Started process (PID=6914) to work on /home/airflow/.local/lib/python3.12/site-packages/airflow/example_dags/example_external_task_marker_dag.py
[2026-05-19T17:43:23.138+0000] {processor.py:830} INFO - Processing file /home/airflow/.local/lib/python3.12/site-packages/airflow/example_dags/example_external_task_marker_dag.py for tasks to queue
[2026-05-19T17:43:23.141+0000] {logging_mixin.py:188} INFO - [2026-05-19T17:43:23.141+0000] {dagbag.py:545} INFO - Filling up the DagBag from /home/airflow/.local/lib/python3.12/site-packages/airflow/example_dags/example_external_task_marker_dag.py
[2026-05-19T17:43:23.149+0000] {processor.py:840} INFO - DAG(s) 'example_external_task_marker_parent', 'example_external_task_marker_child' retrieved from /home/airflow/.local/lib/python3.12/site-packages/airflow/example_dags/example_external_task_marker_dag.py
[2026-05-19T17:43:23.180+0000] {logging_mixin.py:188} INFO - [2026-05-19T17:43:23.180+0000] {dag.py:3096} INFO - Sync 2 DAGs
[2026-05-19T17:43:23.197+0000] {logging_mixin.py:188} INFO - [2026-05-19T17:43:23.197+0000] {dag.py:3954} INFO - Setting next_dagrun for example_external_task_marker_child to None, run_after=None
[2026-05-19T17:43:23.204+0000] {logging_mixin.py:188} INFO - [2026-05-19T17:43:23.204+0000] {dag.py:3954} INFO - Setting next_dagrun for example_external_task_marker_parent to None, run_after=None
[2026-05-19T17:43:23.233+0000] {processor.py:183} INFO - Processing /home/airflow/.local/lib/python3.12/site-packages/airflow/example_dags/example_external_task_marker_dag.py took 0.104 seconds
[2026-05-19T17:43:53.382+0000] {processor.py:161} INFO - Started process (PID=6973) to work on /home/airflow/.local/lib/python3.12/site-packages/airflow/example_dags/example_external_task_marker_dag.py
[2026-05-19T17:43:53.383+0000] {processor.py:830} INFO - Processing file /home/airflow/.local/lib/python3.12/site-packages/airflow/example_dags/example_external_task_marker_dag.py for tasks to queue
[2026-05-19T17:43:53.385+0000] {logging_mixin.py:188} INFO - [2026-05-19T17:43:53.385+0000] {dagbag.py:545} INFO - Filling up the DagBag from /home/airflow/.local/lib/python3.12/site-packages/airflow/example_dags/example_external_task_marker_dag.py
[2026-05-19T17:43:53.391+0000] {processor.py:840} INFO - DAG(s) 'example_external_task_marker_parent', 'example_external_task_marker_child' retrieved from /home/airflow/.local/lib/python3.12/site-packages/airflow/example_dags/example_external_task_marker_dag.py
[2026-05-19T17:43:53.418+0000] {logging_mixin.py:188} INFO - [2026-05-19T17:43:53.418+0000] {dag.py:3096} INFO - Sync 2 DAGs
[2026-05-19T17:43:53.431+0000] {logging_mixin.py:188} INFO - [2026-05-19T17:43:53.431+0000] {dag.py:3954} INFO - Setting next_dagrun for example_external_task_marker_child to None, run_after=None
[2026-05-19T17:43:53.436+0000] {logging_mixin.py:188} INFO - [2026-05-19T17:43:53.435+0000] {dag.py:3954} INFO - Setting next_dagrun for example_external_task_marker_parent to None, run_after=None
[2026-05-19T17:43:53.457+0000] {processor.py:183} INFO - Processing /home/airflow/.local/lib/python3.12/site-packages/airflow/example_dags/example_external_task_marker_dag.py took 0.081 seconds
[2026-05-19T17:44:23.996+0000] {processor.py:161} INFO - Started process (PID=7032) to work on /home/airflow/.local/lib/python3.12/site-packages/airflow/example_dags/example_external_task_marker_dag.py
[2026-05-19T17:44:23.998+0000] {processor.py:830} INFO - Processing file /home/airflow/.local/lib/python3.12/site-packages/airflow/example_dags/example_external_task_marker_dag.py for tasks to queue
[2026-05-19T17:44:24.001+0000] {logging_mixin.py:188} INFO - [2026-05-19T17:44:24.000+0000] {dagbag.py:545} INFO - Filling up the DagBag from /home/airflow/.local/lib/python3.12/site-packages/airflow/example_dags/example_external_task_marker_dag.py
[2026-05-19T17:44:24.009+0000] {processor.py:840} INFO - DAG(s) 'example_external_task_marker_child', 'example_external_task_marker_parent' retrieved from /home/airflow/.local/lib/python3.12/site-packages/airflow/example_dags/example_external_task_marker_dag.py
[2026-05-19T17:44:24.039+0000] {logging_mixin.py:188} INFO - [2026-05-19T17:44:24.039+0000] {dag.py:3096} INFO - Sync 2 DAGs
[2026-05-19T17:44:24.057+0000] {logging_mixin.py:188} INFO - [2026-05-19T17:44:24.057+0000] {dag.py:3954} INFO - Setting next_dagrun for example_external_task_marker_child to None, run_after=None
[2026-05-19T17:44:24.061+0000] {logging_mixin.py:188} INFO - [2026-05-19T17:44:24.061+0000] {dag.py:3954} INFO - Setting next_dagrun for example_external_task_marker_parent to None, run_after=None
[2026-05-19T17:44:24.081+0000] {processor.py:183} INFO - Processing /home/airflow/.local/lib/python3.12/site-packages/airflow/example_dags/example_external_task_marker_dag.py took 0.092 seconds
[2026-05-19T17:44:54.537+0000] {processor.py:161} INFO - Started process (PID=7091) to work on /home/airflow/.local/lib/python3.12/site-packages/airflow/example_dags/example_external_task_marker_dag.py
[2026-05-19T17:44:54.538+0000] {processor.py:830} INFO - Processing file /home/airflow/.local/lib/python3.12/site-packages/airflow/example_dags/example_external_task_marker_dag.py for tasks to queue
[2026-05-19T17:44:54.541+0000] {logging_mixin.py:188} INFO - [2026-05-19T17:44:54.541+0000] {dagbag.py:545} INFO - Filling up the DagBag from /home/airflow/.local/lib/python3.12/site-packages/airflow/example_dags/example_external_task_marker_dag.py
[2026-05-19T17:44:54.547+0000] {processor.py:840} INFO - DAG(s) 'example_external_task_marker_child', 'example_external_task_marker_parent' retrieved from /home/airflow/.local/lib/python3.12/site-packages/airflow/example_dags/example_external_task_marker_dag.py
[2026-05-19T17:44:54.579+0000] {logging_mixin.py:188} INFO - [2026-05-19T17:44:54.579+0000] {dag.py:3096} INFO - Sync 2 DAGs
[2026-05-19T17:44:54.594+0000] {logging_mixin.py:188} INFO - [2026-05-19T17:44:54.593+0000] {dag.py:3954} INFO - Setting next_dagrun for example_external_task_marker_child to None, run_after=None
[2026-05-19T17:44:54.599+0000] {logging_mixin.py:188} INFO - [2026-05-19T17:44:54.598+0000] {dag.py:3954} INFO - Setting next_dagrun for example_external_task_marker_parent to None, run_after=None
[2026-05-19T17:44:54.621+0000] {processor.py:183} INFO - Processing /home/airflow/.local/lib/python3.12/site-packages/airflow/example_dags/example_external_task_marker_dag.py took 0.091 seconds
[2026-05-19T17:45:24.766+0000] {processor.py:161} INFO - Started process (PID=7150) to work on /home/airflow/.local/lib/python3.12/site-packages/airflow/example_dags/example_external_task_marker_dag.py
[2026-05-19T17:45:24.767+0000] {processor.py:830} INFO - Processing file /home/airflow/.local/lib/python3.12/site-packages/airflow/example_dags/example_external_task_marker_dag.py for tasks to queue
[2026-05-19T17:45:24.770+0000] {logging_mixin.py:188} INFO - [2026-05-19T17:45:24.769+0000] {dagbag.py:545} INFO - Filling up the DagBag from /home/airflow/.local/lib/python3.12/site-packages/airflow/example_dags/example_external_task_marker_dag.py
[2026-05-19T17:45:24.776+0000] {processor.py:840} INFO - DAG(s) 'example_external_task_marker_parent', 'example_external_task_marker_child' retrieved from /home/airflow/.local/lib/python3.12/site-packages/airflow/example_dags/example_external_task_marker_dag.py
[2026-05-19T17:45:24.805+0000] {logging_mixin.py:188} INFO - [2026-05-19T17:45:24.804+0000] {dag.py:3096} INFO - Sync 2 DAGs
[2026-05-19T17:45:24.822+0000] {logging_mixin.py:188} INFO - [2026-05-19T17:45:24.822+0000] {dag.py:3954} INFO - Setting next_dagrun for example_external_task_marker_child to None, run_after=None
[2026-05-19T17:45:24.829+0000] {logging_mixin.py:188} INFO - [2026-05-19T17:45:24.828+0000] {dag.py:3954} INFO - Setting next_dagrun for example_external_task_marker_parent to None, run_after=None
[2026-05-19T17:45:24.871+0000] {processor.py:183} INFO - Processing /home/airflow/.local/lib/python3.12/site-packages/airflow/example_dags/example_external_task_marker_dag.py took 0.112 seconds
[2026-05-19T17:45:55.039+0000] {processor.py:161} INFO - Started process (PID=7209) to work on /home/airflow/.local/lib/python3.12/site-packages/airflow/example_dags/example_external_task_marker_dag.py
[2026-05-19T17:45:55.040+0000] {processor.py:830} INFO - Processing file /home/airflow/.local/lib/python3.12/site-packages/airflow/example_dags/example_external_task_marker_dag.py for tasks to queue
[2026-05-19T17:45:55.042+0000] {logging_mixin.py:188} INFO - [2026-05-19T17:45:55.042+0000] {dagbag.py:545} INFO - Filling up the DagBag from /home/airflow/.local/lib/python3.12/site-packages/airflow/example_dags/example_external_task_marker_dag.py
[2026-05-19T17:45:55.051+0000] {processor.py:840} INFO - DAG(s) 'example_external_task_marker_parent', 'example_external_task_marker_child' retrieved from /home/airflow/.local/lib/python3.12/site-packages/airflow/example_dags/example_external_task_marker_dag.py
[2026-05-19T17:45:55.078+0000] {logging_mixin.py:188} INFO - [2026-05-19T17:45:55.078+0000] {dag.py:3096} INFO - Sync 2 DAGs
[2026-05-19T17:45:55.092+0000] {logging_mixin.py:188} INFO - [2026-05-19T17:45:55.092+0000] {dag.py:3954} INFO - Setting next_dagrun for example_external_task_marker_child to None, run_after=None
[2026-05-19T17:45:55.100+0000] {logging_mixin.py:188} INFO - [2026-05-19T17:45:55.100+0000] {dag.py:3954} INFO - Setting next_dagrun for example_external_task_marker_parent to None, run_after=None
[2026-05-19T17:45:55.123+0000] {processor.py:183} INFO - Processing /home/airflow/.local/lib/python3.12/site-packages/airflow/example_dags/example_external_task_marker_dag.py took 0.090 seconds
[2026-05-19T17:47:22.562+0000] {processor.py:161} INFO - Started process (PID=107) to work on /home/airflow/.local/lib/python3.12/site-packages/airflow/example_dags/example_external_task_marker_dag.py
[2026-05-19T17:47:22.564+0000] {processor.py:830} INFO - Processing file /home/airflow/.local/lib/python3.12/site-packages/airflow/example_dags/example_external_task_marker_dag.py for tasks to queue
[2026-05-19T17:47:22.567+0000] {logging_mixin.py:188} INFO - [2026-05-19T17:47:22.567+0000] {dagbag.py:545} INFO - Filling up the DagBag from /home/airflow/.local/lib/python3.12/site-packages/airflow/example_dags/example_external_task_marker_dag.py
[2026-05-19T17:47:22.582+0000] {processor.py:840} INFO - DAG(s) 'example_external_task_marker_parent', 'example_external_task_marker_child' retrieved from /home/airflow/.local/lib/python3.12/site-packages/airflow/example_dags/example_external_task_marker_dag.py
[2026-05-19T17:47:22.752+0000] {logging_mixin.py:188} INFO - [2026-05-19T17:47:22.752+0000] {dag.py:3096} INFO - Sync 2 DAGs
[2026-05-19T17:47:22.770+0000] {logging_mixin.py:188} INFO - [2026-05-19T17:47:22.770+0000] {dag.py:3954} INFO - Setting next_dagrun for example_external_task_marker_child to None, run_after=None
[2026-05-19T17:47:22.775+0000] {logging_mixin.py:188} INFO - [2026-05-19T17:47:22.774+0000] {dag.py:3954} INFO - Setting next_dagrun for example_external_task_marker_parent to None, run_after=None
[2026-05-19T17:47:22.803+0000] {processor.py:183} INFO - Processing /home/airflow/.local/lib/python3.12/site-packages/airflow/example_dags/example_external_task_marker_dag.py took 0.248 seconds
[2026-05-19T17:47:53.679+0000] {processor.py:161} INFO - Started process (PID=165) to work on /home/airflow/.local/lib/python3.12/site-packages/airflow/example_dags/example_external_task_marker_dag.py
[2026-05-19T17:47:53.680+0000] {processor.py:830} INFO - Processing file /home/airflow/.local/lib/python3.12/site-packages/airflow/example_dags/example_external_task_marker_dag.py for tasks to queue
[2026-05-19T17:47:53.682+0000] {logging_mixin.py:188} INFO - [2026-05-19T17:47:53.682+0000] {dagbag.py:545} INFO - Filling up the DagBag from /home/airflow/.local/lib/python3.12/site-packages/airflow/example_dags/example_external_task_marker_dag.py
[2026-05-19T17:47:53.688+0000] {processor.py:840} INFO - DAG(s) 'example_external_task_marker_child', 'example_external_task_marker_parent' retrieved from /home/airflow/.local/lib/python3.12/site-packages/airflow/example_dags/example_external_task_marker_dag.py
[2026-05-19T17:47:53.712+0000] {logging_mixin.py:188} INFO - [2026-05-19T17:47:53.712+0000] {dag.py:3096} INFO - Sync 2 DAGs
[2026-05-19T17:47:53.724+0000] {logging_mixin.py:188} INFO - [2026-05-19T17:47:53.724+0000] {dag.py:3954} INFO - Setting next_dagrun for example_external_task_marker_child to None, run_after=None
[2026-05-19T17:47:53.728+0000] {logging_mixin.py:188} INFO - [2026-05-19T17:47:53.728+0000] {dag.py:3954} INFO - Setting next_dagrun for example_external_task_marker_parent to None, run_after=None
[2026-05-19T17:47:53.744+0000] {processor.py:183} INFO - Processing /home/airflow/.local/lib/python3.12/site-packages/airflow/example_dags/example_external_task_marker_dag.py took 0.070 seconds
[2026-05-19T17:48:23.907+0000] {processor.py:161} INFO - Started process (PID=223) to work on /home/airflow/.local/lib/python3.12/site-packages/airflow/example_dags/example_external_task_marker_dag.py
[2026-05-19T17:48:23.907+0000] {processor.py:830} INFO - Processing file /home/airflow/.local/lib/python3.12/site-packages/airflow/example_dags/example_external_task_marker_dag.py for tasks to queue
[2026-05-19T17:48:23.909+0000] {logging_mixin.py:188} INFO - [2026-05-19T17:48:23.909+0000] {dagbag.py:545} INFO - Filling up the DagBag from /home/airflow/.local/lib/python3.12/site-packages/airflow/example_dags/example_external_task_marker_dag.py
[2026-05-19T17:48:23.914+0000] {processor.py:840} INFO - DAG(s) 'example_external_task_marker_parent', 'example_external_task_marker_child' retrieved from /home/airflow/.local/lib/python3.12/site-packages/airflow/example_dags/example_external_task_marker_dag.py
[2026-05-19T17:48:23.939+0000] {logging_mixin.py:188} INFO - [2026-05-19T17:48:23.939+0000] {dag.py:3096} INFO - Sync 2 DAGs
[2026-05-19T17:48:23.950+0000] {logging_mixin.py:188} INFO - [2026-05-19T17:48:23.950+0000] {dag.py:3954} INFO - Setting next_dagrun for example_external_task_marker_child to None, run_after=None
[2026-05-19T17:48:23.955+0000] {logging_mixin.py:188} INFO - [2026-05-19T17:48:23.954+0000] {dag.py:3954} INFO - Setting next_dagrun for example_external_task_marker_parent to None, run_after=None
[2026-05-19T17:48:23.993+0000] {processor.py:183} INFO - Processing /home/airflow/.local/lib/python3.12/site-packages/airflow/example_dags/example_external_task_marker_dag.py took 0.093 seconds
[2026-05-19T17:48:54.422+0000] {processor.py:161} INFO - Started process (PID=282) to work on /home/airflow/.local/lib/python3.12/site-packages/airflow/example_dags/example_external_task_marker_dag.py
[2026-05-19T17:48:54.423+0000] {processor.py:830} INFO - Processing file /home/airflow/.local/lib/python3.12/site-packages/airflow/example_dags/example_external_task_marker_dag.py for tasks to queue
[2026-05-19T17:48:54.426+0000] {logging_mixin.py:188} INFO - [2026-05-19T17:48:54.425+0000] {dagbag.py:545} INFO - Filling up the DagBag from /home/airflow/.local/lib/python3.12/site-packages/airflow/example_dags/example_external_task_marker_dag.py
[2026-05-19T17:48:54.431+0000] {processor.py:840} INFO - DAG(s) 'example_external_task_marker_child', 'example_external_task_marker_parent' retrieved from /home/airflow/.local/lib/python3.12/site-packages/airflow/example_dags/example_external_task_marker_dag.py
[2026-05-19T17:48:54.455+0000] {logging_mixin.py:188} INFO - [2026-05-19T17:48:54.454+0000] {dag.py:3096} INFO - Sync 2 DAGs
[2026-05-19T17:48:54.469+0000] {logging_mixin.py:188} INFO - [2026-05-19T17:48:54.468+0000] {dag.py:3954} INFO - Setting next_dagrun for example_external_task_marker_child to None, run_after=None
[2026-05-19T17:48:54.475+0000] {logging_mixin.py:188} INFO - [2026-05-19T17:48:54.475+0000] {dag.py:3954} INFO - Setting next_dagrun for example_external_task_marker_parent to None, run_after=None
[2026-05-19T17:48:54.503+0000] {processor.py:183} INFO - Processing /home/airflow/.local/lib/python3.12/site-packages/airflow/example_dags/example_external_task_marker_dag.py took 0.088 seconds
[2026-05-19T17:49:24.857+0000] {processor.py:161} INFO - Started process (PID=340) to work on /home/airflow/.local/lib/python3.12/site-packages/airflow/example_dags/example_external_task_marker_dag.py
[2026-05-19T17:49:24.858+0000] {processor.py:830} INFO - Processing file /home/airflow/.local/lib/python3.12/site-packages/airflow/example_dags/example_external_task_marker_dag.py for tasks to queue
[2026-05-19T17:49:24.861+0000] {logging_mixin.py:188} INFO - [2026-05-19T17:49:24.860+0000] {dagbag.py:545} INFO - Filling up the DagBag from /home/airflow/.local/lib/python3.12/site-packages/airflow/example_dags/example_external_task_marker_dag.py
[2026-05-19T17:49:24.866+0000] {processor.py:840} INFO - DAG(s) 'example_external_task_marker_parent', 'example_external_task_marker_child' retrieved from /home/airflow/.local/lib/python3.12/site-packages/airflow/example_dags/example_external_task_marker_dag.py
[2026-05-19T17:49:24.890+0000] {logging_mixin.py:188} INFO - [2026-05-19T17:49:24.889+0000] {dag.py:3096} INFO - Sync 2 DAGs
[2026-05-19T17:49:24.901+0000] {logging_mixin.py:188} INFO - [2026-05-19T17:49:24.901+0000] {dag.py:3954} INFO - Setting next_dagrun for example_external_task_marker_child to None, run_after=None
[2026-05-19T17:49:24.905+0000] {logging_mixin.py:188} INFO - [2026-05-19T17:49:24.905+0000] {dag.py:3954} INFO - Setting next_dagrun for example_external_task_marker_parent to None, run_after=None
[2026-05-19T17:49:24.944+0000] {processor.py:183} INFO - Processing /home/airflow/.local/lib/python3.12/site-packages/airflow/example_dags/example_external_task_marker_dag.py took 0.093 seconds
[2026-05-19T17:49:55.786+0000] {processor.py:161} INFO - Started process (PID=398) to work on /home/airflow/.local/lib/python3.12/site-packages/airflow/example_dags/example_external_task_marker_dag.py
[2026-05-19T17:49:55.787+0000] {processor.py:830} INFO - Processing file /home/airflow/.local/lib/python3.12/site-packages/airflow/example_dags/example_external_task_marker_dag.py for tasks to queue
[2026-05-19T17:49:55.789+0000] {logging_mixin.py:188} INFO - [2026-05-19T17:49:55.789+0000] {dagbag.py:545} INFO - Filling up the DagBag from /home/airflow/.local/lib/python3.12/site-packages/airflow/example_dags/example_external_task_marker_dag.py
[2026-05-19T17:49:55.794+0000] {processor.py:840} INFO - DAG(s) 'example_external_task_marker_child', 'example_external_task_marker_parent' retrieved from /home/airflow/.local/lib/python3.12/site-packages/airflow/example_dags/example_external_task_marker_dag.py
[2026-05-19T17:49:55.818+0000] {logging_mixin.py:188} INFO - [2026-05-19T17:49:55.817+0000] {dag.py:3096} INFO - Sync 2 DAGs
[2026-05-19T17:49:55.830+0000] {logging_mixin.py:188} INFO - [2026-05-19T17:49:55.830+0000] {dag.py:3954} INFO - Setting next_dagrun for example_external_task_marker_child to None, run_after=None
[2026-05-19T17:49:55.834+0000] {logging_mixin.py:188} INFO - [2026-05-19T17:49:55.834+0000] {dag.py:3954} INFO - Setting next_dagrun for example_external_task_marker_parent to None, run_after=None
[2026-05-19T17:49:55.872+0000] {processor.py:183} INFO - Processing /home/airflow/.local/lib/python3.12/site-packages/airflow/example_dags/example_external_task_marker_dag.py took 0.090 seconds
[2026-05-19T17:50:26.317+0000] {processor.py:161} INFO - Started process (PID=457) to work on /home/airflow/.local/lib/python3.12/site-packages/airflow/example_dags/example_external_task_marker_dag.py
[2026-05-19T17:50:26.319+0000] {processor.py:830} INFO - Processing file /home/airflow/.local/lib/python3.12/site-packages/airflow/example_dags/example_external_task_marker_dag.py for tasks to queue
[2026-05-19T17:50:26.322+0000] {logging_mixin.py:188} INFO - [2026-05-19T17:50:26.321+0000] {dagbag.py:545} INFO - Filling up the DagBag from /home/airflow/.local/lib/python3.12/site-packages/airflow/example_dags/example_external_task_marker_dag.py
[2026-05-19T17:50:26.328+0000] {processor.py:840} INFO - DAG(s) 'example_external_task_marker_child', 'example_external_task_marker_parent' retrieved from /home/airflow/.local/lib/python3.12/site-packages/airflow/example_dags/example_external_task_marker_dag.py
[2026-05-19T17:50:26.357+0000] {logging_mixin.py:188} INFO - [2026-05-19T17:50:26.357+0000] {dag.py:3096} INFO - Sync 2 DAGs
[2026-05-19T17:50:26.369+0000] {logging_mixin.py:188} INFO - [2026-05-19T17:50:26.369+0000] {dag.py:3954} INFO - Setting next_dagrun for example_external_task_marker_child to None, run_after=None
[2026-05-19T17:50:26.373+0000] {logging_mixin.py:188} INFO - [2026-05-19T17:50:26.372+0000] {dag.py:3954} INFO - Setting next_dagrun for example_external_task_marker_parent to None, run_after=None
[2026-05-19T17:50:26.389+0000] {processor.py:183} INFO - Processing /home/airflow/.local/lib/python3.12/site-packages/airflow/example_dags/example_external_task_marker_dag.py took 0.078 seconds
[2026-05-19T17:50:56.493+0000] {processor.py:161} INFO - Started process (PID=515) to work on /home/airflow/.local/lib/python3.12/site-packages/airflow/example_dags/example_external_task_marker_dag.py
[2026-05-19T17:50:56.495+0000] {processor.py:830} INFO - Processing file /home/airflow/.local/lib/python3.12/site-packages/airflow/example_dags/example_external_task_marker_dag.py for tasks to queue
[2026-05-19T17:50:56.498+0000] {logging_mixin.py:188} INFO - [2026-05-19T17:50:56.497+0000] {dagbag.py:545} INFO - Filling up the DagBag from /home/airflow/.local/lib/python3.12/site-packages/airflow/example_dags/example_external_task_marker_dag.py
[2026-05-19T17:50:56.508+0000] {processor.py:840} INFO - DAG(s) 'example_external_task_marker_parent', 'example_external_task_marker_child' retrieved from /home/airflow/.local/lib/python3.12/site-packages/airflow/example_dags/example_external_task_marker_dag.py
[2026-05-19T17:50:56.544+0000] {logging_mixin.py:188} INFO - [2026-05-19T17:50:56.544+0000] {dag.py:3096} INFO - Sync 2 DAGs
[2026-05-19T17:50:56.563+0000] {logging_mixin.py:188} INFO - [2026-05-19T17:50:56.563+0000] {dag.py:3954} INFO - Setting next_dagrun for example_external_task_marker_child to None, run_after=None
[2026-05-19T17:50:56.570+0000] {logging_mixin.py:188} INFO - [2026-05-19T17:50:56.570+0000] {dag.py:3954} INFO - Setting next_dagrun for example_external_task_marker_parent to None, run_after=None
[2026-05-19T17:50:56.593+0000] {processor.py:183} INFO - Processing /home/airflow/.local/lib/python3.12/site-packages/airflow/example_dags/example_external_task_marker_dag.py took 0.110 seconds
[2026-05-19T17:51:27.325+0000] {processor.py:161} INFO - Started process (PID=573) to work on /home/airflow/.local/lib/python3.12/site-packages/airflow/example_dags/example_external_task_marker_dag.py
[2026-05-19T17:51:27.326+0000] {processor.py:830} INFO - Processing file /home/airflow/.local/lib/python3.12/site-packages/airflow/example_dags/example_external_task_marker_dag.py for tasks to queue
[2026-05-19T17:51:27.328+0000] {logging_mixin.py:188} INFO - [2026-05-19T17:51:27.327+0000] {dagbag.py:545} INFO - Filling up the DagBag from /home/airflow/.local/lib/python3.12/site-packages/airflow/example_dags/example_external_task_marker_dag.py
[2026-05-19T17:51:27.335+0000] {processor.py:840} INFO - DAG(s) 'example_external_task_marker_child', 'example_external_task_marker_parent' retrieved from /home/airflow/.local/lib/python3.12/site-packages/airflow/example_dags/example_external_task_marker_dag.py
[2026-05-19T17:51:27.356+0000] {logging_mixin.py:188} INFO - [2026-05-19T17:51:27.356+0000] {dag.py:3096} INFO - Sync 2 DAGs
[2026-05-19T17:51:27.366+0000] {logging_mixin.py:188} INFO - [2026-05-19T17:51:27.366+0000] {dag.py:3954} INFO - Setting next_dagrun for example_external_task_marker_child to None, run_after=None
[2026-05-19T17:51:27.370+0000] {logging_mixin.py:188} INFO - [2026-05-19T17:51:27.370+0000] {dag.py:3954} INFO - Setting next_dagrun for example_external_task_marker_parent to None, run_after=None
[2026-05-19T17:51:27.384+0000] {processor.py:183} INFO - Processing /home/airflow/.local/lib/python3.12/site-packages/airflow/example_dags/example_external_task_marker_dag.py took 0.065 seconds
[2026-05-19T17:51:57.952+0000] {processor.py:161} INFO - Started process (PID=631) to work on /home/airflow/.local/lib/python3.12/site-packages/airflow/example_dags/example_external_task_marker_dag.py
[2026-05-19T17:51:57.954+0000] {processor.py:830} INFO - Processing file /home/airflow/.local/lib/python3.12/site-packages/airflow/example_dags/example_external_task_marker_dag.py for tasks to queue
[2026-05-19T17:51:57.956+0000] {logging_mixin.py:188} INFO - [2026-05-19T17:51:57.956+0000] {dagbag.py:545} INFO - Filling up the DagBag from /home/airflow/.local/lib/python3.12/site-packages/airflow/example_dags/example_external_task_marker_dag.py
[2026-05-19T17:51:57.963+0000] {processor.py:840} INFO - DAG(s) 'example_external_task_marker_parent', 'example_external_task_marker_child' retrieved from /home/airflow/.local/lib/python3.12/site-packages/airflow/example_dags/example_external_task_marker_dag.py
[2026-05-19T17:51:57.990+0000] {logging_mixin.py:188} INFO - [2026-05-19T17:51:57.990+0000] {dag.py:3096} INFO - Sync 2 DAGs
[2026-05-19T17:51:58.004+0000] {logging_mixin.py:188} INFO - [2026-05-19T17:51:58.004+0000] {dag.py:3954} INFO - Setting next_dagrun for example_external_task_marker_child to None, run_after=None
[2026-05-19T17:51:58.011+0000] {logging_mixin.py:188} INFO - [2026-05-19T17:51:58.011+0000] {dag.py:3954} INFO - Setting next_dagrun for example_external_task_marker_parent to None, run_after=None
[2026-05-19T17:51:58.038+0000] {processor.py:183} INFO - Processing /home/airflow/.local/lib/python3.12/site-packages/airflow/example_dags/example_external_task_marker_dag.py took 0.093 seconds
[2026-05-19T17:52:28.780+0000] {processor.py:161} INFO - Started process (PID=689) to work on /home/airflow/.local/lib/python3.12/site-packages/airflow/example_dags/example_external_task_marker_dag.py
[2026-05-19T17:52:28.781+0000] {processor.py:830} INFO - Processing file /home/airflow/.local/lib/python3.12/site-packages/airflow/example_dags/example_external_task_marker_dag.py for tasks to queue
[2026-05-19T17:52:28.786+0000] {logging_mixin.py:188} INFO - [2026-05-19T17:52:28.786+0000] {dagbag.py:545} INFO - Filling up the DagBag from /home/airflow/.local/lib/python3.12/site-packages/airflow/example_dags/example_external_task_marker_dag.py
[2026-05-19T17:52:28.792+0000] {processor.py:840} INFO - DAG(s) 'example_external_task_marker_child', 'example_external_task_marker_parent' retrieved from /home/airflow/.local/lib/python3.12/site-packages/airflow/example_dags/example_external_task_marker_dag.py
[2026-05-19T17:52:28.814+0000] {logging_mixin.py:188} INFO - [2026-05-19T17:52:28.814+0000] {dag.py:3096} INFO - Sync 2 DAGs
[2026-05-19T17:52:28.826+0000] {logging_mixin.py:188} INFO - [2026-05-19T17:52:28.825+0000] {dag.py:3954} INFO - Setting next_dagrun for example_external_task_marker_child to None, run_after=None
[2026-05-19T17:52:28.830+0000] {logging_mixin.py:188} INFO - [2026-05-19T17:52:28.829+0000] {dag.py:3954} INFO - Setting next_dagrun for example_external_task_marker_parent to None, run_after=None
[2026-05-19T17:52:28.850+0000] {processor.py:183} INFO - Processing /home/airflow/.local/lib/python3.12/site-packages/airflow/example_dags/example_external_task_marker_dag.py took 0.077 seconds
[2026-05-19T17:52:59.570+0000] {processor.py:161} INFO - Started process (PID=747) to work on /home/airflow/.local/lib/python3.12/site-packages/airflow/example_dags/example_external_task_marker_dag.py
[2026-05-19T17:52:59.571+0000] {processor.py:830} INFO - Processing file /home/airflow/.local/lib/python3.12/site-packages/airflow/example_dags/example_external_task_marker_dag.py for tasks to queue
[2026-05-19T17:52:59.574+0000] {logging_mixin.py:188} INFO - [2026-05-19T17:52:59.573+0000] {dagbag.py:545} INFO - Filling up the DagBag from /home/airflow/.local/lib/python3.12/site-packages/airflow/example_dags/example_external_task_marker_dag.py
[2026-05-19T17:52:59.582+0000] {processor.py:840} INFO - DAG(s) 'example_external_task_marker_parent', 'example_external_task_marker_child' retrieved from /home/airflow/.local/lib/python3.12/site-packages/airflow/example_dags/example_external_task_marker_dag.py
[2026-05-19T17:52:59.615+0000] {logging_mixin.py:188} INFO - [2026-05-19T17:52:59.615+0000] {dag.py:3096} INFO - Sync 2 DAGs
[2026-05-19T17:52:59.630+0000] {logging_mixin.py:188} INFO - [2026-05-19T17:52:59.630+0000] {dag.py:3954} INFO - Setting next_dagrun for example_external_task_marker_child to None, run_after=None
[2026-05-19T17:52:59.634+0000] {logging_mixin.py:188} INFO - [2026-05-19T17:52:59.634+0000] {dag.py:3954} INFO - Setting next_dagrun for example_external_task_marker_parent to None, run_after=None
[2026-05-19T17:52:59.659+0000] {processor.py:183} INFO - Processing /home/airflow/.local/lib/python3.12/site-packages/airflow/example_dags/example_external_task_marker_dag.py took 0.097 seconds
[2026-05-19T17:53:30.107+0000] {processor.py:161} INFO - Started process (PID=805) to work on /home/airflow/.local/lib/python3.12/site-packages/airflow/example_dags/example_external_task_marker_dag.py
[2026-05-19T17:53:30.108+0000] {processor.py:830} INFO - Processing file /home/airflow/.local/lib/python3.12/site-packages/airflow/example_dags/example_external_task_marker_dag.py for tasks to queue
[2026-05-19T17:53:30.110+0000] {logging_mixin.py:188} INFO - [2026-05-19T17:53:30.110+0000] {dagbag.py:545} INFO - Filling up the DagBag from /home/airflow/.local/lib/python3.12/site-packages/airflow/example_dags/example_external_task_marker_dag.py
[2026-05-19T17:53:30.116+0000] {processor.py:840} INFO - DAG(s) 'example_external_task_marker_child', 'example_external_task_marker_parent' retrieved from /home/airflow/.local/lib/python3.12/site-packages/airflow/example_dags/example_external_task_marker_dag.py
[2026-05-19T17:53:30.141+0000] {logging_mixin.py:188} INFO - [2026-05-19T17:53:30.141+0000] {dag.py:3096} INFO - Sync 2 DAGs
[2026-05-19T17:53:30.155+0000] {logging_mixin.py:188} INFO - [2026-05-19T17:53:30.154+0000] {dag.py:3954} INFO - Setting next_dagrun for example_external_task_marker_child to None, run_after=None
[2026-05-19T17:53:30.159+0000] {logging_mixin.py:188} INFO - [2026-05-19T17:53:30.159+0000] {dag.py:3954} INFO - Setting next_dagrun for example_external_task_marker_parent to None, run_after=None
[2026-05-19T17:53:30.178+0000] {processor.py:183} INFO - Processing /home/airflow/.local/lib/python3.12/site-packages/airflow/example_dags/example_external_task_marker_dag.py took 0.076 seconds
[2026-05-19T17:54:00.387+0000] {processor.py:161} INFO - Started process (PID=863) to work on /home/airflow/.local/lib/python3.12/site-packages/airflow/example_dags/example_external_task_marker_dag.py
[2026-05-19T17:54:00.388+0000] {processor.py:830} INFO - Processing file /home/airflow/.local/lib/python3.12/site-packages/airflow/example_dags/example_external_task_marker_dag.py for tasks to queue
[2026-05-19T17:54:00.392+0000] {logging_mixin.py:188} INFO - [2026-05-19T17:54:00.391+0000] {dagbag.py:545} INFO - Filling up the DagBag from /home/airflow/.local/lib/python3.12/site-packages/airflow/example_dags/example_external_task_marker_dag.py
[2026-05-19T17:54:00.402+0000] {processor.py:840} INFO - DAG(s) 'example_external_task_marker_child', 'example_external_task_marker_parent' retrieved from /home/airflow/.local/lib/python3.12/site-packages/airflow/example_dags/example_external_task_marker_dag.py
[2026-05-19T17:54:00.445+0000] {logging_mixin.py:188} INFO - [2026-05-19T17:54:00.445+0000] {dag.py:3096} INFO - Sync 2 DAGs
[2026-05-19T17:54:00.469+0000] {logging_mixin.py:188} INFO - [2026-05-19T17:54:00.469+0000] {dag.py:3954} INFO - Setting next_dagrun for example_external_task_marker_child to None, run_after=None
[2026-05-19T17:54:00.476+0000] {logging_mixin.py:188} INFO - [2026-05-19T17:54:00.475+0000] {dag.py:3954} INFO - Setting next_dagrun for example_external_task_marker_parent to None, run_after=None
[2026-05-19T17:54:00.513+0000] {processor.py:183} INFO - Processing /home/airflow/.local/lib/python3.12/site-packages/airflow/example_dags/example_external_task_marker_dag.py took 0.136 seconds
[2026-05-19T17:54:31.042+0000] {processor.py:161} INFO - Started process (PID=921) to work on /home/airflow/.local/lib/python3.12/site-packages/airflow/example_dags/example_external_task_marker_dag.py
[2026-05-19T17:54:31.044+0000] {processor.py:830} INFO - Processing file /home/airflow/.local/lib/python3.12/site-packages/airflow/example_dags/example_external_task_marker_dag.py for tasks to queue
[2026-05-19T17:54:31.047+0000] {logging_mixin.py:188} INFO - [2026-05-19T17:54:31.046+0000] {dagbag.py:545} INFO - Filling up the DagBag from /home/airflow/.local/lib/python3.12/site-packages/airflow/example_dags/example_external_task_marker_dag.py
[2026-05-19T17:54:31.053+0000] {processor.py:840} INFO - DAG(s) 'example_external_task_marker_child', 'example_external_task_marker_parent' retrieved from /home/airflow/.local/lib/python3.12/site-packages/airflow/example_dags/example_external_task_marker_dag.py
[2026-05-19T17:54:31.083+0000] {logging_mixin.py:188} INFO - [2026-05-19T17:54:31.083+0000] {dag.py:3096} INFO - Sync 2 DAGs
[2026-05-19T17:54:31.098+0000] {logging_mixin.py:188} INFO - [2026-05-19T17:54:31.098+0000] {dag.py:3954} INFO - Setting next_dagrun for example_external_task_marker_child to None, run_after=None
[2026-05-19T17:54:31.105+0000] {logging_mixin.py:188} INFO - [2026-05-19T17:54:31.105+0000] {dag.py:3954} INFO - Setting next_dagrun for example_external_task_marker_parent to None, run_after=None
[2026-05-19T17:54:31.132+0000] {processor.py:183} INFO - Processing /home/airflow/.local/lib/python3.12/site-packages/airflow/example_dags/example_external_task_marker_dag.py took 0.096 seconds
[2026-05-19T17:55:01.251+0000] {processor.py:161} INFO - Started process (PID=978) to work on /home/airflow/.local/lib/python3.12/site-packages/airflow/example_dags/example_external_task_marker_dag.py
[2026-05-19T17:55:01.252+0000] {processor.py:830} INFO - Processing file /home/airflow/.local/lib/python3.12/site-packages/airflow/example_dags/example_external_task_marker_dag.py for tasks to queue
[2026-05-19T17:55:01.256+0000] {logging_mixin.py:188} INFO - [2026-05-19T17:55:01.255+0000] {dagbag.py:545} INFO - Filling up the DagBag from /home/airflow/.local/lib/python3.12/site-packages/airflow/example_dags/example_external_task_marker_dag.py
[2026-05-19T17:55:01.261+0000] {processor.py:840} INFO - DAG(s) 'example_external_task_marker_parent', 'example_external_task_marker_child' retrieved from /home/airflow/.local/lib/python3.12/site-packages/airflow/example_dags/example_external_task_marker_dag.py
[2026-05-19T17:55:01.288+0000] {logging_mixin.py:188} INFO - [2026-05-19T17:55:01.288+0000] {dag.py:3096} INFO - Sync 2 DAGs
[2026-05-19T17:55:01.303+0000] {logging_mixin.py:188} INFO - [2026-05-19T17:55:01.303+0000] {dag.py:3954} INFO - Setting next_dagrun for example_external_task_marker_child to None, run_after=None
[2026-05-19T17:55:01.307+0000] {logging_mixin.py:188} INFO - [2026-05-19T17:55:01.307+0000] {dag.py:3954} INFO - Setting next_dagrun for example_external_task_marker_parent to None, run_after=None
[2026-05-19T17:55:01.328+0000] {processor.py:183} INFO - Processing /home/airflow/.local/lib/python3.12/site-packages/airflow/example_dags/example_external_task_marker_dag.py took 0.082 seconds
[2026-05-19T17:55:31.442+0000] {processor.py:161} INFO - Started process (PID=1036) to work on /home/airflow/.local/lib/python3.12/site-packages/airflow/example_dags/example_external_task_marker_dag.py
[2026-05-19T17:55:31.443+0000] {processor.py:830} INFO - Processing file /home/airflow/.local/lib/python3.12/site-packages/airflow/example_dags/example_external_task_marker_dag.py for tasks to queue
[2026-05-19T17:55:31.445+0000] {logging_mixin.py:188} INFO - [2026-05-19T17:55:31.445+0000] {dagbag.py:545} INFO - Filling up the DagBag from /home/airflow/.local/lib/python3.12/site-packages/airflow/example_dags/example_external_task_marker_dag.py
[2026-05-19T17:55:31.454+0000] {processor.py:840} INFO - DAG(s) 'example_external_task_marker_child', 'example_external_task_marker_parent' retrieved from /home/airflow/.local/lib/python3.12/site-packages/airflow/example_dags/example_external_task_marker_dag.py
[2026-05-19T17:55:31.479+0000] {logging_mixin.py:188} INFO - [2026-05-19T17:55:31.479+0000] {dag.py:3096} INFO - Sync 2 DAGs
[2026-05-19T17:55:31.493+0000] {logging_mixin.py:188} INFO - [2026-05-19T17:55:31.493+0000] {dag.py:3954} INFO - Setting next_dagrun for example_external_task_marker_child to None, run_after=None
[2026-05-19T17:55:31.496+0000] {logging_mixin.py:188} INFO - [2026-05-19T17:55:31.496+0000] {dag.py:3954} INFO - Setting next_dagrun for example_external_task_marker_parent to None, run_after=None
[2026-05-19T17:55:31.513+0000] {processor.py:183} INFO - Processing /home/airflow/.local/lib/python3.12/site-packages/airflow/example_dags/example_external_task_marker_dag.py took 0.076 seconds
[2026-05-19T17:56:01.865+0000] {processor.py:161} INFO - Started process (PID=1094) to work on /home/airflow/.local/lib/python3.12/site-packages/airflow/example_dags/example_external_task_marker_dag.py
[2026-05-19T17:56:01.867+0000] {processor.py:830} INFO - Processing file /home/airflow/.local/lib/python3.12/site-packages/airflow/example_dags/example_external_task_marker_dag.py for tasks to queue
[2026-05-19T17:56:01.869+0000] {logging_mixin.py:188} INFO - [2026-05-19T17:56:01.868+0000] {dagbag.py:545} INFO - Filling up the DagBag from /home/airflow/.local/lib/python3.12/site-packages/airflow/example_dags/example_external_task_marker_dag.py
[2026-05-19T17:56:01.875+0000] {processor.py:840} INFO - DAG(s) 'example_external_task_marker_parent', 'example_external_task_marker_child' retrieved from /home/airflow/.local/lib/python3.12/site-packages/airflow/example_dags/example_external_task_marker_dag.py
[2026-05-19T17:56:01.898+0000] {logging_mixin.py:188} INFO - [2026-05-19T17:56:01.897+0000] {dag.py:3096} INFO - Sync 2 DAGs
[2026-05-19T17:56:01.911+0000] {logging_mixin.py:188} INFO - [2026-05-19T17:56:01.911+0000] {dag.py:3954} INFO - Setting next_dagrun for example_external_task_marker_child to None, run_after=None
[2026-05-19T17:56:01.915+0000] {logging_mixin.py:188} INFO - [2026-05-19T17:56:01.915+0000] {dag.py:3954} INFO - Setting next_dagrun for example_external_task_marker_parent to None, run_after=None
[2026-05-19T17:56:01.931+0000] {processor.py:183} INFO - Processing /home/airflow/.local/lib/python3.12/site-packages/airflow/example_dags/example_external_task_marker_dag.py took 0.071 seconds
[2026-05-19T17:56:32.217+0000] {processor.py:161} INFO - Started process (PID=1152) to work on /home/airflow/.local/lib/python3.12/site-packages/airflow/example_dags/example_external_task_marker_dag.py
[2026-05-19T17:56:32.218+0000] {processor.py:830} INFO - Processing file /home/airflow/.local/lib/python3.12/site-packages/airflow/example_dags/example_external_task_marker_dag.py for tasks to queue
[2026-05-19T17:56:32.220+0000] {logging_mixin.py:188} INFO - [2026-05-19T17:56:32.220+0000] {dagbag.py:545} INFO - Filling up the DagBag from /home/airflow/.local/lib/python3.12/site-packages/airflow/example_dags/example_external_task_marker_dag.py
[2026-05-19T17:56:32.224+0000] {processor.py:840} INFO - DAG(s) 'example_external_task_marker_child', 'example_external_task_marker_parent' retrieved from /home/airflow/.local/lib/python3.12/site-packages/airflow/example_dags/example_external_task_marker_dag.py
[2026-05-19T17:56:32.243+0000] {logging_mixin.py:188} INFO - [2026-05-19T17:56:32.243+0000] {dag.py:3096} INFO - Sync 2 DAGs
[2026-05-19T17:56:32.252+0000] {logging_mixin.py:188} INFO - [2026-05-19T17:56:32.252+0000] {dag.py:3954} INFO - Setting next_dagrun for example_external_task_marker_child to None, run_after=None
[2026-05-19T17:56:32.256+0000] {logging_mixin.py:188} INFO - [2026-05-19T17:56:32.256+0000] {dag.py:3954} INFO - Setting next_dagrun for example_external_task_marker_parent to None, run_after=None
[2026-05-19T17:56:32.269+0000] {processor.py:183} INFO - Processing /home/airflow/.local/lib/python3.12/site-packages/airflow/example_dags/example_external_task_marker_dag.py took 0.056 seconds
[2026-05-19T17:58:02.357+0000] {processor.py:161} INFO - Started process (PID=106) to work on /home/airflow/.local/lib/python3.12/site-packages/airflow/example_dags/example_external_task_marker_dag.py
[2026-05-19T17:58:02.359+0000] {processor.py:830} INFO - Processing file /home/airflow/.local/lib/python3.12/site-packages/airflow/example_dags/example_external_task_marker_dag.py for tasks to queue
[2026-05-19T17:58:02.362+0000] {logging_mixin.py:188} INFO - [2026-05-19T17:58:02.362+0000] {dagbag.py:545} INFO - Filling up the DagBag from /home/airflow/.local/lib/python3.12/site-packages/airflow/example_dags/example_external_task_marker_dag.py
[2026-05-19T17:58:02.374+0000] {processor.py:840} INFO - DAG(s) 'example_external_task_marker_child', 'example_external_task_marker_parent' retrieved from /home/airflow/.local/lib/python3.12/site-packages/airflow/example_dags/example_external_task_marker_dag.py
[2026-05-19T17:58:02.548+0000] {logging_mixin.py:188} INFO - [2026-05-19T17:58:02.548+0000] {dag.py:3096} INFO - Sync 2 DAGs
[2026-05-19T17:58:02.573+0000] {logging_mixin.py:188} INFO - [2026-05-19T17:58:02.572+0000] {dag.py:3954} INFO - Setting next_dagrun for example_external_task_marker_child to None, run_after=None
[2026-05-19T17:58:02.578+0000] {logging_mixin.py:188} INFO - [2026-05-19T17:58:02.578+0000] {dag.py:3954} INFO - Setting next_dagrun for example_external_task_marker_parent to None, run_after=None
[2026-05-19T17:58:02.608+0000] {processor.py:183} INFO - Processing /home/airflow/.local/lib/python3.12/site-packages/airflow/example_dags/example_external_task_marker_dag.py took 0.260 seconds
[2026-05-19T17:58:32.674+0000] {processor.py:161} INFO - Started process (PID=164) to work on /home/airflow/.local/lib/python3.12/site-packages/airflow/example_dags/example_external_task_marker_dag.py
[2026-05-19T17:58:32.675+0000] {processor.py:830} INFO - Processing file /home/airflow/.local/lib/python3.12/site-packages/airflow/example_dags/example_external_task_marker_dag.py for tasks to queue
[2026-05-19T17:58:32.678+0000] {logging_mixin.py:188} INFO - [2026-05-19T17:58:32.678+0000] {dagbag.py:545} INFO - Filling up the DagBag from /home/airflow/.local/lib/python3.12/site-packages/airflow/example_dags/example_external_task_marker_dag.py
[2026-05-19T17:58:32.684+0000] {processor.py:840} INFO - DAG(s) 'example_external_task_marker_child', 'example_external_task_marker_parent' retrieved from /home/airflow/.local/lib/python3.12/site-packages/airflow/example_dags/example_external_task_marker_dag.py
[2026-05-19T17:58:32.707+0000] {logging_mixin.py:188} INFO - [2026-05-19T17:58:32.706+0000] {dag.py:3096} INFO - Sync 2 DAGs
[2026-05-19T17:58:32.720+0000] {logging_mixin.py:188} INFO - [2026-05-19T17:58:32.720+0000] {dag.py:3954} INFO - Setting next_dagrun for example_external_task_marker_child to None, run_after=None
[2026-05-19T17:58:32.724+0000] {logging_mixin.py:188} INFO - [2026-05-19T17:58:32.723+0000] {dag.py:3954} INFO - Setting next_dagrun for example_external_task_marker_parent to None, run_after=None
[2026-05-19T17:58:32.741+0000] {processor.py:183} INFO - Processing /home/airflow/.local/lib/python3.12/site-packages/airflow/example_dags/example_external_task_marker_dag.py took 0.072 seconds
