[2026-05-19T13:25:12.957+0000] {processor.py:161} INFO - Started process (PID=73) to work on /home/airflow/.local/lib/python3.12/site-packages/airflow/example_dags/tutorial_taskflow_api.py
[2026-05-19T13:25:12.969+0000] {processor.py:830} INFO - Processing file /home/airflow/.local/lib/python3.12/site-packages/airflow/example_dags/tutorial_taskflow_api.py for tasks to queue
[2026-05-19T13:25:12.979+0000] {logging_mixin.py:188} INFO - [2026-05-19T13:25:12.977+0000] {dagbag.py:545} INFO - Filling up the DagBag from /home/airflow/.local/lib/python3.12/site-packages/airflow/example_dags/tutorial_taskflow_api.py
[2026-05-19T13:25:13.042+0000] {processor.py:840} INFO - DAG(s) 'tutorial_taskflow_api' retrieved from /home/airflow/.local/lib/python3.12/site-packages/airflow/example_dags/tutorial_taskflow_api.py
[2026-05-19T13:25:13.518+0000] {logging_mixin.py:188} INFO - [2026-05-19T13:25:13.516+0000] {override.py:1829} INFO - Created Permission View: can read on DAG:tutorial_taskflow_api
[2026-05-19T13:25:13.557+0000] {logging_mixin.py:188} INFO - [2026-05-19T13:25:13.555+0000] {override.py:1829} INFO - Created Permission View: can edit on DAG:tutorial_taskflow_api
[2026-05-19T13:25:13.579+0000] {logging_mixin.py:188} INFO - [2026-05-19T13:25:13.578+0000] {override.py:1829} INFO - Created Permission View: can delete on DAG:tutorial_taskflow_api
[2026-05-19T13:25:13.581+0000] {logging_mixin.py:188} INFO - [2026-05-19T13:25:13.580+0000] {dag.py:3096} INFO - Sync 1 DAGs
[2026-05-19T13:25:13.619+0000] {logging_mixin.py:188} INFO - [2026-05-19T13:25:13.618+0000] {dag.py:3118} INFO - Creating ORM DAG for tutorial_taskflow_api
[2026-05-19T13:25:13.622+0000] {logging_mixin.py:188} INFO - [2026-05-19T13:25:13.621+0000] {dag.py:3954} INFO - Setting next_dagrun for tutorial_taskflow_api to None, run_after=None
[2026-05-19T13:25:13.680+0000] {processor.py:183} INFO - Processing /home/airflow/.local/lib/python3.12/site-packages/airflow/example_dags/tutorial_taskflow_api.py took 0.774 seconds
[2026-05-19T13:25:43.904+0000] {processor.py:161} INFO - Started process (PID=131) to work on /home/airflow/.local/lib/python3.12/site-packages/airflow/example_dags/tutorial_taskflow_api.py
[2026-05-19T13:25:43.906+0000] {processor.py:830} INFO - Processing file /home/airflow/.local/lib/python3.12/site-packages/airflow/example_dags/tutorial_taskflow_api.py for tasks to queue
[2026-05-19T13:25:43.911+0000] {logging_mixin.py:188} INFO - [2026-05-19T13:25:43.911+0000] {dagbag.py:545} INFO - Filling up the DagBag from /home/airflow/.local/lib/python3.12/site-packages/airflow/example_dags/tutorial_taskflow_api.py
[2026-05-19T13:25:43.932+0000] {processor.py:840} INFO - DAG(s) 'tutorial_taskflow_api' retrieved from /home/airflow/.local/lib/python3.12/site-packages/airflow/example_dags/tutorial_taskflow_api.py
[2026-05-19T13:25:43.994+0000] {logging_mixin.py:188} INFO - [2026-05-19T13:25:43.992+0000] {dag.py:3096} INFO - Sync 1 DAGs
[2026-05-19T13:25:44.042+0000] {logging_mixin.py:188} INFO - [2026-05-19T13:25:44.041+0000] {dag.py:3954} INFO - Setting next_dagrun for tutorial_taskflow_api to None, run_after=None
[2026-05-19T13:25:44.125+0000] {processor.py:183} INFO - Processing /home/airflow/.local/lib/python3.12/site-packages/airflow/example_dags/tutorial_taskflow_api.py took 0.231 seconds
[2026-05-19T13:26:14.730+0000] {processor.py:161} INFO - Started process (PID=189) to work on /home/airflow/.local/lib/python3.12/site-packages/airflow/example_dags/tutorial_taskflow_api.py
[2026-05-19T13:26:14.732+0000] {processor.py:830} INFO - Processing file /home/airflow/.local/lib/python3.12/site-packages/airflow/example_dags/tutorial_taskflow_api.py for tasks to queue
[2026-05-19T13:26:14.738+0000] {logging_mixin.py:188} INFO - [2026-05-19T13:26:14.737+0000] {dagbag.py:545} INFO - Filling up the DagBag from /home/airflow/.local/lib/python3.12/site-packages/airflow/example_dags/tutorial_taskflow_api.py
[2026-05-19T13:26:14.758+0000] {processor.py:840} INFO - DAG(s) 'tutorial_taskflow_api' retrieved from /home/airflow/.local/lib/python3.12/site-packages/airflow/example_dags/tutorial_taskflow_api.py
[2026-05-19T13:26:14.814+0000] {logging_mixin.py:188} INFO - [2026-05-19T13:26:14.814+0000] {dag.py:3096} INFO - Sync 1 DAGs
[2026-05-19T13:26:14.853+0000] {logging_mixin.py:188} INFO - [2026-05-19T13:26:14.852+0000] {dag.py:3954} INFO - Setting next_dagrun for tutorial_taskflow_api to None, run_after=None
[2026-05-19T13:26:14.899+0000] {processor.py:183} INFO - Processing /home/airflow/.local/lib/python3.12/site-packages/airflow/example_dags/tutorial_taskflow_api.py took 0.186 seconds
[2026-05-19T13:26:45.006+0000] {processor.py:161} INFO - Started process (PID=247) to work on /home/airflow/.local/lib/python3.12/site-packages/airflow/example_dags/tutorial_taskflow_api.py
[2026-05-19T13:26:45.007+0000] {processor.py:830} INFO - Processing file /home/airflow/.local/lib/python3.12/site-packages/airflow/example_dags/tutorial_taskflow_api.py for tasks to queue
[2026-05-19T13:26:45.009+0000] {logging_mixin.py:188} INFO - [2026-05-19T13:26:45.008+0000] {dagbag.py:545} INFO - Filling up the DagBag from /home/airflow/.local/lib/python3.12/site-packages/airflow/example_dags/tutorial_taskflow_api.py
[2026-05-19T13:26:45.017+0000] {processor.py:840} INFO - DAG(s) 'tutorial_taskflow_api' retrieved from /home/airflow/.local/lib/python3.12/site-packages/airflow/example_dags/tutorial_taskflow_api.py
[2026-05-19T13:26:45.045+0000] {logging_mixin.py:188} INFO - [2026-05-19T13:26:45.045+0000] {dag.py:3096} INFO - Sync 1 DAGs
[2026-05-19T13:26:45.061+0000] {logging_mixin.py:188} INFO - [2026-05-19T13:26:45.061+0000] {dag.py:3954} INFO - Setting next_dagrun for tutorial_taskflow_api to None, run_after=None
[2026-05-19T13:26:45.086+0000] {processor.py:183} INFO - Processing /home/airflow/.local/lib/python3.12/site-packages/airflow/example_dags/tutorial_taskflow_api.py took 0.086 seconds
[2026-05-19T13:27:15.237+0000] {processor.py:161} INFO - Started process (PID=305) to work on /home/airflow/.local/lib/python3.12/site-packages/airflow/example_dags/tutorial_taskflow_api.py
[2026-05-19T13:27:15.239+0000] {processor.py:830} INFO - Processing file /home/airflow/.local/lib/python3.12/site-packages/airflow/example_dags/tutorial_taskflow_api.py for tasks to queue
[2026-05-19T13:27:15.242+0000] {logging_mixin.py:188} INFO - [2026-05-19T13:27:15.242+0000] {dagbag.py:545} INFO - Filling up the DagBag from /home/airflow/.local/lib/python3.12/site-packages/airflow/example_dags/tutorial_taskflow_api.py
[2026-05-19T13:27:15.252+0000] {processor.py:840} INFO - DAG(s) 'tutorial_taskflow_api' retrieved from /home/airflow/.local/lib/python3.12/site-packages/airflow/example_dags/tutorial_taskflow_api.py
[2026-05-19T13:27:15.270+0000] {logging_mixin.py:188} INFO - [2026-05-19T13:27:15.270+0000] {dag.py:3096} INFO - Sync 1 DAGs
[2026-05-19T13:27:15.282+0000] {logging_mixin.py:188} INFO - [2026-05-19T13:27:15.281+0000] {dag.py:3954} INFO - Setting next_dagrun for tutorial_taskflow_api to None, run_after=None
[2026-05-19T13:27:15.318+0000] {processor.py:183} INFO - Processing /home/airflow/.local/lib/python3.12/site-packages/airflow/example_dags/tutorial_taskflow_api.py took 0.088 seconds
[2026-05-19T13:27:45.958+0000] {processor.py:161} INFO - Started process (PID=363) to work on /home/airflow/.local/lib/python3.12/site-packages/airflow/example_dags/tutorial_taskflow_api.py
[2026-05-19T13:27:45.960+0000] {processor.py:830} INFO - Processing file /home/airflow/.local/lib/python3.12/site-packages/airflow/example_dags/tutorial_taskflow_api.py for tasks to queue
[2026-05-19T13:27:45.963+0000] {logging_mixin.py:188} INFO - [2026-05-19T13:27:45.963+0000] {dagbag.py:545} INFO - Filling up the DagBag from /home/airflow/.local/lib/python3.12/site-packages/airflow/example_dags/tutorial_taskflow_api.py
[2026-05-19T13:27:45.972+0000] {processor.py:840} INFO - DAG(s) 'tutorial_taskflow_api' retrieved from /home/airflow/.local/lib/python3.12/site-packages/airflow/example_dags/tutorial_taskflow_api.py
[2026-05-19T13:27:46.005+0000] {logging_mixin.py:188} INFO - [2026-05-19T13:27:46.004+0000] {dag.py:3096} INFO - Sync 1 DAGs
[2026-05-19T13:27:46.021+0000] {logging_mixin.py:188} INFO - [2026-05-19T13:27:46.021+0000] {dag.py:3954} INFO - Setting next_dagrun for tutorial_taskflow_api to None, run_after=None
[2026-05-19T13:27:46.051+0000] {processor.py:183} INFO - Processing /home/airflow/.local/lib/python3.12/site-packages/airflow/example_dags/tutorial_taskflow_api.py took 0.102 seconds
[2026-05-19T13:28:16.377+0000] {processor.py:161} INFO - Started process (PID=420) to work on /home/airflow/.local/lib/python3.12/site-packages/airflow/example_dags/tutorial_taskflow_api.py
[2026-05-19T13:28:16.379+0000] {processor.py:830} INFO - Processing file /home/airflow/.local/lib/python3.12/site-packages/airflow/example_dags/tutorial_taskflow_api.py for tasks to queue
[2026-05-19T13:28:16.383+0000] {logging_mixin.py:188} INFO - [2026-05-19T13:28:16.382+0000] {dagbag.py:545} INFO - Filling up the DagBag from /home/airflow/.local/lib/python3.12/site-packages/airflow/example_dags/tutorial_taskflow_api.py
[2026-05-19T13:28:16.394+0000] {processor.py:840} INFO - DAG(s) 'tutorial_taskflow_api' retrieved from /home/airflow/.local/lib/python3.12/site-packages/airflow/example_dags/tutorial_taskflow_api.py
[2026-05-19T13:28:16.417+0000] {logging_mixin.py:188} INFO - [2026-05-19T13:28:16.417+0000] {dag.py:3096} INFO - Sync 1 DAGs
[2026-05-19T13:28:16.436+0000] {logging_mixin.py:188} INFO - [2026-05-19T13:28:16.436+0000] {dag.py:3954} INFO - Setting next_dagrun for tutorial_taskflow_api to None, run_after=None
[2026-05-19T13:28:16.470+0000] {processor.py:183} INFO - Processing /home/airflow/.local/lib/python3.12/site-packages/airflow/example_dags/tutorial_taskflow_api.py took 0.101 seconds
[2026-05-19T13:28:46.627+0000] {processor.py:161} INFO - Started process (PID=477) to work on /home/airflow/.local/lib/python3.12/site-packages/airflow/example_dags/tutorial_taskflow_api.py
[2026-05-19T13:28:46.628+0000] {processor.py:830} INFO - Processing file /home/airflow/.local/lib/python3.12/site-packages/airflow/example_dags/tutorial_taskflow_api.py for tasks to queue
[2026-05-19T13:28:46.630+0000] {logging_mixin.py:188} INFO - [2026-05-19T13:28:46.630+0000] {dagbag.py:545} INFO - Filling up the DagBag from /home/airflow/.local/lib/python3.12/site-packages/airflow/example_dags/tutorial_taskflow_api.py
[2026-05-19T13:28:46.637+0000] {processor.py:840} INFO - DAG(s) 'tutorial_taskflow_api' retrieved from /home/airflow/.local/lib/python3.12/site-packages/airflow/example_dags/tutorial_taskflow_api.py
[2026-05-19T13:28:46.659+0000] {logging_mixin.py:188} INFO - [2026-05-19T13:28:46.659+0000] {dag.py:3096} INFO - Sync 1 DAGs
[2026-05-19T13:28:46.676+0000] {logging_mixin.py:188} INFO - [2026-05-19T13:28:46.675+0000] {dag.py:3954} INFO - Setting next_dagrun for tutorial_taskflow_api to None, run_after=None
[2026-05-19T13:28:46.702+0000] {processor.py:183} INFO - Processing /home/airflow/.local/lib/python3.12/site-packages/airflow/example_dags/tutorial_taskflow_api.py took 0.082 seconds
[2026-05-19T13:29:16.976+0000] {processor.py:161} INFO - Started process (PID=534) to work on /home/airflow/.local/lib/python3.12/site-packages/airflow/example_dags/tutorial_taskflow_api.py
[2026-05-19T13:29:16.979+0000] {processor.py:830} INFO - Processing file /home/airflow/.local/lib/python3.12/site-packages/airflow/example_dags/tutorial_taskflow_api.py for tasks to queue
[2026-05-19T13:29:16.982+0000] {logging_mixin.py:188} INFO - [2026-05-19T13:29:16.982+0000] {dagbag.py:545} INFO - Filling up the DagBag from /home/airflow/.local/lib/python3.12/site-packages/airflow/example_dags/tutorial_taskflow_api.py
[2026-05-19T13:29:16.988+0000] {processor.py:840} INFO - DAG(s) 'tutorial_taskflow_api' retrieved from /home/airflow/.local/lib/python3.12/site-packages/airflow/example_dags/tutorial_taskflow_api.py
[2026-05-19T13:29:17.018+0000] {logging_mixin.py:188} INFO - [2026-05-19T13:29:17.018+0000] {dag.py:3096} INFO - Sync 1 DAGs
[2026-05-19T13:29:17.034+0000] {logging_mixin.py:188} INFO - [2026-05-19T13:29:17.034+0000] {dag.py:3954} INFO - Setting next_dagrun for tutorial_taskflow_api to None, run_after=None
[2026-05-19T13:29:17.053+0000] {processor.py:183} INFO - Processing /home/airflow/.local/lib/python3.12/site-packages/airflow/example_dags/tutorial_taskflow_api.py took 0.082 seconds
[2026-05-19T13:30:48.707+0000] {processor.py:161} INFO - Started process (PID=75) to work on /home/airflow/.local/lib/python3.12/site-packages/airflow/example_dags/tutorial_taskflow_api.py
[2026-05-19T13:30:48.709+0000] {processor.py:830} INFO - Processing file /home/airflow/.local/lib/python3.12/site-packages/airflow/example_dags/tutorial_taskflow_api.py for tasks to queue
[2026-05-19T13:30:48.714+0000] {logging_mixin.py:188} INFO - [2026-05-19T13:30:48.713+0000] {dagbag.py:545} INFO - Filling up the DagBag from /home/airflow/.local/lib/python3.12/site-packages/airflow/example_dags/tutorial_taskflow_api.py
[2026-05-19T13:30:48.733+0000] {processor.py:840} INFO - DAG(s) 'tutorial_taskflow_api' retrieved from /home/airflow/.local/lib/python3.12/site-packages/airflow/example_dags/tutorial_taskflow_api.py
[2026-05-19T13:30:49.046+0000] {logging_mixin.py:188} INFO - [2026-05-19T13:30:49.046+0000] {dag.py:3096} INFO - Sync 1 DAGs
[2026-05-19T13:30:49.082+0000] {logging_mixin.py:188} INFO - [2026-05-19T13:30:49.082+0000] {dag.py:3954} INFO - Setting next_dagrun for tutorial_taskflow_api to None, run_after=None
[2026-05-19T13:30:49.143+0000] {processor.py:183} INFO - Processing /home/airflow/.local/lib/python3.12/site-packages/airflow/example_dags/tutorial_taskflow_api.py took 0.445 seconds
[2026-05-19T13:31:19.248+0000] {processor.py:161} INFO - Started process (PID=134) to work on /home/airflow/.local/lib/python3.12/site-packages/airflow/example_dags/tutorial_taskflow_api.py
[2026-05-19T13:31:19.250+0000] {processor.py:830} INFO - Processing file /home/airflow/.local/lib/python3.12/site-packages/airflow/example_dags/tutorial_taskflow_api.py for tasks to queue
[2026-05-19T13:31:19.256+0000] {logging_mixin.py:188} INFO - [2026-05-19T13:31:19.255+0000] {dagbag.py:545} INFO - Filling up the DagBag from /home/airflow/.local/lib/python3.12/site-packages/airflow/example_dags/tutorial_taskflow_api.py
[2026-05-19T13:31:19.267+0000] {processor.py:840} INFO - DAG(s) 'tutorial_taskflow_api' retrieved from /home/airflow/.local/lib/python3.12/site-packages/airflow/example_dags/tutorial_taskflow_api.py
[2026-05-19T13:31:19.315+0000] {logging_mixin.py:188} INFO - [2026-05-19T13:31:19.314+0000] {dag.py:3096} INFO - Sync 1 DAGs
[2026-05-19T13:31:19.341+0000] {logging_mixin.py:188} INFO - [2026-05-19T13:31:19.341+0000] {dag.py:3954} INFO - Setting next_dagrun for tutorial_taskflow_api to None, run_after=None
[2026-05-19T13:31:19.375+0000] {processor.py:183} INFO - Processing /home/airflow/.local/lib/python3.12/site-packages/airflow/example_dags/tutorial_taskflow_api.py took 0.139 seconds
[2026-05-19T13:31:49.432+0000] {processor.py:161} INFO - Started process (PID=193) to work on /home/airflow/.local/lib/python3.12/site-packages/airflow/example_dags/tutorial_taskflow_api.py
[2026-05-19T13:31:49.433+0000] {processor.py:830} INFO - Processing file /home/airflow/.local/lib/python3.12/site-packages/airflow/example_dags/tutorial_taskflow_api.py for tasks to queue
[2026-05-19T13:31:49.435+0000] {logging_mixin.py:188} INFO - [2026-05-19T13:31:49.435+0000] {dagbag.py:545} INFO - Filling up the DagBag from /home/airflow/.local/lib/python3.12/site-packages/airflow/example_dags/tutorial_taskflow_api.py
[2026-05-19T13:31:49.442+0000] {processor.py:840} INFO - DAG(s) 'tutorial_taskflow_api' retrieved from /home/airflow/.local/lib/python3.12/site-packages/airflow/example_dags/tutorial_taskflow_api.py
[2026-05-19T13:31:49.464+0000] {logging_mixin.py:188} INFO - [2026-05-19T13:31:49.463+0000] {dag.py:3096} INFO - Sync 1 DAGs
[2026-05-19T13:31:49.481+0000] {logging_mixin.py:188} INFO - [2026-05-19T13:31:49.481+0000] {dag.py:3954} INFO - Setting next_dagrun for tutorial_taskflow_api to None, run_after=None
[2026-05-19T13:31:49.502+0000] {processor.py:183} INFO - Processing /home/airflow/.local/lib/python3.12/site-packages/airflow/example_dags/tutorial_taskflow_api.py took 0.078 seconds
[2026-05-19T13:32:20.454+0000] {processor.py:161} INFO - Started process (PID=252) to work on /home/airflow/.local/lib/python3.12/site-packages/airflow/example_dags/tutorial_taskflow_api.py
[2026-05-19T13:32:20.457+0000] {processor.py:830} INFO - Processing file /home/airflow/.local/lib/python3.12/site-packages/airflow/example_dags/tutorial_taskflow_api.py for tasks to queue
[2026-05-19T13:32:20.462+0000] {logging_mixin.py:188} INFO - [2026-05-19T13:32:20.461+0000] {dagbag.py:545} INFO - Filling up the DagBag from /home/airflow/.local/lib/python3.12/site-packages/airflow/example_dags/tutorial_taskflow_api.py
[2026-05-19T13:32:20.480+0000] {processor.py:840} INFO - DAG(s) 'tutorial_taskflow_api' retrieved from /home/airflow/.local/lib/python3.12/site-packages/airflow/example_dags/tutorial_taskflow_api.py
[2026-05-19T13:32:20.543+0000] {logging_mixin.py:188} INFO - [2026-05-19T13:32:20.543+0000] {dag.py:3096} INFO - Sync 1 DAGs
[2026-05-19T13:32:20.574+0000] {logging_mixin.py:188} INFO - [2026-05-19T13:32:20.574+0000] {dag.py:3954} INFO - Setting next_dagrun for tutorial_taskflow_api to None, run_after=None
[2026-05-19T13:32:20.614+0000] {processor.py:183} INFO - Processing /home/airflow/.local/lib/python3.12/site-packages/airflow/example_dags/tutorial_taskflow_api.py took 0.175 seconds
[2026-05-19T13:32:51.645+0000] {processor.py:161} INFO - Started process (PID=311) to work on /home/airflow/.local/lib/python3.12/site-packages/airflow/example_dags/tutorial_taskflow_api.py
[2026-05-19T13:32:51.648+0000] {processor.py:830} INFO - Processing file /home/airflow/.local/lib/python3.12/site-packages/airflow/example_dags/tutorial_taskflow_api.py for tasks to queue
[2026-05-19T13:32:51.653+0000] {logging_mixin.py:188} INFO - [2026-05-19T13:32:51.652+0000] {dagbag.py:545} INFO - Filling up the DagBag from /home/airflow/.local/lib/python3.12/site-packages/airflow/example_dags/tutorial_taskflow_api.py
[2026-05-19T13:32:51.667+0000] {processor.py:840} INFO - DAG(s) 'tutorial_taskflow_api' retrieved from /home/airflow/.local/lib/python3.12/site-packages/airflow/example_dags/tutorial_taskflow_api.py
[2026-05-19T13:32:51.720+0000] {logging_mixin.py:188} INFO - [2026-05-19T13:32:51.719+0000] {dag.py:3096} INFO - Sync 1 DAGs
[2026-05-19T13:32:51.752+0000] {logging_mixin.py:188} INFO - [2026-05-19T13:32:51.751+0000] {dag.py:3954} INFO - Setting next_dagrun for tutorial_taskflow_api to None, run_after=None
[2026-05-19T13:32:51.840+0000] {processor.py:183} INFO - Processing /home/airflow/.local/lib/python3.12/site-packages/airflow/example_dags/tutorial_taskflow_api.py took 0.207 seconds
[2026-05-19T13:33:22.147+0000] {processor.py:161} INFO - Started process (PID=370) to work on /home/airflow/.local/lib/python3.12/site-packages/airflow/example_dags/tutorial_taskflow_api.py
[2026-05-19T13:33:22.148+0000] {processor.py:830} INFO - Processing file /home/airflow/.local/lib/python3.12/site-packages/airflow/example_dags/tutorial_taskflow_api.py for tasks to queue
[2026-05-19T13:33:22.151+0000] {logging_mixin.py:188} INFO - [2026-05-19T13:33:22.150+0000] {dagbag.py:545} INFO - Filling up the DagBag from /home/airflow/.local/lib/python3.12/site-packages/airflow/example_dags/tutorial_taskflow_api.py
[2026-05-19T13:33:22.161+0000] {processor.py:840} INFO - DAG(s) 'tutorial_taskflow_api' retrieved from /home/airflow/.local/lib/python3.12/site-packages/airflow/example_dags/tutorial_taskflow_api.py
[2026-05-19T13:33:22.199+0000] {logging_mixin.py:188} INFO - [2026-05-19T13:33:22.199+0000] {dag.py:3096} INFO - Sync 1 DAGs
[2026-05-19T13:33:22.213+0000] {logging_mixin.py:188} INFO - [2026-05-19T13:33:22.213+0000] {dag.py:3954} INFO - Setting next_dagrun for tutorial_taskflow_api to None, run_after=None
[2026-05-19T13:33:22.247+0000] {processor.py:183} INFO - Processing /home/airflow/.local/lib/python3.12/site-packages/airflow/example_dags/tutorial_taskflow_api.py took 0.107 seconds
[2026-05-19T13:33:53.013+0000] {processor.py:161} INFO - Started process (PID=429) to work on /home/airflow/.local/lib/python3.12/site-packages/airflow/example_dags/tutorial_taskflow_api.py
[2026-05-19T13:33:53.016+0000] {processor.py:830} INFO - Processing file /home/airflow/.local/lib/python3.12/site-packages/airflow/example_dags/tutorial_taskflow_api.py for tasks to queue
[2026-05-19T13:33:53.022+0000] {logging_mixin.py:188} INFO - [2026-05-19T13:33:53.021+0000] {dagbag.py:545} INFO - Filling up the DagBag from /home/airflow/.local/lib/python3.12/site-packages/airflow/example_dags/tutorial_taskflow_api.py
[2026-05-19T13:33:53.039+0000] {processor.py:840} INFO - DAG(s) 'tutorial_taskflow_api' retrieved from /home/airflow/.local/lib/python3.12/site-packages/airflow/example_dags/tutorial_taskflow_api.py
[2026-05-19T13:33:53.122+0000] {logging_mixin.py:188} INFO - [2026-05-19T13:33:53.120+0000] {dag.py:3096} INFO - Sync 1 DAGs
[2026-05-19T13:33:53.160+0000] {logging_mixin.py:188} INFO - [2026-05-19T13:33:53.159+0000] {dag.py:3954} INFO - Setting next_dagrun for tutorial_taskflow_api to None, run_after=None
[2026-05-19T13:33:53.224+0000] {processor.py:183} INFO - Processing /home/airflow/.local/lib/python3.12/site-packages/airflow/example_dags/tutorial_taskflow_api.py took 0.225 seconds
[2026-05-19T13:34:23.448+0000] {processor.py:161} INFO - Started process (PID=488) to work on /home/airflow/.local/lib/python3.12/site-packages/airflow/example_dags/tutorial_taskflow_api.py
[2026-05-19T13:34:23.449+0000] {processor.py:830} INFO - Processing file /home/airflow/.local/lib/python3.12/site-packages/airflow/example_dags/tutorial_taskflow_api.py for tasks to queue
[2026-05-19T13:34:23.452+0000] {logging_mixin.py:188} INFO - [2026-05-19T13:34:23.451+0000] {dagbag.py:545} INFO - Filling up the DagBag from /home/airflow/.local/lib/python3.12/site-packages/airflow/example_dags/tutorial_taskflow_api.py
[2026-05-19T13:34:23.461+0000] {processor.py:840} INFO - DAG(s) 'tutorial_taskflow_api' retrieved from /home/airflow/.local/lib/python3.12/site-packages/airflow/example_dags/tutorial_taskflow_api.py
[2026-05-19T13:34:23.505+0000] {logging_mixin.py:188} INFO - [2026-05-19T13:34:23.505+0000] {dag.py:3096} INFO - Sync 1 DAGs
[2026-05-19T13:34:23.523+0000] {logging_mixin.py:188} INFO - [2026-05-19T13:34:23.523+0000] {dag.py:3954} INFO - Setting next_dagrun for tutorial_taskflow_api to None, run_after=None
[2026-05-19T13:34:23.564+0000] {processor.py:183} INFO - Processing /home/airflow/.local/lib/python3.12/site-packages/airflow/example_dags/tutorial_taskflow_api.py took 0.124 seconds
[2026-05-19T13:34:54.436+0000] {processor.py:161} INFO - Started process (PID=547) to work on /home/airflow/.local/lib/python3.12/site-packages/airflow/example_dags/tutorial_taskflow_api.py
[2026-05-19T13:34:54.438+0000] {processor.py:830} INFO - Processing file /home/airflow/.local/lib/python3.12/site-packages/airflow/example_dags/tutorial_taskflow_api.py for tasks to queue
[2026-05-19T13:34:54.441+0000] {logging_mixin.py:188} INFO - [2026-05-19T13:34:54.440+0000] {dagbag.py:545} INFO - Filling up the DagBag from /home/airflow/.local/lib/python3.12/site-packages/airflow/example_dags/tutorial_taskflow_api.py
[2026-05-19T13:34:54.450+0000] {processor.py:840} INFO - DAG(s) 'tutorial_taskflow_api' retrieved from /home/airflow/.local/lib/python3.12/site-packages/airflow/example_dags/tutorial_taskflow_api.py
[2026-05-19T13:34:54.476+0000] {logging_mixin.py:188} INFO - [2026-05-19T13:34:54.476+0000] {dag.py:3096} INFO - Sync 1 DAGs
[2026-05-19T13:34:54.499+0000] {logging_mixin.py:188} INFO - [2026-05-19T13:34:54.499+0000] {dag.py:3954} INFO - Setting next_dagrun for tutorial_taskflow_api to None, run_after=None
[2026-05-19T13:34:54.530+0000] {processor.py:183} INFO - Processing /home/airflow/.local/lib/python3.12/site-packages/airflow/example_dags/tutorial_taskflow_api.py took 0.102 seconds
[2026-05-19T13:35:24.951+0000] {processor.py:161} INFO - Started process (PID=606) to work on /home/airflow/.local/lib/python3.12/site-packages/airflow/example_dags/tutorial_taskflow_api.py
[2026-05-19T13:35:24.955+0000] {processor.py:830} INFO - Processing file /home/airflow/.local/lib/python3.12/site-packages/airflow/example_dags/tutorial_taskflow_api.py for tasks to queue
[2026-05-19T13:35:24.963+0000] {logging_mixin.py:188} INFO - [2026-05-19T13:35:24.962+0000] {dagbag.py:545} INFO - Filling up the DagBag from /home/airflow/.local/lib/python3.12/site-packages/airflow/example_dags/tutorial_taskflow_api.py
[2026-05-19T13:35:24.981+0000] {processor.py:840} INFO - DAG(s) 'tutorial_taskflow_api' retrieved from /home/airflow/.local/lib/python3.12/site-packages/airflow/example_dags/tutorial_taskflow_api.py
[2026-05-19T13:35:25.047+0000] {logging_mixin.py:188} INFO - [2026-05-19T13:35:25.046+0000] {dag.py:3096} INFO - Sync 1 DAGs
[2026-05-19T13:35:25.114+0000] {logging_mixin.py:188} INFO - [2026-05-19T13:35:25.113+0000] {dag.py:3954} INFO - Setting next_dagrun for tutorial_taskflow_api to None, run_after=None
[2026-05-19T13:35:25.198+0000] {processor.py:183} INFO - Processing /home/airflow/.local/lib/python3.12/site-packages/airflow/example_dags/tutorial_taskflow_api.py took 0.265 seconds
[2026-05-19T13:35:56.111+0000] {processor.py:161} INFO - Started process (PID=665) to work on /home/airflow/.local/lib/python3.12/site-packages/airflow/example_dags/tutorial_taskflow_api.py
[2026-05-19T13:35:56.113+0000] {processor.py:830} INFO - Processing file /home/airflow/.local/lib/python3.12/site-packages/airflow/example_dags/tutorial_taskflow_api.py for tasks to queue
[2026-05-19T13:35:56.115+0000] {logging_mixin.py:188} INFO - [2026-05-19T13:35:56.115+0000] {dagbag.py:545} INFO - Filling up the DagBag from /home/airflow/.local/lib/python3.12/site-packages/airflow/example_dags/tutorial_taskflow_api.py
[2026-05-19T13:35:56.123+0000] {processor.py:840} INFO - DAG(s) 'tutorial_taskflow_api' retrieved from /home/airflow/.local/lib/python3.12/site-packages/airflow/example_dags/tutorial_taskflow_api.py
[2026-05-19T13:35:56.143+0000] {logging_mixin.py:188} INFO - [2026-05-19T13:35:56.143+0000] {dag.py:3096} INFO - Sync 1 DAGs
[2026-05-19T13:35:56.155+0000] {logging_mixin.py:188} INFO - [2026-05-19T13:35:56.154+0000] {dag.py:3954} INFO - Setting next_dagrun for tutorial_taskflow_api to None, run_after=None
[2026-05-19T13:35:56.183+0000] {processor.py:183} INFO - Processing /home/airflow/.local/lib/python3.12/site-packages/airflow/example_dags/tutorial_taskflow_api.py took 0.079 seconds
[2026-05-19T13:36:26.542+0000] {processor.py:161} INFO - Started process (PID=724) to work on /home/airflow/.local/lib/python3.12/site-packages/airflow/example_dags/tutorial_taskflow_api.py
[2026-05-19T13:36:26.544+0000] {processor.py:830} INFO - Processing file /home/airflow/.local/lib/python3.12/site-packages/airflow/example_dags/tutorial_taskflow_api.py for tasks to queue
[2026-05-19T13:36:26.548+0000] {logging_mixin.py:188} INFO - [2026-05-19T13:36:26.547+0000] {dagbag.py:545} INFO - Filling up the DagBag from /home/airflow/.local/lib/python3.12/site-packages/airflow/example_dags/tutorial_taskflow_api.py
[2026-05-19T13:36:26.556+0000] {processor.py:840} INFO - DAG(s) 'tutorial_taskflow_api' retrieved from /home/airflow/.local/lib/python3.12/site-packages/airflow/example_dags/tutorial_taskflow_api.py
[2026-05-19T13:36:26.594+0000] {logging_mixin.py:188} INFO - [2026-05-19T13:36:26.593+0000] {dag.py:3096} INFO - Sync 1 DAGs
[2026-05-19T13:36:26.618+0000] {logging_mixin.py:188} INFO - [2026-05-19T13:36:26.618+0000] {dag.py:3954} INFO - Setting next_dagrun for tutorial_taskflow_api to None, run_after=None
[2026-05-19T13:36:26.657+0000] {processor.py:183} INFO - Processing /home/airflow/.local/lib/python3.12/site-packages/airflow/example_dags/tutorial_taskflow_api.py took 0.124 seconds
[2026-05-19T13:36:57.174+0000] {processor.py:161} INFO - Started process (PID=783) to work on /home/airflow/.local/lib/python3.12/site-packages/airflow/example_dags/tutorial_taskflow_api.py
[2026-05-19T13:36:57.175+0000] {processor.py:830} INFO - Processing file /home/airflow/.local/lib/python3.12/site-packages/airflow/example_dags/tutorial_taskflow_api.py for tasks to queue
[2026-05-19T13:36:57.179+0000] {logging_mixin.py:188} INFO - [2026-05-19T13:36:57.178+0000] {dagbag.py:545} INFO - Filling up the DagBag from /home/airflow/.local/lib/python3.12/site-packages/airflow/example_dags/tutorial_taskflow_api.py
[2026-05-19T13:36:57.188+0000] {processor.py:840} INFO - DAG(s) 'tutorial_taskflow_api' retrieved from /home/airflow/.local/lib/python3.12/site-packages/airflow/example_dags/tutorial_taskflow_api.py
[2026-05-19T13:36:57.219+0000] {logging_mixin.py:188} INFO - [2026-05-19T13:36:57.219+0000] {dag.py:3096} INFO - Sync 1 DAGs
[2026-05-19T13:36:57.243+0000] {logging_mixin.py:188} INFO - [2026-05-19T13:36:57.242+0000] {dag.py:3954} INFO - Setting next_dagrun for tutorial_taskflow_api to None, run_after=None
[2026-05-19T13:36:57.279+0000] {processor.py:183} INFO - Processing /home/airflow/.local/lib/python3.12/site-packages/airflow/example_dags/tutorial_taskflow_api.py took 0.111 seconds
[2026-05-19T13:37:27.915+0000] {processor.py:161} INFO - Started process (PID=842) to work on /home/airflow/.local/lib/python3.12/site-packages/airflow/example_dags/tutorial_taskflow_api.py
[2026-05-19T13:37:27.917+0000] {processor.py:830} INFO - Processing file /home/airflow/.local/lib/python3.12/site-packages/airflow/example_dags/tutorial_taskflow_api.py for tasks to queue
[2026-05-19T13:37:27.920+0000] {logging_mixin.py:188} INFO - [2026-05-19T13:37:27.920+0000] {dagbag.py:545} INFO - Filling up the DagBag from /home/airflow/.local/lib/python3.12/site-packages/airflow/example_dags/tutorial_taskflow_api.py
[2026-05-19T13:37:27.930+0000] {processor.py:840} INFO - DAG(s) 'tutorial_taskflow_api' retrieved from /home/airflow/.local/lib/python3.12/site-packages/airflow/example_dags/tutorial_taskflow_api.py
[2026-05-19T13:37:27.964+0000] {logging_mixin.py:188} INFO - [2026-05-19T13:37:27.964+0000] {dag.py:3096} INFO - Sync 1 DAGs
[2026-05-19T13:37:27.984+0000] {logging_mixin.py:188} INFO - [2026-05-19T13:37:27.984+0000] {dag.py:3954} INFO - Setting next_dagrun for tutorial_taskflow_api to None, run_after=None
[2026-05-19T13:37:28.016+0000] {processor.py:183} INFO - Processing /home/airflow/.local/lib/python3.12/site-packages/airflow/example_dags/tutorial_taskflow_api.py took 0.109 seconds
[2026-05-19T13:37:58.196+0000] {processor.py:161} INFO - Started process (PID=901) to work on /home/airflow/.local/lib/python3.12/site-packages/airflow/example_dags/tutorial_taskflow_api.py
[2026-05-19T13:37:58.198+0000] {processor.py:830} INFO - Processing file /home/airflow/.local/lib/python3.12/site-packages/airflow/example_dags/tutorial_taskflow_api.py for tasks to queue
[2026-05-19T13:37:58.201+0000] {logging_mixin.py:188} INFO - [2026-05-19T13:37:58.200+0000] {dagbag.py:545} INFO - Filling up the DagBag from /home/airflow/.local/lib/python3.12/site-packages/airflow/example_dags/tutorial_taskflow_api.py
[2026-05-19T13:37:58.212+0000] {processor.py:840} INFO - DAG(s) 'tutorial_taskflow_api' retrieved from /home/airflow/.local/lib/python3.12/site-packages/airflow/example_dags/tutorial_taskflow_api.py
[2026-05-19T13:37:58.244+0000] {logging_mixin.py:188} INFO - [2026-05-19T13:37:58.243+0000] {dag.py:3096} INFO - Sync 1 DAGs
[2026-05-19T13:37:58.263+0000] {logging_mixin.py:188} INFO - [2026-05-19T13:37:58.263+0000] {dag.py:3954} INFO - Setting next_dagrun for tutorial_taskflow_api to None, run_after=None
[2026-05-19T13:37:58.293+0000] {processor.py:183} INFO - Processing /home/airflow/.local/lib/python3.12/site-packages/airflow/example_dags/tutorial_taskflow_api.py took 0.102 seconds
[2026-05-19T13:38:28.540+0000] {processor.py:161} INFO - Started process (PID=961) to work on /home/airflow/.local/lib/python3.12/site-packages/airflow/example_dags/tutorial_taskflow_api.py
[2026-05-19T13:38:28.542+0000] {processor.py:830} INFO - Processing file /home/airflow/.local/lib/python3.12/site-packages/airflow/example_dags/tutorial_taskflow_api.py for tasks to queue
[2026-05-19T13:38:28.544+0000] {logging_mixin.py:188} INFO - [2026-05-19T13:38:28.544+0000] {dagbag.py:545} INFO - Filling up the DagBag from /home/airflow/.local/lib/python3.12/site-packages/airflow/example_dags/tutorial_taskflow_api.py
[2026-05-19T13:38:28.554+0000] {processor.py:840} INFO - DAG(s) 'tutorial_taskflow_api' retrieved from /home/airflow/.local/lib/python3.12/site-packages/airflow/example_dags/tutorial_taskflow_api.py
[2026-05-19T13:38:28.590+0000] {logging_mixin.py:188} INFO - [2026-05-19T13:38:28.589+0000] {dag.py:3096} INFO - Sync 1 DAGs
[2026-05-19T13:38:28.604+0000] {logging_mixin.py:188} INFO - [2026-05-19T13:38:28.604+0000] {dag.py:3954} INFO - Setting next_dagrun for tutorial_taskflow_api to None, run_after=None
[2026-05-19T13:38:28.641+0000] {processor.py:183} INFO - Processing /home/airflow/.local/lib/python3.12/site-packages/airflow/example_dags/tutorial_taskflow_api.py took 0.107 seconds
[2026-05-19T13:38:59.034+0000] {processor.py:161} INFO - Started process (PID=1021) to work on /home/airflow/.local/lib/python3.12/site-packages/airflow/example_dags/tutorial_taskflow_api.py
[2026-05-19T13:38:59.035+0000] {processor.py:830} INFO - Processing file /home/airflow/.local/lib/python3.12/site-packages/airflow/example_dags/tutorial_taskflow_api.py for tasks to queue
[2026-05-19T13:38:59.038+0000] {logging_mixin.py:188} INFO - [2026-05-19T13:38:59.038+0000] {dagbag.py:545} INFO - Filling up the DagBag from /home/airflow/.local/lib/python3.12/site-packages/airflow/example_dags/tutorial_taskflow_api.py
[2026-05-19T13:38:59.050+0000] {processor.py:840} INFO - DAG(s) 'tutorial_taskflow_api' retrieved from /home/airflow/.local/lib/python3.12/site-packages/airflow/example_dags/tutorial_taskflow_api.py
[2026-05-19T13:38:59.081+0000] {logging_mixin.py:188} INFO - [2026-05-19T13:38:59.080+0000] {dag.py:3096} INFO - Sync 1 DAGs
[2026-05-19T13:38:59.106+0000] {logging_mixin.py:188} INFO - [2026-05-19T13:38:59.105+0000] {dag.py:3954} INFO - Setting next_dagrun for tutorial_taskflow_api to None, run_after=None
[2026-05-19T13:38:59.149+0000] {processor.py:183} INFO - Processing /home/airflow/.local/lib/python3.12/site-packages/airflow/example_dags/tutorial_taskflow_api.py took 0.122 seconds
[2026-05-19T13:39:29.260+0000] {processor.py:161} INFO - Started process (PID=1080) to work on /home/airflow/.local/lib/python3.12/site-packages/airflow/example_dags/tutorial_taskflow_api.py
[2026-05-19T13:39:29.263+0000] {processor.py:830} INFO - Processing file /home/airflow/.local/lib/python3.12/site-packages/airflow/example_dags/tutorial_taskflow_api.py for tasks to queue
[2026-05-19T13:39:29.272+0000] {logging_mixin.py:188} INFO - [2026-05-19T13:39:29.271+0000] {dagbag.py:545} INFO - Filling up the DagBag from /home/airflow/.local/lib/python3.12/site-packages/airflow/example_dags/tutorial_taskflow_api.py
[2026-05-19T13:39:29.281+0000] {processor.py:840} INFO - DAG(s) 'tutorial_taskflow_api' retrieved from /home/airflow/.local/lib/python3.12/site-packages/airflow/example_dags/tutorial_taskflow_api.py
[2026-05-19T13:39:29.316+0000] {logging_mixin.py:188} INFO - [2026-05-19T13:39:29.315+0000] {dag.py:3096} INFO - Sync 1 DAGs
[2026-05-19T13:39:29.341+0000] {logging_mixin.py:188} INFO - [2026-05-19T13:39:29.340+0000] {dag.py:3954} INFO - Setting next_dagrun for tutorial_taskflow_api to None, run_after=None
[2026-05-19T13:39:29.372+0000] {processor.py:183} INFO - Processing /home/airflow/.local/lib/python3.12/site-packages/airflow/example_dags/tutorial_taskflow_api.py took 0.118 seconds
[2026-05-19T13:39:59.831+0000] {processor.py:161} INFO - Started process (PID=1139) to work on /home/airflow/.local/lib/python3.12/site-packages/airflow/example_dags/tutorial_taskflow_api.py
[2026-05-19T13:39:59.833+0000] {processor.py:830} INFO - Processing file /home/airflow/.local/lib/python3.12/site-packages/airflow/example_dags/tutorial_taskflow_api.py for tasks to queue
[2026-05-19T13:39:59.838+0000] {logging_mixin.py:188} INFO - [2026-05-19T13:39:59.837+0000] {dagbag.py:545} INFO - Filling up the DagBag from /home/airflow/.local/lib/python3.12/site-packages/airflow/example_dags/tutorial_taskflow_api.py
[2026-05-19T13:39:59.845+0000] {processor.py:840} INFO - DAG(s) 'tutorial_taskflow_api' retrieved from /home/airflow/.local/lib/python3.12/site-packages/airflow/example_dags/tutorial_taskflow_api.py
[2026-05-19T13:39:59.876+0000] {logging_mixin.py:188} INFO - [2026-05-19T13:39:59.875+0000] {dag.py:3096} INFO - Sync 1 DAGs
[2026-05-19T13:39:59.892+0000] {logging_mixin.py:188} INFO - [2026-05-19T13:39:59.892+0000] {dag.py:3954} INFO - Setting next_dagrun for tutorial_taskflow_api to None, run_after=None
[2026-05-19T13:39:59.924+0000] {processor.py:183} INFO - Processing /home/airflow/.local/lib/python3.12/site-packages/airflow/example_dags/tutorial_taskflow_api.py took 0.100 seconds
[2026-05-19T13:40:30.077+0000] {processor.py:161} INFO - Started process (PID=1198) to work on /home/airflow/.local/lib/python3.12/site-packages/airflow/example_dags/tutorial_taskflow_api.py
[2026-05-19T13:40:30.082+0000] {processor.py:830} INFO - Processing file /home/airflow/.local/lib/python3.12/site-packages/airflow/example_dags/tutorial_taskflow_api.py for tasks to queue
[2026-05-19T13:40:30.087+0000] {logging_mixin.py:188} INFO - [2026-05-19T13:40:30.087+0000] {dagbag.py:545} INFO - Filling up the DagBag from /home/airflow/.local/lib/python3.12/site-packages/airflow/example_dags/tutorial_taskflow_api.py
[2026-05-19T13:40:30.100+0000] {processor.py:840} INFO - DAG(s) 'tutorial_taskflow_api' retrieved from /home/airflow/.local/lib/python3.12/site-packages/airflow/example_dags/tutorial_taskflow_api.py
[2026-05-19T13:40:30.146+0000] {logging_mixin.py:188} INFO - [2026-05-19T13:40:30.145+0000] {dag.py:3096} INFO - Sync 1 DAGs
[2026-05-19T13:40:30.180+0000] {logging_mixin.py:188} INFO - [2026-05-19T13:40:30.179+0000] {dag.py:3954} INFO - Setting next_dagrun for tutorial_taskflow_api to None, run_after=None
[2026-05-19T13:40:30.235+0000] {processor.py:183} INFO - Processing /home/airflow/.local/lib/python3.12/site-packages/airflow/example_dags/tutorial_taskflow_api.py took 0.171 seconds
[2026-05-19T13:41:00.548+0000] {processor.py:161} INFO - Started process (PID=1257) to work on /home/airflow/.local/lib/python3.12/site-packages/airflow/example_dags/tutorial_taskflow_api.py
[2026-05-19T13:41:00.550+0000] {processor.py:830} INFO - Processing file /home/airflow/.local/lib/python3.12/site-packages/airflow/example_dags/tutorial_taskflow_api.py for tasks to queue
[2026-05-19T13:41:00.556+0000] {logging_mixin.py:188} INFO - [2026-05-19T13:41:00.556+0000] {dagbag.py:545} INFO - Filling up the DagBag from /home/airflow/.local/lib/python3.12/site-packages/airflow/example_dags/tutorial_taskflow_api.py
[2026-05-19T13:41:00.580+0000] {processor.py:840} INFO - DAG(s) 'tutorial_taskflow_api' retrieved from /home/airflow/.local/lib/python3.12/site-packages/airflow/example_dags/tutorial_taskflow_api.py
[2026-05-19T13:41:00.629+0000] {logging_mixin.py:188} INFO - [2026-05-19T13:41:00.629+0000] {dag.py:3096} INFO - Sync 1 DAGs
[2026-05-19T13:41:00.663+0000] {logging_mixin.py:188} INFO - [2026-05-19T13:41:00.662+0000] {dag.py:3954} INFO - Setting next_dagrun for tutorial_taskflow_api to None, run_after=None
[2026-05-19T13:41:00.723+0000] {processor.py:183} INFO - Processing /home/airflow/.local/lib/python3.12/site-packages/airflow/example_dags/tutorial_taskflow_api.py took 0.191 seconds
[2026-05-19T13:41:31.480+0000] {processor.py:161} INFO - Started process (PID=1316) to work on /home/airflow/.local/lib/python3.12/site-packages/airflow/example_dags/tutorial_taskflow_api.py
[2026-05-19T13:41:31.488+0000] {processor.py:830} INFO - Processing file /home/airflow/.local/lib/python3.12/site-packages/airflow/example_dags/tutorial_taskflow_api.py for tasks to queue
[2026-05-19T13:41:31.495+0000] {logging_mixin.py:188} INFO - [2026-05-19T13:41:31.493+0000] {dagbag.py:545} INFO - Filling up the DagBag from /home/airflow/.local/lib/python3.12/site-packages/airflow/example_dags/tutorial_taskflow_api.py
[2026-05-19T13:41:31.521+0000] {processor.py:840} INFO - DAG(s) 'tutorial_taskflow_api' retrieved from /home/airflow/.local/lib/python3.12/site-packages/airflow/example_dags/tutorial_taskflow_api.py
[2026-05-19T13:41:31.581+0000] {logging_mixin.py:188} INFO - [2026-05-19T13:41:31.580+0000] {dag.py:3096} INFO - Sync 1 DAGs
[2026-05-19T13:41:31.617+0000] {logging_mixin.py:188} INFO - [2026-05-19T13:41:31.616+0000] {dag.py:3954} INFO - Setting next_dagrun for tutorial_taskflow_api to None, run_after=None
[2026-05-19T13:41:31.676+0000] {processor.py:183} INFO - Processing /home/airflow/.local/lib/python3.12/site-packages/airflow/example_dags/tutorial_taskflow_api.py took 0.216 seconds
[2026-05-19T13:42:01.754+0000] {processor.py:161} INFO - Started process (PID=1373) to work on /home/airflow/.local/lib/python3.12/site-packages/airflow/example_dags/tutorial_taskflow_api.py
[2026-05-19T13:42:01.756+0000] {processor.py:830} INFO - Processing file /home/airflow/.local/lib/python3.12/site-packages/airflow/example_dags/tutorial_taskflow_api.py for tasks to queue
[2026-05-19T13:42:01.759+0000] {logging_mixin.py:188} INFO - [2026-05-19T13:42:01.759+0000] {dagbag.py:545} INFO - Filling up the DagBag from /home/airflow/.local/lib/python3.12/site-packages/airflow/example_dags/tutorial_taskflow_api.py
[2026-05-19T13:42:01.767+0000] {processor.py:840} INFO - DAG(s) 'tutorial_taskflow_api' retrieved from /home/airflow/.local/lib/python3.12/site-packages/airflow/example_dags/tutorial_taskflow_api.py
[2026-05-19T13:42:01.795+0000] {logging_mixin.py:188} INFO - [2026-05-19T13:42:01.795+0000] {dag.py:3096} INFO - Sync 1 DAGs
[2026-05-19T13:42:01.811+0000] {logging_mixin.py:188} INFO - [2026-05-19T13:42:01.811+0000] {dag.py:3954} INFO - Setting next_dagrun for tutorial_taskflow_api to None, run_after=None
[2026-05-19T13:42:01.843+0000] {processor.py:183} INFO - Processing /home/airflow/.local/lib/python3.12/site-packages/airflow/example_dags/tutorial_taskflow_api.py took 0.094 seconds
[2026-05-19T13:42:32.723+0000] {processor.py:161} INFO - Started process (PID=1432) to work on /home/airflow/.local/lib/python3.12/site-packages/airflow/example_dags/tutorial_taskflow_api.py
[2026-05-19T13:42:32.724+0000] {processor.py:830} INFO - Processing file /home/airflow/.local/lib/python3.12/site-packages/airflow/example_dags/tutorial_taskflow_api.py for tasks to queue
[2026-05-19T13:42:32.727+0000] {logging_mixin.py:188} INFO - [2026-05-19T13:42:32.727+0000] {dagbag.py:545} INFO - Filling up the DagBag from /home/airflow/.local/lib/python3.12/site-packages/airflow/example_dags/tutorial_taskflow_api.py
[2026-05-19T13:42:32.738+0000] {processor.py:840} INFO - DAG(s) 'tutorial_taskflow_api' retrieved from /home/airflow/.local/lib/python3.12/site-packages/airflow/example_dags/tutorial_taskflow_api.py
[2026-05-19T13:42:32.763+0000] {logging_mixin.py:188} INFO - [2026-05-19T13:42:32.762+0000] {dag.py:3096} INFO - Sync 1 DAGs
[2026-05-19T13:42:32.778+0000] {logging_mixin.py:188} INFO - [2026-05-19T13:42:32.778+0000] {dag.py:3954} INFO - Setting next_dagrun for tutorial_taskflow_api to None, run_after=None
[2026-05-19T13:42:32.820+0000] {processor.py:183} INFO - Processing /home/airflow/.local/lib/python3.12/site-packages/airflow/example_dags/tutorial_taskflow_api.py took 0.104 seconds
[2026-05-19T13:43:03.087+0000] {processor.py:161} INFO - Started process (PID=1491) to work on /home/airflow/.local/lib/python3.12/site-packages/airflow/example_dags/tutorial_taskflow_api.py
[2026-05-19T13:43:03.089+0000] {processor.py:830} INFO - Processing file /home/airflow/.local/lib/python3.12/site-packages/airflow/example_dags/tutorial_taskflow_api.py for tasks to queue
[2026-05-19T13:43:03.093+0000] {logging_mixin.py:188} INFO - [2026-05-19T13:43:03.092+0000] {dagbag.py:545} INFO - Filling up the DagBag from /home/airflow/.local/lib/python3.12/site-packages/airflow/example_dags/tutorial_taskflow_api.py
[2026-05-19T13:43:03.101+0000] {processor.py:840} INFO - DAG(s) 'tutorial_taskflow_api' retrieved from /home/airflow/.local/lib/python3.12/site-packages/airflow/example_dags/tutorial_taskflow_api.py
[2026-05-19T13:43:03.125+0000] {logging_mixin.py:188} INFO - [2026-05-19T13:43:03.125+0000] {dag.py:3096} INFO - Sync 1 DAGs
[2026-05-19T13:43:03.144+0000] {logging_mixin.py:188} INFO - [2026-05-19T13:43:03.143+0000] {dag.py:3954} INFO - Setting next_dagrun for tutorial_taskflow_api to None, run_after=None
[2026-05-19T13:43:03.177+0000] {processor.py:183} INFO - Processing /home/airflow/.local/lib/python3.12/site-packages/airflow/example_dags/tutorial_taskflow_api.py took 0.099 seconds
[2026-05-19T13:43:33.947+0000] {processor.py:161} INFO - Started process (PID=1551) to work on /home/airflow/.local/lib/python3.12/site-packages/airflow/example_dags/tutorial_taskflow_api.py
[2026-05-19T13:43:33.949+0000] {processor.py:830} INFO - Processing file /home/airflow/.local/lib/python3.12/site-packages/airflow/example_dags/tutorial_taskflow_api.py for tasks to queue
[2026-05-19T13:43:33.955+0000] {logging_mixin.py:188} INFO - [2026-05-19T13:43:33.955+0000] {dagbag.py:545} INFO - Filling up the DagBag from /home/airflow/.local/lib/python3.12/site-packages/airflow/example_dags/tutorial_taskflow_api.py
[2026-05-19T13:43:33.967+0000] {processor.py:840} INFO - DAG(s) 'tutorial_taskflow_api' retrieved from /home/airflow/.local/lib/python3.12/site-packages/airflow/example_dags/tutorial_taskflow_api.py
[2026-05-19T13:43:34.003+0000] {logging_mixin.py:188} INFO - [2026-05-19T13:43:34.003+0000] {dag.py:3096} INFO - Sync 1 DAGs
[2026-05-19T13:43:34.241+0000] {logging_mixin.py:188} INFO - [2026-05-19T13:43:34.241+0000] {dag.py:3954} INFO - Setting next_dagrun for tutorial_taskflow_api to None, run_after=None
[2026-05-19T13:43:34.279+0000] {processor.py:183} INFO - Processing /home/airflow/.local/lib/python3.12/site-packages/airflow/example_dags/tutorial_taskflow_api.py took 0.342 seconds
[2026-05-19T13:44:05.137+0000] {processor.py:161} INFO - Started process (PID=1610) to work on /home/airflow/.local/lib/python3.12/site-packages/airflow/example_dags/tutorial_taskflow_api.py
[2026-05-19T13:44:05.139+0000] {processor.py:830} INFO - Processing file /home/airflow/.local/lib/python3.12/site-packages/airflow/example_dags/tutorial_taskflow_api.py for tasks to queue
[2026-05-19T13:44:05.143+0000] {logging_mixin.py:188} INFO - [2026-05-19T13:44:05.142+0000] {dagbag.py:545} INFO - Filling up the DagBag from /home/airflow/.local/lib/python3.12/site-packages/airflow/example_dags/tutorial_taskflow_api.py
[2026-05-19T13:44:05.152+0000] {processor.py:840} INFO - DAG(s) 'tutorial_taskflow_api' retrieved from /home/airflow/.local/lib/python3.12/site-packages/airflow/example_dags/tutorial_taskflow_api.py
[2026-05-19T13:44:05.182+0000] {logging_mixin.py:188} INFO - [2026-05-19T13:44:05.181+0000] {dag.py:3096} INFO - Sync 1 DAGs
[2026-05-19T13:44:05.199+0000] {logging_mixin.py:188} INFO - [2026-05-19T13:44:05.199+0000] {dag.py:3954} INFO - Setting next_dagrun for tutorial_taskflow_api to None, run_after=None
[2026-05-19T13:44:05.233+0000] {processor.py:183} INFO - Processing /home/airflow/.local/lib/python3.12/site-packages/airflow/example_dags/tutorial_taskflow_api.py took 0.101 seconds
[2026-05-19T13:44:35.318+0000] {processor.py:161} INFO - Started process (PID=1669) to work on /home/airflow/.local/lib/python3.12/site-packages/airflow/example_dags/tutorial_taskflow_api.py
[2026-05-19T13:44:35.321+0000] {processor.py:830} INFO - Processing file /home/airflow/.local/lib/python3.12/site-packages/airflow/example_dags/tutorial_taskflow_api.py for tasks to queue
[2026-05-19T13:44:35.324+0000] {logging_mixin.py:188} INFO - [2026-05-19T13:44:35.324+0000] {dagbag.py:545} INFO - Filling up the DagBag from /home/airflow/.local/lib/python3.12/site-packages/airflow/example_dags/tutorial_taskflow_api.py
[2026-05-19T13:44:35.334+0000] {processor.py:840} INFO - DAG(s) 'tutorial_taskflow_api' retrieved from /home/airflow/.local/lib/python3.12/site-packages/airflow/example_dags/tutorial_taskflow_api.py
[2026-05-19T13:44:35.366+0000] {logging_mixin.py:188} INFO - [2026-05-19T13:44:35.366+0000] {dag.py:3096} INFO - Sync 1 DAGs
[2026-05-19T13:44:35.392+0000] {logging_mixin.py:188} INFO - [2026-05-19T13:44:35.392+0000] {dag.py:3954} INFO - Setting next_dagrun for tutorial_taskflow_api to None, run_after=None
[2026-05-19T13:44:35.428+0000] {processor.py:183} INFO - Processing /home/airflow/.local/lib/python3.12/site-packages/airflow/example_dags/tutorial_taskflow_api.py took 0.125 seconds
[2026-05-19T13:45:05.873+0000] {processor.py:161} INFO - Started process (PID=1728) to work on /home/airflow/.local/lib/python3.12/site-packages/airflow/example_dags/tutorial_taskflow_api.py
[2026-05-19T13:45:05.875+0000] {processor.py:830} INFO - Processing file /home/airflow/.local/lib/python3.12/site-packages/airflow/example_dags/tutorial_taskflow_api.py for tasks to queue
[2026-05-19T13:45:05.879+0000] {logging_mixin.py:188} INFO - [2026-05-19T13:45:05.878+0000] {dagbag.py:545} INFO - Filling up the DagBag from /home/airflow/.local/lib/python3.12/site-packages/airflow/example_dags/tutorial_taskflow_api.py
[2026-05-19T13:45:05.886+0000] {processor.py:840} INFO - DAG(s) 'tutorial_taskflow_api' retrieved from /home/airflow/.local/lib/python3.12/site-packages/airflow/example_dags/tutorial_taskflow_api.py
[2026-05-19T13:45:05.923+0000] {logging_mixin.py:188} INFO - [2026-05-19T13:45:05.922+0000] {dag.py:3096} INFO - Sync 1 DAGs
[2026-05-19T13:45:05.947+0000] {logging_mixin.py:188} INFO - [2026-05-19T13:45:05.946+0000] {dag.py:3954} INFO - Setting next_dagrun for tutorial_taskflow_api to None, run_after=None
[2026-05-19T13:45:05.985+0000] {processor.py:183} INFO - Processing /home/airflow/.local/lib/python3.12/site-packages/airflow/example_dags/tutorial_taskflow_api.py took 0.121 seconds
[2026-05-19T13:45:36.383+0000] {processor.py:161} INFO - Started process (PID=1787) to work on /home/airflow/.local/lib/python3.12/site-packages/airflow/example_dags/tutorial_taskflow_api.py
[2026-05-19T13:45:36.385+0000] {processor.py:830} INFO - Processing file /home/airflow/.local/lib/python3.12/site-packages/airflow/example_dags/tutorial_taskflow_api.py for tasks to queue
[2026-05-19T13:45:36.387+0000] {logging_mixin.py:188} INFO - [2026-05-19T13:45:36.387+0000] {dagbag.py:545} INFO - Filling up the DagBag from /home/airflow/.local/lib/python3.12/site-packages/airflow/example_dags/tutorial_taskflow_api.py
[2026-05-19T13:45:36.394+0000] {processor.py:840} INFO - DAG(s) 'tutorial_taskflow_api' retrieved from /home/airflow/.local/lib/python3.12/site-packages/airflow/example_dags/tutorial_taskflow_api.py
[2026-05-19T13:45:36.421+0000] {logging_mixin.py:188} INFO - [2026-05-19T13:45:36.420+0000] {dag.py:3096} INFO - Sync 1 DAGs
[2026-05-19T13:45:36.439+0000] {logging_mixin.py:188} INFO - [2026-05-19T13:45:36.439+0000] {dag.py:3954} INFO - Setting next_dagrun for tutorial_taskflow_api to None, run_after=None
[2026-05-19T13:45:36.459+0000] {processor.py:183} INFO - Processing /home/airflow/.local/lib/python3.12/site-packages/airflow/example_dags/tutorial_taskflow_api.py took 0.083 seconds
[2026-05-19T13:46:06.542+0000] {processor.py:161} INFO - Started process (PID=1846) to work on /home/airflow/.local/lib/python3.12/site-packages/airflow/example_dags/tutorial_taskflow_api.py
[2026-05-19T13:46:06.544+0000] {processor.py:830} INFO - Processing file /home/airflow/.local/lib/python3.12/site-packages/airflow/example_dags/tutorial_taskflow_api.py for tasks to queue
[2026-05-19T13:46:06.549+0000] {logging_mixin.py:188} INFO - [2026-05-19T13:46:06.548+0000] {dagbag.py:545} INFO - Filling up the DagBag from /home/airflow/.local/lib/python3.12/site-packages/airflow/example_dags/tutorial_taskflow_api.py
[2026-05-19T13:46:06.562+0000] {processor.py:840} INFO - DAG(s) 'tutorial_taskflow_api' retrieved from /home/airflow/.local/lib/python3.12/site-packages/airflow/example_dags/tutorial_taskflow_api.py
[2026-05-19T13:46:06.600+0000] {logging_mixin.py:188} INFO - [2026-05-19T13:46:06.600+0000] {dag.py:3096} INFO - Sync 1 DAGs
[2026-05-19T13:46:06.628+0000] {logging_mixin.py:188} INFO - [2026-05-19T13:46:06.628+0000] {dag.py:3954} INFO - Setting next_dagrun for tutorial_taskflow_api to None, run_after=None
[2026-05-19T13:46:06.661+0000] {processor.py:183} INFO - Processing /home/airflow/.local/lib/python3.12/site-packages/airflow/example_dags/tutorial_taskflow_api.py took 0.131 seconds
[2026-05-19T13:46:37.126+0000] {processor.py:161} INFO - Started process (PID=1906) to work on /home/airflow/.local/lib/python3.12/site-packages/airflow/example_dags/tutorial_taskflow_api.py
[2026-05-19T13:46:37.127+0000] {processor.py:830} INFO - Processing file /home/airflow/.local/lib/python3.12/site-packages/airflow/example_dags/tutorial_taskflow_api.py for tasks to queue
[2026-05-19T13:46:37.131+0000] {logging_mixin.py:188} INFO - [2026-05-19T13:46:37.130+0000] {dagbag.py:545} INFO - Filling up the DagBag from /home/airflow/.local/lib/python3.12/site-packages/airflow/example_dags/tutorial_taskflow_api.py
[2026-05-19T13:46:37.136+0000] {processor.py:840} INFO - DAG(s) 'tutorial_taskflow_api' retrieved from /home/airflow/.local/lib/python3.12/site-packages/airflow/example_dags/tutorial_taskflow_api.py
[2026-05-19T13:46:37.166+0000] {logging_mixin.py:188} INFO - [2026-05-19T13:46:37.166+0000] {dag.py:3096} INFO - Sync 1 DAGs
[2026-05-19T13:46:37.185+0000] {logging_mixin.py:188} INFO - [2026-05-19T13:46:37.185+0000] {dag.py:3954} INFO - Setting next_dagrun for tutorial_taskflow_api to None, run_after=None
[2026-05-19T13:46:37.207+0000] {processor.py:183} INFO - Processing /home/airflow/.local/lib/python3.12/site-packages/airflow/example_dags/tutorial_taskflow_api.py took 0.087 seconds
[2026-05-19T13:47:07.810+0000] {processor.py:161} INFO - Started process (PID=1965) to work on /home/airflow/.local/lib/python3.12/site-packages/airflow/example_dags/tutorial_taskflow_api.py
[2026-05-19T13:47:07.812+0000] {processor.py:830} INFO - Processing file /home/airflow/.local/lib/python3.12/site-packages/airflow/example_dags/tutorial_taskflow_api.py for tasks to queue
[2026-05-19T13:47:07.814+0000] {logging_mixin.py:188} INFO - [2026-05-19T13:47:07.814+0000] {dagbag.py:545} INFO - Filling up the DagBag from /home/airflow/.local/lib/python3.12/site-packages/airflow/example_dags/tutorial_taskflow_api.py
[2026-05-19T13:47:07.824+0000] {processor.py:840} INFO - DAG(s) 'tutorial_taskflow_api' retrieved from /home/airflow/.local/lib/python3.12/site-packages/airflow/example_dags/tutorial_taskflow_api.py
[2026-05-19T13:47:07.861+0000] {logging_mixin.py:188} INFO - [2026-05-19T13:47:07.861+0000] {dag.py:3096} INFO - Sync 1 DAGs
[2026-05-19T13:47:07.880+0000] {logging_mixin.py:188} INFO - [2026-05-19T13:47:07.880+0000] {dag.py:3954} INFO - Setting next_dagrun for tutorial_taskflow_api to None, run_after=None
[2026-05-19T13:47:07.918+0000] {processor.py:183} INFO - Processing /home/airflow/.local/lib/python3.12/site-packages/airflow/example_dags/tutorial_taskflow_api.py took 0.114 seconds
[2026-05-19T13:47:38.341+0000] {processor.py:161} INFO - Started process (PID=2024) to work on /home/airflow/.local/lib/python3.12/site-packages/airflow/example_dags/tutorial_taskflow_api.py
[2026-05-19T13:47:38.343+0000] {processor.py:830} INFO - Processing file /home/airflow/.local/lib/python3.12/site-packages/airflow/example_dags/tutorial_taskflow_api.py for tasks to queue
[2026-05-19T13:47:38.348+0000] {logging_mixin.py:188} INFO - [2026-05-19T13:47:38.347+0000] {dagbag.py:545} INFO - Filling up the DagBag from /home/airflow/.local/lib/python3.12/site-packages/airflow/example_dags/tutorial_taskflow_api.py
[2026-05-19T13:47:38.357+0000] {processor.py:840} INFO - DAG(s) 'tutorial_taskflow_api' retrieved from /home/airflow/.local/lib/python3.12/site-packages/airflow/example_dags/tutorial_taskflow_api.py
[2026-05-19T13:47:38.388+0000] {logging_mixin.py:188} INFO - [2026-05-19T13:47:38.388+0000] {dag.py:3096} INFO - Sync 1 DAGs
[2026-05-19T13:47:38.413+0000] {logging_mixin.py:188} INFO - [2026-05-19T13:47:38.413+0000] {dag.py:3954} INFO - Setting next_dagrun for tutorial_taskflow_api to None, run_after=None
[2026-05-19T13:47:38.452+0000] {processor.py:183} INFO - Processing /home/airflow/.local/lib/python3.12/site-packages/airflow/example_dags/tutorial_taskflow_api.py took 0.119 seconds
[2026-05-19T13:48:09.057+0000] {processor.py:161} INFO - Started process (PID=2083) to work on /home/airflow/.local/lib/python3.12/site-packages/airflow/example_dags/tutorial_taskflow_api.py
[2026-05-19T13:48:09.059+0000] {processor.py:830} INFO - Processing file /home/airflow/.local/lib/python3.12/site-packages/airflow/example_dags/tutorial_taskflow_api.py for tasks to queue
[2026-05-19T13:48:09.061+0000] {logging_mixin.py:188} INFO - [2026-05-19T13:48:09.061+0000] {dagbag.py:545} INFO - Filling up the DagBag from /home/airflow/.local/lib/python3.12/site-packages/airflow/example_dags/tutorial_taskflow_api.py
[2026-05-19T13:48:09.075+0000] {processor.py:840} INFO - DAG(s) 'tutorial_taskflow_api' retrieved from /home/airflow/.local/lib/python3.12/site-packages/airflow/example_dags/tutorial_taskflow_api.py
[2026-05-19T13:48:09.102+0000] {logging_mixin.py:188} INFO - [2026-05-19T13:48:09.102+0000] {dag.py:3096} INFO - Sync 1 DAGs
[2026-05-19T13:48:09.116+0000] {logging_mixin.py:188} INFO - [2026-05-19T13:48:09.116+0000] {dag.py:3954} INFO - Setting next_dagrun for tutorial_taskflow_api to None, run_after=None
[2026-05-19T13:48:09.147+0000] {processor.py:183} INFO - Processing /home/airflow/.local/lib/python3.12/site-packages/airflow/example_dags/tutorial_taskflow_api.py took 0.097 seconds
[2026-05-19T13:48:39.523+0000] {processor.py:161} INFO - Started process (PID=2142) to work on /home/airflow/.local/lib/python3.12/site-packages/airflow/example_dags/tutorial_taskflow_api.py
[2026-05-19T13:48:39.525+0000] {processor.py:830} INFO - Processing file /home/airflow/.local/lib/python3.12/site-packages/airflow/example_dags/tutorial_taskflow_api.py for tasks to queue
[2026-05-19T13:48:39.527+0000] {logging_mixin.py:188} INFO - [2026-05-19T13:48:39.527+0000] {dagbag.py:545} INFO - Filling up the DagBag from /home/airflow/.local/lib/python3.12/site-packages/airflow/example_dags/tutorial_taskflow_api.py
[2026-05-19T13:48:39.540+0000] {processor.py:840} INFO - DAG(s) 'tutorial_taskflow_api' retrieved from /home/airflow/.local/lib/python3.12/site-packages/airflow/example_dags/tutorial_taskflow_api.py
[2026-05-19T13:48:39.571+0000] {logging_mixin.py:188} INFO - [2026-05-19T13:48:39.571+0000] {dag.py:3096} INFO - Sync 1 DAGs
[2026-05-19T13:48:39.588+0000] {logging_mixin.py:188} INFO - [2026-05-19T13:48:39.588+0000] {dag.py:3954} INFO - Setting next_dagrun for tutorial_taskflow_api to None, run_after=None
[2026-05-19T13:48:39.625+0000] {processor.py:183} INFO - Processing /home/airflow/.local/lib/python3.12/site-packages/airflow/example_dags/tutorial_taskflow_api.py took 0.107 seconds
[2026-05-19T13:49:10.370+0000] {processor.py:161} INFO - Started process (PID=2201) to work on /home/airflow/.local/lib/python3.12/site-packages/airflow/example_dags/tutorial_taskflow_api.py
[2026-05-19T13:49:10.375+0000] {processor.py:830} INFO - Processing file /home/airflow/.local/lib/python3.12/site-packages/airflow/example_dags/tutorial_taskflow_api.py for tasks to queue
[2026-05-19T13:49:10.382+0000] {logging_mixin.py:188} INFO - [2026-05-19T13:49:10.381+0000] {dagbag.py:545} INFO - Filling up the DagBag from /home/airflow/.local/lib/python3.12/site-packages/airflow/example_dags/tutorial_taskflow_api.py
[2026-05-19T13:49:10.398+0000] {processor.py:840} INFO - DAG(s) 'tutorial_taskflow_api' retrieved from /home/airflow/.local/lib/python3.12/site-packages/airflow/example_dags/tutorial_taskflow_api.py
[2026-05-19T13:49:10.454+0000] {logging_mixin.py:188} INFO - [2026-05-19T13:49:10.453+0000] {dag.py:3096} INFO - Sync 1 DAGs
[2026-05-19T13:49:10.516+0000] {logging_mixin.py:188} INFO - [2026-05-19T13:49:10.516+0000] {dag.py:3954} INFO - Setting next_dagrun for tutorial_taskflow_api to None, run_after=None
[2026-05-19T13:49:10.578+0000] {processor.py:183} INFO - Processing /home/airflow/.local/lib/python3.12/site-packages/airflow/example_dags/tutorial_taskflow_api.py took 0.221 seconds
[2026-05-19T13:49:41.048+0000] {processor.py:161} INFO - Started process (PID=2260) to work on /home/airflow/.local/lib/python3.12/site-packages/airflow/example_dags/tutorial_taskflow_api.py
[2026-05-19T13:49:41.050+0000] {processor.py:830} INFO - Processing file /home/airflow/.local/lib/python3.12/site-packages/airflow/example_dags/tutorial_taskflow_api.py for tasks to queue
[2026-05-19T13:49:41.053+0000] {logging_mixin.py:188} INFO - [2026-05-19T13:49:41.053+0000] {dagbag.py:545} INFO - Filling up the DagBag from /home/airflow/.local/lib/python3.12/site-packages/airflow/example_dags/tutorial_taskflow_api.py
[2026-05-19T13:49:41.064+0000] {processor.py:840} INFO - DAG(s) 'tutorial_taskflow_api' retrieved from /home/airflow/.local/lib/python3.12/site-packages/airflow/example_dags/tutorial_taskflow_api.py
[2026-05-19T13:49:41.095+0000] {logging_mixin.py:188} INFO - [2026-05-19T13:49:41.095+0000] {dag.py:3096} INFO - Sync 1 DAGs
[2026-05-19T13:49:41.120+0000] {logging_mixin.py:188} INFO - [2026-05-19T13:49:41.120+0000] {dag.py:3954} INFO - Setting next_dagrun for tutorial_taskflow_api to None, run_after=None
[2026-05-19T13:49:41.163+0000] {processor.py:183} INFO - Processing /home/airflow/.local/lib/python3.12/site-packages/airflow/example_dags/tutorial_taskflow_api.py took 0.125 seconds
[2026-05-19T13:50:11.268+0000] {processor.py:161} INFO - Started process (PID=2319) to work on /home/airflow/.local/lib/python3.12/site-packages/airflow/example_dags/tutorial_taskflow_api.py
[2026-05-19T13:50:11.271+0000] {processor.py:830} INFO - Processing file /home/airflow/.local/lib/python3.12/site-packages/airflow/example_dags/tutorial_taskflow_api.py for tasks to queue
[2026-05-19T13:50:11.275+0000] {logging_mixin.py:188} INFO - [2026-05-19T13:50:11.275+0000] {dagbag.py:545} INFO - Filling up the DagBag from /home/airflow/.local/lib/python3.12/site-packages/airflow/example_dags/tutorial_taskflow_api.py
[2026-05-19T13:50:11.291+0000] {processor.py:840} INFO - DAG(s) 'tutorial_taskflow_api' retrieved from /home/airflow/.local/lib/python3.12/site-packages/airflow/example_dags/tutorial_taskflow_api.py
[2026-05-19T13:50:11.331+0000] {logging_mixin.py:188} INFO - [2026-05-19T13:50:11.330+0000] {dag.py:3096} INFO - Sync 1 DAGs
[2026-05-19T13:50:11.351+0000] {logging_mixin.py:188} INFO - [2026-05-19T13:50:11.351+0000] {dag.py:3954} INFO - Setting next_dagrun for tutorial_taskflow_api to None, run_after=None
[2026-05-19T13:50:11.388+0000] {processor.py:183} INFO - Processing /home/airflow/.local/lib/python3.12/site-packages/airflow/example_dags/tutorial_taskflow_api.py took 0.133 seconds
[2026-05-19T13:50:41.733+0000] {processor.py:161} INFO - Started process (PID=2378) to work on /home/airflow/.local/lib/python3.12/site-packages/airflow/example_dags/tutorial_taskflow_api.py
[2026-05-19T13:50:41.735+0000] {processor.py:830} INFO - Processing file /home/airflow/.local/lib/python3.12/site-packages/airflow/example_dags/tutorial_taskflow_api.py for tasks to queue
[2026-05-19T13:50:41.740+0000] {logging_mixin.py:188} INFO - [2026-05-19T13:50:41.739+0000] {dagbag.py:545} INFO - Filling up the DagBag from /home/airflow/.local/lib/python3.12/site-packages/airflow/example_dags/tutorial_taskflow_api.py
[2026-05-19T13:50:41.748+0000] {processor.py:840} INFO - DAG(s) 'tutorial_taskflow_api' retrieved from /home/airflow/.local/lib/python3.12/site-packages/airflow/example_dags/tutorial_taskflow_api.py
[2026-05-19T13:50:41.781+0000] {logging_mixin.py:188} INFO - [2026-05-19T13:50:41.780+0000] {dag.py:3096} INFO - Sync 1 DAGs
[2026-05-19T13:50:41.801+0000] {logging_mixin.py:188} INFO - [2026-05-19T13:50:41.800+0000] {dag.py:3954} INFO - Setting next_dagrun for tutorial_taskflow_api to None, run_after=None
[2026-05-19T13:50:41.828+0000] {processor.py:183} INFO - Processing /home/airflow/.local/lib/python3.12/site-packages/airflow/example_dags/tutorial_taskflow_api.py took 0.106 seconds
[2026-05-19T13:51:12.461+0000] {processor.py:161} INFO - Started process (PID=2437) to work on /home/airflow/.local/lib/python3.12/site-packages/airflow/example_dags/tutorial_taskflow_api.py
[2026-05-19T13:51:12.462+0000] {processor.py:830} INFO - Processing file /home/airflow/.local/lib/python3.12/site-packages/airflow/example_dags/tutorial_taskflow_api.py for tasks to queue
[2026-05-19T13:51:12.465+0000] {logging_mixin.py:188} INFO - [2026-05-19T13:51:12.464+0000] {dagbag.py:545} INFO - Filling up the DagBag from /home/airflow/.local/lib/python3.12/site-packages/airflow/example_dags/tutorial_taskflow_api.py
[2026-05-19T13:51:12.472+0000] {processor.py:840} INFO - DAG(s) 'tutorial_taskflow_api' retrieved from /home/airflow/.local/lib/python3.12/site-packages/airflow/example_dags/tutorial_taskflow_api.py
[2026-05-19T13:51:12.502+0000] {logging_mixin.py:188} INFO - [2026-05-19T13:51:12.502+0000] {dag.py:3096} INFO - Sync 1 DAGs
[2026-05-19T13:51:12.517+0000] {logging_mixin.py:188} INFO - [2026-05-19T13:51:12.517+0000] {dag.py:3954} INFO - Setting next_dagrun for tutorial_taskflow_api to None, run_after=None
[2026-05-19T13:51:12.546+0000] {processor.py:183} INFO - Processing /home/airflow/.local/lib/python3.12/site-packages/airflow/example_dags/tutorial_taskflow_api.py took 0.092 seconds
[2026-05-19T13:51:42.873+0000] {processor.py:161} INFO - Started process (PID=2496) to work on /home/airflow/.local/lib/python3.12/site-packages/airflow/example_dags/tutorial_taskflow_api.py
[2026-05-19T13:51:42.875+0000] {processor.py:830} INFO - Processing file /home/airflow/.local/lib/python3.12/site-packages/airflow/example_dags/tutorial_taskflow_api.py for tasks to queue
[2026-05-19T13:51:42.881+0000] {logging_mixin.py:188} INFO - [2026-05-19T13:51:42.880+0000] {dagbag.py:545} INFO - Filling up the DagBag from /home/airflow/.local/lib/python3.12/site-packages/airflow/example_dags/tutorial_taskflow_api.py
[2026-05-19T13:51:42.897+0000] {processor.py:840} INFO - DAG(s) 'tutorial_taskflow_api' retrieved from /home/airflow/.local/lib/python3.12/site-packages/airflow/example_dags/tutorial_taskflow_api.py
[2026-05-19T13:51:42.934+0000] {logging_mixin.py:188} INFO - [2026-05-19T13:51:42.934+0000] {dag.py:3096} INFO - Sync 1 DAGs
[2026-05-19T13:51:42.959+0000] {logging_mixin.py:188} INFO - [2026-05-19T13:51:42.958+0000] {dag.py:3954} INFO - Setting next_dagrun for tutorial_taskflow_api to None, run_after=None
[2026-05-19T13:51:42.996+0000] {processor.py:183} INFO - Processing /home/airflow/.local/lib/python3.12/site-packages/airflow/example_dags/tutorial_taskflow_api.py took 0.130 seconds
[2026-05-19T13:52:13.185+0000] {processor.py:161} INFO - Started process (PID=2555) to work on /home/airflow/.local/lib/python3.12/site-packages/airflow/example_dags/tutorial_taskflow_api.py
[2026-05-19T13:52:13.187+0000] {processor.py:830} INFO - Processing file /home/airflow/.local/lib/python3.12/site-packages/airflow/example_dags/tutorial_taskflow_api.py for tasks to queue
[2026-05-19T13:52:13.190+0000] {logging_mixin.py:188} INFO - [2026-05-19T13:52:13.190+0000] {dagbag.py:545} INFO - Filling up the DagBag from /home/airflow/.local/lib/python3.12/site-packages/airflow/example_dags/tutorial_taskflow_api.py
[2026-05-19T13:52:13.198+0000] {processor.py:840} INFO - DAG(s) 'tutorial_taskflow_api' retrieved from /home/airflow/.local/lib/python3.12/site-packages/airflow/example_dags/tutorial_taskflow_api.py
[2026-05-19T13:52:13.228+0000] {logging_mixin.py:188} INFO - [2026-05-19T13:52:13.228+0000] {dag.py:3096} INFO - Sync 1 DAGs
[2026-05-19T13:52:13.248+0000] {logging_mixin.py:188} INFO - [2026-05-19T13:52:13.248+0000] {dag.py:3954} INFO - Setting next_dagrun for tutorial_taskflow_api to None, run_after=None
[2026-05-19T13:52:13.277+0000] {processor.py:183} INFO - Processing /home/airflow/.local/lib/python3.12/site-packages/airflow/example_dags/tutorial_taskflow_api.py took 0.102 seconds
[2026-05-19T13:52:43.498+0000] {processor.py:161} INFO - Started process (PID=2614) to work on /home/airflow/.local/lib/python3.12/site-packages/airflow/example_dags/tutorial_taskflow_api.py
[2026-05-19T13:52:43.500+0000] {processor.py:830} INFO - Processing file /home/airflow/.local/lib/python3.12/site-packages/airflow/example_dags/tutorial_taskflow_api.py for tasks to queue
[2026-05-19T13:52:43.503+0000] {logging_mixin.py:188} INFO - [2026-05-19T13:52:43.502+0000] {dagbag.py:545} INFO - Filling up the DagBag from /home/airflow/.local/lib/python3.12/site-packages/airflow/example_dags/tutorial_taskflow_api.py
[2026-05-19T13:52:43.513+0000] {processor.py:840} INFO - DAG(s) 'tutorial_taskflow_api' retrieved from /home/airflow/.local/lib/python3.12/site-packages/airflow/example_dags/tutorial_taskflow_api.py
[2026-05-19T13:52:43.537+0000] {logging_mixin.py:188} INFO - [2026-05-19T13:52:43.537+0000] {dag.py:3096} INFO - Sync 1 DAGs
[2026-05-19T13:52:43.552+0000] {logging_mixin.py:188} INFO - [2026-05-19T13:52:43.552+0000] {dag.py:3954} INFO - Setting next_dagrun for tutorial_taskflow_api to None, run_after=None
[2026-05-19T13:52:43.581+0000] {processor.py:183} INFO - Processing /home/airflow/.local/lib/python3.12/site-packages/airflow/example_dags/tutorial_taskflow_api.py took 0.091 seconds
[2026-05-19T13:53:13.838+0000] {processor.py:161} INFO - Started process (PID=2673) to work on /home/airflow/.local/lib/python3.12/site-packages/airflow/example_dags/tutorial_taskflow_api.py
[2026-05-19T13:53:13.840+0000] {processor.py:830} INFO - Processing file /home/airflow/.local/lib/python3.12/site-packages/airflow/example_dags/tutorial_taskflow_api.py for tasks to queue
[2026-05-19T13:53:13.844+0000] {logging_mixin.py:188} INFO - [2026-05-19T13:53:13.844+0000] {dagbag.py:545} INFO - Filling up the DagBag from /home/airflow/.local/lib/python3.12/site-packages/airflow/example_dags/tutorial_taskflow_api.py
[2026-05-19T13:53:13.858+0000] {processor.py:840} INFO - DAG(s) 'tutorial_taskflow_api' retrieved from /home/airflow/.local/lib/python3.12/site-packages/airflow/example_dags/tutorial_taskflow_api.py
[2026-05-19T13:53:13.895+0000] {logging_mixin.py:188} INFO - [2026-05-19T13:53:13.895+0000] {dag.py:3096} INFO - Sync 1 DAGs
[2026-05-19T13:53:13.917+0000] {logging_mixin.py:188} INFO - [2026-05-19T13:53:13.917+0000] {dag.py:3954} INFO - Setting next_dagrun for tutorial_taskflow_api to None, run_after=None
[2026-05-19T13:53:13.964+0000] {processor.py:183} INFO - Processing /home/airflow/.local/lib/python3.12/site-packages/airflow/example_dags/tutorial_taskflow_api.py took 0.131 seconds
[2026-05-19T13:53:44.230+0000] {processor.py:161} INFO - Started process (PID=2732) to work on /home/airflow/.local/lib/python3.12/site-packages/airflow/example_dags/tutorial_taskflow_api.py
[2026-05-19T13:53:44.231+0000] {processor.py:830} INFO - Processing file /home/airflow/.local/lib/python3.12/site-packages/airflow/example_dags/tutorial_taskflow_api.py for tasks to queue
[2026-05-19T13:53:44.234+0000] {logging_mixin.py:188} INFO - [2026-05-19T13:53:44.233+0000] {dagbag.py:545} INFO - Filling up the DagBag from /home/airflow/.local/lib/python3.12/site-packages/airflow/example_dags/tutorial_taskflow_api.py
[2026-05-19T13:53:44.240+0000] {processor.py:840} INFO - DAG(s) 'tutorial_taskflow_api' retrieved from /home/airflow/.local/lib/python3.12/site-packages/airflow/example_dags/tutorial_taskflow_api.py
[2026-05-19T13:53:44.266+0000] {logging_mixin.py:188} INFO - [2026-05-19T13:53:44.265+0000] {dag.py:3096} INFO - Sync 1 DAGs
[2026-05-19T13:53:44.286+0000] {logging_mixin.py:188} INFO - [2026-05-19T13:53:44.286+0000] {dag.py:3954} INFO - Setting next_dagrun for tutorial_taskflow_api to None, run_after=None
[2026-05-19T13:53:44.313+0000] {processor.py:183} INFO - Processing /home/airflow/.local/lib/python3.12/site-packages/airflow/example_dags/tutorial_taskflow_api.py took 0.090 seconds
[2026-05-19T13:54:14.844+0000] {processor.py:161} INFO - Started process (PID=2791) to work on /home/airflow/.local/lib/python3.12/site-packages/airflow/example_dags/tutorial_taskflow_api.py
[2026-05-19T13:54:14.846+0000] {processor.py:830} INFO - Processing file /home/airflow/.local/lib/python3.12/site-packages/airflow/example_dags/tutorial_taskflow_api.py for tasks to queue
[2026-05-19T13:54:14.850+0000] {logging_mixin.py:188} INFO - [2026-05-19T13:54:14.849+0000] {dagbag.py:545} INFO - Filling up the DagBag from /home/airflow/.local/lib/python3.12/site-packages/airflow/example_dags/tutorial_taskflow_api.py
[2026-05-19T13:54:14.857+0000] {processor.py:840} INFO - DAG(s) 'tutorial_taskflow_api' retrieved from /home/airflow/.local/lib/python3.12/site-packages/airflow/example_dags/tutorial_taskflow_api.py
[2026-05-19T13:54:14.888+0000] {logging_mixin.py:188} INFO - [2026-05-19T13:54:14.888+0000] {dag.py:3096} INFO - Sync 1 DAGs
[2026-05-19T13:54:14.903+0000] {logging_mixin.py:188} INFO - [2026-05-19T13:54:14.903+0000] {dag.py:3954} INFO - Setting next_dagrun for tutorial_taskflow_api to None, run_after=None
[2026-05-19T13:54:14.929+0000] {processor.py:183} INFO - Processing /home/airflow/.local/lib/python3.12/site-packages/airflow/example_dags/tutorial_taskflow_api.py took 0.089 seconds
[2026-05-19T13:54:45.387+0000] {processor.py:161} INFO - Started process (PID=2850) to work on /home/airflow/.local/lib/python3.12/site-packages/airflow/example_dags/tutorial_taskflow_api.py
[2026-05-19T13:54:45.388+0000] {processor.py:830} INFO - Processing file /home/airflow/.local/lib/python3.12/site-packages/airflow/example_dags/tutorial_taskflow_api.py for tasks to queue
[2026-05-19T13:54:45.394+0000] {logging_mixin.py:188} INFO - [2026-05-19T13:54:45.393+0000] {dagbag.py:545} INFO - Filling up the DagBag from /home/airflow/.local/lib/python3.12/site-packages/airflow/example_dags/tutorial_taskflow_api.py
[2026-05-19T13:54:45.403+0000] {processor.py:840} INFO - DAG(s) 'tutorial_taskflow_api' retrieved from /home/airflow/.local/lib/python3.12/site-packages/airflow/example_dags/tutorial_taskflow_api.py
[2026-05-19T13:54:45.434+0000] {logging_mixin.py:188} INFO - [2026-05-19T13:54:45.434+0000] {dag.py:3096} INFO - Sync 1 DAGs
[2026-05-19T13:54:45.452+0000] {logging_mixin.py:188} INFO - [2026-05-19T13:54:45.451+0000] {dag.py:3954} INFO - Setting next_dagrun for tutorial_taskflow_api to None, run_after=None
[2026-05-19T13:54:45.485+0000] {processor.py:183} INFO - Processing /home/airflow/.local/lib/python3.12/site-packages/airflow/example_dags/tutorial_taskflow_api.py took 0.108 seconds
[2026-05-19T13:55:15.803+0000] {processor.py:161} INFO - Started process (PID=2909) to work on /home/airflow/.local/lib/python3.12/site-packages/airflow/example_dags/tutorial_taskflow_api.py
[2026-05-19T13:55:15.806+0000] {processor.py:830} INFO - Processing file /home/airflow/.local/lib/python3.12/site-packages/airflow/example_dags/tutorial_taskflow_api.py for tasks to queue
[2026-05-19T13:55:15.814+0000] {logging_mixin.py:188} INFO - [2026-05-19T13:55:15.813+0000] {dagbag.py:545} INFO - Filling up the DagBag from /home/airflow/.local/lib/python3.12/site-packages/airflow/example_dags/tutorial_taskflow_api.py
[2026-05-19T13:55:15.828+0000] {processor.py:840} INFO - DAG(s) 'tutorial_taskflow_api' retrieved from /home/airflow/.local/lib/python3.12/site-packages/airflow/example_dags/tutorial_taskflow_api.py
[2026-05-19T13:55:15.893+0000] {logging_mixin.py:188} INFO - [2026-05-19T13:55:15.892+0000] {dag.py:3096} INFO - Sync 1 DAGs
[2026-05-19T13:55:15.956+0000] {logging_mixin.py:188} INFO - [2026-05-19T13:55:15.955+0000] {dag.py:3954} INFO - Setting next_dagrun for tutorial_taskflow_api to None, run_after=None
[2026-05-19T13:55:16.006+0000] {processor.py:183} INFO - Processing /home/airflow/.local/lib/python3.12/site-packages/airflow/example_dags/tutorial_taskflow_api.py took 0.211 seconds
[2026-05-19T13:55:47.037+0000] {processor.py:161} INFO - Started process (PID=2968) to work on /home/airflow/.local/lib/python3.12/site-packages/airflow/example_dags/tutorial_taskflow_api.py
[2026-05-19T13:55:47.040+0000] {processor.py:830} INFO - Processing file /home/airflow/.local/lib/python3.12/site-packages/airflow/example_dags/tutorial_taskflow_api.py for tasks to queue
[2026-05-19T13:55:47.044+0000] {logging_mixin.py:188} INFO - [2026-05-19T13:55:47.044+0000] {dagbag.py:545} INFO - Filling up the DagBag from /home/airflow/.local/lib/python3.12/site-packages/airflow/example_dags/tutorial_taskflow_api.py
[2026-05-19T13:55:47.055+0000] {processor.py:840} INFO - DAG(s) 'tutorial_taskflow_api' retrieved from /home/airflow/.local/lib/python3.12/site-packages/airflow/example_dags/tutorial_taskflow_api.py
[2026-05-19T13:55:47.109+0000] {logging_mixin.py:188} INFO - [2026-05-19T13:55:47.108+0000] {dag.py:3096} INFO - Sync 1 DAGs
[2026-05-19T13:55:47.132+0000] {logging_mixin.py:188} INFO - [2026-05-19T13:55:47.132+0000] {dag.py:3954} INFO - Setting next_dagrun for tutorial_taskflow_api to None, run_after=None
[2026-05-19T13:55:47.174+0000] {processor.py:183} INFO - Processing /home/airflow/.local/lib/python3.12/site-packages/airflow/example_dags/tutorial_taskflow_api.py took 0.152 seconds
[2026-05-19T13:56:17.483+0000] {processor.py:161} INFO - Started process (PID=3032) to work on /home/airflow/.local/lib/python3.12/site-packages/airflow/example_dags/tutorial_taskflow_api.py
[2026-05-19T13:56:17.487+0000] {processor.py:830} INFO - Processing file /home/airflow/.local/lib/python3.12/site-packages/airflow/example_dags/tutorial_taskflow_api.py for tasks to queue
[2026-05-19T13:56:17.491+0000] {logging_mixin.py:188} INFO - [2026-05-19T13:56:17.490+0000] {dagbag.py:545} INFO - Filling up the DagBag from /home/airflow/.local/lib/python3.12/site-packages/airflow/example_dags/tutorial_taskflow_api.py
[2026-05-19T13:56:17.504+0000] {processor.py:840} INFO - DAG(s) 'tutorial_taskflow_api' retrieved from /home/airflow/.local/lib/python3.12/site-packages/airflow/example_dags/tutorial_taskflow_api.py
[2026-05-19T13:56:17.535+0000] {logging_mixin.py:188} INFO - [2026-05-19T13:56:17.535+0000] {dag.py:3096} INFO - Sync 1 DAGs
[2026-05-19T13:56:17.552+0000] {logging_mixin.py:188} INFO - [2026-05-19T13:56:17.552+0000] {dag.py:3954} INFO - Setting next_dagrun for tutorial_taskflow_api to None, run_after=None
[2026-05-19T13:56:17.583+0000] {processor.py:183} INFO - Processing /home/airflow/.local/lib/python3.12/site-packages/airflow/example_dags/tutorial_taskflow_api.py took 0.107 seconds
[2026-05-19T13:56:48.262+0000] {processor.py:161} INFO - Started process (PID=3091) to work on /home/airflow/.local/lib/python3.12/site-packages/airflow/example_dags/tutorial_taskflow_api.py
[2026-05-19T13:56:48.264+0000] {processor.py:830} INFO - Processing file /home/airflow/.local/lib/python3.12/site-packages/airflow/example_dags/tutorial_taskflow_api.py for tasks to queue
[2026-05-19T13:56:48.267+0000] {logging_mixin.py:188} INFO - [2026-05-19T13:56:48.267+0000] {dagbag.py:545} INFO - Filling up the DagBag from /home/airflow/.local/lib/python3.12/site-packages/airflow/example_dags/tutorial_taskflow_api.py
[2026-05-19T13:56:48.276+0000] {processor.py:840} INFO - DAG(s) 'tutorial_taskflow_api' retrieved from /home/airflow/.local/lib/python3.12/site-packages/airflow/example_dags/tutorial_taskflow_api.py
[2026-05-19T13:56:48.305+0000] {logging_mixin.py:188} INFO - [2026-05-19T13:56:48.305+0000] {dag.py:3096} INFO - Sync 1 DAGs
[2026-05-19T13:56:48.324+0000] {logging_mixin.py:188} INFO - [2026-05-19T13:56:48.324+0000] {dag.py:3954} INFO - Setting next_dagrun for tutorial_taskflow_api to None, run_after=None
[2026-05-19T13:56:48.352+0000] {processor.py:183} INFO - Processing /home/airflow/.local/lib/python3.12/site-packages/airflow/example_dags/tutorial_taskflow_api.py took 0.100 seconds
[2026-05-19T13:57:18.499+0000] {processor.py:161} INFO - Started process (PID=3150) to work on /home/airflow/.local/lib/python3.12/site-packages/airflow/example_dags/tutorial_taskflow_api.py
[2026-05-19T13:57:18.500+0000] {processor.py:830} INFO - Processing file /home/airflow/.local/lib/python3.12/site-packages/airflow/example_dags/tutorial_taskflow_api.py for tasks to queue
[2026-05-19T13:57:18.504+0000] {logging_mixin.py:188} INFO - [2026-05-19T13:57:18.503+0000] {dagbag.py:545} INFO - Filling up the DagBag from /home/airflow/.local/lib/python3.12/site-packages/airflow/example_dags/tutorial_taskflow_api.py
[2026-05-19T13:57:18.520+0000] {processor.py:840} INFO - DAG(s) 'tutorial_taskflow_api' retrieved from /home/airflow/.local/lib/python3.12/site-packages/airflow/example_dags/tutorial_taskflow_api.py
[2026-05-19T13:57:18.549+0000] {logging_mixin.py:188} INFO - [2026-05-19T13:57:18.548+0000] {dag.py:3096} INFO - Sync 1 DAGs
[2026-05-19T13:57:18.570+0000] {logging_mixin.py:188} INFO - [2026-05-19T13:57:18.570+0000] {dag.py:3954} INFO - Setting next_dagrun for tutorial_taskflow_api to None, run_after=None
[2026-05-19T13:57:18.600+0000] {processor.py:183} INFO - Processing /home/airflow/.local/lib/python3.12/site-packages/airflow/example_dags/tutorial_taskflow_api.py took 0.109 seconds
[2026-05-19T13:57:49.288+0000] {processor.py:161} INFO - Started process (PID=3209) to work on /home/airflow/.local/lib/python3.12/site-packages/airflow/example_dags/tutorial_taskflow_api.py
[2026-05-19T13:57:49.290+0000] {processor.py:830} INFO - Processing file /home/airflow/.local/lib/python3.12/site-packages/airflow/example_dags/tutorial_taskflow_api.py for tasks to queue
[2026-05-19T13:57:49.293+0000] {logging_mixin.py:188} INFO - [2026-05-19T13:57:49.292+0000] {dagbag.py:545} INFO - Filling up the DagBag from /home/airflow/.local/lib/python3.12/site-packages/airflow/example_dags/tutorial_taskflow_api.py
[2026-05-19T13:57:49.300+0000] {processor.py:840} INFO - DAG(s) 'tutorial_taskflow_api' retrieved from /home/airflow/.local/lib/python3.12/site-packages/airflow/example_dags/tutorial_taskflow_api.py
[2026-05-19T13:57:49.322+0000] {logging_mixin.py:188} INFO - [2026-05-19T13:57:49.322+0000] {dag.py:3096} INFO - Sync 1 DAGs
[2026-05-19T13:57:49.338+0000] {logging_mixin.py:188} INFO - [2026-05-19T13:57:49.338+0000] {dag.py:3954} INFO - Setting next_dagrun for tutorial_taskflow_api to None, run_after=None
[2026-05-19T13:57:49.365+0000] {processor.py:183} INFO - Processing /home/airflow/.local/lib/python3.12/site-packages/airflow/example_dags/tutorial_taskflow_api.py took 0.086 seconds
[2026-05-19T13:58:20.020+0000] {processor.py:161} INFO - Started process (PID=3268) to work on /home/airflow/.local/lib/python3.12/site-packages/airflow/example_dags/tutorial_taskflow_api.py
[2026-05-19T13:58:20.022+0000] {processor.py:830} INFO - Processing file /home/airflow/.local/lib/python3.12/site-packages/airflow/example_dags/tutorial_taskflow_api.py for tasks to queue
[2026-05-19T13:58:20.025+0000] {logging_mixin.py:188} INFO - [2026-05-19T13:58:20.024+0000] {dagbag.py:545} INFO - Filling up the DagBag from /home/airflow/.local/lib/python3.12/site-packages/airflow/example_dags/tutorial_taskflow_api.py
[2026-05-19T13:58:20.038+0000] {processor.py:840} INFO - DAG(s) 'tutorial_taskflow_api' retrieved from /home/airflow/.local/lib/python3.12/site-packages/airflow/example_dags/tutorial_taskflow_api.py
[2026-05-19T13:58:20.068+0000] {logging_mixin.py:188} INFO - [2026-05-19T13:58:20.068+0000] {dag.py:3096} INFO - Sync 1 DAGs
[2026-05-19T13:58:20.084+0000] {logging_mixin.py:188} INFO - [2026-05-19T13:58:20.083+0000] {dag.py:3954} INFO - Setting next_dagrun for tutorial_taskflow_api to None, run_after=None
[2026-05-19T13:58:20.115+0000] {processor.py:183} INFO - Processing /home/airflow/.local/lib/python3.12/site-packages/airflow/example_dags/tutorial_taskflow_api.py took 0.102 seconds
[2026-05-19T13:58:50.341+0000] {processor.py:161} INFO - Started process (PID=3327) to work on /home/airflow/.local/lib/python3.12/site-packages/airflow/example_dags/tutorial_taskflow_api.py
[2026-05-19T13:58:50.343+0000] {processor.py:830} INFO - Processing file /home/airflow/.local/lib/python3.12/site-packages/airflow/example_dags/tutorial_taskflow_api.py for tasks to queue
[2026-05-19T13:58:50.345+0000] {logging_mixin.py:188} INFO - [2026-05-19T13:58:50.344+0000] {dagbag.py:545} INFO - Filling up the DagBag from /home/airflow/.local/lib/python3.12/site-packages/airflow/example_dags/tutorial_taskflow_api.py
[2026-05-19T13:58:50.355+0000] {processor.py:840} INFO - DAG(s) 'tutorial_taskflow_api' retrieved from /home/airflow/.local/lib/python3.12/site-packages/airflow/example_dags/tutorial_taskflow_api.py
[2026-05-19T13:58:50.384+0000] {logging_mixin.py:188} INFO - [2026-05-19T13:58:50.384+0000] {dag.py:3096} INFO - Sync 1 DAGs
[2026-05-19T13:58:50.397+0000] {logging_mixin.py:188} INFO - [2026-05-19T13:58:50.397+0000] {dag.py:3954} INFO - Setting next_dagrun for tutorial_taskflow_api to None, run_after=None
[2026-05-19T13:58:50.422+0000] {processor.py:183} INFO - Processing /home/airflow/.local/lib/python3.12/site-packages/airflow/example_dags/tutorial_taskflow_api.py took 0.088 seconds
[2026-05-19T13:59:20.944+0000] {processor.py:161} INFO - Started process (PID=3386) to work on /home/airflow/.local/lib/python3.12/site-packages/airflow/example_dags/tutorial_taskflow_api.py
[2026-05-19T13:59:20.945+0000] {processor.py:830} INFO - Processing file /home/airflow/.local/lib/python3.12/site-packages/airflow/example_dags/tutorial_taskflow_api.py for tasks to queue
[2026-05-19T13:59:20.947+0000] {logging_mixin.py:188} INFO - [2026-05-19T13:59:20.947+0000] {dagbag.py:545} INFO - Filling up the DagBag from /home/airflow/.local/lib/python3.12/site-packages/airflow/example_dags/tutorial_taskflow_api.py
[2026-05-19T13:59:20.953+0000] {processor.py:840} INFO - DAG(s) 'tutorial_taskflow_api' retrieved from /home/airflow/.local/lib/python3.12/site-packages/airflow/example_dags/tutorial_taskflow_api.py
[2026-05-19T13:59:20.985+0000] {logging_mixin.py:188} INFO - [2026-05-19T13:59:20.984+0000] {dag.py:3096} INFO - Sync 1 DAGs
[2026-05-19T13:59:20.996+0000] {logging_mixin.py:188} INFO - [2026-05-19T13:59:20.996+0000] {dag.py:3954} INFO - Setting next_dagrun for tutorial_taskflow_api to None, run_after=None
[2026-05-19T13:59:21.018+0000] {processor.py:183} INFO - Processing /home/airflow/.local/lib/python3.12/site-packages/airflow/example_dags/tutorial_taskflow_api.py took 0.081 seconds
[2026-05-19T13:59:51.302+0000] {processor.py:161} INFO - Started process (PID=3446) to work on /home/airflow/.local/lib/python3.12/site-packages/airflow/example_dags/tutorial_taskflow_api.py
[2026-05-19T13:59:51.310+0000] {processor.py:830} INFO - Processing file /home/airflow/.local/lib/python3.12/site-packages/airflow/example_dags/tutorial_taskflow_api.py for tasks to queue
[2026-05-19T13:59:51.342+0000] {logging_mixin.py:188} INFO - [2026-05-19T13:59:51.337+0000] {dagbag.py:545} INFO - Filling up the DagBag from /home/airflow/.local/lib/python3.12/site-packages/airflow/example_dags/tutorial_taskflow_api.py
[2026-05-19T13:59:51.372+0000] {processor.py:840} INFO - DAG(s) 'tutorial_taskflow_api' retrieved from /home/airflow/.local/lib/python3.12/site-packages/airflow/example_dags/tutorial_taskflow_api.py
[2026-05-19T13:59:51.699+0000] {logging_mixin.py:188} INFO - [2026-05-19T13:59:51.697+0000] {dag.py:3096} INFO - Sync 1 DAGs
[2026-05-19T13:59:52.077+0000] {logging_mixin.py:188} INFO - [2026-05-19T13:59:52.076+0000] {dag.py:3954} INFO - Setting next_dagrun for tutorial_taskflow_api to None, run_after=None
[2026-05-19T13:59:52.248+0000] {processor.py:183} INFO - Processing /home/airflow/.local/lib/python3.12/site-packages/airflow/example_dags/tutorial_taskflow_api.py took 0.981 seconds
[2026-05-19T14:00:23.041+0000] {processor.py:161} INFO - Started process (PID=3505) to work on /home/airflow/.local/lib/python3.12/site-packages/airflow/example_dags/tutorial_taskflow_api.py
[2026-05-19T14:00:23.044+0000] {processor.py:830} INFO - Processing file /home/airflow/.local/lib/python3.12/site-packages/airflow/example_dags/tutorial_taskflow_api.py for tasks to queue
[2026-05-19T14:00:23.047+0000] {logging_mixin.py:188} INFO - [2026-05-19T14:00:23.047+0000] {dagbag.py:545} INFO - Filling up the DagBag from /home/airflow/.local/lib/python3.12/site-packages/airflow/example_dags/tutorial_taskflow_api.py
[2026-05-19T14:00:23.055+0000] {processor.py:840} INFO - DAG(s) 'tutorial_taskflow_api' retrieved from /home/airflow/.local/lib/python3.12/site-packages/airflow/example_dags/tutorial_taskflow_api.py
[2026-05-19T14:00:23.087+0000] {logging_mixin.py:188} INFO - [2026-05-19T14:00:23.086+0000] {dag.py:3096} INFO - Sync 1 DAGs
[2026-05-19T14:00:23.105+0000] {logging_mixin.py:188} INFO - [2026-05-19T14:00:23.104+0000] {dag.py:3954} INFO - Setting next_dagrun for tutorial_taskflow_api to None, run_after=None
[2026-05-19T14:00:23.136+0000] {processor.py:183} INFO - Processing /home/airflow/.local/lib/python3.12/site-packages/airflow/example_dags/tutorial_taskflow_api.py took 0.102 seconds
[2026-05-19T14:00:53.685+0000] {processor.py:161} INFO - Started process (PID=3565) to work on /home/airflow/.local/lib/python3.12/site-packages/airflow/example_dags/tutorial_taskflow_api.py
[2026-05-19T14:00:53.688+0000] {processor.py:830} INFO - Processing file /home/airflow/.local/lib/python3.12/site-packages/airflow/example_dags/tutorial_taskflow_api.py for tasks to queue
[2026-05-19T14:00:53.693+0000] {logging_mixin.py:188} INFO - [2026-05-19T14:00:53.692+0000] {dagbag.py:545} INFO - Filling up the DagBag from /home/airflow/.local/lib/python3.12/site-packages/airflow/example_dags/tutorial_taskflow_api.py
[2026-05-19T14:00:53.712+0000] {processor.py:840} INFO - DAG(s) 'tutorial_taskflow_api' retrieved from /home/airflow/.local/lib/python3.12/site-packages/airflow/example_dags/tutorial_taskflow_api.py
[2026-05-19T14:00:53.766+0000] {logging_mixin.py:188} INFO - [2026-05-19T14:00:53.766+0000] {dag.py:3096} INFO - Sync 1 DAGs
[2026-05-19T14:00:53.815+0000] {logging_mixin.py:188} INFO - [2026-05-19T14:00:53.815+0000] {dag.py:3954} INFO - Setting next_dagrun for tutorial_taskflow_api to None, run_after=None
[2026-05-19T14:00:53.917+0000] {processor.py:183} INFO - Processing /home/airflow/.local/lib/python3.12/site-packages/airflow/example_dags/tutorial_taskflow_api.py took 0.253 seconds
[2026-05-19T14:01:24.119+0000] {processor.py:161} INFO - Started process (PID=3624) to work on /home/airflow/.local/lib/python3.12/site-packages/airflow/example_dags/tutorial_taskflow_api.py
[2026-05-19T14:01:24.121+0000] {processor.py:830} INFO - Processing file /home/airflow/.local/lib/python3.12/site-packages/airflow/example_dags/tutorial_taskflow_api.py for tasks to queue
[2026-05-19T14:01:24.124+0000] {logging_mixin.py:188} INFO - [2026-05-19T14:01:24.123+0000] {dagbag.py:545} INFO - Filling up the DagBag from /home/airflow/.local/lib/python3.12/site-packages/airflow/example_dags/tutorial_taskflow_api.py
[2026-05-19T14:01:24.132+0000] {processor.py:840} INFO - DAG(s) 'tutorial_taskflow_api' retrieved from /home/airflow/.local/lib/python3.12/site-packages/airflow/example_dags/tutorial_taskflow_api.py
[2026-05-19T14:01:24.162+0000] {logging_mixin.py:188} INFO - [2026-05-19T14:01:24.162+0000] {dag.py:3096} INFO - Sync 1 DAGs
[2026-05-19T14:01:24.178+0000] {logging_mixin.py:188} INFO - [2026-05-19T14:01:24.177+0000] {dag.py:3954} INFO - Setting next_dagrun for tutorial_taskflow_api to None, run_after=None
[2026-05-19T14:01:24.202+0000] {processor.py:183} INFO - Processing /home/airflow/.local/lib/python3.12/site-packages/airflow/example_dags/tutorial_taskflow_api.py took 0.088 seconds
[2026-05-19T14:01:54.957+0000] {processor.py:161} INFO - Started process (PID=3683) to work on /home/airflow/.local/lib/python3.12/site-packages/airflow/example_dags/tutorial_taskflow_api.py
[2026-05-19T14:01:54.959+0000] {processor.py:830} INFO - Processing file /home/airflow/.local/lib/python3.12/site-packages/airflow/example_dags/tutorial_taskflow_api.py for tasks to queue
[2026-05-19T14:01:54.965+0000] {logging_mixin.py:188} INFO - [2026-05-19T14:01:54.964+0000] {dagbag.py:545} INFO - Filling up the DagBag from /home/airflow/.local/lib/python3.12/site-packages/airflow/example_dags/tutorial_taskflow_api.py
[2026-05-19T14:01:54.979+0000] {processor.py:840} INFO - DAG(s) 'tutorial_taskflow_api' retrieved from /home/airflow/.local/lib/python3.12/site-packages/airflow/example_dags/tutorial_taskflow_api.py
[2026-05-19T14:01:55.022+0000] {logging_mixin.py:188} INFO - [2026-05-19T14:01:55.022+0000] {dag.py:3096} INFO - Sync 1 DAGs
[2026-05-19T14:01:55.047+0000] {logging_mixin.py:188} INFO - [2026-05-19T14:01:55.046+0000] {dag.py:3954} INFO - Setting next_dagrun for tutorial_taskflow_api to None, run_after=None
[2026-05-19T14:01:55.098+0000] {processor.py:183} INFO - Processing /home/airflow/.local/lib/python3.12/site-packages/airflow/example_dags/tutorial_taskflow_api.py took 0.154 seconds
[2026-05-19T14:02:26.037+0000] {processor.py:161} INFO - Started process (PID=3742) to work on /home/airflow/.local/lib/python3.12/site-packages/airflow/example_dags/tutorial_taskflow_api.py
[2026-05-19T14:02:26.040+0000] {processor.py:830} INFO - Processing file /home/airflow/.local/lib/python3.12/site-packages/airflow/example_dags/tutorial_taskflow_api.py for tasks to queue
[2026-05-19T14:02:26.044+0000] {logging_mixin.py:188} INFO - [2026-05-19T14:02:26.043+0000] {dagbag.py:545} INFO - Filling up the DagBag from /home/airflow/.local/lib/python3.12/site-packages/airflow/example_dags/tutorial_taskflow_api.py
[2026-05-19T14:02:26.059+0000] {processor.py:840} INFO - DAG(s) 'tutorial_taskflow_api' retrieved from /home/airflow/.local/lib/python3.12/site-packages/airflow/example_dags/tutorial_taskflow_api.py
[2026-05-19T14:02:26.104+0000] {logging_mixin.py:188} INFO - [2026-05-19T14:02:26.103+0000] {dag.py:3096} INFO - Sync 1 DAGs
[2026-05-19T14:02:26.128+0000] {logging_mixin.py:188} INFO - [2026-05-19T14:02:26.128+0000] {dag.py:3954} INFO - Setting next_dagrun for tutorial_taskflow_api to None, run_after=None
[2026-05-19T14:02:26.169+0000] {processor.py:183} INFO - Processing /home/airflow/.local/lib/python3.12/site-packages/airflow/example_dags/tutorial_taskflow_api.py took 0.147 seconds
[2026-05-19T14:02:56.872+0000] {processor.py:161} INFO - Started process (PID=3801) to work on /home/airflow/.local/lib/python3.12/site-packages/airflow/example_dags/tutorial_taskflow_api.py
[2026-05-19T14:02:56.874+0000] {processor.py:830} INFO - Processing file /home/airflow/.local/lib/python3.12/site-packages/airflow/example_dags/tutorial_taskflow_api.py for tasks to queue
[2026-05-19T14:02:56.878+0000] {logging_mixin.py:188} INFO - [2026-05-19T14:02:56.878+0000] {dagbag.py:545} INFO - Filling up the DagBag from /home/airflow/.local/lib/python3.12/site-packages/airflow/example_dags/tutorial_taskflow_api.py
[2026-05-19T14:02:56.886+0000] {processor.py:840} INFO - DAG(s) 'tutorial_taskflow_api' retrieved from /home/airflow/.local/lib/python3.12/site-packages/airflow/example_dags/tutorial_taskflow_api.py
[2026-05-19T14:02:56.911+0000] {logging_mixin.py:188} INFO - [2026-05-19T14:02:56.911+0000] {dag.py:3096} INFO - Sync 1 DAGs
[2026-05-19T14:02:56.927+0000] {logging_mixin.py:188} INFO - [2026-05-19T14:02:56.926+0000] {dag.py:3954} INFO - Setting next_dagrun for tutorial_taskflow_api to None, run_after=None
[2026-05-19T14:02:56.959+0000] {processor.py:183} INFO - Processing /home/airflow/.local/lib/python3.12/site-packages/airflow/example_dags/tutorial_taskflow_api.py took 0.096 seconds
[2026-05-19T14:03:27.318+0000] {processor.py:161} INFO - Started process (PID=3860) to work on /home/airflow/.local/lib/python3.12/site-packages/airflow/example_dags/tutorial_taskflow_api.py
[2026-05-19T14:03:27.319+0000] {processor.py:830} INFO - Processing file /home/airflow/.local/lib/python3.12/site-packages/airflow/example_dags/tutorial_taskflow_api.py for tasks to queue
[2026-05-19T14:03:27.322+0000] {logging_mixin.py:188} INFO - [2026-05-19T14:03:27.321+0000] {dagbag.py:545} INFO - Filling up the DagBag from /home/airflow/.local/lib/python3.12/site-packages/airflow/example_dags/tutorial_taskflow_api.py
[2026-05-19T14:03:27.329+0000] {processor.py:840} INFO - DAG(s) 'tutorial_taskflow_api' retrieved from /home/airflow/.local/lib/python3.12/site-packages/airflow/example_dags/tutorial_taskflow_api.py
[2026-05-19T14:03:27.359+0000] {logging_mixin.py:188} INFO - [2026-05-19T14:03:27.359+0000] {dag.py:3096} INFO - Sync 1 DAGs
[2026-05-19T14:03:27.373+0000] {logging_mixin.py:188} INFO - [2026-05-19T14:03:27.373+0000] {dag.py:3954} INFO - Setting next_dagrun for tutorial_taskflow_api to None, run_after=None
[2026-05-19T14:03:27.397+0000] {processor.py:183} INFO - Processing /home/airflow/.local/lib/python3.12/site-packages/airflow/example_dags/tutorial_taskflow_api.py took 0.085 seconds
[2026-05-19T14:03:57.540+0000] {processor.py:161} INFO - Started process (PID=3919) to work on /home/airflow/.local/lib/python3.12/site-packages/airflow/example_dags/tutorial_taskflow_api.py
[2026-05-19T14:03:57.543+0000] {processor.py:830} INFO - Processing file /home/airflow/.local/lib/python3.12/site-packages/airflow/example_dags/tutorial_taskflow_api.py for tasks to queue
[2026-05-19T14:03:57.547+0000] {logging_mixin.py:188} INFO - [2026-05-19T14:03:57.546+0000] {dagbag.py:545} INFO - Filling up the DagBag from /home/airflow/.local/lib/python3.12/site-packages/airflow/example_dags/tutorial_taskflow_api.py
[2026-05-19T14:03:57.556+0000] {processor.py:840} INFO - DAG(s) 'tutorial_taskflow_api' retrieved from /home/airflow/.local/lib/python3.12/site-packages/airflow/example_dags/tutorial_taskflow_api.py
[2026-05-19T14:03:57.587+0000] {logging_mixin.py:188} INFO - [2026-05-19T14:03:57.586+0000] {dag.py:3096} INFO - Sync 1 DAGs
[2026-05-19T14:03:57.603+0000] {logging_mixin.py:188} INFO - [2026-05-19T14:03:57.603+0000] {dag.py:3954} INFO - Setting next_dagrun for tutorial_taskflow_api to None, run_after=None
[2026-05-19T14:03:57.636+0000] {processor.py:183} INFO - Processing /home/airflow/.local/lib/python3.12/site-packages/airflow/example_dags/tutorial_taskflow_api.py took 0.104 seconds
[2026-05-19T14:04:27.896+0000] {processor.py:161} INFO - Started process (PID=3978) to work on /home/airflow/.local/lib/python3.12/site-packages/airflow/example_dags/tutorial_taskflow_api.py
[2026-05-19T14:04:27.898+0000] {processor.py:830} INFO - Processing file /home/airflow/.local/lib/python3.12/site-packages/airflow/example_dags/tutorial_taskflow_api.py for tasks to queue
[2026-05-19T14:04:27.902+0000] {logging_mixin.py:188} INFO - [2026-05-19T14:04:27.902+0000] {dagbag.py:545} INFO - Filling up the DagBag from /home/airflow/.local/lib/python3.12/site-packages/airflow/example_dags/tutorial_taskflow_api.py
[2026-05-19T14:04:27.912+0000] {processor.py:840} INFO - DAG(s) 'tutorial_taskflow_api' retrieved from /home/airflow/.local/lib/python3.12/site-packages/airflow/example_dags/tutorial_taskflow_api.py
[2026-05-19T14:04:27.935+0000] {logging_mixin.py:188} INFO - [2026-05-19T14:04:27.935+0000] {dag.py:3096} INFO - Sync 1 DAGs
[2026-05-19T14:04:27.949+0000] {logging_mixin.py:188} INFO - [2026-05-19T14:04:27.949+0000] {dag.py:3954} INFO - Setting next_dagrun for tutorial_taskflow_api to None, run_after=None
[2026-05-19T14:04:27.981+0000] {processor.py:183} INFO - Processing /home/airflow/.local/lib/python3.12/site-packages/airflow/example_dags/tutorial_taskflow_api.py took 0.090 seconds
[2026-05-19T14:04:58.378+0000] {processor.py:161} INFO - Started process (PID=4037) to work on /home/airflow/.local/lib/python3.12/site-packages/airflow/example_dags/tutorial_taskflow_api.py
[2026-05-19T14:04:58.382+0000] {processor.py:830} INFO - Processing file /home/airflow/.local/lib/python3.12/site-packages/airflow/example_dags/tutorial_taskflow_api.py for tasks to queue
[2026-05-19T14:04:58.385+0000] {logging_mixin.py:188} INFO - [2026-05-19T14:04:58.385+0000] {dagbag.py:545} INFO - Filling up the DagBag from /home/airflow/.local/lib/python3.12/site-packages/airflow/example_dags/tutorial_taskflow_api.py
[2026-05-19T14:04:58.395+0000] {processor.py:840} INFO - DAG(s) 'tutorial_taskflow_api' retrieved from /home/airflow/.local/lib/python3.12/site-packages/airflow/example_dags/tutorial_taskflow_api.py
[2026-05-19T14:04:58.418+0000] {logging_mixin.py:188} INFO - [2026-05-19T14:04:58.418+0000] {dag.py:3096} INFO - Sync 1 DAGs
[2026-05-19T14:04:58.437+0000] {logging_mixin.py:188} INFO - [2026-05-19T14:04:58.437+0000] {dag.py:3954} INFO - Setting next_dagrun for tutorial_taskflow_api to None, run_after=None
[2026-05-19T14:04:58.474+0000] {processor.py:183} INFO - Processing /home/airflow/.local/lib/python3.12/site-packages/airflow/example_dags/tutorial_taskflow_api.py took 0.101 seconds
[2026-05-19T14:05:28.616+0000] {processor.py:161} INFO - Started process (PID=4096) to work on /home/airflow/.local/lib/python3.12/site-packages/airflow/example_dags/tutorial_taskflow_api.py
[2026-05-19T14:05:28.618+0000] {processor.py:830} INFO - Processing file /home/airflow/.local/lib/python3.12/site-packages/airflow/example_dags/tutorial_taskflow_api.py for tasks to queue
[2026-05-19T14:05:28.629+0000] {logging_mixin.py:188} INFO - [2026-05-19T14:05:28.626+0000] {dagbag.py:545} INFO - Filling up the DagBag from /home/airflow/.local/lib/python3.12/site-packages/airflow/example_dags/tutorial_taskflow_api.py
[2026-05-19T14:05:28.638+0000] {processor.py:840} INFO - DAG(s) 'tutorial_taskflow_api' retrieved from /home/airflow/.local/lib/python3.12/site-packages/airflow/example_dags/tutorial_taskflow_api.py
[2026-05-19T14:05:28.672+0000] {logging_mixin.py:188} INFO - [2026-05-19T14:05:28.672+0000] {dag.py:3096} INFO - Sync 1 DAGs
[2026-05-19T14:05:28.684+0000] {logging_mixin.py:188} INFO - [2026-05-19T14:05:28.684+0000] {dag.py:3954} INFO - Setting next_dagrun for tutorial_taskflow_api to None, run_after=None
[2026-05-19T14:05:28.705+0000] {processor.py:183} INFO - Processing /home/airflow/.local/lib/python3.12/site-packages/airflow/example_dags/tutorial_taskflow_api.py took 0.097 seconds
[2026-05-19T14:05:59.116+0000] {processor.py:161} INFO - Started process (PID=4156) to work on /home/airflow/.local/lib/python3.12/site-packages/airflow/example_dags/tutorial_taskflow_api.py
[2026-05-19T14:05:59.117+0000] {processor.py:830} INFO - Processing file /home/airflow/.local/lib/python3.12/site-packages/airflow/example_dags/tutorial_taskflow_api.py for tasks to queue
[2026-05-19T14:05:59.119+0000] {logging_mixin.py:188} INFO - [2026-05-19T14:05:59.118+0000] {dagbag.py:545} INFO - Filling up the DagBag from /home/airflow/.local/lib/python3.12/site-packages/airflow/example_dags/tutorial_taskflow_api.py
[2026-05-19T14:05:59.129+0000] {processor.py:840} INFO - DAG(s) 'tutorial_taskflow_api' retrieved from /home/airflow/.local/lib/python3.12/site-packages/airflow/example_dags/tutorial_taskflow_api.py
[2026-05-19T14:05:59.155+0000] {logging_mixin.py:188} INFO - [2026-05-19T14:05:59.154+0000] {dag.py:3096} INFO - Sync 1 DAGs
[2026-05-19T14:05:59.166+0000] {logging_mixin.py:188} INFO - [2026-05-19T14:05:59.166+0000] {dag.py:3954} INFO - Setting next_dagrun for tutorial_taskflow_api to None, run_after=None
[2026-05-19T14:05:59.195+0000] {processor.py:183} INFO - Processing /home/airflow/.local/lib/python3.12/site-packages/airflow/example_dags/tutorial_taskflow_api.py took 0.085 seconds
[2026-05-19T14:06:30.150+0000] {processor.py:161} INFO - Started process (PID=4215) to work on /home/airflow/.local/lib/python3.12/site-packages/airflow/example_dags/tutorial_taskflow_api.py
[2026-05-19T14:06:30.153+0000] {processor.py:830} INFO - Processing file /home/airflow/.local/lib/python3.12/site-packages/airflow/example_dags/tutorial_taskflow_api.py for tasks to queue
[2026-05-19T14:06:30.158+0000] {logging_mixin.py:188} INFO - [2026-05-19T14:06:30.157+0000] {dagbag.py:545} INFO - Filling up the DagBag from /home/airflow/.local/lib/python3.12/site-packages/airflow/example_dags/tutorial_taskflow_api.py
[2026-05-19T14:06:30.173+0000] {processor.py:840} INFO - DAG(s) 'tutorial_taskflow_api' retrieved from /home/airflow/.local/lib/python3.12/site-packages/airflow/example_dags/tutorial_taskflow_api.py
[2026-05-19T14:06:30.231+0000] {logging_mixin.py:188} INFO - [2026-05-19T14:06:30.230+0000] {dag.py:3096} INFO - Sync 1 DAGs
[2026-05-19T14:06:30.256+0000] {logging_mixin.py:188} INFO - [2026-05-19T14:06:30.256+0000] {dag.py:3954} INFO - Setting next_dagrun for tutorial_taskflow_api to None, run_after=None
[2026-05-19T14:06:30.311+0000] {processor.py:183} INFO - Processing /home/airflow/.local/lib/python3.12/site-packages/airflow/example_dags/tutorial_taskflow_api.py took 0.176 seconds
[2026-05-19T14:07:01.198+0000] {processor.py:161} INFO - Started process (PID=4274) to work on /home/airflow/.local/lib/python3.12/site-packages/airflow/example_dags/tutorial_taskflow_api.py
[2026-05-19T14:07:01.200+0000] {processor.py:830} INFO - Processing file /home/airflow/.local/lib/python3.12/site-packages/airflow/example_dags/tutorial_taskflow_api.py for tasks to queue
[2026-05-19T14:07:01.203+0000] {logging_mixin.py:188} INFO - [2026-05-19T14:07:01.203+0000] {dagbag.py:545} INFO - Filling up the DagBag from /home/airflow/.local/lib/python3.12/site-packages/airflow/example_dags/tutorial_taskflow_api.py
[2026-05-19T14:07:01.212+0000] {processor.py:840} INFO - DAG(s) 'tutorial_taskflow_api' retrieved from /home/airflow/.local/lib/python3.12/site-packages/airflow/example_dags/tutorial_taskflow_api.py
[2026-05-19T14:07:01.240+0000] {logging_mixin.py:188} INFO - [2026-05-19T14:07:01.238+0000] {dag.py:3096} INFO - Sync 1 DAGs
[2026-05-19T14:07:01.252+0000] {logging_mixin.py:188} INFO - [2026-05-19T14:07:01.252+0000] {dag.py:3954} INFO - Setting next_dagrun for tutorial_taskflow_api to None, run_after=None
[2026-05-19T14:07:01.276+0000] {processor.py:183} INFO - Processing /home/airflow/.local/lib/python3.12/site-packages/airflow/example_dags/tutorial_taskflow_api.py took 0.084 seconds
[2026-05-19T14:07:31.413+0000] {processor.py:161} INFO - Started process (PID=4333) to work on /home/airflow/.local/lib/python3.12/site-packages/airflow/example_dags/tutorial_taskflow_api.py
[2026-05-19T14:07:31.416+0000] {processor.py:830} INFO - Processing file /home/airflow/.local/lib/python3.12/site-packages/airflow/example_dags/tutorial_taskflow_api.py for tasks to queue
[2026-05-19T14:07:31.421+0000] {logging_mixin.py:188} INFO - [2026-05-19T14:07:31.420+0000] {dagbag.py:545} INFO - Filling up the DagBag from /home/airflow/.local/lib/python3.12/site-packages/airflow/example_dags/tutorial_taskflow_api.py
[2026-05-19T14:07:31.438+0000] {processor.py:840} INFO - DAG(s) 'tutorial_taskflow_api' retrieved from /home/airflow/.local/lib/python3.12/site-packages/airflow/example_dags/tutorial_taskflow_api.py
[2026-05-19T14:07:31.509+0000] {logging_mixin.py:188} INFO - [2026-05-19T14:07:31.508+0000] {dag.py:3096} INFO - Sync 1 DAGs
[2026-05-19T14:07:31.537+0000] {logging_mixin.py:188} INFO - [2026-05-19T14:07:31.536+0000] {dag.py:3954} INFO - Setting next_dagrun for tutorial_taskflow_api to None, run_after=None
[2026-05-19T14:07:31.595+0000] {processor.py:183} INFO - Processing /home/airflow/.local/lib/python3.12/site-packages/airflow/example_dags/tutorial_taskflow_api.py took 0.197 seconds
[2026-05-19T14:08:01.771+0000] {processor.py:161} INFO - Started process (PID=4392) to work on /home/airflow/.local/lib/python3.12/site-packages/airflow/example_dags/tutorial_taskflow_api.py
[2026-05-19T14:08:01.773+0000] {processor.py:830} INFO - Processing file /home/airflow/.local/lib/python3.12/site-packages/airflow/example_dags/tutorial_taskflow_api.py for tasks to queue
[2026-05-19T14:08:01.778+0000] {logging_mixin.py:188} INFO - [2026-05-19T14:08:01.777+0000] {dagbag.py:545} INFO - Filling up the DagBag from /home/airflow/.local/lib/python3.12/site-packages/airflow/example_dags/tutorial_taskflow_api.py
[2026-05-19T14:08:01.791+0000] {processor.py:840} INFO - DAG(s) 'tutorial_taskflow_api' retrieved from /home/airflow/.local/lib/python3.12/site-packages/airflow/example_dags/tutorial_taskflow_api.py
[2026-05-19T14:08:01.830+0000] {logging_mixin.py:188} INFO - [2026-05-19T14:08:01.830+0000] {dag.py:3096} INFO - Sync 1 DAGs
[2026-05-19T14:08:01.850+0000] {logging_mixin.py:188} INFO - [2026-05-19T14:08:01.849+0000] {dag.py:3954} INFO - Setting next_dagrun for tutorial_taskflow_api to None, run_after=None
[2026-05-19T14:08:01.884+0000] {processor.py:183} INFO - Processing /home/airflow/.local/lib/python3.12/site-packages/airflow/example_dags/tutorial_taskflow_api.py took 0.123 seconds
[2026-05-19T14:08:32.125+0000] {processor.py:161} INFO - Started process (PID=4451) to work on /home/airflow/.local/lib/python3.12/site-packages/airflow/example_dags/tutorial_taskflow_api.py
[2026-05-19T14:08:32.127+0000] {processor.py:830} INFO - Processing file /home/airflow/.local/lib/python3.12/site-packages/airflow/example_dags/tutorial_taskflow_api.py for tasks to queue
[2026-05-19T14:08:32.132+0000] {logging_mixin.py:188} INFO - [2026-05-19T14:08:32.132+0000] {dagbag.py:545} INFO - Filling up the DagBag from /home/airflow/.local/lib/python3.12/site-packages/airflow/example_dags/tutorial_taskflow_api.py
[2026-05-19T14:08:32.144+0000] {processor.py:840} INFO - DAG(s) 'tutorial_taskflow_api' retrieved from /home/airflow/.local/lib/python3.12/site-packages/airflow/example_dags/tutorial_taskflow_api.py
[2026-05-19T14:08:32.176+0000] {logging_mixin.py:188} INFO - [2026-05-19T14:08:32.175+0000] {dag.py:3096} INFO - Sync 1 DAGs
[2026-05-19T14:08:32.194+0000] {logging_mixin.py:188} INFO - [2026-05-19T14:08:32.194+0000] {dag.py:3954} INFO - Setting next_dagrun for tutorial_taskflow_api to None, run_after=None
[2026-05-19T14:08:32.222+0000] {processor.py:183} INFO - Processing /home/airflow/.local/lib/python3.12/site-packages/airflow/example_dags/tutorial_taskflow_api.py took 0.108 seconds
[2026-05-19T14:09:02.423+0000] {processor.py:161} INFO - Started process (PID=4510) to work on /home/airflow/.local/lib/python3.12/site-packages/airflow/example_dags/tutorial_taskflow_api.py
[2026-05-19T14:09:02.425+0000] {processor.py:830} INFO - Processing file /home/airflow/.local/lib/python3.12/site-packages/airflow/example_dags/tutorial_taskflow_api.py for tasks to queue
[2026-05-19T14:09:02.428+0000] {logging_mixin.py:188} INFO - [2026-05-19T14:09:02.427+0000] {dagbag.py:545} INFO - Filling up the DagBag from /home/airflow/.local/lib/python3.12/site-packages/airflow/example_dags/tutorial_taskflow_api.py
[2026-05-19T14:09:02.436+0000] {processor.py:840} INFO - DAG(s) 'tutorial_taskflow_api' retrieved from /home/airflow/.local/lib/python3.12/site-packages/airflow/example_dags/tutorial_taskflow_api.py
[2026-05-19T14:09:02.457+0000] {logging_mixin.py:188} INFO - [2026-05-19T14:09:02.457+0000] {dag.py:3096} INFO - Sync 1 DAGs
[2026-05-19T14:09:02.476+0000] {logging_mixin.py:188} INFO - [2026-05-19T14:09:02.475+0000] {dag.py:3954} INFO - Setting next_dagrun for tutorial_taskflow_api to None, run_after=None
[2026-05-19T14:09:02.503+0000] {processor.py:183} INFO - Processing /home/airflow/.local/lib/python3.12/site-packages/airflow/example_dags/tutorial_taskflow_api.py took 0.090 seconds
[2026-05-19T14:09:32.801+0000] {processor.py:161} INFO - Started process (PID=4570) to work on /home/airflow/.local/lib/python3.12/site-packages/airflow/example_dags/tutorial_taskflow_api.py
[2026-05-19T14:09:32.804+0000] {processor.py:830} INFO - Processing file /home/airflow/.local/lib/python3.12/site-packages/airflow/example_dags/tutorial_taskflow_api.py for tasks to queue
[2026-05-19T14:09:32.808+0000] {logging_mixin.py:188} INFO - [2026-05-19T14:09:32.807+0000] {dagbag.py:545} INFO - Filling up the DagBag from /home/airflow/.local/lib/python3.12/site-packages/airflow/example_dags/tutorial_taskflow_api.py
[2026-05-19T14:09:32.820+0000] {processor.py:840} INFO - DAG(s) 'tutorial_taskflow_api' retrieved from /home/airflow/.local/lib/python3.12/site-packages/airflow/example_dags/tutorial_taskflow_api.py
[2026-05-19T14:09:32.848+0000] {logging_mixin.py:188} INFO - [2026-05-19T14:09:32.847+0000] {dag.py:3096} INFO - Sync 1 DAGs
[2026-05-19T14:09:32.863+0000] {logging_mixin.py:188} INFO - [2026-05-19T14:09:32.863+0000] {dag.py:3954} INFO - Setting next_dagrun for tutorial_taskflow_api to None, run_after=None
[2026-05-19T14:09:32.893+0000] {processor.py:183} INFO - Processing /home/airflow/.local/lib/python3.12/site-packages/airflow/example_dags/tutorial_taskflow_api.py took 0.109 seconds
[2026-05-19T14:10:03.355+0000] {processor.py:161} INFO - Started process (PID=4627) to work on /home/airflow/.local/lib/python3.12/site-packages/airflow/example_dags/tutorial_taskflow_api.py
[2026-05-19T14:10:03.358+0000] {processor.py:830} INFO - Processing file /home/airflow/.local/lib/python3.12/site-packages/airflow/example_dags/tutorial_taskflow_api.py for tasks to queue
[2026-05-19T14:10:03.362+0000] {logging_mixin.py:188} INFO - [2026-05-19T14:10:03.361+0000] {dagbag.py:545} INFO - Filling up the DagBag from /home/airflow/.local/lib/python3.12/site-packages/airflow/example_dags/tutorial_taskflow_api.py
[2026-05-19T14:10:03.368+0000] {processor.py:840} INFO - DAG(s) 'tutorial_taskflow_api' retrieved from /home/airflow/.local/lib/python3.12/site-packages/airflow/example_dags/tutorial_taskflow_api.py
[2026-05-19T14:10:03.390+0000] {logging_mixin.py:188} INFO - [2026-05-19T14:10:03.390+0000] {dag.py:3096} INFO - Sync 1 DAGs
[2026-05-19T14:10:03.405+0000] {logging_mixin.py:188} INFO - [2026-05-19T14:10:03.405+0000] {dag.py:3954} INFO - Setting next_dagrun for tutorial_taskflow_api to None, run_after=None
[2026-05-19T14:10:03.430+0000] {processor.py:183} INFO - Processing /home/airflow/.local/lib/python3.12/site-packages/airflow/example_dags/tutorial_taskflow_api.py took 0.081 seconds
[2026-05-19T14:10:33.533+0000] {processor.py:161} INFO - Started process (PID=4686) to work on /home/airflow/.local/lib/python3.12/site-packages/airflow/example_dags/tutorial_taskflow_api.py
[2026-05-19T14:10:33.535+0000] {processor.py:830} INFO - Processing file /home/airflow/.local/lib/python3.12/site-packages/airflow/example_dags/tutorial_taskflow_api.py for tasks to queue
[2026-05-19T14:10:33.537+0000] {logging_mixin.py:188} INFO - [2026-05-19T14:10:33.537+0000] {dagbag.py:545} INFO - Filling up the DagBag from /home/airflow/.local/lib/python3.12/site-packages/airflow/example_dags/tutorial_taskflow_api.py
[2026-05-19T14:10:33.545+0000] {processor.py:840} INFO - DAG(s) 'tutorial_taskflow_api' retrieved from /home/airflow/.local/lib/python3.12/site-packages/airflow/example_dags/tutorial_taskflow_api.py
[2026-05-19T14:10:33.576+0000] {logging_mixin.py:188} INFO - [2026-05-19T14:10:33.576+0000] {dag.py:3096} INFO - Sync 1 DAGs
[2026-05-19T14:10:33.601+0000] {logging_mixin.py:188} INFO - [2026-05-19T14:10:33.601+0000] {dag.py:3954} INFO - Setting next_dagrun for tutorial_taskflow_api to None, run_after=None
[2026-05-19T14:10:33.626+0000] {processor.py:183} INFO - Processing /home/airflow/.local/lib/python3.12/site-packages/airflow/example_dags/tutorial_taskflow_api.py took 0.101 seconds
[2026-05-19T14:11:03.754+0000] {processor.py:161} INFO - Started process (PID=4745) to work on /home/airflow/.local/lib/python3.12/site-packages/airflow/example_dags/tutorial_taskflow_api.py
[2026-05-19T14:11:03.756+0000] {processor.py:830} INFO - Processing file /home/airflow/.local/lib/python3.12/site-packages/airflow/example_dags/tutorial_taskflow_api.py for tasks to queue
[2026-05-19T14:11:03.759+0000] {logging_mixin.py:188} INFO - [2026-05-19T14:11:03.758+0000] {dagbag.py:545} INFO - Filling up the DagBag from /home/airflow/.local/lib/python3.12/site-packages/airflow/example_dags/tutorial_taskflow_api.py
[2026-05-19T14:11:03.764+0000] {processor.py:840} INFO - DAG(s) 'tutorial_taskflow_api' retrieved from /home/airflow/.local/lib/python3.12/site-packages/airflow/example_dags/tutorial_taskflow_api.py
[2026-05-19T14:11:03.789+0000] {logging_mixin.py:188} INFO - [2026-05-19T14:11:03.788+0000] {dag.py:3096} INFO - Sync 1 DAGs
[2026-05-19T14:11:03.804+0000] {logging_mixin.py:188} INFO - [2026-05-19T14:11:03.804+0000] {dag.py:3954} INFO - Setting next_dagrun for tutorial_taskflow_api to None, run_after=None
[2026-05-19T14:11:03.827+0000] {processor.py:183} INFO - Processing /home/airflow/.local/lib/python3.12/site-packages/airflow/example_dags/tutorial_taskflow_api.py took 0.078 seconds
[2026-05-19T14:11:34.147+0000] {processor.py:161} INFO - Started process (PID=4804) to work on /home/airflow/.local/lib/python3.12/site-packages/airflow/example_dags/tutorial_taskflow_api.py
[2026-05-19T14:11:34.148+0000] {processor.py:830} INFO - Processing file /home/airflow/.local/lib/python3.12/site-packages/airflow/example_dags/tutorial_taskflow_api.py for tasks to queue
[2026-05-19T14:11:34.151+0000] {logging_mixin.py:188} INFO - [2026-05-19T14:11:34.150+0000] {dagbag.py:545} INFO - Filling up the DagBag from /home/airflow/.local/lib/python3.12/site-packages/airflow/example_dags/tutorial_taskflow_api.py
[2026-05-19T14:11:34.156+0000] {processor.py:840} INFO - DAG(s) 'tutorial_taskflow_api' retrieved from /home/airflow/.local/lib/python3.12/site-packages/airflow/example_dags/tutorial_taskflow_api.py
[2026-05-19T14:11:34.177+0000] {logging_mixin.py:188} INFO - [2026-05-19T14:11:34.177+0000] {dag.py:3096} INFO - Sync 1 DAGs
[2026-05-19T14:11:34.191+0000] {logging_mixin.py:188} INFO - [2026-05-19T14:11:34.190+0000] {dag.py:3954} INFO - Setting next_dagrun for tutorial_taskflow_api to None, run_after=None
[2026-05-19T14:11:34.220+0000] {processor.py:183} INFO - Processing /home/airflow/.local/lib/python3.12/site-packages/airflow/example_dags/tutorial_taskflow_api.py took 0.080 seconds
[2026-05-19T14:12:04.574+0000] {processor.py:161} INFO - Started process (PID=4863) to work on /home/airflow/.local/lib/python3.12/site-packages/airflow/example_dags/tutorial_taskflow_api.py
[2026-05-19T14:12:04.575+0000] {processor.py:830} INFO - Processing file /home/airflow/.local/lib/python3.12/site-packages/airflow/example_dags/tutorial_taskflow_api.py for tasks to queue
[2026-05-19T14:12:04.577+0000] {logging_mixin.py:188} INFO - [2026-05-19T14:12:04.577+0000] {dagbag.py:545} INFO - Filling up the DagBag from /home/airflow/.local/lib/python3.12/site-packages/airflow/example_dags/tutorial_taskflow_api.py
[2026-05-19T14:12:04.585+0000] {processor.py:840} INFO - DAG(s) 'tutorial_taskflow_api' retrieved from /home/airflow/.local/lib/python3.12/site-packages/airflow/example_dags/tutorial_taskflow_api.py
[2026-05-19T14:12:04.614+0000] {logging_mixin.py:188} INFO - [2026-05-19T14:12:04.614+0000] {dag.py:3096} INFO - Sync 1 DAGs
[2026-05-19T14:12:04.630+0000] {logging_mixin.py:188} INFO - [2026-05-19T14:12:04.629+0000] {dag.py:3954} INFO - Setting next_dagrun for tutorial_taskflow_api to None, run_after=None
[2026-05-19T14:12:04.649+0000] {processor.py:183} INFO - Processing /home/airflow/.local/lib/python3.12/site-packages/airflow/example_dags/tutorial_taskflow_api.py took 0.080 seconds
[2026-05-19T14:12:35.067+0000] {processor.py:161} INFO - Started process (PID=4922) to work on /home/airflow/.local/lib/python3.12/site-packages/airflow/example_dags/tutorial_taskflow_api.py
[2026-05-19T14:12:35.069+0000] {processor.py:830} INFO - Processing file /home/airflow/.local/lib/python3.12/site-packages/airflow/example_dags/tutorial_taskflow_api.py for tasks to queue
[2026-05-19T14:12:35.071+0000] {logging_mixin.py:188} INFO - [2026-05-19T14:12:35.071+0000] {dagbag.py:545} INFO - Filling up the DagBag from /home/airflow/.local/lib/python3.12/site-packages/airflow/example_dags/tutorial_taskflow_api.py
[2026-05-19T14:12:35.080+0000] {processor.py:840} INFO - DAG(s) 'tutorial_taskflow_api' retrieved from /home/airflow/.local/lib/python3.12/site-packages/airflow/example_dags/tutorial_taskflow_api.py
[2026-05-19T14:12:35.109+0000] {logging_mixin.py:188} INFO - [2026-05-19T14:12:35.109+0000] {dag.py:3096} INFO - Sync 1 DAGs
[2026-05-19T14:12:35.124+0000] {logging_mixin.py:188} INFO - [2026-05-19T14:12:35.124+0000] {dag.py:3954} INFO - Setting next_dagrun for tutorial_taskflow_api to None, run_after=None
[2026-05-19T14:12:35.155+0000] {processor.py:183} INFO - Processing /home/airflow/.local/lib/python3.12/site-packages/airflow/example_dags/tutorial_taskflow_api.py took 0.093 seconds
[2026-05-19T14:13:05.770+0000] {processor.py:161} INFO - Started process (PID=4981) to work on /home/airflow/.local/lib/python3.12/site-packages/airflow/example_dags/tutorial_taskflow_api.py
[2026-05-19T14:13:05.775+0000] {processor.py:830} INFO - Processing file /home/airflow/.local/lib/python3.12/site-packages/airflow/example_dags/tutorial_taskflow_api.py for tasks to queue
[2026-05-19T14:13:05.781+0000] {logging_mixin.py:188} INFO - [2026-05-19T14:13:05.779+0000] {dagbag.py:545} INFO - Filling up the DagBag from /home/airflow/.local/lib/python3.12/site-packages/airflow/example_dags/tutorial_taskflow_api.py
[2026-05-19T14:13:05.797+0000] {processor.py:840} INFO - DAG(s) 'tutorial_taskflow_api' retrieved from /home/airflow/.local/lib/python3.12/site-packages/airflow/example_dags/tutorial_taskflow_api.py
[2026-05-19T14:13:05.863+0000] {logging_mixin.py:188} INFO - [2026-05-19T14:13:05.862+0000] {dag.py:3096} INFO - Sync 1 DAGs
[2026-05-19T14:13:05.917+0000] {logging_mixin.py:188} INFO - [2026-05-19T14:13:05.914+0000] {dag.py:3954} INFO - Setting next_dagrun for tutorial_taskflow_api to None, run_after=None
[2026-05-19T14:13:06.001+0000] {processor.py:183} INFO - Processing /home/airflow/.local/lib/python3.12/site-packages/airflow/example_dags/tutorial_taskflow_api.py took 0.249 seconds
[2026-05-19T14:13:36.225+0000] {processor.py:161} INFO - Started process (PID=5041) to work on /home/airflow/.local/lib/python3.12/site-packages/airflow/example_dags/tutorial_taskflow_api.py
[2026-05-19T14:13:36.226+0000] {processor.py:830} INFO - Processing file /home/airflow/.local/lib/python3.12/site-packages/airflow/example_dags/tutorial_taskflow_api.py for tasks to queue
[2026-05-19T14:13:36.230+0000] {logging_mixin.py:188} INFO - [2026-05-19T14:13:36.229+0000] {dagbag.py:545} INFO - Filling up the DagBag from /home/airflow/.local/lib/python3.12/site-packages/airflow/example_dags/tutorial_taskflow_api.py
[2026-05-19T14:13:36.237+0000] {processor.py:840} INFO - DAG(s) 'tutorial_taskflow_api' retrieved from /home/airflow/.local/lib/python3.12/site-packages/airflow/example_dags/tutorial_taskflow_api.py
[2026-05-19T14:13:36.267+0000] {logging_mixin.py:188} INFO - [2026-05-19T14:13:36.266+0000] {dag.py:3096} INFO - Sync 1 DAGs
[2026-05-19T14:13:36.283+0000] {logging_mixin.py:188} INFO - [2026-05-19T14:13:36.283+0000] {dag.py:3954} INFO - Setting next_dagrun for tutorial_taskflow_api to None, run_after=None
[2026-05-19T14:13:36.313+0000] {processor.py:183} INFO - Processing /home/airflow/.local/lib/python3.12/site-packages/airflow/example_dags/tutorial_taskflow_api.py took 0.095 seconds
[2026-05-19T14:14:06.883+0000] {processor.py:161} INFO - Started process (PID=5098) to work on /home/airflow/.local/lib/python3.12/site-packages/airflow/example_dags/tutorial_taskflow_api.py
[2026-05-19T14:14:06.884+0000] {processor.py:830} INFO - Processing file /home/airflow/.local/lib/python3.12/site-packages/airflow/example_dags/tutorial_taskflow_api.py for tasks to queue
[2026-05-19T14:14:06.887+0000] {logging_mixin.py:188} INFO - [2026-05-19T14:14:06.886+0000] {dagbag.py:545} INFO - Filling up the DagBag from /home/airflow/.local/lib/python3.12/site-packages/airflow/example_dags/tutorial_taskflow_api.py
[2026-05-19T14:14:06.894+0000] {processor.py:840} INFO - DAG(s) 'tutorial_taskflow_api' retrieved from /home/airflow/.local/lib/python3.12/site-packages/airflow/example_dags/tutorial_taskflow_api.py
[2026-05-19T14:14:06.922+0000] {logging_mixin.py:188} INFO - [2026-05-19T14:14:06.922+0000] {dag.py:3096} INFO - Sync 1 DAGs
[2026-05-19T14:14:06.942+0000] {logging_mixin.py:188} INFO - [2026-05-19T14:14:06.942+0000] {dag.py:3954} INFO - Setting next_dagrun for tutorial_taskflow_api to None, run_after=None
[2026-05-19T14:14:06.969+0000] {processor.py:183} INFO - Processing /home/airflow/.local/lib/python3.12/site-packages/airflow/example_dags/tutorial_taskflow_api.py took 0.094 seconds
[2026-05-19T14:14:37.172+0000] {processor.py:161} INFO - Started process (PID=5157) to work on /home/airflow/.local/lib/python3.12/site-packages/airflow/example_dags/tutorial_taskflow_api.py
[2026-05-19T14:14:37.173+0000] {processor.py:830} INFO - Processing file /home/airflow/.local/lib/python3.12/site-packages/airflow/example_dags/tutorial_taskflow_api.py for tasks to queue
[2026-05-19T14:14:37.177+0000] {logging_mixin.py:188} INFO - [2026-05-19T14:14:37.177+0000] {dagbag.py:545} INFO - Filling up the DagBag from /home/airflow/.local/lib/python3.12/site-packages/airflow/example_dags/tutorial_taskflow_api.py
[2026-05-19T14:14:37.192+0000] {processor.py:840} INFO - DAG(s) 'tutorial_taskflow_api' retrieved from /home/airflow/.local/lib/python3.12/site-packages/airflow/example_dags/tutorial_taskflow_api.py
[2026-05-19T14:14:37.229+0000] {logging_mixin.py:188} INFO - [2026-05-19T14:14:37.228+0000] {dag.py:3096} INFO - Sync 1 DAGs
[2026-05-19T14:14:37.263+0000] {logging_mixin.py:188} INFO - [2026-05-19T14:14:37.263+0000] {dag.py:3954} INFO - Setting next_dagrun for tutorial_taskflow_api to None, run_after=None
[2026-05-19T14:14:37.313+0000] {processor.py:183} INFO - Processing /home/airflow/.local/lib/python3.12/site-packages/airflow/example_dags/tutorial_taskflow_api.py took 0.150 seconds
[2026-05-19T14:15:07.443+0000] {processor.py:161} INFO - Started process (PID=5216) to work on /home/airflow/.local/lib/python3.12/site-packages/airflow/example_dags/tutorial_taskflow_api.py
[2026-05-19T14:15:07.446+0000] {processor.py:830} INFO - Processing file /home/airflow/.local/lib/python3.12/site-packages/airflow/example_dags/tutorial_taskflow_api.py for tasks to queue
[2026-05-19T14:15:07.449+0000] {logging_mixin.py:188} INFO - [2026-05-19T14:15:07.448+0000] {dagbag.py:545} INFO - Filling up the DagBag from /home/airflow/.local/lib/python3.12/site-packages/airflow/example_dags/tutorial_taskflow_api.py
[2026-05-19T14:15:07.456+0000] {processor.py:840} INFO - DAG(s) 'tutorial_taskflow_api' retrieved from /home/airflow/.local/lib/python3.12/site-packages/airflow/example_dags/tutorial_taskflow_api.py
[2026-05-19T14:15:07.493+0000] {logging_mixin.py:188} INFO - [2026-05-19T14:15:07.493+0000] {dag.py:3096} INFO - Sync 1 DAGs
[2026-05-19T14:15:07.514+0000] {logging_mixin.py:188} INFO - [2026-05-19T14:15:07.514+0000] {dag.py:3954} INFO - Setting next_dagrun for tutorial_taskflow_api to None, run_after=None
[2026-05-19T14:15:07.555+0000] {processor.py:183} INFO - Processing /home/airflow/.local/lib/python3.12/site-packages/airflow/example_dags/tutorial_taskflow_api.py took 0.120 seconds
[2026-05-19T14:15:37.776+0000] {processor.py:161} INFO - Started process (PID=5274) to work on /home/airflow/.local/lib/python3.12/site-packages/airflow/example_dags/tutorial_taskflow_api.py
[2026-05-19T14:15:37.778+0000] {processor.py:830} INFO - Processing file /home/airflow/.local/lib/python3.12/site-packages/airflow/example_dags/tutorial_taskflow_api.py for tasks to queue
[2026-05-19T14:15:37.781+0000] {logging_mixin.py:188} INFO - [2026-05-19T14:15:37.780+0000] {dagbag.py:545} INFO - Filling up the DagBag from /home/airflow/.local/lib/python3.12/site-packages/airflow/example_dags/tutorial_taskflow_api.py
[2026-05-19T14:15:37.792+0000] {processor.py:840} INFO - DAG(s) 'tutorial_taskflow_api' retrieved from /home/airflow/.local/lib/python3.12/site-packages/airflow/example_dags/tutorial_taskflow_api.py
[2026-05-19T14:15:37.839+0000] {logging_mixin.py:188} INFO - [2026-05-19T14:15:37.839+0000] {dag.py:3096} INFO - Sync 1 DAGs
[2026-05-19T14:15:37.863+0000] {logging_mixin.py:188} INFO - [2026-05-19T14:15:37.862+0000] {dag.py:3954} INFO - Setting next_dagrun for tutorial_taskflow_api to None, run_after=None
[2026-05-19T14:15:37.907+0000] {processor.py:183} INFO - Processing /home/airflow/.local/lib/python3.12/site-packages/airflow/example_dags/tutorial_taskflow_api.py took 0.141 seconds
[2026-05-19T14:16:08.395+0000] {processor.py:161} INFO - Started process (PID=5337) to work on /home/airflow/.local/lib/python3.12/site-packages/airflow/example_dags/tutorial_taskflow_api.py
[2026-05-19T14:16:08.398+0000] {processor.py:830} INFO - Processing file /home/airflow/.local/lib/python3.12/site-packages/airflow/example_dags/tutorial_taskflow_api.py for tasks to queue
[2026-05-19T14:16:08.408+0000] {logging_mixin.py:188} INFO - [2026-05-19T14:16:08.405+0000] {dagbag.py:545} INFO - Filling up the DagBag from /home/airflow/.local/lib/python3.12/site-packages/airflow/example_dags/tutorial_taskflow_api.py
[2026-05-19T14:16:08.449+0000] {processor.py:840} INFO - DAG(s) 'tutorial_taskflow_api' retrieved from /home/airflow/.local/lib/python3.12/site-packages/airflow/example_dags/tutorial_taskflow_api.py
[2026-05-19T14:16:08.534+0000] {logging_mixin.py:188} INFO - [2026-05-19T14:16:08.533+0000] {dag.py:3096} INFO - Sync 1 DAGs
[2026-05-19T14:16:08.581+0000] {logging_mixin.py:188} INFO - [2026-05-19T14:16:08.580+0000] {dag.py:3954} INFO - Setting next_dagrun for tutorial_taskflow_api to None, run_after=None
[2026-05-19T14:16:08.663+0000] {processor.py:183} INFO - Processing /home/airflow/.local/lib/python3.12/site-packages/airflow/example_dags/tutorial_taskflow_api.py took 0.299 seconds
[2026-05-19T14:16:38.836+0000] {processor.py:161} INFO - Started process (PID=5395) to work on /home/airflow/.local/lib/python3.12/site-packages/airflow/example_dags/tutorial_taskflow_api.py
[2026-05-19T14:16:38.837+0000] {processor.py:830} INFO - Processing file /home/airflow/.local/lib/python3.12/site-packages/airflow/example_dags/tutorial_taskflow_api.py for tasks to queue
[2026-05-19T14:16:38.840+0000] {logging_mixin.py:188} INFO - [2026-05-19T14:16:38.840+0000] {dagbag.py:545} INFO - Filling up the DagBag from /home/airflow/.local/lib/python3.12/site-packages/airflow/example_dags/tutorial_taskflow_api.py
[2026-05-19T14:16:38.848+0000] {processor.py:840} INFO - DAG(s) 'tutorial_taskflow_api' retrieved from /home/airflow/.local/lib/python3.12/site-packages/airflow/example_dags/tutorial_taskflow_api.py
[2026-05-19T14:16:38.869+0000] {logging_mixin.py:188} INFO - [2026-05-19T14:16:38.869+0000] {dag.py:3096} INFO - Sync 1 DAGs
[2026-05-19T14:16:38.881+0000] {logging_mixin.py:188} INFO - [2026-05-19T14:16:38.881+0000] {dag.py:3954} INFO - Setting next_dagrun for tutorial_taskflow_api to None, run_after=None
[2026-05-19T14:16:38.906+0000] {processor.py:183} INFO - Processing /home/airflow/.local/lib/python3.12/site-packages/airflow/example_dags/tutorial_taskflow_api.py took 0.078 seconds
[2026-05-19T14:17:09.075+0000] {processor.py:161} INFO - Started process (PID=5454) to work on /home/airflow/.local/lib/python3.12/site-packages/airflow/example_dags/tutorial_taskflow_api.py
[2026-05-19T14:17:09.076+0000] {processor.py:830} INFO - Processing file /home/airflow/.local/lib/python3.12/site-packages/airflow/example_dags/tutorial_taskflow_api.py for tasks to queue
[2026-05-19T14:17:09.079+0000] {logging_mixin.py:188} INFO - [2026-05-19T14:17:09.078+0000] {dagbag.py:545} INFO - Filling up the DagBag from /home/airflow/.local/lib/python3.12/site-packages/airflow/example_dags/tutorial_taskflow_api.py
[2026-05-19T14:17:09.085+0000] {processor.py:840} INFO - DAG(s) 'tutorial_taskflow_api' retrieved from /home/airflow/.local/lib/python3.12/site-packages/airflow/example_dags/tutorial_taskflow_api.py
[2026-05-19T14:17:09.108+0000] {logging_mixin.py:188} INFO - [2026-05-19T14:17:09.108+0000] {dag.py:3096} INFO - Sync 1 DAGs
[2026-05-19T14:17:09.128+0000] {logging_mixin.py:188} INFO - [2026-05-19T14:17:09.128+0000] {dag.py:3954} INFO - Setting next_dagrun for tutorial_taskflow_api to None, run_after=None
[2026-05-19T14:17:09.160+0000] {processor.py:183} INFO - Processing /home/airflow/.local/lib/python3.12/site-packages/airflow/example_dags/tutorial_taskflow_api.py took 0.090 seconds
[2026-05-19T14:17:39.386+0000] {processor.py:161} INFO - Started process (PID=5513) to work on /home/airflow/.local/lib/python3.12/site-packages/airflow/example_dags/tutorial_taskflow_api.py
[2026-05-19T14:17:39.388+0000] {processor.py:830} INFO - Processing file /home/airflow/.local/lib/python3.12/site-packages/airflow/example_dags/tutorial_taskflow_api.py for tasks to queue
[2026-05-19T14:17:39.390+0000] {logging_mixin.py:188} INFO - [2026-05-19T14:17:39.390+0000] {dagbag.py:545} INFO - Filling up the DagBag from /home/airflow/.local/lib/python3.12/site-packages/airflow/example_dags/tutorial_taskflow_api.py
[2026-05-19T14:17:39.398+0000] {processor.py:840} INFO - DAG(s) 'tutorial_taskflow_api' retrieved from /home/airflow/.local/lib/python3.12/site-packages/airflow/example_dags/tutorial_taskflow_api.py
[2026-05-19T14:17:39.427+0000] {logging_mixin.py:188} INFO - [2026-05-19T14:17:39.427+0000] {dag.py:3096} INFO - Sync 1 DAGs
[2026-05-19T14:17:39.441+0000] {logging_mixin.py:188} INFO - [2026-05-19T14:17:39.440+0000] {dag.py:3954} INFO - Setting next_dagrun for tutorial_taskflow_api to None, run_after=None
[2026-05-19T14:17:39.469+0000] {processor.py:183} INFO - Processing /home/airflow/.local/lib/python3.12/site-packages/airflow/example_dags/tutorial_taskflow_api.py took 0.089 seconds
[2026-05-19T14:18:09.751+0000] {processor.py:161} INFO - Started process (PID=5572) to work on /home/airflow/.local/lib/python3.12/site-packages/airflow/example_dags/tutorial_taskflow_api.py
[2026-05-19T14:18:09.752+0000] {processor.py:830} INFO - Processing file /home/airflow/.local/lib/python3.12/site-packages/airflow/example_dags/tutorial_taskflow_api.py for tasks to queue
[2026-05-19T14:18:09.755+0000] {logging_mixin.py:188} INFO - [2026-05-19T14:18:09.754+0000] {dagbag.py:545} INFO - Filling up the DagBag from /home/airflow/.local/lib/python3.12/site-packages/airflow/example_dags/tutorial_taskflow_api.py
[2026-05-19T14:18:09.764+0000] {processor.py:840} INFO - DAG(s) 'tutorial_taskflow_api' retrieved from /home/airflow/.local/lib/python3.12/site-packages/airflow/example_dags/tutorial_taskflow_api.py
[2026-05-19T14:18:09.790+0000] {logging_mixin.py:188} INFO - [2026-05-19T14:18:09.790+0000] {dag.py:3096} INFO - Sync 1 DAGs
[2026-05-19T14:18:09.809+0000] {logging_mixin.py:188} INFO - [2026-05-19T14:18:09.809+0000] {dag.py:3954} INFO - Setting next_dagrun for tutorial_taskflow_api to None, run_after=None
[2026-05-19T14:18:09.845+0000] {processor.py:183} INFO - Processing /home/airflow/.local/lib/python3.12/site-packages/airflow/example_dags/tutorial_taskflow_api.py took 0.103 seconds
[2026-05-19T14:18:40.433+0000] {processor.py:161} INFO - Started process (PID=5631) to work on /home/airflow/.local/lib/python3.12/site-packages/airflow/example_dags/tutorial_taskflow_api.py
[2026-05-19T14:18:40.434+0000] {processor.py:830} INFO - Processing file /home/airflow/.local/lib/python3.12/site-packages/airflow/example_dags/tutorial_taskflow_api.py for tasks to queue
[2026-05-19T14:18:40.437+0000] {logging_mixin.py:188} INFO - [2026-05-19T14:18:40.436+0000] {dagbag.py:545} INFO - Filling up the DagBag from /home/airflow/.local/lib/python3.12/site-packages/airflow/example_dags/tutorial_taskflow_api.py
[2026-05-19T14:18:40.446+0000] {processor.py:840} INFO - DAG(s) 'tutorial_taskflow_api' retrieved from /home/airflow/.local/lib/python3.12/site-packages/airflow/example_dags/tutorial_taskflow_api.py
[2026-05-19T14:18:40.470+0000] {logging_mixin.py:188} INFO - [2026-05-19T14:18:40.469+0000] {dag.py:3096} INFO - Sync 1 DAGs
[2026-05-19T14:18:40.490+0000] {logging_mixin.py:188} INFO - [2026-05-19T14:18:40.488+0000] {dag.py:3954} INFO - Setting next_dagrun for tutorial_taskflow_api to None, run_after=None
[2026-05-19T14:18:40.517+0000] {processor.py:183} INFO - Processing /home/airflow/.local/lib/python3.12/site-packages/airflow/example_dags/tutorial_taskflow_api.py took 0.093 seconds
[2026-05-19T14:19:11.226+0000] {processor.py:161} INFO - Started process (PID=5690) to work on /home/airflow/.local/lib/python3.12/site-packages/airflow/example_dags/tutorial_taskflow_api.py
[2026-05-19T14:19:11.228+0000] {processor.py:830} INFO - Processing file /home/airflow/.local/lib/python3.12/site-packages/airflow/example_dags/tutorial_taskflow_api.py for tasks to queue
[2026-05-19T14:19:11.231+0000] {logging_mixin.py:188} INFO - [2026-05-19T14:19:11.231+0000] {dagbag.py:545} INFO - Filling up the DagBag from /home/airflow/.local/lib/python3.12/site-packages/airflow/example_dags/tutorial_taskflow_api.py
[2026-05-19T14:19:11.242+0000] {processor.py:840} INFO - DAG(s) 'tutorial_taskflow_api' retrieved from /home/airflow/.local/lib/python3.12/site-packages/airflow/example_dags/tutorial_taskflow_api.py
[2026-05-19T14:19:11.275+0000] {logging_mixin.py:188} INFO - [2026-05-19T14:19:11.275+0000] {dag.py:3096} INFO - Sync 1 DAGs
[2026-05-19T14:19:11.299+0000] {logging_mixin.py:188} INFO - [2026-05-19T14:19:11.298+0000] {dag.py:3954} INFO - Setting next_dagrun for tutorial_taskflow_api to None, run_after=None
[2026-05-19T14:19:11.337+0000] {processor.py:183} INFO - Processing /home/airflow/.local/lib/python3.12/site-packages/airflow/example_dags/tutorial_taskflow_api.py took 0.117 seconds
[2026-05-19T14:19:42.017+0000] {processor.py:161} INFO - Started process (PID=5749) to work on /home/airflow/.local/lib/python3.12/site-packages/airflow/example_dags/tutorial_taskflow_api.py
[2026-05-19T14:19:42.018+0000] {processor.py:830} INFO - Processing file /home/airflow/.local/lib/python3.12/site-packages/airflow/example_dags/tutorial_taskflow_api.py for tasks to queue
[2026-05-19T14:19:42.021+0000] {logging_mixin.py:188} INFO - [2026-05-19T14:19:42.021+0000] {dagbag.py:545} INFO - Filling up the DagBag from /home/airflow/.local/lib/python3.12/site-packages/airflow/example_dags/tutorial_taskflow_api.py
[2026-05-19T14:19:42.028+0000] {processor.py:840} INFO - DAG(s) 'tutorial_taskflow_api' retrieved from /home/airflow/.local/lib/python3.12/site-packages/airflow/example_dags/tutorial_taskflow_api.py
[2026-05-19T14:19:42.057+0000] {logging_mixin.py:188} INFO - [2026-05-19T14:19:42.057+0000] {dag.py:3096} INFO - Sync 1 DAGs
[2026-05-19T14:19:42.072+0000] {logging_mixin.py:188} INFO - [2026-05-19T14:19:42.071+0000] {dag.py:3954} INFO - Setting next_dagrun for tutorial_taskflow_api to None, run_after=None
[2026-05-19T14:19:42.094+0000] {processor.py:183} INFO - Processing /home/airflow/.local/lib/python3.12/site-packages/airflow/example_dags/tutorial_taskflow_api.py took 0.083 seconds
[2026-05-19T14:20:12.862+0000] {processor.py:161} INFO - Started process (PID=5808) to work on /home/airflow/.local/lib/python3.12/site-packages/airflow/example_dags/tutorial_taskflow_api.py
[2026-05-19T14:20:12.864+0000] {processor.py:830} INFO - Processing file /home/airflow/.local/lib/python3.12/site-packages/airflow/example_dags/tutorial_taskflow_api.py for tasks to queue
[2026-05-19T14:20:12.868+0000] {logging_mixin.py:188} INFO - [2026-05-19T14:20:12.867+0000] {dagbag.py:545} INFO - Filling up the DagBag from /home/airflow/.local/lib/python3.12/site-packages/airflow/example_dags/tutorial_taskflow_api.py
[2026-05-19T14:20:12.876+0000] {processor.py:840} INFO - DAG(s) 'tutorial_taskflow_api' retrieved from /home/airflow/.local/lib/python3.12/site-packages/airflow/example_dags/tutorial_taskflow_api.py
[2026-05-19T14:20:12.897+0000] {logging_mixin.py:188} INFO - [2026-05-19T14:20:12.897+0000] {dag.py:3096} INFO - Sync 1 DAGs
[2026-05-19T14:20:12.913+0000] {logging_mixin.py:188} INFO - [2026-05-19T14:20:12.912+0000] {dag.py:3954} INFO - Setting next_dagrun for tutorial_taskflow_api to None, run_after=None
[2026-05-19T14:20:12.937+0000] {processor.py:183} INFO - Processing /home/airflow/.local/lib/python3.12/site-packages/airflow/example_dags/tutorial_taskflow_api.py took 0.081 seconds
[2026-05-19T14:20:43.717+0000] {processor.py:161} INFO - Started process (PID=5867) to work on /home/airflow/.local/lib/python3.12/site-packages/airflow/example_dags/tutorial_taskflow_api.py
[2026-05-19T14:20:43.718+0000] {processor.py:830} INFO - Processing file /home/airflow/.local/lib/python3.12/site-packages/airflow/example_dags/tutorial_taskflow_api.py for tasks to queue
[2026-05-19T14:20:43.721+0000] {logging_mixin.py:188} INFO - [2026-05-19T14:20:43.720+0000] {dagbag.py:545} INFO - Filling up the DagBag from /home/airflow/.local/lib/python3.12/site-packages/airflow/example_dags/tutorial_taskflow_api.py
[2026-05-19T14:20:43.730+0000] {processor.py:840} INFO - DAG(s) 'tutorial_taskflow_api' retrieved from /home/airflow/.local/lib/python3.12/site-packages/airflow/example_dags/tutorial_taskflow_api.py
[2026-05-19T14:20:43.762+0000] {logging_mixin.py:188} INFO - [2026-05-19T14:20:43.762+0000] {dag.py:3096} INFO - Sync 1 DAGs
[2026-05-19T14:20:43.782+0000] {logging_mixin.py:188} INFO - [2026-05-19T14:20:43.782+0000] {dag.py:3954} INFO - Setting next_dagrun for tutorial_taskflow_api to None, run_after=None
[2026-05-19T14:20:43.816+0000] {processor.py:183} INFO - Processing /home/airflow/.local/lib/python3.12/site-packages/airflow/example_dags/tutorial_taskflow_api.py took 0.105 seconds
[2026-05-19T14:21:14.049+0000] {processor.py:161} INFO - Started process (PID=5926) to work on /home/airflow/.local/lib/python3.12/site-packages/airflow/example_dags/tutorial_taskflow_api.py
[2026-05-19T14:21:14.050+0000] {processor.py:830} INFO - Processing file /home/airflow/.local/lib/python3.12/site-packages/airflow/example_dags/tutorial_taskflow_api.py for tasks to queue
[2026-05-19T14:21:14.052+0000] {logging_mixin.py:188} INFO - [2026-05-19T14:21:14.052+0000] {dagbag.py:545} INFO - Filling up the DagBag from /home/airflow/.local/lib/python3.12/site-packages/airflow/example_dags/tutorial_taskflow_api.py
[2026-05-19T14:21:14.057+0000] {processor.py:840} INFO - DAG(s) 'tutorial_taskflow_api' retrieved from /home/airflow/.local/lib/python3.12/site-packages/airflow/example_dags/tutorial_taskflow_api.py
[2026-05-19T14:21:14.072+0000] {logging_mixin.py:188} INFO - [2026-05-19T14:21:14.072+0000] {dag.py:3096} INFO - Sync 1 DAGs
[2026-05-19T14:21:14.081+0000] {logging_mixin.py:188} INFO - [2026-05-19T14:21:14.081+0000] {dag.py:3954} INFO - Setting next_dagrun for tutorial_taskflow_api to None, run_after=None
[2026-05-19T14:21:14.095+0000] {processor.py:183} INFO - Processing /home/airflow/.local/lib/python3.12/site-packages/airflow/example_dags/tutorial_taskflow_api.py took 0.052 seconds
[2026-05-19T14:21:44.640+0000] {processor.py:161} INFO - Started process (PID=5985) to work on /home/airflow/.local/lib/python3.12/site-packages/airflow/example_dags/tutorial_taskflow_api.py
[2026-05-19T15:56:28.853+0000] {processor.py:830} INFO - Processing file /home/airflow/.local/lib/python3.12/site-packages/airflow/example_dags/tutorial_taskflow_api.py for tasks to queue
[2026-05-19T15:56:29.032+0000] {logging_mixin.py:188} INFO - [2026-05-19T15:56:29.031+0000] {dagbag.py:545} INFO - Filling up the DagBag from /home/airflow/.local/lib/python3.12/site-packages/airflow/example_dags/tutorial_taskflow_api.py
[2026-05-19T17:35:34.935+0000] {processor.py:840} INFO - DAG(s) 'tutorial_taskflow_api' retrieved from /home/airflow/.local/lib/python3.12/site-packages/airflow/example_dags/tutorial_taskflow_api.py
[2026-05-19T17:35:35.207+0000] {logging_mixin.py:188} INFO - [2026-05-19T17:35:35.206+0000] {dag.py:3096} INFO - Sync 1 DAGs
[2026-05-19T17:35:35.293+0000] {logging_mixin.py:188} INFO - [2026-05-19T17:35:35.293+0000] {dag.py:3954} INFO - Setting next_dagrun for tutorial_taskflow_api to None, run_after=None
[2026-05-19T17:35:36.053+0000] {processor.py:183} INFO - Processing /home/airflow/.local/lib/python3.12/site-packages/airflow/example_dags/tutorial_taskflow_api.py took 2.246 seconds
[2026-05-19T17:36:06.980+0000] {processor.py:161} INFO - Started process (PID=6044) to work on /home/airflow/.local/lib/python3.12/site-packages/airflow/example_dags/tutorial_taskflow_api.py
[2026-05-19T17:36:06.982+0000] {processor.py:830} INFO - Processing file /home/airflow/.local/lib/python3.12/site-packages/airflow/example_dags/tutorial_taskflow_api.py for tasks to queue
[2026-05-19T17:36:06.984+0000] {logging_mixin.py:188} INFO - [2026-05-19T17:36:06.983+0000] {dagbag.py:545} INFO - Filling up the DagBag from /home/airflow/.local/lib/python3.12/site-packages/airflow/example_dags/tutorial_taskflow_api.py
[2026-05-19T17:36:06.991+0000] {processor.py:840} INFO - DAG(s) 'tutorial_taskflow_api' retrieved from /home/airflow/.local/lib/python3.12/site-packages/airflow/example_dags/tutorial_taskflow_api.py
[2026-05-19T17:36:07.009+0000] {logging_mixin.py:188} INFO - [2026-05-19T17:36:07.009+0000] {dag.py:3096} INFO - Sync 1 DAGs
[2026-05-19T17:36:07.022+0000] {logging_mixin.py:188} INFO - [2026-05-19T17:36:07.022+0000] {dag.py:3954} INFO - Setting next_dagrun for tutorial_taskflow_api to None, run_after=None
[2026-05-19T17:36:07.042+0000] {processor.py:183} INFO - Processing /home/airflow/.local/lib/python3.12/site-packages/airflow/example_dags/tutorial_taskflow_api.py took 0.068 seconds
[2026-05-19T17:36:37.153+0000] {processor.py:161} INFO - Started process (PID=6104) to work on /home/airflow/.local/lib/python3.12/site-packages/airflow/example_dags/tutorial_taskflow_api.py
[2026-05-19T17:36:37.155+0000] {processor.py:830} INFO - Processing file /home/airflow/.local/lib/python3.12/site-packages/airflow/example_dags/tutorial_taskflow_api.py for tasks to queue
[2026-05-19T17:36:37.157+0000] {logging_mixin.py:188} INFO - [2026-05-19T17:36:37.157+0000] {dagbag.py:545} INFO - Filling up the DagBag from /home/airflow/.local/lib/python3.12/site-packages/airflow/example_dags/tutorial_taskflow_api.py
[2026-05-19T17:36:37.164+0000] {processor.py:840} INFO - DAG(s) 'tutorial_taskflow_api' retrieved from /home/airflow/.local/lib/python3.12/site-packages/airflow/example_dags/tutorial_taskflow_api.py
[2026-05-19T17:36:37.185+0000] {logging_mixin.py:188} INFO - [2026-05-19T17:36:37.184+0000] {dag.py:3096} INFO - Sync 1 DAGs
[2026-05-19T17:36:37.197+0000] {logging_mixin.py:188} INFO - [2026-05-19T17:36:37.197+0000] {dag.py:3954} INFO - Setting next_dagrun for tutorial_taskflow_api to None, run_after=None
[2026-05-19T17:36:37.218+0000] {processor.py:183} INFO - Processing /home/airflow/.local/lib/python3.12/site-packages/airflow/example_dags/tutorial_taskflow_api.py took 0.070 seconds
[2026-05-19T17:37:07.730+0000] {processor.py:161} INFO - Started process (PID=6163) to work on /home/airflow/.local/lib/python3.12/site-packages/airflow/example_dags/tutorial_taskflow_api.py
[2026-05-19T17:37:07.731+0000] {processor.py:830} INFO - Processing file /home/airflow/.local/lib/python3.12/site-packages/airflow/example_dags/tutorial_taskflow_api.py for tasks to queue
[2026-05-19T17:37:07.733+0000] {logging_mixin.py:188} INFO - [2026-05-19T17:37:07.733+0000] {dagbag.py:545} INFO - Filling up the DagBag from /home/airflow/.local/lib/python3.12/site-packages/airflow/example_dags/tutorial_taskflow_api.py
[2026-05-19T17:37:07.738+0000] {processor.py:840} INFO - DAG(s) 'tutorial_taskflow_api' retrieved from /home/airflow/.local/lib/python3.12/site-packages/airflow/example_dags/tutorial_taskflow_api.py
[2026-05-19T17:37:07.754+0000] {logging_mixin.py:188} INFO - [2026-05-19T17:37:07.754+0000] {dag.py:3096} INFO - Sync 1 DAGs
[2026-05-19T17:37:07.764+0000] {logging_mixin.py:188} INFO - [2026-05-19T17:37:07.764+0000] {dag.py:3954} INFO - Setting next_dagrun for tutorial_taskflow_api to None, run_after=None
[2026-05-19T17:37:07.806+0000] {processor.py:183} INFO - Processing /home/airflow/.local/lib/python3.12/site-packages/airflow/example_dags/tutorial_taskflow_api.py took 0.081 seconds
[2026-05-19T17:37:38.237+0000] {processor.py:161} INFO - Started process (PID=6222) to work on /home/airflow/.local/lib/python3.12/site-packages/airflow/example_dags/tutorial_taskflow_api.py
[2026-05-19T17:37:38.238+0000] {processor.py:830} INFO - Processing file /home/airflow/.local/lib/python3.12/site-packages/airflow/example_dags/tutorial_taskflow_api.py for tasks to queue
[2026-05-19T17:37:38.241+0000] {logging_mixin.py:188} INFO - [2026-05-19T17:37:38.241+0000] {dagbag.py:545} INFO - Filling up the DagBag from /home/airflow/.local/lib/python3.12/site-packages/airflow/example_dags/tutorial_taskflow_api.py
[2026-05-19T17:37:38.248+0000] {processor.py:840} INFO - DAG(s) 'tutorial_taskflow_api' retrieved from /home/airflow/.local/lib/python3.12/site-packages/airflow/example_dags/tutorial_taskflow_api.py
[2026-05-19T17:37:38.266+0000] {logging_mixin.py:188} INFO - [2026-05-19T17:37:38.266+0000] {dag.py:3096} INFO - Sync 1 DAGs
[2026-05-19T17:37:38.277+0000] {logging_mixin.py:188} INFO - [2026-05-19T17:37:38.276+0000] {dag.py:3954} INFO - Setting next_dagrun for tutorial_taskflow_api to None, run_after=None
[2026-05-19T17:37:38.317+0000] {processor.py:183} INFO - Processing /home/airflow/.local/lib/python3.12/site-packages/airflow/example_dags/tutorial_taskflow_api.py took 0.085 seconds
[2026-05-19T17:38:08.667+0000] {processor.py:161} INFO - Started process (PID=6281) to work on /home/airflow/.local/lib/python3.12/site-packages/airflow/example_dags/tutorial_taskflow_api.py
[2026-05-19T17:38:08.668+0000] {processor.py:830} INFO - Processing file /home/airflow/.local/lib/python3.12/site-packages/airflow/example_dags/tutorial_taskflow_api.py for tasks to queue
[2026-05-19T17:38:08.670+0000] {logging_mixin.py:188} INFO - [2026-05-19T17:38:08.670+0000] {dagbag.py:545} INFO - Filling up the DagBag from /home/airflow/.local/lib/python3.12/site-packages/airflow/example_dags/tutorial_taskflow_api.py
[2026-05-19T17:38:08.675+0000] {processor.py:840} INFO - DAG(s) 'tutorial_taskflow_api' retrieved from /home/airflow/.local/lib/python3.12/site-packages/airflow/example_dags/tutorial_taskflow_api.py
[2026-05-19T17:38:08.694+0000] {logging_mixin.py:188} INFO - [2026-05-19T17:38:08.693+0000] {dag.py:3096} INFO - Sync 1 DAGs
[2026-05-19T17:38:08.705+0000] {logging_mixin.py:188} INFO - [2026-05-19T17:38:08.705+0000] {dag.py:3954} INFO - Setting next_dagrun for tutorial_taskflow_api to None, run_after=None
[2026-05-19T17:38:08.723+0000] {processor.py:183} INFO - Processing /home/airflow/.local/lib/python3.12/site-packages/airflow/example_dags/tutorial_taskflow_api.py took 0.062 seconds
[2026-05-19T17:38:39.098+0000] {processor.py:161} INFO - Started process (PID=6340) to work on /home/airflow/.local/lib/python3.12/site-packages/airflow/example_dags/tutorial_taskflow_api.py
[2026-05-19T17:38:39.101+0000] {processor.py:830} INFO - Processing file /home/airflow/.local/lib/python3.12/site-packages/airflow/example_dags/tutorial_taskflow_api.py for tasks to queue
[2026-05-19T17:38:39.104+0000] {logging_mixin.py:188} INFO - [2026-05-19T17:38:39.103+0000] {dagbag.py:545} INFO - Filling up the DagBag from /home/airflow/.local/lib/python3.12/site-packages/airflow/example_dags/tutorial_taskflow_api.py
[2026-05-19T17:38:39.113+0000] {processor.py:840} INFO - DAG(s) 'tutorial_taskflow_api' retrieved from /home/airflow/.local/lib/python3.12/site-packages/airflow/example_dags/tutorial_taskflow_api.py
[2026-05-19T17:38:39.153+0000] {logging_mixin.py:188} INFO - [2026-05-19T17:38:39.152+0000] {dag.py:3096} INFO - Sync 1 DAGs
[2026-05-19T17:38:39.176+0000] {logging_mixin.py:188} INFO - [2026-05-19T17:38:39.175+0000] {dag.py:3954} INFO - Setting next_dagrun for tutorial_taskflow_api to None, run_after=None
[2026-05-19T17:38:39.224+0000] {processor.py:183} INFO - Processing /home/airflow/.local/lib/python3.12/site-packages/airflow/example_dags/tutorial_taskflow_api.py took 0.135 seconds
[2026-05-19T17:39:09.340+0000] {processor.py:161} INFO - Started process (PID=6399) to work on /home/airflow/.local/lib/python3.12/site-packages/airflow/example_dags/tutorial_taskflow_api.py
[2026-05-19T17:39:09.341+0000] {processor.py:830} INFO - Processing file /home/airflow/.local/lib/python3.12/site-packages/airflow/example_dags/tutorial_taskflow_api.py for tasks to queue
[2026-05-19T17:39:09.344+0000] {logging_mixin.py:188} INFO - [2026-05-19T17:39:09.344+0000] {dagbag.py:545} INFO - Filling up the DagBag from /home/airflow/.local/lib/python3.12/site-packages/airflow/example_dags/tutorial_taskflow_api.py
[2026-05-19T17:39:09.356+0000] {processor.py:840} INFO - DAG(s) 'tutorial_taskflow_api' retrieved from /home/airflow/.local/lib/python3.12/site-packages/airflow/example_dags/tutorial_taskflow_api.py
[2026-05-19T17:39:09.378+0000] {logging_mixin.py:188} INFO - [2026-05-19T17:39:09.377+0000] {dag.py:3096} INFO - Sync 1 DAGs
[2026-05-19T17:39:09.391+0000] {logging_mixin.py:188} INFO - [2026-05-19T17:39:09.390+0000] {dag.py:3954} INFO - Setting next_dagrun for tutorial_taskflow_api to None, run_after=None
[2026-05-19T17:39:09.409+0000] {processor.py:183} INFO - Processing /home/airflow/.local/lib/python3.12/site-packages/airflow/example_dags/tutorial_taskflow_api.py took 0.074 seconds
[2026-05-19T17:39:39.610+0000] {processor.py:161} INFO - Started process (PID=6458) to work on /home/airflow/.local/lib/python3.12/site-packages/airflow/example_dags/tutorial_taskflow_api.py
[2026-05-19T17:39:39.611+0000] {processor.py:830} INFO - Processing file /home/airflow/.local/lib/python3.12/site-packages/airflow/example_dags/tutorial_taskflow_api.py for tasks to queue
[2026-05-19T17:39:39.613+0000] {logging_mixin.py:188} INFO - [2026-05-19T17:39:39.612+0000] {dagbag.py:545} INFO - Filling up the DagBag from /home/airflow/.local/lib/python3.12/site-packages/airflow/example_dags/tutorial_taskflow_api.py
[2026-05-19T17:39:39.619+0000] {processor.py:840} INFO - DAG(s) 'tutorial_taskflow_api' retrieved from /home/airflow/.local/lib/python3.12/site-packages/airflow/example_dags/tutorial_taskflow_api.py
[2026-05-19T17:39:39.640+0000] {logging_mixin.py:188} INFO - [2026-05-19T17:39:39.640+0000] {dag.py:3096} INFO - Sync 1 DAGs
[2026-05-19T17:39:39.654+0000] {logging_mixin.py:188} INFO - [2026-05-19T17:39:39.654+0000] {dag.py:3954} INFO - Setting next_dagrun for tutorial_taskflow_api to None, run_after=None
[2026-05-19T17:39:39.697+0000] {processor.py:183} INFO - Processing /home/airflow/.local/lib/python3.12/site-packages/airflow/example_dags/tutorial_taskflow_api.py took 0.093 seconds
[2026-05-19T17:40:09.938+0000] {processor.py:161} INFO - Started process (PID=6517) to work on /home/airflow/.local/lib/python3.12/site-packages/airflow/example_dags/tutorial_taskflow_api.py
[2026-05-19T17:40:09.940+0000] {processor.py:830} INFO - Processing file /home/airflow/.local/lib/python3.12/site-packages/airflow/example_dags/tutorial_taskflow_api.py for tasks to queue
[2026-05-19T17:40:09.942+0000] {logging_mixin.py:188} INFO - [2026-05-19T17:40:09.941+0000] {dagbag.py:545} INFO - Filling up the DagBag from /home/airflow/.local/lib/python3.12/site-packages/airflow/example_dags/tutorial_taskflow_api.py
[2026-05-19T17:40:09.947+0000] {processor.py:840} INFO - DAG(s) 'tutorial_taskflow_api' retrieved from /home/airflow/.local/lib/python3.12/site-packages/airflow/example_dags/tutorial_taskflow_api.py
[2026-05-19T17:40:09.966+0000] {logging_mixin.py:188} INFO - [2026-05-19T17:40:09.966+0000] {dag.py:3096} INFO - Sync 1 DAGs
[2026-05-19T17:40:09.979+0000] {logging_mixin.py:188} INFO - [2026-05-19T17:40:09.978+0000] {dag.py:3954} INFO - Setting next_dagrun for tutorial_taskflow_api to None, run_after=None
[2026-05-19T17:40:09.996+0000] {processor.py:183} INFO - Processing /home/airflow/.local/lib/python3.12/site-packages/airflow/example_dags/tutorial_taskflow_api.py took 0.066 seconds
[2026-05-19T17:40:40.160+0000] {processor.py:161} INFO - Started process (PID=6576) to work on /home/airflow/.local/lib/python3.12/site-packages/airflow/example_dags/tutorial_taskflow_api.py
[2026-05-19T17:40:40.161+0000] {processor.py:830} INFO - Processing file /home/airflow/.local/lib/python3.12/site-packages/airflow/example_dags/tutorial_taskflow_api.py for tasks to queue
[2026-05-19T17:40:40.163+0000] {logging_mixin.py:188} INFO - [2026-05-19T17:40:40.162+0000] {dagbag.py:545} INFO - Filling up the DagBag from /home/airflow/.local/lib/python3.12/site-packages/airflow/example_dags/tutorial_taskflow_api.py
[2026-05-19T17:40:40.170+0000] {processor.py:840} INFO - DAG(s) 'tutorial_taskflow_api' retrieved from /home/airflow/.local/lib/python3.12/site-packages/airflow/example_dags/tutorial_taskflow_api.py
[2026-05-19T17:40:40.193+0000] {logging_mixin.py:188} INFO - [2026-05-19T17:40:40.193+0000] {dag.py:3096} INFO - Sync 1 DAGs
[2026-05-19T17:40:40.213+0000] {logging_mixin.py:188} INFO - [2026-05-19T17:40:40.212+0000] {dag.py:3954} INFO - Setting next_dagrun for tutorial_taskflow_api to None, run_after=None
[2026-05-19T17:40:40.233+0000] {processor.py:183} INFO - Processing /home/airflow/.local/lib/python3.12/site-packages/airflow/example_dags/tutorial_taskflow_api.py took 0.079 seconds
[2026-05-19T17:41:10.552+0000] {processor.py:161} INFO - Started process (PID=6635) to work on /home/airflow/.local/lib/python3.12/site-packages/airflow/example_dags/tutorial_taskflow_api.py
[2026-05-19T17:41:10.553+0000] {processor.py:830} INFO - Processing file /home/airflow/.local/lib/python3.12/site-packages/airflow/example_dags/tutorial_taskflow_api.py for tasks to queue
[2026-05-19T17:41:10.555+0000] {logging_mixin.py:188} INFO - [2026-05-19T17:41:10.555+0000] {dagbag.py:545} INFO - Filling up the DagBag from /home/airflow/.local/lib/python3.12/site-packages/airflow/example_dags/tutorial_taskflow_api.py
[2026-05-19T17:41:10.561+0000] {processor.py:840} INFO - DAG(s) 'tutorial_taskflow_api' retrieved from /home/airflow/.local/lib/python3.12/site-packages/airflow/example_dags/tutorial_taskflow_api.py
[2026-05-19T17:41:10.584+0000] {logging_mixin.py:188} INFO - [2026-05-19T17:41:10.584+0000] {dag.py:3096} INFO - Sync 1 DAGs
[2026-05-19T17:41:10.600+0000] {logging_mixin.py:188} INFO - [2026-05-19T17:41:10.599+0000] {dag.py:3954} INFO - Setting next_dagrun for tutorial_taskflow_api to None, run_after=None
[2026-05-19T17:41:10.641+0000] {processor.py:183} INFO - Processing /home/airflow/.local/lib/python3.12/site-packages/airflow/example_dags/tutorial_taskflow_api.py took 0.095 seconds
[2026-05-19T17:41:40.740+0000] {processor.py:161} INFO - Started process (PID=6694) to work on /home/airflow/.local/lib/python3.12/site-packages/airflow/example_dags/tutorial_taskflow_api.py
[2026-05-19T17:41:40.741+0000] {processor.py:830} INFO - Processing file /home/airflow/.local/lib/python3.12/site-packages/airflow/example_dags/tutorial_taskflow_api.py for tasks to queue
[2026-05-19T17:41:40.743+0000] {logging_mixin.py:188} INFO - [2026-05-19T17:41:40.743+0000] {dagbag.py:545} INFO - Filling up the DagBag from /home/airflow/.local/lib/python3.12/site-packages/airflow/example_dags/tutorial_taskflow_api.py
[2026-05-19T17:41:40.748+0000] {processor.py:840} INFO - DAG(s) 'tutorial_taskflow_api' retrieved from /home/airflow/.local/lib/python3.12/site-packages/airflow/example_dags/tutorial_taskflow_api.py
[2026-05-19T17:41:40.769+0000] {logging_mixin.py:188} INFO - [2026-05-19T17:41:40.769+0000] {dag.py:3096} INFO - Sync 1 DAGs
[2026-05-19T17:41:40.779+0000] {logging_mixin.py:188} INFO - [2026-05-19T17:41:40.779+0000] {dag.py:3954} INFO - Setting next_dagrun for tutorial_taskflow_api to None, run_after=None
[2026-05-19T17:41:40.797+0000] {processor.py:183} INFO - Processing /home/airflow/.local/lib/python3.12/site-packages/airflow/example_dags/tutorial_taskflow_api.py took 0.062 seconds
[2026-05-19T17:42:10.891+0000] {processor.py:161} INFO - Started process (PID=6753) to work on /home/airflow/.local/lib/python3.12/site-packages/airflow/example_dags/tutorial_taskflow_api.py
[2026-05-19T17:42:10.892+0000] {processor.py:830} INFO - Processing file /home/airflow/.local/lib/python3.12/site-packages/airflow/example_dags/tutorial_taskflow_api.py for tasks to queue
[2026-05-19T17:42:10.894+0000] {logging_mixin.py:188} INFO - [2026-05-19T17:42:10.894+0000] {dagbag.py:545} INFO - Filling up the DagBag from /home/airflow/.local/lib/python3.12/site-packages/airflow/example_dags/tutorial_taskflow_api.py
[2026-05-19T17:42:10.901+0000] {processor.py:840} INFO - DAG(s) 'tutorial_taskflow_api' retrieved from /home/airflow/.local/lib/python3.12/site-packages/airflow/example_dags/tutorial_taskflow_api.py
[2026-05-19T17:42:10.921+0000] {logging_mixin.py:188} INFO - [2026-05-19T17:42:10.920+0000] {dag.py:3096} INFO - Sync 1 DAGs
[2026-05-19T17:42:10.936+0000] {logging_mixin.py:188} INFO - [2026-05-19T17:42:10.935+0000] {dag.py:3954} INFO - Setting next_dagrun for tutorial_taskflow_api to None, run_after=None
[2026-05-19T17:42:10.962+0000] {processor.py:183} INFO - Processing /home/airflow/.local/lib/python3.12/site-packages/airflow/example_dags/tutorial_taskflow_api.py took 0.077 seconds
[2026-05-19T17:42:41.100+0000] {processor.py:161} INFO - Started process (PID=6812) to work on /home/airflow/.local/lib/python3.12/site-packages/airflow/example_dags/tutorial_taskflow_api.py
[2026-05-19T17:42:41.101+0000] {processor.py:830} INFO - Processing file /home/airflow/.local/lib/python3.12/site-packages/airflow/example_dags/tutorial_taskflow_api.py for tasks to queue
[2026-05-19T17:42:41.104+0000] {logging_mixin.py:188} INFO - [2026-05-19T17:42:41.103+0000] {dagbag.py:545} INFO - Filling up the DagBag from /home/airflow/.local/lib/python3.12/site-packages/airflow/example_dags/tutorial_taskflow_api.py
[2026-05-19T17:42:41.111+0000] {processor.py:840} INFO - DAG(s) 'tutorial_taskflow_api' retrieved from /home/airflow/.local/lib/python3.12/site-packages/airflow/example_dags/tutorial_taskflow_api.py
[2026-05-19T17:42:41.133+0000] {logging_mixin.py:188} INFO - [2026-05-19T17:42:41.133+0000] {dag.py:3096} INFO - Sync 1 DAGs
[2026-05-19T17:42:41.148+0000] {logging_mixin.py:188} INFO - [2026-05-19T17:42:41.148+0000] {dag.py:3954} INFO - Setting next_dagrun for tutorial_taskflow_api to None, run_after=None
[2026-05-19T17:42:41.194+0000] {processor.py:183} INFO - Processing /home/airflow/.local/lib/python3.12/site-packages/airflow/example_dags/tutorial_taskflow_api.py took 0.100 seconds
[2026-05-19T17:43:11.370+0000] {processor.py:161} INFO - Started process (PID=6872) to work on /home/airflow/.local/lib/python3.12/site-packages/airflow/example_dags/tutorial_taskflow_api.py
[2026-05-19T17:43:11.371+0000] {processor.py:830} INFO - Processing file /home/airflow/.local/lib/python3.12/site-packages/airflow/example_dags/tutorial_taskflow_api.py for tasks to queue
[2026-05-19T17:43:11.374+0000] {logging_mixin.py:188} INFO - [2026-05-19T17:43:11.373+0000] {dagbag.py:545} INFO - Filling up the DagBag from /home/airflow/.local/lib/python3.12/site-packages/airflow/example_dags/tutorial_taskflow_api.py
[2026-05-19T17:43:11.383+0000] {processor.py:840} INFO - DAG(s) 'tutorial_taskflow_api' retrieved from /home/airflow/.local/lib/python3.12/site-packages/airflow/example_dags/tutorial_taskflow_api.py
[2026-05-19T17:43:11.404+0000] {logging_mixin.py:188} INFO - [2026-05-19T17:43:11.404+0000] {dag.py:3096} INFO - Sync 1 DAGs
[2026-05-19T17:43:11.417+0000] {logging_mixin.py:188} INFO - [2026-05-19T17:43:11.416+0000] {dag.py:3954} INFO - Setting next_dagrun for tutorial_taskflow_api to None, run_after=None
[2026-05-19T17:43:11.436+0000] {processor.py:183} INFO - Processing /home/airflow/.local/lib/python3.12/site-packages/airflow/example_dags/tutorial_taskflow_api.py took 0.072 seconds
[2026-05-19T17:43:41.552+0000] {processor.py:161} INFO - Started process (PID=6931) to work on /home/airflow/.local/lib/python3.12/site-packages/airflow/example_dags/tutorial_taskflow_api.py
[2026-05-19T17:43:41.553+0000] {processor.py:830} INFO - Processing file /home/airflow/.local/lib/python3.12/site-packages/airflow/example_dags/tutorial_taskflow_api.py for tasks to queue
[2026-05-19T17:43:41.555+0000] {logging_mixin.py:188} INFO - [2026-05-19T17:43:41.555+0000] {dagbag.py:545} INFO - Filling up the DagBag from /home/airflow/.local/lib/python3.12/site-packages/airflow/example_dags/tutorial_taskflow_api.py
[2026-05-19T17:43:41.561+0000] {processor.py:840} INFO - DAG(s) 'tutorial_taskflow_api' retrieved from /home/airflow/.local/lib/python3.12/site-packages/airflow/example_dags/tutorial_taskflow_api.py
[2026-05-19T17:43:41.585+0000] {logging_mixin.py:188} INFO - [2026-05-19T17:43:41.584+0000] {dag.py:3096} INFO - Sync 1 DAGs
[2026-05-19T17:43:41.597+0000] {logging_mixin.py:188} INFO - [2026-05-19T17:43:41.597+0000] {dag.py:3954} INFO - Setting next_dagrun for tutorial_taskflow_api to None, run_after=None
[2026-05-19T17:43:41.620+0000] {processor.py:183} INFO - Processing /home/airflow/.local/lib/python3.12/site-packages/airflow/example_dags/tutorial_taskflow_api.py took 0.076 seconds
[2026-05-19T17:44:11.838+0000] {processor.py:161} INFO - Started process (PID=6989) to work on /home/airflow/.local/lib/python3.12/site-packages/airflow/example_dags/tutorial_taskflow_api.py
[2026-05-19T17:44:11.840+0000] {processor.py:830} INFO - Processing file /home/airflow/.local/lib/python3.12/site-packages/airflow/example_dags/tutorial_taskflow_api.py for tasks to queue
[2026-05-19T17:44:11.842+0000] {logging_mixin.py:188} INFO - [2026-05-19T17:44:11.842+0000] {dagbag.py:545} INFO - Filling up the DagBag from /home/airflow/.local/lib/python3.12/site-packages/airflow/example_dags/tutorial_taskflow_api.py
[2026-05-19T17:44:11.849+0000] {processor.py:840} INFO - DAG(s) 'tutorial_taskflow_api' retrieved from /home/airflow/.local/lib/python3.12/site-packages/airflow/example_dags/tutorial_taskflow_api.py
[2026-05-19T17:44:11.879+0000] {logging_mixin.py:188} INFO - [2026-05-19T17:44:11.879+0000] {dag.py:3096} INFO - Sync 1 DAGs
[2026-05-19T17:44:11.900+0000] {logging_mixin.py:188} INFO - [2026-05-19T17:44:11.899+0000] {dag.py:3954} INFO - Setting next_dagrun for tutorial_taskflow_api to None, run_after=None
[2026-05-19T17:44:11.928+0000] {processor.py:183} INFO - Processing /home/airflow/.local/lib/python3.12/site-packages/airflow/example_dags/tutorial_taskflow_api.py took 0.100 seconds
[2026-05-19T17:44:42.397+0000] {processor.py:161} INFO - Started process (PID=7048) to work on /home/airflow/.local/lib/python3.12/site-packages/airflow/example_dags/tutorial_taskflow_api.py
[2026-05-19T17:44:42.397+0000] {processor.py:830} INFO - Processing file /home/airflow/.local/lib/python3.12/site-packages/airflow/example_dags/tutorial_taskflow_api.py for tasks to queue
[2026-05-19T17:44:42.399+0000] {logging_mixin.py:188} INFO - [2026-05-19T17:44:42.399+0000] {dagbag.py:545} INFO - Filling up the DagBag from /home/airflow/.local/lib/python3.12/site-packages/airflow/example_dags/tutorial_taskflow_api.py
[2026-05-19T17:44:42.405+0000] {processor.py:840} INFO - DAG(s) 'tutorial_taskflow_api' retrieved from /home/airflow/.local/lib/python3.12/site-packages/airflow/example_dags/tutorial_taskflow_api.py
[2026-05-19T17:44:42.424+0000] {logging_mixin.py:188} INFO - [2026-05-19T17:44:42.424+0000] {dag.py:3096} INFO - Sync 1 DAGs
[2026-05-19T17:44:42.437+0000] {logging_mixin.py:188} INFO - [2026-05-19T17:44:42.436+0000] {dag.py:3954} INFO - Setting next_dagrun for tutorial_taskflow_api to None, run_after=None
[2026-05-19T17:44:42.456+0000] {processor.py:183} INFO - Processing /home/airflow/.local/lib/python3.12/site-packages/airflow/example_dags/tutorial_taskflow_api.py took 0.065 seconds
[2026-05-19T17:45:12.511+0000] {processor.py:161} INFO - Started process (PID=7107) to work on /home/airflow/.local/lib/python3.12/site-packages/airflow/example_dags/tutorial_taskflow_api.py
[2026-05-19T17:45:12.512+0000] {processor.py:830} INFO - Processing file /home/airflow/.local/lib/python3.12/site-packages/airflow/example_dags/tutorial_taskflow_api.py for tasks to queue
[2026-05-19T17:45:12.514+0000] {logging_mixin.py:188} INFO - [2026-05-19T17:45:12.514+0000] {dagbag.py:545} INFO - Filling up the DagBag from /home/airflow/.local/lib/python3.12/site-packages/airflow/example_dags/tutorial_taskflow_api.py
[2026-05-19T17:45:12.519+0000] {processor.py:840} INFO - DAG(s) 'tutorial_taskflow_api' retrieved from /home/airflow/.local/lib/python3.12/site-packages/airflow/example_dags/tutorial_taskflow_api.py
[2026-05-19T17:45:12.541+0000] {logging_mixin.py:188} INFO - [2026-05-19T17:45:12.540+0000] {dag.py:3096} INFO - Sync 1 DAGs
[2026-05-19T17:45:12.554+0000] {logging_mixin.py:188} INFO - [2026-05-19T17:45:12.554+0000] {dag.py:3954} INFO - Setting next_dagrun for tutorial_taskflow_api to None, run_after=None
[2026-05-19T17:45:12.596+0000] {processor.py:183} INFO - Processing /home/airflow/.local/lib/python3.12/site-packages/airflow/example_dags/tutorial_taskflow_api.py took 0.091 seconds
[2026-05-19T17:45:43.346+0000] {processor.py:161} INFO - Started process (PID=7166) to work on /home/airflow/.local/lib/python3.12/site-packages/airflow/example_dags/tutorial_taskflow_api.py
[2026-05-19T17:45:43.347+0000] {processor.py:830} INFO - Processing file /home/airflow/.local/lib/python3.12/site-packages/airflow/example_dags/tutorial_taskflow_api.py for tasks to queue
[2026-05-19T17:45:43.350+0000] {logging_mixin.py:188} INFO - [2026-05-19T17:45:43.350+0000] {dagbag.py:545} INFO - Filling up the DagBag from /home/airflow/.local/lib/python3.12/site-packages/airflow/example_dags/tutorial_taskflow_api.py
[2026-05-19T17:45:43.356+0000] {processor.py:840} INFO - DAG(s) 'tutorial_taskflow_api' retrieved from /home/airflow/.local/lib/python3.12/site-packages/airflow/example_dags/tutorial_taskflow_api.py
[2026-05-19T17:45:43.384+0000] {logging_mixin.py:188} INFO - [2026-05-19T17:45:43.383+0000] {dag.py:3096} INFO - Sync 1 DAGs
[2026-05-19T17:45:43.400+0000] {logging_mixin.py:188} INFO - [2026-05-19T17:45:43.400+0000] {dag.py:3954} INFO - Setting next_dagrun for tutorial_taskflow_api to None, run_after=None
[2026-05-19T17:45:43.430+0000] {processor.py:183} INFO - Processing /home/airflow/.local/lib/python3.12/site-packages/airflow/example_dags/tutorial_taskflow_api.py took 0.090 seconds
[2026-05-19T17:47:11.049+0000] {processor.py:161} INFO - Started process (PID=75) to work on /home/airflow/.local/lib/python3.12/site-packages/airflow/example_dags/tutorial_taskflow_api.py
[2026-05-19T17:47:11.051+0000] {processor.py:830} INFO - Processing file /home/airflow/.local/lib/python3.12/site-packages/airflow/example_dags/tutorial_taskflow_api.py for tasks to queue
[2026-05-19T17:47:11.056+0000] {logging_mixin.py:188} INFO - [2026-05-19T17:47:11.055+0000] {dagbag.py:545} INFO - Filling up the DagBag from /home/airflow/.local/lib/python3.12/site-packages/airflow/example_dags/tutorial_taskflow_api.py
[2026-05-19T17:47:11.069+0000] {processor.py:840} INFO - DAG(s) 'tutorial_taskflow_api' retrieved from /home/airflow/.local/lib/python3.12/site-packages/airflow/example_dags/tutorial_taskflow_api.py
[2026-05-19T17:47:11.360+0000] {logging_mixin.py:188} INFO - [2026-05-19T17:47:11.359+0000] {dag.py:3096} INFO - Sync 1 DAGs
[2026-05-19T17:47:11.396+0000] {logging_mixin.py:188} INFO - [2026-05-19T17:47:11.396+0000] {dag.py:3954} INFO - Setting next_dagrun for tutorial_taskflow_api to None, run_after=None
[2026-05-19T17:47:11.447+0000] {processor.py:183} INFO - Processing /home/airflow/.local/lib/python3.12/site-packages/airflow/example_dags/tutorial_taskflow_api.py took 0.406 seconds
[2026-05-19T17:47:41.909+0000] {processor.py:161} INFO - Started process (PID=133) to work on /home/airflow/.local/lib/python3.12/site-packages/airflow/example_dags/tutorial_taskflow_api.py
[2026-05-19T17:47:41.911+0000] {processor.py:830} INFO - Processing file /home/airflow/.local/lib/python3.12/site-packages/airflow/example_dags/tutorial_taskflow_api.py for tasks to queue
[2026-05-19T17:47:41.914+0000] {logging_mixin.py:188} INFO - [2026-05-19T17:47:41.913+0000] {dagbag.py:545} INFO - Filling up the DagBag from /home/airflow/.local/lib/python3.12/site-packages/airflow/example_dags/tutorial_taskflow_api.py
[2026-05-19T17:47:41.921+0000] {processor.py:840} INFO - DAG(s) 'tutorial_taskflow_api' retrieved from /home/airflow/.local/lib/python3.12/site-packages/airflow/example_dags/tutorial_taskflow_api.py
[2026-05-19T17:47:41.948+0000] {logging_mixin.py:188} INFO - [2026-05-19T17:47:41.947+0000] {dag.py:3096} INFO - Sync 1 DAGs
[2026-05-19T17:47:41.966+0000] {logging_mixin.py:188} INFO - [2026-05-19T17:47:41.965+0000] {dag.py:3954} INFO - Setting next_dagrun for tutorial_taskflow_api to None, run_after=None
[2026-05-19T17:47:41.989+0000] {processor.py:183} INFO - Processing /home/airflow/.local/lib/python3.12/site-packages/airflow/example_dags/tutorial_taskflow_api.py took 0.087 seconds
[2026-05-19T17:48:12.136+0000] {processor.py:161} INFO - Started process (PID=191) to work on /home/airflow/.local/lib/python3.12/site-packages/airflow/example_dags/tutorial_taskflow_api.py
[2026-05-19T17:48:12.138+0000] {processor.py:830} INFO - Processing file /home/airflow/.local/lib/python3.12/site-packages/airflow/example_dags/tutorial_taskflow_api.py for tasks to queue
[2026-05-19T17:48:12.140+0000] {logging_mixin.py:188} INFO - [2026-05-19T17:48:12.139+0000] {dagbag.py:545} INFO - Filling up the DagBag from /home/airflow/.local/lib/python3.12/site-packages/airflow/example_dags/tutorial_taskflow_api.py
[2026-05-19T17:48:12.146+0000] {processor.py:840} INFO - DAG(s) 'tutorial_taskflow_api' retrieved from /home/airflow/.local/lib/python3.12/site-packages/airflow/example_dags/tutorial_taskflow_api.py
[2026-05-19T17:48:12.165+0000] {logging_mixin.py:188} INFO - [2026-05-19T17:48:12.164+0000] {dag.py:3096} INFO - Sync 1 DAGs
[2026-05-19T17:48:12.176+0000] {logging_mixin.py:188} INFO - [2026-05-19T17:48:12.175+0000] {dag.py:3954} INFO - Setting next_dagrun for tutorial_taskflow_api to None, run_after=None
[2026-05-19T17:48:12.192+0000] {processor.py:183} INFO - Processing /home/airflow/.local/lib/python3.12/site-packages/airflow/example_dags/tutorial_taskflow_api.py took 0.062 seconds
[2026-05-19T17:48:42.702+0000] {processor.py:161} INFO - Started process (PID=250) to work on /home/airflow/.local/lib/python3.12/site-packages/airflow/example_dags/tutorial_taskflow_api.py
[2026-05-19T17:48:42.703+0000] {processor.py:830} INFO - Processing file /home/airflow/.local/lib/python3.12/site-packages/airflow/example_dags/tutorial_taskflow_api.py for tasks to queue
[2026-05-19T17:48:42.705+0000] {logging_mixin.py:188} INFO - [2026-05-19T17:48:42.705+0000] {dagbag.py:545} INFO - Filling up the DagBag from /home/airflow/.local/lib/python3.12/site-packages/airflow/example_dags/tutorial_taskflow_api.py
[2026-05-19T17:48:42.711+0000] {processor.py:840} INFO - DAG(s) 'tutorial_taskflow_api' retrieved from /home/airflow/.local/lib/python3.12/site-packages/airflow/example_dags/tutorial_taskflow_api.py
[2026-05-19T17:48:42.738+0000] {logging_mixin.py:188} INFO - [2026-05-19T17:48:42.737+0000] {dag.py:3096} INFO - Sync 1 DAGs
[2026-05-19T17:48:42.752+0000] {logging_mixin.py:188} INFO - [2026-05-19T17:48:42.752+0000] {dag.py:3954} INFO - Setting next_dagrun for tutorial_taskflow_api to None, run_after=None
[2026-05-19T17:48:42.780+0000] {processor.py:183} INFO - Processing /home/airflow/.local/lib/python3.12/site-packages/airflow/example_dags/tutorial_taskflow_api.py took 0.083 seconds
[2026-05-19T17:49:12.882+0000] {processor.py:161} INFO - Started process (PID=308) to work on /home/airflow/.local/lib/python3.12/site-packages/airflow/example_dags/tutorial_taskflow_api.py
[2026-05-19T17:49:12.884+0000] {processor.py:830} INFO - Processing file /home/airflow/.local/lib/python3.12/site-packages/airflow/example_dags/tutorial_taskflow_api.py for tasks to queue
[2026-05-19T17:49:12.886+0000] {logging_mixin.py:188} INFO - [2026-05-19T17:49:12.885+0000] {dagbag.py:545} INFO - Filling up the DagBag from /home/airflow/.local/lib/python3.12/site-packages/airflow/example_dags/tutorial_taskflow_api.py
[2026-05-19T17:49:12.891+0000] {processor.py:840} INFO - DAG(s) 'tutorial_taskflow_api' retrieved from /home/airflow/.local/lib/python3.12/site-packages/airflow/example_dags/tutorial_taskflow_api.py
[2026-05-19T17:49:12.908+0000] {logging_mixin.py:188} INFO - [2026-05-19T17:49:12.908+0000] {dag.py:3096} INFO - Sync 1 DAGs
[2026-05-19T17:49:12.917+0000] {logging_mixin.py:188} INFO - [2026-05-19T17:49:12.917+0000] {dag.py:3954} INFO - Setting next_dagrun for tutorial_taskflow_api to None, run_after=None
[2026-05-19T17:49:12.932+0000] {processor.py:183} INFO - Processing /home/airflow/.local/lib/python3.12/site-packages/airflow/example_dags/tutorial_taskflow_api.py took 0.054 seconds
[2026-05-19T17:49:43.092+0000] {processor.py:161} INFO - Started process (PID=366) to work on /home/airflow/.local/lib/python3.12/site-packages/airflow/example_dags/tutorial_taskflow_api.py
[2026-05-19T17:49:43.098+0000] {processor.py:830} INFO - Processing file /home/airflow/.local/lib/python3.12/site-packages/airflow/example_dags/tutorial_taskflow_api.py for tasks to queue
[2026-05-19T17:49:43.100+0000] {logging_mixin.py:188} INFO - [2026-05-19T17:49:43.100+0000] {dagbag.py:545} INFO - Filling up the DagBag from /home/airflow/.local/lib/python3.12/site-packages/airflow/example_dags/tutorial_taskflow_api.py
[2026-05-19T17:49:43.107+0000] {processor.py:840} INFO - DAG(s) 'tutorial_taskflow_api' retrieved from /home/airflow/.local/lib/python3.12/site-packages/airflow/example_dags/tutorial_taskflow_api.py
[2026-05-19T17:49:43.124+0000] {logging_mixin.py:188} INFO - [2026-05-19T17:49:43.124+0000] {dag.py:3096} INFO - Sync 1 DAGs
[2026-05-19T17:49:43.135+0000] {logging_mixin.py:188} INFO - [2026-05-19T17:49:43.135+0000] {dag.py:3954} INFO - Setting next_dagrun for tutorial_taskflow_api to None, run_after=None
[2026-05-19T17:49:43.151+0000] {processor.py:183} INFO - Processing /home/airflow/.local/lib/python3.12/site-packages/airflow/example_dags/tutorial_taskflow_api.py took 0.066 seconds
[2026-05-19T17:50:13.375+0000] {processor.py:161} INFO - Started process (PID=425) to work on /home/airflow/.local/lib/python3.12/site-packages/airflow/example_dags/tutorial_taskflow_api.py
[2026-05-19T17:50:13.376+0000] {processor.py:830} INFO - Processing file /home/airflow/.local/lib/python3.12/site-packages/airflow/example_dags/tutorial_taskflow_api.py for tasks to queue
[2026-05-19T17:50:13.378+0000] {logging_mixin.py:188} INFO - [2026-05-19T17:50:13.378+0000] {dagbag.py:545} INFO - Filling up the DagBag from /home/airflow/.local/lib/python3.12/site-packages/airflow/example_dags/tutorial_taskflow_api.py
[2026-05-19T17:50:13.384+0000] {processor.py:840} INFO - DAG(s) 'tutorial_taskflow_api' retrieved from /home/airflow/.local/lib/python3.12/site-packages/airflow/example_dags/tutorial_taskflow_api.py
[2026-05-19T17:50:13.403+0000] {logging_mixin.py:188} INFO - [2026-05-19T17:50:13.403+0000] {dag.py:3096} INFO - Sync 1 DAGs
[2026-05-19T17:50:13.413+0000] {logging_mixin.py:188} INFO - [2026-05-19T17:50:13.413+0000] {dag.py:3954} INFO - Setting next_dagrun for tutorial_taskflow_api to None, run_after=None
[2026-05-19T17:50:13.429+0000] {processor.py:183} INFO - Processing /home/airflow/.local/lib/python3.12/site-packages/airflow/example_dags/tutorial_taskflow_api.py took 0.059 seconds
[2026-05-19T17:50:43.614+0000] {processor.py:161} INFO - Started process (PID=483) to work on /home/airflow/.local/lib/python3.12/site-packages/airflow/example_dags/tutorial_taskflow_api.py
[2026-05-19T17:50:43.615+0000] {processor.py:830} INFO - Processing file /home/airflow/.local/lib/python3.12/site-packages/airflow/example_dags/tutorial_taskflow_api.py for tasks to queue
[2026-05-19T17:50:43.619+0000] {logging_mixin.py:188} INFO - [2026-05-19T17:50:43.618+0000] {dagbag.py:545} INFO - Filling up the DagBag from /home/airflow/.local/lib/python3.12/site-packages/airflow/example_dags/tutorial_taskflow_api.py
[2026-05-19T17:50:43.625+0000] {processor.py:840} INFO - DAG(s) 'tutorial_taskflow_api' retrieved from /home/airflow/.local/lib/python3.12/site-packages/airflow/example_dags/tutorial_taskflow_api.py
[2026-05-19T17:50:43.644+0000] {logging_mixin.py:188} INFO - [2026-05-19T17:50:43.644+0000] {dag.py:3096} INFO - Sync 1 DAGs
[2026-05-19T17:50:43.655+0000] {logging_mixin.py:188} INFO - [2026-05-19T17:50:43.655+0000] {dag.py:3954} INFO - Setting next_dagrun for tutorial_taskflow_api to None, run_after=None
[2026-05-19T17:50:43.673+0000] {processor.py:183} INFO - Processing /home/airflow/.local/lib/python3.12/site-packages/airflow/example_dags/tutorial_taskflow_api.py took 0.065 seconds
[2026-05-19T17:51:13.998+0000] {processor.py:161} INFO - Started process (PID=541) to work on /home/airflow/.local/lib/python3.12/site-packages/airflow/example_dags/tutorial_taskflow_api.py
[2026-05-19T17:51:13.999+0000] {processor.py:830} INFO - Processing file /home/airflow/.local/lib/python3.12/site-packages/airflow/example_dags/tutorial_taskflow_api.py for tasks to queue
[2026-05-19T17:51:14.001+0000] {logging_mixin.py:188} INFO - [2026-05-19T17:51:14.001+0000] {dagbag.py:545} INFO - Filling up the DagBag from /home/airflow/.local/lib/python3.12/site-packages/airflow/example_dags/tutorial_taskflow_api.py
[2026-05-19T17:51:14.011+0000] {processor.py:840} INFO - DAG(s) 'tutorial_taskflow_api' retrieved from /home/airflow/.local/lib/python3.12/site-packages/airflow/example_dags/tutorial_taskflow_api.py
[2026-05-19T17:51:14.035+0000] {logging_mixin.py:188} INFO - [2026-05-19T17:51:14.035+0000] {dag.py:3096} INFO - Sync 1 DAGs
[2026-05-19T17:51:14.051+0000] {logging_mixin.py:188} INFO - [2026-05-19T17:51:14.050+0000] {dag.py:3954} INFO - Setting next_dagrun for tutorial_taskflow_api to None, run_after=None
[2026-05-19T17:51:14.076+0000] {processor.py:183} INFO - Processing /home/airflow/.local/lib/python3.12/site-packages/airflow/example_dags/tutorial_taskflow_api.py took 0.085 seconds
[2026-05-19T17:51:44.687+0000] {processor.py:161} INFO - Started process (PID=599) to work on /home/airflow/.local/lib/python3.12/site-packages/airflow/example_dags/tutorial_taskflow_api.py
[2026-05-19T17:51:44.688+0000] {processor.py:830} INFO - Processing file /home/airflow/.local/lib/python3.12/site-packages/airflow/example_dags/tutorial_taskflow_api.py for tasks to queue
[2026-05-19T17:51:44.691+0000] {logging_mixin.py:188} INFO - [2026-05-19T17:51:44.691+0000] {dagbag.py:545} INFO - Filling up the DagBag from /home/airflow/.local/lib/python3.12/site-packages/airflow/example_dags/tutorial_taskflow_api.py
[2026-05-19T17:51:44.699+0000] {processor.py:840} INFO - DAG(s) 'tutorial_taskflow_api' retrieved from /home/airflow/.local/lib/python3.12/site-packages/airflow/example_dags/tutorial_taskflow_api.py
[2026-05-19T17:51:44.728+0000] {logging_mixin.py:188} INFO - [2026-05-19T17:51:44.727+0000] {dag.py:3096} INFO - Sync 1 DAGs
[2026-05-19T17:51:44.742+0000] {logging_mixin.py:188} INFO - [2026-05-19T17:51:44.742+0000] {dag.py:3954} INFO - Setting next_dagrun for tutorial_taskflow_api to None, run_after=None
[2026-05-19T17:51:44.773+0000] {processor.py:183} INFO - Processing /home/airflow/.local/lib/python3.12/site-packages/airflow/example_dags/tutorial_taskflow_api.py took 0.093 seconds
[2026-05-19T17:52:14.885+0000] {processor.py:161} INFO - Started process (PID=657) to work on /home/airflow/.local/lib/python3.12/site-packages/airflow/example_dags/tutorial_taskflow_api.py
[2026-05-19T17:52:14.886+0000] {processor.py:830} INFO - Processing file /home/airflow/.local/lib/python3.12/site-packages/airflow/example_dags/tutorial_taskflow_api.py for tasks to queue
[2026-05-19T17:52:14.888+0000] {logging_mixin.py:188} INFO - [2026-05-19T17:52:14.888+0000] {dagbag.py:545} INFO - Filling up the DagBag from /home/airflow/.local/lib/python3.12/site-packages/airflow/example_dags/tutorial_taskflow_api.py
[2026-05-19T17:52:14.894+0000] {processor.py:840} INFO - DAG(s) 'tutorial_taskflow_api' retrieved from /home/airflow/.local/lib/python3.12/site-packages/airflow/example_dags/tutorial_taskflow_api.py
[2026-05-19T17:52:14.915+0000] {logging_mixin.py:188} INFO - [2026-05-19T17:52:14.915+0000] {dag.py:3096} INFO - Sync 1 DAGs
[2026-05-19T17:52:14.926+0000] {logging_mixin.py:188} INFO - [2026-05-19T17:52:14.925+0000] {dag.py:3954} INFO - Setting next_dagrun for tutorial_taskflow_api to None, run_after=None
[2026-05-19T17:52:14.944+0000] {processor.py:183} INFO - Processing /home/airflow/.local/lib/python3.12/site-packages/airflow/example_dags/tutorial_taskflow_api.py took 0.065 seconds
[2026-05-19T17:52:45.284+0000] {processor.py:161} INFO - Started process (PID=715) to work on /home/airflow/.local/lib/python3.12/site-packages/airflow/example_dags/tutorial_taskflow_api.py
[2026-05-19T17:52:45.285+0000] {processor.py:830} INFO - Processing file /home/airflow/.local/lib/python3.12/site-packages/airflow/example_dags/tutorial_taskflow_api.py for tasks to queue
[2026-05-19T17:52:45.287+0000] {logging_mixin.py:188} INFO - [2026-05-19T17:52:45.287+0000] {dagbag.py:545} INFO - Filling up the DagBag from /home/airflow/.local/lib/python3.12/site-packages/airflow/example_dags/tutorial_taskflow_api.py
[2026-05-19T17:52:45.292+0000] {processor.py:840} INFO - DAG(s) 'tutorial_taskflow_api' retrieved from /home/airflow/.local/lib/python3.12/site-packages/airflow/example_dags/tutorial_taskflow_api.py
[2026-05-19T17:52:45.311+0000] {logging_mixin.py:188} INFO - [2026-05-19T17:52:45.311+0000] {dag.py:3096} INFO - Sync 1 DAGs
[2026-05-19T17:52:45.323+0000] {logging_mixin.py:188} INFO - [2026-05-19T17:52:45.323+0000] {dag.py:3954} INFO - Setting next_dagrun for tutorial_taskflow_api to None, run_after=None
[2026-05-19T17:52:45.338+0000] {processor.py:183} INFO - Processing /home/airflow/.local/lib/python3.12/site-packages/airflow/example_dags/tutorial_taskflow_api.py took 0.059 seconds
[2026-05-19T17:53:15.853+0000] {processor.py:161} INFO - Started process (PID=773) to work on /home/airflow/.local/lib/python3.12/site-packages/airflow/example_dags/tutorial_taskflow_api.py
[2026-05-19T17:53:15.855+0000] {processor.py:830} INFO - Processing file /home/airflow/.local/lib/python3.12/site-packages/airflow/example_dags/tutorial_taskflow_api.py for tasks to queue
[2026-05-19T17:53:15.857+0000] {logging_mixin.py:188} INFO - [2026-05-19T17:53:15.856+0000] {dagbag.py:545} INFO - Filling up the DagBag from /home/airflow/.local/lib/python3.12/site-packages/airflow/example_dags/tutorial_taskflow_api.py
[2026-05-19T17:53:15.864+0000] {processor.py:840} INFO - DAG(s) 'tutorial_taskflow_api' retrieved from /home/airflow/.local/lib/python3.12/site-packages/airflow/example_dags/tutorial_taskflow_api.py
[2026-05-19T17:53:15.884+0000] {logging_mixin.py:188} INFO - [2026-05-19T17:53:15.884+0000] {dag.py:3096} INFO - Sync 1 DAGs
[2026-05-19T17:53:15.897+0000] {logging_mixin.py:188} INFO - [2026-05-19T17:53:15.897+0000] {dag.py:3954} INFO - Setting next_dagrun for tutorial_taskflow_api to None, run_after=None
[2026-05-19T17:53:15.913+0000] {processor.py:183} INFO - Processing /home/airflow/.local/lib/python3.12/site-packages/airflow/example_dags/tutorial_taskflow_api.py took 0.067 seconds
[2026-05-19T17:53:46.366+0000] {processor.py:161} INFO - Started process (PID=831) to work on /home/airflow/.local/lib/python3.12/site-packages/airflow/example_dags/tutorial_taskflow_api.py
[2026-05-19T17:53:46.367+0000] {processor.py:830} INFO - Processing file /home/airflow/.local/lib/python3.12/site-packages/airflow/example_dags/tutorial_taskflow_api.py for tasks to queue
[2026-05-19T17:53:46.370+0000] {logging_mixin.py:188} INFO - [2026-05-19T17:53:46.369+0000] {dagbag.py:545} INFO - Filling up the DagBag from /home/airflow/.local/lib/python3.12/site-packages/airflow/example_dags/tutorial_taskflow_api.py
[2026-05-19T17:53:46.376+0000] {processor.py:840} INFO - DAG(s) 'tutorial_taskflow_api' retrieved from /home/airflow/.local/lib/python3.12/site-packages/airflow/example_dags/tutorial_taskflow_api.py
[2026-05-19T17:53:46.397+0000] {logging_mixin.py:188} INFO - [2026-05-19T17:53:46.397+0000] {dag.py:3096} INFO - Sync 1 DAGs
[2026-05-19T17:53:46.410+0000] {logging_mixin.py:188} INFO - [2026-05-19T17:53:46.410+0000] {dag.py:3954} INFO - Setting next_dagrun for tutorial_taskflow_api to None, run_after=None
[2026-05-19T17:53:46.429+0000] {processor.py:183} INFO - Processing /home/airflow/.local/lib/python3.12/site-packages/airflow/example_dags/tutorial_taskflow_api.py took 0.068 seconds
[2026-05-19T17:54:16.936+0000] {processor.py:161} INFO - Started process (PID=889) to work on /home/airflow/.local/lib/python3.12/site-packages/airflow/example_dags/tutorial_taskflow_api.py
[2026-05-19T17:54:16.937+0000] {processor.py:830} INFO - Processing file /home/airflow/.local/lib/python3.12/site-packages/airflow/example_dags/tutorial_taskflow_api.py for tasks to queue
[2026-05-19T17:54:16.940+0000] {logging_mixin.py:188} INFO - [2026-05-19T17:54:16.939+0000] {dagbag.py:545} INFO - Filling up the DagBag from /home/airflow/.local/lib/python3.12/site-packages/airflow/example_dags/tutorial_taskflow_api.py
[2026-05-19T17:54:16.948+0000] {processor.py:840} INFO - DAG(s) 'tutorial_taskflow_api' retrieved from /home/airflow/.local/lib/python3.12/site-packages/airflow/example_dags/tutorial_taskflow_api.py
[2026-05-19T17:54:16.970+0000] {logging_mixin.py:188} INFO - [2026-05-19T17:54:16.970+0000] {dag.py:3096} INFO - Sync 1 DAGs
[2026-05-19T17:54:16.984+0000] {logging_mixin.py:188} INFO - [2026-05-19T17:54:16.984+0000] {dag.py:3954} INFO - Setting next_dagrun for tutorial_taskflow_api to None, run_after=None
[2026-05-19T17:54:17.003+0000] {processor.py:183} INFO - Processing /home/airflow/.local/lib/python3.12/site-packages/airflow/example_dags/tutorial_taskflow_api.py took 0.073 seconds
[2026-05-19T17:54:47.244+0000] {processor.py:161} INFO - Started process (PID=946) to work on /home/airflow/.local/lib/python3.12/site-packages/airflow/example_dags/tutorial_taskflow_api.py
[2026-05-19T17:54:47.246+0000] {processor.py:830} INFO - Processing file /home/airflow/.local/lib/python3.12/site-packages/airflow/example_dags/tutorial_taskflow_api.py for tasks to queue
[2026-05-19T17:54:47.248+0000] {logging_mixin.py:188} INFO - [2026-05-19T17:54:47.248+0000] {dagbag.py:545} INFO - Filling up the DagBag from /home/airflow/.local/lib/python3.12/site-packages/airflow/example_dags/tutorial_taskflow_api.py
[2026-05-19T17:54:47.255+0000] {processor.py:840} INFO - DAG(s) 'tutorial_taskflow_api' retrieved from /home/airflow/.local/lib/python3.12/site-packages/airflow/example_dags/tutorial_taskflow_api.py
[2026-05-19T17:54:47.279+0000] {logging_mixin.py:188} INFO - [2026-05-19T17:54:47.279+0000] {dag.py:3096} INFO - Sync 1 DAGs
[2026-05-19T17:54:47.291+0000] {logging_mixin.py:188} INFO - [2026-05-19T17:54:47.291+0000] {dag.py:3954} INFO - Setting next_dagrun for tutorial_taskflow_api to None, run_after=None
[2026-05-19T17:54:47.307+0000] {processor.py:183} INFO - Processing /home/airflow/.local/lib/python3.12/site-packages/airflow/example_dags/tutorial_taskflow_api.py took 0.071 seconds
[2026-05-19T17:55:17.540+0000] {processor.py:161} INFO - Started process (PID=1004) to work on /home/airflow/.local/lib/python3.12/site-packages/airflow/example_dags/tutorial_taskflow_api.py
[2026-05-19T17:55:17.541+0000] {processor.py:830} INFO - Processing file /home/airflow/.local/lib/python3.12/site-packages/airflow/example_dags/tutorial_taskflow_api.py for tasks to queue
[2026-05-19T17:55:17.543+0000] {logging_mixin.py:188} INFO - [2026-05-19T17:55:17.543+0000] {dagbag.py:545} INFO - Filling up the DagBag from /home/airflow/.local/lib/python3.12/site-packages/airflow/example_dags/tutorial_taskflow_api.py
[2026-05-19T17:55:17.549+0000] {processor.py:840} INFO - DAG(s) 'tutorial_taskflow_api' retrieved from /home/airflow/.local/lib/python3.12/site-packages/airflow/example_dags/tutorial_taskflow_api.py
[2026-05-19T17:55:17.571+0000] {logging_mixin.py:188} INFO - [2026-05-19T17:55:17.571+0000] {dag.py:3096} INFO - Sync 1 DAGs
[2026-05-19T17:55:17.583+0000] {logging_mixin.py:188} INFO - [2026-05-19T17:55:17.583+0000] {dag.py:3954} INFO - Setting next_dagrun for tutorial_taskflow_api to None, run_after=None
[2026-05-19T17:55:17.604+0000] {processor.py:183} INFO - Processing /home/airflow/.local/lib/python3.12/site-packages/airflow/example_dags/tutorial_taskflow_api.py took 0.069 seconds
[2026-05-19T17:55:47.697+0000] {processor.py:161} INFO - Started process (PID=1062) to work on /home/airflow/.local/lib/python3.12/site-packages/airflow/example_dags/tutorial_taskflow_api.py
[2026-05-19T17:55:47.699+0000] {processor.py:830} INFO - Processing file /home/airflow/.local/lib/python3.12/site-packages/airflow/example_dags/tutorial_taskflow_api.py for tasks to queue
[2026-05-19T17:55:47.701+0000] {logging_mixin.py:188} INFO - [2026-05-19T17:55:47.700+0000] {dagbag.py:545} INFO - Filling up the DagBag from /home/airflow/.local/lib/python3.12/site-packages/airflow/example_dags/tutorial_taskflow_api.py
[2026-05-19T17:55:47.710+0000] {processor.py:840} INFO - DAG(s) 'tutorial_taskflow_api' retrieved from /home/airflow/.local/lib/python3.12/site-packages/airflow/example_dags/tutorial_taskflow_api.py
[2026-05-19T17:55:47.731+0000] {logging_mixin.py:188} INFO - [2026-05-19T17:55:47.730+0000] {dag.py:3096} INFO - Sync 1 DAGs
[2026-05-19T17:55:47.745+0000] {logging_mixin.py:188} INFO - [2026-05-19T17:55:47.745+0000] {dag.py:3954} INFO - Setting next_dagrun for tutorial_taskflow_api to None, run_after=None
[2026-05-19T17:55:47.764+0000] {processor.py:183} INFO - Processing /home/airflow/.local/lib/python3.12/site-packages/airflow/example_dags/tutorial_taskflow_api.py took 0.072 seconds
[2026-05-19T17:56:17.810+0000] {processor.py:161} INFO - Started process (PID=1120) to work on /home/airflow/.local/lib/python3.12/site-packages/airflow/example_dags/tutorial_taskflow_api.py
[2026-05-19T17:56:17.811+0000] {processor.py:830} INFO - Processing file /home/airflow/.local/lib/python3.12/site-packages/airflow/example_dags/tutorial_taskflow_api.py for tasks to queue
[2026-05-19T17:56:17.819+0000] {logging_mixin.py:188} INFO - [2026-05-19T17:56:17.819+0000] {dagbag.py:545} INFO - Filling up the DagBag from /home/airflow/.local/lib/python3.12/site-packages/airflow/example_dags/tutorial_taskflow_api.py
[2026-05-19T17:56:17.825+0000] {processor.py:840} INFO - DAG(s) 'tutorial_taskflow_api' retrieved from /home/airflow/.local/lib/python3.12/site-packages/airflow/example_dags/tutorial_taskflow_api.py
[2026-05-19T17:56:17.843+0000] {logging_mixin.py:188} INFO - [2026-05-19T17:56:17.843+0000] {dag.py:3096} INFO - Sync 1 DAGs
[2026-05-19T17:56:17.853+0000] {logging_mixin.py:188} INFO - [2026-05-19T17:56:17.853+0000] {dag.py:3954} INFO - Setting next_dagrun for tutorial_taskflow_api to None, run_after=None
[2026-05-19T17:56:17.873+0000] {processor.py:183} INFO - Processing /home/airflow/.local/lib/python3.12/site-packages/airflow/example_dags/tutorial_taskflow_api.py took 0.067 seconds
[2026-05-19T17:56:48.293+0000] {processor.py:161} INFO - Started process (PID=1178) to work on /home/airflow/.local/lib/python3.12/site-packages/airflow/example_dags/tutorial_taskflow_api.py
[2026-05-19T17:56:48.295+0000] {processor.py:830} INFO - Processing file /home/airflow/.local/lib/python3.12/site-packages/airflow/example_dags/tutorial_taskflow_api.py for tasks to queue
[2026-05-19T17:56:48.297+0000] {logging_mixin.py:188} INFO - [2026-05-19T17:56:48.297+0000] {dagbag.py:545} INFO - Filling up the DagBag from /home/airflow/.local/lib/python3.12/site-packages/airflow/example_dags/tutorial_taskflow_api.py
[2026-05-19T17:56:48.303+0000] {processor.py:840} INFO - DAG(s) 'tutorial_taskflow_api' retrieved from /home/airflow/.local/lib/python3.12/site-packages/airflow/example_dags/tutorial_taskflow_api.py
[2026-05-19T17:56:48.323+0000] {logging_mixin.py:188} INFO - [2026-05-19T17:56:48.323+0000] {dag.py:3096} INFO - Sync 1 DAGs
[2026-05-19T17:56:48.334+0000] {logging_mixin.py:188} INFO - [2026-05-19T17:56:48.334+0000] {dag.py:3954} INFO - Setting next_dagrun for tutorial_taskflow_api to None, run_after=None
[2026-05-19T17:56:48.353+0000] {processor.py:183} INFO - Processing /home/airflow/.local/lib/python3.12/site-packages/airflow/example_dags/tutorial_taskflow_api.py took 0.065 seconds
[2026-05-19T17:57:55.351+0000] {processor.py:161} INFO - Started process (PID=74) to work on /home/airflow/.local/lib/python3.12/site-packages/airflow/example_dags/tutorial_taskflow_api.py
[2026-05-19T17:57:55.357+0000] {processor.py:830} INFO - Processing file /home/airflow/.local/lib/python3.12/site-packages/airflow/example_dags/tutorial_taskflow_api.py for tasks to queue
[2026-05-19T17:57:55.367+0000] {logging_mixin.py:188} INFO - [2026-05-19T17:57:55.365+0000] {dagbag.py:545} INFO - Filling up the DagBag from /home/airflow/.local/lib/python3.12/site-packages/airflow/example_dags/tutorial_taskflow_api.py
[2026-05-19T17:57:55.401+0000] {processor.py:840} INFO - DAG(s) 'tutorial_taskflow_api' retrieved from /home/airflow/.local/lib/python3.12/site-packages/airflow/example_dags/tutorial_taskflow_api.py
[2026-05-19T17:57:55.649+0000] {logging_mixin.py:188} INFO - [2026-05-19T17:57:55.648+0000] {dag.py:3096} INFO - Sync 1 DAGs
[2026-05-19T17:57:55.683+0000] {logging_mixin.py:188} INFO - [2026-05-19T17:57:55.682+0000] {dag.py:3954} INFO - Setting next_dagrun for tutorial_taskflow_api to None, run_after=None
[2026-05-19T17:57:55.739+0000] {processor.py:183} INFO - Processing /home/airflow/.local/lib/python3.12/site-packages/airflow/example_dags/tutorial_taskflow_api.py took 0.412 seconds
[2026-05-19T17:58:26.356+0000] {processor.py:161} INFO - Started process (PID=132) to work on /home/airflow/.local/lib/python3.12/site-packages/airflow/example_dags/tutorial_taskflow_api.py
[2026-05-19T17:58:26.357+0000] {processor.py:830} INFO - Processing file /home/airflow/.local/lib/python3.12/site-packages/airflow/example_dags/tutorial_taskflow_api.py for tasks to queue
[2026-05-19T17:58:26.360+0000] {logging_mixin.py:188} INFO - [2026-05-19T17:58:26.359+0000] {dagbag.py:545} INFO - Filling up the DagBag from /home/airflow/.local/lib/python3.12/site-packages/airflow/example_dags/tutorial_taskflow_api.py
[2026-05-19T17:58:26.368+0000] {processor.py:840} INFO - DAG(s) 'tutorial_taskflow_api' retrieved from /home/airflow/.local/lib/python3.12/site-packages/airflow/example_dags/tutorial_taskflow_api.py
[2026-05-19T17:58:26.395+0000] {logging_mixin.py:188} INFO - [2026-05-19T17:58:26.395+0000] {dag.py:3096} INFO - Sync 1 DAGs
[2026-05-19T17:58:26.408+0000] {logging_mixin.py:188} INFO - [2026-05-19T17:58:26.408+0000] {dag.py:3954} INFO - Setting next_dagrun for tutorial_taskflow_api to None, run_after=None
[2026-05-19T17:58:26.434+0000] {processor.py:183} INFO - Processing /home/airflow/.local/lib/python3.12/site-packages/airflow/example_dags/tutorial_taskflow_api.py took 0.084 seconds
