[2026-05-19T13:25:19.674+0000] {processor.py:161} INFO - Started process (PID=86) to work on /home/airflow/.local/lib/python3.12/site-packages/airflow/example_dags/tutorial.py
[2026-05-19T13:25:19.684+0000] {processor.py:830} INFO - Processing file /home/airflow/.local/lib/python3.12/site-packages/airflow/example_dags/tutorial.py for tasks to queue
[2026-05-19T13:25:19.692+0000] {logging_mixin.py:188} INFO - [2026-05-19T13:25:19.691+0000] {dagbag.py:545} INFO - Filling up the DagBag from /home/airflow/.local/lib/python3.12/site-packages/airflow/example_dags/tutorial.py
[2026-05-19T13:25:19.737+0000] {processor.py:840} INFO - DAG(s) 'tutorial' retrieved from /home/airflow/.local/lib/python3.12/site-packages/airflow/example_dags/tutorial.py
[2026-05-19T13:25:20.369+0000] {logging_mixin.py:188} INFO - [2026-05-19T13:25:20.367+0000] {override.py:1829} INFO - Created Permission View: can read on DAG:tutorial
[2026-05-19T13:25:20.428+0000] {logging_mixin.py:188} INFO - [2026-05-19T13:25:20.427+0000] {override.py:1829} INFO - Created Permission View: can edit on DAG:tutorial
[2026-05-19T13:25:20.458+0000] {logging_mixin.py:188} INFO - [2026-05-19T13:25:20.457+0000] {override.py:1829} INFO - Created Permission View: can delete on DAG:tutorial
[2026-05-19T13:25:20.461+0000] {logging_mixin.py:188} INFO - [2026-05-19T13:25:20.460+0000] {dag.py:3096} INFO - Sync 1 DAGs
[2026-05-19T13:25:20.507+0000] {logging_mixin.py:188} INFO - [2026-05-19T13:25:20.506+0000] {dag.py:3118} INFO - Creating ORM DAG for tutorial
[2026-05-19T13:25:20.555+0000] {logging_mixin.py:188} INFO - [2026-05-19T13:25:20.555+0000] {dag.py:3954} INFO - Setting next_dagrun for tutorial to 2026-05-18 00:00:00+00:00, run_after=2026-05-19 00:00:00+00:00
[2026-05-19T13:25:20.629+0000] {processor.py:183} INFO - Processing /home/airflow/.local/lib/python3.12/site-packages/airflow/example_dags/tutorial.py took 0.987 seconds
[2026-05-19T13:25:50.743+0000] {processor.py:161} INFO - Started process (PID=143) to work on /home/airflow/.local/lib/python3.12/site-packages/airflow/example_dags/tutorial.py
[2026-05-19T13:25:50.746+0000] {processor.py:830} INFO - Processing file /home/airflow/.local/lib/python3.12/site-packages/airflow/example_dags/tutorial.py for tasks to queue
[2026-05-19T13:25:50.749+0000] {logging_mixin.py:188} INFO - [2026-05-19T13:25:50.749+0000] {dagbag.py:545} INFO - Filling up the DagBag from /home/airflow/.local/lib/python3.12/site-packages/airflow/example_dags/tutorial.py
[2026-05-19T13:25:50.760+0000] {processor.py:840} INFO - DAG(s) 'tutorial' retrieved from /home/airflow/.local/lib/python3.12/site-packages/airflow/example_dags/tutorial.py
[2026-05-19T13:25:50.795+0000] {logging_mixin.py:188} INFO - [2026-05-19T13:25:50.795+0000] {dag.py:3096} INFO - Sync 1 DAGs
[2026-05-19T13:25:50.841+0000] {logging_mixin.py:188} INFO - [2026-05-19T13:25:50.841+0000] {dag.py:3954} INFO - Setting next_dagrun for tutorial to 2026-05-18 00:00:00+00:00, run_after=2026-05-19 00:00:00+00:00
[2026-05-19T13:25:50.876+0000] {processor.py:183} INFO - Processing /home/airflow/.local/lib/python3.12/site-packages/airflow/example_dags/tutorial.py took 0.145 seconds
[2026-05-19T13:26:21.646+0000] {processor.py:161} INFO - Started process (PID=202) to work on /home/airflow/.local/lib/python3.12/site-packages/airflow/example_dags/tutorial.py
[2026-05-19T13:26:21.649+0000] {processor.py:830} INFO - Processing file /home/airflow/.local/lib/python3.12/site-packages/airflow/example_dags/tutorial.py for tasks to queue
[2026-05-19T13:26:21.653+0000] {logging_mixin.py:188} INFO - [2026-05-19T13:26:21.652+0000] {dagbag.py:545} INFO - Filling up the DagBag from /home/airflow/.local/lib/python3.12/site-packages/airflow/example_dags/tutorial.py
[2026-05-19T13:26:21.659+0000] {processor.py:840} INFO - DAG(s) 'tutorial' retrieved from /home/airflow/.local/lib/python3.12/site-packages/airflow/example_dags/tutorial.py
[2026-05-19T13:26:21.677+0000] {logging_mixin.py:188} INFO - [2026-05-19T13:26:21.677+0000] {dag.py:3096} INFO - Sync 1 DAGs
[2026-05-19T13:26:21.725+0000] {logging_mixin.py:188} INFO - [2026-05-19T13:26:21.724+0000] {dag.py:3954} INFO - Setting next_dagrun for tutorial to 2026-05-18 00:00:00+00:00, run_after=2026-05-19 00:00:00+00:00
[2026-05-19T13:26:21.796+0000] {processor.py:183} INFO - Processing /home/airflow/.local/lib/python3.12/site-packages/airflow/example_dags/tutorial.py took 0.161 seconds
[2026-05-19T13:26:51.861+0000] {processor.py:161} INFO - Started process (PID=260) to work on /home/airflow/.local/lib/python3.12/site-packages/airflow/example_dags/tutorial.py
[2026-05-19T13:26:51.862+0000] {processor.py:830} INFO - Processing file /home/airflow/.local/lib/python3.12/site-packages/airflow/example_dags/tutorial.py for tasks to queue
[2026-05-19T13:26:51.865+0000] {logging_mixin.py:188} INFO - [2026-05-19T13:26:51.864+0000] {dagbag.py:545} INFO - Filling up the DagBag from /home/airflow/.local/lib/python3.12/site-packages/airflow/example_dags/tutorial.py
[2026-05-19T13:26:51.875+0000] {processor.py:840} INFO - DAG(s) 'tutorial' retrieved from /home/airflow/.local/lib/python3.12/site-packages/airflow/example_dags/tutorial.py
[2026-05-19T13:26:51.915+0000] {logging_mixin.py:188} INFO - [2026-05-19T13:26:51.915+0000] {dag.py:3096} INFO - Sync 1 DAGs
[2026-05-19T13:26:51.944+0000] {logging_mixin.py:188} INFO - [2026-05-19T13:26:51.944+0000] {dag.py:3954} INFO - Setting next_dagrun for tutorial to 2026-05-18 00:00:00+00:00, run_after=2026-05-19 00:00:00+00:00
[2026-05-19T13:26:51.973+0000] {processor.py:183} INFO - Processing /home/airflow/.local/lib/python3.12/site-packages/airflow/example_dags/tutorial.py took 0.122 seconds
[2026-05-19T13:27:22.392+0000] {processor.py:161} INFO - Started process (PID=324) to work on /home/airflow/.local/lib/python3.12/site-packages/airflow/example_dags/tutorial.py
[2026-05-19T13:27:22.395+0000] {processor.py:830} INFO - Processing file /home/airflow/.local/lib/python3.12/site-packages/airflow/example_dags/tutorial.py for tasks to queue
[2026-05-19T13:27:22.399+0000] {logging_mixin.py:188} INFO - [2026-05-19T13:27:22.398+0000] {dagbag.py:545} INFO - Filling up the DagBag from /home/airflow/.local/lib/python3.12/site-packages/airflow/example_dags/tutorial.py
[2026-05-19T13:27:22.413+0000] {processor.py:840} INFO - DAG(s) 'tutorial' retrieved from /home/airflow/.local/lib/python3.12/site-packages/airflow/example_dags/tutorial.py
[2026-05-19T13:27:22.451+0000] {logging_mixin.py:188} INFO - [2026-05-19T13:27:22.450+0000] {dag.py:3096} INFO - Sync 1 DAGs
[2026-05-19T13:27:22.488+0000] {logging_mixin.py:188} INFO - [2026-05-19T13:27:22.488+0000] {dag.py:3954} INFO - Setting next_dagrun for tutorial to 2026-05-18 00:00:00+00:00, run_after=2026-05-19 00:00:00+00:00
[2026-05-19T13:27:22.531+0000] {processor.py:183} INFO - Processing /home/airflow/.local/lib/python3.12/site-packages/airflow/example_dags/tutorial.py took 0.151 seconds
[2026-05-19T13:27:53.097+0000] {processor.py:161} INFO - Started process (PID=381) to work on /home/airflow/.local/lib/python3.12/site-packages/airflow/example_dags/tutorial.py
[2026-05-19T13:27:53.099+0000] {processor.py:830} INFO - Processing file /home/airflow/.local/lib/python3.12/site-packages/airflow/example_dags/tutorial.py for tasks to queue
[2026-05-19T13:27:53.104+0000] {logging_mixin.py:188} INFO - [2026-05-19T13:27:53.103+0000] {dagbag.py:545} INFO - Filling up the DagBag from /home/airflow/.local/lib/python3.12/site-packages/airflow/example_dags/tutorial.py
[2026-05-19T13:27:53.115+0000] {processor.py:840} INFO - DAG(s) 'tutorial' retrieved from /home/airflow/.local/lib/python3.12/site-packages/airflow/example_dags/tutorial.py
[2026-05-19T13:27:53.162+0000] {logging_mixin.py:188} INFO - [2026-05-19T13:27:53.161+0000] {dag.py:3096} INFO - Sync 1 DAGs
[2026-05-19T13:27:53.203+0000] {logging_mixin.py:188} INFO - [2026-05-19T13:27:53.202+0000] {dag.py:3954} INFO - Setting next_dagrun for tutorial to 2026-05-18 00:00:00+00:00, run_after=2026-05-19 00:00:00+00:00
[2026-05-19T13:27:53.244+0000] {processor.py:183} INFO - Processing /home/airflow/.local/lib/python3.12/site-packages/airflow/example_dags/tutorial.py took 0.158 seconds
[2026-05-19T13:28:23.340+0000] {processor.py:161} INFO - Started process (PID=439) to work on /home/airflow/.local/lib/python3.12/site-packages/airflow/example_dags/tutorial.py
[2026-05-19T13:28:23.342+0000] {processor.py:830} INFO - Processing file /home/airflow/.local/lib/python3.12/site-packages/airflow/example_dags/tutorial.py for tasks to queue
[2026-05-19T13:28:23.347+0000] {logging_mixin.py:188} INFO - [2026-05-19T13:28:23.346+0000] {dagbag.py:545} INFO - Filling up the DagBag from /home/airflow/.local/lib/python3.12/site-packages/airflow/example_dags/tutorial.py
[2026-05-19T13:28:23.372+0000] {processor.py:840} INFO - DAG(s) 'tutorial' retrieved from /home/airflow/.local/lib/python3.12/site-packages/airflow/example_dags/tutorial.py
[2026-05-19T13:28:23.422+0000] {logging_mixin.py:188} INFO - [2026-05-19T13:28:23.421+0000] {dag.py:3096} INFO - Sync 1 DAGs
[2026-05-19T13:28:23.462+0000] {logging_mixin.py:188} INFO - [2026-05-19T13:28:23.462+0000] {dag.py:3954} INFO - Setting next_dagrun for tutorial to 2026-05-18 00:00:00+00:00, run_after=2026-05-19 00:00:00+00:00
[2026-05-19T13:28:23.496+0000] {processor.py:183} INFO - Processing /home/airflow/.local/lib/python3.12/site-packages/airflow/example_dags/tutorial.py took 0.164 seconds
[2026-05-19T13:28:53.782+0000] {processor.py:161} INFO - Started process (PID=497) to work on /home/airflow/.local/lib/python3.12/site-packages/airflow/example_dags/tutorial.py
[2026-05-19T13:28:53.783+0000] {processor.py:830} INFO - Processing file /home/airflow/.local/lib/python3.12/site-packages/airflow/example_dags/tutorial.py for tasks to queue
[2026-05-19T13:28:53.786+0000] {logging_mixin.py:188} INFO - [2026-05-19T13:28:53.785+0000] {dagbag.py:545} INFO - Filling up the DagBag from /home/airflow/.local/lib/python3.12/site-packages/airflow/example_dags/tutorial.py
[2026-05-19T13:28:53.791+0000] {processor.py:840} INFO - DAG(s) 'tutorial' retrieved from /home/airflow/.local/lib/python3.12/site-packages/airflow/example_dags/tutorial.py
[2026-05-19T13:28:53.817+0000] {logging_mixin.py:188} INFO - [2026-05-19T13:28:53.816+0000] {dag.py:3096} INFO - Sync 1 DAGs
[2026-05-19T13:28:53.847+0000] {logging_mixin.py:188} INFO - [2026-05-19T13:28:53.847+0000] {dag.py:3954} INFO - Setting next_dagrun for tutorial to 2026-05-18 00:00:00+00:00, run_after=2026-05-19 00:00:00+00:00
[2026-05-19T13:28:53.869+0000] {processor.py:183} INFO - Processing /home/airflow/.local/lib/python3.12/site-packages/airflow/example_dags/tutorial.py took 0.094 seconds
[2026-05-19T13:29:23.923+0000] {processor.py:161} INFO - Started process (PID=555) to work on /home/airflow/.local/lib/python3.12/site-packages/airflow/example_dags/tutorial.py
[2026-05-19T13:29:23.926+0000] {processor.py:830} INFO - Processing file /home/airflow/.local/lib/python3.12/site-packages/airflow/example_dags/tutorial.py for tasks to queue
[2026-05-19T13:29:23.929+0000] {logging_mixin.py:188} INFO - [2026-05-19T13:29:23.929+0000] {dagbag.py:545} INFO - Filling up the DagBag from /home/airflow/.local/lib/python3.12/site-packages/airflow/example_dags/tutorial.py
[2026-05-19T13:29:23.939+0000] {processor.py:840} INFO - DAG(s) 'tutorial' retrieved from /home/airflow/.local/lib/python3.12/site-packages/airflow/example_dags/tutorial.py
[2026-05-19T13:29:23.976+0000] {logging_mixin.py:188} INFO - [2026-05-19T13:29:23.975+0000] {dag.py:3096} INFO - Sync 1 DAGs
[2026-05-19T13:29:24.017+0000] {logging_mixin.py:188} INFO - [2026-05-19T13:29:24.016+0000] {dag.py:3954} INFO - Setting next_dagrun for tutorial to 2026-05-18 00:00:00+00:00, run_after=2026-05-19 00:00:00+00:00
[2026-05-19T13:29:24.057+0000] {processor.py:183} INFO - Processing /home/airflow/.local/lib/python3.12/site-packages/airflow/example_dags/tutorial.py took 0.146 seconds
[2026-05-19T13:30:54.258+0000] {processor.py:161} INFO - Started process (PID=88) to work on /home/airflow/.local/lib/python3.12/site-packages/airflow/example_dags/tutorial.py
[2026-05-19T13:30:54.262+0000] {processor.py:830} INFO - Processing file /home/airflow/.local/lib/python3.12/site-packages/airflow/example_dags/tutorial.py for tasks to queue
[2026-05-19T13:30:54.269+0000] {logging_mixin.py:188} INFO - [2026-05-19T13:30:54.267+0000] {dagbag.py:545} INFO - Filling up the DagBag from /home/airflow/.local/lib/python3.12/site-packages/airflow/example_dags/tutorial.py
[2026-05-19T13:30:54.293+0000] {processor.py:840} INFO - DAG(s) 'tutorial' retrieved from /home/airflow/.local/lib/python3.12/site-packages/airflow/example_dags/tutorial.py
[2026-05-19T13:30:54.716+0000] {logging_mixin.py:188} INFO - [2026-05-19T13:30:54.715+0000] {dag.py:3096} INFO - Sync 1 DAGs
[2026-05-19T13:30:54.785+0000] {logging_mixin.py:188} INFO - [2026-05-19T13:30:54.784+0000] {dag.py:3954} INFO - Setting next_dagrun for tutorial to 2026-05-18 00:00:00+00:00, run_after=2026-05-19 00:00:00+00:00
[2026-05-19T13:30:54.846+0000] {processor.py:183} INFO - Processing /home/airflow/.local/lib/python3.12/site-packages/airflow/example_dags/tutorial.py took 0.607 seconds
[2026-05-19T13:31:25.244+0000] {processor.py:161} INFO - Started process (PID=147) to work on /home/airflow/.local/lib/python3.12/site-packages/airflow/example_dags/tutorial.py
[2026-05-19T13:31:25.246+0000] {processor.py:830} INFO - Processing file /home/airflow/.local/lib/python3.12/site-packages/airflow/example_dags/tutorial.py for tasks to queue
[2026-05-19T13:31:25.250+0000] {logging_mixin.py:188} INFO - [2026-05-19T13:31:25.249+0000] {dagbag.py:545} INFO - Filling up the DagBag from /home/airflow/.local/lib/python3.12/site-packages/airflow/example_dags/tutorial.py
[2026-05-19T13:31:25.258+0000] {processor.py:840} INFO - DAG(s) 'tutorial' retrieved from /home/airflow/.local/lib/python3.12/site-packages/airflow/example_dags/tutorial.py
[2026-05-19T13:31:25.285+0000] {logging_mixin.py:188} INFO - [2026-05-19T13:31:25.285+0000] {dag.py:3096} INFO - Sync 1 DAGs
[2026-05-19T13:31:25.308+0000] {logging_mixin.py:188} INFO - [2026-05-19T13:31:25.308+0000] {dag.py:3954} INFO - Setting next_dagrun for tutorial to 2026-05-18 00:00:00+00:00, run_after=2026-05-19 00:00:00+00:00
[2026-05-19T13:31:25.328+0000] {processor.py:183} INFO - Processing /home/airflow/.local/lib/python3.12/site-packages/airflow/example_dags/tutorial.py took 0.091 seconds
[2026-05-19T13:31:55.464+0000] {processor.py:161} INFO - Started process (PID=206) to work on /home/airflow/.local/lib/python3.12/site-packages/airflow/example_dags/tutorial.py
[2026-05-19T13:31:55.466+0000] {processor.py:830} INFO - Processing file /home/airflow/.local/lib/python3.12/site-packages/airflow/example_dags/tutorial.py for tasks to queue
[2026-05-19T13:31:55.468+0000] {logging_mixin.py:188} INFO - [2026-05-19T13:31:55.468+0000] {dagbag.py:545} INFO - Filling up the DagBag from /home/airflow/.local/lib/python3.12/site-packages/airflow/example_dags/tutorial.py
[2026-05-19T13:31:55.475+0000] {processor.py:840} INFO - DAG(s) 'tutorial' retrieved from /home/airflow/.local/lib/python3.12/site-packages/airflow/example_dags/tutorial.py
[2026-05-19T13:31:55.507+0000] {logging_mixin.py:188} INFO - [2026-05-19T13:31:55.507+0000] {dag.py:3096} INFO - Sync 1 DAGs
[2026-05-19T13:31:55.528+0000] {logging_mixin.py:188} INFO - [2026-05-19T13:31:55.527+0000] {dag.py:3954} INFO - Setting next_dagrun for tutorial to 2026-05-18 00:00:00+00:00, run_after=2026-05-19 00:00:00+00:00
[2026-05-19T13:31:55.549+0000] {processor.py:183} INFO - Processing /home/airflow/.local/lib/python3.12/site-packages/airflow/example_dags/tutorial.py took 0.093 seconds
[2026-05-19T13:32:25.716+0000] {processor.py:161} INFO - Started process (PID=265) to work on /home/airflow/.local/lib/python3.12/site-packages/airflow/example_dags/tutorial.py
[2026-05-19T13:32:25.718+0000] {processor.py:830} INFO - Processing file /home/airflow/.local/lib/python3.12/site-packages/airflow/example_dags/tutorial.py for tasks to queue
[2026-05-19T13:32:25.720+0000] {logging_mixin.py:188} INFO - [2026-05-19T13:32:25.720+0000] {dagbag.py:545} INFO - Filling up the DagBag from /home/airflow/.local/lib/python3.12/site-packages/airflow/example_dags/tutorial.py
[2026-05-19T13:32:25.727+0000] {processor.py:840} INFO - DAG(s) 'tutorial' retrieved from /home/airflow/.local/lib/python3.12/site-packages/airflow/example_dags/tutorial.py
[2026-05-19T13:32:25.755+0000] {logging_mixin.py:188} INFO - [2026-05-19T13:32:25.754+0000] {dag.py:3096} INFO - Sync 1 DAGs
[2026-05-19T13:32:25.792+0000] {logging_mixin.py:188} INFO - [2026-05-19T13:32:25.791+0000] {dag.py:3954} INFO - Setting next_dagrun for tutorial to 2026-05-18 00:00:00+00:00, run_after=2026-05-19 00:00:00+00:00
[2026-05-19T13:32:25.822+0000] {processor.py:183} INFO - Processing /home/airflow/.local/lib/python3.12/site-packages/airflow/example_dags/tutorial.py took 0.113 seconds
[2026-05-19T13:32:57.000+0000] {processor.py:161} INFO - Started process (PID=324) to work on /home/airflow/.local/lib/python3.12/site-packages/airflow/example_dags/tutorial.py
[2026-05-19T13:32:57.003+0000] {processor.py:830} INFO - Processing file /home/airflow/.local/lib/python3.12/site-packages/airflow/example_dags/tutorial.py for tasks to queue
[2026-05-19T13:32:57.008+0000] {logging_mixin.py:188} INFO - [2026-05-19T13:32:57.007+0000] {dagbag.py:545} INFO - Filling up the DagBag from /home/airflow/.local/lib/python3.12/site-packages/airflow/example_dags/tutorial.py
[2026-05-19T13:32:57.023+0000] {processor.py:840} INFO - DAG(s) 'tutorial' retrieved from /home/airflow/.local/lib/python3.12/site-packages/airflow/example_dags/tutorial.py
[2026-05-19T13:32:57.084+0000] {logging_mixin.py:188} INFO - [2026-05-19T13:32:57.083+0000] {dag.py:3096} INFO - Sync 1 DAGs
[2026-05-19T13:32:57.138+0000] {logging_mixin.py:188} INFO - [2026-05-19T13:32:57.137+0000] {dag.py:3954} INFO - Setting next_dagrun for tutorial to 2026-05-18 00:00:00+00:00, run_after=2026-05-19 00:00:00+00:00
[2026-05-19T13:32:57.196+0000] {processor.py:183} INFO - Processing /home/airflow/.local/lib/python3.12/site-packages/airflow/example_dags/tutorial.py took 0.214 seconds
[2026-05-19T13:33:27.318+0000] {processor.py:161} INFO - Started process (PID=383) to work on /home/airflow/.local/lib/python3.12/site-packages/airflow/example_dags/tutorial.py
[2026-05-19T13:33:27.320+0000] {processor.py:830} INFO - Processing file /home/airflow/.local/lib/python3.12/site-packages/airflow/example_dags/tutorial.py for tasks to queue
[2026-05-19T13:33:27.323+0000] {logging_mixin.py:188} INFO - [2026-05-19T13:33:27.322+0000] {dagbag.py:545} INFO - Filling up the DagBag from /home/airflow/.local/lib/python3.12/site-packages/airflow/example_dags/tutorial.py
[2026-05-19T13:33:27.331+0000] {processor.py:840} INFO - DAG(s) 'tutorial' retrieved from /home/airflow/.local/lib/python3.12/site-packages/airflow/example_dags/tutorial.py
[2026-05-19T13:33:27.362+0000] {logging_mixin.py:188} INFO - [2026-05-19T13:33:27.361+0000] {dag.py:3096} INFO - Sync 1 DAGs
[2026-05-19T13:33:27.391+0000] {logging_mixin.py:188} INFO - [2026-05-19T13:33:27.390+0000] {dag.py:3954} INFO - Setting next_dagrun for tutorial to 2026-05-18 00:00:00+00:00, run_after=2026-05-19 00:00:00+00:00
[2026-05-19T13:33:27.421+0000] {processor.py:183} INFO - Processing /home/airflow/.local/lib/python3.12/site-packages/airflow/example_dags/tutorial.py took 0.112 seconds
[2026-05-19T13:33:57.494+0000] {processor.py:161} INFO - Started process (PID=442) to work on /home/airflow/.local/lib/python3.12/site-packages/airflow/example_dags/tutorial.py
[2026-05-19T13:33:57.495+0000] {processor.py:830} INFO - Processing file /home/airflow/.local/lib/python3.12/site-packages/airflow/example_dags/tutorial.py for tasks to queue
[2026-05-19T13:33:57.498+0000] {logging_mixin.py:188} INFO - [2026-05-19T13:33:57.498+0000] {dagbag.py:545} INFO - Filling up the DagBag from /home/airflow/.local/lib/python3.12/site-packages/airflow/example_dags/tutorial.py
[2026-05-19T13:33:57.506+0000] {processor.py:840} INFO - DAG(s) 'tutorial' retrieved from /home/airflow/.local/lib/python3.12/site-packages/airflow/example_dags/tutorial.py
[2026-05-19T13:33:57.529+0000] {logging_mixin.py:188} INFO - [2026-05-19T13:33:57.529+0000] {dag.py:3096} INFO - Sync 1 DAGs
[2026-05-19T13:33:57.559+0000] {logging_mixin.py:188} INFO - [2026-05-19T13:33:57.559+0000] {dag.py:3954} INFO - Setting next_dagrun for tutorial to 2026-05-18 00:00:00+00:00, run_after=2026-05-19 00:00:00+00:00
[2026-05-19T13:33:57.583+0000] {processor.py:183} INFO - Processing /home/airflow/.local/lib/python3.12/site-packages/airflow/example_dags/tutorial.py took 0.094 seconds
[2026-05-19T13:34:27.705+0000] {processor.py:161} INFO - Started process (PID=501) to work on /home/airflow/.local/lib/python3.12/site-packages/airflow/example_dags/tutorial.py
[2026-05-19T13:34:27.706+0000] {processor.py:830} INFO - Processing file /home/airflow/.local/lib/python3.12/site-packages/airflow/example_dags/tutorial.py for tasks to queue
[2026-05-19T13:34:27.709+0000] {logging_mixin.py:188} INFO - [2026-05-19T13:34:27.708+0000] {dagbag.py:545} INFO - Filling up the DagBag from /home/airflow/.local/lib/python3.12/site-packages/airflow/example_dags/tutorial.py
[2026-05-19T13:34:27.716+0000] {processor.py:840} INFO - DAG(s) 'tutorial' retrieved from /home/airflow/.local/lib/python3.12/site-packages/airflow/example_dags/tutorial.py
[2026-05-19T13:34:27.740+0000] {logging_mixin.py:188} INFO - [2026-05-19T13:34:27.740+0000] {dag.py:3096} INFO - Sync 1 DAGs
[2026-05-19T13:34:27.767+0000] {logging_mixin.py:188} INFO - [2026-05-19T13:34:27.767+0000] {dag.py:3954} INFO - Setting next_dagrun for tutorial to 2026-05-18 00:00:00+00:00, run_after=2026-05-19 00:00:00+00:00
[2026-05-19T13:34:27.788+0000] {processor.py:183} INFO - Processing /home/airflow/.local/lib/python3.12/site-packages/airflow/example_dags/tutorial.py took 0.090 seconds
[2026-05-19T13:34:58.508+0000] {processor.py:161} INFO - Started process (PID=560) to work on /home/airflow/.local/lib/python3.12/site-packages/airflow/example_dags/tutorial.py
[2026-05-19T13:34:58.510+0000] {processor.py:830} INFO - Processing file /home/airflow/.local/lib/python3.12/site-packages/airflow/example_dags/tutorial.py for tasks to queue
[2026-05-19T13:34:58.513+0000] {logging_mixin.py:188} INFO - [2026-05-19T13:34:58.513+0000] {dagbag.py:545} INFO - Filling up the DagBag from /home/airflow/.local/lib/python3.12/site-packages/airflow/example_dags/tutorial.py
[2026-05-19T13:34:58.520+0000] {processor.py:840} INFO - DAG(s) 'tutorial' retrieved from /home/airflow/.local/lib/python3.12/site-packages/airflow/example_dags/tutorial.py
[2026-05-19T13:34:58.544+0000] {logging_mixin.py:188} INFO - [2026-05-19T13:34:58.544+0000] {dag.py:3096} INFO - Sync 1 DAGs
[2026-05-19T13:34:58.570+0000] {logging_mixin.py:188} INFO - [2026-05-19T13:34:58.569+0000] {dag.py:3954} INFO - Setting next_dagrun for tutorial to 2026-05-18 00:00:00+00:00, run_after=2026-05-19 00:00:00+00:00
[2026-05-19T13:34:58.592+0000] {processor.py:183} INFO - Processing /home/airflow/.local/lib/python3.12/site-packages/airflow/example_dags/tutorial.py took 0.093 seconds
[2026-05-19T13:35:29.246+0000] {processor.py:161} INFO - Started process (PID=619) to work on /home/airflow/.local/lib/python3.12/site-packages/airflow/example_dags/tutorial.py
[2026-05-19T13:35:29.248+0000] {processor.py:830} INFO - Processing file /home/airflow/.local/lib/python3.12/site-packages/airflow/example_dags/tutorial.py for tasks to queue
[2026-05-19T13:35:29.253+0000] {logging_mixin.py:188} INFO - [2026-05-19T13:35:29.253+0000] {dagbag.py:545} INFO - Filling up the DagBag from /home/airflow/.local/lib/python3.12/site-packages/airflow/example_dags/tutorial.py
[2026-05-19T13:35:29.260+0000] {processor.py:840} INFO - DAG(s) 'tutorial' retrieved from /home/airflow/.local/lib/python3.12/site-packages/airflow/example_dags/tutorial.py
[2026-05-19T13:35:29.285+0000] {logging_mixin.py:188} INFO - [2026-05-19T13:35:29.285+0000] {dag.py:3096} INFO - Sync 1 DAGs
[2026-05-19T13:35:29.315+0000] {logging_mixin.py:188} INFO - [2026-05-19T13:35:29.315+0000] {dag.py:3954} INFO - Setting next_dagrun for tutorial to 2026-05-18 00:00:00+00:00, run_after=2026-05-19 00:00:00+00:00
[2026-05-19T13:35:29.339+0000] {processor.py:183} INFO - Processing /home/airflow/.local/lib/python3.12/site-packages/airflow/example_dags/tutorial.py took 0.102 seconds
[2026-05-19T13:36:00.149+0000] {processor.py:161} INFO - Started process (PID=678) to work on /home/airflow/.local/lib/python3.12/site-packages/airflow/example_dags/tutorial.py
[2026-05-19T13:36:00.150+0000] {processor.py:830} INFO - Processing file /home/airflow/.local/lib/python3.12/site-packages/airflow/example_dags/tutorial.py for tasks to queue
[2026-05-19T13:36:00.153+0000] {logging_mixin.py:188} INFO - [2026-05-19T13:36:00.153+0000] {dagbag.py:545} INFO - Filling up the DagBag from /home/airflow/.local/lib/python3.12/site-packages/airflow/example_dags/tutorial.py
[2026-05-19T13:36:00.160+0000] {processor.py:840} INFO - DAG(s) 'tutorial' retrieved from /home/airflow/.local/lib/python3.12/site-packages/airflow/example_dags/tutorial.py
[2026-05-19T13:36:00.188+0000] {logging_mixin.py:188} INFO - [2026-05-19T13:36:00.188+0000] {dag.py:3096} INFO - Sync 1 DAGs
[2026-05-19T13:36:00.218+0000] {logging_mixin.py:188} INFO - [2026-05-19T13:36:00.216+0000] {dag.py:3954} INFO - Setting next_dagrun for tutorial to 2026-05-18 00:00:00+00:00, run_after=2026-05-19 00:00:00+00:00
[2026-05-19T13:36:00.249+0000] {processor.py:183} INFO - Processing /home/airflow/.local/lib/python3.12/site-packages/airflow/example_dags/tutorial.py took 0.106 seconds
[2026-05-19T13:36:30.733+0000] {processor.py:161} INFO - Started process (PID=737) to work on /home/airflow/.local/lib/python3.12/site-packages/airflow/example_dags/tutorial.py
[2026-05-19T13:36:30.734+0000] {processor.py:830} INFO - Processing file /home/airflow/.local/lib/python3.12/site-packages/airflow/example_dags/tutorial.py for tasks to queue
[2026-05-19T13:36:30.737+0000] {logging_mixin.py:188} INFO - [2026-05-19T13:36:30.737+0000] {dagbag.py:545} INFO - Filling up the DagBag from /home/airflow/.local/lib/python3.12/site-packages/airflow/example_dags/tutorial.py
[2026-05-19T13:36:30.745+0000] {processor.py:840} INFO - DAG(s) 'tutorial' retrieved from /home/airflow/.local/lib/python3.12/site-packages/airflow/example_dags/tutorial.py
[2026-05-19T13:36:30.768+0000] {logging_mixin.py:188} INFO - [2026-05-19T13:36:30.768+0000] {dag.py:3096} INFO - Sync 1 DAGs
[2026-05-19T13:36:30.797+0000] {logging_mixin.py:188} INFO - [2026-05-19T13:36:30.796+0000] {dag.py:3954} INFO - Setting next_dagrun for tutorial to 2026-05-18 00:00:00+00:00, run_after=2026-05-19 00:00:00+00:00
[2026-05-19T13:36:30.824+0000] {processor.py:183} INFO - Processing /home/airflow/.local/lib/python3.12/site-packages/airflow/example_dags/tutorial.py took 0.099 seconds
[2026-05-19T13:37:01.334+0000] {processor.py:161} INFO - Started process (PID=796) to work on /home/airflow/.local/lib/python3.12/site-packages/airflow/example_dags/tutorial.py
[2026-05-19T13:37:01.336+0000] {processor.py:830} INFO - Processing file /home/airflow/.local/lib/python3.12/site-packages/airflow/example_dags/tutorial.py for tasks to queue
[2026-05-19T13:37:01.339+0000] {logging_mixin.py:188} INFO - [2026-05-19T13:37:01.338+0000] {dagbag.py:545} INFO - Filling up the DagBag from /home/airflow/.local/lib/python3.12/site-packages/airflow/example_dags/tutorial.py
[2026-05-19T13:37:01.350+0000] {processor.py:840} INFO - DAG(s) 'tutorial' retrieved from /home/airflow/.local/lib/python3.12/site-packages/airflow/example_dags/tutorial.py
[2026-05-19T13:37:01.383+0000] {logging_mixin.py:188} INFO - [2026-05-19T13:37:01.382+0000] {dag.py:3096} INFO - Sync 1 DAGs
[2026-05-19T13:37:01.404+0000] {logging_mixin.py:188} INFO - [2026-05-19T13:37:01.404+0000] {dag.py:3954} INFO - Setting next_dagrun for tutorial to 2026-05-18 00:00:00+00:00, run_after=2026-05-19 00:00:00+00:00
[2026-05-19T13:37:01.438+0000] {processor.py:183} INFO - Processing /home/airflow/.local/lib/python3.12/site-packages/airflow/example_dags/tutorial.py took 0.110 seconds
[2026-05-19T13:37:32.034+0000] {processor.py:161} INFO - Started process (PID=855) to work on /home/airflow/.local/lib/python3.12/site-packages/airflow/example_dags/tutorial.py
[2026-05-19T13:37:32.036+0000] {processor.py:830} INFO - Processing file /home/airflow/.local/lib/python3.12/site-packages/airflow/example_dags/tutorial.py for tasks to queue
[2026-05-19T13:37:32.039+0000] {logging_mixin.py:188} INFO - [2026-05-19T13:37:32.039+0000] {dagbag.py:545} INFO - Filling up the DagBag from /home/airflow/.local/lib/python3.12/site-packages/airflow/example_dags/tutorial.py
[2026-05-19T13:37:32.052+0000] {processor.py:840} INFO - DAG(s) 'tutorial' retrieved from /home/airflow/.local/lib/python3.12/site-packages/airflow/example_dags/tutorial.py
[2026-05-19T13:37:32.089+0000] {logging_mixin.py:188} INFO - [2026-05-19T13:37:32.089+0000] {dag.py:3096} INFO - Sync 1 DAGs
[2026-05-19T13:37:32.130+0000] {logging_mixin.py:188} INFO - [2026-05-19T13:37:32.130+0000] {dag.py:3954} INFO - Setting next_dagrun for tutorial to 2026-05-18 00:00:00+00:00, run_after=2026-05-19 00:00:00+00:00
[2026-05-19T13:37:32.173+0000] {processor.py:183} INFO - Processing /home/airflow/.local/lib/python3.12/site-packages/airflow/example_dags/tutorial.py took 0.151 seconds
[2026-05-19T13:38:02.276+0000] {processor.py:161} INFO - Started process (PID=914) to work on /home/airflow/.local/lib/python3.12/site-packages/airflow/example_dags/tutorial.py
[2026-05-19T13:38:02.278+0000] {processor.py:830} INFO - Processing file /home/airflow/.local/lib/python3.12/site-packages/airflow/example_dags/tutorial.py for tasks to queue
[2026-05-19T13:38:02.280+0000] {logging_mixin.py:188} INFO - [2026-05-19T13:38:02.280+0000] {dagbag.py:545} INFO - Filling up the DagBag from /home/airflow/.local/lib/python3.12/site-packages/airflow/example_dags/tutorial.py
[2026-05-19T13:38:02.292+0000] {processor.py:840} INFO - DAG(s) 'tutorial' retrieved from /home/airflow/.local/lib/python3.12/site-packages/airflow/example_dags/tutorial.py
[2026-05-19T13:38:02.322+0000] {logging_mixin.py:188} INFO - [2026-05-19T13:38:02.322+0000] {dag.py:3096} INFO - Sync 1 DAGs
[2026-05-19T13:38:02.353+0000] {logging_mixin.py:188} INFO - [2026-05-19T13:38:02.352+0000] {dag.py:3954} INFO - Setting next_dagrun for tutorial to 2026-05-18 00:00:00+00:00, run_after=2026-05-19 00:00:00+00:00
[2026-05-19T13:38:02.391+0000] {processor.py:183} INFO - Processing /home/airflow/.local/lib/python3.12/site-packages/airflow/example_dags/tutorial.py took 0.121 seconds
[2026-05-19T13:38:32.814+0000] {processor.py:161} INFO - Started process (PID=974) to work on /home/airflow/.local/lib/python3.12/site-packages/airflow/example_dags/tutorial.py
[2026-05-19T13:38:32.816+0000] {processor.py:830} INFO - Processing file /home/airflow/.local/lib/python3.12/site-packages/airflow/example_dags/tutorial.py for tasks to queue
[2026-05-19T13:38:32.817+0000] {logging_mixin.py:188} INFO - [2026-05-19T13:38:32.817+0000] {dagbag.py:545} INFO - Filling up the DagBag from /home/airflow/.local/lib/python3.12/site-packages/airflow/example_dags/tutorial.py
[2026-05-19T13:38:32.825+0000] {processor.py:840} INFO - DAG(s) 'tutorial' retrieved from /home/airflow/.local/lib/python3.12/site-packages/airflow/example_dags/tutorial.py
[2026-05-19T13:38:32.854+0000] {logging_mixin.py:188} INFO - [2026-05-19T13:38:32.854+0000] {dag.py:3096} INFO - Sync 1 DAGs
[2026-05-19T13:38:32.878+0000] {logging_mixin.py:188} INFO - [2026-05-19T13:38:32.877+0000] {dag.py:3954} INFO - Setting next_dagrun for tutorial to 2026-05-18 00:00:00+00:00, run_after=2026-05-19 00:00:00+00:00
[2026-05-19T13:38:32.898+0000] {processor.py:183} INFO - Processing /home/airflow/.local/lib/python3.12/site-packages/airflow/example_dags/tutorial.py took 0.089 seconds
[2026-05-19T13:39:03.251+0000] {processor.py:161} INFO - Started process (PID=1034) to work on /home/airflow/.local/lib/python3.12/site-packages/airflow/example_dags/tutorial.py
[2026-05-19T13:39:03.254+0000] {processor.py:830} INFO - Processing file /home/airflow/.local/lib/python3.12/site-packages/airflow/example_dags/tutorial.py for tasks to queue
[2026-05-19T13:39:03.260+0000] {logging_mixin.py:188} INFO - [2026-05-19T13:39:03.259+0000] {dagbag.py:545} INFO - Filling up the DagBag from /home/airflow/.local/lib/python3.12/site-packages/airflow/example_dags/tutorial.py
[2026-05-19T13:39:03.278+0000] {processor.py:840} INFO - DAG(s) 'tutorial' retrieved from /home/airflow/.local/lib/python3.12/site-packages/airflow/example_dags/tutorial.py
[2026-05-19T13:39:03.323+0000] {logging_mixin.py:188} INFO - [2026-05-19T13:39:03.322+0000] {dag.py:3096} INFO - Sync 1 DAGs
[2026-05-19T13:39:03.370+0000] {logging_mixin.py:188} INFO - [2026-05-19T13:39:03.370+0000] {dag.py:3954} INFO - Setting next_dagrun for tutorial to 2026-05-18 00:00:00+00:00, run_after=2026-05-19 00:00:00+00:00
[2026-05-19T13:39:03.430+0000] {processor.py:183} INFO - Processing /home/airflow/.local/lib/python3.12/site-packages/airflow/example_dags/tutorial.py took 0.189 seconds
[2026-05-19T13:39:33.817+0000] {processor.py:161} INFO - Started process (PID=1093) to work on /home/airflow/.local/lib/python3.12/site-packages/airflow/example_dags/tutorial.py
[2026-05-19T13:39:33.819+0000] {processor.py:830} INFO - Processing file /home/airflow/.local/lib/python3.12/site-packages/airflow/example_dags/tutorial.py for tasks to queue
[2026-05-19T13:39:33.822+0000] {logging_mixin.py:188} INFO - [2026-05-19T13:39:33.822+0000] {dagbag.py:545} INFO - Filling up the DagBag from /home/airflow/.local/lib/python3.12/site-packages/airflow/example_dags/tutorial.py
[2026-05-19T13:39:33.833+0000] {processor.py:840} INFO - DAG(s) 'tutorial' retrieved from /home/airflow/.local/lib/python3.12/site-packages/airflow/example_dags/tutorial.py
[2026-05-19T13:39:33.869+0000] {logging_mixin.py:188} INFO - [2026-05-19T13:39:33.868+0000] {dag.py:3096} INFO - Sync 1 DAGs
[2026-05-19T13:39:33.903+0000] {logging_mixin.py:188} INFO - [2026-05-19T13:39:33.903+0000] {dag.py:3954} INFO - Setting next_dagrun for tutorial to 2026-05-18 00:00:00+00:00, run_after=2026-05-19 00:00:00+00:00
[2026-05-19T13:39:33.937+0000] {processor.py:183} INFO - Processing /home/airflow/.local/lib/python3.12/site-packages/airflow/example_dags/tutorial.py took 0.134 seconds
[2026-05-19T13:40:04.136+0000] {processor.py:161} INFO - Started process (PID=1152) to work on /home/airflow/.local/lib/python3.12/site-packages/airflow/example_dags/tutorial.py
[2026-05-19T13:40:04.138+0000] {processor.py:830} INFO - Processing file /home/airflow/.local/lib/python3.12/site-packages/airflow/example_dags/tutorial.py for tasks to queue
[2026-05-19T13:40:04.140+0000] {logging_mixin.py:188} INFO - [2026-05-19T13:40:04.139+0000] {dagbag.py:545} INFO - Filling up the DagBag from /home/airflow/.local/lib/python3.12/site-packages/airflow/example_dags/tutorial.py
[2026-05-19T13:40:04.149+0000] {processor.py:840} INFO - DAG(s) 'tutorial' retrieved from /home/airflow/.local/lib/python3.12/site-packages/airflow/example_dags/tutorial.py
[2026-05-19T13:40:04.176+0000] {logging_mixin.py:188} INFO - [2026-05-19T13:40:04.175+0000] {dag.py:3096} INFO - Sync 1 DAGs
[2026-05-19T13:40:04.200+0000] {logging_mixin.py:188} INFO - [2026-05-19T13:40:04.200+0000] {dag.py:3954} INFO - Setting next_dagrun for tutorial to 2026-05-18 00:00:00+00:00, run_after=2026-05-19 00:00:00+00:00
[2026-05-19T13:40:04.235+0000] {processor.py:183} INFO - Processing /home/airflow/.local/lib/python3.12/site-packages/airflow/example_dags/tutorial.py took 0.105 seconds
[2026-05-19T13:40:34.792+0000] {processor.py:161} INFO - Started process (PID=1211) to work on /home/airflow/.local/lib/python3.12/site-packages/airflow/example_dags/tutorial.py
[2026-05-19T13:40:34.794+0000] {processor.py:830} INFO - Processing file /home/airflow/.local/lib/python3.12/site-packages/airflow/example_dags/tutorial.py for tasks to queue
[2026-05-19T13:40:34.798+0000] {logging_mixin.py:188} INFO - [2026-05-19T13:40:34.797+0000] {dagbag.py:545} INFO - Filling up the DagBag from /home/airflow/.local/lib/python3.12/site-packages/airflow/example_dags/tutorial.py
[2026-05-19T13:40:34.807+0000] {processor.py:840} INFO - DAG(s) 'tutorial' retrieved from /home/airflow/.local/lib/python3.12/site-packages/airflow/example_dags/tutorial.py
[2026-05-19T13:40:34.851+0000] {logging_mixin.py:188} INFO - [2026-05-19T13:40:34.850+0000] {dag.py:3096} INFO - Sync 1 DAGs
[2026-05-19T13:40:34.886+0000] {logging_mixin.py:188} INFO - [2026-05-19T13:40:34.885+0000] {dag.py:3954} INFO - Setting next_dagrun for tutorial to 2026-05-18 00:00:00+00:00, run_after=2026-05-19 00:00:00+00:00
[2026-05-19T13:40:34.923+0000] {processor.py:183} INFO - Processing /home/airflow/.local/lib/python3.12/site-packages/airflow/example_dags/tutorial.py took 0.139 seconds
[2026-05-19T13:41:05.133+0000] {processor.py:161} INFO - Started process (PID=1270) to work on /home/airflow/.local/lib/python3.12/site-packages/airflow/example_dags/tutorial.py
[2026-05-19T13:41:05.134+0000] {processor.py:830} INFO - Processing file /home/airflow/.local/lib/python3.12/site-packages/airflow/example_dags/tutorial.py for tasks to queue
[2026-05-19T13:41:05.137+0000] {logging_mixin.py:188} INFO - [2026-05-19T13:41:05.137+0000] {dagbag.py:545} INFO - Filling up the DagBag from /home/airflow/.local/lib/python3.12/site-packages/airflow/example_dags/tutorial.py
[2026-05-19T13:41:05.145+0000] {processor.py:840} INFO - DAG(s) 'tutorial' retrieved from /home/airflow/.local/lib/python3.12/site-packages/airflow/example_dags/tutorial.py
[2026-05-19T13:41:05.172+0000] {logging_mixin.py:188} INFO - [2026-05-19T13:41:05.172+0000] {dag.py:3096} INFO - Sync 1 DAGs
[2026-05-19T13:41:05.205+0000] {logging_mixin.py:188} INFO - [2026-05-19T13:41:05.204+0000] {dag.py:3954} INFO - Setting next_dagrun for tutorial to 2026-05-18 00:00:00+00:00, run_after=2026-05-19 00:00:00+00:00
[2026-05-19T13:41:05.247+0000] {processor.py:183} INFO - Processing /home/airflow/.local/lib/python3.12/site-packages/airflow/example_dags/tutorial.py took 0.123 seconds
[2026-05-19T13:41:36.078+0000] {processor.py:161} INFO - Started process (PID=1329) to work on /home/airflow/.local/lib/python3.12/site-packages/airflow/example_dags/tutorial.py
[2026-05-19T13:41:36.082+0000] {processor.py:830} INFO - Processing file /home/airflow/.local/lib/python3.12/site-packages/airflow/example_dags/tutorial.py for tasks to queue
[2026-05-19T13:41:36.091+0000] {logging_mixin.py:188} INFO - [2026-05-19T13:41:36.089+0000] {dagbag.py:545} INFO - Filling up the DagBag from /home/airflow/.local/lib/python3.12/site-packages/airflow/example_dags/tutorial.py
[2026-05-19T13:41:36.117+0000] {processor.py:840} INFO - DAG(s) 'tutorial' retrieved from /home/airflow/.local/lib/python3.12/site-packages/airflow/example_dags/tutorial.py
[2026-05-19T13:41:36.205+0000] {logging_mixin.py:188} INFO - [2026-05-19T13:41:36.204+0000] {dag.py:3096} INFO - Sync 1 DAGs
[2026-05-19T13:41:36.353+0000] {logging_mixin.py:188} INFO - [2026-05-19T13:41:36.350+0000] {dag.py:3954} INFO - Setting next_dagrun for tutorial to 2026-05-18 00:00:00+00:00, run_after=2026-05-19 00:00:00+00:00
[2026-05-19T13:41:36.447+0000] {processor.py:183} INFO - Processing /home/airflow/.local/lib/python3.12/site-packages/airflow/example_dags/tutorial.py took 0.395 seconds
[2026-05-19T13:42:06.832+0000] {processor.py:161} INFO - Started process (PID=1387) to work on /home/airflow/.local/lib/python3.12/site-packages/airflow/example_dags/tutorial.py
[2026-05-19T13:42:06.836+0000] {processor.py:830} INFO - Processing file /home/airflow/.local/lib/python3.12/site-packages/airflow/example_dags/tutorial.py for tasks to queue
[2026-05-19T13:42:06.841+0000] {logging_mixin.py:188} INFO - [2026-05-19T13:42:06.840+0000] {dagbag.py:545} INFO - Filling up the DagBag from /home/airflow/.local/lib/python3.12/site-packages/airflow/example_dags/tutorial.py
[2026-05-19T13:42:06.853+0000] {processor.py:840} INFO - DAG(s) 'tutorial' retrieved from /home/airflow/.local/lib/python3.12/site-packages/airflow/example_dags/tutorial.py
[2026-05-19T13:42:06.901+0000] {logging_mixin.py:188} INFO - [2026-05-19T13:42:06.900+0000] {dag.py:3096} INFO - Sync 1 DAGs
[2026-05-19T13:42:06.951+0000] {logging_mixin.py:188} INFO - [2026-05-19T13:42:06.950+0000] {dag.py:3954} INFO - Setting next_dagrun for tutorial to 2026-05-18 00:00:00+00:00, run_after=2026-05-19 00:00:00+00:00
[2026-05-19T13:42:06.995+0000] {processor.py:183} INFO - Processing /home/airflow/.local/lib/python3.12/site-packages/airflow/example_dags/tutorial.py took 0.173 seconds
[2026-05-19T13:42:37.539+0000] {processor.py:161} INFO - Started process (PID=1446) to work on /home/airflow/.local/lib/python3.12/site-packages/airflow/example_dags/tutorial.py
[2026-05-19T13:42:37.540+0000] {processor.py:830} INFO - Processing file /home/airflow/.local/lib/python3.12/site-packages/airflow/example_dags/tutorial.py for tasks to queue
[2026-05-19T13:42:37.543+0000] {logging_mixin.py:188} INFO - [2026-05-19T13:42:37.543+0000] {dagbag.py:545} INFO - Filling up the DagBag from /home/airflow/.local/lib/python3.12/site-packages/airflow/example_dags/tutorial.py
[2026-05-19T13:42:37.551+0000] {processor.py:840} INFO - DAG(s) 'tutorial' retrieved from /home/airflow/.local/lib/python3.12/site-packages/airflow/example_dags/tutorial.py
[2026-05-19T13:42:37.582+0000] {logging_mixin.py:188} INFO - [2026-05-19T13:42:37.582+0000] {dag.py:3096} INFO - Sync 1 DAGs
[2026-05-19T13:42:37.613+0000] {logging_mixin.py:188} INFO - [2026-05-19T13:42:37.612+0000] {dag.py:3954} INFO - Setting next_dagrun for tutorial to 2026-05-18 00:00:00+00:00, run_after=2026-05-19 00:00:00+00:00
[2026-05-19T13:42:37.640+0000] {processor.py:183} INFO - Processing /home/airflow/.local/lib/python3.12/site-packages/airflow/example_dags/tutorial.py took 0.108 seconds
[2026-05-19T13:43:07.876+0000] {processor.py:161} INFO - Started process (PID=1505) to work on /home/airflow/.local/lib/python3.12/site-packages/airflow/example_dags/tutorial.py
[2026-05-19T13:43:07.878+0000] {processor.py:830} INFO - Processing file /home/airflow/.local/lib/python3.12/site-packages/airflow/example_dags/tutorial.py for tasks to queue
[2026-05-19T13:43:07.881+0000] {logging_mixin.py:188} INFO - [2026-05-19T13:43:07.881+0000] {dagbag.py:545} INFO - Filling up the DagBag from /home/airflow/.local/lib/python3.12/site-packages/airflow/example_dags/tutorial.py
[2026-05-19T13:43:07.890+0000] {processor.py:840} INFO - DAG(s) 'tutorial' retrieved from /home/airflow/.local/lib/python3.12/site-packages/airflow/example_dags/tutorial.py
[2026-05-19T13:43:07.923+0000] {logging_mixin.py:188} INFO - [2026-05-19T13:43:07.922+0000] {dag.py:3096} INFO - Sync 1 DAGs
[2026-05-19T13:43:07.947+0000] {logging_mixin.py:188} INFO - [2026-05-19T13:43:07.947+0000] {dag.py:3954} INFO - Setting next_dagrun for tutorial to 2026-05-18 00:00:00+00:00, run_after=2026-05-19 00:00:00+00:00
[2026-05-19T13:43:07.978+0000] {processor.py:183} INFO - Processing /home/airflow/.local/lib/python3.12/site-packages/airflow/example_dags/tutorial.py took 0.110 seconds
[2026-05-19T13:43:39.131+0000] {processor.py:161} INFO - Started process (PID=1566) to work on /home/airflow/.local/lib/python3.12/site-packages/airflow/example_dags/tutorial.py
[2026-05-19T13:43:39.133+0000] {processor.py:830} INFO - Processing file /home/airflow/.local/lib/python3.12/site-packages/airflow/example_dags/tutorial.py for tasks to queue
[2026-05-19T13:43:39.138+0000] {logging_mixin.py:188} INFO - [2026-05-19T13:43:39.138+0000] {dagbag.py:545} INFO - Filling up the DagBag from /home/airflow/.local/lib/python3.12/site-packages/airflow/example_dags/tutorial.py
[2026-05-19T13:43:39.341+0000] {processor.py:840} INFO - DAG(s) 'tutorial' retrieved from /home/airflow/.local/lib/python3.12/site-packages/airflow/example_dags/tutorial.py
[2026-05-19T13:43:39.374+0000] {logging_mixin.py:188} INFO - [2026-05-19T13:43:39.374+0000] {dag.py:3096} INFO - Sync 1 DAGs
[2026-05-19T13:43:39.405+0000] {logging_mixin.py:188} INFO - [2026-05-19T13:43:39.404+0000] {dag.py:3954} INFO - Setting next_dagrun for tutorial to 2026-05-18 00:00:00+00:00, run_after=2026-05-19 00:00:00+00:00
[2026-05-19T13:43:39.441+0000] {processor.py:183} INFO - Processing /home/airflow/.local/lib/python3.12/site-packages/airflow/example_dags/tutorial.py took 0.320 seconds
[2026-05-19T13:44:10.243+0000] {processor.py:161} INFO - Started process (PID=1625) to work on /home/airflow/.local/lib/python3.12/site-packages/airflow/example_dags/tutorial.py
[2026-05-19T13:44:10.246+0000] {processor.py:830} INFO - Processing file /home/airflow/.local/lib/python3.12/site-packages/airflow/example_dags/tutorial.py for tasks to queue
[2026-05-19T13:44:10.251+0000] {logging_mixin.py:188} INFO - [2026-05-19T13:44:10.250+0000] {dagbag.py:545} INFO - Filling up the DagBag from /home/airflow/.local/lib/python3.12/site-packages/airflow/example_dags/tutorial.py
[2026-05-19T13:44:10.266+0000] {processor.py:840} INFO - DAG(s) 'tutorial' retrieved from /home/airflow/.local/lib/python3.12/site-packages/airflow/example_dags/tutorial.py
[2026-05-19T13:44:10.309+0000] {logging_mixin.py:188} INFO - [2026-05-19T13:44:10.309+0000] {dag.py:3096} INFO - Sync 1 DAGs
[2026-05-19T13:44:10.359+0000] {logging_mixin.py:188} INFO - [2026-05-19T13:44:10.359+0000] {dag.py:3954} INFO - Setting next_dagrun for tutorial to 2026-05-18 00:00:00+00:00, run_after=2026-05-19 00:00:00+00:00
[2026-05-19T13:44:10.408+0000] {processor.py:183} INFO - Processing /home/airflow/.local/lib/python3.12/site-packages/airflow/example_dags/tutorial.py took 0.173 seconds
[2026-05-19T13:44:40.744+0000] {processor.py:161} INFO - Started process (PID=1684) to work on /home/airflow/.local/lib/python3.12/site-packages/airflow/example_dags/tutorial.py
[2026-05-19T13:44:40.746+0000] {processor.py:830} INFO - Processing file /home/airflow/.local/lib/python3.12/site-packages/airflow/example_dags/tutorial.py for tasks to queue
[2026-05-19T13:44:40.748+0000] {logging_mixin.py:188} INFO - [2026-05-19T13:44:40.748+0000] {dagbag.py:545} INFO - Filling up the DagBag from /home/airflow/.local/lib/python3.12/site-packages/airflow/example_dags/tutorial.py
[2026-05-19T13:44:40.754+0000] {processor.py:840} INFO - DAG(s) 'tutorial' retrieved from /home/airflow/.local/lib/python3.12/site-packages/airflow/example_dags/tutorial.py
[2026-05-19T13:44:40.778+0000] {logging_mixin.py:188} INFO - [2026-05-19T13:44:40.778+0000] {dag.py:3096} INFO - Sync 1 DAGs
[2026-05-19T13:44:40.815+0000] {logging_mixin.py:188} INFO - [2026-05-19T13:44:40.814+0000] {dag.py:3954} INFO - Setting next_dagrun for tutorial to 2026-05-18 00:00:00+00:00, run_after=2026-05-19 00:00:00+00:00
[2026-05-19T13:44:40.848+0000] {processor.py:183} INFO - Processing /home/airflow/.local/lib/python3.12/site-packages/airflow/example_dags/tutorial.py took 0.112 seconds
[2026-05-19T13:45:11.137+0000] {processor.py:161} INFO - Started process (PID=1743) to work on /home/airflow/.local/lib/python3.12/site-packages/airflow/example_dags/tutorial.py
[2026-05-19T13:45:11.138+0000] {processor.py:830} INFO - Processing file /home/airflow/.local/lib/python3.12/site-packages/airflow/example_dags/tutorial.py for tasks to queue
[2026-05-19T13:45:11.142+0000] {logging_mixin.py:188} INFO - [2026-05-19T13:45:11.141+0000] {dagbag.py:545} INFO - Filling up the DagBag from /home/airflow/.local/lib/python3.12/site-packages/airflow/example_dags/tutorial.py
[2026-05-19T13:45:11.153+0000] {processor.py:840} INFO - DAG(s) 'tutorial' retrieved from /home/airflow/.local/lib/python3.12/site-packages/airflow/example_dags/tutorial.py
[2026-05-19T13:45:11.186+0000] {logging_mixin.py:188} INFO - [2026-05-19T13:45:11.185+0000] {dag.py:3096} INFO - Sync 1 DAGs
[2026-05-19T13:45:11.234+0000] {logging_mixin.py:188} INFO - [2026-05-19T13:45:11.233+0000] {dag.py:3954} INFO - Setting next_dagrun for tutorial to 2026-05-18 00:00:00+00:00, run_after=2026-05-19 00:00:00+00:00
[2026-05-19T13:45:11.264+0000] {processor.py:183} INFO - Processing /home/airflow/.local/lib/python3.12/site-packages/airflow/example_dags/tutorial.py took 0.135 seconds
[2026-05-19T13:45:41.860+0000] {processor.py:161} INFO - Started process (PID=1802) to work on /home/airflow/.local/lib/python3.12/site-packages/airflow/example_dags/tutorial.py
[2026-05-19T13:45:41.862+0000] {processor.py:830} INFO - Processing file /home/airflow/.local/lib/python3.12/site-packages/airflow/example_dags/tutorial.py for tasks to queue
[2026-05-19T13:45:41.866+0000] {logging_mixin.py:188} INFO - [2026-05-19T13:45:41.865+0000] {dagbag.py:545} INFO - Filling up the DagBag from /home/airflow/.local/lib/python3.12/site-packages/airflow/example_dags/tutorial.py
[2026-05-19T13:45:41.877+0000] {processor.py:840} INFO - DAG(s) 'tutorial' retrieved from /home/airflow/.local/lib/python3.12/site-packages/airflow/example_dags/tutorial.py
[2026-05-19T13:45:41.914+0000] {logging_mixin.py:188} INFO - [2026-05-19T13:45:41.913+0000] {dag.py:3096} INFO - Sync 1 DAGs
[2026-05-19T13:45:41.962+0000] {logging_mixin.py:188} INFO - [2026-05-19T13:45:41.962+0000] {dag.py:3954} INFO - Setting next_dagrun for tutorial to 2026-05-18 00:00:00+00:00, run_after=2026-05-19 00:00:00+00:00
[2026-05-19T13:45:42.004+0000] {processor.py:183} INFO - Processing /home/airflow/.local/lib/python3.12/site-packages/airflow/example_dags/tutorial.py took 0.156 seconds
[2026-05-19T13:46:12.243+0000] {processor.py:161} INFO - Started process (PID=1861) to work on /home/airflow/.local/lib/python3.12/site-packages/airflow/example_dags/tutorial.py
[2026-05-19T13:46:12.245+0000] {processor.py:830} INFO - Processing file /home/airflow/.local/lib/python3.12/site-packages/airflow/example_dags/tutorial.py for tasks to queue
[2026-05-19T13:46:12.249+0000] {logging_mixin.py:188} INFO - [2026-05-19T13:46:12.248+0000] {dagbag.py:545} INFO - Filling up the DagBag from /home/airflow/.local/lib/python3.12/site-packages/airflow/example_dags/tutorial.py
[2026-05-19T13:46:12.255+0000] {processor.py:840} INFO - DAG(s) 'tutorial' retrieved from /home/airflow/.local/lib/python3.12/site-packages/airflow/example_dags/tutorial.py
[2026-05-19T13:46:12.281+0000] {logging_mixin.py:188} INFO - [2026-05-19T13:46:12.281+0000] {dag.py:3096} INFO - Sync 1 DAGs
[2026-05-19T13:46:12.318+0000] {logging_mixin.py:188} INFO - [2026-05-19T13:46:12.317+0000] {dag.py:3954} INFO - Setting next_dagrun for tutorial to 2026-05-18 00:00:00+00:00, run_after=2026-05-19 00:00:00+00:00
[2026-05-19T13:46:12.349+0000] {processor.py:183} INFO - Processing /home/airflow/.local/lib/python3.12/site-packages/airflow/example_dags/tutorial.py took 0.116 seconds
[2026-05-19T13:46:42.596+0000] {processor.py:161} INFO - Started process (PID=1921) to work on /home/airflow/.local/lib/python3.12/site-packages/airflow/example_dags/tutorial.py
[2026-05-19T13:46:42.598+0000] {processor.py:830} INFO - Processing file /home/airflow/.local/lib/python3.12/site-packages/airflow/example_dags/tutorial.py for tasks to queue
[2026-05-19T13:46:42.601+0000] {logging_mixin.py:188} INFO - [2026-05-19T13:46:42.601+0000] {dagbag.py:545} INFO - Filling up the DagBag from /home/airflow/.local/lib/python3.12/site-packages/airflow/example_dags/tutorial.py
[2026-05-19T13:46:42.608+0000] {processor.py:840} INFO - DAG(s) 'tutorial' retrieved from /home/airflow/.local/lib/python3.12/site-packages/airflow/example_dags/tutorial.py
[2026-05-19T13:46:42.635+0000] {logging_mixin.py:188} INFO - [2026-05-19T13:46:42.634+0000] {dag.py:3096} INFO - Sync 1 DAGs
[2026-05-19T13:46:42.661+0000] {logging_mixin.py:188} INFO - [2026-05-19T13:46:42.661+0000] {dag.py:3954} INFO - Setting next_dagrun for tutorial to 2026-05-18 00:00:00+00:00, run_after=2026-05-19 00:00:00+00:00
[2026-05-19T13:46:42.687+0000] {processor.py:183} INFO - Processing /home/airflow/.local/lib/python3.12/site-packages/airflow/example_dags/tutorial.py took 0.099 seconds
[2026-05-19T13:47:13.287+0000] {processor.py:161} INFO - Started process (PID=1980) to work on /home/airflow/.local/lib/python3.12/site-packages/airflow/example_dags/tutorial.py
[2026-05-19T13:47:13.290+0000] {processor.py:830} INFO - Processing file /home/airflow/.local/lib/python3.12/site-packages/airflow/example_dags/tutorial.py for tasks to queue
[2026-05-19T13:47:13.294+0000] {logging_mixin.py:188} INFO - [2026-05-19T13:47:13.294+0000] {dagbag.py:545} INFO - Filling up the DagBag from /home/airflow/.local/lib/python3.12/site-packages/airflow/example_dags/tutorial.py
[2026-05-19T13:47:13.305+0000] {processor.py:840} INFO - DAG(s) 'tutorial' retrieved from /home/airflow/.local/lib/python3.12/site-packages/airflow/example_dags/tutorial.py
[2026-05-19T13:47:13.349+0000] {logging_mixin.py:188} INFO - [2026-05-19T13:47:13.348+0000] {dag.py:3096} INFO - Sync 1 DAGs
[2026-05-19T13:47:13.392+0000] {logging_mixin.py:188} INFO - [2026-05-19T13:47:13.391+0000] {dag.py:3954} INFO - Setting next_dagrun for tutorial to 2026-05-18 00:00:00+00:00, run_after=2026-05-19 00:00:00+00:00
[2026-05-19T13:47:13.430+0000] {processor.py:183} INFO - Processing /home/airflow/.local/lib/python3.12/site-packages/airflow/example_dags/tutorial.py took 0.153 seconds
[2026-05-19T13:47:43.607+0000] {processor.py:161} INFO - Started process (PID=2040) to work on /home/airflow/.local/lib/python3.12/site-packages/airflow/example_dags/tutorial.py
[2026-05-19T13:47:43.608+0000] {processor.py:830} INFO - Processing file /home/airflow/.local/lib/python3.12/site-packages/airflow/example_dags/tutorial.py for tasks to queue
[2026-05-19T13:47:43.614+0000] {logging_mixin.py:188} INFO - [2026-05-19T13:47:43.613+0000] {dagbag.py:545} INFO - Filling up the DagBag from /home/airflow/.local/lib/python3.12/site-packages/airflow/example_dags/tutorial.py
[2026-05-19T13:47:43.623+0000] {processor.py:840} INFO - DAG(s) 'tutorial' retrieved from /home/airflow/.local/lib/python3.12/site-packages/airflow/example_dags/tutorial.py
[2026-05-19T13:47:43.664+0000] {logging_mixin.py:188} INFO - [2026-05-19T13:47:43.663+0000] {dag.py:3096} INFO - Sync 1 DAGs
[2026-05-19T13:47:43.721+0000] {logging_mixin.py:188} INFO - [2026-05-19T13:47:43.721+0000] {dag.py:3954} INFO - Setting next_dagrun for tutorial to 2026-05-18 00:00:00+00:00, run_after=2026-05-19 00:00:00+00:00
[2026-05-19T13:47:43.772+0000] {processor.py:183} INFO - Processing /home/airflow/.local/lib/python3.12/site-packages/airflow/example_dags/tutorial.py took 0.175 seconds
[2026-05-19T13:48:14.153+0000] {processor.py:161} INFO - Started process (PID=2096) to work on /home/airflow/.local/lib/python3.12/site-packages/airflow/example_dags/tutorial.py
[2026-05-19T13:48:14.160+0000] {processor.py:830} INFO - Processing file /home/airflow/.local/lib/python3.12/site-packages/airflow/example_dags/tutorial.py for tasks to queue
[2026-05-19T13:48:14.165+0000] {logging_mixin.py:188} INFO - [2026-05-19T13:48:14.164+0000] {dagbag.py:545} INFO - Filling up the DagBag from /home/airflow/.local/lib/python3.12/site-packages/airflow/example_dags/tutorial.py
[2026-05-19T13:48:14.193+0000] {processor.py:840} INFO - DAG(s) 'tutorial' retrieved from /home/airflow/.local/lib/python3.12/site-packages/airflow/example_dags/tutorial.py
[2026-05-19T13:48:14.245+0000] {logging_mixin.py:188} INFO - [2026-05-19T13:48:14.245+0000] {dag.py:3096} INFO - Sync 1 DAGs
[2026-05-19T13:48:14.287+0000] {logging_mixin.py:188} INFO - [2026-05-19T13:48:14.287+0000] {dag.py:3954} INFO - Setting next_dagrun for tutorial to 2026-05-18 00:00:00+00:00, run_after=2026-05-19 00:00:00+00:00
[2026-05-19T13:48:14.327+0000] {processor.py:183} INFO - Processing /home/airflow/.local/lib/python3.12/site-packages/airflow/example_dags/tutorial.py took 0.199 seconds
[2026-05-19T13:48:45.031+0000] {processor.py:161} INFO - Started process (PID=2155) to work on /home/airflow/.local/lib/python3.12/site-packages/airflow/example_dags/tutorial.py
[2026-05-19T13:48:45.033+0000] {processor.py:830} INFO - Processing file /home/airflow/.local/lib/python3.12/site-packages/airflow/example_dags/tutorial.py for tasks to queue
[2026-05-19T13:48:45.038+0000] {logging_mixin.py:188} INFO - [2026-05-19T13:48:45.037+0000] {dagbag.py:545} INFO - Filling up the DagBag from /home/airflow/.local/lib/python3.12/site-packages/airflow/example_dags/tutorial.py
[2026-05-19T13:48:45.046+0000] {processor.py:840} INFO - DAG(s) 'tutorial' retrieved from /home/airflow/.local/lib/python3.12/site-packages/airflow/example_dags/tutorial.py
[2026-05-19T13:48:45.079+0000] {logging_mixin.py:188} INFO - [2026-05-19T13:48:45.078+0000] {dag.py:3096} INFO - Sync 1 DAGs
[2026-05-19T13:48:45.112+0000] {logging_mixin.py:188} INFO - [2026-05-19T13:48:45.111+0000] {dag.py:3954} INFO - Setting next_dagrun for tutorial to 2026-05-18 00:00:00+00:00, run_after=2026-05-19 00:00:00+00:00
[2026-05-19T13:48:45.145+0000] {processor.py:183} INFO - Processing /home/airflow/.local/lib/python3.12/site-packages/airflow/example_dags/tutorial.py took 0.123 seconds
[2026-05-19T13:49:15.801+0000] {processor.py:161} INFO - Started process (PID=2214) to work on /home/airflow/.local/lib/python3.12/site-packages/airflow/example_dags/tutorial.py
[2026-05-19T13:49:15.804+0000] {processor.py:830} INFO - Processing file /home/airflow/.local/lib/python3.12/site-packages/airflow/example_dags/tutorial.py for tasks to queue
[2026-05-19T13:49:15.808+0000] {logging_mixin.py:188} INFO - [2026-05-19T13:49:15.807+0000] {dagbag.py:545} INFO - Filling up the DagBag from /home/airflow/.local/lib/python3.12/site-packages/airflow/example_dags/tutorial.py
[2026-05-19T13:49:15.814+0000] {processor.py:840} INFO - DAG(s) 'tutorial' retrieved from /home/airflow/.local/lib/python3.12/site-packages/airflow/example_dags/tutorial.py
[2026-05-19T13:49:15.844+0000] {logging_mixin.py:188} INFO - [2026-05-19T13:49:15.843+0000] {dag.py:3096} INFO - Sync 1 DAGs
[2026-05-19T13:49:15.874+0000] {logging_mixin.py:188} INFO - [2026-05-19T13:49:15.874+0000] {dag.py:3954} INFO - Setting next_dagrun for tutorial to 2026-05-18 00:00:00+00:00, run_after=2026-05-19 00:00:00+00:00
[2026-05-19T13:49:15.901+0000] {processor.py:183} INFO - Processing /home/airflow/.local/lib/python3.12/site-packages/airflow/example_dags/tutorial.py took 0.109 seconds
[2026-05-19T13:49:46.190+0000] {processor.py:161} INFO - Started process (PID=2279) to work on /home/airflow/.local/lib/python3.12/site-packages/airflow/example_dags/tutorial.py
[2026-05-19T13:49:46.192+0000] {processor.py:830} INFO - Processing file /home/airflow/.local/lib/python3.12/site-packages/airflow/example_dags/tutorial.py for tasks to queue
[2026-05-19T13:49:46.196+0000] {logging_mixin.py:188} INFO - [2026-05-19T13:49:46.195+0000] {dagbag.py:545} INFO - Filling up the DagBag from /home/airflow/.local/lib/python3.12/site-packages/airflow/example_dags/tutorial.py
[2026-05-19T13:49:46.208+0000] {processor.py:840} INFO - DAG(s) 'tutorial' retrieved from /home/airflow/.local/lib/python3.12/site-packages/airflow/example_dags/tutorial.py
[2026-05-19T13:49:46.248+0000] {logging_mixin.py:188} INFO - [2026-05-19T13:49:46.247+0000] {dag.py:3096} INFO - Sync 1 DAGs
[2026-05-19T13:49:46.287+0000] {logging_mixin.py:188} INFO - [2026-05-19T13:49:46.287+0000] {dag.py:3954} INFO - Setting next_dagrun for tutorial to 2026-05-18 00:00:00+00:00, run_after=2026-05-19 00:00:00+00:00
[2026-05-19T13:49:46.330+0000] {processor.py:183} INFO - Processing /home/airflow/.local/lib/python3.12/site-packages/airflow/example_dags/tutorial.py took 0.151 seconds
[2026-05-19T13:50:16.703+0000] {processor.py:161} INFO - Started process (PID=2338) to work on /home/airflow/.local/lib/python3.12/site-packages/airflow/example_dags/tutorial.py
[2026-05-19T13:50:16.704+0000] {processor.py:830} INFO - Processing file /home/airflow/.local/lib/python3.12/site-packages/airflow/example_dags/tutorial.py for tasks to queue
[2026-05-19T13:50:16.706+0000] {logging_mixin.py:188} INFO - [2026-05-19T13:50:16.705+0000] {dagbag.py:545} INFO - Filling up the DagBag from /home/airflow/.local/lib/python3.12/site-packages/airflow/example_dags/tutorial.py
[2026-05-19T13:50:16.711+0000] {processor.py:840} INFO - DAG(s) 'tutorial' retrieved from /home/airflow/.local/lib/python3.12/site-packages/airflow/example_dags/tutorial.py
[2026-05-19T13:50:16.748+0000] {logging_mixin.py:188} INFO - [2026-05-19T13:50:16.747+0000] {dag.py:3096} INFO - Sync 1 DAGs
[2026-05-19T13:50:16.777+0000] {logging_mixin.py:188} INFO - [2026-05-19T13:50:16.776+0000] {dag.py:3954} INFO - Setting next_dagrun for tutorial to 2026-05-18 00:00:00+00:00, run_after=2026-05-19 00:00:00+00:00
[2026-05-19T13:50:16.810+0000] {processor.py:183} INFO - Processing /home/airflow/.local/lib/python3.12/site-packages/airflow/example_dags/tutorial.py took 0.117 seconds
[2026-05-19T13:50:47.181+0000] {processor.py:161} INFO - Started process (PID=2397) to work on /home/airflow/.local/lib/python3.12/site-packages/airflow/example_dags/tutorial.py
[2026-05-19T13:50:47.182+0000] {processor.py:830} INFO - Processing file /home/airflow/.local/lib/python3.12/site-packages/airflow/example_dags/tutorial.py for tasks to queue
[2026-05-19T13:50:47.186+0000] {logging_mixin.py:188} INFO - [2026-05-19T13:50:47.185+0000] {dagbag.py:545} INFO - Filling up the DagBag from /home/airflow/.local/lib/python3.12/site-packages/airflow/example_dags/tutorial.py
[2026-05-19T13:50:47.196+0000] {processor.py:840} INFO - DAG(s) 'tutorial' retrieved from /home/airflow/.local/lib/python3.12/site-packages/airflow/example_dags/tutorial.py
[2026-05-19T13:50:47.241+0000] {logging_mixin.py:188} INFO - [2026-05-19T13:50:47.240+0000] {dag.py:3096} INFO - Sync 1 DAGs
[2026-05-19T13:50:47.288+0000] {logging_mixin.py:188} INFO - [2026-05-19T13:50:47.288+0000] {dag.py:3954} INFO - Setting next_dagrun for tutorial to 2026-05-18 00:00:00+00:00, run_after=2026-05-19 00:00:00+00:00
[2026-05-19T13:50:47.332+0000] {processor.py:183} INFO - Processing /home/airflow/.local/lib/python3.12/site-packages/airflow/example_dags/tutorial.py took 0.163 seconds
[2026-05-19T13:51:17.499+0000] {processor.py:161} INFO - Started process (PID=2456) to work on /home/airflow/.local/lib/python3.12/site-packages/airflow/example_dags/tutorial.py
[2026-05-19T13:51:17.501+0000] {processor.py:830} INFO - Processing file /home/airflow/.local/lib/python3.12/site-packages/airflow/example_dags/tutorial.py for tasks to queue
[2026-05-19T13:51:17.505+0000] {logging_mixin.py:188} INFO - [2026-05-19T13:51:17.504+0000] {dagbag.py:545} INFO - Filling up the DagBag from /home/airflow/.local/lib/python3.12/site-packages/airflow/example_dags/tutorial.py
[2026-05-19T13:51:17.513+0000] {processor.py:840} INFO - DAG(s) 'tutorial' retrieved from /home/airflow/.local/lib/python3.12/site-packages/airflow/example_dags/tutorial.py
[2026-05-19T13:51:17.540+0000] {logging_mixin.py:188} INFO - [2026-05-19T13:51:17.540+0000] {dag.py:3096} INFO - Sync 1 DAGs
[2026-05-19T13:51:17.575+0000] {logging_mixin.py:188} INFO - [2026-05-19T13:51:17.575+0000] {dag.py:3954} INFO - Setting next_dagrun for tutorial to 2026-05-18 00:00:00+00:00, run_after=2026-05-19 00:00:00+00:00
[2026-05-19T13:51:17.601+0000] {processor.py:183} INFO - Processing /home/airflow/.local/lib/python3.12/site-packages/airflow/example_dags/tutorial.py took 0.112 seconds
[2026-05-19T13:51:47.997+0000] {processor.py:161} INFO - Started process (PID=2515) to work on /home/airflow/.local/lib/python3.12/site-packages/airflow/example_dags/tutorial.py
[2026-05-19T13:51:47.997+0000] {processor.py:830} INFO - Processing file /home/airflow/.local/lib/python3.12/site-packages/airflow/example_dags/tutorial.py for tasks to queue
[2026-05-19T13:51:48.000+0000] {logging_mixin.py:188} INFO - [2026-05-19T13:51:48.000+0000] {dagbag.py:545} INFO - Filling up the DagBag from /home/airflow/.local/lib/python3.12/site-packages/airflow/example_dags/tutorial.py
[2026-05-19T13:51:48.008+0000] {processor.py:840} INFO - DAG(s) 'tutorial' retrieved from /home/airflow/.local/lib/python3.12/site-packages/airflow/example_dags/tutorial.py
[2026-05-19T13:51:48.040+0000] {logging_mixin.py:188} INFO - [2026-05-19T13:51:48.039+0000] {dag.py:3096} INFO - Sync 1 DAGs
[2026-05-19T13:51:48.068+0000] {logging_mixin.py:188} INFO - [2026-05-19T13:51:48.068+0000] {dag.py:3954} INFO - Setting next_dagrun for tutorial to 2026-05-18 00:00:00+00:00, run_after=2026-05-19 00:00:00+00:00
[2026-05-19T13:51:48.102+0000] {processor.py:183} INFO - Processing /home/airflow/.local/lib/python3.12/site-packages/airflow/example_dags/tutorial.py took 0.110 seconds
[2026-05-19T13:52:18.329+0000] {processor.py:161} INFO - Started process (PID=2574) to work on /home/airflow/.local/lib/python3.12/site-packages/airflow/example_dags/tutorial.py
[2026-05-19T13:52:18.331+0000] {processor.py:830} INFO - Processing file /home/airflow/.local/lib/python3.12/site-packages/airflow/example_dags/tutorial.py for tasks to queue
[2026-05-19T13:52:18.334+0000] {logging_mixin.py:188} INFO - [2026-05-19T13:52:18.334+0000] {dagbag.py:545} INFO - Filling up the DagBag from /home/airflow/.local/lib/python3.12/site-packages/airflow/example_dags/tutorial.py
[2026-05-19T13:52:18.341+0000] {processor.py:840} INFO - DAG(s) 'tutorial' retrieved from /home/airflow/.local/lib/python3.12/site-packages/airflow/example_dags/tutorial.py
[2026-05-19T13:52:18.369+0000] {logging_mixin.py:188} INFO - [2026-05-19T13:52:18.369+0000] {dag.py:3096} INFO - Sync 1 DAGs
[2026-05-19T13:52:18.403+0000] {logging_mixin.py:188} INFO - [2026-05-19T13:52:18.403+0000] {dag.py:3954} INFO - Setting next_dagrun for tutorial to 2026-05-18 00:00:00+00:00, run_after=2026-05-19 00:00:00+00:00
[2026-05-19T13:52:18.431+0000] {processor.py:183} INFO - Processing /home/airflow/.local/lib/python3.12/site-packages/airflow/example_dags/tutorial.py took 0.111 seconds
[2026-05-19T13:52:48.523+0000] {processor.py:161} INFO - Started process (PID=2633) to work on /home/airflow/.local/lib/python3.12/site-packages/airflow/example_dags/tutorial.py
[2026-05-19T13:52:48.525+0000] {processor.py:830} INFO - Processing file /home/airflow/.local/lib/python3.12/site-packages/airflow/example_dags/tutorial.py for tasks to queue
[2026-05-19T13:52:48.529+0000] {logging_mixin.py:188} INFO - [2026-05-19T13:52:48.528+0000] {dagbag.py:545} INFO - Filling up the DagBag from /home/airflow/.local/lib/python3.12/site-packages/airflow/example_dags/tutorial.py
[2026-05-19T13:52:48.540+0000] {processor.py:840} INFO - DAG(s) 'tutorial' retrieved from /home/airflow/.local/lib/python3.12/site-packages/airflow/example_dags/tutorial.py
[2026-05-19T13:52:48.572+0000] {logging_mixin.py:188} INFO - [2026-05-19T13:52:48.571+0000] {dag.py:3096} INFO - Sync 1 DAGs
[2026-05-19T13:52:48.609+0000] {logging_mixin.py:188} INFO - [2026-05-19T13:52:48.609+0000] {dag.py:3954} INFO - Setting next_dagrun for tutorial to 2026-05-18 00:00:00+00:00, run_after=2026-05-19 00:00:00+00:00
[2026-05-19T13:52:48.645+0000] {processor.py:183} INFO - Processing /home/airflow/.local/lib/python3.12/site-packages/airflow/example_dags/tutorial.py took 0.129 seconds
[2026-05-19T13:53:18.923+0000] {processor.py:161} INFO - Started process (PID=2692) to work on /home/airflow/.local/lib/python3.12/site-packages/airflow/example_dags/tutorial.py
[2026-05-19T13:53:18.924+0000] {processor.py:830} INFO - Processing file /home/airflow/.local/lib/python3.12/site-packages/airflow/example_dags/tutorial.py for tasks to queue
[2026-05-19T13:53:18.927+0000] {logging_mixin.py:188} INFO - [2026-05-19T13:53:18.927+0000] {dagbag.py:545} INFO - Filling up the DagBag from /home/airflow/.local/lib/python3.12/site-packages/airflow/example_dags/tutorial.py
[2026-05-19T13:53:18.937+0000] {processor.py:840} INFO - DAG(s) 'tutorial' retrieved from /home/airflow/.local/lib/python3.12/site-packages/airflow/example_dags/tutorial.py
[2026-05-19T13:53:18.962+0000] {logging_mixin.py:188} INFO - [2026-05-19T13:53:18.962+0000] {dag.py:3096} INFO - Sync 1 DAGs
[2026-05-19T13:53:18.987+0000] {logging_mixin.py:188} INFO - [2026-05-19T13:53:18.986+0000] {dag.py:3954} INFO - Setting next_dagrun for tutorial to 2026-05-18 00:00:00+00:00, run_after=2026-05-19 00:00:00+00:00
[2026-05-19T13:53:19.022+0000] {processor.py:183} INFO - Processing /home/airflow/.local/lib/python3.12/site-packages/airflow/example_dags/tutorial.py took 0.107 seconds
[2026-05-19T13:53:49.211+0000] {processor.py:161} INFO - Started process (PID=2751) to work on /home/airflow/.local/lib/python3.12/site-packages/airflow/example_dags/tutorial.py
[2026-05-19T13:53:49.213+0000] {processor.py:830} INFO - Processing file /home/airflow/.local/lib/python3.12/site-packages/airflow/example_dags/tutorial.py for tasks to queue
[2026-05-19T13:53:49.215+0000] {logging_mixin.py:188} INFO - [2026-05-19T13:53:49.215+0000] {dagbag.py:545} INFO - Filling up the DagBag from /home/airflow/.local/lib/python3.12/site-packages/airflow/example_dags/tutorial.py
[2026-05-19T13:53:49.225+0000] {processor.py:840} INFO - DAG(s) 'tutorial' retrieved from /home/airflow/.local/lib/python3.12/site-packages/airflow/example_dags/tutorial.py
[2026-05-19T13:53:49.254+0000] {logging_mixin.py:188} INFO - [2026-05-19T13:53:49.254+0000] {dag.py:3096} INFO - Sync 1 DAGs
[2026-05-19T13:53:49.291+0000] {logging_mixin.py:188} INFO - [2026-05-19T13:53:49.290+0000] {dag.py:3954} INFO - Setting next_dagrun for tutorial to 2026-05-18 00:00:00+00:00, run_after=2026-05-19 00:00:00+00:00
[2026-05-19T13:53:49.319+0000] {processor.py:183} INFO - Processing /home/airflow/.local/lib/python3.12/site-packages/airflow/example_dags/tutorial.py took 0.116 seconds
[2026-05-19T13:54:19.910+0000] {processor.py:161} INFO - Started process (PID=2810) to work on /home/airflow/.local/lib/python3.12/site-packages/airflow/example_dags/tutorial.py
[2026-05-19T13:54:19.912+0000] {processor.py:830} INFO - Processing file /home/airflow/.local/lib/python3.12/site-packages/airflow/example_dags/tutorial.py for tasks to queue
[2026-05-19T13:54:19.914+0000] {logging_mixin.py:188} INFO - [2026-05-19T13:54:19.913+0000] {dagbag.py:545} INFO - Filling up the DagBag from /home/airflow/.local/lib/python3.12/site-packages/airflow/example_dags/tutorial.py
[2026-05-19T13:54:19.922+0000] {processor.py:840} INFO - DAG(s) 'tutorial' retrieved from /home/airflow/.local/lib/python3.12/site-packages/airflow/example_dags/tutorial.py
[2026-05-19T13:54:19.954+0000] {logging_mixin.py:188} INFO - [2026-05-19T13:54:19.953+0000] {dag.py:3096} INFO - Sync 1 DAGs
[2026-05-19T13:54:19.988+0000] {logging_mixin.py:188} INFO - [2026-05-19T13:54:19.988+0000] {dag.py:3954} INFO - Setting next_dagrun for tutorial to 2026-05-18 00:00:00+00:00, run_after=2026-05-19 00:00:00+00:00
[2026-05-19T13:54:20.013+0000] {processor.py:183} INFO - Processing /home/airflow/.local/lib/python3.12/site-packages/airflow/example_dags/tutorial.py took 0.109 seconds
[2026-05-19T13:54:50.484+0000] {processor.py:161} INFO - Started process (PID=2869) to work on /home/airflow/.local/lib/python3.12/site-packages/airflow/example_dags/tutorial.py
[2026-05-19T13:54:50.486+0000] {processor.py:830} INFO - Processing file /home/airflow/.local/lib/python3.12/site-packages/airflow/example_dags/tutorial.py for tasks to queue
[2026-05-19T13:54:50.488+0000] {logging_mixin.py:188} INFO - [2026-05-19T13:54:50.487+0000] {dagbag.py:545} INFO - Filling up the DagBag from /home/airflow/.local/lib/python3.12/site-packages/airflow/example_dags/tutorial.py
[2026-05-19T13:54:50.497+0000] {processor.py:840} INFO - DAG(s) 'tutorial' retrieved from /home/airflow/.local/lib/python3.12/site-packages/airflow/example_dags/tutorial.py
[2026-05-19T13:54:50.528+0000] {logging_mixin.py:188} INFO - [2026-05-19T13:54:50.527+0000] {dag.py:3096} INFO - Sync 1 DAGs
[2026-05-19T13:54:50.554+0000] {logging_mixin.py:188} INFO - [2026-05-19T13:54:50.554+0000] {dag.py:3954} INFO - Setting next_dagrun for tutorial to 2026-05-18 00:00:00+00:00, run_after=2026-05-19 00:00:00+00:00
[2026-05-19T13:54:50.586+0000] {processor.py:183} INFO - Processing /home/airflow/.local/lib/python3.12/site-packages/airflow/example_dags/tutorial.py took 0.108 seconds
[2026-05-19T13:55:21.230+0000] {processor.py:161} INFO - Started process (PID=2928) to work on /home/airflow/.local/lib/python3.12/site-packages/airflow/example_dags/tutorial.py
[2026-05-19T13:55:21.232+0000] {processor.py:830} INFO - Processing file /home/airflow/.local/lib/python3.12/site-packages/airflow/example_dags/tutorial.py for tasks to queue
[2026-05-19T13:55:21.236+0000] {logging_mixin.py:188} INFO - [2026-05-19T13:55:21.236+0000] {dagbag.py:545} INFO - Filling up the DagBag from /home/airflow/.local/lib/python3.12/site-packages/airflow/example_dags/tutorial.py
[2026-05-19T13:55:21.246+0000] {processor.py:840} INFO - DAG(s) 'tutorial' retrieved from /home/airflow/.local/lib/python3.12/site-packages/airflow/example_dags/tutorial.py
[2026-05-19T13:55:21.276+0000] {logging_mixin.py:188} INFO - [2026-05-19T13:55:21.276+0000] {dag.py:3096} INFO - Sync 1 DAGs
[2026-05-19T13:55:21.318+0000] {logging_mixin.py:188} INFO - [2026-05-19T13:55:21.317+0000] {dag.py:3954} INFO - Setting next_dagrun for tutorial to 2026-05-18 00:00:00+00:00, run_after=2026-05-19 00:00:00+00:00
[2026-05-19T13:55:21.361+0000] {processor.py:183} INFO - Processing /home/airflow/.local/lib/python3.12/site-packages/airflow/example_dags/tutorial.py took 0.141 seconds
[2026-05-19T13:55:51.748+0000] {processor.py:161} INFO - Started process (PID=2987) to work on /home/airflow/.local/lib/python3.12/site-packages/airflow/example_dags/tutorial.py
[2026-05-19T13:55:51.749+0000] {processor.py:830} INFO - Processing file /home/airflow/.local/lib/python3.12/site-packages/airflow/example_dags/tutorial.py for tasks to queue
[2026-05-19T13:55:51.752+0000] {logging_mixin.py:188} INFO - [2026-05-19T13:55:51.752+0000] {dagbag.py:545} INFO - Filling up the DagBag from /home/airflow/.local/lib/python3.12/site-packages/airflow/example_dags/tutorial.py
[2026-05-19T13:55:51.759+0000] {processor.py:840} INFO - DAG(s) 'tutorial' retrieved from /home/airflow/.local/lib/python3.12/site-packages/airflow/example_dags/tutorial.py
[2026-05-19T13:55:51.793+0000] {logging_mixin.py:188} INFO - [2026-05-19T13:55:51.792+0000] {dag.py:3096} INFO - Sync 1 DAGs
[2026-05-19T13:55:51.818+0000] {logging_mixin.py:188} INFO - [2026-05-19T13:55:51.818+0000] {dag.py:3954} INFO - Setting next_dagrun for tutorial to 2026-05-18 00:00:00+00:00, run_after=2026-05-19 00:00:00+00:00
[2026-05-19T13:55:51.846+0000] {processor.py:183} INFO - Processing /home/airflow/.local/lib/python3.12/site-packages/airflow/example_dags/tutorial.py took 0.108 seconds
[2026-05-19T13:56:21.963+0000] {processor.py:161} INFO - Started process (PID=3045) to work on /home/airflow/.local/lib/python3.12/site-packages/airflow/example_dags/tutorial.py
[2026-05-19T13:56:21.966+0000] {processor.py:830} INFO - Processing file /home/airflow/.local/lib/python3.12/site-packages/airflow/example_dags/tutorial.py for tasks to queue
[2026-05-19T13:56:21.970+0000] {logging_mixin.py:188} INFO - [2026-05-19T13:56:21.969+0000] {dagbag.py:545} INFO - Filling up the DagBag from /home/airflow/.local/lib/python3.12/site-packages/airflow/example_dags/tutorial.py
[2026-05-19T13:56:21.986+0000] {processor.py:840} INFO - DAG(s) 'tutorial' retrieved from /home/airflow/.local/lib/python3.12/site-packages/airflow/example_dags/tutorial.py
[2026-05-19T13:56:22.035+0000] {logging_mixin.py:188} INFO - [2026-05-19T13:56:22.034+0000] {dag.py:3096} INFO - Sync 1 DAGs
[2026-05-19T13:56:22.075+0000] {logging_mixin.py:188} INFO - [2026-05-19T13:56:22.075+0000] {dag.py:3954} INFO - Setting next_dagrun for tutorial to 2026-05-18 00:00:00+00:00, run_after=2026-05-19 00:00:00+00:00
[2026-05-19T13:56:22.122+0000] {processor.py:183} INFO - Processing /home/airflow/.local/lib/python3.12/site-packages/airflow/example_dags/tutorial.py took 0.168 seconds
[2026-05-19T13:56:52.553+0000] {processor.py:161} INFO - Started process (PID=3104) to work on /home/airflow/.local/lib/python3.12/site-packages/airflow/example_dags/tutorial.py
[2026-05-19T13:56:52.554+0000] {processor.py:830} INFO - Processing file /home/airflow/.local/lib/python3.12/site-packages/airflow/example_dags/tutorial.py for tasks to queue
[2026-05-19T13:56:52.557+0000] {logging_mixin.py:188} INFO - [2026-05-19T13:56:52.557+0000] {dagbag.py:545} INFO - Filling up the DagBag from /home/airflow/.local/lib/python3.12/site-packages/airflow/example_dags/tutorial.py
[2026-05-19T13:56:52.565+0000] {processor.py:840} INFO - DAG(s) 'tutorial' retrieved from /home/airflow/.local/lib/python3.12/site-packages/airflow/example_dags/tutorial.py
[2026-05-19T13:56:52.608+0000] {logging_mixin.py:188} INFO - [2026-05-19T13:56:52.607+0000] {dag.py:3096} INFO - Sync 1 DAGs
[2026-05-19T13:56:52.650+0000] {logging_mixin.py:188} INFO - [2026-05-19T13:56:52.650+0000] {dag.py:3954} INFO - Setting next_dagrun for tutorial to 2026-05-18 00:00:00+00:00, run_after=2026-05-19 00:00:00+00:00
[2026-05-19T13:56:52.705+0000] {processor.py:183} INFO - Processing /home/airflow/.local/lib/python3.12/site-packages/airflow/example_dags/tutorial.py took 0.158 seconds
[2026-05-19T13:57:22.838+0000] {processor.py:161} INFO - Started process (PID=3163) to work on /home/airflow/.local/lib/python3.12/site-packages/airflow/example_dags/tutorial.py
[2026-05-19T13:57:22.840+0000] {processor.py:830} INFO - Processing file /home/airflow/.local/lib/python3.12/site-packages/airflow/example_dags/tutorial.py for tasks to queue
[2026-05-19T13:57:22.844+0000] {logging_mixin.py:188} INFO - [2026-05-19T13:57:22.843+0000] {dagbag.py:545} INFO - Filling up the DagBag from /home/airflow/.local/lib/python3.12/site-packages/airflow/example_dags/tutorial.py
[2026-05-19T13:57:22.852+0000] {processor.py:840} INFO - DAG(s) 'tutorial' retrieved from /home/airflow/.local/lib/python3.12/site-packages/airflow/example_dags/tutorial.py
[2026-05-19T13:57:22.884+0000] {logging_mixin.py:188} INFO - [2026-05-19T13:57:22.884+0000] {dag.py:3096} INFO - Sync 1 DAGs
[2026-05-19T13:57:22.916+0000] {logging_mixin.py:188} INFO - [2026-05-19T13:57:22.916+0000] {dag.py:3954} INFO - Setting next_dagrun for tutorial to 2026-05-18 00:00:00+00:00, run_after=2026-05-19 00:00:00+00:00
[2026-05-19T13:57:22.950+0000] {processor.py:183} INFO - Processing /home/airflow/.local/lib/python3.12/site-packages/airflow/example_dags/tutorial.py took 0.117 seconds
[2026-05-19T13:57:53.246+0000] {processor.py:161} INFO - Started process (PID=3222) to work on /home/airflow/.local/lib/python3.12/site-packages/airflow/example_dags/tutorial.py
[2026-05-19T13:57:53.247+0000] {processor.py:830} INFO - Processing file /home/airflow/.local/lib/python3.12/site-packages/airflow/example_dags/tutorial.py for tasks to queue
[2026-05-19T13:57:53.249+0000] {logging_mixin.py:188} INFO - [2026-05-19T13:57:53.249+0000] {dagbag.py:545} INFO - Filling up the DagBag from /home/airflow/.local/lib/python3.12/site-packages/airflow/example_dags/tutorial.py
[2026-05-19T13:57:53.256+0000] {processor.py:840} INFO - DAG(s) 'tutorial' retrieved from /home/airflow/.local/lib/python3.12/site-packages/airflow/example_dags/tutorial.py
[2026-05-19T13:57:53.293+0000] {logging_mixin.py:188} INFO - [2026-05-19T13:57:53.292+0000] {dag.py:3096} INFO - Sync 1 DAGs
[2026-05-19T13:57:53.327+0000] {logging_mixin.py:188} INFO - [2026-05-19T13:57:53.327+0000] {dag.py:3954} INFO - Setting next_dagrun for tutorial to 2026-05-18 00:00:00+00:00, run_after=2026-05-19 00:00:00+00:00
[2026-05-19T13:57:53.354+0000] {processor.py:183} INFO - Processing /home/airflow/.local/lib/python3.12/site-packages/airflow/example_dags/tutorial.py took 0.113 seconds
[2026-05-19T13:58:23.947+0000] {processor.py:161} INFO - Started process (PID=3281) to work on /home/airflow/.local/lib/python3.12/site-packages/airflow/example_dags/tutorial.py
[2026-05-19T13:58:23.948+0000] {processor.py:830} INFO - Processing file /home/airflow/.local/lib/python3.12/site-packages/airflow/example_dags/tutorial.py for tasks to queue
[2026-05-19T13:58:23.951+0000] {logging_mixin.py:188} INFO - [2026-05-19T13:58:23.950+0000] {dagbag.py:545} INFO - Filling up the DagBag from /home/airflow/.local/lib/python3.12/site-packages/airflow/example_dags/tutorial.py
[2026-05-19T13:58:23.961+0000] {processor.py:840} INFO - DAG(s) 'tutorial' retrieved from /home/airflow/.local/lib/python3.12/site-packages/airflow/example_dags/tutorial.py
[2026-05-19T13:58:23.994+0000] {logging_mixin.py:188} INFO - [2026-05-19T13:58:23.994+0000] {dag.py:3096} INFO - Sync 1 DAGs
[2026-05-19T13:58:24.027+0000] {logging_mixin.py:188} INFO - [2026-05-19T13:58:24.027+0000] {dag.py:3954} INFO - Setting next_dagrun for tutorial to 2026-05-18 00:00:00+00:00, run_after=2026-05-19 00:00:00+00:00
[2026-05-19T13:58:24.061+0000] {processor.py:183} INFO - Processing /home/airflow/.local/lib/python3.12/site-packages/airflow/example_dags/tutorial.py took 0.121 seconds
[2026-05-19T13:58:54.416+0000] {processor.py:161} INFO - Started process (PID=3340) to work on /home/airflow/.local/lib/python3.12/site-packages/airflow/example_dags/tutorial.py
[2026-05-19T13:58:54.418+0000] {processor.py:830} INFO - Processing file /home/airflow/.local/lib/python3.12/site-packages/airflow/example_dags/tutorial.py for tasks to queue
[2026-05-19T13:58:54.421+0000] {logging_mixin.py:188} INFO - [2026-05-19T13:58:54.420+0000] {dagbag.py:545} INFO - Filling up the DagBag from /home/airflow/.local/lib/python3.12/site-packages/airflow/example_dags/tutorial.py
[2026-05-19T13:58:54.428+0000] {processor.py:840} INFO - DAG(s) 'tutorial' retrieved from /home/airflow/.local/lib/python3.12/site-packages/airflow/example_dags/tutorial.py
[2026-05-19T13:58:54.464+0000] {logging_mixin.py:188} INFO - [2026-05-19T13:58:54.464+0000] {dag.py:3096} INFO - Sync 1 DAGs
[2026-05-19T13:58:54.492+0000] {logging_mixin.py:188} INFO - [2026-05-19T13:58:54.492+0000] {dag.py:3954} INFO - Setting next_dagrun for tutorial to 2026-05-18 00:00:00+00:00, run_after=2026-05-19 00:00:00+00:00
[2026-05-19T13:58:54.528+0000] {processor.py:183} INFO - Processing /home/airflow/.local/lib/python3.12/site-packages/airflow/example_dags/tutorial.py took 0.122 seconds
[2026-05-19T13:59:24.815+0000] {processor.py:161} INFO - Started process (PID=3399) to work on /home/airflow/.local/lib/python3.12/site-packages/airflow/example_dags/tutorial.py
[2026-05-19T13:59:24.816+0000] {processor.py:830} INFO - Processing file /home/airflow/.local/lib/python3.12/site-packages/airflow/example_dags/tutorial.py for tasks to queue
[2026-05-19T13:59:24.819+0000] {logging_mixin.py:188} INFO - [2026-05-19T13:59:24.818+0000] {dagbag.py:545} INFO - Filling up the DagBag from /home/airflow/.local/lib/python3.12/site-packages/airflow/example_dags/tutorial.py
[2026-05-19T13:59:24.826+0000] {processor.py:840} INFO - DAG(s) 'tutorial' retrieved from /home/airflow/.local/lib/python3.12/site-packages/airflow/example_dags/tutorial.py
[2026-05-19T13:59:24.848+0000] {logging_mixin.py:188} INFO - [2026-05-19T13:59:24.848+0000] {dag.py:3096} INFO - Sync 1 DAGs
[2026-05-19T13:59:24.879+0000] {logging_mixin.py:188} INFO - [2026-05-19T13:59:24.879+0000] {dag.py:3954} INFO - Setting next_dagrun for tutorial to 2026-05-18 00:00:00+00:00, run_after=2026-05-19 00:00:00+00:00
[2026-05-19T13:59:24.901+0000] {processor.py:183} INFO - Processing /home/airflow/.local/lib/python3.12/site-packages/airflow/example_dags/tutorial.py took 0.091 seconds
[2026-05-19T13:59:55.539+0000] {processor.py:161} INFO - Started process (PID=3459) to work on /home/airflow/.local/lib/python3.12/site-packages/airflow/example_dags/tutorial.py
[2026-05-19T13:59:55.542+0000] {processor.py:830} INFO - Processing file /home/airflow/.local/lib/python3.12/site-packages/airflow/example_dags/tutorial.py for tasks to queue
[2026-05-19T13:59:55.548+0000] {logging_mixin.py:188} INFO - [2026-05-19T13:59:55.547+0000] {dagbag.py:545} INFO - Filling up the DagBag from /home/airflow/.local/lib/python3.12/site-packages/airflow/example_dags/tutorial.py
[2026-05-19T13:59:55.572+0000] {processor.py:840} INFO - DAG(s) 'tutorial' retrieved from /home/airflow/.local/lib/python3.12/site-packages/airflow/example_dags/tutorial.py
[2026-05-19T13:59:55.635+0000] {logging_mixin.py:188} INFO - [2026-05-19T13:59:55.634+0000] {dag.py:3096} INFO - Sync 1 DAGs
[2026-05-19T13:59:55.710+0000] {logging_mixin.py:188} INFO - [2026-05-19T13:59:55.709+0000] {dag.py:3954} INFO - Setting next_dagrun for tutorial to 2026-05-18 00:00:00+00:00, run_after=2026-05-19 00:00:00+00:00
[2026-05-19T13:59:55.792+0000] {processor.py:183} INFO - Processing /home/airflow/.local/lib/python3.12/site-packages/airflow/example_dags/tutorial.py took 0.268 seconds
[2026-05-19T14:00:26.078+0000] {processor.py:161} INFO - Started process (PID=3518) to work on /home/airflow/.local/lib/python3.12/site-packages/airflow/example_dags/tutorial.py
[2026-05-19T14:00:26.079+0000] {processor.py:830} INFO - Processing file /home/airflow/.local/lib/python3.12/site-packages/airflow/example_dags/tutorial.py for tasks to queue
[2026-05-19T14:00:26.082+0000] {logging_mixin.py:188} INFO - [2026-05-19T14:00:26.082+0000] {dagbag.py:545} INFO - Filling up the DagBag from /home/airflow/.local/lib/python3.12/site-packages/airflow/example_dags/tutorial.py
[2026-05-19T14:00:26.091+0000] {processor.py:840} INFO - DAG(s) 'tutorial' retrieved from /home/airflow/.local/lib/python3.12/site-packages/airflow/example_dags/tutorial.py
[2026-05-19T14:00:26.125+0000] {logging_mixin.py:188} INFO - [2026-05-19T14:00:26.125+0000] {dag.py:3096} INFO - Sync 1 DAGs
[2026-05-19T14:00:26.164+0000] {logging_mixin.py:188} INFO - [2026-05-19T14:00:26.164+0000] {dag.py:3954} INFO - Setting next_dagrun for tutorial to 2026-05-18 00:00:00+00:00, run_after=2026-05-19 00:00:00+00:00
[2026-05-19T14:00:26.198+0000] {processor.py:183} INFO - Processing /home/airflow/.local/lib/python3.12/site-packages/airflow/example_dags/tutorial.py took 0.129 seconds
[2026-05-19T14:00:57.290+0000] {processor.py:161} INFO - Started process (PID=3578) to work on /home/airflow/.local/lib/python3.12/site-packages/airflow/example_dags/tutorial.py
[2026-05-19T14:00:57.293+0000] {processor.py:830} INFO - Processing file /home/airflow/.local/lib/python3.12/site-packages/airflow/example_dags/tutorial.py for tasks to queue
[2026-05-19T14:00:57.311+0000] {logging_mixin.py:188} INFO - [2026-05-19T14:00:57.309+0000] {dagbag.py:545} INFO - Filling up the DagBag from /home/airflow/.local/lib/python3.12/site-packages/airflow/example_dags/tutorial.py
[2026-05-19T14:00:57.406+0000] {processor.py:840} INFO - DAG(s) 'tutorial' retrieved from /home/airflow/.local/lib/python3.12/site-packages/airflow/example_dags/tutorial.py
[2026-05-19T14:00:57.513+0000] {logging_mixin.py:188} INFO - [2026-05-19T14:00:57.512+0000] {dag.py:3096} INFO - Sync 1 DAGs
[2026-05-19T14:00:57.669+0000] {logging_mixin.py:188} INFO - [2026-05-19T14:00:57.668+0000] {dag.py:3954} INFO - Setting next_dagrun for tutorial to 2026-05-18 00:00:00+00:00, run_after=2026-05-19 00:00:00+00:00
[2026-05-19T14:00:57.804+0000] {processor.py:183} INFO - Processing /home/airflow/.local/lib/python3.12/site-packages/airflow/example_dags/tutorial.py took 0.537 seconds
[2026-05-19T14:01:28.014+0000] {processor.py:161} INFO - Started process (PID=3637) to work on /home/airflow/.local/lib/python3.12/site-packages/airflow/example_dags/tutorial.py
[2026-05-19T14:01:28.016+0000] {processor.py:830} INFO - Processing file /home/airflow/.local/lib/python3.12/site-packages/airflow/example_dags/tutorial.py for tasks to queue
[2026-05-19T14:01:28.018+0000] {logging_mixin.py:188} INFO - [2026-05-19T14:01:28.017+0000] {dagbag.py:545} INFO - Filling up the DagBag from /home/airflow/.local/lib/python3.12/site-packages/airflow/example_dags/tutorial.py
[2026-05-19T14:01:28.027+0000] {processor.py:840} INFO - DAG(s) 'tutorial' retrieved from /home/airflow/.local/lib/python3.12/site-packages/airflow/example_dags/tutorial.py
[2026-05-19T14:01:28.055+0000] {logging_mixin.py:188} INFO - [2026-05-19T14:01:28.054+0000] {dag.py:3096} INFO - Sync 1 DAGs
[2026-05-19T14:01:28.080+0000] {logging_mixin.py:188} INFO - [2026-05-19T14:01:28.080+0000] {dag.py:3954} INFO - Setting next_dagrun for tutorial to 2026-05-18 00:00:00+00:00, run_after=2026-05-19 00:00:00+00:00
[2026-05-19T14:01:28.113+0000] {processor.py:183} INFO - Processing /home/airflow/.local/lib/python3.12/site-packages/airflow/example_dags/tutorial.py took 0.104 seconds
[2026-05-19T14:01:58.839+0000] {processor.py:161} INFO - Started process (PID=3696) to work on /home/airflow/.local/lib/python3.12/site-packages/airflow/example_dags/tutorial.py
[2026-05-19T14:01:58.842+0000] {processor.py:830} INFO - Processing file /home/airflow/.local/lib/python3.12/site-packages/airflow/example_dags/tutorial.py for tasks to queue
[2026-05-19T14:01:58.850+0000] {logging_mixin.py:188} INFO - [2026-05-19T14:01:58.849+0000] {dagbag.py:545} INFO - Filling up the DagBag from /home/airflow/.local/lib/python3.12/site-packages/airflow/example_dags/tutorial.py
[2026-05-19T14:01:58.864+0000] {processor.py:840} INFO - DAG(s) 'tutorial' retrieved from /home/airflow/.local/lib/python3.12/site-packages/airflow/example_dags/tutorial.py
[2026-05-19T14:01:58.920+0000] {logging_mixin.py:188} INFO - [2026-05-19T14:01:58.919+0000] {dag.py:3096} INFO - Sync 1 DAGs
[2026-05-19T14:01:58.976+0000] {logging_mixin.py:188} INFO - [2026-05-19T14:01:58.975+0000] {dag.py:3954} INFO - Setting next_dagrun for tutorial to 2026-05-18 00:00:00+00:00, run_after=2026-05-19 00:00:00+00:00
[2026-05-19T14:01:59.037+0000] {processor.py:183} INFO - Processing /home/airflow/.local/lib/python3.12/site-packages/airflow/example_dags/tutorial.py took 0.219 seconds
[2026-05-19T14:02:29.904+0000] {processor.py:161} INFO - Started process (PID=3755) to work on /home/airflow/.local/lib/python3.12/site-packages/airflow/example_dags/tutorial.py
[2026-05-19T14:02:29.906+0000] {processor.py:830} INFO - Processing file /home/airflow/.local/lib/python3.12/site-packages/airflow/example_dags/tutorial.py for tasks to queue
[2026-05-19T14:02:29.908+0000] {logging_mixin.py:188} INFO - [2026-05-19T14:02:29.908+0000] {dagbag.py:545} INFO - Filling up the DagBag from /home/airflow/.local/lib/python3.12/site-packages/airflow/example_dags/tutorial.py
[2026-05-19T14:02:29.914+0000] {processor.py:840} INFO - DAG(s) 'tutorial' retrieved from /home/airflow/.local/lib/python3.12/site-packages/airflow/example_dags/tutorial.py
[2026-05-19T14:02:29.942+0000] {logging_mixin.py:188} INFO - [2026-05-19T14:02:29.942+0000] {dag.py:3096} INFO - Sync 1 DAGs
[2026-05-19T14:02:29.960+0000] {logging_mixin.py:188} INFO - [2026-05-19T14:02:29.959+0000] {dag.py:3954} INFO - Setting next_dagrun for tutorial to 2026-05-18 00:00:00+00:00, run_after=2026-05-19 00:00:00+00:00
[2026-05-19T14:02:29.980+0000] {processor.py:183} INFO - Processing /home/airflow/.local/lib/python3.12/site-packages/airflow/example_dags/tutorial.py took 0.082 seconds
[2026-05-19T14:03:00.236+0000] {processor.py:161} INFO - Started process (PID=3814) to work on /home/airflow/.local/lib/python3.12/site-packages/airflow/example_dags/tutorial.py
[2026-05-19T14:03:00.237+0000] {processor.py:830} INFO - Processing file /home/airflow/.local/lib/python3.12/site-packages/airflow/example_dags/tutorial.py for tasks to queue
[2026-05-19T14:03:00.240+0000] {logging_mixin.py:188} INFO - [2026-05-19T14:03:00.240+0000] {dagbag.py:545} INFO - Filling up the DagBag from /home/airflow/.local/lib/python3.12/site-packages/airflow/example_dags/tutorial.py
[2026-05-19T14:03:00.248+0000] {processor.py:840} INFO - DAG(s) 'tutorial' retrieved from /home/airflow/.local/lib/python3.12/site-packages/airflow/example_dags/tutorial.py
[2026-05-19T14:03:00.278+0000] {logging_mixin.py:188} INFO - [2026-05-19T14:03:00.278+0000] {dag.py:3096} INFO - Sync 1 DAGs
[2026-05-19T14:03:00.308+0000] {logging_mixin.py:188} INFO - [2026-05-19T14:03:00.308+0000] {dag.py:3954} INFO - Setting next_dagrun for tutorial to 2026-05-18 00:00:00+00:00, run_after=2026-05-19 00:00:00+00:00
[2026-05-19T14:03:00.342+0000] {processor.py:183} INFO - Processing /home/airflow/.local/lib/python3.12/site-packages/airflow/example_dags/tutorial.py took 0.115 seconds
[2026-05-19T14:03:31.075+0000] {processor.py:161} INFO - Started process (PID=3873) to work on /home/airflow/.local/lib/python3.12/site-packages/airflow/example_dags/tutorial.py
[2026-05-19T14:03:31.077+0000] {processor.py:830} INFO - Processing file /home/airflow/.local/lib/python3.12/site-packages/airflow/example_dags/tutorial.py for tasks to queue
[2026-05-19T14:03:31.081+0000] {logging_mixin.py:188} INFO - [2026-05-19T14:03:31.080+0000] {dagbag.py:545} INFO - Filling up the DagBag from /home/airflow/.local/lib/python3.12/site-packages/airflow/example_dags/tutorial.py
[2026-05-19T14:03:31.093+0000] {processor.py:840} INFO - DAG(s) 'tutorial' retrieved from /home/airflow/.local/lib/python3.12/site-packages/airflow/example_dags/tutorial.py
[2026-05-19T14:03:31.124+0000] {logging_mixin.py:188} INFO - [2026-05-19T14:03:31.123+0000] {dag.py:3096} INFO - Sync 1 DAGs
[2026-05-19T14:03:31.158+0000] {logging_mixin.py:188} INFO - [2026-05-19T14:03:31.157+0000] {dag.py:3954} INFO - Setting next_dagrun for tutorial to 2026-05-18 00:00:00+00:00, run_after=2026-05-19 00:00:00+00:00
[2026-05-19T14:03:31.193+0000] {processor.py:183} INFO - Processing /home/airflow/.local/lib/python3.12/site-packages/airflow/example_dags/tutorial.py took 0.122 seconds
[2026-05-19T14:04:01.465+0000] {processor.py:161} INFO - Started process (PID=3932) to work on /home/airflow/.local/lib/python3.12/site-packages/airflow/example_dags/tutorial.py
[2026-05-19T14:04:01.466+0000] {processor.py:830} INFO - Processing file /home/airflow/.local/lib/python3.12/site-packages/airflow/example_dags/tutorial.py for tasks to queue
[2026-05-19T14:04:01.469+0000] {logging_mixin.py:188} INFO - [2026-05-19T14:04:01.468+0000] {dagbag.py:545} INFO - Filling up the DagBag from /home/airflow/.local/lib/python3.12/site-packages/airflow/example_dags/tutorial.py
[2026-05-19T14:04:01.476+0000] {processor.py:840} INFO - DAG(s) 'tutorial' retrieved from /home/airflow/.local/lib/python3.12/site-packages/airflow/example_dags/tutorial.py
[2026-05-19T14:04:01.505+0000] {logging_mixin.py:188} INFO - [2026-05-19T14:04:01.504+0000] {dag.py:3096} INFO - Sync 1 DAGs
[2026-05-19T14:04:01.533+0000] {logging_mixin.py:188} INFO - [2026-05-19T14:04:01.533+0000] {dag.py:3954} INFO - Setting next_dagrun for tutorial to 2026-05-18 00:00:00+00:00, run_after=2026-05-19 00:00:00+00:00
[2026-05-19T14:04:01.559+0000] {processor.py:183} INFO - Processing /home/airflow/.local/lib/python3.12/site-packages/airflow/example_dags/tutorial.py took 0.098 seconds
[2026-05-19T14:04:31.784+0000] {processor.py:161} INFO - Started process (PID=3991) to work on /home/airflow/.local/lib/python3.12/site-packages/airflow/example_dags/tutorial.py
[2026-05-19T14:04:31.787+0000] {processor.py:830} INFO - Processing file /home/airflow/.local/lib/python3.12/site-packages/airflow/example_dags/tutorial.py for tasks to queue
[2026-05-19T14:04:31.791+0000] {logging_mixin.py:188} INFO - [2026-05-19T14:04:31.791+0000] {dagbag.py:545} INFO - Filling up the DagBag from /home/airflow/.local/lib/python3.12/site-packages/airflow/example_dags/tutorial.py
[2026-05-19T14:04:31.802+0000] {processor.py:840} INFO - DAG(s) 'tutorial' retrieved from /home/airflow/.local/lib/python3.12/site-packages/airflow/example_dags/tutorial.py
[2026-05-19T14:04:31.846+0000] {logging_mixin.py:188} INFO - [2026-05-19T14:04:31.846+0000] {dag.py:3096} INFO - Sync 1 DAGs
[2026-05-19T14:04:31.885+0000] {logging_mixin.py:188} INFO - [2026-05-19T14:04:31.885+0000] {dag.py:3954} INFO - Setting next_dagrun for tutorial to 2026-05-18 00:00:00+00:00, run_after=2026-05-19 00:00:00+00:00
[2026-05-19T14:04:31.936+0000] {processor.py:183} INFO - Processing /home/airflow/.local/lib/python3.12/site-packages/airflow/example_dags/tutorial.py took 0.164 seconds
[2026-05-19T14:05:02.343+0000] {processor.py:161} INFO - Started process (PID=4050) to work on /home/airflow/.local/lib/python3.12/site-packages/airflow/example_dags/tutorial.py
[2026-05-19T14:05:02.344+0000] {processor.py:830} INFO - Processing file /home/airflow/.local/lib/python3.12/site-packages/airflow/example_dags/tutorial.py for tasks to queue
[2026-05-19T14:05:02.346+0000] {logging_mixin.py:188} INFO - [2026-05-19T14:05:02.346+0000] {dagbag.py:545} INFO - Filling up the DagBag from /home/airflow/.local/lib/python3.12/site-packages/airflow/example_dags/tutorial.py
[2026-05-19T14:05:02.353+0000] {processor.py:840} INFO - DAG(s) 'tutorial' retrieved from /home/airflow/.local/lib/python3.12/site-packages/airflow/example_dags/tutorial.py
[2026-05-19T14:05:02.378+0000] {logging_mixin.py:188} INFO - [2026-05-19T14:05:02.377+0000] {dag.py:3096} INFO - Sync 1 DAGs
[2026-05-19T14:05:02.420+0000] {logging_mixin.py:188} INFO - [2026-05-19T14:05:02.420+0000] {dag.py:3954} INFO - Setting next_dagrun for tutorial to 2026-05-18 00:00:00+00:00, run_after=2026-05-19 00:00:00+00:00
[2026-05-19T14:05:02.452+0000] {processor.py:183} INFO - Processing /home/airflow/.local/lib/python3.12/site-packages/airflow/example_dags/tutorial.py took 0.115 seconds
[2026-05-19T14:05:33.272+0000] {processor.py:161} INFO - Started process (PID=4109) to work on /home/airflow/.local/lib/python3.12/site-packages/airflow/example_dags/tutorial.py
[2026-05-19T14:05:33.273+0000] {processor.py:830} INFO - Processing file /home/airflow/.local/lib/python3.12/site-packages/airflow/example_dags/tutorial.py for tasks to queue
[2026-05-19T14:05:33.276+0000] {logging_mixin.py:188} INFO - [2026-05-19T14:05:33.275+0000] {dagbag.py:545} INFO - Filling up the DagBag from /home/airflow/.local/lib/python3.12/site-packages/airflow/example_dags/tutorial.py
[2026-05-19T14:05:33.284+0000] {processor.py:840} INFO - DAG(s) 'tutorial' retrieved from /home/airflow/.local/lib/python3.12/site-packages/airflow/example_dags/tutorial.py
[2026-05-19T14:05:33.311+0000] {logging_mixin.py:188} INFO - [2026-05-19T14:05:33.310+0000] {dag.py:3096} INFO - Sync 1 DAGs
[2026-05-19T14:05:33.341+0000] {logging_mixin.py:188} INFO - [2026-05-19T14:05:33.341+0000] {dag.py:3954} INFO - Setting next_dagrun for tutorial to 2026-05-18 00:00:00+00:00, run_after=2026-05-19 00:00:00+00:00
[2026-05-19T14:05:33.367+0000] {processor.py:183} INFO - Processing /home/airflow/.local/lib/python3.12/site-packages/airflow/example_dags/tutorial.py took 0.100 seconds
[2026-05-19T14:06:03.758+0000] {processor.py:161} INFO - Started process (PID=4169) to work on /home/airflow/.local/lib/python3.12/site-packages/airflow/example_dags/tutorial.py
[2026-05-19T14:06:03.760+0000] {processor.py:830} INFO - Processing file /home/airflow/.local/lib/python3.12/site-packages/airflow/example_dags/tutorial.py for tasks to queue
[2026-05-19T14:06:03.762+0000] {logging_mixin.py:188} INFO - [2026-05-19T14:06:03.762+0000] {dagbag.py:545} INFO - Filling up the DagBag from /home/airflow/.local/lib/python3.12/site-packages/airflow/example_dags/tutorial.py
[2026-05-19T14:06:03.768+0000] {processor.py:840} INFO - DAG(s) 'tutorial' retrieved from /home/airflow/.local/lib/python3.12/site-packages/airflow/example_dags/tutorial.py
[2026-05-19T14:06:03.794+0000] {logging_mixin.py:188} INFO - [2026-05-19T14:06:03.794+0000] {dag.py:3096} INFO - Sync 1 DAGs
[2026-05-19T14:06:03.820+0000] {logging_mixin.py:188} INFO - [2026-05-19T14:06:03.819+0000] {dag.py:3954} INFO - Setting next_dagrun for tutorial to 2026-05-18 00:00:00+00:00, run_after=2026-05-19 00:00:00+00:00
[2026-05-19T14:06:03.849+0000] {processor.py:183} INFO - Processing /home/airflow/.local/lib/python3.12/site-packages/airflow/example_dags/tutorial.py took 0.098 seconds
[2026-05-19T14:06:34.667+0000] {processor.py:161} INFO - Started process (PID=4228) to work on /home/airflow/.local/lib/python3.12/site-packages/airflow/example_dags/tutorial.py
[2026-05-19T14:06:34.668+0000] {processor.py:830} INFO - Processing file /home/airflow/.local/lib/python3.12/site-packages/airflow/example_dags/tutorial.py for tasks to queue
[2026-05-19T14:06:34.671+0000] {logging_mixin.py:188} INFO - [2026-05-19T14:06:34.670+0000] {dagbag.py:545} INFO - Filling up the DagBag from /home/airflow/.local/lib/python3.12/site-packages/airflow/example_dags/tutorial.py
[2026-05-19T14:06:34.682+0000] {processor.py:840} INFO - DAG(s) 'tutorial' retrieved from /home/airflow/.local/lib/python3.12/site-packages/airflow/example_dags/tutorial.py
[2026-05-19T14:06:34.725+0000] {logging_mixin.py:188} INFO - [2026-05-19T14:06:34.724+0000] {dag.py:3096} INFO - Sync 1 DAGs
[2026-05-19T14:06:34.763+0000] {logging_mixin.py:188} INFO - [2026-05-19T14:06:34.763+0000] {dag.py:3954} INFO - Setting next_dagrun for tutorial to 2026-05-18 00:00:00+00:00, run_after=2026-05-19 00:00:00+00:00
[2026-05-19T14:06:34.796+0000] {processor.py:183} INFO - Processing /home/airflow/.local/lib/python3.12/site-packages/airflow/example_dags/tutorial.py took 0.139 seconds
[2026-05-19T14:07:05.201+0000] {processor.py:161} INFO - Started process (PID=4287) to work on /home/airflow/.local/lib/python3.12/site-packages/airflow/example_dags/tutorial.py
[2026-05-19T14:07:05.203+0000] {processor.py:830} INFO - Processing file /home/airflow/.local/lib/python3.12/site-packages/airflow/example_dags/tutorial.py for tasks to queue
[2026-05-19T14:07:05.205+0000] {logging_mixin.py:188} INFO - [2026-05-19T14:07:05.205+0000] {dagbag.py:545} INFO - Filling up the DagBag from /home/airflow/.local/lib/python3.12/site-packages/airflow/example_dags/tutorial.py
[2026-05-19T14:07:05.211+0000] {processor.py:840} INFO - DAG(s) 'tutorial' retrieved from /home/airflow/.local/lib/python3.12/site-packages/airflow/example_dags/tutorial.py
[2026-05-19T14:07:05.237+0000] {logging_mixin.py:188} INFO - [2026-05-19T14:07:05.236+0000] {dag.py:3096} INFO - Sync 1 DAGs
[2026-05-19T14:07:05.264+0000] {logging_mixin.py:188} INFO - [2026-05-19T14:07:05.264+0000] {dag.py:3954} INFO - Setting next_dagrun for tutorial to 2026-05-18 00:00:00+00:00, run_after=2026-05-19 00:00:00+00:00
[2026-05-19T14:07:05.285+0000] {processor.py:183} INFO - Processing /home/airflow/.local/lib/python3.12/site-packages/airflow/example_dags/tutorial.py took 0.090 seconds
[2026-05-19T14:07:35.601+0000] {processor.py:161} INFO - Started process (PID=4346) to work on /home/airflow/.local/lib/python3.12/site-packages/airflow/example_dags/tutorial.py
[2026-05-19T14:07:35.604+0000] {processor.py:830} INFO - Processing file /home/airflow/.local/lib/python3.12/site-packages/airflow/example_dags/tutorial.py for tasks to queue
[2026-05-19T14:07:35.612+0000] {logging_mixin.py:188} INFO - [2026-05-19T14:07:35.610+0000] {dagbag.py:545} INFO - Filling up the DagBag from /home/airflow/.local/lib/python3.12/site-packages/airflow/example_dags/tutorial.py
[2026-05-19T14:07:35.626+0000] {processor.py:840} INFO - DAG(s) 'tutorial' retrieved from /home/airflow/.local/lib/python3.12/site-packages/airflow/example_dags/tutorial.py
[2026-05-19T14:07:35.699+0000] {logging_mixin.py:188} INFO - [2026-05-19T14:07:35.698+0000] {dag.py:3096} INFO - Sync 1 DAGs
[2026-05-19T14:07:35.765+0000] {logging_mixin.py:188} INFO - [2026-05-19T14:07:35.765+0000] {dag.py:3954} INFO - Setting next_dagrun for tutorial to 2026-05-18 00:00:00+00:00, run_after=2026-05-19 00:00:00+00:00
[2026-05-19T14:07:35.823+0000] {processor.py:183} INFO - Processing /home/airflow/.local/lib/python3.12/site-packages/airflow/example_dags/tutorial.py took 0.246 seconds
[2026-05-19T14:08:06.622+0000] {processor.py:161} INFO - Started process (PID=4405) to work on /home/airflow/.local/lib/python3.12/site-packages/airflow/example_dags/tutorial.py
[2026-05-19T14:08:06.623+0000] {processor.py:830} INFO - Processing file /home/airflow/.local/lib/python3.12/site-packages/airflow/example_dags/tutorial.py for tasks to queue
[2026-05-19T14:08:06.625+0000] {logging_mixin.py:188} INFO - [2026-05-19T14:08:06.625+0000] {dagbag.py:545} INFO - Filling up the DagBag from /home/airflow/.local/lib/python3.12/site-packages/airflow/example_dags/tutorial.py
[2026-05-19T14:08:06.632+0000] {processor.py:840} INFO - DAG(s) 'tutorial' retrieved from /home/airflow/.local/lib/python3.12/site-packages/airflow/example_dags/tutorial.py
[2026-05-19T14:08:06.655+0000] {logging_mixin.py:188} INFO - [2026-05-19T14:08:06.655+0000] {dag.py:3096} INFO - Sync 1 DAGs
[2026-05-19T14:08:06.692+0000] {logging_mixin.py:188} INFO - [2026-05-19T14:08:06.692+0000] {dag.py:3954} INFO - Setting next_dagrun for tutorial to 2026-05-18 00:00:00+00:00, run_after=2026-05-19 00:00:00+00:00
[2026-05-19T14:08:06.730+0000] {processor.py:183} INFO - Processing /home/airflow/.local/lib/python3.12/site-packages/airflow/example_dags/tutorial.py took 0.115 seconds
[2026-05-19T14:08:37.089+0000] {processor.py:161} INFO - Started process (PID=4464) to work on /home/airflow/.local/lib/python3.12/site-packages/airflow/example_dags/tutorial.py
[2026-05-19T14:08:37.090+0000] {processor.py:830} INFO - Processing file /home/airflow/.local/lib/python3.12/site-packages/airflow/example_dags/tutorial.py for tasks to queue
[2026-05-19T14:08:37.092+0000] {logging_mixin.py:188} INFO - [2026-05-19T14:08:37.092+0000] {dagbag.py:545} INFO - Filling up the DagBag from /home/airflow/.local/lib/python3.12/site-packages/airflow/example_dags/tutorial.py
[2026-05-19T14:08:37.097+0000] {processor.py:840} INFO - DAG(s) 'tutorial' retrieved from /home/airflow/.local/lib/python3.12/site-packages/airflow/example_dags/tutorial.py
[2026-05-19T14:08:37.116+0000] {logging_mixin.py:188} INFO - [2026-05-19T14:08:37.116+0000] {dag.py:3096} INFO - Sync 1 DAGs
[2026-05-19T14:08:37.136+0000] {logging_mixin.py:188} INFO - [2026-05-19T14:08:37.136+0000] {dag.py:3954} INFO - Setting next_dagrun for tutorial to 2026-05-18 00:00:00+00:00, run_after=2026-05-19 00:00:00+00:00
[2026-05-19T14:08:37.160+0000] {processor.py:183} INFO - Processing /home/airflow/.local/lib/python3.12/site-packages/airflow/example_dags/tutorial.py took 0.077 seconds
[2026-05-19T14:09:07.455+0000] {processor.py:161} INFO - Started process (PID=4523) to work on /home/airflow/.local/lib/python3.12/site-packages/airflow/example_dags/tutorial.py
[2026-05-19T14:09:07.456+0000] {processor.py:830} INFO - Processing file /home/airflow/.local/lib/python3.12/site-packages/airflow/example_dags/tutorial.py for tasks to queue
[2026-05-19T14:09:07.458+0000] {logging_mixin.py:188} INFO - [2026-05-19T14:09:07.458+0000] {dagbag.py:545} INFO - Filling up the DagBag from /home/airflow/.local/lib/python3.12/site-packages/airflow/example_dags/tutorial.py
[2026-05-19T14:09:07.465+0000] {processor.py:840} INFO - DAG(s) 'tutorial' retrieved from /home/airflow/.local/lib/python3.12/site-packages/airflow/example_dags/tutorial.py
[2026-05-19T14:09:07.496+0000] {logging_mixin.py:188} INFO - [2026-05-19T14:09:07.496+0000] {dag.py:3096} INFO - Sync 1 DAGs
[2026-05-19T14:09:07.517+0000] {logging_mixin.py:188} INFO - [2026-05-19T14:09:07.517+0000] {dag.py:3954} INFO - Setting next_dagrun for tutorial to 2026-05-18 00:00:00+00:00, run_after=2026-05-19 00:00:00+00:00
[2026-05-19T14:09:07.542+0000] {processor.py:183} INFO - Processing /home/airflow/.local/lib/python3.12/site-packages/airflow/example_dags/tutorial.py took 0.096 seconds
[2026-05-19T14:09:37.620+0000] {processor.py:161} INFO - Started process (PID=4583) to work on /home/airflow/.local/lib/python3.12/site-packages/airflow/example_dags/tutorial.py
[2026-05-19T14:09:37.622+0000] {processor.py:830} INFO - Processing file /home/airflow/.local/lib/python3.12/site-packages/airflow/example_dags/tutorial.py for tasks to queue
[2026-05-19T14:09:37.626+0000] {logging_mixin.py:188} INFO - [2026-05-19T14:09:37.625+0000] {dagbag.py:545} INFO - Filling up the DagBag from /home/airflow/.local/lib/python3.12/site-packages/airflow/example_dags/tutorial.py
[2026-05-19T14:09:37.632+0000] {processor.py:840} INFO - DAG(s) 'tutorial' retrieved from /home/airflow/.local/lib/python3.12/site-packages/airflow/example_dags/tutorial.py
[2026-05-19T14:09:37.653+0000] {logging_mixin.py:188} INFO - [2026-05-19T14:09:37.653+0000] {dag.py:3096} INFO - Sync 1 DAGs
[2026-05-19T14:09:37.676+0000] {logging_mixin.py:188} INFO - [2026-05-19T14:09:37.675+0000] {dag.py:3954} INFO - Setting next_dagrun for tutorial to 2026-05-18 00:00:00+00:00, run_after=2026-05-19 00:00:00+00:00
[2026-05-19T14:09:37.700+0000] {processor.py:183} INFO - Processing /home/airflow/.local/lib/python3.12/site-packages/airflow/example_dags/tutorial.py took 0.088 seconds
[2026-05-19T14:10:07.798+0000] {processor.py:161} INFO - Started process (PID=4642) to work on /home/airflow/.local/lib/python3.12/site-packages/airflow/example_dags/tutorial.py
[2026-05-19T14:10:07.800+0000] {processor.py:830} INFO - Processing file /home/airflow/.local/lib/python3.12/site-packages/airflow/example_dags/tutorial.py for tasks to queue
[2026-05-19T14:10:07.802+0000] {logging_mixin.py:188} INFO - [2026-05-19T14:10:07.802+0000] {dagbag.py:545} INFO - Filling up the DagBag from /home/airflow/.local/lib/python3.12/site-packages/airflow/example_dags/tutorial.py
[2026-05-19T14:10:07.807+0000] {processor.py:840} INFO - DAG(s) 'tutorial' retrieved from /home/airflow/.local/lib/python3.12/site-packages/airflow/example_dags/tutorial.py
[2026-05-19T14:10:07.829+0000] {logging_mixin.py:188} INFO - [2026-05-19T14:10:07.829+0000] {dag.py:3096} INFO - Sync 1 DAGs
[2026-05-19T14:10:07.854+0000] {logging_mixin.py:188} INFO - [2026-05-19T14:10:07.854+0000] {dag.py:3954} INFO - Setting next_dagrun for tutorial to 2026-05-18 00:00:00+00:00, run_after=2026-05-19 00:00:00+00:00
[2026-05-19T14:10:07.873+0000] {processor.py:183} INFO - Processing /home/airflow/.local/lib/python3.12/site-packages/airflow/example_dags/tutorial.py took 0.081 seconds
[2026-05-19T14:10:38.034+0000] {processor.py:161} INFO - Started process (PID=4701) to work on /home/airflow/.local/lib/python3.12/site-packages/airflow/example_dags/tutorial.py
[2026-05-19T14:10:38.035+0000] {processor.py:830} INFO - Processing file /home/airflow/.local/lib/python3.12/site-packages/airflow/example_dags/tutorial.py for tasks to queue
[2026-05-19T14:10:38.037+0000] {logging_mixin.py:188} INFO - [2026-05-19T14:10:38.037+0000] {dagbag.py:545} INFO - Filling up the DagBag from /home/airflow/.local/lib/python3.12/site-packages/airflow/example_dags/tutorial.py
[2026-05-19T14:10:38.042+0000] {processor.py:840} INFO - DAG(s) 'tutorial' retrieved from /home/airflow/.local/lib/python3.12/site-packages/airflow/example_dags/tutorial.py
[2026-05-19T14:10:38.070+0000] {logging_mixin.py:188} INFO - [2026-05-19T14:10:38.070+0000] {dag.py:3096} INFO - Sync 1 DAGs
[2026-05-19T14:10:38.090+0000] {logging_mixin.py:188} INFO - [2026-05-19T14:10:38.089+0000] {dag.py:3954} INFO - Setting next_dagrun for tutorial to 2026-05-18 00:00:00+00:00, run_after=2026-05-19 00:00:00+00:00
[2026-05-19T14:10:38.106+0000] {processor.py:183} INFO - Processing /home/airflow/.local/lib/python3.12/site-packages/airflow/example_dags/tutorial.py took 0.077 seconds
[2026-05-19T14:11:08.319+0000] {processor.py:161} INFO - Started process (PID=4760) to work on /home/airflow/.local/lib/python3.12/site-packages/airflow/example_dags/tutorial.py
[2026-05-19T14:11:08.320+0000] {processor.py:830} INFO - Processing file /home/airflow/.local/lib/python3.12/site-packages/airflow/example_dags/tutorial.py for tasks to queue
[2026-05-19T14:11:08.323+0000] {logging_mixin.py:188} INFO - [2026-05-19T14:11:08.323+0000] {dagbag.py:545} INFO - Filling up the DagBag from /home/airflow/.local/lib/python3.12/site-packages/airflow/example_dags/tutorial.py
[2026-05-19T14:11:08.332+0000] {processor.py:840} INFO - DAG(s) 'tutorial' retrieved from /home/airflow/.local/lib/python3.12/site-packages/airflow/example_dags/tutorial.py
[2026-05-19T14:11:08.358+0000] {logging_mixin.py:188} INFO - [2026-05-19T14:11:08.358+0000] {dag.py:3096} INFO - Sync 1 DAGs
[2026-05-19T14:11:08.379+0000] {logging_mixin.py:188} INFO - [2026-05-19T14:11:08.379+0000] {dag.py:3954} INFO - Setting next_dagrun for tutorial to 2026-05-18 00:00:00+00:00, run_after=2026-05-19 00:00:00+00:00
[2026-05-19T14:11:08.403+0000] {processor.py:183} INFO - Processing /home/airflow/.local/lib/python3.12/site-packages/airflow/example_dags/tutorial.py took 0.091 seconds
[2026-05-19T14:11:38.833+0000] {processor.py:161} INFO - Started process (PID=4819) to work on /home/airflow/.local/lib/python3.12/site-packages/airflow/example_dags/tutorial.py
[2026-05-19T14:11:38.834+0000] {processor.py:830} INFO - Processing file /home/airflow/.local/lib/python3.12/site-packages/airflow/example_dags/tutorial.py for tasks to queue
[2026-05-19T14:11:38.836+0000] {logging_mixin.py:188} INFO - [2026-05-19T14:11:38.836+0000] {dagbag.py:545} INFO - Filling up the DagBag from /home/airflow/.local/lib/python3.12/site-packages/airflow/example_dags/tutorial.py
[2026-05-19T14:11:38.843+0000] {processor.py:840} INFO - DAG(s) 'tutorial' retrieved from /home/airflow/.local/lib/python3.12/site-packages/airflow/example_dags/tutorial.py
[2026-05-19T14:11:38.872+0000] {logging_mixin.py:188} INFO - [2026-05-19T14:11:38.872+0000] {dag.py:3096} INFO - Sync 1 DAGs
[2026-05-19T14:11:38.898+0000] {logging_mixin.py:188} INFO - [2026-05-19T14:11:38.898+0000] {dag.py:3954} INFO - Setting next_dagrun for tutorial to 2026-05-18 00:00:00+00:00, run_after=2026-05-19 00:00:00+00:00
[2026-05-19T14:11:38.926+0000] {processor.py:183} INFO - Processing /home/airflow/.local/lib/python3.12/site-packages/airflow/example_dags/tutorial.py took 0.099 seconds
[2026-05-19T14:12:09.260+0000] {processor.py:161} INFO - Started process (PID=4876) to work on /home/airflow/.local/lib/python3.12/site-packages/airflow/example_dags/tutorial.py
[2026-05-19T14:12:09.262+0000] {processor.py:830} INFO - Processing file /home/airflow/.local/lib/python3.12/site-packages/airflow/example_dags/tutorial.py for tasks to queue
[2026-05-19T14:12:09.264+0000] {logging_mixin.py:188} INFO - [2026-05-19T14:12:09.263+0000] {dagbag.py:545} INFO - Filling up the DagBag from /home/airflow/.local/lib/python3.12/site-packages/airflow/example_dags/tutorial.py
[2026-05-19T14:12:09.269+0000] {processor.py:840} INFO - DAG(s) 'tutorial' retrieved from /home/airflow/.local/lib/python3.12/site-packages/airflow/example_dags/tutorial.py
[2026-05-19T14:12:09.294+0000] {logging_mixin.py:188} INFO - [2026-05-19T14:12:09.294+0000] {dag.py:3096} INFO - Sync 1 DAGs
[2026-05-19T14:12:09.320+0000] {logging_mixin.py:188} INFO - [2026-05-19T14:12:09.319+0000] {dag.py:3954} INFO - Setting next_dagrun for tutorial to 2026-05-18 00:00:00+00:00, run_after=2026-05-19 00:00:00+00:00
[2026-05-19T14:12:09.341+0000] {processor.py:183} INFO - Processing /home/airflow/.local/lib/python3.12/site-packages/airflow/example_dags/tutorial.py took 0.087 seconds
[2026-05-19T14:12:39.770+0000] {processor.py:161} INFO - Started process (PID=4935) to work on /home/airflow/.local/lib/python3.12/site-packages/airflow/example_dags/tutorial.py
[2026-05-19T14:12:39.771+0000] {processor.py:830} INFO - Processing file /home/airflow/.local/lib/python3.12/site-packages/airflow/example_dags/tutorial.py for tasks to queue
[2026-05-19T14:12:39.775+0000] {logging_mixin.py:188} INFO - [2026-05-19T14:12:39.774+0000] {dagbag.py:545} INFO - Filling up the DagBag from /home/airflow/.local/lib/python3.12/site-packages/airflow/example_dags/tutorial.py
[2026-05-19T14:12:39.785+0000] {processor.py:840} INFO - DAG(s) 'tutorial' retrieved from /home/airflow/.local/lib/python3.12/site-packages/airflow/example_dags/tutorial.py
[2026-05-19T14:12:39.814+0000] {logging_mixin.py:188} INFO - [2026-05-19T14:12:39.814+0000] {dag.py:3096} INFO - Sync 1 DAGs
[2026-05-19T14:12:39.849+0000] {logging_mixin.py:188} INFO - [2026-05-19T14:12:39.849+0000] {dag.py:3954} INFO - Setting next_dagrun for tutorial to 2026-05-18 00:00:00+00:00, run_after=2026-05-19 00:00:00+00:00
[2026-05-19T14:12:39.878+0000] {processor.py:183} INFO - Processing /home/airflow/.local/lib/python3.12/site-packages/airflow/example_dags/tutorial.py took 0.120 seconds
[2026-05-19T14:13:10.867+0000] {processor.py:161} INFO - Started process (PID=4994) to work on /home/airflow/.local/lib/python3.12/site-packages/airflow/example_dags/tutorial.py
[2026-05-19T14:13:10.869+0000] {processor.py:830} INFO - Processing file /home/airflow/.local/lib/python3.12/site-packages/airflow/example_dags/tutorial.py for tasks to queue
[2026-05-19T14:13:10.873+0000] {logging_mixin.py:188} INFO - [2026-05-19T14:13:10.872+0000] {dagbag.py:545} INFO - Filling up the DagBag from /home/airflow/.local/lib/python3.12/site-packages/airflow/example_dags/tutorial.py
[2026-05-19T14:13:10.882+0000] {processor.py:840} INFO - DAG(s) 'tutorial' retrieved from /home/airflow/.local/lib/python3.12/site-packages/airflow/example_dags/tutorial.py
[2026-05-19T14:13:10.923+0000] {logging_mixin.py:188} INFO - [2026-05-19T14:13:10.923+0000] {dag.py:3096} INFO - Sync 1 DAGs
[2026-05-19T14:13:10.961+0000] {logging_mixin.py:188} INFO - [2026-05-19T14:13:10.961+0000] {dag.py:3954} INFO - Setting next_dagrun for tutorial to 2026-05-18 00:00:00+00:00, run_after=2026-05-19 00:00:00+00:00
[2026-05-19T14:13:11.006+0000] {processor.py:183} INFO - Processing /home/airflow/.local/lib/python3.12/site-packages/airflow/example_dags/tutorial.py took 0.151 seconds
[2026-05-19T14:13:41.216+0000] {processor.py:161} INFO - Started process (PID=5053) to work on /home/airflow/.local/lib/python3.12/site-packages/airflow/example_dags/tutorial.py
[2026-05-19T14:13:41.218+0000] {processor.py:830} INFO - Processing file /home/airflow/.local/lib/python3.12/site-packages/airflow/example_dags/tutorial.py for tasks to queue
[2026-05-19T14:13:41.223+0000] {logging_mixin.py:188} INFO - [2026-05-19T14:13:41.222+0000] {dagbag.py:545} INFO - Filling up the DagBag from /home/airflow/.local/lib/python3.12/site-packages/airflow/example_dags/tutorial.py
[2026-05-19T14:13:41.231+0000] {processor.py:840} INFO - DAG(s) 'tutorial' retrieved from /home/airflow/.local/lib/python3.12/site-packages/airflow/example_dags/tutorial.py
[2026-05-19T14:13:41.258+0000] {logging_mixin.py:188} INFO - [2026-05-19T14:13:41.257+0000] {dag.py:3096} INFO - Sync 1 DAGs
[2026-05-19T14:13:41.289+0000] {logging_mixin.py:188} INFO - [2026-05-19T14:13:41.288+0000] {dag.py:3954} INFO - Setting next_dagrun for tutorial to 2026-05-18 00:00:00+00:00, run_after=2026-05-19 00:00:00+00:00
[2026-05-19T14:13:41.316+0000] {processor.py:183} INFO - Processing /home/airflow/.local/lib/python3.12/site-packages/airflow/example_dags/tutorial.py took 0.112 seconds
[2026-05-19T14:14:11.423+0000] {processor.py:161} INFO - Started process (PID=5112) to work on /home/airflow/.local/lib/python3.12/site-packages/airflow/example_dags/tutorial.py
[2026-05-19T14:14:11.425+0000] {processor.py:830} INFO - Processing file /home/airflow/.local/lib/python3.12/site-packages/airflow/example_dags/tutorial.py for tasks to queue
[2026-05-19T14:14:11.427+0000] {logging_mixin.py:188} INFO - [2026-05-19T14:14:11.426+0000] {dagbag.py:545} INFO - Filling up the DagBag from /home/airflow/.local/lib/python3.12/site-packages/airflow/example_dags/tutorial.py
[2026-05-19T14:14:11.432+0000] {processor.py:840} INFO - DAG(s) 'tutorial' retrieved from /home/airflow/.local/lib/python3.12/site-packages/airflow/example_dags/tutorial.py
[2026-05-19T14:14:11.455+0000] {logging_mixin.py:188} INFO - [2026-05-19T14:14:11.455+0000] {dag.py:3096} INFO - Sync 1 DAGs
[2026-05-19T14:14:11.481+0000] {logging_mixin.py:188} INFO - [2026-05-19T14:14:11.480+0000] {dag.py:3954} INFO - Setting next_dagrun for tutorial to 2026-05-18 00:00:00+00:00, run_after=2026-05-19 00:00:00+00:00
[2026-05-19T14:14:11.500+0000] {processor.py:183} INFO - Processing /home/airflow/.local/lib/python3.12/site-packages/airflow/example_dags/tutorial.py took 0.083 seconds
[2026-05-19T14:14:41.763+0000] {processor.py:161} INFO - Started process (PID=5171) to work on /home/airflow/.local/lib/python3.12/site-packages/airflow/example_dags/tutorial.py
[2026-05-19T14:14:41.764+0000] {processor.py:830} INFO - Processing file /home/airflow/.local/lib/python3.12/site-packages/airflow/example_dags/tutorial.py for tasks to queue
[2026-05-19T14:14:41.766+0000] {logging_mixin.py:188} INFO - [2026-05-19T14:14:41.766+0000] {dagbag.py:545} INFO - Filling up the DagBag from /home/airflow/.local/lib/python3.12/site-packages/airflow/example_dags/tutorial.py
[2026-05-19T14:14:41.773+0000] {processor.py:840} INFO - DAG(s) 'tutorial' retrieved from /home/airflow/.local/lib/python3.12/site-packages/airflow/example_dags/tutorial.py
[2026-05-19T14:14:41.796+0000] {logging_mixin.py:188} INFO - [2026-05-19T14:14:41.796+0000] {dag.py:3096} INFO - Sync 1 DAGs
[2026-05-19T14:14:41.821+0000] {logging_mixin.py:188} INFO - [2026-05-19T14:14:41.821+0000] {dag.py:3954} INFO - Setting next_dagrun for tutorial to 2026-05-18 00:00:00+00:00, run_after=2026-05-19 00:00:00+00:00
[2026-05-19T14:14:41.850+0000] {processor.py:183} INFO - Processing /home/airflow/.local/lib/python3.12/site-packages/airflow/example_dags/tutorial.py took 0.094 seconds
[2026-05-19T14:15:12.497+0000] {processor.py:161} INFO - Started process (PID=5230) to work on /home/airflow/.local/lib/python3.12/site-packages/airflow/example_dags/tutorial.py
[2026-05-19T14:15:12.499+0000] {processor.py:830} INFO - Processing file /home/airflow/.local/lib/python3.12/site-packages/airflow/example_dags/tutorial.py for tasks to queue
[2026-05-19T14:15:12.502+0000] {logging_mixin.py:188} INFO - [2026-05-19T14:15:12.501+0000] {dagbag.py:545} INFO - Filling up the DagBag from /home/airflow/.local/lib/python3.12/site-packages/airflow/example_dags/tutorial.py
[2026-05-19T14:15:12.511+0000] {processor.py:840} INFO - DAG(s) 'tutorial' retrieved from /home/airflow/.local/lib/python3.12/site-packages/airflow/example_dags/tutorial.py
[2026-05-19T14:15:12.544+0000] {logging_mixin.py:188} INFO - [2026-05-19T14:15:12.543+0000] {dag.py:3096} INFO - Sync 1 DAGs
[2026-05-19T14:15:12.576+0000] {logging_mixin.py:188} INFO - [2026-05-19T14:15:12.576+0000] {dag.py:3954} INFO - Setting next_dagrun for tutorial to 2026-05-18 00:00:00+00:00, run_after=2026-05-19 00:00:00+00:00
[2026-05-19T14:15:12.600+0000] {processor.py:183} INFO - Processing /home/airflow/.local/lib/python3.12/site-packages/airflow/example_dags/tutorial.py took 0.112 seconds
[2026-05-19T14:15:43.292+0000] {processor.py:161} INFO - Started process (PID=5289) to work on /home/airflow/.local/lib/python3.12/site-packages/airflow/example_dags/tutorial.py
[2026-05-19T14:15:43.295+0000] {processor.py:830} INFO - Processing file /home/airflow/.local/lib/python3.12/site-packages/airflow/example_dags/tutorial.py for tasks to queue
[2026-05-19T14:15:43.300+0000] {logging_mixin.py:188} INFO - [2026-05-19T14:15:43.299+0000] {dagbag.py:545} INFO - Filling up the DagBag from /home/airflow/.local/lib/python3.12/site-packages/airflow/example_dags/tutorial.py
[2026-05-19T14:15:43.317+0000] {processor.py:840} INFO - DAG(s) 'tutorial' retrieved from /home/airflow/.local/lib/python3.12/site-packages/airflow/example_dags/tutorial.py
[2026-05-19T14:15:43.386+0000] {logging_mixin.py:188} INFO - [2026-05-19T14:15:43.385+0000] {dag.py:3096} INFO - Sync 1 DAGs
[2026-05-19T14:15:43.483+0000] {logging_mixin.py:188} INFO - [2026-05-19T14:15:43.482+0000] {dag.py:3954} INFO - Setting next_dagrun for tutorial to 2026-05-18 00:00:00+00:00, run_after=2026-05-19 00:00:00+00:00
[2026-05-19T14:15:43.572+0000] {processor.py:183} INFO - Processing /home/airflow/.local/lib/python3.12/site-packages/airflow/example_dags/tutorial.py took 0.295 seconds
[2026-05-19T14:16:14.035+0000] {processor.py:161} INFO - Started process (PID=5352) to work on /home/airflow/.local/lib/python3.12/site-packages/airflow/example_dags/tutorial.py
[2026-05-19T14:16:14.043+0000] {processor.py:830} INFO - Processing file /home/airflow/.local/lib/python3.12/site-packages/airflow/example_dags/tutorial.py for tasks to queue
[2026-05-19T14:16:14.050+0000] {logging_mixin.py:188} INFO - [2026-05-19T14:16:14.049+0000] {dagbag.py:545} INFO - Filling up the DagBag from /home/airflow/.local/lib/python3.12/site-packages/airflow/example_dags/tutorial.py
[2026-05-19T14:16:14.072+0000] {processor.py:840} INFO - DAG(s) 'tutorial' retrieved from /home/airflow/.local/lib/python3.12/site-packages/airflow/example_dags/tutorial.py
[2026-05-19T14:16:14.226+0000] {logging_mixin.py:188} INFO - [2026-05-19T14:16:14.225+0000] {dag.py:3096} INFO - Sync 1 DAGs
[2026-05-19T14:16:14.351+0000] {logging_mixin.py:188} INFO - [2026-05-19T14:16:14.351+0000] {dag.py:3954} INFO - Setting next_dagrun for tutorial to 2026-05-18 00:00:00+00:00, run_after=2026-05-19 00:00:00+00:00
[2026-05-19T14:16:14.491+0000] {processor.py:183} INFO - Processing /home/airflow/.local/lib/python3.12/site-packages/airflow/example_dags/tutorial.py took 0.477 seconds
[2026-05-19T14:16:45.555+0000] {processor.py:161} INFO - Started process (PID=5410) to work on /home/airflow/.local/lib/python3.12/site-packages/airflow/example_dags/tutorial.py
[2026-05-19T14:16:45.558+0000] {processor.py:830} INFO - Processing file /home/airflow/.local/lib/python3.12/site-packages/airflow/example_dags/tutorial.py for tasks to queue
[2026-05-19T14:16:45.563+0000] {logging_mixin.py:188} INFO - [2026-05-19T14:16:45.562+0000] {dagbag.py:545} INFO - Filling up the DagBag from /home/airflow/.local/lib/python3.12/site-packages/airflow/example_dags/tutorial.py
[2026-05-19T14:16:45.580+0000] {processor.py:840} INFO - DAG(s) 'tutorial' retrieved from /home/airflow/.local/lib/python3.12/site-packages/airflow/example_dags/tutorial.py
[2026-05-19T14:16:45.645+0000] {logging_mixin.py:188} INFO - [2026-05-19T14:16:45.644+0000] {dag.py:3096} INFO - Sync 1 DAGs
[2026-05-19T14:16:45.757+0000] {logging_mixin.py:188} INFO - [2026-05-19T14:16:45.756+0000] {dag.py:3954} INFO - Setting next_dagrun for tutorial to 2026-05-18 00:00:00+00:00, run_after=2026-05-19 00:00:00+00:00
[2026-05-19T14:16:45.817+0000] {processor.py:183} INFO - Processing /home/airflow/.local/lib/python3.12/site-packages/airflow/example_dags/tutorial.py took 0.284 seconds
[2026-05-19T14:17:16.200+0000] {processor.py:161} INFO - Started process (PID=5469) to work on /home/airflow/.local/lib/python3.12/site-packages/airflow/example_dags/tutorial.py
[2026-05-19T14:17:16.203+0000] {processor.py:830} INFO - Processing file /home/airflow/.local/lib/python3.12/site-packages/airflow/example_dags/tutorial.py for tasks to queue
[2026-05-19T14:17:16.206+0000] {logging_mixin.py:188} INFO - [2026-05-19T14:17:16.206+0000] {dagbag.py:545} INFO - Filling up the DagBag from /home/airflow/.local/lib/python3.12/site-packages/airflow/example_dags/tutorial.py
[2026-05-19T14:17:16.216+0000] {processor.py:840} INFO - DAG(s) 'tutorial' retrieved from /home/airflow/.local/lib/python3.12/site-packages/airflow/example_dags/tutorial.py
[2026-05-19T14:17:16.238+0000] {logging_mixin.py:188} INFO - [2026-05-19T14:17:16.238+0000] {dag.py:3096} INFO - Sync 1 DAGs
[2026-05-19T14:17:16.267+0000] {logging_mixin.py:188} INFO - [2026-05-19T14:17:16.267+0000] {dag.py:3954} INFO - Setting next_dagrun for tutorial to 2026-05-18 00:00:00+00:00, run_after=2026-05-19 00:00:00+00:00
[2026-05-19T14:17:16.307+0000] {processor.py:183} INFO - Processing /home/airflow/.local/lib/python3.12/site-packages/airflow/example_dags/tutorial.py took 0.117 seconds
[2026-05-19T14:17:46.558+0000] {processor.py:161} INFO - Started process (PID=5527) to work on /home/airflow/.local/lib/python3.12/site-packages/airflow/example_dags/tutorial.py
[2026-05-19T14:17:46.560+0000] {processor.py:830} INFO - Processing file /home/airflow/.local/lib/python3.12/site-packages/airflow/example_dags/tutorial.py for tasks to queue
[2026-05-19T14:17:46.564+0000] {logging_mixin.py:188} INFO - [2026-05-19T14:17:46.564+0000] {dagbag.py:545} INFO - Filling up the DagBag from /home/airflow/.local/lib/python3.12/site-packages/airflow/example_dags/tutorial.py
[2026-05-19T14:17:46.576+0000] {processor.py:840} INFO - DAG(s) 'tutorial' retrieved from /home/airflow/.local/lib/python3.12/site-packages/airflow/example_dags/tutorial.py
[2026-05-19T14:17:46.620+0000] {logging_mixin.py:188} INFO - [2026-05-19T14:17:46.619+0000] {dag.py:3096} INFO - Sync 1 DAGs
[2026-05-19T14:17:46.662+0000] {logging_mixin.py:188} INFO - [2026-05-19T14:17:46.662+0000] {dag.py:3954} INFO - Setting next_dagrun for tutorial to 2026-05-18 00:00:00+00:00, run_after=2026-05-19 00:00:00+00:00
[2026-05-19T14:17:46.707+0000] {processor.py:183} INFO - Processing /home/airflow/.local/lib/python3.12/site-packages/airflow/example_dags/tutorial.py took 0.161 seconds
[2026-05-19T14:18:16.798+0000] {processor.py:161} INFO - Started process (PID=5586) to work on /home/airflow/.local/lib/python3.12/site-packages/airflow/example_dags/tutorial.py
[2026-05-19T14:18:16.799+0000] {processor.py:830} INFO - Processing file /home/airflow/.local/lib/python3.12/site-packages/airflow/example_dags/tutorial.py for tasks to queue
[2026-05-19T14:18:16.802+0000] {logging_mixin.py:188} INFO - [2026-05-19T14:18:16.801+0000] {dagbag.py:545} INFO - Filling up the DagBag from /home/airflow/.local/lib/python3.12/site-packages/airflow/example_dags/tutorial.py
[2026-05-19T14:18:16.808+0000] {processor.py:840} INFO - DAG(s) 'tutorial' retrieved from /home/airflow/.local/lib/python3.12/site-packages/airflow/example_dags/tutorial.py
[2026-05-19T14:18:16.857+0000] {logging_mixin.py:188} INFO - [2026-05-19T14:18:16.857+0000] {dag.py:3096} INFO - Sync 1 DAGs
[2026-05-19T14:18:16.886+0000] {logging_mixin.py:188} INFO - [2026-05-19T14:18:16.885+0000] {dag.py:3954} INFO - Setting next_dagrun for tutorial to 2026-05-18 00:00:00+00:00, run_after=2026-05-19 00:00:00+00:00
[2026-05-19T14:18:16.917+0000] {processor.py:183} INFO - Processing /home/airflow/.local/lib/python3.12/site-packages/airflow/example_dags/tutorial.py took 0.125 seconds
[2026-05-19T14:18:47.423+0000] {processor.py:161} INFO - Started process (PID=5645) to work on /home/airflow/.local/lib/python3.12/site-packages/airflow/example_dags/tutorial.py
[2026-05-19T14:18:47.425+0000] {processor.py:830} INFO - Processing file /home/airflow/.local/lib/python3.12/site-packages/airflow/example_dags/tutorial.py for tasks to queue
[2026-05-19T14:18:47.428+0000] {logging_mixin.py:188} INFO - [2026-05-19T14:18:47.427+0000] {dagbag.py:545} INFO - Filling up the DagBag from /home/airflow/.local/lib/python3.12/site-packages/airflow/example_dags/tutorial.py
[2026-05-19T14:18:47.435+0000] {processor.py:840} INFO - DAG(s) 'tutorial' retrieved from /home/airflow/.local/lib/python3.12/site-packages/airflow/example_dags/tutorial.py
[2026-05-19T14:18:47.470+0000] {logging_mixin.py:188} INFO - [2026-05-19T14:18:47.470+0000] {dag.py:3096} INFO - Sync 1 DAGs
[2026-05-19T14:18:47.496+0000] {logging_mixin.py:188} INFO - [2026-05-19T14:18:47.496+0000] {dag.py:3954} INFO - Setting next_dagrun for tutorial to 2026-05-18 00:00:00+00:00, run_after=2026-05-19 00:00:00+00:00
[2026-05-19T14:18:47.524+0000] {processor.py:183} INFO - Processing /home/airflow/.local/lib/python3.12/site-packages/airflow/example_dags/tutorial.py took 0.110 seconds
[2026-05-19T14:19:17.811+0000] {processor.py:161} INFO - Started process (PID=5704) to work on /home/airflow/.local/lib/python3.12/site-packages/airflow/example_dags/tutorial.py
[2026-05-19T14:19:17.812+0000] {processor.py:830} INFO - Processing file /home/airflow/.local/lib/python3.12/site-packages/airflow/example_dags/tutorial.py for tasks to queue
[2026-05-19T14:19:17.815+0000] {logging_mixin.py:188} INFO - [2026-05-19T14:19:17.815+0000] {dagbag.py:545} INFO - Filling up the DagBag from /home/airflow/.local/lib/python3.12/site-packages/airflow/example_dags/tutorial.py
[2026-05-19T14:19:17.825+0000] {processor.py:840} INFO - DAG(s) 'tutorial' retrieved from /home/airflow/.local/lib/python3.12/site-packages/airflow/example_dags/tutorial.py
[2026-05-19T14:19:17.865+0000] {logging_mixin.py:188} INFO - [2026-05-19T14:19:17.865+0000] {dag.py:3096} INFO - Sync 1 DAGs
[2026-05-19T14:19:17.906+0000] {logging_mixin.py:188} INFO - [2026-05-19T14:19:17.906+0000] {dag.py:3954} INFO - Setting next_dagrun for tutorial to 2026-05-18 00:00:00+00:00, run_after=2026-05-19 00:00:00+00:00
[2026-05-19T14:19:17.949+0000] {processor.py:183} INFO - Processing /home/airflow/.local/lib/python3.12/site-packages/airflow/example_dags/tutorial.py took 0.146 seconds
[2026-05-19T14:19:48.173+0000] {processor.py:161} INFO - Started process (PID=5763) to work on /home/airflow/.local/lib/python3.12/site-packages/airflow/example_dags/tutorial.py
[2026-05-19T14:19:48.174+0000] {processor.py:830} INFO - Processing file /home/airflow/.local/lib/python3.12/site-packages/airflow/example_dags/tutorial.py for tasks to queue
[2026-05-19T14:19:48.176+0000] {logging_mixin.py:188} INFO - [2026-05-19T14:19:48.176+0000] {dagbag.py:545} INFO - Filling up the DagBag from /home/airflow/.local/lib/python3.12/site-packages/airflow/example_dags/tutorial.py
[2026-05-19T14:19:48.183+0000] {processor.py:840} INFO - DAG(s) 'tutorial' retrieved from /home/airflow/.local/lib/python3.12/site-packages/airflow/example_dags/tutorial.py
[2026-05-19T14:19:48.210+0000] {logging_mixin.py:188} INFO - [2026-05-19T14:19:48.209+0000] {dag.py:3096} INFO - Sync 1 DAGs
[2026-05-19T14:19:48.234+0000] {logging_mixin.py:188} INFO - [2026-05-19T14:19:48.234+0000] {dag.py:3954} INFO - Setting next_dagrun for tutorial to 2026-05-18 00:00:00+00:00, run_after=2026-05-19 00:00:00+00:00
[2026-05-19T14:19:48.405+0000] {processor.py:183} INFO - Processing /home/airflow/.local/lib/python3.12/site-packages/airflow/example_dags/tutorial.py took 0.237 seconds
[2026-05-19T14:20:18.704+0000] {processor.py:161} INFO - Started process (PID=5822) to work on /home/airflow/.local/lib/python3.12/site-packages/airflow/example_dags/tutorial.py
[2026-05-19T14:20:18.705+0000] {processor.py:830} INFO - Processing file /home/airflow/.local/lib/python3.12/site-packages/airflow/example_dags/tutorial.py for tasks to queue
[2026-05-19T14:20:18.708+0000] {logging_mixin.py:188} INFO - [2026-05-19T14:20:18.708+0000] {dagbag.py:545} INFO - Filling up the DagBag from /home/airflow/.local/lib/python3.12/site-packages/airflow/example_dags/tutorial.py
[2026-05-19T14:20:18.716+0000] {processor.py:840} INFO - DAG(s) 'tutorial' retrieved from /home/airflow/.local/lib/python3.12/site-packages/airflow/example_dags/tutorial.py
[2026-05-19T14:20:18.744+0000] {logging_mixin.py:188} INFO - [2026-05-19T14:20:18.744+0000] {dag.py:3096} INFO - Sync 1 DAGs
[2026-05-19T14:20:18.770+0000] {logging_mixin.py:188} INFO - [2026-05-19T14:20:18.770+0000] {dag.py:3954} INFO - Setting next_dagrun for tutorial to 2026-05-18 00:00:00+00:00, run_after=2026-05-19 00:00:00+00:00
[2026-05-19T14:20:18.798+0000] {processor.py:183} INFO - Processing /home/airflow/.local/lib/python3.12/site-packages/airflow/example_dags/tutorial.py took 0.100 seconds
[2026-05-19T14:20:48.951+0000] {processor.py:161} INFO - Started process (PID=5881) to work on /home/airflow/.local/lib/python3.12/site-packages/airflow/example_dags/tutorial.py
[2026-05-19T14:20:48.952+0000] {processor.py:830} INFO - Processing file /home/airflow/.local/lib/python3.12/site-packages/airflow/example_dags/tutorial.py for tasks to queue
[2026-05-19T14:20:48.954+0000] {logging_mixin.py:188} INFO - [2026-05-19T14:20:48.954+0000] {dagbag.py:545} INFO - Filling up the DagBag from /home/airflow/.local/lib/python3.12/site-packages/airflow/example_dags/tutorial.py
[2026-05-19T14:20:48.963+0000] {processor.py:840} INFO - DAG(s) 'tutorial' retrieved from /home/airflow/.local/lib/python3.12/site-packages/airflow/example_dags/tutorial.py
[2026-05-19T14:20:48.983+0000] {logging_mixin.py:188} INFO - [2026-05-19T14:20:48.983+0000] {dag.py:3096} INFO - Sync 1 DAGs
[2026-05-19T14:20:49.007+0000] {logging_mixin.py:188} INFO - [2026-05-19T14:20:49.006+0000] {dag.py:3954} INFO - Setting next_dagrun for tutorial to 2026-05-18 00:00:00+00:00, run_after=2026-05-19 00:00:00+00:00
[2026-05-19T14:20:49.028+0000] {processor.py:183} INFO - Processing /home/airflow/.local/lib/python3.12/site-packages/airflow/example_dags/tutorial.py took 0.081 seconds
[2026-05-19T14:21:19.161+0000] {processor.py:161} INFO - Started process (PID=5940) to work on /home/airflow/.local/lib/python3.12/site-packages/airflow/example_dags/tutorial.py
[2026-05-19T14:21:19.162+0000] {processor.py:830} INFO - Processing file /home/airflow/.local/lib/python3.12/site-packages/airflow/example_dags/tutorial.py for tasks to queue
[2026-05-19T14:21:19.164+0000] {logging_mixin.py:188} INFO - [2026-05-19T14:21:19.163+0000] {dagbag.py:545} INFO - Filling up the DagBag from /home/airflow/.local/lib/python3.12/site-packages/airflow/example_dags/tutorial.py
[2026-05-19T14:21:19.169+0000] {processor.py:840} INFO - DAG(s) 'tutorial' retrieved from /home/airflow/.local/lib/python3.12/site-packages/airflow/example_dags/tutorial.py
[2026-05-19T14:21:19.187+0000] {logging_mixin.py:188} INFO - [2026-05-19T14:21:19.186+0000] {dag.py:3096} INFO - Sync 1 DAGs
[2026-05-19T14:21:19.206+0000] {logging_mixin.py:188} INFO - [2026-05-19T14:21:19.206+0000] {dag.py:3954} INFO - Setting next_dagrun for tutorial to 2026-05-18 00:00:00+00:00, run_after=2026-05-19 00:00:00+00:00
[2026-05-19T14:21:19.247+0000] {processor.py:183} INFO - Processing /home/airflow/.local/lib/python3.12/site-packages/airflow/example_dags/tutorial.py took 0.092 seconds
[2026-05-19T17:35:40.522+0000] {processor.py:161} INFO - Started process (PID=6003) to work on /home/airflow/.local/lib/python3.12/site-packages/airflow/example_dags/tutorial.py
[2026-05-19T17:35:40.525+0000] {processor.py:830} INFO - Processing file /home/airflow/.local/lib/python3.12/site-packages/airflow/example_dags/tutorial.py for tasks to queue
[2026-05-19T17:35:40.529+0000] {logging_mixin.py:188} INFO - [2026-05-19T17:35:40.528+0000] {dagbag.py:545} INFO - Filling up the DagBag from /home/airflow/.local/lib/python3.12/site-packages/airflow/example_dags/tutorial.py
[2026-05-19T17:35:40.539+0000] {processor.py:840} INFO - DAG(s) 'tutorial' retrieved from /home/airflow/.local/lib/python3.12/site-packages/airflow/example_dags/tutorial.py
[2026-05-19T17:35:40.587+0000] {logging_mixin.py:188} INFO - [2026-05-19T17:35:40.587+0000] {dag.py:3096} INFO - Sync 1 DAGs
[2026-05-19T17:35:40.660+0000] {logging_mixin.py:188} INFO - [2026-05-19T17:35:40.659+0000] {dag.py:3954} INFO - Setting next_dagrun for tutorial to 2026-05-18 00:00:00+00:00, run_after=2026-05-19 00:00:00+00:00
[2026-05-19T17:35:40.719+0000] {processor.py:183} INFO - Processing /home/airflow/.local/lib/python3.12/site-packages/airflow/example_dags/tutorial.py took 0.208 seconds
[2026-05-19T17:36:11.224+0000] {processor.py:161} INFO - Started process (PID=6062) to work on /home/airflow/.local/lib/python3.12/site-packages/airflow/example_dags/tutorial.py
[2026-05-19T17:36:11.225+0000] {processor.py:830} INFO - Processing file /home/airflow/.local/lib/python3.12/site-packages/airflow/example_dags/tutorial.py for tasks to queue
[2026-05-19T17:36:11.227+0000] {logging_mixin.py:188} INFO - [2026-05-19T17:36:11.226+0000] {dagbag.py:545} INFO - Filling up the DagBag from /home/airflow/.local/lib/python3.12/site-packages/airflow/example_dags/tutorial.py
[2026-05-19T17:36:11.232+0000] {processor.py:840} INFO - DAG(s) 'tutorial' retrieved from /home/airflow/.local/lib/python3.12/site-packages/airflow/example_dags/tutorial.py
[2026-05-19T17:36:11.360+0000] {logging_mixin.py:188} INFO - [2026-05-19T17:36:11.358+0000] {dag.py:3096} INFO - Sync 1 DAGs
[2026-05-19T17:36:11.442+0000] {logging_mixin.py:188} INFO - [2026-05-19T17:36:11.442+0000] {dag.py:3954} INFO - Setting next_dagrun for tutorial to 2026-05-18 00:00:00+00:00, run_after=2026-05-19 00:00:00+00:00
[2026-05-19T17:36:11.498+0000] {processor.py:183} INFO - Processing /home/airflow/.local/lib/python3.12/site-packages/airflow/example_dags/tutorial.py took 0.279 seconds
[2026-05-19T17:36:42.088+0000] {processor.py:161} INFO - Started process (PID=6122) to work on /home/airflow/.local/lib/python3.12/site-packages/airflow/example_dags/tutorial.py
[2026-05-19T17:36:42.089+0000] {processor.py:830} INFO - Processing file /home/airflow/.local/lib/python3.12/site-packages/airflow/example_dags/tutorial.py for tasks to queue
[2026-05-19T17:36:42.091+0000] {logging_mixin.py:188} INFO - [2026-05-19T17:36:42.090+0000] {dagbag.py:545} INFO - Filling up the DagBag from /home/airflow/.local/lib/python3.12/site-packages/airflow/example_dags/tutorial.py
[2026-05-19T17:36:42.097+0000] {processor.py:840} INFO - DAG(s) 'tutorial' retrieved from /home/airflow/.local/lib/python3.12/site-packages/airflow/example_dags/tutorial.py
[2026-05-19T17:36:42.116+0000] {logging_mixin.py:188} INFO - [2026-05-19T17:36:42.115+0000] {dag.py:3096} INFO - Sync 1 DAGs
[2026-05-19T17:36:42.138+0000] {logging_mixin.py:188} INFO - [2026-05-19T17:36:42.137+0000] {dag.py:3954} INFO - Setting next_dagrun for tutorial to 2026-05-18 00:00:00+00:00, run_after=2026-05-19 00:00:00+00:00
[2026-05-19T17:36:42.157+0000] {processor.py:183} INFO - Processing /home/airflow/.local/lib/python3.12/site-packages/airflow/example_dags/tutorial.py took 0.077 seconds
[2026-05-19T17:37:12.770+0000] {processor.py:161} INFO - Started process (PID=6187) to work on /home/airflow/.local/lib/python3.12/site-packages/airflow/example_dags/tutorial.py
[2026-05-19T17:37:12.772+0000] {processor.py:830} INFO - Processing file /home/airflow/.local/lib/python3.12/site-packages/airflow/example_dags/tutorial.py for tasks to queue
[2026-05-19T17:37:12.774+0000] {logging_mixin.py:188} INFO - [2026-05-19T17:37:12.773+0000] {dagbag.py:545} INFO - Filling up the DagBag from /home/airflow/.local/lib/python3.12/site-packages/airflow/example_dags/tutorial.py
[2026-05-19T17:37:12.779+0000] {processor.py:840} INFO - DAG(s) 'tutorial' retrieved from /home/airflow/.local/lib/python3.12/site-packages/airflow/example_dags/tutorial.py
[2026-05-19T17:37:12.803+0000] {logging_mixin.py:188} INFO - [2026-05-19T17:37:12.802+0000] {dag.py:3096} INFO - Sync 1 DAGs
[2026-05-19T17:37:12.824+0000] {logging_mixin.py:188} INFO - [2026-05-19T17:37:12.824+0000] {dag.py:3954} INFO - Setting next_dagrun for tutorial to 2026-05-18 00:00:00+00:00, run_after=2026-05-19 00:00:00+00:00
[2026-05-19T17:37:12.841+0000] {processor.py:183} INFO - Processing /home/airflow/.local/lib/python3.12/site-packages/airflow/example_dags/tutorial.py took 0.078 seconds
[2026-05-19T17:37:43.230+0000] {processor.py:161} INFO - Started process (PID=6246) to work on /home/airflow/.local/lib/python3.12/site-packages/airflow/example_dags/tutorial.py
[2026-05-19T17:37:43.231+0000] {processor.py:830} INFO - Processing file /home/airflow/.local/lib/python3.12/site-packages/airflow/example_dags/tutorial.py for tasks to queue
[2026-05-19T17:37:43.233+0000] {logging_mixin.py:188} INFO - [2026-05-19T17:37:43.233+0000] {dagbag.py:545} INFO - Filling up the DagBag from /home/airflow/.local/lib/python3.12/site-packages/airflow/example_dags/tutorial.py
[2026-05-19T17:37:43.239+0000] {processor.py:840} INFO - DAG(s) 'tutorial' retrieved from /home/airflow/.local/lib/python3.12/site-packages/airflow/example_dags/tutorial.py
[2026-05-19T17:37:43.260+0000] {logging_mixin.py:188} INFO - [2026-05-19T17:37:43.260+0000] {dag.py:3096} INFO - Sync 1 DAGs
[2026-05-19T17:37:43.284+0000] {logging_mixin.py:188} INFO - [2026-05-19T17:37:43.284+0000] {dag.py:3954} INFO - Setting next_dagrun for tutorial to 2026-05-18 00:00:00+00:00, run_after=2026-05-19 00:00:00+00:00
[2026-05-19T17:37:43.305+0000] {processor.py:183} INFO - Processing /home/airflow/.local/lib/python3.12/site-packages/airflow/example_dags/tutorial.py took 0.079 seconds
[2026-05-19T17:38:13.865+0000] {processor.py:161} INFO - Started process (PID=6305) to work on /home/airflow/.local/lib/python3.12/site-packages/airflow/example_dags/tutorial.py
[2026-05-19T17:38:13.866+0000] {processor.py:830} INFO - Processing file /home/airflow/.local/lib/python3.12/site-packages/airflow/example_dags/tutorial.py for tasks to queue
[2026-05-19T17:38:13.868+0000] {logging_mixin.py:188} INFO - [2026-05-19T17:38:13.868+0000] {dagbag.py:545} INFO - Filling up the DagBag from /home/airflow/.local/lib/python3.12/site-packages/airflow/example_dags/tutorial.py
[2026-05-19T17:38:13.875+0000] {processor.py:840} INFO - DAG(s) 'tutorial' retrieved from /home/airflow/.local/lib/python3.12/site-packages/airflow/example_dags/tutorial.py
[2026-05-19T17:38:13.892+0000] {logging_mixin.py:188} INFO - [2026-05-19T17:38:13.892+0000] {dag.py:3096} INFO - Sync 1 DAGs
[2026-05-19T17:38:13.910+0000] {logging_mixin.py:188} INFO - [2026-05-19T17:38:13.910+0000] {dag.py:3954} INFO - Setting next_dagrun for tutorial to 2026-05-18 00:00:00+00:00, run_after=2026-05-19 00:00:00+00:00
[2026-05-19T17:38:13.924+0000] {processor.py:183} INFO - Processing /home/airflow/.local/lib/python3.12/site-packages/airflow/example_dags/tutorial.py took 0.066 seconds
[2026-05-19T17:38:43.969+0000] {processor.py:161} INFO - Started process (PID=6364) to work on /home/airflow/.local/lib/python3.12/site-packages/airflow/example_dags/tutorial.py
[2026-05-19T17:38:43.969+0000] {processor.py:830} INFO - Processing file /home/airflow/.local/lib/python3.12/site-packages/airflow/example_dags/tutorial.py for tasks to queue
[2026-05-19T17:38:43.971+0000] {logging_mixin.py:188} INFO - [2026-05-19T17:38:43.971+0000] {dagbag.py:545} INFO - Filling up the DagBag from /home/airflow/.local/lib/python3.12/site-packages/airflow/example_dags/tutorial.py
[2026-05-19T17:38:43.976+0000] {processor.py:840} INFO - DAG(s) 'tutorial' retrieved from /home/airflow/.local/lib/python3.12/site-packages/airflow/example_dags/tutorial.py
[2026-05-19T17:38:43.992+0000] {logging_mixin.py:188} INFO - [2026-05-19T17:38:43.992+0000] {dag.py:3096} INFO - Sync 1 DAGs
[2026-05-19T17:38:44.018+0000] {logging_mixin.py:188} INFO - [2026-05-19T17:38:44.018+0000] {dag.py:3954} INFO - Setting next_dagrun for tutorial to 2026-05-18 00:00:00+00:00, run_after=2026-05-19 00:00:00+00:00
[2026-05-19T17:38:44.039+0000] {processor.py:183} INFO - Processing /home/airflow/.local/lib/python3.12/site-packages/airflow/example_dags/tutorial.py took 0.075 seconds
[2026-05-19T17:39:14.357+0000] {processor.py:161} INFO - Started process (PID=6423) to work on /home/airflow/.local/lib/python3.12/site-packages/airflow/example_dags/tutorial.py
[2026-05-19T17:39:14.358+0000] {processor.py:830} INFO - Processing file /home/airflow/.local/lib/python3.12/site-packages/airflow/example_dags/tutorial.py for tasks to queue
[2026-05-19T17:39:14.361+0000] {logging_mixin.py:188} INFO - [2026-05-19T17:39:14.360+0000] {dagbag.py:545} INFO - Filling up the DagBag from /home/airflow/.local/lib/python3.12/site-packages/airflow/example_dags/tutorial.py
[2026-05-19T17:39:14.367+0000] {processor.py:840} INFO - DAG(s) 'tutorial' retrieved from /home/airflow/.local/lib/python3.12/site-packages/airflow/example_dags/tutorial.py
[2026-05-19T17:39:14.386+0000] {logging_mixin.py:188} INFO - [2026-05-19T17:39:14.386+0000] {dag.py:3096} INFO - Sync 1 DAGs
[2026-05-19T17:39:14.404+0000] {logging_mixin.py:188} INFO - [2026-05-19T17:39:14.404+0000] {dag.py:3954} INFO - Setting next_dagrun for tutorial to 2026-05-18 00:00:00+00:00, run_after=2026-05-19 00:00:00+00:00
[2026-05-19T17:39:14.421+0000] {processor.py:183} INFO - Processing /home/airflow/.local/lib/python3.12/site-packages/airflow/example_dags/tutorial.py took 0.069 seconds
[2026-05-19T17:39:44.797+0000] {processor.py:161} INFO - Started process (PID=6482) to work on /home/airflow/.local/lib/python3.12/site-packages/airflow/example_dags/tutorial.py
[2026-05-19T17:39:44.799+0000] {processor.py:830} INFO - Processing file /home/airflow/.local/lib/python3.12/site-packages/airflow/example_dags/tutorial.py for tasks to queue
[2026-05-19T17:39:44.800+0000] {logging_mixin.py:188} INFO - [2026-05-19T17:39:44.800+0000] {dagbag.py:545} INFO - Filling up the DagBag from /home/airflow/.local/lib/python3.12/site-packages/airflow/example_dags/tutorial.py
[2026-05-19T17:39:44.807+0000] {processor.py:840} INFO - DAG(s) 'tutorial' retrieved from /home/airflow/.local/lib/python3.12/site-packages/airflow/example_dags/tutorial.py
[2026-05-19T17:39:44.825+0000] {logging_mixin.py:188} INFO - [2026-05-19T17:39:44.824+0000] {dag.py:3096} INFO - Sync 1 DAGs
[2026-05-19T17:39:44.843+0000] {logging_mixin.py:188} INFO - [2026-05-19T17:39:44.843+0000] {dag.py:3954} INFO - Setting next_dagrun for tutorial to 2026-05-18 00:00:00+00:00, run_after=2026-05-19 00:00:00+00:00
[2026-05-19T17:39:44.860+0000] {processor.py:183} INFO - Processing /home/airflow/.local/lib/python3.12/site-packages/airflow/example_dags/tutorial.py took 0.067 seconds
[2026-05-19T17:40:14.930+0000] {processor.py:161} INFO - Started process (PID=6541) to work on /home/airflow/.local/lib/python3.12/site-packages/airflow/example_dags/tutorial.py
[2026-05-19T17:40:14.931+0000] {processor.py:830} INFO - Processing file /home/airflow/.local/lib/python3.12/site-packages/airflow/example_dags/tutorial.py for tasks to queue
[2026-05-19T17:40:14.934+0000] {logging_mixin.py:188} INFO - [2026-05-19T17:40:14.934+0000] {dagbag.py:545} INFO - Filling up the DagBag from /home/airflow/.local/lib/python3.12/site-packages/airflow/example_dags/tutorial.py
[2026-05-19T17:40:14.941+0000] {processor.py:840} INFO - DAG(s) 'tutorial' retrieved from /home/airflow/.local/lib/python3.12/site-packages/airflow/example_dags/tutorial.py
[2026-05-19T17:40:14.959+0000] {logging_mixin.py:188} INFO - [2026-05-19T17:40:14.959+0000] {dag.py:3096} INFO - Sync 1 DAGs
[2026-05-19T17:40:14.978+0000] {logging_mixin.py:188} INFO - [2026-05-19T17:40:14.978+0000] {dag.py:3954} INFO - Setting next_dagrun for tutorial to 2026-05-18 00:00:00+00:00, run_after=2026-05-19 00:00:00+00:00
[2026-05-19T17:40:14.996+0000] {processor.py:183} INFO - Processing /home/airflow/.local/lib/python3.12/site-packages/airflow/example_dags/tutorial.py took 0.071 seconds
[2026-05-19T17:40:45.112+0000] {processor.py:161} INFO - Started process (PID=6600) to work on /home/airflow/.local/lib/python3.12/site-packages/airflow/example_dags/tutorial.py
[2026-05-19T17:40:45.113+0000] {processor.py:830} INFO - Processing file /home/airflow/.local/lib/python3.12/site-packages/airflow/example_dags/tutorial.py for tasks to queue
[2026-05-19T17:40:45.115+0000] {logging_mixin.py:188} INFO - [2026-05-19T17:40:45.115+0000] {dagbag.py:545} INFO - Filling up the DagBag from /home/airflow/.local/lib/python3.12/site-packages/airflow/example_dags/tutorial.py
[2026-05-19T17:40:45.120+0000] {processor.py:840} INFO - DAG(s) 'tutorial' retrieved from /home/airflow/.local/lib/python3.12/site-packages/airflow/example_dags/tutorial.py
[2026-05-19T17:40:45.140+0000] {logging_mixin.py:188} INFO - [2026-05-19T17:40:45.139+0000] {dag.py:3096} INFO - Sync 1 DAGs
[2026-05-19T17:40:45.161+0000] {logging_mixin.py:188} INFO - [2026-05-19T17:40:45.160+0000] {dag.py:3954} INFO - Setting next_dagrun for tutorial to 2026-05-18 00:00:00+00:00, run_after=2026-05-19 00:00:00+00:00
[2026-05-19T17:40:45.180+0000] {processor.py:183} INFO - Processing /home/airflow/.local/lib/python3.12/site-packages/airflow/example_dags/tutorial.py took 0.074 seconds
[2026-05-19T17:41:15.531+0000] {processor.py:161} INFO - Started process (PID=6659) to work on /home/airflow/.local/lib/python3.12/site-packages/airflow/example_dags/tutorial.py
[2026-05-19T17:41:15.532+0000] {processor.py:830} INFO - Processing file /home/airflow/.local/lib/python3.12/site-packages/airflow/example_dags/tutorial.py for tasks to queue
[2026-05-19T17:41:15.533+0000] {logging_mixin.py:188} INFO - [2026-05-19T17:41:15.533+0000] {dagbag.py:545} INFO - Filling up the DagBag from /home/airflow/.local/lib/python3.12/site-packages/airflow/example_dags/tutorial.py
[2026-05-19T17:41:15.539+0000] {processor.py:840} INFO - DAG(s) 'tutorial' retrieved from /home/airflow/.local/lib/python3.12/site-packages/airflow/example_dags/tutorial.py
[2026-05-19T17:41:15.556+0000] {logging_mixin.py:188} INFO - [2026-05-19T17:41:15.556+0000] {dag.py:3096} INFO - Sync 1 DAGs
[2026-05-19T17:41:15.574+0000] {logging_mixin.py:188} INFO - [2026-05-19T17:41:15.574+0000] {dag.py:3954} INFO - Setting next_dagrun for tutorial to 2026-05-18 00:00:00+00:00, run_after=2026-05-19 00:00:00+00:00
[2026-05-19T17:41:15.590+0000] {processor.py:183} INFO - Processing /home/airflow/.local/lib/python3.12/site-packages/airflow/example_dags/tutorial.py took 0.065 seconds
[2026-05-19T17:41:45.763+0000] {processor.py:161} INFO - Started process (PID=6718) to work on /home/airflow/.local/lib/python3.12/site-packages/airflow/example_dags/tutorial.py
[2026-05-19T17:41:45.764+0000] {processor.py:830} INFO - Processing file /home/airflow/.local/lib/python3.12/site-packages/airflow/example_dags/tutorial.py for tasks to queue
[2026-05-19T17:41:45.766+0000] {logging_mixin.py:188} INFO - [2026-05-19T17:41:45.765+0000] {dagbag.py:545} INFO - Filling up the DagBag from /home/airflow/.local/lib/python3.12/site-packages/airflow/example_dags/tutorial.py
[2026-05-19T17:41:45.770+0000] {processor.py:840} INFO - DAG(s) 'tutorial' retrieved from /home/airflow/.local/lib/python3.12/site-packages/airflow/example_dags/tutorial.py
[2026-05-19T17:41:45.787+0000] {logging_mixin.py:188} INFO - [2026-05-19T17:41:45.787+0000] {dag.py:3096} INFO - Sync 1 DAGs
[2026-05-19T17:41:45.804+0000] {logging_mixin.py:188} INFO - [2026-05-19T17:41:45.804+0000] {dag.py:3954} INFO - Setting next_dagrun for tutorial to 2026-05-18 00:00:00+00:00, run_after=2026-05-19 00:00:00+00:00
[2026-05-19T17:41:45.820+0000] {processor.py:183} INFO - Processing /home/airflow/.local/lib/python3.12/site-packages/airflow/example_dags/tutorial.py took 0.062 seconds
[2026-05-19T17:42:15.980+0000] {processor.py:161} INFO - Started process (PID=6777) to work on /home/airflow/.local/lib/python3.12/site-packages/airflow/example_dags/tutorial.py
[2026-05-19T17:42:15.981+0000] {processor.py:830} INFO - Processing file /home/airflow/.local/lib/python3.12/site-packages/airflow/example_dags/tutorial.py for tasks to queue
[2026-05-19T17:42:15.983+0000] {logging_mixin.py:188} INFO - [2026-05-19T17:42:15.983+0000] {dagbag.py:545} INFO - Filling up the DagBag from /home/airflow/.local/lib/python3.12/site-packages/airflow/example_dags/tutorial.py
[2026-05-19T17:42:15.989+0000] {processor.py:840} INFO - DAG(s) 'tutorial' retrieved from /home/airflow/.local/lib/python3.12/site-packages/airflow/example_dags/tutorial.py
[2026-05-19T17:42:16.007+0000] {logging_mixin.py:188} INFO - [2026-05-19T17:42:16.006+0000] {dag.py:3096} INFO - Sync 1 DAGs
[2026-05-19T17:42:16.024+0000] {logging_mixin.py:188} INFO - [2026-05-19T17:42:16.024+0000] {dag.py:3954} INFO - Setting next_dagrun for tutorial to 2026-05-18 00:00:00+00:00, run_after=2026-05-19 00:00:00+00:00
[2026-05-19T17:42:16.040+0000] {processor.py:183} INFO - Processing /home/airflow/.local/lib/python3.12/site-packages/airflow/example_dags/tutorial.py took 0.065 seconds
[2026-05-19T17:42:47.046+0000] {processor.py:161} INFO - Started process (PID=6836) to work on /home/airflow/.local/lib/python3.12/site-packages/airflow/example_dags/tutorial.py
[2026-05-19T17:42:47.048+0000] {processor.py:830} INFO - Processing file /home/airflow/.local/lib/python3.12/site-packages/airflow/example_dags/tutorial.py for tasks to queue
[2026-05-19T17:42:47.052+0000] {logging_mixin.py:188} INFO - [2026-05-19T17:42:47.051+0000] {dagbag.py:545} INFO - Filling up the DagBag from /home/airflow/.local/lib/python3.12/site-packages/airflow/example_dags/tutorial.py
[2026-05-19T17:42:47.060+0000] {processor.py:840} INFO - DAG(s) 'tutorial' retrieved from /home/airflow/.local/lib/python3.12/site-packages/airflow/example_dags/tutorial.py
[2026-05-19T17:42:47.088+0000] {logging_mixin.py:188} INFO - [2026-05-19T17:42:47.087+0000] {dag.py:3096} INFO - Sync 1 DAGs
[2026-05-19T17:42:47.112+0000] {logging_mixin.py:188} INFO - [2026-05-19T17:42:47.112+0000] {dag.py:3954} INFO - Setting next_dagrun for tutorial to 2026-05-18 00:00:00+00:00, run_after=2026-05-19 00:00:00+00:00
[2026-05-19T17:42:47.137+0000] {processor.py:183} INFO - Processing /home/airflow/.local/lib/python3.12/site-packages/airflow/example_dags/tutorial.py took 0.098 seconds
[2026-05-19T17:43:17.656+0000] {processor.py:161} INFO - Started process (PID=6895) to work on /home/airflow/.local/lib/python3.12/site-packages/airflow/example_dags/tutorial.py
[2026-05-19T17:43:17.658+0000] {processor.py:830} INFO - Processing file /home/airflow/.local/lib/python3.12/site-packages/airflow/example_dags/tutorial.py for tasks to queue
[2026-05-19T17:43:17.662+0000] {logging_mixin.py:188} INFO - [2026-05-19T17:43:17.662+0000] {dagbag.py:545} INFO - Filling up the DagBag from /home/airflow/.local/lib/python3.12/site-packages/airflow/example_dags/tutorial.py
[2026-05-19T17:43:17.671+0000] {processor.py:840} INFO - DAG(s) 'tutorial' retrieved from /home/airflow/.local/lib/python3.12/site-packages/airflow/example_dags/tutorial.py
[2026-05-19T17:43:17.716+0000] {logging_mixin.py:188} INFO - [2026-05-19T17:43:17.716+0000] {dag.py:3096} INFO - Sync 1 DAGs
[2026-05-19T17:43:17.754+0000] {logging_mixin.py:188} INFO - [2026-05-19T17:43:17.754+0000] {dag.py:3954} INFO - Setting next_dagrun for tutorial to 2026-05-18 00:00:00+00:00, run_after=2026-05-19 00:00:00+00:00
[2026-05-19T17:43:17.789+0000] {processor.py:183} INFO - Processing /home/airflow/.local/lib/python3.12/site-packages/airflow/example_dags/tutorial.py took 0.142 seconds
[2026-05-19T17:43:47.972+0000] {processor.py:161} INFO - Started process (PID=6954) to work on /home/airflow/.local/lib/python3.12/site-packages/airflow/example_dags/tutorial.py
[2026-05-19T17:43:47.975+0000] {processor.py:830} INFO - Processing file /home/airflow/.local/lib/python3.12/site-packages/airflow/example_dags/tutorial.py for tasks to queue
[2026-05-19T17:43:47.980+0000] {logging_mixin.py:188} INFO - [2026-05-19T17:43:47.979+0000] {dagbag.py:545} INFO - Filling up the DagBag from /home/airflow/.local/lib/python3.12/site-packages/airflow/example_dags/tutorial.py
[2026-05-19T17:43:47.992+0000] {processor.py:840} INFO - DAG(s) 'tutorial' retrieved from /home/airflow/.local/lib/python3.12/site-packages/airflow/example_dags/tutorial.py
[2026-05-19T17:43:48.035+0000] {logging_mixin.py:188} INFO - [2026-05-19T17:43:48.035+0000] {dag.py:3096} INFO - Sync 1 DAGs
[2026-05-19T17:43:48.081+0000] {logging_mixin.py:188} INFO - [2026-05-19T17:43:48.080+0000] {dag.py:3954} INFO - Setting next_dagrun for tutorial to 2026-05-18 00:00:00+00:00, run_after=2026-05-19 00:00:00+00:00
[2026-05-19T17:43:48.166+0000] {processor.py:183} INFO - Processing /home/airflow/.local/lib/python3.12/site-packages/airflow/example_dags/tutorial.py took 0.203 seconds
[2026-05-19T17:44:19.155+0000] {processor.py:161} INFO - Started process (PID=7013) to work on /home/airflow/.local/lib/python3.12/site-packages/airflow/example_dags/tutorial.py
[2026-05-19T17:44:19.157+0000] {processor.py:830} INFO - Processing file /home/airflow/.local/lib/python3.12/site-packages/airflow/example_dags/tutorial.py for tasks to queue
[2026-05-19T17:44:19.161+0000] {logging_mixin.py:188} INFO - [2026-05-19T17:44:19.160+0000] {dagbag.py:545} INFO - Filling up the DagBag from /home/airflow/.local/lib/python3.12/site-packages/airflow/example_dags/tutorial.py
[2026-05-19T17:44:19.166+0000] {processor.py:840} INFO - DAG(s) 'tutorial' retrieved from /home/airflow/.local/lib/python3.12/site-packages/airflow/example_dags/tutorial.py
[2026-05-19T17:44:19.190+0000] {logging_mixin.py:188} INFO - [2026-05-19T17:44:19.190+0000] {dag.py:3096} INFO - Sync 1 DAGs
[2026-05-19T17:44:19.218+0000] {logging_mixin.py:188} INFO - [2026-05-19T17:44:19.217+0000] {dag.py:3954} INFO - Setting next_dagrun for tutorial to 2026-05-18 00:00:00+00:00, run_after=2026-05-19 00:00:00+00:00
[2026-05-19T17:44:19.241+0000] {processor.py:183} INFO - Processing /home/airflow/.local/lib/python3.12/site-packages/airflow/example_dags/tutorial.py took 0.094 seconds
[2026-05-19T17:44:49.276+0000] {processor.py:161} INFO - Started process (PID=7072) to work on /home/airflow/.local/lib/python3.12/site-packages/airflow/example_dags/tutorial.py
[2026-05-19T17:44:49.277+0000] {processor.py:830} INFO - Processing file /home/airflow/.local/lib/python3.12/site-packages/airflow/example_dags/tutorial.py for tasks to queue
[2026-05-19T17:44:49.278+0000] {logging_mixin.py:188} INFO - [2026-05-19T17:44:49.278+0000] {dagbag.py:545} INFO - Filling up the DagBag from /home/airflow/.local/lib/python3.12/site-packages/airflow/example_dags/tutorial.py
[2026-05-19T17:44:49.283+0000] {processor.py:840} INFO - DAG(s) 'tutorial' retrieved from /home/airflow/.local/lib/python3.12/site-packages/airflow/example_dags/tutorial.py
[2026-05-19T17:44:49.304+0000] {logging_mixin.py:188} INFO - [2026-05-19T17:44:49.304+0000] {dag.py:3096} INFO - Sync 1 DAGs
[2026-05-19T17:44:49.322+0000] {logging_mixin.py:188} INFO - [2026-05-19T17:44:49.322+0000] {dag.py:3954} INFO - Setting next_dagrun for tutorial to 2026-05-18 00:00:00+00:00, run_after=2026-05-19 00:00:00+00:00
[2026-05-19T17:44:49.343+0000] {processor.py:183} INFO - Processing /home/airflow/.local/lib/python3.12/site-packages/airflow/example_dags/tutorial.py took 0.072 seconds
[2026-05-19T17:45:19.624+0000] {processor.py:161} INFO - Started process (PID=7131) to work on /home/airflow/.local/lib/python3.12/site-packages/airflow/example_dags/tutorial.py
[2026-05-19T17:45:19.625+0000] {processor.py:830} INFO - Processing file /home/airflow/.local/lib/python3.12/site-packages/airflow/example_dags/tutorial.py for tasks to queue
[2026-05-19T17:45:19.627+0000] {logging_mixin.py:188} INFO - [2026-05-19T17:45:19.627+0000] {dagbag.py:545} INFO - Filling up the DagBag from /home/airflow/.local/lib/python3.12/site-packages/airflow/example_dags/tutorial.py
[2026-05-19T17:45:19.633+0000] {processor.py:840} INFO - DAG(s) 'tutorial' retrieved from /home/airflow/.local/lib/python3.12/site-packages/airflow/example_dags/tutorial.py
[2026-05-19T17:45:19.654+0000] {logging_mixin.py:188} INFO - [2026-05-19T17:45:19.654+0000] {dag.py:3096} INFO - Sync 1 DAGs
[2026-05-19T17:45:19.684+0000] {logging_mixin.py:188} INFO - [2026-05-19T17:45:19.684+0000] {dag.py:3954} INFO - Setting next_dagrun for tutorial to 2026-05-18 00:00:00+00:00, run_after=2026-05-19 00:00:00+00:00
[2026-05-19T17:45:19.708+0000] {processor.py:183} INFO - Processing /home/airflow/.local/lib/python3.12/site-packages/airflow/example_dags/tutorial.py took 0.089 seconds
[2026-05-19T17:45:50.398+0000] {processor.py:161} INFO - Started process (PID=7190) to work on /home/airflow/.local/lib/python3.12/site-packages/airflow/example_dags/tutorial.py
[2026-05-19T17:45:50.399+0000] {processor.py:830} INFO - Processing file /home/airflow/.local/lib/python3.12/site-packages/airflow/example_dags/tutorial.py for tasks to queue
[2026-05-19T17:45:50.402+0000] {logging_mixin.py:188} INFO - [2026-05-19T17:45:50.402+0000] {dagbag.py:545} INFO - Filling up the DagBag from /home/airflow/.local/lib/python3.12/site-packages/airflow/example_dags/tutorial.py
[2026-05-19T17:45:50.408+0000] {processor.py:840} INFO - DAG(s) 'tutorial' retrieved from /home/airflow/.local/lib/python3.12/site-packages/airflow/example_dags/tutorial.py
[2026-05-19T17:45:50.429+0000] {logging_mixin.py:188} INFO - [2026-05-19T17:45:50.428+0000] {dag.py:3096} INFO - Sync 1 DAGs
[2026-05-19T17:45:50.447+0000] {logging_mixin.py:188} INFO - [2026-05-19T17:45:50.447+0000] {dag.py:3954} INFO - Setting next_dagrun for tutorial to 2026-05-18 00:00:00+00:00, run_after=2026-05-19 00:00:00+00:00
[2026-05-19T17:45:50.465+0000] {processor.py:183} INFO - Processing /home/airflow/.local/lib/python3.12/site-packages/airflow/example_dags/tutorial.py took 0.075 seconds
[2026-05-19T17:47:17.209+0000] {processor.py:161} INFO - Started process (PID=88) to work on /home/airflow/.local/lib/python3.12/site-packages/airflow/example_dags/tutorial.py
[2026-05-19T17:47:17.223+0000] {processor.py:830} INFO - Processing file /home/airflow/.local/lib/python3.12/site-packages/airflow/example_dags/tutorial.py for tasks to queue
[2026-05-19T17:47:17.247+0000] {logging_mixin.py:188} INFO - [2026-05-19T17:47:17.245+0000] {dagbag.py:545} INFO - Filling up the DagBag from /home/airflow/.local/lib/python3.12/site-packages/airflow/example_dags/tutorial.py
[2026-05-19T17:47:17.350+0000] {processor.py:840} INFO - DAG(s) 'tutorial' retrieved from /home/airflow/.local/lib/python3.12/site-packages/airflow/example_dags/tutorial.py
[2026-05-19T17:47:17.919+0000] {logging_mixin.py:188} INFO - [2026-05-19T17:47:17.918+0000] {dag.py:3096} INFO - Sync 1 DAGs
[2026-05-19T17:47:18.018+0000] {logging_mixin.py:188} INFO - [2026-05-19T17:47:18.016+0000] {dag.py:3954} INFO - Setting next_dagrun for tutorial to 2026-05-18 00:00:00+00:00, run_after=2026-05-19 00:00:00+00:00
[2026-05-19T17:47:18.096+0000] {processor.py:183} INFO - Processing /home/airflow/.local/lib/python3.12/site-packages/airflow/example_dags/tutorial.py took 0.968 seconds
[2026-05-19T17:47:48.529+0000] {processor.py:161} INFO - Started process (PID=146) to work on /home/airflow/.local/lib/python3.12/site-packages/airflow/example_dags/tutorial.py
[2026-05-19T17:47:48.530+0000] {processor.py:830} INFO - Processing file /home/airflow/.local/lib/python3.12/site-packages/airflow/example_dags/tutorial.py for tasks to queue
[2026-05-19T17:47:48.533+0000] {logging_mixin.py:188} INFO - [2026-05-19T17:47:48.532+0000] {dagbag.py:545} INFO - Filling up the DagBag from /home/airflow/.local/lib/python3.12/site-packages/airflow/example_dags/tutorial.py
[2026-05-19T17:47:48.541+0000] {processor.py:840} INFO - DAG(s) 'tutorial' retrieved from /home/airflow/.local/lib/python3.12/site-packages/airflow/example_dags/tutorial.py
[2026-05-19T17:47:48.563+0000] {logging_mixin.py:188} INFO - [2026-05-19T17:47:48.563+0000] {dag.py:3096} INFO - Sync 1 DAGs
[2026-05-19T17:47:48.585+0000] {logging_mixin.py:188} INFO - [2026-05-19T17:47:48.585+0000] {dag.py:3954} INFO - Setting next_dagrun for tutorial to 2026-05-18 00:00:00+00:00, run_after=2026-05-19 00:00:00+00:00
[2026-05-19T17:47:48.627+0000] {processor.py:183} INFO - Processing /home/airflow/.local/lib/python3.12/site-packages/airflow/example_dags/tutorial.py took 0.104 seconds
[2026-05-19T17:48:18.780+0000] {processor.py:161} INFO - Started process (PID=204) to work on /home/airflow/.local/lib/python3.12/site-packages/airflow/example_dags/tutorial.py
[2026-05-19T17:48:18.781+0000] {processor.py:830} INFO - Processing file /home/airflow/.local/lib/python3.12/site-packages/airflow/example_dags/tutorial.py for tasks to queue
[2026-05-19T17:48:18.784+0000] {logging_mixin.py:188} INFO - [2026-05-19T17:48:18.783+0000] {dagbag.py:545} INFO - Filling up the DagBag from /home/airflow/.local/lib/python3.12/site-packages/airflow/example_dags/tutorial.py
[2026-05-19T17:48:18.790+0000] {processor.py:840} INFO - DAG(s) 'tutorial' retrieved from /home/airflow/.local/lib/python3.12/site-packages/airflow/example_dags/tutorial.py
[2026-05-19T17:48:18.811+0000] {logging_mixin.py:188} INFO - [2026-05-19T17:48:18.811+0000] {dag.py:3096} INFO - Sync 1 DAGs
[2026-05-19T17:48:18.831+0000] {logging_mixin.py:188} INFO - [2026-05-19T17:48:18.831+0000] {dag.py:3954} INFO - Setting next_dagrun for tutorial to 2026-05-18 00:00:00+00:00, run_after=2026-05-19 00:00:00+00:00
[2026-05-19T17:48:18.870+0000] {processor.py:183} INFO - Processing /home/airflow/.local/lib/python3.12/site-packages/airflow/example_dags/tutorial.py took 0.095 seconds
[2026-05-19T17:48:49.432+0000] {processor.py:161} INFO - Started process (PID=263) to work on /home/airflow/.local/lib/python3.12/site-packages/airflow/example_dags/tutorial.py
[2026-05-19T17:48:49.433+0000] {processor.py:830} INFO - Processing file /home/airflow/.local/lib/python3.12/site-packages/airflow/example_dags/tutorial.py for tasks to queue
[2026-05-19T17:48:49.434+0000] {logging_mixin.py:188} INFO - [2026-05-19T17:48:49.434+0000] {dagbag.py:545} INFO - Filling up the DagBag from /home/airflow/.local/lib/python3.12/site-packages/airflow/example_dags/tutorial.py
[2026-05-19T17:48:49.440+0000] {processor.py:840} INFO - DAG(s) 'tutorial' retrieved from /home/airflow/.local/lib/python3.12/site-packages/airflow/example_dags/tutorial.py
[2026-05-19T17:48:49.460+0000] {logging_mixin.py:188} INFO - [2026-05-19T17:48:49.459+0000] {dag.py:3096} INFO - Sync 1 DAGs
[2026-05-19T17:48:49.478+0000] {logging_mixin.py:188} INFO - [2026-05-19T17:48:49.478+0000] {dag.py:3954} INFO - Setting next_dagrun for tutorial to 2026-05-18 00:00:00+00:00, run_after=2026-05-19 00:00:00+00:00
[2026-05-19T17:48:49.493+0000] {processor.py:183} INFO - Processing /home/airflow/.local/lib/python3.12/site-packages/airflow/example_dags/tutorial.py took 0.066 seconds
[2026-05-19T17:49:19.585+0000] {processor.py:161} INFO - Started process (PID=321) to work on /home/airflow/.local/lib/python3.12/site-packages/airflow/example_dags/tutorial.py
[2026-05-19T17:49:19.587+0000] {processor.py:830} INFO - Processing file /home/airflow/.local/lib/python3.12/site-packages/airflow/example_dags/tutorial.py for tasks to queue
[2026-05-19T17:49:19.589+0000] {logging_mixin.py:188} INFO - [2026-05-19T17:49:19.589+0000] {dagbag.py:545} INFO - Filling up the DagBag from /home/airflow/.local/lib/python3.12/site-packages/airflow/example_dags/tutorial.py
[2026-05-19T17:49:19.594+0000] {processor.py:840} INFO - DAG(s) 'tutorial' retrieved from /home/airflow/.local/lib/python3.12/site-packages/airflow/example_dags/tutorial.py
[2026-05-19T17:49:19.615+0000] {logging_mixin.py:188} INFO - [2026-05-19T17:49:19.615+0000] {dag.py:3096} INFO - Sync 1 DAGs
[2026-05-19T17:49:19.634+0000] {logging_mixin.py:188} INFO - [2026-05-19T17:49:19.634+0000] {dag.py:3954} INFO - Setting next_dagrun for tutorial to 2026-05-18 00:00:00+00:00, run_after=2026-05-19 00:00:00+00:00
[2026-05-19T17:49:19.659+0000] {processor.py:183} INFO - Processing /home/airflow/.local/lib/python3.12/site-packages/airflow/example_dags/tutorial.py took 0.079 seconds
[2026-05-19T17:49:49.745+0000] {processor.py:161} INFO - Started process (PID=379) to work on /home/airflow/.local/lib/python3.12/site-packages/airflow/example_dags/tutorial.py
[2026-05-19T17:49:49.746+0000] {processor.py:830} INFO - Processing file /home/airflow/.local/lib/python3.12/site-packages/airflow/example_dags/tutorial.py for tasks to queue
[2026-05-19T17:49:49.748+0000] {logging_mixin.py:188} INFO - [2026-05-19T17:49:49.748+0000] {dagbag.py:545} INFO - Filling up the DagBag from /home/airflow/.local/lib/python3.12/site-packages/airflow/example_dags/tutorial.py
[2026-05-19T17:49:49.754+0000] {processor.py:840} INFO - DAG(s) 'tutorial' retrieved from /home/airflow/.local/lib/python3.12/site-packages/airflow/example_dags/tutorial.py
[2026-05-19T17:49:49.775+0000] {logging_mixin.py:188} INFO - [2026-05-19T17:49:49.775+0000] {dag.py:3096} INFO - Sync 1 DAGs
[2026-05-19T17:49:49.798+0000] {logging_mixin.py:188} INFO - [2026-05-19T17:49:49.797+0000] {dag.py:3954} INFO - Setting next_dagrun for tutorial to 2026-05-18 00:00:00+00:00, run_after=2026-05-19 00:00:00+00:00
[2026-05-19T17:49:49.817+0000] {processor.py:183} INFO - Processing /home/airflow/.local/lib/python3.12/site-packages/airflow/example_dags/tutorial.py took 0.077 seconds
[2026-05-19T17:50:20.042+0000] {processor.py:161} INFO - Started process (PID=438) to work on /home/airflow/.local/lib/python3.12/site-packages/airflow/example_dags/tutorial.py
[2026-05-19T17:50:20.043+0000] {processor.py:830} INFO - Processing file /home/airflow/.local/lib/python3.12/site-packages/airflow/example_dags/tutorial.py for tasks to queue
[2026-05-19T17:50:20.046+0000] {logging_mixin.py:188} INFO - [2026-05-19T17:50:20.046+0000] {dagbag.py:545} INFO - Filling up the DagBag from /home/airflow/.local/lib/python3.12/site-packages/airflow/example_dags/tutorial.py
[2026-05-19T17:50:20.058+0000] {processor.py:840} INFO - DAG(s) 'tutorial' retrieved from /home/airflow/.local/lib/python3.12/site-packages/airflow/example_dags/tutorial.py
[2026-05-19T17:50:20.089+0000] {logging_mixin.py:188} INFO - [2026-05-19T17:50:20.089+0000] {dag.py:3096} INFO - Sync 1 DAGs
[2026-05-19T17:50:20.121+0000] {logging_mixin.py:188} INFO - [2026-05-19T17:50:20.121+0000] {dag.py:3954} INFO - Setting next_dagrun for tutorial to 2026-05-18 00:00:00+00:00, run_after=2026-05-19 00:00:00+00:00
[2026-05-19T17:50:20.147+0000] {processor.py:183} INFO - Processing /home/airflow/.local/lib/python3.12/site-packages/airflow/example_dags/tutorial.py took 0.114 seconds
[2026-05-19T17:50:50.295+0000] {processor.py:161} INFO - Started process (PID=496) to work on /home/airflow/.local/lib/python3.12/site-packages/airflow/example_dags/tutorial.py
[2026-05-19T17:50:50.296+0000] {processor.py:830} INFO - Processing file /home/airflow/.local/lib/python3.12/site-packages/airflow/example_dags/tutorial.py for tasks to queue
[2026-05-19T17:50:50.300+0000] {logging_mixin.py:188} INFO - [2026-05-19T17:50:50.299+0000] {dagbag.py:545} INFO - Filling up the DagBag from /home/airflow/.local/lib/python3.12/site-packages/airflow/example_dags/tutorial.py
[2026-05-19T17:50:50.313+0000] {processor.py:840} INFO - DAG(s) 'tutorial' retrieved from /home/airflow/.local/lib/python3.12/site-packages/airflow/example_dags/tutorial.py
[2026-05-19T17:50:50.349+0000] {logging_mixin.py:188} INFO - [2026-05-19T17:50:50.349+0000] {dag.py:3096} INFO - Sync 1 DAGs
[2026-05-19T17:50:50.396+0000] {logging_mixin.py:188} INFO - [2026-05-19T17:50:50.396+0000] {dag.py:3954} INFO - Setting next_dagrun for tutorial to 2026-05-18 00:00:00+00:00, run_after=2026-05-19 00:00:00+00:00
[2026-05-19T17:50:50.427+0000] {processor.py:183} INFO - Processing /home/airflow/.local/lib/python3.12/site-packages/airflow/example_dags/tutorial.py took 0.144 seconds
[2026-05-19T17:51:20.758+0000] {processor.py:161} INFO - Started process (PID=554) to work on /home/airflow/.local/lib/python3.12/site-packages/airflow/example_dags/tutorial.py
[2026-05-19T17:51:20.762+0000] {processor.py:830} INFO - Processing file /home/airflow/.local/lib/python3.12/site-packages/airflow/example_dags/tutorial.py for tasks to queue
[2026-05-19T17:51:20.769+0000] {logging_mixin.py:188} INFO - [2026-05-19T17:51:20.768+0000] {dagbag.py:545} INFO - Filling up the DagBag from /home/airflow/.local/lib/python3.12/site-packages/airflow/example_dags/tutorial.py
[2026-05-19T17:51:20.784+0000] {processor.py:840} INFO - DAG(s) 'tutorial' retrieved from /home/airflow/.local/lib/python3.12/site-packages/airflow/example_dags/tutorial.py
[2026-05-19T17:51:20.830+0000] {logging_mixin.py:188} INFO - [2026-05-19T17:51:20.829+0000] {dag.py:3096} INFO - Sync 1 DAGs
[2026-05-19T17:51:20.876+0000] {logging_mixin.py:188} INFO - [2026-05-19T17:51:20.876+0000] {dag.py:3954} INFO - Setting next_dagrun for tutorial to 2026-05-18 00:00:00+00:00, run_after=2026-05-19 00:00:00+00:00
[2026-05-19T17:51:20.916+0000] {processor.py:183} INFO - Processing /home/airflow/.local/lib/python3.12/site-packages/airflow/example_dags/tutorial.py took 0.175 seconds
[2026-05-19T17:51:51.582+0000] {processor.py:161} INFO - Started process (PID=612) to work on /home/airflow/.local/lib/python3.12/site-packages/airflow/example_dags/tutorial.py
[2026-05-19T17:51:51.584+0000] {processor.py:830} INFO - Processing file /home/airflow/.local/lib/python3.12/site-packages/airflow/example_dags/tutorial.py for tasks to queue
[2026-05-19T17:51:51.588+0000] {logging_mixin.py:188} INFO - [2026-05-19T17:51:51.587+0000] {dagbag.py:545} INFO - Filling up the DagBag from /home/airflow/.local/lib/python3.12/site-packages/airflow/example_dags/tutorial.py
[2026-05-19T17:51:51.595+0000] {processor.py:840} INFO - DAG(s) 'tutorial' retrieved from /home/airflow/.local/lib/python3.12/site-packages/airflow/example_dags/tutorial.py
[2026-05-19T17:51:51.768+0000] {logging_mixin.py:188} INFO - [2026-05-19T17:51:51.767+0000] {dag.py:3096} INFO - Sync 1 DAGs
[2026-05-19T17:51:51.856+0000] {logging_mixin.py:188} INFO - [2026-05-19T17:51:51.856+0000] {dag.py:3954} INFO - Setting next_dagrun for tutorial to 2026-05-18 00:00:00+00:00, run_after=2026-05-19 00:00:00+00:00
[2026-05-19T17:51:51.892+0000] {processor.py:183} INFO - Processing /home/airflow/.local/lib/python3.12/site-packages/airflow/example_dags/tutorial.py took 0.318 seconds
[2026-05-19T17:52:22.542+0000] {processor.py:161} INFO - Started process (PID=670) to work on /home/airflow/.local/lib/python3.12/site-packages/airflow/example_dags/tutorial.py
[2026-05-19T17:52:22.543+0000] {processor.py:830} INFO - Processing file /home/airflow/.local/lib/python3.12/site-packages/airflow/example_dags/tutorial.py for tasks to queue
[2026-05-19T17:52:22.546+0000] {logging_mixin.py:188} INFO - [2026-05-19T17:52:22.545+0000] {dagbag.py:545} INFO - Filling up the DagBag from /home/airflow/.local/lib/python3.12/site-packages/airflow/example_dags/tutorial.py
[2026-05-19T17:52:22.554+0000] {processor.py:840} INFO - DAG(s) 'tutorial' retrieved from /home/airflow/.local/lib/python3.12/site-packages/airflow/example_dags/tutorial.py
[2026-05-19T17:52:22.577+0000] {logging_mixin.py:188} INFO - [2026-05-19T17:52:22.577+0000] {dag.py:3096} INFO - Sync 1 DAGs
[2026-05-19T17:52:22.606+0000] {logging_mixin.py:188} INFO - [2026-05-19T17:52:22.605+0000] {dag.py:3954} INFO - Setting next_dagrun for tutorial to 2026-05-18 00:00:00+00:00, run_after=2026-05-19 00:00:00+00:00
[2026-05-19T17:52:22.631+0000] {processor.py:183} INFO - Processing /home/airflow/.local/lib/python3.12/site-packages/airflow/example_dags/tutorial.py took 0.095 seconds
[2026-05-19T17:52:52.847+0000] {processor.py:161} INFO - Started process (PID=728) to work on /home/airflow/.local/lib/python3.12/site-packages/airflow/example_dags/tutorial.py
[2026-05-19T17:52:52.849+0000] {processor.py:830} INFO - Processing file /home/airflow/.local/lib/python3.12/site-packages/airflow/example_dags/tutorial.py for tasks to queue
[2026-05-19T17:52:52.851+0000] {logging_mixin.py:188} INFO - [2026-05-19T17:52:52.850+0000] {dagbag.py:545} INFO - Filling up the DagBag from /home/airflow/.local/lib/python3.12/site-packages/airflow/example_dags/tutorial.py
[2026-05-19T17:52:52.857+0000] {processor.py:840} INFO - DAG(s) 'tutorial' retrieved from /home/airflow/.local/lib/python3.12/site-packages/airflow/example_dags/tutorial.py
[2026-05-19T17:52:52.879+0000] {logging_mixin.py:188} INFO - [2026-05-19T17:52:52.879+0000] {dag.py:3096} INFO - Sync 1 DAGs
[2026-05-19T17:52:52.899+0000] {logging_mixin.py:188} INFO - [2026-05-19T17:52:52.899+0000] {dag.py:3954} INFO - Setting next_dagrun for tutorial to 2026-05-18 00:00:00+00:00, run_after=2026-05-19 00:00:00+00:00
[2026-05-19T17:52:52.940+0000] {processor.py:183} INFO - Processing /home/airflow/.local/lib/python3.12/site-packages/airflow/example_dags/tutorial.py took 0.098 seconds
[2026-05-19T17:53:23.532+0000] {processor.py:161} INFO - Started process (PID=786) to work on /home/airflow/.local/lib/python3.12/site-packages/airflow/example_dags/tutorial.py
[2026-05-19T17:53:23.533+0000] {processor.py:830} INFO - Processing file /home/airflow/.local/lib/python3.12/site-packages/airflow/example_dags/tutorial.py for tasks to queue
[2026-05-19T17:53:23.535+0000] {logging_mixin.py:188} INFO - [2026-05-19T17:53:23.535+0000] {dagbag.py:545} INFO - Filling up the DagBag from /home/airflow/.local/lib/python3.12/site-packages/airflow/example_dags/tutorial.py
[2026-05-19T17:53:23.564+0000] {processor.py:840} INFO - DAG(s) 'tutorial' retrieved from /home/airflow/.local/lib/python3.12/site-packages/airflow/example_dags/tutorial.py
[2026-05-19T17:53:23.586+0000] {logging_mixin.py:188} INFO - [2026-05-19T17:53:23.586+0000] {dag.py:3096} INFO - Sync 1 DAGs
[2026-05-19T17:53:23.608+0000] {logging_mixin.py:188} INFO - [2026-05-19T17:53:23.607+0000] {dag.py:3954} INFO - Setting next_dagrun for tutorial to 2026-05-18 00:00:00+00:00, run_after=2026-05-19 00:00:00+00:00
[2026-05-19T17:53:23.629+0000] {processor.py:183} INFO - Processing /home/airflow/.local/lib/python3.12/site-packages/airflow/example_dags/tutorial.py took 0.106 seconds
[2026-05-19T17:53:54.014+0000] {processor.py:161} INFO - Started process (PID=844) to work on /home/airflow/.local/lib/python3.12/site-packages/airflow/example_dags/tutorial.py
[2026-05-19T17:53:54.015+0000] {processor.py:830} INFO - Processing file /home/airflow/.local/lib/python3.12/site-packages/airflow/example_dags/tutorial.py for tasks to queue
[2026-05-19T17:53:54.018+0000] {logging_mixin.py:188} INFO - [2026-05-19T17:53:54.018+0000] {dagbag.py:545} INFO - Filling up the DagBag from /home/airflow/.local/lib/python3.12/site-packages/airflow/example_dags/tutorial.py
[2026-05-19T17:53:54.024+0000] {processor.py:840} INFO - DAG(s) 'tutorial' retrieved from /home/airflow/.local/lib/python3.12/site-packages/airflow/example_dags/tutorial.py
[2026-05-19T17:53:54.047+0000] {logging_mixin.py:188} INFO - [2026-05-19T17:53:54.047+0000] {dag.py:3096} INFO - Sync 1 DAGs
[2026-05-19T17:53:54.071+0000] {logging_mixin.py:188} INFO - [2026-05-19T17:53:54.071+0000] {dag.py:3954} INFO - Setting next_dagrun for tutorial to 2026-05-18 00:00:00+00:00, run_after=2026-05-19 00:00:00+00:00
[2026-05-19T17:53:54.091+0000] {processor.py:183} INFO - Processing /home/airflow/.local/lib/python3.12/site-packages/airflow/example_dags/tutorial.py took 0.084 seconds
[2026-05-19T17:54:24.558+0000] {processor.py:161} INFO - Started process (PID=902) to work on /home/airflow/.local/lib/python3.12/site-packages/airflow/example_dags/tutorial.py
[2026-05-19T17:54:24.559+0000] {processor.py:830} INFO - Processing file /home/airflow/.local/lib/python3.12/site-packages/airflow/example_dags/tutorial.py for tasks to queue
[2026-05-19T17:54:24.561+0000] {logging_mixin.py:188} INFO - [2026-05-19T17:54:24.561+0000] {dagbag.py:545} INFO - Filling up the DagBag from /home/airflow/.local/lib/python3.12/site-packages/airflow/example_dags/tutorial.py
[2026-05-19T17:54:24.567+0000] {processor.py:840} INFO - DAG(s) 'tutorial' retrieved from /home/airflow/.local/lib/python3.12/site-packages/airflow/example_dags/tutorial.py
[2026-05-19T17:54:24.587+0000] {logging_mixin.py:188} INFO - [2026-05-19T17:54:24.586+0000] {dag.py:3096} INFO - Sync 1 DAGs
[2026-05-19T17:54:24.605+0000] {logging_mixin.py:188} INFO - [2026-05-19T17:54:24.605+0000] {dag.py:3954} INFO - Setting next_dagrun for tutorial to 2026-05-18 00:00:00+00:00, run_after=2026-05-19 00:00:00+00:00
[2026-05-19T17:54:24.646+0000] {processor.py:183} INFO - Processing /home/airflow/.local/lib/python3.12/site-packages/airflow/example_dags/tutorial.py took 0.094 seconds
[2026-05-19T17:54:55.066+0000] {processor.py:161} INFO - Started process (PID=959) to work on /home/airflow/.local/lib/python3.12/site-packages/airflow/example_dags/tutorial.py
[2026-05-19T17:54:55.067+0000] {processor.py:830} INFO - Processing file /home/airflow/.local/lib/python3.12/site-packages/airflow/example_dags/tutorial.py for tasks to queue
[2026-05-19T17:54:55.070+0000] {logging_mixin.py:188} INFO - [2026-05-19T17:54:55.070+0000] {dagbag.py:545} INFO - Filling up the DagBag from /home/airflow/.local/lib/python3.12/site-packages/airflow/example_dags/tutorial.py
[2026-05-19T17:54:55.079+0000] {processor.py:840} INFO - DAG(s) 'tutorial' retrieved from /home/airflow/.local/lib/python3.12/site-packages/airflow/example_dags/tutorial.py
[2026-05-19T17:54:55.113+0000] {logging_mixin.py:188} INFO - [2026-05-19T17:54:55.113+0000] {dag.py:3096} INFO - Sync 1 DAGs
[2026-05-19T17:54:55.143+0000] {logging_mixin.py:188} INFO - [2026-05-19T17:54:55.142+0000] {dag.py:3954} INFO - Setting next_dagrun for tutorial to 2026-05-18 00:00:00+00:00, run_after=2026-05-19 00:00:00+00:00
[2026-05-19T17:54:55.165+0000] {processor.py:183} INFO - Processing /home/airflow/.local/lib/python3.12/site-packages/airflow/example_dags/tutorial.py took 0.106 seconds
[2026-05-19T17:55:25.293+0000] {processor.py:161} INFO - Started process (PID=1017) to work on /home/airflow/.local/lib/python3.12/site-packages/airflow/example_dags/tutorial.py
[2026-05-19T17:55:25.294+0000] {processor.py:830} INFO - Processing file /home/airflow/.local/lib/python3.12/site-packages/airflow/example_dags/tutorial.py for tasks to queue
[2026-05-19T17:55:25.296+0000] {logging_mixin.py:188} INFO - [2026-05-19T17:55:25.296+0000] {dagbag.py:545} INFO - Filling up the DagBag from /home/airflow/.local/lib/python3.12/site-packages/airflow/example_dags/tutorial.py
[2026-05-19T17:55:25.302+0000] {processor.py:840} INFO - DAG(s) 'tutorial' retrieved from /home/airflow/.local/lib/python3.12/site-packages/airflow/example_dags/tutorial.py
[2026-05-19T17:55:25.324+0000] {logging_mixin.py:188} INFO - [2026-05-19T17:55:25.323+0000] {dag.py:3096} INFO - Sync 1 DAGs
[2026-05-19T17:55:25.346+0000] {logging_mixin.py:188} INFO - [2026-05-19T17:55:25.345+0000] {dag.py:3954} INFO - Setting next_dagrun for tutorial to 2026-05-18 00:00:00+00:00, run_after=2026-05-19 00:00:00+00:00
[2026-05-19T17:55:25.368+0000] {processor.py:183} INFO - Processing /home/airflow/.local/lib/python3.12/site-packages/airflow/example_dags/tutorial.py took 0.081 seconds
[2026-05-19T17:55:55.477+0000] {processor.py:161} INFO - Started process (PID=1075) to work on /home/airflow/.local/lib/python3.12/site-packages/airflow/example_dags/tutorial.py
[2026-05-19T17:55:55.478+0000] {processor.py:830} INFO - Processing file /home/airflow/.local/lib/python3.12/site-packages/airflow/example_dags/tutorial.py for tasks to queue
[2026-05-19T17:55:55.480+0000] {logging_mixin.py:188} INFO - [2026-05-19T17:55:55.479+0000] {dagbag.py:545} INFO - Filling up the DagBag from /home/airflow/.local/lib/python3.12/site-packages/airflow/example_dags/tutorial.py
[2026-05-19T17:55:55.486+0000] {processor.py:840} INFO - DAG(s) 'tutorial' retrieved from /home/airflow/.local/lib/python3.12/site-packages/airflow/example_dags/tutorial.py
[2026-05-19T17:55:55.510+0000] {logging_mixin.py:188} INFO - [2026-05-19T17:55:55.510+0000] {dag.py:3096} INFO - Sync 1 DAGs
[2026-05-19T17:55:55.535+0000] {logging_mixin.py:188} INFO - [2026-05-19T17:55:55.534+0000] {dag.py:3954} INFO - Setting next_dagrun for tutorial to 2026-05-18 00:00:00+00:00, run_after=2026-05-19 00:00:00+00:00
[2026-05-19T17:55:55.554+0000] {processor.py:183} INFO - Processing /home/airflow/.local/lib/python3.12/site-packages/airflow/example_dags/tutorial.py took 0.084 seconds
[2026-05-19T17:56:25.597+0000] {processor.py:161} INFO - Started process (PID=1133) to work on /home/airflow/.local/lib/python3.12/site-packages/airflow/example_dags/tutorial.py
[2026-05-19T17:56:25.599+0000] {processor.py:830} INFO - Processing file /home/airflow/.local/lib/python3.12/site-packages/airflow/example_dags/tutorial.py for tasks to queue
[2026-05-19T17:56:25.601+0000] {logging_mixin.py:188} INFO - [2026-05-19T17:56:25.601+0000] {dagbag.py:545} INFO - Filling up the DagBag from /home/airflow/.local/lib/python3.12/site-packages/airflow/example_dags/tutorial.py
[2026-05-19T17:56:25.608+0000] {processor.py:840} INFO - DAG(s) 'tutorial' retrieved from /home/airflow/.local/lib/python3.12/site-packages/airflow/example_dags/tutorial.py
[2026-05-19T17:56:25.631+0000] {logging_mixin.py:188} INFO - [2026-05-19T17:56:25.630+0000] {dag.py:3096} INFO - Sync 1 DAGs
[2026-05-19T17:56:25.653+0000] {logging_mixin.py:188} INFO - [2026-05-19T17:56:25.653+0000] {dag.py:3954} INFO - Setting next_dagrun for tutorial to 2026-05-18 00:00:00+00:00, run_after=2026-05-19 00:00:00+00:00
[2026-05-19T17:56:25.669+0000] {processor.py:183} INFO - Processing /home/airflow/.local/lib/python3.12/site-packages/airflow/example_dags/tutorial.py took 0.078 seconds
[2026-05-19T17:57:58.986+0000] {processor.py:161} INFO - Started process (PID=87) to work on /home/airflow/.local/lib/python3.12/site-packages/airflow/example_dags/tutorial.py
[2026-05-19T17:57:58.988+0000] {processor.py:830} INFO - Processing file /home/airflow/.local/lib/python3.12/site-packages/airflow/example_dags/tutorial.py for tasks to queue
[2026-05-19T17:57:58.991+0000] {logging_mixin.py:188} INFO - [2026-05-19T17:57:58.990+0000] {dagbag.py:545} INFO - Filling up the DagBag from /home/airflow/.local/lib/python3.12/site-packages/airflow/example_dags/tutorial.py
[2026-05-19T17:57:59.002+0000] {processor.py:840} INFO - DAG(s) 'tutorial' retrieved from /home/airflow/.local/lib/python3.12/site-packages/airflow/example_dags/tutorial.py
[2026-05-19T17:57:59.160+0000] {logging_mixin.py:188} INFO - [2026-05-19T17:57:59.160+0000] {dag.py:3096} INFO - Sync 1 DAGs
[2026-05-19T17:57:59.197+0000] {logging_mixin.py:188} INFO - [2026-05-19T17:57:59.197+0000] {dag.py:3954} INFO - Setting next_dagrun for tutorial to 2026-05-18 00:00:00+00:00, run_after=2026-05-19 00:00:00+00:00
[2026-05-19T17:57:59.230+0000] {processor.py:183} INFO - Processing /home/airflow/.local/lib/python3.12/site-packages/airflow/example_dags/tutorial.py took 0.251 seconds
[2026-05-19T17:58:30.159+0000] {processor.py:161} INFO - Started process (PID=145) to work on /home/airflow/.local/lib/python3.12/site-packages/airflow/example_dags/tutorial.py
[2026-05-19T17:58:30.160+0000] {processor.py:830} INFO - Processing file /home/airflow/.local/lib/python3.12/site-packages/airflow/example_dags/tutorial.py for tasks to queue
[2026-05-19T17:58:30.164+0000] {logging_mixin.py:188} INFO - [2026-05-19T17:58:30.163+0000] {dagbag.py:545} INFO - Filling up the DagBag from /home/airflow/.local/lib/python3.12/site-packages/airflow/example_dags/tutorial.py
[2026-05-19T17:58:30.173+0000] {processor.py:840} INFO - DAG(s) 'tutorial' retrieved from /home/airflow/.local/lib/python3.12/site-packages/airflow/example_dags/tutorial.py
[2026-05-19T17:58:30.197+0000] {logging_mixin.py:188} INFO - [2026-05-19T17:58:30.197+0000] {dag.py:3096} INFO - Sync 1 DAGs
[2026-05-19T17:58:30.223+0000] {logging_mixin.py:188} INFO - [2026-05-19T17:58:30.222+0000] {dag.py:3954} INFO - Setting next_dagrun for tutorial to 2026-05-18 00:00:00+00:00, run_after=2026-05-19 00:00:00+00:00
[2026-05-19T17:58:30.247+0000] {processor.py:183} INFO - Processing /home/airflow/.local/lib/python3.12/site-packages/airflow/example_dags/tutorial.py took 0.095 seconds
