[2026-05-19T13:25:17.628+0000] {processor.py:161} INFO - Started process (PID=82) to work on /home/airflow/.local/lib/python3.12/site-packages/airflow/example_dags/tutorial_objectstorage.py
[2026-05-19T13:25:17.631+0000] {processor.py:830} INFO - Processing file /home/airflow/.local/lib/python3.12/site-packages/airflow/example_dags/tutorial_objectstorage.py for tasks to queue
[2026-05-19T13:25:17.636+0000] {logging_mixin.py:188} INFO - [2026-05-19T13:25:17.635+0000] {dagbag.py:545} INFO - Filling up the DagBag from /home/airflow/.local/lib/python3.12/site-packages/airflow/example_dags/tutorial_objectstorage.py
[2026-05-19T13:25:17.679+0000] {processor.py:840} INFO - DAG(s) 'tutorial_objectstorage' retrieved from /home/airflow/.local/lib/python3.12/site-packages/airflow/example_dags/tutorial_objectstorage.py
[2026-05-19T13:25:18.449+0000] {logging_mixin.py:188} INFO - [2026-05-19T13:25:18.447+0000] {override.py:1829} INFO - Created Permission View: can read on DAG:tutorial_objectstorage
[2026-05-19T13:25:18.512+0000] {logging_mixin.py:188} INFO - [2026-05-19T13:25:18.511+0000] {override.py:1829} INFO - Created Permission View: can edit on DAG:tutorial_objectstorage
[2026-05-19T13:25:18.571+0000] {logging_mixin.py:188} INFO - [2026-05-19T13:25:18.569+0000] {override.py:1829} INFO - Created Permission View: can delete on DAG:tutorial_objectstorage
[2026-05-19T13:25:18.575+0000] {logging_mixin.py:188} INFO - [2026-05-19T13:25:18.573+0000] {dag.py:3096} INFO - Sync 1 DAGs
[2026-05-19T13:25:18.629+0000] {logging_mixin.py:188} INFO - [2026-05-19T13:25:18.628+0000] {dag.py:3118} INFO - Creating ORM DAG for tutorial_objectstorage
[2026-05-19T13:25:18.633+0000] {logging_mixin.py:188} INFO - [2026-05-19T13:25:18.632+0000] {dag.py:3954} INFO - Setting next_dagrun for tutorial_objectstorage to None, run_after=None
[2026-05-19T13:25:18.717+0000] {processor.py:183} INFO - Processing /home/airflow/.local/lib/python3.12/site-packages/airflow/example_dags/tutorial_objectstorage.py took 1.107 seconds
[2026-05-19T13:25:49.137+0000] {processor.py:161} INFO - Started process (PID=140) to work on /home/airflow/.local/lib/python3.12/site-packages/airflow/example_dags/tutorial_objectstorage.py
[2026-05-19T13:25:49.141+0000] {processor.py:830} INFO - Processing file /home/airflow/.local/lib/python3.12/site-packages/airflow/example_dags/tutorial_objectstorage.py for tasks to queue
[2026-05-19T13:25:49.145+0000] {logging_mixin.py:188} INFO - [2026-05-19T13:25:49.144+0000] {dagbag.py:545} INFO - Filling up the DagBag from /home/airflow/.local/lib/python3.12/site-packages/airflow/example_dags/tutorial_objectstorage.py
[2026-05-19T13:25:49.173+0000] {processor.py:840} INFO - DAG(s) 'tutorial_objectstorage' retrieved from /home/airflow/.local/lib/python3.12/site-packages/airflow/example_dags/tutorial_objectstorage.py
[2026-05-19T13:25:49.266+0000] {logging_mixin.py:188} INFO - [2026-05-19T13:25:49.265+0000] {dag.py:3096} INFO - Sync 1 DAGs
[2026-05-19T13:25:49.322+0000] {logging_mixin.py:188} INFO - [2026-05-19T13:25:49.321+0000] {dag.py:3954} INFO - Setting next_dagrun for tutorial_objectstorage to None, run_after=None
[2026-05-19T13:25:49.411+0000] {processor.py:183} INFO - Processing /home/airflow/.local/lib/python3.12/site-packages/airflow/example_dags/tutorial_objectstorage.py took 0.286 seconds
[2026-05-19T13:26:20.361+0000] {processor.py:161} INFO - Started process (PID=198) to work on /home/airflow/.local/lib/python3.12/site-packages/airflow/example_dags/tutorial_objectstorage.py
[2026-05-19T13:26:20.364+0000] {processor.py:830} INFO - Processing file /home/airflow/.local/lib/python3.12/site-packages/airflow/example_dags/tutorial_objectstorage.py for tasks to queue
[2026-05-19T13:26:20.368+0000] {logging_mixin.py:188} INFO - [2026-05-19T13:26:20.367+0000] {dagbag.py:545} INFO - Filling up the DagBag from /home/airflow/.local/lib/python3.12/site-packages/airflow/example_dags/tutorial_objectstorage.py
[2026-05-19T13:26:20.380+0000] {processor.py:840} INFO - DAG(s) 'tutorial_objectstorage' retrieved from /home/airflow/.local/lib/python3.12/site-packages/airflow/example_dags/tutorial_objectstorage.py
[2026-05-19T13:26:20.404+0000] {logging_mixin.py:188} INFO - [2026-05-19T13:26:20.403+0000] {dag.py:3096} INFO - Sync 1 DAGs
[2026-05-19T13:26:20.421+0000] {logging_mixin.py:188} INFO - [2026-05-19T13:26:20.420+0000] {dag.py:3954} INFO - Setting next_dagrun for tutorial_objectstorage to None, run_after=None
[2026-05-19T13:26:20.453+0000] {processor.py:183} INFO - Processing /home/airflow/.local/lib/python3.12/site-packages/airflow/example_dags/tutorial_objectstorage.py took 0.100 seconds
[2026-05-19T13:26:50.521+0000] {processor.py:161} INFO - Started process (PID=256) to work on /home/airflow/.local/lib/python3.12/site-packages/airflow/example_dags/tutorial_objectstorage.py
[2026-05-19T13:26:50.522+0000] {processor.py:830} INFO - Processing file /home/airflow/.local/lib/python3.12/site-packages/airflow/example_dags/tutorial_objectstorage.py for tasks to queue
[2026-05-19T13:26:50.526+0000] {logging_mixin.py:188} INFO - [2026-05-19T13:26:50.525+0000] {dagbag.py:545} INFO - Filling up the DagBag from /home/airflow/.local/lib/python3.12/site-packages/airflow/example_dags/tutorial_objectstorage.py
[2026-05-19T13:26:50.536+0000] {processor.py:840} INFO - DAG(s) 'tutorial_objectstorage' retrieved from /home/airflow/.local/lib/python3.12/site-packages/airflow/example_dags/tutorial_objectstorage.py
[2026-05-19T13:26:50.566+0000] {logging_mixin.py:188} INFO - [2026-05-19T13:26:50.565+0000] {dag.py:3096} INFO - Sync 1 DAGs
[2026-05-19T13:26:50.590+0000] {logging_mixin.py:188} INFO - [2026-05-19T13:26:50.589+0000] {dag.py:3954} INFO - Setting next_dagrun for tutorial_objectstorage to None, run_after=None
[2026-05-19T13:26:50.624+0000] {processor.py:183} INFO - Processing /home/airflow/.local/lib/python3.12/site-packages/airflow/example_dags/tutorial_objectstorage.py took 0.112 seconds
[2026-05-19T13:27:20.950+0000] {processor.py:161} INFO - Started process (PID=314) to work on /home/airflow/.local/lib/python3.12/site-packages/airflow/example_dags/tutorial_objectstorage.py
[2026-05-19T13:27:20.952+0000] {processor.py:830} INFO - Processing file /home/airflow/.local/lib/python3.12/site-packages/airflow/example_dags/tutorial_objectstorage.py for tasks to queue
[2026-05-19T13:27:20.956+0000] {logging_mixin.py:188} INFO - [2026-05-19T13:27:20.955+0000] {dagbag.py:545} INFO - Filling up the DagBag from /home/airflow/.local/lib/python3.12/site-packages/airflow/example_dags/tutorial_objectstorage.py
[2026-05-19T13:27:20.967+0000] {processor.py:840} INFO - DAG(s) 'tutorial_objectstorage' retrieved from /home/airflow/.local/lib/python3.12/site-packages/airflow/example_dags/tutorial_objectstorage.py
[2026-05-19T13:27:21.013+0000] {logging_mixin.py:188} INFO - [2026-05-19T13:27:21.012+0000] {dag.py:3096} INFO - Sync 1 DAGs
[2026-05-19T13:27:21.033+0000] {logging_mixin.py:188} INFO - [2026-05-19T13:27:21.033+0000] {dag.py:3954} INFO - Setting next_dagrun for tutorial_objectstorage to None, run_after=None
[2026-05-19T13:27:21.096+0000] {processor.py:183} INFO - Processing /home/airflow/.local/lib/python3.12/site-packages/airflow/example_dags/tutorial_objectstorage.py took 0.160 seconds
[2026-05-19T13:27:51.662+0000] {processor.py:161} INFO - Started process (PID=372) to work on /home/airflow/.local/lib/python3.12/site-packages/airflow/example_dags/tutorial_objectstorage.py
[2026-05-19T13:27:51.667+0000] {processor.py:830} INFO - Processing file /home/airflow/.local/lib/python3.12/site-packages/airflow/example_dags/tutorial_objectstorage.py for tasks to queue
[2026-05-19T13:27:51.670+0000] {logging_mixin.py:188} INFO - [2026-05-19T13:27:51.669+0000] {dagbag.py:545} INFO - Filling up the DagBag from /home/airflow/.local/lib/python3.12/site-packages/airflow/example_dags/tutorial_objectstorage.py
[2026-05-19T13:27:51.689+0000] {processor.py:840} INFO - DAG(s) 'tutorial_objectstorage' retrieved from /home/airflow/.local/lib/python3.12/site-packages/airflow/example_dags/tutorial_objectstorage.py
[2026-05-19T13:27:51.737+0000] {logging_mixin.py:188} INFO - [2026-05-19T13:27:51.736+0000] {dag.py:3096} INFO - Sync 1 DAGs
[2026-05-19T13:27:51.768+0000] {logging_mixin.py:188} INFO - [2026-05-19T13:27:51.768+0000] {dag.py:3954} INFO - Setting next_dagrun for tutorial_objectstorage to None, run_after=None
[2026-05-19T13:27:51.810+0000] {processor.py:183} INFO - Processing /home/airflow/.local/lib/python3.12/site-packages/airflow/example_dags/tutorial_objectstorage.py took 0.160 seconds
[2026-05-19T13:28:21.978+0000] {processor.py:161} INFO - Started process (PID=429) to work on /home/airflow/.local/lib/python3.12/site-packages/airflow/example_dags/tutorial_objectstorage.py
[2026-05-19T13:28:21.980+0000] {processor.py:830} INFO - Processing file /home/airflow/.local/lib/python3.12/site-packages/airflow/example_dags/tutorial_objectstorage.py for tasks to queue
[2026-05-19T13:28:21.982+0000] {logging_mixin.py:188} INFO - [2026-05-19T13:28:21.982+0000] {dagbag.py:545} INFO - Filling up the DagBag from /home/airflow/.local/lib/python3.12/site-packages/airflow/example_dags/tutorial_objectstorage.py
[2026-05-19T13:28:21.996+0000] {processor.py:840} INFO - DAG(s) 'tutorial_objectstorage' retrieved from /home/airflow/.local/lib/python3.12/site-packages/airflow/example_dags/tutorial_objectstorage.py
[2026-05-19T13:28:22.032+0000] {logging_mixin.py:188} INFO - [2026-05-19T13:28:22.032+0000] {dag.py:3096} INFO - Sync 1 DAGs
[2026-05-19T13:28:22.047+0000] {logging_mixin.py:188} INFO - [2026-05-19T13:28:22.047+0000] {dag.py:3954} INFO - Setting next_dagrun for tutorial_objectstorage to None, run_after=None
[2026-05-19T13:28:22.081+0000] {processor.py:183} INFO - Processing /home/airflow/.local/lib/python3.12/site-packages/airflow/example_dags/tutorial_objectstorage.py took 0.109 seconds
[2026-05-19T13:28:52.479+0000] {processor.py:161} INFO - Started process (PID=493) to work on /home/airflow/.local/lib/python3.12/site-packages/airflow/example_dags/tutorial_objectstorage.py
[2026-05-19T13:28:52.481+0000] {processor.py:830} INFO - Processing file /home/airflow/.local/lib/python3.12/site-packages/airflow/example_dags/tutorial_objectstorage.py for tasks to queue
[2026-05-19T13:28:52.484+0000] {logging_mixin.py:188} INFO - [2026-05-19T13:28:52.483+0000] {dagbag.py:545} INFO - Filling up the DagBag from /home/airflow/.local/lib/python3.12/site-packages/airflow/example_dags/tutorial_objectstorage.py
[2026-05-19T13:28:52.495+0000] {processor.py:840} INFO - DAG(s) 'tutorial_objectstorage' retrieved from /home/airflow/.local/lib/python3.12/site-packages/airflow/example_dags/tutorial_objectstorage.py
[2026-05-19T13:28:52.521+0000] {logging_mixin.py:188} INFO - [2026-05-19T13:28:52.521+0000] {dag.py:3096} INFO - Sync 1 DAGs
[2026-05-19T13:28:52.536+0000] {logging_mixin.py:188} INFO - [2026-05-19T13:28:52.536+0000] {dag.py:3954} INFO - Setting next_dagrun for tutorial_objectstorage to None, run_after=None
[2026-05-19T13:28:52.566+0000] {processor.py:183} INFO - Processing /home/airflow/.local/lib/python3.12/site-packages/airflow/example_dags/tutorial_objectstorage.py took 0.094 seconds
[2026-05-19T13:29:22.627+0000] {processor.py:161} INFO - Started process (PID=551) to work on /home/airflow/.local/lib/python3.12/site-packages/airflow/example_dags/tutorial_objectstorage.py
[2026-05-19T13:29:22.629+0000] {processor.py:830} INFO - Processing file /home/airflow/.local/lib/python3.12/site-packages/airflow/example_dags/tutorial_objectstorage.py for tasks to queue
[2026-05-19T13:29:22.633+0000] {logging_mixin.py:188} INFO - [2026-05-19T13:29:22.632+0000] {dagbag.py:545} INFO - Filling up the DagBag from /home/airflow/.local/lib/python3.12/site-packages/airflow/example_dags/tutorial_objectstorage.py
[2026-05-19T13:29:22.643+0000] {processor.py:840} INFO - DAG(s) 'tutorial_objectstorage' retrieved from /home/airflow/.local/lib/python3.12/site-packages/airflow/example_dags/tutorial_objectstorage.py
[2026-05-19T13:29:22.668+0000] {logging_mixin.py:188} INFO - [2026-05-19T13:29:22.667+0000] {dag.py:3096} INFO - Sync 1 DAGs
[2026-05-19T13:29:22.686+0000] {logging_mixin.py:188} INFO - [2026-05-19T13:29:22.686+0000] {dag.py:3954} INFO - Setting next_dagrun for tutorial_objectstorage to None, run_after=None
[2026-05-19T13:29:22.712+0000] {processor.py:183} INFO - Processing /home/airflow/.local/lib/python3.12/site-packages/airflow/example_dags/tutorial_objectstorage.py took 0.093 seconds
[2026-05-19T13:30:52.382+0000] {processor.py:161} INFO - Started process (PID=84) to work on /home/airflow/.local/lib/python3.12/site-packages/airflow/example_dags/tutorial_objectstorage.py
[2026-05-19T13:30:52.388+0000] {processor.py:830} INFO - Processing file /home/airflow/.local/lib/python3.12/site-packages/airflow/example_dags/tutorial_objectstorage.py for tasks to queue
[2026-05-19T13:30:52.397+0000] {logging_mixin.py:188} INFO - [2026-05-19T13:30:52.395+0000] {dagbag.py:545} INFO - Filling up the DagBag from /home/airflow/.local/lib/python3.12/site-packages/airflow/example_dags/tutorial_objectstorage.py
[2026-05-19T13:30:52.439+0000] {processor.py:840} INFO - DAG(s) 'tutorial_objectstorage' retrieved from /home/airflow/.local/lib/python3.12/site-packages/airflow/example_dags/tutorial_objectstorage.py
[2026-05-19T13:30:52.869+0000] {logging_mixin.py:188} INFO - [2026-05-19T13:30:52.868+0000] {dag.py:3096} INFO - Sync 1 DAGs
[2026-05-19T13:30:52.969+0000] {logging_mixin.py:188} INFO - [2026-05-19T13:30:52.968+0000] {dag.py:3954} INFO - Setting next_dagrun for tutorial_objectstorage to None, run_after=None
[2026-05-19T13:30:53.083+0000] {processor.py:183} INFO - Processing /home/airflow/.local/lib/python3.12/site-packages/airflow/example_dags/tutorial_objectstorage.py took 0.726 seconds
[2026-05-19T13:31:23.862+0000] {processor.py:161} INFO - Started process (PID=143) to work on /home/airflow/.local/lib/python3.12/site-packages/airflow/example_dags/tutorial_objectstorage.py
[2026-05-19T13:31:23.864+0000] {processor.py:830} INFO - Processing file /home/airflow/.local/lib/python3.12/site-packages/airflow/example_dags/tutorial_objectstorage.py for tasks to queue
[2026-05-19T13:31:23.868+0000] {logging_mixin.py:188} INFO - [2026-05-19T13:31:23.867+0000] {dagbag.py:545} INFO - Filling up the DagBag from /home/airflow/.local/lib/python3.12/site-packages/airflow/example_dags/tutorial_objectstorage.py
[2026-05-19T13:31:23.878+0000] {processor.py:840} INFO - DAG(s) 'tutorial_objectstorage' retrieved from /home/airflow/.local/lib/python3.12/site-packages/airflow/example_dags/tutorial_objectstorage.py
[2026-05-19T13:31:23.901+0000] {logging_mixin.py:188} INFO - [2026-05-19T13:31:23.901+0000] {dag.py:3096} INFO - Sync 1 DAGs
[2026-05-19T13:31:23.916+0000] {logging_mixin.py:188} INFO - [2026-05-19T13:31:23.916+0000] {dag.py:3954} INFO - Setting next_dagrun for tutorial_objectstorage to None, run_after=None
[2026-05-19T13:31:23.942+0000] {processor.py:183} INFO - Processing /home/airflow/.local/lib/python3.12/site-packages/airflow/example_dags/tutorial_objectstorage.py took 0.087 seconds
[2026-05-19T13:31:54.137+0000] {processor.py:161} INFO - Started process (PID=202) to work on /home/airflow/.local/lib/python3.12/site-packages/airflow/example_dags/tutorial_objectstorage.py
[2026-05-19T13:31:54.138+0000] {processor.py:830} INFO - Processing file /home/airflow/.local/lib/python3.12/site-packages/airflow/example_dags/tutorial_objectstorage.py for tasks to queue
[2026-05-19T13:31:54.141+0000] {logging_mixin.py:188} INFO - [2026-05-19T13:31:54.140+0000] {dagbag.py:545} INFO - Filling up the DagBag from /home/airflow/.local/lib/python3.12/site-packages/airflow/example_dags/tutorial_objectstorage.py
[2026-05-19T13:31:54.151+0000] {processor.py:840} INFO - DAG(s) 'tutorial_objectstorage' retrieved from /home/airflow/.local/lib/python3.12/site-packages/airflow/example_dags/tutorial_objectstorage.py
[2026-05-19T13:31:54.174+0000] {logging_mixin.py:188} INFO - [2026-05-19T13:31:54.174+0000] {dag.py:3096} INFO - Sync 1 DAGs
[2026-05-19T13:31:54.189+0000] {logging_mixin.py:188} INFO - [2026-05-19T13:31:54.189+0000] {dag.py:3954} INFO - Setting next_dagrun for tutorial_objectstorage to None, run_after=None
[2026-05-19T13:31:54.210+0000] {processor.py:183} INFO - Processing /home/airflow/.local/lib/python3.12/site-packages/airflow/example_dags/tutorial_objectstorage.py took 0.079 seconds
[2026-05-19T13:32:24.567+0000] {processor.py:161} INFO - Started process (PID=261) to work on /home/airflow/.local/lib/python3.12/site-packages/airflow/example_dags/tutorial_objectstorage.py
[2026-05-19T13:32:24.570+0000] {processor.py:830} INFO - Processing file /home/airflow/.local/lib/python3.12/site-packages/airflow/example_dags/tutorial_objectstorage.py for tasks to queue
[2026-05-19T13:32:24.574+0000] {logging_mixin.py:188} INFO - [2026-05-19T13:32:24.573+0000] {dagbag.py:545} INFO - Filling up the DagBag from /home/airflow/.local/lib/python3.12/site-packages/airflow/example_dags/tutorial_objectstorage.py
[2026-05-19T13:32:24.582+0000] {processor.py:840} INFO - DAG(s) 'tutorial_objectstorage' retrieved from /home/airflow/.local/lib/python3.12/site-packages/airflow/example_dags/tutorial_objectstorage.py
[2026-05-19T13:32:24.616+0000] {logging_mixin.py:188} INFO - [2026-05-19T13:32:24.615+0000] {dag.py:3096} INFO - Sync 1 DAGs
[2026-05-19T13:32:24.642+0000] {logging_mixin.py:188} INFO - [2026-05-19T13:32:24.642+0000] {dag.py:3954} INFO - Setting next_dagrun for tutorial_objectstorage to None, run_after=None
[2026-05-19T13:32:24.664+0000] {processor.py:183} INFO - Processing /home/airflow/.local/lib/python3.12/site-packages/airflow/example_dags/tutorial_objectstorage.py took 0.105 seconds
[2026-05-19T13:32:55.361+0000] {processor.py:161} INFO - Started process (PID=320) to work on /home/airflow/.local/lib/python3.12/site-packages/airflow/example_dags/tutorial_objectstorage.py
[2026-05-19T13:32:55.364+0000] {processor.py:830} INFO - Processing file /home/airflow/.local/lib/python3.12/site-packages/airflow/example_dags/tutorial_objectstorage.py for tasks to queue
[2026-05-19T13:32:55.371+0000] {logging_mixin.py:188} INFO - [2026-05-19T13:32:55.370+0000] {dagbag.py:545} INFO - Filling up the DagBag from /home/airflow/.local/lib/python3.12/site-packages/airflow/example_dags/tutorial_objectstorage.py
[2026-05-19T13:32:55.398+0000] {processor.py:840} INFO - DAG(s) 'tutorial_objectstorage' retrieved from /home/airflow/.local/lib/python3.12/site-packages/airflow/example_dags/tutorial_objectstorage.py
[2026-05-19T13:32:55.459+0000] {logging_mixin.py:188} INFO - [2026-05-19T13:32:55.458+0000] {dag.py:3096} INFO - Sync 1 DAGs
[2026-05-19T13:32:55.516+0000] {logging_mixin.py:188} INFO - [2026-05-19T13:32:55.515+0000] {dag.py:3954} INFO - Setting next_dagrun for tutorial_objectstorage to None, run_after=None
[2026-05-19T13:32:55.583+0000] {processor.py:183} INFO - Processing /home/airflow/.local/lib/python3.12/site-packages/airflow/example_dags/tutorial_objectstorage.py took 0.237 seconds
[2026-05-19T13:33:25.896+0000] {processor.py:161} INFO - Started process (PID=379) to work on /home/airflow/.local/lib/python3.12/site-packages/airflow/example_dags/tutorial_objectstorage.py
[2026-05-19T13:33:25.897+0000] {processor.py:830} INFO - Processing file /home/airflow/.local/lib/python3.12/site-packages/airflow/example_dags/tutorial_objectstorage.py for tasks to queue
[2026-05-19T13:33:25.899+0000] {logging_mixin.py:188} INFO - [2026-05-19T13:33:25.899+0000] {dagbag.py:545} INFO - Filling up the DagBag from /home/airflow/.local/lib/python3.12/site-packages/airflow/example_dags/tutorial_objectstorage.py
[2026-05-19T13:33:25.908+0000] {processor.py:840} INFO - DAG(s) 'tutorial_objectstorage' retrieved from /home/airflow/.local/lib/python3.12/site-packages/airflow/example_dags/tutorial_objectstorage.py
[2026-05-19T13:33:25.948+0000] {logging_mixin.py:188} INFO - [2026-05-19T13:33:25.948+0000] {dag.py:3096} INFO - Sync 1 DAGs
[2026-05-19T13:33:25.966+0000] {logging_mixin.py:188} INFO - [2026-05-19T13:33:25.966+0000] {dag.py:3954} INFO - Setting next_dagrun for tutorial_objectstorage to None, run_after=None
[2026-05-19T13:33:26.008+0000] {processor.py:183} INFO - Processing /home/airflow/.local/lib/python3.12/site-packages/airflow/example_dags/tutorial_objectstorage.py took 0.121 seconds
[2026-05-19T13:33:56.072+0000] {processor.py:161} INFO - Started process (PID=438) to work on /home/airflow/.local/lib/python3.12/site-packages/airflow/example_dags/tutorial_objectstorage.py
[2026-05-19T13:33:56.075+0000] {processor.py:830} INFO - Processing file /home/airflow/.local/lib/python3.12/site-packages/airflow/example_dags/tutorial_objectstorage.py for tasks to queue
[2026-05-19T13:33:56.079+0000] {logging_mixin.py:188} INFO - [2026-05-19T13:33:56.078+0000] {dagbag.py:545} INFO - Filling up the DagBag from /home/airflow/.local/lib/python3.12/site-packages/airflow/example_dags/tutorial_objectstorage.py
[2026-05-19T13:33:56.087+0000] {processor.py:840} INFO - DAG(s) 'tutorial_objectstorage' retrieved from /home/airflow/.local/lib/python3.12/site-packages/airflow/example_dags/tutorial_objectstorage.py
[2026-05-19T13:33:56.112+0000] {logging_mixin.py:188} INFO - [2026-05-19T13:33:56.112+0000] {dag.py:3096} INFO - Sync 1 DAGs
[2026-05-19T13:33:56.129+0000] {logging_mixin.py:188} INFO - [2026-05-19T13:33:56.129+0000] {dag.py:3954} INFO - Setting next_dagrun for tutorial_objectstorage to None, run_after=None
[2026-05-19T13:33:56.156+0000] {processor.py:183} INFO - Processing /home/airflow/.local/lib/python3.12/site-packages/airflow/example_dags/tutorial_objectstorage.py took 0.089 seconds
[2026-05-19T13:34:26.386+0000] {processor.py:161} INFO - Started process (PID=497) to work on /home/airflow/.local/lib/python3.12/site-packages/airflow/example_dags/tutorial_objectstorage.py
[2026-05-19T13:34:26.388+0000] {processor.py:830} INFO - Processing file /home/airflow/.local/lib/python3.12/site-packages/airflow/example_dags/tutorial_objectstorage.py for tasks to queue
[2026-05-19T13:34:26.391+0000] {logging_mixin.py:188} INFO - [2026-05-19T13:34:26.391+0000] {dagbag.py:545} INFO - Filling up the DagBag from /home/airflow/.local/lib/python3.12/site-packages/airflow/example_dags/tutorial_objectstorage.py
[2026-05-19T13:34:26.401+0000] {processor.py:840} INFO - DAG(s) 'tutorial_objectstorage' retrieved from /home/airflow/.local/lib/python3.12/site-packages/airflow/example_dags/tutorial_objectstorage.py
[2026-05-19T13:34:26.434+0000] {logging_mixin.py:188} INFO - [2026-05-19T13:34:26.433+0000] {dag.py:3096} INFO - Sync 1 DAGs
[2026-05-19T13:34:26.449+0000] {logging_mixin.py:188} INFO - [2026-05-19T13:34:26.449+0000] {dag.py:3954} INFO - Setting next_dagrun for tutorial_objectstorage to None, run_after=None
[2026-05-19T13:34:26.479+0000] {processor.py:183} INFO - Processing /home/airflow/.local/lib/python3.12/site-packages/airflow/example_dags/tutorial_objectstorage.py took 0.101 seconds
[2026-05-19T13:34:57.203+0000] {processor.py:161} INFO - Started process (PID=556) to work on /home/airflow/.local/lib/python3.12/site-packages/airflow/example_dags/tutorial_objectstorage.py
[2026-05-19T13:34:57.205+0000] {processor.py:830} INFO - Processing file /home/airflow/.local/lib/python3.12/site-packages/airflow/example_dags/tutorial_objectstorage.py for tasks to queue
[2026-05-19T13:34:57.208+0000] {logging_mixin.py:188} INFO - [2026-05-19T13:34:57.207+0000] {dagbag.py:545} INFO - Filling up the DagBag from /home/airflow/.local/lib/python3.12/site-packages/airflow/example_dags/tutorial_objectstorage.py
[2026-05-19T13:34:57.219+0000] {processor.py:840} INFO - DAG(s) 'tutorial_objectstorage' retrieved from /home/airflow/.local/lib/python3.12/site-packages/airflow/example_dags/tutorial_objectstorage.py
[2026-05-19T13:34:57.249+0000] {logging_mixin.py:188} INFO - [2026-05-19T13:34:57.249+0000] {dag.py:3096} INFO - Sync 1 DAGs
[2026-05-19T13:34:57.263+0000] {logging_mixin.py:188} INFO - [2026-05-19T13:34:57.263+0000] {dag.py:3954} INFO - Setting next_dagrun for tutorial_objectstorage to None, run_after=None
[2026-05-19T13:34:57.284+0000] {processor.py:183} INFO - Processing /home/airflow/.local/lib/python3.12/site-packages/airflow/example_dags/tutorial_objectstorage.py took 0.087 seconds
[2026-05-19T13:35:28.073+0000] {processor.py:161} INFO - Started process (PID=615) to work on /home/airflow/.local/lib/python3.12/site-packages/airflow/example_dags/tutorial_objectstorage.py
[2026-05-19T13:35:28.074+0000] {processor.py:830} INFO - Processing file /home/airflow/.local/lib/python3.12/site-packages/airflow/example_dags/tutorial_objectstorage.py for tasks to queue
[2026-05-19T13:35:28.077+0000] {logging_mixin.py:188} INFO - [2026-05-19T13:35:28.077+0000] {dagbag.py:545} INFO - Filling up the DagBag from /home/airflow/.local/lib/python3.12/site-packages/airflow/example_dags/tutorial_objectstorage.py
[2026-05-19T13:35:28.086+0000] {processor.py:840} INFO - DAG(s) 'tutorial_objectstorage' retrieved from /home/airflow/.local/lib/python3.12/site-packages/airflow/example_dags/tutorial_objectstorage.py
[2026-05-19T13:35:28.115+0000] {logging_mixin.py:188} INFO - [2026-05-19T13:35:28.114+0000] {dag.py:3096} INFO - Sync 1 DAGs
[2026-05-19T13:35:28.131+0000] {logging_mixin.py:188} INFO - [2026-05-19T13:35:28.130+0000] {dag.py:3954} INFO - Setting next_dagrun for tutorial_objectstorage to None, run_after=None
[2026-05-19T13:35:28.152+0000] {processor.py:183} INFO - Processing /home/airflow/.local/lib/python3.12/site-packages/airflow/example_dags/tutorial_objectstorage.py took 0.085 seconds
[2026-05-19T13:35:58.824+0000] {processor.py:161} INFO - Started process (PID=674) to work on /home/airflow/.local/lib/python3.12/site-packages/airflow/example_dags/tutorial_objectstorage.py
[2026-05-19T13:35:58.825+0000] {processor.py:830} INFO - Processing file /home/airflow/.local/lib/python3.12/site-packages/airflow/example_dags/tutorial_objectstorage.py for tasks to queue
[2026-05-19T13:35:58.827+0000] {logging_mixin.py:188} INFO - [2026-05-19T13:35:58.827+0000] {dagbag.py:545} INFO - Filling up the DagBag from /home/airflow/.local/lib/python3.12/site-packages/airflow/example_dags/tutorial_objectstorage.py
[2026-05-19T13:35:58.834+0000] {processor.py:840} INFO - DAG(s) 'tutorial_objectstorage' retrieved from /home/airflow/.local/lib/python3.12/site-packages/airflow/example_dags/tutorial_objectstorage.py
[2026-05-19T13:35:58.859+0000] {logging_mixin.py:188} INFO - [2026-05-19T13:35:58.859+0000] {dag.py:3096} INFO - Sync 1 DAGs
[2026-05-19T13:35:58.872+0000] {logging_mixin.py:188} INFO - [2026-05-19T13:35:58.872+0000] {dag.py:3954} INFO - Setting next_dagrun for tutorial_objectstorage to None, run_after=None
[2026-05-19T13:35:58.892+0000] {processor.py:183} INFO - Processing /home/airflow/.local/lib/python3.12/site-packages/airflow/example_dags/tutorial_objectstorage.py took 0.074 seconds
[2026-05-19T13:36:29.337+0000] {processor.py:161} INFO - Started process (PID=733) to work on /home/airflow/.local/lib/python3.12/site-packages/airflow/example_dags/tutorial_objectstorage.py
[2026-05-19T13:36:29.339+0000] {processor.py:830} INFO - Processing file /home/airflow/.local/lib/python3.12/site-packages/airflow/example_dags/tutorial_objectstorage.py for tasks to queue
[2026-05-19T13:36:29.342+0000] {logging_mixin.py:188} INFO - [2026-05-19T13:36:29.341+0000] {dagbag.py:545} INFO - Filling up the DagBag from /home/airflow/.local/lib/python3.12/site-packages/airflow/example_dags/tutorial_objectstorage.py
[2026-05-19T13:36:29.351+0000] {processor.py:840} INFO - DAG(s) 'tutorial_objectstorage' retrieved from /home/airflow/.local/lib/python3.12/site-packages/airflow/example_dags/tutorial_objectstorage.py
[2026-05-19T13:36:29.374+0000] {logging_mixin.py:188} INFO - [2026-05-19T13:36:29.374+0000] {dag.py:3096} INFO - Sync 1 DAGs
[2026-05-19T13:36:29.388+0000] {logging_mixin.py:188} INFO - [2026-05-19T13:36:29.388+0000] {dag.py:3954} INFO - Setting next_dagrun for tutorial_objectstorage to None, run_after=None
[2026-05-19T13:36:29.413+0000] {processor.py:183} INFO - Processing /home/airflow/.local/lib/python3.12/site-packages/airflow/example_dags/tutorial_objectstorage.py took 0.082 seconds
[2026-05-19T13:37:00.182+0000] {processor.py:161} INFO - Started process (PID=792) to work on /home/airflow/.local/lib/python3.12/site-packages/airflow/example_dags/tutorial_objectstorage.py
[2026-05-19T13:37:00.183+0000] {processor.py:830} INFO - Processing file /home/airflow/.local/lib/python3.12/site-packages/airflow/example_dags/tutorial_objectstorage.py for tasks to queue
[2026-05-19T13:37:00.185+0000] {logging_mixin.py:188} INFO - [2026-05-19T13:37:00.185+0000] {dagbag.py:545} INFO - Filling up the DagBag from /home/airflow/.local/lib/python3.12/site-packages/airflow/example_dags/tutorial_objectstorage.py
[2026-05-19T13:37:00.194+0000] {processor.py:840} INFO - DAG(s) 'tutorial_objectstorage' retrieved from /home/airflow/.local/lib/python3.12/site-packages/airflow/example_dags/tutorial_objectstorage.py
[2026-05-19T13:37:00.227+0000] {logging_mixin.py:188} INFO - [2026-05-19T13:37:00.226+0000] {dag.py:3096} INFO - Sync 1 DAGs
[2026-05-19T13:37:00.242+0000] {logging_mixin.py:188} INFO - [2026-05-19T13:37:00.242+0000] {dag.py:3954} INFO - Setting next_dagrun for tutorial_objectstorage to None, run_after=None
[2026-05-19T13:37:00.268+0000] {processor.py:183} INFO - Processing /home/airflow/.local/lib/python3.12/site-packages/airflow/example_dags/tutorial_objectstorage.py took 0.094 seconds
[2026-05-19T13:37:30.802+0000] {processor.py:161} INFO - Started process (PID=851) to work on /home/airflow/.local/lib/python3.12/site-packages/airflow/example_dags/tutorial_objectstorage.py
[2026-05-19T13:37:30.804+0000] {processor.py:830} INFO - Processing file /home/airflow/.local/lib/python3.12/site-packages/airflow/example_dags/tutorial_objectstorage.py for tasks to queue
[2026-05-19T13:37:30.807+0000] {logging_mixin.py:188} INFO - [2026-05-19T13:37:30.806+0000] {dagbag.py:545} INFO - Filling up the DagBag from /home/airflow/.local/lib/python3.12/site-packages/airflow/example_dags/tutorial_objectstorage.py
[2026-05-19T13:37:30.818+0000] {processor.py:840} INFO - DAG(s) 'tutorial_objectstorage' retrieved from /home/airflow/.local/lib/python3.12/site-packages/airflow/example_dags/tutorial_objectstorage.py
[2026-05-19T13:37:30.854+0000] {logging_mixin.py:188} INFO - [2026-05-19T13:37:30.854+0000] {dag.py:3096} INFO - Sync 1 DAGs
[2026-05-19T13:37:30.873+0000] {logging_mixin.py:188} INFO - [2026-05-19T13:37:30.872+0000] {dag.py:3954} INFO - Setting next_dagrun for tutorial_objectstorage to None, run_after=None
[2026-05-19T13:37:30.912+0000] {processor.py:183} INFO - Processing /home/airflow/.local/lib/python3.12/site-packages/airflow/example_dags/tutorial_objectstorage.py took 0.118 seconds
[2026-05-19T13:38:00.999+0000] {processor.py:161} INFO - Started process (PID=910) to work on /home/airflow/.local/lib/python3.12/site-packages/airflow/example_dags/tutorial_objectstorage.py
[2026-05-19T13:38:01.001+0000] {processor.py:830} INFO - Processing file /home/airflow/.local/lib/python3.12/site-packages/airflow/example_dags/tutorial_objectstorage.py for tasks to queue
[2026-05-19T13:38:01.003+0000] {logging_mixin.py:188} INFO - [2026-05-19T13:38:01.003+0000] {dagbag.py:545} INFO - Filling up the DagBag from /home/airflow/.local/lib/python3.12/site-packages/airflow/example_dags/tutorial_objectstorage.py
[2026-05-19T13:38:01.011+0000] {processor.py:840} INFO - DAG(s) 'tutorial_objectstorage' retrieved from /home/airflow/.local/lib/python3.12/site-packages/airflow/example_dags/tutorial_objectstorage.py
[2026-05-19T13:38:01.037+0000] {logging_mixin.py:188} INFO - [2026-05-19T13:38:01.037+0000] {dag.py:3096} INFO - Sync 1 DAGs
[2026-05-19T13:38:01.053+0000] {logging_mixin.py:188} INFO - [2026-05-19T13:38:01.053+0000] {dag.py:3954} INFO - Setting next_dagrun for tutorial_objectstorage to None, run_after=None
[2026-05-19T13:38:01.076+0000] {processor.py:183} INFO - Processing /home/airflow/.local/lib/python3.12/site-packages/airflow/example_dags/tutorial_objectstorage.py took 0.085 seconds
[2026-05-19T13:38:31.481+0000] {processor.py:161} INFO - Started process (PID=970) to work on /home/airflow/.local/lib/python3.12/site-packages/airflow/example_dags/tutorial_objectstorage.py
[2026-05-19T13:38:31.482+0000] {processor.py:830} INFO - Processing file /home/airflow/.local/lib/python3.12/site-packages/airflow/example_dags/tutorial_objectstorage.py for tasks to queue
[2026-05-19T13:38:31.485+0000] {logging_mixin.py:188} INFO - [2026-05-19T13:38:31.484+0000] {dagbag.py:545} INFO - Filling up the DagBag from /home/airflow/.local/lib/python3.12/site-packages/airflow/example_dags/tutorial_objectstorage.py
[2026-05-19T13:38:31.494+0000] {processor.py:840} INFO - DAG(s) 'tutorial_objectstorage' retrieved from /home/airflow/.local/lib/python3.12/site-packages/airflow/example_dags/tutorial_objectstorage.py
[2026-05-19T13:38:31.524+0000] {logging_mixin.py:188} INFO - [2026-05-19T13:38:31.523+0000] {dag.py:3096} INFO - Sync 1 DAGs
[2026-05-19T13:38:31.538+0000] {logging_mixin.py:188} INFO - [2026-05-19T13:38:31.538+0000] {dag.py:3954} INFO - Setting next_dagrun for tutorial_objectstorage to None, run_after=None
[2026-05-19T13:38:31.558+0000] {processor.py:183} INFO - Processing /home/airflow/.local/lib/python3.12/site-packages/airflow/example_dags/tutorial_objectstorage.py took 0.083 seconds
[2026-05-19T13:39:02.044+0000] {processor.py:161} INFO - Started process (PID=1030) to work on /home/airflow/.local/lib/python3.12/site-packages/airflow/example_dags/tutorial_objectstorage.py
[2026-05-19T13:39:02.046+0000] {processor.py:830} INFO - Processing file /home/airflow/.local/lib/python3.12/site-packages/airflow/example_dags/tutorial_objectstorage.py for tasks to queue
[2026-05-19T13:39:02.049+0000] {logging_mixin.py:188} INFO - [2026-05-19T13:39:02.049+0000] {dagbag.py:545} INFO - Filling up the DagBag from /home/airflow/.local/lib/python3.12/site-packages/airflow/example_dags/tutorial_objectstorage.py
[2026-05-19T13:39:02.059+0000] {processor.py:840} INFO - DAG(s) 'tutorial_objectstorage' retrieved from /home/airflow/.local/lib/python3.12/site-packages/airflow/example_dags/tutorial_objectstorage.py
[2026-05-19T13:39:02.088+0000] {logging_mixin.py:188} INFO - [2026-05-19T13:39:02.088+0000] {dag.py:3096} INFO - Sync 1 DAGs
[2026-05-19T13:39:02.101+0000] {logging_mixin.py:188} INFO - [2026-05-19T13:39:02.101+0000] {dag.py:3954} INFO - Setting next_dagrun for tutorial_objectstorage to None, run_after=None
[2026-05-19T13:39:02.126+0000] {processor.py:183} INFO - Processing /home/airflow/.local/lib/python3.12/site-packages/airflow/example_dags/tutorial_objectstorage.py took 0.089 seconds
[2026-05-19T13:39:33.152+0000] {processor.py:161} INFO - Started process (PID=1089) to work on /home/airflow/.local/lib/python3.12/site-packages/airflow/example_dags/tutorial_objectstorage.py
[2026-05-19T13:39:33.153+0000] {processor.py:830} INFO - Processing file /home/airflow/.local/lib/python3.12/site-packages/airflow/example_dags/tutorial_objectstorage.py for tasks to queue
[2026-05-19T13:39:33.155+0000] {logging_mixin.py:188} INFO - [2026-05-19T13:39:33.155+0000] {dagbag.py:545} INFO - Filling up the DagBag from /home/airflow/.local/lib/python3.12/site-packages/airflow/example_dags/tutorial_objectstorage.py
[2026-05-19T13:39:33.162+0000] {processor.py:840} INFO - DAG(s) 'tutorial_objectstorage' retrieved from /home/airflow/.local/lib/python3.12/site-packages/airflow/example_dags/tutorial_objectstorage.py
[2026-05-19T13:39:33.183+0000] {logging_mixin.py:188} INFO - [2026-05-19T13:39:33.183+0000] {dag.py:3096} INFO - Sync 1 DAGs
[2026-05-19T13:39:33.200+0000] {logging_mixin.py:188} INFO - [2026-05-19T13:39:33.200+0000] {dag.py:3954} INFO - Setting next_dagrun for tutorial_objectstorage to None, run_after=None
[2026-05-19T13:39:33.245+0000] {processor.py:183} INFO - Processing /home/airflow/.local/lib/python3.12/site-packages/airflow/example_dags/tutorial_objectstorage.py took 0.098 seconds
[2026-05-19T13:40:03.646+0000] {processor.py:161} INFO - Started process (PID=1148) to work on /home/airflow/.local/lib/python3.12/site-packages/airflow/example_dags/tutorial_objectstorage.py
[2026-05-19T13:40:03.648+0000] {processor.py:830} INFO - Processing file /home/airflow/.local/lib/python3.12/site-packages/airflow/example_dags/tutorial_objectstorage.py for tasks to queue
[2026-05-19T13:40:03.651+0000] {logging_mixin.py:188} INFO - [2026-05-19T13:40:03.650+0000] {dagbag.py:545} INFO - Filling up the DagBag from /home/airflow/.local/lib/python3.12/site-packages/airflow/example_dags/tutorial_objectstorage.py
[2026-05-19T13:40:03.659+0000] {processor.py:840} INFO - DAG(s) 'tutorial_objectstorage' retrieved from /home/airflow/.local/lib/python3.12/site-packages/airflow/example_dags/tutorial_objectstorage.py
[2026-05-19T13:40:03.685+0000] {logging_mixin.py:188} INFO - [2026-05-19T13:40:03.685+0000] {dag.py:3096} INFO - Sync 1 DAGs
[2026-05-19T13:40:03.708+0000] {logging_mixin.py:188} INFO - [2026-05-19T13:40:03.707+0000] {dag.py:3954} INFO - Setting next_dagrun for tutorial_objectstorage to None, run_after=None
[2026-05-19T13:40:03.734+0000] {processor.py:183} INFO - Processing /home/airflow/.local/lib/python3.12/site-packages/airflow/example_dags/tutorial_objectstorage.py took 0.095 seconds
[2026-05-19T13:40:34.081+0000] {processor.py:161} INFO - Started process (PID=1207) to work on /home/airflow/.local/lib/python3.12/site-packages/airflow/example_dags/tutorial_objectstorage.py
[2026-05-19T13:40:34.085+0000] {processor.py:830} INFO - Processing file /home/airflow/.local/lib/python3.12/site-packages/airflow/example_dags/tutorial_objectstorage.py for tasks to queue
[2026-05-19T13:40:34.092+0000] {logging_mixin.py:188} INFO - [2026-05-19T13:40:34.091+0000] {dagbag.py:545} INFO - Filling up the DagBag from /home/airflow/.local/lib/python3.12/site-packages/airflow/example_dags/tutorial_objectstorage.py
[2026-05-19T13:40:34.113+0000] {processor.py:840} INFO - DAG(s) 'tutorial_objectstorage' retrieved from /home/airflow/.local/lib/python3.12/site-packages/airflow/example_dags/tutorial_objectstorage.py
[2026-05-19T13:40:34.165+0000] {logging_mixin.py:188} INFO - [2026-05-19T13:40:34.165+0000] {dag.py:3096} INFO - Sync 1 DAGs
[2026-05-19T13:40:34.202+0000] {logging_mixin.py:188} INFO - [2026-05-19T13:40:34.202+0000] {dag.py:3954} INFO - Setting next_dagrun for tutorial_objectstorage to None, run_after=None
[2026-05-19T13:40:34.255+0000] {processor.py:183} INFO - Processing /home/airflow/.local/lib/python3.12/site-packages/airflow/example_dags/tutorial_objectstorage.py took 0.192 seconds
[2026-05-19T13:41:04.477+0000] {processor.py:161} INFO - Started process (PID=1266) to work on /home/airflow/.local/lib/python3.12/site-packages/airflow/example_dags/tutorial_objectstorage.py
[2026-05-19T13:41:04.478+0000] {processor.py:830} INFO - Processing file /home/airflow/.local/lib/python3.12/site-packages/airflow/example_dags/tutorial_objectstorage.py for tasks to queue
[2026-05-19T13:41:04.482+0000] {logging_mixin.py:188} INFO - [2026-05-19T13:41:04.482+0000] {dagbag.py:545} INFO - Filling up the DagBag from /home/airflow/.local/lib/python3.12/site-packages/airflow/example_dags/tutorial_objectstorage.py
[2026-05-19T13:41:04.494+0000] {processor.py:840} INFO - DAG(s) 'tutorial_objectstorage' retrieved from /home/airflow/.local/lib/python3.12/site-packages/airflow/example_dags/tutorial_objectstorage.py
[2026-05-19T13:41:04.522+0000] {logging_mixin.py:188} INFO - [2026-05-19T13:41:04.522+0000] {dag.py:3096} INFO - Sync 1 DAGs
[2026-05-19T13:41:04.538+0000] {logging_mixin.py:188} INFO - [2026-05-19T13:41:04.538+0000] {dag.py:3954} INFO - Setting next_dagrun for tutorial_objectstorage to None, run_after=None
[2026-05-19T13:41:04.571+0000] {processor.py:183} INFO - Processing /home/airflow/.local/lib/python3.12/site-packages/airflow/example_dags/tutorial_objectstorage.py took 0.101 seconds
[2026-05-19T13:41:34.847+0000] {processor.py:161} INFO - Started process (PID=1324) to work on /home/airflow/.local/lib/python3.12/site-packages/airflow/example_dags/tutorial_objectstorage.py
[2026-05-19T13:41:34.853+0000] {processor.py:830} INFO - Processing file /home/airflow/.local/lib/python3.12/site-packages/airflow/example_dags/tutorial_objectstorage.py for tasks to queue
[2026-05-19T13:41:34.860+0000] {logging_mixin.py:188} INFO - [2026-05-19T13:41:34.858+0000] {dagbag.py:545} INFO - Filling up the DagBag from /home/airflow/.local/lib/python3.12/site-packages/airflow/example_dags/tutorial_objectstorage.py
[2026-05-19T13:41:34.878+0000] {processor.py:840} INFO - DAG(s) 'tutorial_objectstorage' retrieved from /home/airflow/.local/lib/python3.12/site-packages/airflow/example_dags/tutorial_objectstorage.py
[2026-05-19T13:41:34.940+0000] {logging_mixin.py:188} INFO - [2026-05-19T13:41:34.939+0000] {dag.py:3096} INFO - Sync 1 DAGs
[2026-05-19T13:41:34.981+0000] {logging_mixin.py:188} INFO - [2026-05-19T13:41:34.981+0000] {dag.py:3954} INFO - Setting next_dagrun for tutorial_objectstorage to None, run_after=None
[2026-05-19T13:41:35.040+0000] {processor.py:183} INFO - Processing /home/airflow/.local/lib/python3.12/site-packages/airflow/example_dags/tutorial_objectstorage.py took 0.206 seconds
[2026-05-19T13:42:05.251+0000] {processor.py:161} INFO - Started process (PID=1383) to work on /home/airflow/.local/lib/python3.12/site-packages/airflow/example_dags/tutorial_objectstorage.py
[2026-05-19T13:42:05.253+0000] {processor.py:830} INFO - Processing file /home/airflow/.local/lib/python3.12/site-packages/airflow/example_dags/tutorial_objectstorage.py for tasks to queue
[2026-05-19T13:42:05.258+0000] {logging_mixin.py:188} INFO - [2026-05-19T13:42:05.258+0000] {dagbag.py:545} INFO - Filling up the DagBag from /home/airflow/.local/lib/python3.12/site-packages/airflow/example_dags/tutorial_objectstorage.py
[2026-05-19T13:42:05.293+0000] {processor.py:840} INFO - DAG(s) 'tutorial_objectstorage' retrieved from /home/airflow/.local/lib/python3.12/site-packages/airflow/example_dags/tutorial_objectstorage.py
[2026-05-19T13:42:05.366+0000] {logging_mixin.py:188} INFO - [2026-05-19T13:42:05.365+0000] {dag.py:3096} INFO - Sync 1 DAGs
[2026-05-19T13:42:05.403+0000] {logging_mixin.py:188} INFO - [2026-05-19T13:42:05.403+0000] {dag.py:3954} INFO - Setting next_dagrun for tutorial_objectstorage to None, run_after=None
[2026-05-19T13:42:05.450+0000] {processor.py:183} INFO - Processing /home/airflow/.local/lib/python3.12/site-packages/airflow/example_dags/tutorial_objectstorage.py took 0.213 seconds
[2026-05-19T13:42:36.237+0000] {processor.py:161} INFO - Started process (PID=1443) to work on /home/airflow/.local/lib/python3.12/site-packages/airflow/example_dags/tutorial_objectstorage.py
[2026-05-19T13:42:36.239+0000] {processor.py:830} INFO - Processing file /home/airflow/.local/lib/python3.12/site-packages/airflow/example_dags/tutorial_objectstorage.py for tasks to queue
[2026-05-19T13:42:36.243+0000] {logging_mixin.py:188} INFO - [2026-05-19T13:42:36.242+0000] {dagbag.py:545} INFO - Filling up the DagBag from /home/airflow/.local/lib/python3.12/site-packages/airflow/example_dags/tutorial_objectstorage.py
[2026-05-19T13:42:36.263+0000] {processor.py:840} INFO - DAG(s) 'tutorial_objectstorage' retrieved from /home/airflow/.local/lib/python3.12/site-packages/airflow/example_dags/tutorial_objectstorage.py
[2026-05-19T13:42:36.297+0000] {logging_mixin.py:188} INFO - [2026-05-19T13:42:36.296+0000] {dag.py:3096} INFO - Sync 1 DAGs
[2026-05-19T13:42:36.316+0000] {logging_mixin.py:188} INFO - [2026-05-19T13:42:36.316+0000] {dag.py:3954} INFO - Setting next_dagrun for tutorial_objectstorage to None, run_after=None
[2026-05-19T13:42:36.354+0000] {processor.py:183} INFO - Processing /home/airflow/.local/lib/python3.12/site-packages/airflow/example_dags/tutorial_objectstorage.py took 0.126 seconds
[2026-05-19T13:43:06.604+0000] {processor.py:161} INFO - Started process (PID=1502) to work on /home/airflow/.local/lib/python3.12/site-packages/airflow/example_dags/tutorial_objectstorage.py
[2026-05-19T13:43:06.606+0000] {processor.py:830} INFO - Processing file /home/airflow/.local/lib/python3.12/site-packages/airflow/example_dags/tutorial_objectstorage.py for tasks to queue
[2026-05-19T13:43:06.609+0000] {logging_mixin.py:188} INFO - [2026-05-19T13:43:06.608+0000] {dagbag.py:545} INFO - Filling up the DagBag from /home/airflow/.local/lib/python3.12/site-packages/airflow/example_dags/tutorial_objectstorage.py
[2026-05-19T13:43:06.621+0000] {processor.py:840} INFO - DAG(s) 'tutorial_objectstorage' retrieved from /home/airflow/.local/lib/python3.12/site-packages/airflow/example_dags/tutorial_objectstorage.py
[2026-05-19T13:43:06.643+0000] {logging_mixin.py:188} INFO - [2026-05-19T13:43:06.643+0000] {dag.py:3096} INFO - Sync 1 DAGs
[2026-05-19T13:43:06.654+0000] {logging_mixin.py:188} INFO - [2026-05-19T13:43:06.654+0000] {dag.py:3954} INFO - Setting next_dagrun for tutorial_objectstorage to None, run_after=None
[2026-05-19T13:43:06.683+0000] {processor.py:183} INFO - Processing /home/airflow/.local/lib/python3.12/site-packages/airflow/example_dags/tutorial_objectstorage.py took 0.086 seconds
[2026-05-19T13:43:37.749+0000] {processor.py:161} INFO - Started process (PID=1562) to work on /home/airflow/.local/lib/python3.12/site-packages/airflow/example_dags/tutorial_objectstorage.py
[2026-05-19T13:43:37.751+0000] {processor.py:830} INFO - Processing file /home/airflow/.local/lib/python3.12/site-packages/airflow/example_dags/tutorial_objectstorage.py for tasks to queue
[2026-05-19T13:43:37.755+0000] {logging_mixin.py:188} INFO - [2026-05-19T13:43:37.754+0000] {dagbag.py:545} INFO - Filling up the DagBag from /home/airflow/.local/lib/python3.12/site-packages/airflow/example_dags/tutorial_objectstorage.py
[2026-05-19T13:43:38.023+0000] {processor.py:840} INFO - DAG(s) 'tutorial_objectstorage' retrieved from /home/airflow/.local/lib/python3.12/site-packages/airflow/example_dags/tutorial_objectstorage.py
[2026-05-19T13:43:38.058+0000] {logging_mixin.py:188} INFO - [2026-05-19T13:43:38.058+0000] {dag.py:3096} INFO - Sync 1 DAGs
[2026-05-19T13:43:38.077+0000] {logging_mixin.py:188} INFO - [2026-05-19T13:43:38.076+0000] {dag.py:3954} INFO - Setting next_dagrun for tutorial_objectstorage to None, run_after=None
[2026-05-19T13:43:38.126+0000] {processor.py:183} INFO - Processing /home/airflow/.local/lib/python3.12/site-packages/airflow/example_dags/tutorial_objectstorage.py took 0.386 seconds
[2026-05-19T13:44:08.909+0000] {processor.py:161} INFO - Started process (PID=1621) to work on /home/airflow/.local/lib/python3.12/site-packages/airflow/example_dags/tutorial_objectstorage.py
[2026-05-19T13:44:08.911+0000] {processor.py:830} INFO - Processing file /home/airflow/.local/lib/python3.12/site-packages/airflow/example_dags/tutorial_objectstorage.py for tasks to queue
[2026-05-19T13:44:08.914+0000] {logging_mixin.py:188} INFO - [2026-05-19T13:44:08.913+0000] {dagbag.py:545} INFO - Filling up the DagBag from /home/airflow/.local/lib/python3.12/site-packages/airflow/example_dags/tutorial_objectstorage.py
[2026-05-19T13:44:08.923+0000] {processor.py:840} INFO - DAG(s) 'tutorial_objectstorage' retrieved from /home/airflow/.local/lib/python3.12/site-packages/airflow/example_dags/tutorial_objectstorage.py
[2026-05-19T13:44:08.944+0000] {logging_mixin.py:188} INFO - [2026-05-19T13:44:08.944+0000] {dag.py:3096} INFO - Sync 1 DAGs
[2026-05-19T13:44:08.957+0000] {logging_mixin.py:188} INFO - [2026-05-19T13:44:08.957+0000] {dag.py:3954} INFO - Setting next_dagrun for tutorial_objectstorage to None, run_after=None
[2026-05-19T13:44:08.981+0000] {processor.py:183} INFO - Processing /home/airflow/.local/lib/python3.12/site-packages/airflow/example_dags/tutorial_objectstorage.py took 0.080 seconds
[2026-05-19T13:44:39.316+0000] {processor.py:161} INFO - Started process (PID=1680) to work on /home/airflow/.local/lib/python3.12/site-packages/airflow/example_dags/tutorial_objectstorage.py
[2026-05-19T13:44:39.317+0000] {processor.py:830} INFO - Processing file /home/airflow/.local/lib/python3.12/site-packages/airflow/example_dags/tutorial_objectstorage.py for tasks to queue
[2026-05-19T13:44:39.320+0000] {logging_mixin.py:188} INFO - [2026-05-19T13:44:39.320+0000] {dagbag.py:545} INFO - Filling up the DagBag from /home/airflow/.local/lib/python3.12/site-packages/airflow/example_dags/tutorial_objectstorage.py
[2026-05-19T13:44:39.329+0000] {processor.py:840} INFO - DAG(s) 'tutorial_objectstorage' retrieved from /home/airflow/.local/lib/python3.12/site-packages/airflow/example_dags/tutorial_objectstorage.py
[2026-05-19T13:44:39.355+0000] {logging_mixin.py:188} INFO - [2026-05-19T13:44:39.355+0000] {dag.py:3096} INFO - Sync 1 DAGs
[2026-05-19T13:44:39.369+0000] {logging_mixin.py:188} INFO - [2026-05-19T13:44:39.369+0000] {dag.py:3954} INFO - Setting next_dagrun for tutorial_objectstorage to None, run_after=None
[2026-05-19T13:44:39.402+0000] {processor.py:183} INFO - Processing /home/airflow/.local/lib/python3.12/site-packages/airflow/example_dags/tutorial_objectstorage.py took 0.093 seconds
[2026-05-19T13:45:09.647+0000] {processor.py:161} INFO - Started process (PID=1739) to work on /home/airflow/.local/lib/python3.12/site-packages/airflow/example_dags/tutorial_objectstorage.py
[2026-05-19T13:45:09.649+0000] {processor.py:830} INFO - Processing file /home/airflow/.local/lib/python3.12/site-packages/airflow/example_dags/tutorial_objectstorage.py for tasks to queue
[2026-05-19T13:45:09.652+0000] {logging_mixin.py:188} INFO - [2026-05-19T13:45:09.651+0000] {dagbag.py:545} INFO - Filling up the DagBag from /home/airflow/.local/lib/python3.12/site-packages/airflow/example_dags/tutorial_objectstorage.py
[2026-05-19T13:45:09.663+0000] {processor.py:840} INFO - DAG(s) 'tutorial_objectstorage' retrieved from /home/airflow/.local/lib/python3.12/site-packages/airflow/example_dags/tutorial_objectstorage.py
[2026-05-19T13:45:09.693+0000] {logging_mixin.py:188} INFO - [2026-05-19T13:45:09.692+0000] {dag.py:3096} INFO - Sync 1 DAGs
[2026-05-19T13:45:09.708+0000] {logging_mixin.py:188} INFO - [2026-05-19T13:45:09.707+0000] {dag.py:3954} INFO - Setting next_dagrun for tutorial_objectstorage to None, run_after=None
[2026-05-19T13:45:09.740+0000] {processor.py:183} INFO - Processing /home/airflow/.local/lib/python3.12/site-packages/airflow/example_dags/tutorial_objectstorage.py took 0.101 seconds
[2026-05-19T13:45:40.076+0000] {processor.py:161} INFO - Started process (PID=1796) to work on /home/airflow/.local/lib/python3.12/site-packages/airflow/example_dags/tutorial_objectstorage.py
[2026-05-19T13:45:40.079+0000] {processor.py:830} INFO - Processing file /home/airflow/.local/lib/python3.12/site-packages/airflow/example_dags/tutorial_objectstorage.py for tasks to queue
[2026-05-19T13:45:40.084+0000] {logging_mixin.py:188} INFO - [2026-05-19T13:45:40.084+0000] {dagbag.py:545} INFO - Filling up the DagBag from /home/airflow/.local/lib/python3.12/site-packages/airflow/example_dags/tutorial_objectstorage.py
[2026-05-19T13:45:40.098+0000] {processor.py:840} INFO - DAG(s) 'tutorial_objectstorage' retrieved from /home/airflow/.local/lib/python3.12/site-packages/airflow/example_dags/tutorial_objectstorage.py
[2026-05-19T13:45:40.129+0000] {logging_mixin.py:188} INFO - [2026-05-19T13:45:40.129+0000] {dag.py:3096} INFO - Sync 1 DAGs
[2026-05-19T13:45:40.150+0000] {logging_mixin.py:188} INFO - [2026-05-19T13:45:40.150+0000] {dag.py:3954} INFO - Setting next_dagrun for tutorial_objectstorage to None, run_after=None
[2026-05-19T13:45:40.182+0000] {processor.py:183} INFO - Processing /home/airflow/.local/lib/python3.12/site-packages/airflow/example_dags/tutorial_objectstorage.py took 0.117 seconds
[2026-05-19T13:46:10.326+0000] {processor.py:161} INFO - Started process (PID=1855) to work on /home/airflow/.local/lib/python3.12/site-packages/airflow/example_dags/tutorial_objectstorage.py
[2026-05-19T13:46:10.327+0000] {processor.py:830} INFO - Processing file /home/airflow/.local/lib/python3.12/site-packages/airflow/example_dags/tutorial_objectstorage.py for tasks to queue
[2026-05-19T13:46:10.330+0000] {logging_mixin.py:188} INFO - [2026-05-19T13:46:10.330+0000] {dagbag.py:545} INFO - Filling up the DagBag from /home/airflow/.local/lib/python3.12/site-packages/airflow/example_dags/tutorial_objectstorage.py
[2026-05-19T13:46:10.342+0000] {processor.py:840} INFO - DAG(s) 'tutorial_objectstorage' retrieved from /home/airflow/.local/lib/python3.12/site-packages/airflow/example_dags/tutorial_objectstorage.py
[2026-05-19T13:46:10.376+0000] {logging_mixin.py:188} INFO - [2026-05-19T13:46:10.375+0000] {dag.py:3096} INFO - Sync 1 DAGs
[2026-05-19T13:46:10.398+0000] {logging_mixin.py:188} INFO - [2026-05-19T13:46:10.398+0000] {dag.py:3954} INFO - Setting next_dagrun for tutorial_objectstorage to None, run_after=None
[2026-05-19T13:46:10.434+0000] {processor.py:183} INFO - Processing /home/airflow/.local/lib/python3.12/site-packages/airflow/example_dags/tutorial_objectstorage.py took 0.118 seconds
[2026-05-19T13:46:40.980+0000] {processor.py:161} INFO - Started process (PID=1915) to work on /home/airflow/.local/lib/python3.12/site-packages/airflow/example_dags/tutorial_objectstorage.py
[2026-05-19T13:46:40.983+0000] {processor.py:830} INFO - Processing file /home/airflow/.local/lib/python3.12/site-packages/airflow/example_dags/tutorial_objectstorage.py for tasks to queue
[2026-05-19T13:46:40.988+0000] {logging_mixin.py:188} INFO - [2026-05-19T13:46:40.987+0000] {dagbag.py:545} INFO - Filling up the DagBag from /home/airflow/.local/lib/python3.12/site-packages/airflow/example_dags/tutorial_objectstorage.py
[2026-05-19T13:46:41.011+0000] {processor.py:840} INFO - DAG(s) 'tutorial_objectstorage' retrieved from /home/airflow/.local/lib/python3.12/site-packages/airflow/example_dags/tutorial_objectstorage.py
[2026-05-19T13:46:41.069+0000] {logging_mixin.py:188} INFO - [2026-05-19T13:46:41.068+0000] {dag.py:3096} INFO - Sync 1 DAGs
[2026-05-19T13:46:41.102+0000] {logging_mixin.py:188} INFO - [2026-05-19T13:46:41.102+0000] {dag.py:3954} INFO - Setting next_dagrun for tutorial_objectstorage to None, run_after=None
[2026-05-19T13:46:41.148+0000] {processor.py:183} INFO - Processing /home/airflow/.local/lib/python3.12/site-packages/airflow/example_dags/tutorial_objectstorage.py took 0.185 seconds
[2026-05-19T13:47:11.536+0000] {processor.py:161} INFO - Started process (PID=1974) to work on /home/airflow/.local/lib/python3.12/site-packages/airflow/example_dags/tutorial_objectstorage.py
[2026-05-19T13:47:11.538+0000] {processor.py:830} INFO - Processing file /home/airflow/.local/lib/python3.12/site-packages/airflow/example_dags/tutorial_objectstorage.py for tasks to queue
[2026-05-19T13:47:11.541+0000] {logging_mixin.py:188} INFO - [2026-05-19T13:47:11.540+0000] {dagbag.py:545} INFO - Filling up the DagBag from /home/airflow/.local/lib/python3.12/site-packages/airflow/example_dags/tutorial_objectstorage.py
[2026-05-19T13:47:11.553+0000] {processor.py:840} INFO - DAG(s) 'tutorial_objectstorage' retrieved from /home/airflow/.local/lib/python3.12/site-packages/airflow/example_dags/tutorial_objectstorage.py
[2026-05-19T13:47:11.589+0000] {logging_mixin.py:188} INFO - [2026-05-19T13:47:11.589+0000] {dag.py:3096} INFO - Sync 1 DAGs
[2026-05-19T13:47:11.614+0000] {logging_mixin.py:188} INFO - [2026-05-19T13:47:11.614+0000] {dag.py:3954} INFO - Setting next_dagrun for tutorial_objectstorage to None, run_after=None
[2026-05-19T13:47:11.647+0000] {processor.py:183} INFO - Processing /home/airflow/.local/lib/python3.12/site-packages/airflow/example_dags/tutorial_objectstorage.py took 0.121 seconds
[2026-05-19T13:47:42.022+0000] {processor.py:161} INFO - Started process (PID=2033) to work on /home/airflow/.local/lib/python3.12/site-packages/airflow/example_dags/tutorial_objectstorage.py
[2026-05-19T13:47:42.024+0000] {processor.py:830} INFO - Processing file /home/airflow/.local/lib/python3.12/site-packages/airflow/example_dags/tutorial_objectstorage.py for tasks to queue
[2026-05-19T13:47:42.027+0000] {logging_mixin.py:188} INFO - [2026-05-19T13:47:42.026+0000] {dagbag.py:545} INFO - Filling up the DagBag from /home/airflow/.local/lib/python3.12/site-packages/airflow/example_dags/tutorial_objectstorage.py
[2026-05-19T13:47:42.035+0000] {processor.py:840} INFO - DAG(s) 'tutorial_objectstorage' retrieved from /home/airflow/.local/lib/python3.12/site-packages/airflow/example_dags/tutorial_objectstorage.py
[2026-05-19T13:47:42.075+0000] {logging_mixin.py:188} INFO - [2026-05-19T13:47:42.074+0000] {dag.py:3096} INFO - Sync 1 DAGs
[2026-05-19T13:47:42.087+0000] {logging_mixin.py:188} INFO - [2026-05-19T13:47:42.086+0000] {dag.py:3954} INFO - Setting next_dagrun for tutorial_objectstorage to None, run_after=None
[2026-05-19T13:47:42.113+0000] {processor.py:183} INFO - Processing /home/airflow/.local/lib/python3.12/site-packages/airflow/example_dags/tutorial_objectstorage.py took 0.097 seconds
[2026-05-19T13:48:12.721+0000] {processor.py:161} INFO - Started process (PID=2092) to work on /home/airflow/.local/lib/python3.12/site-packages/airflow/example_dags/tutorial_objectstorage.py
[2026-05-19T13:48:12.723+0000] {processor.py:830} INFO - Processing file /home/airflow/.local/lib/python3.12/site-packages/airflow/example_dags/tutorial_objectstorage.py for tasks to queue
[2026-05-19T13:48:12.725+0000] {logging_mixin.py:188} INFO - [2026-05-19T13:48:12.724+0000] {dagbag.py:545} INFO - Filling up the DagBag from /home/airflow/.local/lib/python3.12/site-packages/airflow/example_dags/tutorial_objectstorage.py
[2026-05-19T13:48:12.736+0000] {processor.py:840} INFO - DAG(s) 'tutorial_objectstorage' retrieved from /home/airflow/.local/lib/python3.12/site-packages/airflow/example_dags/tutorial_objectstorage.py
[2026-05-19T13:48:12.772+0000] {logging_mixin.py:188} INFO - [2026-05-19T13:48:12.772+0000] {dag.py:3096} INFO - Sync 1 DAGs
[2026-05-19T13:48:12.791+0000] {logging_mixin.py:188} INFO - [2026-05-19T13:48:12.791+0000] {dag.py:3954} INFO - Setting next_dagrun for tutorial_objectstorage to None, run_after=None
[2026-05-19T13:48:12.824+0000] {processor.py:183} INFO - Processing /home/airflow/.local/lib/python3.12/site-packages/airflow/example_dags/tutorial_objectstorage.py took 0.115 seconds
[2026-05-19T13:48:43.375+0000] {processor.py:161} INFO - Started process (PID=2151) to work on /home/airflow/.local/lib/python3.12/site-packages/airflow/example_dags/tutorial_objectstorage.py
[2026-05-19T13:48:43.377+0000] {processor.py:830} INFO - Processing file /home/airflow/.local/lib/python3.12/site-packages/airflow/example_dags/tutorial_objectstorage.py for tasks to queue
[2026-05-19T13:48:43.379+0000] {logging_mixin.py:188} INFO - [2026-05-19T13:48:43.379+0000] {dagbag.py:545} INFO - Filling up the DagBag from /home/airflow/.local/lib/python3.12/site-packages/airflow/example_dags/tutorial_objectstorage.py
[2026-05-19T13:48:43.393+0000] {processor.py:840} INFO - DAG(s) 'tutorial_objectstorage' retrieved from /home/airflow/.local/lib/python3.12/site-packages/airflow/example_dags/tutorial_objectstorage.py
[2026-05-19T13:48:43.424+0000] {logging_mixin.py:188} INFO - [2026-05-19T13:48:43.423+0000] {dag.py:3096} INFO - Sync 1 DAGs
[2026-05-19T13:48:43.448+0000] {logging_mixin.py:188} INFO - [2026-05-19T13:48:43.447+0000] {dag.py:3954} INFO - Setting next_dagrun for tutorial_objectstorage to None, run_after=None
[2026-05-19T13:48:43.485+0000] {processor.py:183} INFO - Processing /home/airflow/.local/lib/python3.12/site-packages/airflow/example_dags/tutorial_objectstorage.py took 0.117 seconds
[2026-05-19T13:49:14.453+0000] {processor.py:161} INFO - Started process (PID=2210) to work on /home/airflow/.local/lib/python3.12/site-packages/airflow/example_dags/tutorial_objectstorage.py
[2026-05-19T13:49:14.454+0000] {processor.py:830} INFO - Processing file /home/airflow/.local/lib/python3.12/site-packages/airflow/example_dags/tutorial_objectstorage.py for tasks to queue
[2026-05-19T13:49:14.457+0000] {logging_mixin.py:188} INFO - [2026-05-19T13:49:14.456+0000] {dagbag.py:545} INFO - Filling up the DagBag from /home/airflow/.local/lib/python3.12/site-packages/airflow/example_dags/tutorial_objectstorage.py
[2026-05-19T13:49:14.466+0000] {processor.py:840} INFO - DAG(s) 'tutorial_objectstorage' retrieved from /home/airflow/.local/lib/python3.12/site-packages/airflow/example_dags/tutorial_objectstorage.py
[2026-05-19T13:49:14.504+0000] {logging_mixin.py:188} INFO - [2026-05-19T13:49:14.504+0000] {dag.py:3096} INFO - Sync 1 DAGs
[2026-05-19T13:49:14.526+0000] {logging_mixin.py:188} INFO - [2026-05-19T13:49:14.526+0000] {dag.py:3954} INFO - Setting next_dagrun for tutorial_objectstorage to None, run_after=None
[2026-05-19T13:49:14.558+0000] {processor.py:183} INFO - Processing /home/airflow/.local/lib/python3.12/site-packages/airflow/example_dags/tutorial_objectstorage.py took 0.110 seconds
[2026-05-19T13:49:44.826+0000] {processor.py:161} INFO - Started process (PID=2269) to work on /home/airflow/.local/lib/python3.12/site-packages/airflow/example_dags/tutorial_objectstorage.py
[2026-05-19T13:49:44.828+0000] {processor.py:830} INFO - Processing file /home/airflow/.local/lib/python3.12/site-packages/airflow/example_dags/tutorial_objectstorage.py for tasks to queue
[2026-05-19T13:49:44.832+0000] {logging_mixin.py:188} INFO - [2026-05-19T13:49:44.831+0000] {dagbag.py:545} INFO - Filling up the DagBag from /home/airflow/.local/lib/python3.12/site-packages/airflow/example_dags/tutorial_objectstorage.py
[2026-05-19T13:49:44.847+0000] {processor.py:840} INFO - DAG(s) 'tutorial_objectstorage' retrieved from /home/airflow/.local/lib/python3.12/site-packages/airflow/example_dags/tutorial_objectstorage.py
[2026-05-19T13:49:44.880+0000] {logging_mixin.py:188} INFO - [2026-05-19T13:49:44.880+0000] {dag.py:3096} INFO - Sync 1 DAGs
[2026-05-19T13:49:44.897+0000] {logging_mixin.py:188} INFO - [2026-05-19T13:49:44.897+0000] {dag.py:3954} INFO - Setting next_dagrun for tutorial_objectstorage to None, run_after=None
[2026-05-19T13:49:44.930+0000] {processor.py:183} INFO - Processing /home/airflow/.local/lib/python3.12/site-packages/airflow/example_dags/tutorial_objectstorage.py took 0.113 seconds
[2026-05-19T13:50:15.257+0000] {processor.py:161} INFO - Started process (PID=2328) to work on /home/airflow/.local/lib/python3.12/site-packages/airflow/example_dags/tutorial_objectstorage.py
[2026-05-19T13:50:15.260+0000] {processor.py:830} INFO - Processing file /home/airflow/.local/lib/python3.12/site-packages/airflow/example_dags/tutorial_objectstorage.py for tasks to queue
[2026-05-19T13:50:15.263+0000] {logging_mixin.py:188} INFO - [2026-05-19T13:50:15.262+0000] {dagbag.py:545} INFO - Filling up the DagBag from /home/airflow/.local/lib/python3.12/site-packages/airflow/example_dags/tutorial_objectstorage.py
[2026-05-19T13:50:15.275+0000] {processor.py:840} INFO - DAG(s) 'tutorial_objectstorage' retrieved from /home/airflow/.local/lib/python3.12/site-packages/airflow/example_dags/tutorial_objectstorage.py
[2026-05-19T13:50:15.309+0000] {logging_mixin.py:188} INFO - [2026-05-19T13:50:15.309+0000] {dag.py:3096} INFO - Sync 1 DAGs
[2026-05-19T13:50:15.334+0000] {logging_mixin.py:188} INFO - [2026-05-19T13:50:15.334+0000] {dag.py:3954} INFO - Setting next_dagrun for tutorial_objectstorage to None, run_after=None
[2026-05-19T13:50:15.378+0000] {processor.py:183} INFO - Processing /home/airflow/.local/lib/python3.12/site-packages/airflow/example_dags/tutorial_objectstorage.py took 0.131 seconds
[2026-05-19T13:50:45.473+0000] {processor.py:161} INFO - Started process (PID=2387) to work on /home/airflow/.local/lib/python3.12/site-packages/airflow/example_dags/tutorial_objectstorage.py
[2026-05-19T13:50:45.474+0000] {processor.py:830} INFO - Processing file /home/airflow/.local/lib/python3.12/site-packages/airflow/example_dags/tutorial_objectstorage.py for tasks to queue
[2026-05-19T13:50:45.479+0000] {logging_mixin.py:188} INFO - [2026-05-19T13:50:45.478+0000] {dagbag.py:545} INFO - Filling up the DagBag from /home/airflow/.local/lib/python3.12/site-packages/airflow/example_dags/tutorial_objectstorage.py
[2026-05-19T13:50:45.494+0000] {processor.py:840} INFO - DAG(s) 'tutorial_objectstorage' retrieved from /home/airflow/.local/lib/python3.12/site-packages/airflow/example_dags/tutorial_objectstorage.py
[2026-05-19T13:50:45.540+0000] {logging_mixin.py:188} INFO - [2026-05-19T13:50:45.540+0000] {dag.py:3096} INFO - Sync 1 DAGs
[2026-05-19T13:50:45.575+0000] {logging_mixin.py:188} INFO - [2026-05-19T13:50:45.575+0000] {dag.py:3954} INFO - Setting next_dagrun for tutorial_objectstorage to None, run_after=None
[2026-05-19T13:50:45.627+0000] {processor.py:183} INFO - Processing /home/airflow/.local/lib/python3.12/site-packages/airflow/example_dags/tutorial_objectstorage.py took 0.167 seconds
[2026-05-19T13:51:16.148+0000] {processor.py:161} INFO - Started process (PID=2446) to work on /home/airflow/.local/lib/python3.12/site-packages/airflow/example_dags/tutorial_objectstorage.py
[2026-05-19T13:51:16.150+0000] {processor.py:830} INFO - Processing file /home/airflow/.local/lib/python3.12/site-packages/airflow/example_dags/tutorial_objectstorage.py for tasks to queue
[2026-05-19T13:51:16.153+0000] {logging_mixin.py:188} INFO - [2026-05-19T13:51:16.153+0000] {dagbag.py:545} INFO - Filling up the DagBag from /home/airflow/.local/lib/python3.12/site-packages/airflow/example_dags/tutorial_objectstorage.py
[2026-05-19T13:51:16.163+0000] {processor.py:840} INFO - DAG(s) 'tutorial_objectstorage' retrieved from /home/airflow/.local/lib/python3.12/site-packages/airflow/example_dags/tutorial_objectstorage.py
[2026-05-19T13:51:16.189+0000] {logging_mixin.py:188} INFO - [2026-05-19T13:51:16.188+0000] {dag.py:3096} INFO - Sync 1 DAGs
[2026-05-19T13:51:16.203+0000] {logging_mixin.py:188} INFO - [2026-05-19T13:51:16.202+0000] {dag.py:3954} INFO - Setting next_dagrun for tutorial_objectstorage to None, run_after=None
[2026-05-19T13:51:16.236+0000] {processor.py:183} INFO - Processing /home/airflow/.local/lib/python3.12/site-packages/airflow/example_dags/tutorial_objectstorage.py took 0.094 seconds
[2026-05-19T13:51:46.672+0000] {processor.py:161} INFO - Started process (PID=2511) to work on /home/airflow/.local/lib/python3.12/site-packages/airflow/example_dags/tutorial_objectstorage.py
[2026-05-19T13:51:46.674+0000] {processor.py:830} INFO - Processing file /home/airflow/.local/lib/python3.12/site-packages/airflow/example_dags/tutorial_objectstorage.py for tasks to queue
[2026-05-19T13:51:46.676+0000] {logging_mixin.py:188} INFO - [2026-05-19T13:51:46.676+0000] {dagbag.py:545} INFO - Filling up the DagBag from /home/airflow/.local/lib/python3.12/site-packages/airflow/example_dags/tutorial_objectstorage.py
[2026-05-19T13:51:46.684+0000] {processor.py:840} INFO - DAG(s) 'tutorial_objectstorage' retrieved from /home/airflow/.local/lib/python3.12/site-packages/airflow/example_dags/tutorial_objectstorage.py
[2026-05-19T13:51:46.720+0000] {logging_mixin.py:188} INFO - [2026-05-19T13:51:46.720+0000] {dag.py:3096} INFO - Sync 1 DAGs
[2026-05-19T13:51:46.737+0000] {logging_mixin.py:188} INFO - [2026-05-19T13:51:46.737+0000] {dag.py:3954} INFO - Setting next_dagrun for tutorial_objectstorage to None, run_after=None
[2026-05-19T13:51:46.768+0000] {processor.py:183} INFO - Processing /home/airflow/.local/lib/python3.12/site-packages/airflow/example_dags/tutorial_objectstorage.py took 0.101 seconds
[2026-05-19T13:52:16.915+0000] {processor.py:161} INFO - Started process (PID=2570) to work on /home/airflow/.local/lib/python3.12/site-packages/airflow/example_dags/tutorial_objectstorage.py
[2026-05-19T13:52:16.918+0000] {processor.py:830} INFO - Processing file /home/airflow/.local/lib/python3.12/site-packages/airflow/example_dags/tutorial_objectstorage.py for tasks to queue
[2026-05-19T13:52:16.923+0000] {logging_mixin.py:188} INFO - [2026-05-19T13:52:16.922+0000] {dagbag.py:545} INFO - Filling up the DagBag from /home/airflow/.local/lib/python3.12/site-packages/airflow/example_dags/tutorial_objectstorage.py
[2026-05-19T13:52:16.937+0000] {processor.py:840} INFO - DAG(s) 'tutorial_objectstorage' retrieved from /home/airflow/.local/lib/python3.12/site-packages/airflow/example_dags/tutorial_objectstorage.py
[2026-05-19T13:52:16.971+0000] {logging_mixin.py:188} INFO - [2026-05-19T13:52:16.970+0000] {dag.py:3096} INFO - Sync 1 DAGs
[2026-05-19T13:52:16.991+0000] {logging_mixin.py:188} INFO - [2026-05-19T13:52:16.991+0000] {dag.py:3954} INFO - Setting next_dagrun for tutorial_objectstorage to None, run_after=None
[2026-05-19T13:52:17.023+0000] {processor.py:183} INFO - Processing /home/airflow/.local/lib/python3.12/site-packages/airflow/example_dags/tutorial_objectstorage.py took 0.121 seconds
[2026-05-19T13:52:47.188+0000] {processor.py:161} INFO - Started process (PID=2629) to work on /home/airflow/.local/lib/python3.12/site-packages/airflow/example_dags/tutorial_objectstorage.py
[2026-05-19T13:52:47.191+0000] {processor.py:830} INFO - Processing file /home/airflow/.local/lib/python3.12/site-packages/airflow/example_dags/tutorial_objectstorage.py for tasks to queue
[2026-05-19T13:52:47.196+0000] {logging_mixin.py:188} INFO - [2026-05-19T13:52:47.195+0000] {dagbag.py:545} INFO - Filling up the DagBag from /home/airflow/.local/lib/python3.12/site-packages/airflow/example_dags/tutorial_objectstorage.py
[2026-05-19T13:52:47.206+0000] {processor.py:840} INFO - DAG(s) 'tutorial_objectstorage' retrieved from /home/airflow/.local/lib/python3.12/site-packages/airflow/example_dags/tutorial_objectstorage.py
[2026-05-19T13:52:47.237+0000] {logging_mixin.py:188} INFO - [2026-05-19T13:52:47.237+0000] {dag.py:3096} INFO - Sync 1 DAGs
[2026-05-19T13:52:47.256+0000] {logging_mixin.py:188} INFO - [2026-05-19T13:52:47.256+0000] {dag.py:3954} INFO - Setting next_dagrun for tutorial_objectstorage to None, run_after=None
[2026-05-19T13:52:47.283+0000] {processor.py:183} INFO - Processing /home/airflow/.local/lib/python3.12/site-packages/airflow/example_dags/tutorial_objectstorage.py took 0.106 seconds
[2026-05-19T13:53:17.591+0000] {processor.py:161} INFO - Started process (PID=2688) to work on /home/airflow/.local/lib/python3.12/site-packages/airflow/example_dags/tutorial_objectstorage.py
[2026-05-19T13:53:17.593+0000] {processor.py:830} INFO - Processing file /home/airflow/.local/lib/python3.12/site-packages/airflow/example_dags/tutorial_objectstorage.py for tasks to queue
[2026-05-19T13:53:17.596+0000] {logging_mixin.py:188} INFO - [2026-05-19T13:53:17.596+0000] {dagbag.py:545} INFO - Filling up the DagBag from /home/airflow/.local/lib/python3.12/site-packages/airflow/example_dags/tutorial_objectstorage.py
[2026-05-19T13:53:17.609+0000] {processor.py:840} INFO - DAG(s) 'tutorial_objectstorage' retrieved from /home/airflow/.local/lib/python3.12/site-packages/airflow/example_dags/tutorial_objectstorage.py
[2026-05-19T13:53:17.637+0000] {logging_mixin.py:188} INFO - [2026-05-19T13:53:17.637+0000] {dag.py:3096} INFO - Sync 1 DAGs
[2026-05-19T13:53:17.655+0000] {logging_mixin.py:188} INFO - [2026-05-19T13:53:17.655+0000] {dag.py:3954} INFO - Setting next_dagrun for tutorial_objectstorage to None, run_after=None
[2026-05-19T13:53:17.688+0000] {processor.py:183} INFO - Processing /home/airflow/.local/lib/python3.12/site-packages/airflow/example_dags/tutorial_objectstorage.py took 0.106 seconds
[2026-05-19T13:53:47.885+0000] {processor.py:161} INFO - Started process (PID=2747) to work on /home/airflow/.local/lib/python3.12/site-packages/airflow/example_dags/tutorial_objectstorage.py
[2026-05-19T13:53:47.886+0000] {processor.py:830} INFO - Processing file /home/airflow/.local/lib/python3.12/site-packages/airflow/example_dags/tutorial_objectstorage.py for tasks to queue
[2026-05-19T13:53:47.889+0000] {logging_mixin.py:188} INFO - [2026-05-19T13:53:47.888+0000] {dagbag.py:545} INFO - Filling up the DagBag from /home/airflow/.local/lib/python3.12/site-packages/airflow/example_dags/tutorial_objectstorage.py
[2026-05-19T13:53:47.898+0000] {processor.py:840} INFO - DAG(s) 'tutorial_objectstorage' retrieved from /home/airflow/.local/lib/python3.12/site-packages/airflow/example_dags/tutorial_objectstorage.py
[2026-05-19T13:53:47.926+0000] {logging_mixin.py:188} INFO - [2026-05-19T13:53:47.925+0000] {dag.py:3096} INFO - Sync 1 DAGs
[2026-05-19T13:53:47.945+0000] {logging_mixin.py:188} INFO - [2026-05-19T13:53:47.945+0000] {dag.py:3954} INFO - Setting next_dagrun for tutorial_objectstorage to None, run_after=None
[2026-05-19T13:53:47.967+0000] {processor.py:183} INFO - Processing /home/airflow/.local/lib/python3.12/site-packages/airflow/example_dags/tutorial_objectstorage.py took 0.089 seconds
[2026-05-19T13:54:18.563+0000] {processor.py:161} INFO - Started process (PID=2806) to work on /home/airflow/.local/lib/python3.12/site-packages/airflow/example_dags/tutorial_objectstorage.py
[2026-05-19T13:54:18.565+0000] {processor.py:830} INFO - Processing file /home/airflow/.local/lib/python3.12/site-packages/airflow/example_dags/tutorial_objectstorage.py for tasks to queue
[2026-05-19T13:54:18.570+0000] {logging_mixin.py:188} INFO - [2026-05-19T13:54:18.569+0000] {dagbag.py:545} INFO - Filling up the DagBag from /home/airflow/.local/lib/python3.12/site-packages/airflow/example_dags/tutorial_objectstorage.py
[2026-05-19T13:54:18.581+0000] {processor.py:840} INFO - DAG(s) 'tutorial_objectstorage' retrieved from /home/airflow/.local/lib/python3.12/site-packages/airflow/example_dags/tutorial_objectstorage.py
[2026-05-19T13:54:18.607+0000] {logging_mixin.py:188} INFO - [2026-05-19T13:54:18.607+0000] {dag.py:3096} INFO - Sync 1 DAGs
[2026-05-19T13:54:18.625+0000] {logging_mixin.py:188} INFO - [2026-05-19T13:54:18.625+0000] {dag.py:3954} INFO - Setting next_dagrun for tutorial_objectstorage to None, run_after=None
[2026-05-19T13:54:18.657+0000] {processor.py:183} INFO - Processing /home/airflow/.local/lib/python3.12/site-packages/airflow/example_dags/tutorial_objectstorage.py took 0.104 seconds
[2026-05-19T13:54:49.147+0000] {processor.py:161} INFO - Started process (PID=2865) to work on /home/airflow/.local/lib/python3.12/site-packages/airflow/example_dags/tutorial_objectstorage.py
[2026-05-19T13:54:49.150+0000] {processor.py:830} INFO - Processing file /home/airflow/.local/lib/python3.12/site-packages/airflow/example_dags/tutorial_objectstorage.py for tasks to queue
[2026-05-19T13:54:49.157+0000] {logging_mixin.py:188} INFO - [2026-05-19T13:54:49.156+0000] {dagbag.py:545} INFO - Filling up the DagBag from /home/airflow/.local/lib/python3.12/site-packages/airflow/example_dags/tutorial_objectstorage.py
[2026-05-19T13:54:49.167+0000] {processor.py:840} INFO - DAG(s) 'tutorial_objectstorage' retrieved from /home/airflow/.local/lib/python3.12/site-packages/airflow/example_dags/tutorial_objectstorage.py
[2026-05-19T13:54:49.198+0000] {logging_mixin.py:188} INFO - [2026-05-19T13:54:49.198+0000] {dag.py:3096} INFO - Sync 1 DAGs
[2026-05-19T13:54:49.215+0000] {logging_mixin.py:188} INFO - [2026-05-19T13:54:49.214+0000] {dag.py:3954} INFO - Setting next_dagrun for tutorial_objectstorage to None, run_after=None
[2026-05-19T13:54:49.251+0000] {processor.py:183} INFO - Processing /home/airflow/.local/lib/python3.12/site-packages/airflow/example_dags/tutorial_objectstorage.py took 0.109 seconds
[2026-05-19T13:55:19.741+0000] {processor.py:161} INFO - Started process (PID=2924) to work on /home/airflow/.local/lib/python3.12/site-packages/airflow/example_dags/tutorial_objectstorage.py
[2026-05-19T13:55:19.743+0000] {processor.py:830} INFO - Processing file /home/airflow/.local/lib/python3.12/site-packages/airflow/example_dags/tutorial_objectstorage.py for tasks to queue
[2026-05-19T13:55:19.746+0000] {logging_mixin.py:188} INFO - [2026-05-19T13:55:19.745+0000] {dagbag.py:545} INFO - Filling up the DagBag from /home/airflow/.local/lib/python3.12/site-packages/airflow/example_dags/tutorial_objectstorage.py
[2026-05-19T13:55:19.756+0000] {processor.py:840} INFO - DAG(s) 'tutorial_objectstorage' retrieved from /home/airflow/.local/lib/python3.12/site-packages/airflow/example_dags/tutorial_objectstorage.py
[2026-05-19T13:55:19.791+0000] {logging_mixin.py:188} INFO - [2026-05-19T13:55:19.791+0000] {dag.py:3096} INFO - Sync 1 DAGs
[2026-05-19T13:55:19.812+0000] {logging_mixin.py:188} INFO - [2026-05-19T13:55:19.811+0000] {dag.py:3954} INFO - Setting next_dagrun for tutorial_objectstorage to None, run_after=None
[2026-05-19T13:55:19.852+0000] {processor.py:183} INFO - Processing /home/airflow/.local/lib/python3.12/site-packages/airflow/example_dags/tutorial_objectstorage.py took 0.118 seconds
[2026-05-19T13:55:50.154+0000] {processor.py:161} INFO - Started process (PID=2983) to work on /home/airflow/.local/lib/python3.12/site-packages/airflow/example_dags/tutorial_objectstorage.py
[2026-05-19T13:55:50.156+0000] {processor.py:830} INFO - Processing file /home/airflow/.local/lib/python3.12/site-packages/airflow/example_dags/tutorial_objectstorage.py for tasks to queue
[2026-05-19T13:55:50.160+0000] {logging_mixin.py:188} INFO - [2026-05-19T13:55:50.159+0000] {dagbag.py:545} INFO - Filling up the DagBag from /home/airflow/.local/lib/python3.12/site-packages/airflow/example_dags/tutorial_objectstorage.py
[2026-05-19T13:55:50.177+0000] {processor.py:840} INFO - DAG(s) 'tutorial_objectstorage' retrieved from /home/airflow/.local/lib/python3.12/site-packages/airflow/example_dags/tutorial_objectstorage.py
[2026-05-19T13:55:50.222+0000] {logging_mixin.py:188} INFO - [2026-05-19T13:55:50.222+0000] {dag.py:3096} INFO - Sync 1 DAGs
[2026-05-19T13:55:50.246+0000] {logging_mixin.py:188} INFO - [2026-05-19T13:55:50.246+0000] {dag.py:3954} INFO - Setting next_dagrun for tutorial_objectstorage to None, run_after=None
[2026-05-19T13:55:50.290+0000] {processor.py:183} INFO - Processing /home/airflow/.local/lib/python3.12/site-packages/airflow/example_dags/tutorial_objectstorage.py took 0.155 seconds
[2026-05-19T13:56:20.361+0000] {processor.py:161} INFO - Started process (PID=3040) to work on /home/airflow/.local/lib/python3.12/site-packages/airflow/example_dags/tutorial_objectstorage.py
[2026-05-19T13:56:20.362+0000] {processor.py:830} INFO - Processing file /home/airflow/.local/lib/python3.12/site-packages/airflow/example_dags/tutorial_objectstorage.py for tasks to queue
[2026-05-19T13:56:20.365+0000] {logging_mixin.py:188} INFO - [2026-05-19T13:56:20.365+0000] {dagbag.py:545} INFO - Filling up the DagBag from /home/airflow/.local/lib/python3.12/site-packages/airflow/example_dags/tutorial_objectstorage.py
[2026-05-19T13:56:20.382+0000] {processor.py:840} INFO - DAG(s) 'tutorial_objectstorage' retrieved from /home/airflow/.local/lib/python3.12/site-packages/airflow/example_dags/tutorial_objectstorage.py
[2026-05-19T13:56:20.419+0000] {logging_mixin.py:188} INFO - [2026-05-19T13:56:20.418+0000] {dag.py:3096} INFO - Sync 1 DAGs
[2026-05-19T13:56:20.453+0000] {logging_mixin.py:188} INFO - [2026-05-19T13:56:20.452+0000] {dag.py:3954} INFO - Setting next_dagrun for tutorial_objectstorage to None, run_after=None
[2026-05-19T13:56:20.497+0000] {processor.py:183} INFO - Processing /home/airflow/.local/lib/python3.12/site-packages/airflow/example_dags/tutorial_objectstorage.py took 0.146 seconds
[2026-05-19T13:56:50.925+0000] {processor.py:161} INFO - Started process (PID=3099) to work on /home/airflow/.local/lib/python3.12/site-packages/airflow/example_dags/tutorial_objectstorage.py
[2026-05-19T13:56:50.927+0000] {processor.py:830} INFO - Processing file /home/airflow/.local/lib/python3.12/site-packages/airflow/example_dags/tutorial_objectstorage.py for tasks to queue
[2026-05-19T13:56:50.931+0000] {logging_mixin.py:188} INFO - [2026-05-19T13:56:50.930+0000] {dagbag.py:545} INFO - Filling up the DagBag from /home/airflow/.local/lib/python3.12/site-packages/airflow/example_dags/tutorial_objectstorage.py
[2026-05-19T13:56:50.942+0000] {processor.py:840} INFO - DAG(s) 'tutorial_objectstorage' retrieved from /home/airflow/.local/lib/python3.12/site-packages/airflow/example_dags/tutorial_objectstorage.py
[2026-05-19T13:56:50.982+0000] {logging_mixin.py:188} INFO - [2026-05-19T13:56:50.980+0000] {dag.py:3096} INFO - Sync 1 DAGs
[2026-05-19T13:56:51.005+0000] {logging_mixin.py:188} INFO - [2026-05-19T13:56:51.004+0000] {dag.py:3954} INFO - Setting next_dagrun for tutorial_objectstorage to None, run_after=None
[2026-05-19T13:56:51.042+0000] {processor.py:183} INFO - Processing /home/airflow/.local/lib/python3.12/site-packages/airflow/example_dags/tutorial_objectstorage.py took 0.124 seconds
[2026-05-19T13:57:21.273+0000] {processor.py:161} INFO - Started process (PID=3158) to work on /home/airflow/.local/lib/python3.12/site-packages/airflow/example_dags/tutorial_objectstorage.py
[2026-05-19T13:57:21.275+0000] {processor.py:830} INFO - Processing file /home/airflow/.local/lib/python3.12/site-packages/airflow/example_dags/tutorial_objectstorage.py for tasks to queue
[2026-05-19T13:57:21.278+0000] {logging_mixin.py:188} INFO - [2026-05-19T13:57:21.278+0000] {dagbag.py:545} INFO - Filling up the DagBag from /home/airflow/.local/lib/python3.12/site-packages/airflow/example_dags/tutorial_objectstorage.py
[2026-05-19T13:57:21.289+0000] {processor.py:840} INFO - DAG(s) 'tutorial_objectstorage' retrieved from /home/airflow/.local/lib/python3.12/site-packages/airflow/example_dags/tutorial_objectstorage.py
[2026-05-19T13:57:21.315+0000] {logging_mixin.py:188} INFO - [2026-05-19T13:57:21.315+0000] {dag.py:3096} INFO - Sync 1 DAGs
[2026-05-19T13:57:21.330+0000] {logging_mixin.py:188} INFO - [2026-05-19T13:57:21.330+0000] {dag.py:3954} INFO - Setting next_dagrun for tutorial_objectstorage to None, run_after=None
[2026-05-19T13:57:21.360+0000] {processor.py:183} INFO - Processing /home/airflow/.local/lib/python3.12/site-packages/airflow/example_dags/tutorial_objectstorage.py took 0.095 seconds
[2026-05-19T13:57:52.014+0000] {processor.py:161} INFO - Started process (PID=3218) to work on /home/airflow/.local/lib/python3.12/site-packages/airflow/example_dags/tutorial_objectstorage.py
[2026-05-19T13:57:52.015+0000] {processor.py:830} INFO - Processing file /home/airflow/.local/lib/python3.12/site-packages/airflow/example_dags/tutorial_objectstorage.py for tasks to queue
[2026-05-19T13:57:52.018+0000] {logging_mixin.py:188} INFO - [2026-05-19T13:57:52.018+0000] {dagbag.py:545} INFO - Filling up the DagBag from /home/airflow/.local/lib/python3.12/site-packages/airflow/example_dags/tutorial_objectstorage.py
[2026-05-19T13:57:52.030+0000] {processor.py:840} INFO - DAG(s) 'tutorial_objectstorage' retrieved from /home/airflow/.local/lib/python3.12/site-packages/airflow/example_dags/tutorial_objectstorage.py
[2026-05-19T13:57:52.057+0000] {logging_mixin.py:188} INFO - [2026-05-19T13:57:52.056+0000] {dag.py:3096} INFO - Sync 1 DAGs
[2026-05-19T13:57:52.077+0000] {logging_mixin.py:188} INFO - [2026-05-19T13:57:52.076+0000] {dag.py:3954} INFO - Setting next_dagrun for tutorial_objectstorage to None, run_after=None
[2026-05-19T13:57:52.110+0000] {processor.py:183} INFO - Processing /home/airflow/.local/lib/python3.12/site-packages/airflow/example_dags/tutorial_objectstorage.py took 0.103 seconds
[2026-05-19T13:58:22.745+0000] {processor.py:161} INFO - Started process (PID=3277) to work on /home/airflow/.local/lib/python3.12/site-packages/airflow/example_dags/tutorial_objectstorage.py
[2026-05-19T13:58:22.746+0000] {processor.py:830} INFO - Processing file /home/airflow/.local/lib/python3.12/site-packages/airflow/example_dags/tutorial_objectstorage.py for tasks to queue
[2026-05-19T13:58:22.749+0000] {logging_mixin.py:188} INFO - [2026-05-19T13:58:22.748+0000] {dagbag.py:545} INFO - Filling up the DagBag from /home/airflow/.local/lib/python3.12/site-packages/airflow/example_dags/tutorial_objectstorage.py
[2026-05-19T13:58:22.763+0000] {processor.py:840} INFO - DAG(s) 'tutorial_objectstorage' retrieved from /home/airflow/.local/lib/python3.12/site-packages/airflow/example_dags/tutorial_objectstorage.py
[2026-05-19T13:58:22.796+0000] {logging_mixin.py:188} INFO - [2026-05-19T13:58:22.795+0000] {dag.py:3096} INFO - Sync 1 DAGs
[2026-05-19T13:58:22.811+0000] {logging_mixin.py:188} INFO - [2026-05-19T13:58:22.811+0000] {dag.py:3954} INFO - Setting next_dagrun for tutorial_objectstorage to None, run_after=None
[2026-05-19T13:58:22.844+0000] {processor.py:183} INFO - Processing /home/airflow/.local/lib/python3.12/site-packages/airflow/example_dags/tutorial_objectstorage.py took 0.107 seconds
[2026-05-19T13:58:53.178+0000] {processor.py:161} INFO - Started process (PID=3336) to work on /home/airflow/.local/lib/python3.12/site-packages/airflow/example_dags/tutorial_objectstorage.py
[2026-05-19T13:58:53.182+0000] {processor.py:830} INFO - Processing file /home/airflow/.local/lib/python3.12/site-packages/airflow/example_dags/tutorial_objectstorage.py for tasks to queue
[2026-05-19T13:58:53.186+0000] {logging_mixin.py:188} INFO - [2026-05-19T13:58:53.186+0000] {dagbag.py:545} INFO - Filling up the DagBag from /home/airflow/.local/lib/python3.12/site-packages/airflow/example_dags/tutorial_objectstorage.py
[2026-05-19T13:58:53.200+0000] {processor.py:840} INFO - DAG(s) 'tutorial_objectstorage' retrieved from /home/airflow/.local/lib/python3.12/site-packages/airflow/example_dags/tutorial_objectstorage.py
[2026-05-19T13:58:53.233+0000] {logging_mixin.py:188} INFO - [2026-05-19T13:58:53.232+0000] {dag.py:3096} INFO - Sync 1 DAGs
[2026-05-19T13:58:53.253+0000] {logging_mixin.py:188} INFO - [2026-05-19T13:58:53.253+0000] {dag.py:3954} INFO - Setting next_dagrun for tutorial_objectstorage to None, run_after=None
[2026-05-19T13:58:53.286+0000] {processor.py:183} INFO - Processing /home/airflow/.local/lib/python3.12/site-packages/airflow/example_dags/tutorial_objectstorage.py took 0.118 seconds
[2026-05-19T13:59:23.660+0000] {processor.py:161} INFO - Started process (PID=3395) to work on /home/airflow/.local/lib/python3.12/site-packages/airflow/example_dags/tutorial_objectstorage.py
[2026-05-19T13:59:23.661+0000] {processor.py:830} INFO - Processing file /home/airflow/.local/lib/python3.12/site-packages/airflow/example_dags/tutorial_objectstorage.py for tasks to queue
[2026-05-19T13:59:23.664+0000] {logging_mixin.py:188} INFO - [2026-05-19T13:59:23.663+0000] {dagbag.py:545} INFO - Filling up the DagBag from /home/airflow/.local/lib/python3.12/site-packages/airflow/example_dags/tutorial_objectstorage.py
[2026-05-19T13:59:23.671+0000] {processor.py:840} INFO - DAG(s) 'tutorial_objectstorage' retrieved from /home/airflow/.local/lib/python3.12/site-packages/airflow/example_dags/tutorial_objectstorage.py
[2026-05-19T13:59:23.692+0000] {logging_mixin.py:188} INFO - [2026-05-19T13:59:23.692+0000] {dag.py:3096} INFO - Sync 1 DAGs
[2026-05-19T13:59:23.706+0000] {logging_mixin.py:188} INFO - [2026-05-19T13:59:23.706+0000] {dag.py:3954} INFO - Setting next_dagrun for tutorial_objectstorage to None, run_after=None
[2026-05-19T13:59:23.746+0000] {processor.py:183} INFO - Processing /home/airflow/.local/lib/python3.12/site-packages/airflow/example_dags/tutorial_objectstorage.py took 0.092 seconds
[2026-05-19T13:59:54.836+0000] {processor.py:161} INFO - Started process (PID=3455) to work on /home/airflow/.local/lib/python3.12/site-packages/airflow/example_dags/tutorial_objectstorage.py
[2026-05-19T13:59:54.847+0000] {processor.py:830} INFO - Processing file /home/airflow/.local/lib/python3.12/site-packages/airflow/example_dags/tutorial_objectstorage.py for tasks to queue
[2026-05-19T13:59:54.863+0000] {logging_mixin.py:188} INFO - [2026-05-19T13:59:54.854+0000] {dagbag.py:545} INFO - Filling up the DagBag from /home/airflow/.local/lib/python3.12/site-packages/airflow/example_dags/tutorial_objectstorage.py
[2026-05-19T13:59:54.893+0000] {processor.py:840} INFO - DAG(s) 'tutorial_objectstorage' retrieved from /home/airflow/.local/lib/python3.12/site-packages/airflow/example_dags/tutorial_objectstorage.py
[2026-05-19T13:59:54.971+0000] {logging_mixin.py:188} INFO - [2026-05-19T13:59:54.970+0000] {dag.py:3096} INFO - Sync 1 DAGs
[2026-05-19T13:59:55.014+0000] {logging_mixin.py:188} INFO - [2026-05-19T13:59:55.013+0000] {dag.py:3954} INFO - Setting next_dagrun for tutorial_objectstorage to None, run_after=None
[2026-05-19T13:59:55.086+0000] {processor.py:183} INFO - Processing /home/airflow/.local/lib/python3.12/site-packages/airflow/example_dags/tutorial_objectstorage.py took 0.284 seconds
[2026-05-19T14:00:25.214+0000] {processor.py:161} INFO - Started process (PID=3514) to work on /home/airflow/.local/lib/python3.12/site-packages/airflow/example_dags/tutorial_objectstorage.py
[2026-05-19T14:00:25.217+0000] {processor.py:830} INFO - Processing file /home/airflow/.local/lib/python3.12/site-packages/airflow/example_dags/tutorial_objectstorage.py for tasks to queue
[2026-05-19T14:00:25.223+0000] {logging_mixin.py:188} INFO - [2026-05-19T14:00:25.222+0000] {dagbag.py:545} INFO - Filling up the DagBag from /home/airflow/.local/lib/python3.12/site-packages/airflow/example_dags/tutorial_objectstorage.py
[2026-05-19T14:00:25.241+0000] {processor.py:840} INFO - DAG(s) 'tutorial_objectstorage' retrieved from /home/airflow/.local/lib/python3.12/site-packages/airflow/example_dags/tutorial_objectstorage.py
[2026-05-19T14:00:25.290+0000] {logging_mixin.py:188} INFO - [2026-05-19T14:00:25.290+0000] {dag.py:3096} INFO - Sync 1 DAGs
[2026-05-19T14:00:25.312+0000] {logging_mixin.py:188} INFO - [2026-05-19T14:00:25.311+0000] {dag.py:3954} INFO - Setting next_dagrun for tutorial_objectstorage to None, run_after=None
[2026-05-19T14:00:25.355+0000] {processor.py:183} INFO - Processing /home/airflow/.local/lib/python3.12/site-packages/airflow/example_dags/tutorial_objectstorage.py took 0.156 seconds
[2026-05-19T14:00:55.981+0000] {processor.py:161} INFO - Started process (PID=3574) to work on /home/airflow/.local/lib/python3.12/site-packages/airflow/example_dags/tutorial_objectstorage.py
[2026-05-19T14:00:55.984+0000] {processor.py:830} INFO - Processing file /home/airflow/.local/lib/python3.12/site-packages/airflow/example_dags/tutorial_objectstorage.py for tasks to queue
[2026-05-19T14:00:55.994+0000] {logging_mixin.py:188} INFO - [2026-05-19T14:00:55.994+0000] {dagbag.py:545} INFO - Filling up the DagBag from /home/airflow/.local/lib/python3.12/site-packages/airflow/example_dags/tutorial_objectstorage.py
[2026-05-19T14:00:56.015+0000] {processor.py:840} INFO - DAG(s) 'tutorial_objectstorage' retrieved from /home/airflow/.local/lib/python3.12/site-packages/airflow/example_dags/tutorial_objectstorage.py
[2026-05-19T14:00:56.094+0000] {logging_mixin.py:188} INFO - [2026-05-19T14:00:56.094+0000] {dag.py:3096} INFO - Sync 1 DAGs
[2026-05-19T14:00:56.167+0000] {logging_mixin.py:188} INFO - [2026-05-19T14:00:56.164+0000] {dag.py:3954} INFO - Setting next_dagrun for tutorial_objectstorage to None, run_after=None
[2026-05-19T14:00:56.294+0000] {processor.py:183} INFO - Processing /home/airflow/.local/lib/python3.12/site-packages/airflow/example_dags/tutorial_objectstorage.py took 0.330 seconds
[2026-05-19T14:01:26.663+0000] {processor.py:161} INFO - Started process (PID=3633) to work on /home/airflow/.local/lib/python3.12/site-packages/airflow/example_dags/tutorial_objectstorage.py
[2026-05-19T14:01:26.665+0000] {processor.py:830} INFO - Processing file /home/airflow/.local/lib/python3.12/site-packages/airflow/example_dags/tutorial_objectstorage.py for tasks to queue
[2026-05-19T14:01:26.668+0000] {logging_mixin.py:188} INFO - [2026-05-19T14:01:26.668+0000] {dagbag.py:545} INFO - Filling up the DagBag from /home/airflow/.local/lib/python3.12/site-packages/airflow/example_dags/tutorial_objectstorage.py
[2026-05-19T14:01:26.675+0000] {processor.py:840} INFO - DAG(s) 'tutorial_objectstorage' retrieved from /home/airflow/.local/lib/python3.12/site-packages/airflow/example_dags/tutorial_objectstorage.py
[2026-05-19T14:01:26.704+0000] {logging_mixin.py:188} INFO - [2026-05-19T14:01:26.703+0000] {dag.py:3096} INFO - Sync 1 DAGs
[2026-05-19T14:01:26.726+0000] {logging_mixin.py:188} INFO - [2026-05-19T14:01:26.726+0000] {dag.py:3954} INFO - Setting next_dagrun for tutorial_objectstorage to None, run_after=None
[2026-05-19T14:01:26.747+0000] {processor.py:183} INFO - Processing /home/airflow/.local/lib/python3.12/site-packages/airflow/example_dags/tutorial_objectstorage.py took 0.092 seconds
[2026-05-19T14:01:57.708+0000] {processor.py:161} INFO - Started process (PID=3692) to work on /home/airflow/.local/lib/python3.12/site-packages/airflow/example_dags/tutorial_objectstorage.py
[2026-05-19T14:01:57.710+0000] {processor.py:830} INFO - Processing file /home/airflow/.local/lib/python3.12/site-packages/airflow/example_dags/tutorial_objectstorage.py for tasks to queue
[2026-05-19T14:01:57.715+0000] {logging_mixin.py:188} INFO - [2026-05-19T14:01:57.715+0000] {dagbag.py:545} INFO - Filling up the DagBag from /home/airflow/.local/lib/python3.12/site-packages/airflow/example_dags/tutorial_objectstorage.py
[2026-05-19T14:01:57.749+0000] {processor.py:840} INFO - DAG(s) 'tutorial_objectstorage' retrieved from /home/airflow/.local/lib/python3.12/site-packages/airflow/example_dags/tutorial_objectstorage.py
[2026-05-19T14:01:57.832+0000] {logging_mixin.py:188} INFO - [2026-05-19T14:01:57.830+0000] {dag.py:3096} INFO - Sync 1 DAGs
[2026-05-19T14:01:57.886+0000] {logging_mixin.py:188} INFO - [2026-05-19T14:01:57.885+0000] {dag.py:3954} INFO - Setting next_dagrun for tutorial_objectstorage to None, run_after=None
[2026-05-19T14:01:57.962+0000] {processor.py:183} INFO - Processing /home/airflow/.local/lib/python3.12/site-packages/airflow/example_dags/tutorial_objectstorage.py took 0.281 seconds
[2026-05-19T14:02:28.637+0000] {processor.py:161} INFO - Started process (PID=3751) to work on /home/airflow/.local/lib/python3.12/site-packages/airflow/example_dags/tutorial_objectstorage.py
[2026-05-19T14:02:28.638+0000] {processor.py:830} INFO - Processing file /home/airflow/.local/lib/python3.12/site-packages/airflow/example_dags/tutorial_objectstorage.py for tasks to queue
[2026-05-19T14:02:28.640+0000] {logging_mixin.py:188} INFO - [2026-05-19T14:02:28.640+0000] {dagbag.py:545} INFO - Filling up the DagBag from /home/airflow/.local/lib/python3.12/site-packages/airflow/example_dags/tutorial_objectstorage.py
[2026-05-19T14:02:28.647+0000] {processor.py:840} INFO - DAG(s) 'tutorial_objectstorage' retrieved from /home/airflow/.local/lib/python3.12/site-packages/airflow/example_dags/tutorial_objectstorage.py
[2026-05-19T14:02:28.670+0000] {logging_mixin.py:188} INFO - [2026-05-19T14:02:28.669+0000] {dag.py:3096} INFO - Sync 1 DAGs
[2026-05-19T14:02:28.684+0000] {logging_mixin.py:188} INFO - [2026-05-19T14:02:28.683+0000] {dag.py:3954} INFO - Setting next_dagrun for tutorial_objectstorage to None, run_after=None
[2026-05-19T14:02:28.699+0000] {processor.py:183} INFO - Processing /home/airflow/.local/lib/python3.12/site-packages/airflow/example_dags/tutorial_objectstorage.py took 0.069 seconds
[2026-05-19T14:02:59.699+0000] {processor.py:161} INFO - Started process (PID=3810) to work on /home/airflow/.local/lib/python3.12/site-packages/airflow/example_dags/tutorial_objectstorage.py
[2026-05-19T14:02:59.700+0000] {processor.py:830} INFO - Processing file /home/airflow/.local/lib/python3.12/site-packages/airflow/example_dags/tutorial_objectstorage.py for tasks to queue
[2026-05-19T14:02:59.703+0000] {logging_mixin.py:188} INFO - [2026-05-19T14:02:59.703+0000] {dagbag.py:545} INFO - Filling up the DagBag from /home/airflow/.local/lib/python3.12/site-packages/airflow/example_dags/tutorial_objectstorage.py
[2026-05-19T14:02:59.712+0000] {processor.py:840} INFO - DAG(s) 'tutorial_objectstorage' retrieved from /home/airflow/.local/lib/python3.12/site-packages/airflow/example_dags/tutorial_objectstorage.py
[2026-05-19T14:02:59.746+0000] {logging_mixin.py:188} INFO - [2026-05-19T14:02:59.745+0000] {dag.py:3096} INFO - Sync 1 DAGs
[2026-05-19T14:02:59.764+0000] {logging_mixin.py:188} INFO - [2026-05-19T14:02:59.764+0000] {dag.py:3954} INFO - Setting next_dagrun for tutorial_objectstorage to None, run_after=None
[2026-05-19T14:02:59.790+0000] {processor.py:183} INFO - Processing /home/airflow/.local/lib/python3.12/site-packages/airflow/example_dags/tutorial_objectstorage.py took 0.100 seconds
[2026-05-19T14:03:29.931+0000] {processor.py:161} INFO - Started process (PID=3869) to work on /home/airflow/.local/lib/python3.12/site-packages/airflow/example_dags/tutorial_objectstorage.py
[2026-05-19T14:03:29.932+0000] {processor.py:830} INFO - Processing file /home/airflow/.local/lib/python3.12/site-packages/airflow/example_dags/tutorial_objectstorage.py for tasks to queue
[2026-05-19T14:03:29.934+0000] {logging_mixin.py:188} INFO - [2026-05-19T14:03:29.934+0000] {dagbag.py:545} INFO - Filling up the DagBag from /home/airflow/.local/lib/python3.12/site-packages/airflow/example_dags/tutorial_objectstorage.py
[2026-05-19T14:03:29.943+0000] {processor.py:840} INFO - DAG(s) 'tutorial_objectstorage' retrieved from /home/airflow/.local/lib/python3.12/site-packages/airflow/example_dags/tutorial_objectstorage.py
[2026-05-19T14:03:29.969+0000] {logging_mixin.py:188} INFO - [2026-05-19T14:03:29.969+0000] {dag.py:3096} INFO - Sync 1 DAGs
[2026-05-19T14:03:29.979+0000] {logging_mixin.py:188} INFO - [2026-05-19T14:03:29.979+0000] {dag.py:3954} INFO - Setting next_dagrun for tutorial_objectstorage to None, run_after=None
[2026-05-19T14:03:30.004+0000] {processor.py:183} INFO - Processing /home/airflow/.local/lib/python3.12/site-packages/airflow/example_dags/tutorial_objectstorage.py took 0.078 seconds
[2026-05-19T14:04:00.212+0000] {processor.py:161} INFO - Started process (PID=3928) to work on /home/airflow/.local/lib/python3.12/site-packages/airflow/example_dags/tutorial_objectstorage.py
[2026-05-19T14:04:00.213+0000] {processor.py:830} INFO - Processing file /home/airflow/.local/lib/python3.12/site-packages/airflow/example_dags/tutorial_objectstorage.py for tasks to queue
[2026-05-19T14:04:00.215+0000] {logging_mixin.py:188} INFO - [2026-05-19T14:04:00.215+0000] {dagbag.py:545} INFO - Filling up the DagBag from /home/airflow/.local/lib/python3.12/site-packages/airflow/example_dags/tutorial_objectstorage.py
[2026-05-19T14:04:00.223+0000] {processor.py:840} INFO - DAG(s) 'tutorial_objectstorage' retrieved from /home/airflow/.local/lib/python3.12/site-packages/airflow/example_dags/tutorial_objectstorage.py
[2026-05-19T14:04:00.247+0000] {logging_mixin.py:188} INFO - [2026-05-19T14:04:00.247+0000] {dag.py:3096} INFO - Sync 1 DAGs
[2026-05-19T14:04:00.259+0000] {logging_mixin.py:188} INFO - [2026-05-19T14:04:00.259+0000] {dag.py:3954} INFO - Setting next_dagrun for tutorial_objectstorage to None, run_after=None
[2026-05-19T14:04:00.276+0000] {processor.py:183} INFO - Processing /home/airflow/.local/lib/python3.12/site-packages/airflow/example_dags/tutorial_objectstorage.py took 0.070 seconds
[2026-05-19T14:04:30.464+0000] {processor.py:161} INFO - Started process (PID=3987) to work on /home/airflow/.local/lib/python3.12/site-packages/airflow/example_dags/tutorial_objectstorage.py
[2026-05-19T14:04:30.466+0000] {processor.py:830} INFO - Processing file /home/airflow/.local/lib/python3.12/site-packages/airflow/example_dags/tutorial_objectstorage.py for tasks to queue
[2026-05-19T14:04:30.468+0000] {logging_mixin.py:188} INFO - [2026-05-19T14:04:30.468+0000] {dagbag.py:545} INFO - Filling up the DagBag from /home/airflow/.local/lib/python3.12/site-packages/airflow/example_dags/tutorial_objectstorage.py
[2026-05-19T14:04:30.476+0000] {processor.py:840} INFO - DAG(s) 'tutorial_objectstorage' retrieved from /home/airflow/.local/lib/python3.12/site-packages/airflow/example_dags/tutorial_objectstorage.py
[2026-05-19T14:04:30.500+0000] {logging_mixin.py:188} INFO - [2026-05-19T14:04:30.500+0000] {dag.py:3096} INFO - Sync 1 DAGs
[2026-05-19T14:04:30.518+0000] {logging_mixin.py:188} INFO - [2026-05-19T14:04:30.518+0000] {dag.py:3954} INFO - Setting next_dagrun for tutorial_objectstorage to None, run_after=None
[2026-05-19T14:04:30.540+0000] {processor.py:183} INFO - Processing /home/airflow/.local/lib/python3.12/site-packages/airflow/example_dags/tutorial_objectstorage.py took 0.083 seconds
[2026-05-19T14:05:01.153+0000] {processor.py:161} INFO - Started process (PID=4046) to work on /home/airflow/.local/lib/python3.12/site-packages/airflow/example_dags/tutorial_objectstorage.py
[2026-05-19T14:05:01.155+0000] {processor.py:830} INFO - Processing file /home/airflow/.local/lib/python3.12/site-packages/airflow/example_dags/tutorial_objectstorage.py for tasks to queue
[2026-05-19T14:05:01.157+0000] {logging_mixin.py:188} INFO - [2026-05-19T14:05:01.157+0000] {dagbag.py:545} INFO - Filling up the DagBag from /home/airflow/.local/lib/python3.12/site-packages/airflow/example_dags/tutorial_objectstorage.py
[2026-05-19T14:05:01.168+0000] {processor.py:840} INFO - DAG(s) 'tutorial_objectstorage' retrieved from /home/airflow/.local/lib/python3.12/site-packages/airflow/example_dags/tutorial_objectstorage.py
[2026-05-19T14:05:01.204+0000] {logging_mixin.py:188} INFO - [2026-05-19T14:05:01.204+0000] {dag.py:3096} INFO - Sync 1 DAGs
[2026-05-19T14:05:01.227+0000] {logging_mixin.py:188} INFO - [2026-05-19T14:05:01.227+0000] {dag.py:3954} INFO - Setting next_dagrun for tutorial_objectstorage to None, run_after=None
[2026-05-19T14:05:01.262+0000] {processor.py:183} INFO - Processing /home/airflow/.local/lib/python3.12/site-packages/airflow/example_dags/tutorial_objectstorage.py took 0.117 seconds
[2026-05-19T14:05:32.144+0000] {processor.py:161} INFO - Started process (PID=4105) to work on /home/airflow/.local/lib/python3.12/site-packages/airflow/example_dags/tutorial_objectstorage.py
[2026-05-19T14:05:32.145+0000] {processor.py:830} INFO - Processing file /home/airflow/.local/lib/python3.12/site-packages/airflow/example_dags/tutorial_objectstorage.py for tasks to queue
[2026-05-19T14:05:32.147+0000] {logging_mixin.py:188} INFO - [2026-05-19T14:05:32.147+0000] {dagbag.py:545} INFO - Filling up the DagBag from /home/airflow/.local/lib/python3.12/site-packages/airflow/example_dags/tutorial_objectstorage.py
[2026-05-19T14:05:32.154+0000] {processor.py:840} INFO - DAG(s) 'tutorial_objectstorage' retrieved from /home/airflow/.local/lib/python3.12/site-packages/airflow/example_dags/tutorial_objectstorage.py
[2026-05-19T14:05:32.172+0000] {logging_mixin.py:188} INFO - [2026-05-19T14:05:32.172+0000] {dag.py:3096} INFO - Sync 1 DAGs
[2026-05-19T14:05:32.183+0000] {logging_mixin.py:188} INFO - [2026-05-19T14:05:32.183+0000] {dag.py:3954} INFO - Setting next_dagrun for tutorial_objectstorage to None, run_after=None
[2026-05-19T14:05:32.210+0000] {processor.py:183} INFO - Processing /home/airflow/.local/lib/python3.12/site-packages/airflow/example_dags/tutorial_objectstorage.py took 0.076 seconds
[2026-05-19T14:06:02.613+0000] {processor.py:161} INFO - Started process (PID=4165) to work on /home/airflow/.local/lib/python3.12/site-packages/airflow/example_dags/tutorial_objectstorage.py
[2026-05-19T14:06:02.615+0000] {processor.py:830} INFO - Processing file /home/airflow/.local/lib/python3.12/site-packages/airflow/example_dags/tutorial_objectstorage.py for tasks to queue
[2026-05-19T14:06:02.617+0000] {logging_mixin.py:188} INFO - [2026-05-19T14:06:02.617+0000] {dagbag.py:545} INFO - Filling up the DagBag from /home/airflow/.local/lib/python3.12/site-packages/airflow/example_dags/tutorial_objectstorage.py
[2026-05-19T14:06:02.626+0000] {processor.py:840} INFO - DAG(s) 'tutorial_objectstorage' retrieved from /home/airflow/.local/lib/python3.12/site-packages/airflow/example_dags/tutorial_objectstorage.py
[2026-05-19T14:06:02.644+0000] {logging_mixin.py:188} INFO - [2026-05-19T14:06:02.644+0000] {dag.py:3096} INFO - Sync 1 DAGs
[2026-05-19T14:06:02.657+0000] {logging_mixin.py:188} INFO - [2026-05-19T14:06:02.657+0000] {dag.py:3954} INFO - Setting next_dagrun for tutorial_objectstorage to None, run_after=None
[2026-05-19T14:06:02.678+0000] {processor.py:183} INFO - Processing /home/airflow/.local/lib/python3.12/site-packages/airflow/example_dags/tutorial_objectstorage.py took 0.071 seconds
[2026-05-19T14:06:33.324+0000] {processor.py:161} INFO - Started process (PID=4224) to work on /home/airflow/.local/lib/python3.12/site-packages/airflow/example_dags/tutorial_objectstorage.py
[2026-05-19T14:06:33.325+0000] {processor.py:830} INFO - Processing file /home/airflow/.local/lib/python3.12/site-packages/airflow/example_dags/tutorial_objectstorage.py for tasks to queue
[2026-05-19T14:06:33.328+0000] {logging_mixin.py:188} INFO - [2026-05-19T14:06:33.328+0000] {dagbag.py:545} INFO - Filling up the DagBag from /home/airflow/.local/lib/python3.12/site-packages/airflow/example_dags/tutorial_objectstorage.py
[2026-05-19T14:06:33.339+0000] {processor.py:840} INFO - DAG(s) 'tutorial_objectstorage' retrieved from /home/airflow/.local/lib/python3.12/site-packages/airflow/example_dags/tutorial_objectstorage.py
[2026-05-19T14:06:33.375+0000] {logging_mixin.py:188} INFO - [2026-05-19T14:06:33.374+0000] {dag.py:3096} INFO - Sync 1 DAGs
[2026-05-19T14:06:33.393+0000] {logging_mixin.py:188} INFO - [2026-05-19T14:06:33.393+0000] {dag.py:3954} INFO - Setting next_dagrun for tutorial_objectstorage to None, run_after=None
[2026-05-19T14:06:33.426+0000] {processor.py:183} INFO - Processing /home/airflow/.local/lib/python3.12/site-packages/airflow/example_dags/tutorial_objectstorage.py took 0.110 seconds
[2026-05-19T14:07:03.911+0000] {processor.py:161} INFO - Started process (PID=4283) to work on /home/airflow/.local/lib/python3.12/site-packages/airflow/example_dags/tutorial_objectstorage.py
[2026-05-19T14:07:03.913+0000] {processor.py:830} INFO - Processing file /home/airflow/.local/lib/python3.12/site-packages/airflow/example_dags/tutorial_objectstorage.py for tasks to queue
[2026-05-19T14:07:03.917+0000] {logging_mixin.py:188} INFO - [2026-05-19T14:07:03.916+0000] {dagbag.py:545} INFO - Filling up the DagBag from /home/airflow/.local/lib/python3.12/site-packages/airflow/example_dags/tutorial_objectstorage.py
[2026-05-19T14:07:03.924+0000] {processor.py:840} INFO - DAG(s) 'tutorial_objectstorage' retrieved from /home/airflow/.local/lib/python3.12/site-packages/airflow/example_dags/tutorial_objectstorage.py
[2026-05-19T14:07:03.941+0000] {logging_mixin.py:188} INFO - [2026-05-19T14:07:03.941+0000] {dag.py:3096} INFO - Sync 1 DAGs
[2026-05-19T14:07:03.956+0000] {logging_mixin.py:188} INFO - [2026-05-19T14:07:03.956+0000] {dag.py:3954} INFO - Setting next_dagrun for tutorial_objectstorage to None, run_after=None
[2026-05-19T14:07:03.979+0000] {processor.py:183} INFO - Processing /home/airflow/.local/lib/python3.12/site-packages/airflow/example_dags/tutorial_objectstorage.py took 0.073 seconds
[2026-05-19T14:07:34.813+0000] {processor.py:161} INFO - Started process (PID=4342) to work on /home/airflow/.local/lib/python3.12/site-packages/airflow/example_dags/tutorial_objectstorage.py
[2026-05-19T14:07:34.815+0000] {processor.py:830} INFO - Processing file /home/airflow/.local/lib/python3.12/site-packages/airflow/example_dags/tutorial_objectstorage.py for tasks to queue
[2026-05-19T14:07:34.827+0000] {logging_mixin.py:188} INFO - [2026-05-19T14:07:34.826+0000] {dagbag.py:545} INFO - Filling up the DagBag from /home/airflow/.local/lib/python3.12/site-packages/airflow/example_dags/tutorial_objectstorage.py
[2026-05-19T14:07:34.854+0000] {processor.py:840} INFO - DAG(s) 'tutorial_objectstorage' retrieved from /home/airflow/.local/lib/python3.12/site-packages/airflow/example_dags/tutorial_objectstorage.py
[2026-05-19T14:07:34.930+0000] {logging_mixin.py:188} INFO - [2026-05-19T14:07:34.928+0000] {dag.py:3096} INFO - Sync 1 DAGs
[2026-05-19T14:07:34.985+0000] {logging_mixin.py:188} INFO - [2026-05-19T14:07:34.984+0000] {dag.py:3954} INFO - Setting next_dagrun for tutorial_objectstorage to None, run_after=None
[2026-05-19T14:07:35.072+0000] {processor.py:183} INFO - Processing /home/airflow/.local/lib/python3.12/site-packages/airflow/example_dags/tutorial_objectstorage.py took 0.312 seconds
[2026-05-19T14:08:05.316+0000] {processor.py:161} INFO - Started process (PID=4401) to work on /home/airflow/.local/lib/python3.12/site-packages/airflow/example_dags/tutorial_objectstorage.py
[2026-05-19T14:08:05.317+0000] {processor.py:830} INFO - Processing file /home/airflow/.local/lib/python3.12/site-packages/airflow/example_dags/tutorial_objectstorage.py for tasks to queue
[2026-05-19T14:08:05.320+0000] {logging_mixin.py:188} INFO - [2026-05-19T14:08:05.320+0000] {dagbag.py:545} INFO - Filling up the DagBag from /home/airflow/.local/lib/python3.12/site-packages/airflow/example_dags/tutorial_objectstorage.py
[2026-05-19T14:08:05.329+0000] {processor.py:840} INFO - DAG(s) 'tutorial_objectstorage' retrieved from /home/airflow/.local/lib/python3.12/site-packages/airflow/example_dags/tutorial_objectstorage.py
[2026-05-19T14:08:05.348+0000] {logging_mixin.py:188} INFO - [2026-05-19T14:08:05.348+0000] {dag.py:3096} INFO - Sync 1 DAGs
[2026-05-19T14:08:05.359+0000] {logging_mixin.py:188} INFO - [2026-05-19T14:08:05.358+0000] {dag.py:3954} INFO - Setting next_dagrun for tutorial_objectstorage to None, run_after=None
[2026-05-19T14:08:05.381+0000] {processor.py:183} INFO - Processing /home/airflow/.local/lib/python3.12/site-packages/airflow/example_dags/tutorial_objectstorage.py took 0.074 seconds
[2026-05-19T14:08:35.747+0000] {processor.py:161} INFO - Started process (PID=4460) to work on /home/airflow/.local/lib/python3.12/site-packages/airflow/example_dags/tutorial_objectstorage.py
[2026-05-19T14:08:35.749+0000] {processor.py:830} INFO - Processing file /home/airflow/.local/lib/python3.12/site-packages/airflow/example_dags/tutorial_objectstorage.py for tasks to queue
[2026-05-19T14:08:35.753+0000] {logging_mixin.py:188} INFO - [2026-05-19T14:08:35.753+0000] {dagbag.py:545} INFO - Filling up the DagBag from /home/airflow/.local/lib/python3.12/site-packages/airflow/example_dags/tutorial_objectstorage.py
[2026-05-19T14:08:35.762+0000] {processor.py:840} INFO - DAG(s) 'tutorial_objectstorage' retrieved from /home/airflow/.local/lib/python3.12/site-packages/airflow/example_dags/tutorial_objectstorage.py
[2026-05-19T14:08:35.786+0000] {logging_mixin.py:188} INFO - [2026-05-19T14:08:35.786+0000] {dag.py:3096} INFO - Sync 1 DAGs
[2026-05-19T14:08:35.804+0000] {logging_mixin.py:188} INFO - [2026-05-19T14:08:35.803+0000] {dag.py:3954} INFO - Setting next_dagrun for tutorial_objectstorage to None, run_after=None
[2026-05-19T14:08:35.826+0000] {processor.py:183} INFO - Processing /home/airflow/.local/lib/python3.12/site-packages/airflow/example_dags/tutorial_objectstorage.py took 0.090 seconds
[2026-05-19T14:09:06.090+0000] {processor.py:161} INFO - Started process (PID=4519) to work on /home/airflow/.local/lib/python3.12/site-packages/airflow/example_dags/tutorial_objectstorage.py
[2026-05-19T14:09:06.092+0000] {processor.py:830} INFO - Processing file /home/airflow/.local/lib/python3.12/site-packages/airflow/example_dags/tutorial_objectstorage.py for tasks to queue
[2026-05-19T14:09:06.095+0000] {logging_mixin.py:188} INFO - [2026-05-19T14:09:06.094+0000] {dagbag.py:545} INFO - Filling up the DagBag from /home/airflow/.local/lib/python3.12/site-packages/airflow/example_dags/tutorial_objectstorage.py
[2026-05-19T14:09:06.106+0000] {processor.py:840} INFO - DAG(s) 'tutorial_objectstorage' retrieved from /home/airflow/.local/lib/python3.12/site-packages/airflow/example_dags/tutorial_objectstorage.py
[2026-05-19T14:09:06.134+0000] {logging_mixin.py:188} INFO - [2026-05-19T14:09:06.134+0000] {dag.py:3096} INFO - Sync 1 DAGs
[2026-05-19T14:09:06.151+0000] {logging_mixin.py:188} INFO - [2026-05-19T14:09:06.151+0000] {dag.py:3954} INFO - Setting next_dagrun for tutorial_objectstorage to None, run_after=None
[2026-05-19T14:09:06.190+0000] {processor.py:183} INFO - Processing /home/airflow/.local/lib/python3.12/site-packages/airflow/example_dags/tutorial_objectstorage.py took 0.108 seconds
[2026-05-19T14:09:36.305+0000] {processor.py:161} INFO - Started process (PID=4579) to work on /home/airflow/.local/lib/python3.12/site-packages/airflow/example_dags/tutorial_objectstorage.py
[2026-05-19T14:09:36.307+0000] {processor.py:830} INFO - Processing file /home/airflow/.local/lib/python3.12/site-packages/airflow/example_dags/tutorial_objectstorage.py for tasks to queue
[2026-05-19T14:09:36.311+0000] {logging_mixin.py:188} INFO - [2026-05-19T14:09:36.310+0000] {dagbag.py:545} INFO - Filling up the DagBag from /home/airflow/.local/lib/python3.12/site-packages/airflow/example_dags/tutorial_objectstorage.py
[2026-05-19T14:09:36.319+0000] {processor.py:840} INFO - DAG(s) 'tutorial_objectstorage' retrieved from /home/airflow/.local/lib/python3.12/site-packages/airflow/example_dags/tutorial_objectstorage.py
[2026-05-19T14:09:36.341+0000] {logging_mixin.py:188} INFO - [2026-05-19T14:09:36.340+0000] {dag.py:3096} INFO - Sync 1 DAGs
[2026-05-19T14:09:36.355+0000] {logging_mixin.py:188} INFO - [2026-05-19T14:09:36.355+0000] {dag.py:3954} INFO - Setting next_dagrun for tutorial_objectstorage to None, run_after=None
[2026-05-19T14:09:36.383+0000] {processor.py:183} INFO - Processing /home/airflow/.local/lib/python3.12/site-packages/airflow/example_dags/tutorial_objectstorage.py took 0.086 seconds
[2026-05-19T14:10:06.489+0000] {processor.py:161} INFO - Started process (PID=4638) to work on /home/airflow/.local/lib/python3.12/site-packages/airflow/example_dags/tutorial_objectstorage.py
[2026-05-19T14:10:06.491+0000] {processor.py:830} INFO - Processing file /home/airflow/.local/lib/python3.12/site-packages/airflow/example_dags/tutorial_objectstorage.py for tasks to queue
[2026-05-19T14:10:06.495+0000] {logging_mixin.py:188} INFO - [2026-05-19T14:10:06.495+0000] {dagbag.py:545} INFO - Filling up the DagBag from /home/airflow/.local/lib/python3.12/site-packages/airflow/example_dags/tutorial_objectstorage.py
[2026-05-19T14:10:06.507+0000] {processor.py:840} INFO - DAG(s) 'tutorial_objectstorage' retrieved from /home/airflow/.local/lib/python3.12/site-packages/airflow/example_dags/tutorial_objectstorage.py
[2026-05-19T14:10:06.538+0000] {logging_mixin.py:188} INFO - [2026-05-19T14:10:06.538+0000] {dag.py:3096} INFO - Sync 1 DAGs
[2026-05-19T14:10:06.556+0000] {logging_mixin.py:188} INFO - [2026-05-19T14:10:06.555+0000] {dag.py:3954} INFO - Setting next_dagrun for tutorial_objectstorage to None, run_after=None
[2026-05-19T14:10:06.594+0000] {processor.py:183} INFO - Processing /home/airflow/.local/lib/python3.12/site-packages/airflow/example_dags/tutorial_objectstorage.py took 0.112 seconds
[2026-05-19T14:10:36.739+0000] {processor.py:161} INFO - Started process (PID=4697) to work on /home/airflow/.local/lib/python3.12/site-packages/airflow/example_dags/tutorial_objectstorage.py
[2026-05-19T14:10:36.740+0000] {processor.py:830} INFO - Processing file /home/airflow/.local/lib/python3.12/site-packages/airflow/example_dags/tutorial_objectstorage.py for tasks to queue
[2026-05-19T14:10:36.743+0000] {logging_mixin.py:188} INFO - [2026-05-19T14:10:36.743+0000] {dagbag.py:545} INFO - Filling up the DagBag from /home/airflow/.local/lib/python3.12/site-packages/airflow/example_dags/tutorial_objectstorage.py
[2026-05-19T14:10:36.750+0000] {processor.py:840} INFO - DAG(s) 'tutorial_objectstorage' retrieved from /home/airflow/.local/lib/python3.12/site-packages/airflow/example_dags/tutorial_objectstorage.py
[2026-05-19T14:10:36.770+0000] {logging_mixin.py:188} INFO - [2026-05-19T14:10:36.770+0000] {dag.py:3096} INFO - Sync 1 DAGs
[2026-05-19T14:10:36.787+0000] {logging_mixin.py:188} INFO - [2026-05-19T14:10:36.787+0000] {dag.py:3954} INFO - Setting next_dagrun for tutorial_objectstorage to None, run_after=None
[2026-05-19T14:10:36.810+0000] {processor.py:183} INFO - Processing /home/airflow/.local/lib/python3.12/site-packages/airflow/example_dags/tutorial_objectstorage.py took 0.076 seconds
[2026-05-19T14:11:07.027+0000] {processor.py:161} INFO - Started process (PID=4756) to work on /home/airflow/.local/lib/python3.12/site-packages/airflow/example_dags/tutorial_objectstorage.py
[2026-05-19T14:11:07.028+0000] {processor.py:830} INFO - Processing file /home/airflow/.local/lib/python3.12/site-packages/airflow/example_dags/tutorial_objectstorage.py for tasks to queue
[2026-05-19T14:11:07.030+0000] {logging_mixin.py:188} INFO - [2026-05-19T14:11:07.030+0000] {dagbag.py:545} INFO - Filling up the DagBag from /home/airflow/.local/lib/python3.12/site-packages/airflow/example_dags/tutorial_objectstorage.py
[2026-05-19T14:11:07.039+0000] {processor.py:840} INFO - DAG(s) 'tutorial_objectstorage' retrieved from /home/airflow/.local/lib/python3.12/site-packages/airflow/example_dags/tutorial_objectstorage.py
[2026-05-19T14:11:07.060+0000] {logging_mixin.py:188} INFO - [2026-05-19T14:11:07.060+0000] {dag.py:3096} INFO - Sync 1 DAGs
[2026-05-19T14:11:07.076+0000] {logging_mixin.py:188} INFO - [2026-05-19T14:11:07.076+0000] {dag.py:3954} INFO - Setting next_dagrun for tutorial_objectstorage to None, run_after=None
[2026-05-19T14:11:07.097+0000] {processor.py:183} INFO - Processing /home/airflow/.local/lib/python3.12/site-packages/airflow/example_dags/tutorial_objectstorage.py took 0.075 seconds
[2026-05-19T14:11:37.695+0000] {processor.py:161} INFO - Started process (PID=4813) to work on /home/airflow/.local/lib/python3.12/site-packages/airflow/example_dags/tutorial_objectstorage.py
[2026-05-19T14:11:37.696+0000] {processor.py:830} INFO - Processing file /home/airflow/.local/lib/python3.12/site-packages/airflow/example_dags/tutorial_objectstorage.py for tasks to queue
[2026-05-19T14:11:37.698+0000] {logging_mixin.py:188} INFO - [2026-05-19T14:11:37.698+0000] {dagbag.py:545} INFO - Filling up the DagBag from /home/airflow/.local/lib/python3.12/site-packages/airflow/example_dags/tutorial_objectstorage.py
[2026-05-19T14:11:37.709+0000] {processor.py:840} INFO - DAG(s) 'tutorial_objectstorage' retrieved from /home/airflow/.local/lib/python3.12/site-packages/airflow/example_dags/tutorial_objectstorage.py
[2026-05-19T14:11:37.733+0000] {logging_mixin.py:188} INFO - [2026-05-19T14:11:37.732+0000] {dag.py:3096} INFO - Sync 1 DAGs
[2026-05-19T14:11:37.753+0000] {logging_mixin.py:188} INFO - [2026-05-19T14:11:37.753+0000] {dag.py:3954} INFO - Setting next_dagrun for tutorial_objectstorage to None, run_after=None
[2026-05-19T14:11:37.777+0000] {processor.py:183} INFO - Processing /home/airflow/.local/lib/python3.12/site-packages/airflow/example_dags/tutorial_objectstorage.py took 0.088 seconds
[2026-05-19T14:12:08.096+0000] {processor.py:161} INFO - Started process (PID=4872) to work on /home/airflow/.local/lib/python3.12/site-packages/airflow/example_dags/tutorial_objectstorage.py
[2026-05-19T14:12:08.098+0000] {processor.py:830} INFO - Processing file /home/airflow/.local/lib/python3.12/site-packages/airflow/example_dags/tutorial_objectstorage.py for tasks to queue
[2026-05-19T14:12:08.101+0000] {logging_mixin.py:188} INFO - [2026-05-19T14:12:08.100+0000] {dagbag.py:545} INFO - Filling up the DagBag from /home/airflow/.local/lib/python3.12/site-packages/airflow/example_dags/tutorial_objectstorage.py
[2026-05-19T14:12:08.109+0000] {processor.py:840} INFO - DAG(s) 'tutorial_objectstorage' retrieved from /home/airflow/.local/lib/python3.12/site-packages/airflow/example_dags/tutorial_objectstorage.py
[2026-05-19T14:12:08.127+0000] {logging_mixin.py:188} INFO - [2026-05-19T14:12:08.127+0000] {dag.py:3096} INFO - Sync 1 DAGs
[2026-05-19T14:12:08.141+0000] {logging_mixin.py:188} INFO - [2026-05-19T14:12:08.140+0000] {dag.py:3954} INFO - Setting next_dagrun for tutorial_objectstorage to None, run_after=None
[2026-05-19T14:12:08.167+0000] {processor.py:183} INFO - Processing /home/airflow/.local/lib/python3.12/site-packages/airflow/example_dags/tutorial_objectstorage.py took 0.076 seconds
[2026-05-19T14:12:38.596+0000] {processor.py:161} INFO - Started process (PID=4931) to work on /home/airflow/.local/lib/python3.12/site-packages/airflow/example_dags/tutorial_objectstorage.py
[2026-05-19T14:12:38.597+0000] {processor.py:830} INFO - Processing file /home/airflow/.local/lib/python3.12/site-packages/airflow/example_dags/tutorial_objectstorage.py for tasks to queue
[2026-05-19T14:12:38.599+0000] {logging_mixin.py:188} INFO - [2026-05-19T14:12:38.599+0000] {dagbag.py:545} INFO - Filling up the DagBag from /home/airflow/.local/lib/python3.12/site-packages/airflow/example_dags/tutorial_objectstorage.py
[2026-05-19T14:12:38.608+0000] {processor.py:840} INFO - DAG(s) 'tutorial_objectstorage' retrieved from /home/airflow/.local/lib/python3.12/site-packages/airflow/example_dags/tutorial_objectstorage.py
[2026-05-19T14:12:38.636+0000] {logging_mixin.py:188} INFO - [2026-05-19T14:12:38.635+0000] {dag.py:3096} INFO - Sync 1 DAGs
[2026-05-19T14:12:38.653+0000] {logging_mixin.py:188} INFO - [2026-05-19T14:12:38.652+0000] {dag.py:3954} INFO - Setting next_dagrun for tutorial_objectstorage to None, run_after=None
[2026-05-19T14:12:38.679+0000] {processor.py:183} INFO - Processing /home/airflow/.local/lib/python3.12/site-packages/airflow/example_dags/tutorial_objectstorage.py took 0.092 seconds
[2026-05-19T14:13:09.272+0000] {processor.py:161} INFO - Started process (PID=4990) to work on /home/airflow/.local/lib/python3.12/site-packages/airflow/example_dags/tutorial_objectstorage.py
[2026-05-19T14:13:09.274+0000] {processor.py:830} INFO - Processing file /home/airflow/.local/lib/python3.12/site-packages/airflow/example_dags/tutorial_objectstorage.py for tasks to queue
[2026-05-19T14:13:09.278+0000] {logging_mixin.py:188} INFO - [2026-05-19T14:13:09.277+0000] {dagbag.py:545} INFO - Filling up the DagBag from /home/airflow/.local/lib/python3.12/site-packages/airflow/example_dags/tutorial_objectstorage.py
[2026-05-19T14:13:09.293+0000] {processor.py:840} INFO - DAG(s) 'tutorial_objectstorage' retrieved from /home/airflow/.local/lib/python3.12/site-packages/airflow/example_dags/tutorial_objectstorage.py
[2026-05-19T14:13:09.331+0000] {logging_mixin.py:188} INFO - [2026-05-19T14:13:09.331+0000] {dag.py:3096} INFO - Sync 1 DAGs
[2026-05-19T14:13:09.352+0000] {logging_mixin.py:188} INFO - [2026-05-19T14:13:09.352+0000] {dag.py:3954} INFO - Setting next_dagrun for tutorial_objectstorage to None, run_after=None
[2026-05-19T14:13:09.394+0000] {processor.py:183} INFO - Processing /home/airflow/.local/lib/python3.12/site-packages/airflow/example_dags/tutorial_objectstorage.py took 0.133 seconds
[2026-05-19T14:13:39.827+0000] {processor.py:161} INFO - Started process (PID=5049) to work on /home/airflow/.local/lib/python3.12/site-packages/airflow/example_dags/tutorial_objectstorage.py
[2026-05-19T14:13:39.829+0000] {processor.py:830} INFO - Processing file /home/airflow/.local/lib/python3.12/site-packages/airflow/example_dags/tutorial_objectstorage.py for tasks to queue
[2026-05-19T14:13:39.831+0000] {logging_mixin.py:188} INFO - [2026-05-19T14:13:39.831+0000] {dagbag.py:545} INFO - Filling up the DagBag from /home/airflow/.local/lib/python3.12/site-packages/airflow/example_dags/tutorial_objectstorage.py
[2026-05-19T14:13:39.843+0000] {processor.py:840} INFO - DAG(s) 'tutorial_objectstorage' retrieved from /home/airflow/.local/lib/python3.12/site-packages/airflow/example_dags/tutorial_objectstorage.py
[2026-05-19T14:13:39.870+0000] {logging_mixin.py:188} INFO - [2026-05-19T14:13:39.869+0000] {dag.py:3096} INFO - Sync 1 DAGs
[2026-05-19T14:13:39.881+0000] {logging_mixin.py:188} INFO - [2026-05-19T14:13:39.881+0000] {dag.py:3954} INFO - Setting next_dagrun for tutorial_objectstorage to None, run_after=None
[2026-05-19T14:13:39.910+0000] {processor.py:183} INFO - Processing /home/airflow/.local/lib/python3.12/site-packages/airflow/example_dags/tutorial_objectstorage.py took 0.089 seconds
[2026-05-19T14:14:10.085+0000] {processor.py:161} INFO - Started process (PID=5108) to work on /home/airflow/.local/lib/python3.12/site-packages/airflow/example_dags/tutorial_objectstorage.py
[2026-05-19T14:14:10.087+0000] {processor.py:830} INFO - Processing file /home/airflow/.local/lib/python3.12/site-packages/airflow/example_dags/tutorial_objectstorage.py for tasks to queue
[2026-05-19T14:14:10.089+0000] {logging_mixin.py:188} INFO - [2026-05-19T14:14:10.088+0000] {dagbag.py:545} INFO - Filling up the DagBag from /home/airflow/.local/lib/python3.12/site-packages/airflow/example_dags/tutorial_objectstorage.py
[2026-05-19T14:14:10.095+0000] {processor.py:840} INFO - DAG(s) 'tutorial_objectstorage' retrieved from /home/airflow/.local/lib/python3.12/site-packages/airflow/example_dags/tutorial_objectstorage.py
[2026-05-19T14:14:10.119+0000] {logging_mixin.py:188} INFO - [2026-05-19T14:14:10.118+0000] {dag.py:3096} INFO - Sync 1 DAGs
[2026-05-19T14:14:10.133+0000] {logging_mixin.py:188} INFO - [2026-05-19T14:14:10.133+0000] {dag.py:3954} INFO - Setting next_dagrun for tutorial_objectstorage to None, run_after=None
[2026-05-19T14:14:10.153+0000] {processor.py:183} INFO - Processing /home/airflow/.local/lib/python3.12/site-packages/airflow/example_dags/tutorial_objectstorage.py took 0.073 seconds
[2026-05-19T14:14:40.457+0000] {processor.py:161} INFO - Started process (PID=5167) to work on /home/airflow/.local/lib/python3.12/site-packages/airflow/example_dags/tutorial_objectstorage.py
[2026-05-19T14:14:40.459+0000] {processor.py:830} INFO - Processing file /home/airflow/.local/lib/python3.12/site-packages/airflow/example_dags/tutorial_objectstorage.py for tasks to queue
[2026-05-19T14:14:40.462+0000] {logging_mixin.py:188} INFO - [2026-05-19T14:14:40.461+0000] {dagbag.py:545} INFO - Filling up the DagBag from /home/airflow/.local/lib/python3.12/site-packages/airflow/example_dags/tutorial_objectstorage.py
[2026-05-19T14:14:40.473+0000] {processor.py:840} INFO - DAG(s) 'tutorial_objectstorage' retrieved from /home/airflow/.local/lib/python3.12/site-packages/airflow/example_dags/tutorial_objectstorage.py
[2026-05-19T14:14:40.499+0000] {logging_mixin.py:188} INFO - [2026-05-19T14:14:40.499+0000] {dag.py:3096} INFO - Sync 1 DAGs
[2026-05-19T14:14:40.512+0000] {logging_mixin.py:188} INFO - [2026-05-19T14:14:40.512+0000] {dag.py:3954} INFO - Setting next_dagrun for tutorial_objectstorage to None, run_after=None
[2026-05-19T14:14:40.538+0000] {processor.py:183} INFO - Processing /home/airflow/.local/lib/python3.12/site-packages/airflow/example_dags/tutorial_objectstorage.py took 0.087 seconds
[2026-05-19T14:15:11.162+0000] {processor.py:161} INFO - Started process (PID=5226) to work on /home/airflow/.local/lib/python3.12/site-packages/airflow/example_dags/tutorial_objectstorage.py
[2026-05-19T14:15:11.164+0000] {processor.py:830} INFO - Processing file /home/airflow/.local/lib/python3.12/site-packages/airflow/example_dags/tutorial_objectstorage.py for tasks to queue
[2026-05-19T14:15:11.167+0000] {logging_mixin.py:188} INFO - [2026-05-19T14:15:11.166+0000] {dagbag.py:545} INFO - Filling up the DagBag from /home/airflow/.local/lib/python3.12/site-packages/airflow/example_dags/tutorial_objectstorage.py
[2026-05-19T14:15:11.177+0000] {processor.py:840} INFO - DAG(s) 'tutorial_objectstorage' retrieved from /home/airflow/.local/lib/python3.12/site-packages/airflow/example_dags/tutorial_objectstorage.py
[2026-05-19T14:15:11.201+0000] {logging_mixin.py:188} INFO - [2026-05-19T14:15:11.200+0000] {dag.py:3096} INFO - Sync 1 DAGs
[2026-05-19T14:15:11.224+0000] {logging_mixin.py:188} INFO - [2026-05-19T14:15:11.224+0000] {dag.py:3954} INFO - Setting next_dagrun for tutorial_objectstorage to None, run_after=None
[2026-05-19T14:15:11.255+0000] {processor.py:183} INFO - Processing /home/airflow/.local/lib/python3.12/site-packages/airflow/example_dags/tutorial_objectstorage.py took 0.101 seconds
[2026-05-19T14:15:41.673+0000] {processor.py:161} INFO - Started process (PID=5285) to work on /home/airflow/.local/lib/python3.12/site-packages/airflow/example_dags/tutorial_objectstorage.py
[2026-05-19T14:15:41.675+0000] {processor.py:830} INFO - Processing file /home/airflow/.local/lib/python3.12/site-packages/airflow/example_dags/tutorial_objectstorage.py for tasks to queue
[2026-05-19T14:15:41.679+0000] {logging_mixin.py:188} INFO - [2026-05-19T14:15:41.678+0000] {dagbag.py:545} INFO - Filling up the DagBag from /home/airflow/.local/lib/python3.12/site-packages/airflow/example_dags/tutorial_objectstorage.py
[2026-05-19T14:15:41.692+0000] {processor.py:840} INFO - DAG(s) 'tutorial_objectstorage' retrieved from /home/airflow/.local/lib/python3.12/site-packages/airflow/example_dags/tutorial_objectstorage.py
[2026-05-19T14:15:41.737+0000] {logging_mixin.py:188} INFO - [2026-05-19T14:15:41.737+0000] {dag.py:3096} INFO - Sync 1 DAGs
[2026-05-19T14:15:41.765+0000] {logging_mixin.py:188} INFO - [2026-05-19T14:15:41.764+0000] {dag.py:3954} INFO - Setting next_dagrun for tutorial_objectstorage to None, run_after=None
[2026-05-19T14:15:41.817+0000] {processor.py:183} INFO - Processing /home/airflow/.local/lib/python3.12/site-packages/airflow/example_dags/tutorial_objectstorage.py took 0.159 seconds
[2026-05-19T14:16:12.876+0000] {processor.py:161} INFO - Started process (PID=5348) to work on /home/airflow/.local/lib/python3.12/site-packages/airflow/example_dags/tutorial_objectstorage.py
[2026-05-19T14:16:12.880+0000] {processor.py:830} INFO - Processing file /home/airflow/.local/lib/python3.12/site-packages/airflow/example_dags/tutorial_objectstorage.py for tasks to queue
[2026-05-19T14:16:12.886+0000] {logging_mixin.py:188} INFO - [2026-05-19T14:16:12.885+0000] {dagbag.py:545} INFO - Filling up the DagBag from /home/airflow/.local/lib/python3.12/site-packages/airflow/example_dags/tutorial_objectstorage.py
[2026-05-19T14:16:12.940+0000] {processor.py:840} INFO - DAG(s) 'tutorial_objectstorage' retrieved from /home/airflow/.local/lib/python3.12/site-packages/airflow/example_dags/tutorial_objectstorage.py
[2026-05-19T14:16:13.076+0000] {logging_mixin.py:188} INFO - [2026-05-19T14:16:13.074+0000] {dag.py:3096} INFO - Sync 1 DAGs
[2026-05-19T14:16:13.155+0000] {logging_mixin.py:188} INFO - [2026-05-19T14:16:13.154+0000] {dag.py:3954} INFO - Setting next_dagrun for tutorial_objectstorage to None, run_after=None
[2026-05-19T14:16:13.250+0000] {processor.py:183} INFO - Processing /home/airflow/.local/lib/python3.12/site-packages/airflow/example_dags/tutorial_objectstorage.py took 0.405 seconds
[2026-05-19T14:16:43.637+0000] {processor.py:161} INFO - Started process (PID=5405) to work on /home/airflow/.local/lib/python3.12/site-packages/airflow/example_dags/tutorial_objectstorage.py
[2026-05-19T14:16:43.638+0000] {processor.py:830} INFO - Processing file /home/airflow/.local/lib/python3.12/site-packages/airflow/example_dags/tutorial_objectstorage.py for tasks to queue
[2026-05-19T14:16:43.640+0000] {logging_mixin.py:188} INFO - [2026-05-19T14:16:43.640+0000] {dagbag.py:545} INFO - Filling up the DagBag from /home/airflow/.local/lib/python3.12/site-packages/airflow/example_dags/tutorial_objectstorage.py
[2026-05-19T14:16:43.651+0000] {processor.py:840} INFO - DAG(s) 'tutorial_objectstorage' retrieved from /home/airflow/.local/lib/python3.12/site-packages/airflow/example_dags/tutorial_objectstorage.py
[2026-05-19T14:16:43.683+0000] {logging_mixin.py:188} INFO - [2026-05-19T14:16:43.683+0000] {dag.py:3096} INFO - Sync 1 DAGs
[2026-05-19T14:16:43.697+0000] {logging_mixin.py:188} INFO - [2026-05-19T14:16:43.696+0000] {dag.py:3954} INFO - Setting next_dagrun for tutorial_objectstorage to None, run_after=None
[2026-05-19T14:16:43.726+0000] {processor.py:183} INFO - Processing /home/airflow/.local/lib/python3.12/site-packages/airflow/example_dags/tutorial_objectstorage.py took 0.098 seconds
[2026-05-19T14:17:13.969+0000] {processor.py:161} INFO - Started process (PID=5464) to work on /home/airflow/.local/lib/python3.12/site-packages/airflow/example_dags/tutorial_objectstorage.py
[2026-05-19T14:17:13.971+0000] {processor.py:830} INFO - Processing file /home/airflow/.local/lib/python3.12/site-packages/airflow/example_dags/tutorial_objectstorage.py for tasks to queue
[2026-05-19T14:17:13.973+0000] {logging_mixin.py:188} INFO - [2026-05-19T14:17:13.973+0000] {dagbag.py:545} INFO - Filling up the DagBag from /home/airflow/.local/lib/python3.12/site-packages/airflow/example_dags/tutorial_objectstorage.py
[2026-05-19T14:17:13.979+0000] {processor.py:840} INFO - DAG(s) 'tutorial_objectstorage' retrieved from /home/airflow/.local/lib/python3.12/site-packages/airflow/example_dags/tutorial_objectstorage.py
[2026-05-19T14:17:14.001+0000] {logging_mixin.py:188} INFO - [2026-05-19T14:17:14.001+0000] {dag.py:3096} INFO - Sync 1 DAGs
[2026-05-19T14:17:14.023+0000] {logging_mixin.py:188} INFO - [2026-05-19T14:17:14.022+0000] {dag.py:3954} INFO - Setting next_dagrun for tutorial_objectstorage to None, run_after=None
[2026-05-19T14:17:14.048+0000] {processor.py:183} INFO - Processing /home/airflow/.local/lib/python3.12/site-packages/airflow/example_dags/tutorial_objectstorage.py took 0.084 seconds
[2026-05-19T14:17:44.356+0000] {processor.py:161} INFO - Started process (PID=5523) to work on /home/airflow/.local/lib/python3.12/site-packages/airflow/example_dags/tutorial_objectstorage.py
[2026-05-19T14:17:44.358+0000] {processor.py:830} INFO - Processing file /home/airflow/.local/lib/python3.12/site-packages/airflow/example_dags/tutorial_objectstorage.py for tasks to queue
[2026-05-19T14:17:44.361+0000] {logging_mixin.py:188} INFO - [2026-05-19T14:17:44.361+0000] {dagbag.py:545} INFO - Filling up the DagBag from /home/airflow/.local/lib/python3.12/site-packages/airflow/example_dags/tutorial_objectstorage.py
[2026-05-19T14:17:44.371+0000] {processor.py:840} INFO - DAG(s) 'tutorial_objectstorage' retrieved from /home/airflow/.local/lib/python3.12/site-packages/airflow/example_dags/tutorial_objectstorage.py
[2026-05-19T14:17:44.396+0000] {logging_mixin.py:188} INFO - [2026-05-19T14:17:44.396+0000] {dag.py:3096} INFO - Sync 1 DAGs
[2026-05-19T14:17:44.413+0000] {logging_mixin.py:188} INFO - [2026-05-19T14:17:44.413+0000] {dag.py:3954} INFO - Setting next_dagrun for tutorial_objectstorage to None, run_after=None
[2026-05-19T14:17:44.437+0000] {processor.py:183} INFO - Processing /home/airflow/.local/lib/python3.12/site-packages/airflow/example_dags/tutorial_objectstorage.py took 0.088 seconds
[2026-05-19T14:18:14.669+0000] {processor.py:161} INFO - Started process (PID=5582) to work on /home/airflow/.local/lib/python3.12/site-packages/airflow/example_dags/tutorial_objectstorage.py
[2026-05-19T14:18:14.671+0000] {processor.py:830} INFO - Processing file /home/airflow/.local/lib/python3.12/site-packages/airflow/example_dags/tutorial_objectstorage.py for tasks to queue
[2026-05-19T14:18:14.676+0000] {logging_mixin.py:188} INFO - [2026-05-19T14:18:14.675+0000] {dagbag.py:545} INFO - Filling up the DagBag from /home/airflow/.local/lib/python3.12/site-packages/airflow/example_dags/tutorial_objectstorage.py
[2026-05-19T14:18:14.693+0000] {processor.py:840} INFO - DAG(s) 'tutorial_objectstorage' retrieved from /home/airflow/.local/lib/python3.12/site-packages/airflow/example_dags/tutorial_objectstorage.py
[2026-05-19T14:18:14.742+0000] {logging_mixin.py:188} INFO - [2026-05-19T14:18:14.741+0000] {dag.py:3096} INFO - Sync 1 DAGs
[2026-05-19T14:18:14.763+0000] {logging_mixin.py:188} INFO - [2026-05-19T14:18:14.763+0000] {dag.py:3954} INFO - Setting next_dagrun for tutorial_objectstorage to None, run_after=None
[2026-05-19T14:18:14.809+0000] {processor.py:183} INFO - Processing /home/airflow/.local/lib/python3.12/site-packages/airflow/example_dags/tutorial_objectstorage.py took 0.154 seconds
[2026-05-19T14:18:45.265+0000] {processor.py:161} INFO - Started process (PID=5641) to work on /home/airflow/.local/lib/python3.12/site-packages/airflow/example_dags/tutorial_objectstorage.py
[2026-05-19T14:18:45.266+0000] {processor.py:830} INFO - Processing file /home/airflow/.local/lib/python3.12/site-packages/airflow/example_dags/tutorial_objectstorage.py for tasks to queue
[2026-05-19T14:18:45.269+0000] {logging_mixin.py:188} INFO - [2026-05-19T14:18:45.269+0000] {dagbag.py:545} INFO - Filling up the DagBag from /home/airflow/.local/lib/python3.12/site-packages/airflow/example_dags/tutorial_objectstorage.py
[2026-05-19T14:18:45.280+0000] {processor.py:840} INFO - DAG(s) 'tutorial_objectstorage' retrieved from /home/airflow/.local/lib/python3.12/site-packages/airflow/example_dags/tutorial_objectstorage.py
[2026-05-19T14:18:45.324+0000] {logging_mixin.py:188} INFO - [2026-05-19T14:18:45.323+0000] {dag.py:3096} INFO - Sync 1 DAGs
[2026-05-19T14:18:45.345+0000] {logging_mixin.py:188} INFO - [2026-05-19T14:18:45.344+0000] {dag.py:3954} INFO - Setting next_dagrun for tutorial_objectstorage to None, run_after=None
[2026-05-19T14:18:45.372+0000] {processor.py:183} INFO - Processing /home/airflow/.local/lib/python3.12/site-packages/airflow/example_dags/tutorial_objectstorage.py took 0.115 seconds
[2026-05-19T14:19:15.634+0000] {processor.py:161} INFO - Started process (PID=5700) to work on /home/airflow/.local/lib/python3.12/site-packages/airflow/example_dags/tutorial_objectstorage.py
[2026-05-19T14:19:15.636+0000] {processor.py:830} INFO - Processing file /home/airflow/.local/lib/python3.12/site-packages/airflow/example_dags/tutorial_objectstorage.py for tasks to queue
[2026-05-19T14:19:15.639+0000] {logging_mixin.py:188} INFO - [2026-05-19T14:19:15.639+0000] {dagbag.py:545} INFO - Filling up the DagBag from /home/airflow/.local/lib/python3.12/site-packages/airflow/example_dags/tutorial_objectstorage.py
[2026-05-19T14:19:15.651+0000] {processor.py:840} INFO - DAG(s) 'tutorial_objectstorage' retrieved from /home/airflow/.local/lib/python3.12/site-packages/airflow/example_dags/tutorial_objectstorage.py
[2026-05-19T14:19:15.679+0000] {logging_mixin.py:188} INFO - [2026-05-19T14:19:15.678+0000] {dag.py:3096} INFO - Sync 1 DAGs
[2026-05-19T14:19:15.694+0000] {logging_mixin.py:188} INFO - [2026-05-19T14:19:15.694+0000] {dag.py:3954} INFO - Setting next_dagrun for tutorial_objectstorage to None, run_after=None
[2026-05-19T14:19:15.724+0000] {processor.py:183} INFO - Processing /home/airflow/.local/lib/python3.12/site-packages/airflow/example_dags/tutorial_objectstorage.py took 0.100 seconds
[2026-05-19T14:19:45.943+0000] {processor.py:161} INFO - Started process (PID=5759) to work on /home/airflow/.local/lib/python3.12/site-packages/airflow/example_dags/tutorial_objectstorage.py
[2026-05-19T14:19:45.945+0000] {processor.py:830} INFO - Processing file /home/airflow/.local/lib/python3.12/site-packages/airflow/example_dags/tutorial_objectstorage.py for tasks to queue
[2026-05-19T14:19:45.948+0000] {logging_mixin.py:188} INFO - [2026-05-19T14:19:45.947+0000] {dagbag.py:545} INFO - Filling up the DagBag from /home/airflow/.local/lib/python3.12/site-packages/airflow/example_dags/tutorial_objectstorage.py
[2026-05-19T14:19:45.959+0000] {processor.py:840} INFO - DAG(s) 'tutorial_objectstorage' retrieved from /home/airflow/.local/lib/python3.12/site-packages/airflow/example_dags/tutorial_objectstorage.py
[2026-05-19T14:19:45.989+0000] {logging_mixin.py:188} INFO - [2026-05-19T14:19:45.988+0000] {dag.py:3096} INFO - Sync 1 DAGs
[2026-05-19T14:19:46.013+0000] {logging_mixin.py:188} INFO - [2026-05-19T14:19:46.012+0000] {dag.py:3954} INFO - Setting next_dagrun for tutorial_objectstorage to None, run_after=None
[2026-05-19T14:19:46.040+0000] {processor.py:183} INFO - Processing /home/airflow/.local/lib/python3.12/site-packages/airflow/example_dags/tutorial_objectstorage.py took 0.105 seconds
[2026-05-19T14:20:16.558+0000] {processor.py:161} INFO - Started process (PID=5818) to work on /home/airflow/.local/lib/python3.12/site-packages/airflow/example_dags/tutorial_objectstorage.py
[2026-05-19T14:20:16.559+0000] {processor.py:830} INFO - Processing file /home/airflow/.local/lib/python3.12/site-packages/airflow/example_dags/tutorial_objectstorage.py for tasks to queue
[2026-05-19T14:20:16.561+0000] {logging_mixin.py:188} INFO - [2026-05-19T14:20:16.561+0000] {dagbag.py:545} INFO - Filling up the DagBag from /home/airflow/.local/lib/python3.12/site-packages/airflow/example_dags/tutorial_objectstorage.py
[2026-05-19T14:20:16.567+0000] {processor.py:840} INFO - DAG(s) 'tutorial_objectstorage' retrieved from /home/airflow/.local/lib/python3.12/site-packages/airflow/example_dags/tutorial_objectstorage.py
[2026-05-19T14:20:16.588+0000] {logging_mixin.py:188} INFO - [2026-05-19T14:20:16.588+0000] {dag.py:3096} INFO - Sync 1 DAGs
[2026-05-19T14:20:16.599+0000] {logging_mixin.py:188} INFO - [2026-05-19T14:20:16.599+0000] {dag.py:3954} INFO - Setting next_dagrun for tutorial_objectstorage to None, run_after=None
[2026-05-19T14:20:16.621+0000] {processor.py:183} INFO - Processing /home/airflow/.local/lib/python3.12/site-packages/airflow/example_dags/tutorial_objectstorage.py took 0.069 seconds
[2026-05-19T14:20:46.846+0000] {processor.py:161} INFO - Started process (PID=5877) to work on /home/airflow/.local/lib/python3.12/site-packages/airflow/example_dags/tutorial_objectstorage.py
[2026-05-19T14:20:46.848+0000] {processor.py:830} INFO - Processing file /home/airflow/.local/lib/python3.12/site-packages/airflow/example_dags/tutorial_objectstorage.py for tasks to queue
[2026-05-19T14:20:46.852+0000] {logging_mixin.py:188} INFO - [2026-05-19T14:20:46.851+0000] {dagbag.py:545} INFO - Filling up the DagBag from /home/airflow/.local/lib/python3.12/site-packages/airflow/example_dags/tutorial_objectstorage.py
[2026-05-19T14:20:46.861+0000] {processor.py:840} INFO - DAG(s) 'tutorial_objectstorage' retrieved from /home/airflow/.local/lib/python3.12/site-packages/airflow/example_dags/tutorial_objectstorage.py
[2026-05-19T14:20:46.879+0000] {logging_mixin.py:188} INFO - [2026-05-19T14:20:46.879+0000] {dag.py:3096} INFO - Sync 1 DAGs
[2026-05-19T14:20:46.893+0000] {logging_mixin.py:188} INFO - [2026-05-19T14:20:46.893+0000] {dag.py:3954} INFO - Setting next_dagrun for tutorial_objectstorage to None, run_after=None
[2026-05-19T14:20:46.912+0000] {processor.py:183} INFO - Processing /home/airflow/.local/lib/python3.12/site-packages/airflow/example_dags/tutorial_objectstorage.py took 0.073 seconds
[2026-05-19T14:21:17.039+0000] {processor.py:161} INFO - Started process (PID=5936) to work on /home/airflow/.local/lib/python3.12/site-packages/airflow/example_dags/tutorial_objectstorage.py
[2026-05-19T14:21:17.040+0000] {processor.py:830} INFO - Processing file /home/airflow/.local/lib/python3.12/site-packages/airflow/example_dags/tutorial_objectstorage.py for tasks to queue
[2026-05-19T14:21:17.042+0000] {logging_mixin.py:188} INFO - [2026-05-19T14:21:17.042+0000] {dagbag.py:545} INFO - Filling up the DagBag from /home/airflow/.local/lib/python3.12/site-packages/airflow/example_dags/tutorial_objectstorage.py
[2026-05-19T14:21:17.048+0000] {processor.py:840} INFO - DAG(s) 'tutorial_objectstorage' retrieved from /home/airflow/.local/lib/python3.12/site-packages/airflow/example_dags/tutorial_objectstorage.py
[2026-05-19T14:21:17.067+0000] {logging_mixin.py:188} INFO - [2026-05-19T14:21:17.066+0000] {dag.py:3096} INFO - Sync 1 DAGs
[2026-05-19T14:21:17.077+0000] {logging_mixin.py:188} INFO - [2026-05-19T14:21:17.077+0000] {dag.py:3954} INFO - Setting next_dagrun for tutorial_objectstorage to None, run_after=None
[2026-05-19T14:21:17.099+0000] {processor.py:183} INFO - Processing /home/airflow/.local/lib/python3.12/site-packages/airflow/example_dags/tutorial_objectstorage.py took 0.064 seconds
[2026-05-19T17:35:40.133+0000] {processor.py:161} INFO - Started process (PID=5999) to work on /home/airflow/.local/lib/python3.12/site-packages/airflow/example_dags/tutorial_objectstorage.py
[2026-05-19T17:35:40.135+0000] {processor.py:830} INFO - Processing file /home/airflow/.local/lib/python3.12/site-packages/airflow/example_dags/tutorial_objectstorage.py for tasks to queue
[2026-05-19T17:35:40.141+0000] {logging_mixin.py:188} INFO - [2026-05-19T17:35:40.140+0000] {dagbag.py:545} INFO - Filling up the DagBag from /home/airflow/.local/lib/python3.12/site-packages/airflow/example_dags/tutorial_objectstorage.py
[2026-05-19T17:35:40.155+0000] {processor.py:840} INFO - DAG(s) 'tutorial_objectstorage' retrieved from /home/airflow/.local/lib/python3.12/site-packages/airflow/example_dags/tutorial_objectstorage.py
[2026-05-19T17:35:40.193+0000] {logging_mixin.py:188} INFO - [2026-05-19T17:35:40.193+0000] {dag.py:3096} INFO - Sync 1 DAGs
[2026-05-19T17:35:40.217+0000] {logging_mixin.py:188} INFO - [2026-05-19T17:35:40.217+0000] {dag.py:3954} INFO - Setting next_dagrun for tutorial_objectstorage to None, run_after=None
[2026-05-19T17:35:40.255+0000] {processor.py:183} INFO - Processing /home/airflow/.local/lib/python3.12/site-packages/airflow/example_dags/tutorial_objectstorage.py took 0.136 seconds
[2026-05-19T17:36:10.500+0000] {processor.py:161} INFO - Started process (PID=6058) to work on /home/airflow/.local/lib/python3.12/site-packages/airflow/example_dags/tutorial_objectstorage.py
[2026-05-19T17:36:10.501+0000] {processor.py:830} INFO - Processing file /home/airflow/.local/lib/python3.12/site-packages/airflow/example_dags/tutorial_objectstorage.py for tasks to queue
[2026-05-19T17:36:10.503+0000] {logging_mixin.py:188} INFO - [2026-05-19T17:36:10.503+0000] {dagbag.py:545} INFO - Filling up the DagBag from /home/airflow/.local/lib/python3.12/site-packages/airflow/example_dags/tutorial_objectstorage.py
[2026-05-19T17:36:10.510+0000] {processor.py:840} INFO - DAG(s) 'tutorial_objectstorage' retrieved from /home/airflow/.local/lib/python3.12/site-packages/airflow/example_dags/tutorial_objectstorage.py
[2026-05-19T17:36:10.532+0000] {logging_mixin.py:188} INFO - [2026-05-19T17:36:10.532+0000] {dag.py:3096} INFO - Sync 1 DAGs
[2026-05-19T17:36:10.694+0000] {logging_mixin.py:188} INFO - [2026-05-19T17:36:10.694+0000] {dag.py:3954} INFO - Setting next_dagrun for tutorial_objectstorage to None, run_after=None
[2026-05-19T17:36:10.716+0000] {processor.py:183} INFO - Processing /home/airflow/.local/lib/python3.12/site-packages/airflow/example_dags/tutorial_objectstorage.py took 0.223 seconds
[2026-05-19T17:36:40.811+0000] {processor.py:161} INFO - Started process (PID=6118) to work on /home/airflow/.local/lib/python3.12/site-packages/airflow/example_dags/tutorial_objectstorage.py
[2026-05-19T17:36:40.812+0000] {processor.py:830} INFO - Processing file /home/airflow/.local/lib/python3.12/site-packages/airflow/example_dags/tutorial_objectstorage.py for tasks to queue
[2026-05-19T17:36:40.814+0000] {logging_mixin.py:188} INFO - [2026-05-19T17:36:40.814+0000] {dagbag.py:545} INFO - Filling up the DagBag from /home/airflow/.local/lib/python3.12/site-packages/airflow/example_dags/tutorial_objectstorage.py
[2026-05-19T17:36:40.822+0000] {processor.py:840} INFO - DAG(s) 'tutorial_objectstorage' retrieved from /home/airflow/.local/lib/python3.12/site-packages/airflow/example_dags/tutorial_objectstorage.py
[2026-05-19T17:36:40.840+0000] {logging_mixin.py:188} INFO - [2026-05-19T17:36:40.840+0000] {dag.py:3096} INFO - Sync 1 DAGs
[2026-05-19T17:36:40.852+0000] {logging_mixin.py:188} INFO - [2026-05-19T17:36:40.851+0000] {dag.py:3954} INFO - Setting next_dagrun for tutorial_objectstorage to None, run_after=None
[2026-05-19T17:36:40.870+0000] {processor.py:183} INFO - Processing /home/airflow/.local/lib/python3.12/site-packages/airflow/example_dags/tutorial_objectstorage.py took 0.066 seconds
[2026-05-19T17:37:11.612+0000] {processor.py:161} INFO - Started process (PID=6177) to work on /home/airflow/.local/lib/python3.12/site-packages/airflow/example_dags/tutorial_objectstorage.py
[2026-05-19T17:37:11.613+0000] {processor.py:830} INFO - Processing file /home/airflow/.local/lib/python3.12/site-packages/airflow/example_dags/tutorial_objectstorage.py for tasks to queue
[2026-05-19T17:37:11.615+0000] {logging_mixin.py:188} INFO - [2026-05-19T17:37:11.615+0000] {dagbag.py:545} INFO - Filling up the DagBag from /home/airflow/.local/lib/python3.12/site-packages/airflow/example_dags/tutorial_objectstorage.py
[2026-05-19T17:37:11.622+0000] {processor.py:840} INFO - DAG(s) 'tutorial_objectstorage' retrieved from /home/airflow/.local/lib/python3.12/site-packages/airflow/example_dags/tutorial_objectstorage.py
[2026-05-19T17:37:11.641+0000] {logging_mixin.py:188} INFO - [2026-05-19T17:37:11.641+0000] {dag.py:3096} INFO - Sync 1 DAGs
[2026-05-19T17:37:11.655+0000] {logging_mixin.py:188} INFO - [2026-05-19T17:37:11.654+0000] {dag.py:3954} INFO - Setting next_dagrun for tutorial_objectstorage to None, run_after=None
[2026-05-19T17:37:11.674+0000] {processor.py:183} INFO - Processing /home/airflow/.local/lib/python3.12/site-packages/airflow/example_dags/tutorial_objectstorage.py took 0.067 seconds
[2026-05-19T17:37:42.020+0000] {processor.py:161} INFO - Started process (PID=6236) to work on /home/airflow/.local/lib/python3.12/site-packages/airflow/example_dags/tutorial_objectstorage.py
[2026-05-19T17:37:42.022+0000] {processor.py:830} INFO - Processing file /home/airflow/.local/lib/python3.12/site-packages/airflow/example_dags/tutorial_objectstorage.py for tasks to queue
[2026-05-19T17:37:42.026+0000] {logging_mixin.py:188} INFO - [2026-05-19T17:37:42.026+0000] {dagbag.py:545} INFO - Filling up the DagBag from /home/airflow/.local/lib/python3.12/site-packages/airflow/example_dags/tutorial_objectstorage.py
[2026-05-19T17:37:42.035+0000] {processor.py:840} INFO - DAG(s) 'tutorial_objectstorage' retrieved from /home/airflow/.local/lib/python3.12/site-packages/airflow/example_dags/tutorial_objectstorage.py
[2026-05-19T17:37:42.057+0000] {logging_mixin.py:188} INFO - [2026-05-19T17:37:42.056+0000] {dag.py:3096} INFO - Sync 1 DAGs
[2026-05-19T17:37:42.069+0000] {logging_mixin.py:188} INFO - [2026-05-19T17:37:42.068+0000] {dag.py:3954} INFO - Setting next_dagrun for tutorial_objectstorage to None, run_after=None
[2026-05-19T17:37:42.086+0000] {processor.py:183} INFO - Processing /home/airflow/.local/lib/python3.12/site-packages/airflow/example_dags/tutorial_objectstorage.py took 0.073 seconds
[2026-05-19T17:38:12.500+0000] {processor.py:161} INFO - Started process (PID=6295) to work on /home/airflow/.local/lib/python3.12/site-packages/airflow/example_dags/tutorial_objectstorage.py
[2026-05-19T17:38:12.501+0000] {processor.py:830} INFO - Processing file /home/airflow/.local/lib/python3.12/site-packages/airflow/example_dags/tutorial_objectstorage.py for tasks to queue
[2026-05-19T17:38:12.503+0000] {logging_mixin.py:188} INFO - [2026-05-19T17:38:12.503+0000] {dagbag.py:545} INFO - Filling up the DagBag from /home/airflow/.local/lib/python3.12/site-packages/airflow/example_dags/tutorial_objectstorage.py
[2026-05-19T17:38:12.512+0000] {processor.py:840} INFO - DAG(s) 'tutorial_objectstorage' retrieved from /home/airflow/.local/lib/python3.12/site-packages/airflow/example_dags/tutorial_objectstorage.py
[2026-05-19T17:38:12.534+0000] {logging_mixin.py:188} INFO - [2026-05-19T17:38:12.534+0000] {dag.py:3096} INFO - Sync 1 DAGs
[2026-05-19T17:38:12.545+0000] {logging_mixin.py:188} INFO - [2026-05-19T17:38:12.545+0000] {dag.py:3954} INFO - Setting next_dagrun for tutorial_objectstorage to None, run_after=None
[2026-05-19T17:38:12.561+0000] {processor.py:183} INFO - Processing /home/airflow/.local/lib/python3.12/site-packages/airflow/example_dags/tutorial_objectstorage.py took 0.067 seconds
[2026-05-19T17:38:42.718+0000] {processor.py:161} INFO - Started process (PID=6354) to work on /home/airflow/.local/lib/python3.12/site-packages/airflow/example_dags/tutorial_objectstorage.py
[2026-05-19T17:38:42.719+0000] {processor.py:830} INFO - Processing file /home/airflow/.local/lib/python3.12/site-packages/airflow/example_dags/tutorial_objectstorage.py for tasks to queue
[2026-05-19T17:38:42.721+0000] {logging_mixin.py:188} INFO - [2026-05-19T17:38:42.721+0000] {dagbag.py:545} INFO - Filling up the DagBag from /home/airflow/.local/lib/python3.12/site-packages/airflow/example_dags/tutorial_objectstorage.py
[2026-05-19T17:38:42.727+0000] {processor.py:840} INFO - DAG(s) 'tutorial_objectstorage' retrieved from /home/airflow/.local/lib/python3.12/site-packages/airflow/example_dags/tutorial_objectstorage.py
[2026-05-19T17:38:42.744+0000] {logging_mixin.py:188} INFO - [2026-05-19T17:38:42.744+0000] {dag.py:3096} INFO - Sync 1 DAGs
[2026-05-19T17:38:42.755+0000] {logging_mixin.py:188} INFO - [2026-05-19T17:38:42.755+0000] {dag.py:3954} INFO - Setting next_dagrun for tutorial_objectstorage to None, run_after=None
[2026-05-19T17:38:42.770+0000] {processor.py:183} INFO - Processing /home/airflow/.local/lib/python3.12/site-packages/airflow/example_dags/tutorial_objectstorage.py took 0.058 seconds
[2026-05-19T17:39:13.149+0000] {processor.py:161} INFO - Started process (PID=6419) to work on /home/airflow/.local/lib/python3.12/site-packages/airflow/example_dags/tutorial_objectstorage.py
[2026-05-19T17:39:13.150+0000] {processor.py:830} INFO - Processing file /home/airflow/.local/lib/python3.12/site-packages/airflow/example_dags/tutorial_objectstorage.py for tasks to queue
[2026-05-19T17:39:13.152+0000] {logging_mixin.py:188} INFO - [2026-05-19T17:39:13.152+0000] {dagbag.py:545} INFO - Filling up the DagBag from /home/airflow/.local/lib/python3.12/site-packages/airflow/example_dags/tutorial_objectstorage.py
[2026-05-19T17:39:13.158+0000] {processor.py:840} INFO - DAG(s) 'tutorial_objectstorage' retrieved from /home/airflow/.local/lib/python3.12/site-packages/airflow/example_dags/tutorial_objectstorage.py
[2026-05-19T17:39:13.176+0000] {logging_mixin.py:188} INFO - [2026-05-19T17:39:13.175+0000] {dag.py:3096} INFO - Sync 1 DAGs
[2026-05-19T17:39:13.187+0000] {logging_mixin.py:188} INFO - [2026-05-19T17:39:13.187+0000] {dag.py:3954} INFO - Setting next_dagrun for tutorial_objectstorage to None, run_after=None
[2026-05-19T17:39:13.204+0000] {processor.py:183} INFO - Processing /home/airflow/.local/lib/python3.12/site-packages/airflow/example_dags/tutorial_objectstorage.py took 0.061 seconds
[2026-05-19T17:39:43.552+0000] {processor.py:161} INFO - Started process (PID=6478) to work on /home/airflow/.local/lib/python3.12/site-packages/airflow/example_dags/tutorial_objectstorage.py
[2026-05-19T17:39:43.553+0000] {processor.py:830} INFO - Processing file /home/airflow/.local/lib/python3.12/site-packages/airflow/example_dags/tutorial_objectstorage.py for tasks to queue
[2026-05-19T17:39:43.557+0000] {logging_mixin.py:188} INFO - [2026-05-19T17:39:43.556+0000] {dagbag.py:545} INFO - Filling up the DagBag from /home/airflow/.local/lib/python3.12/site-packages/airflow/example_dags/tutorial_objectstorage.py
[2026-05-19T17:39:43.564+0000] {processor.py:840} INFO - DAG(s) 'tutorial_objectstorage' retrieved from /home/airflow/.local/lib/python3.12/site-packages/airflow/example_dags/tutorial_objectstorage.py
[2026-05-19T17:39:43.592+0000] {logging_mixin.py:188} INFO - [2026-05-19T17:39:43.592+0000] {dag.py:3096} INFO - Sync 1 DAGs
[2026-05-19T17:39:43.605+0000] {logging_mixin.py:188} INFO - [2026-05-19T17:39:43.605+0000] {dag.py:3954} INFO - Setting next_dagrun for tutorial_objectstorage to None, run_after=None
[2026-05-19T17:39:43.628+0000] {processor.py:183} INFO - Processing /home/airflow/.local/lib/python3.12/site-packages/airflow/example_dags/tutorial_objectstorage.py took 0.083 seconds
[2026-05-19T17:40:13.688+0000] {processor.py:161} INFO - Started process (PID=6537) to work on /home/airflow/.local/lib/python3.12/site-packages/airflow/example_dags/tutorial_objectstorage.py
[2026-05-19T17:40:13.689+0000] {processor.py:830} INFO - Processing file /home/airflow/.local/lib/python3.12/site-packages/airflow/example_dags/tutorial_objectstorage.py for tasks to queue
[2026-05-19T17:40:13.691+0000] {logging_mixin.py:188} INFO - [2026-05-19T17:40:13.691+0000] {dagbag.py:545} INFO - Filling up the DagBag from /home/airflow/.local/lib/python3.12/site-packages/airflow/example_dags/tutorial_objectstorage.py
[2026-05-19T17:40:13.697+0000] {processor.py:840} INFO - DAG(s) 'tutorial_objectstorage' retrieved from /home/airflow/.local/lib/python3.12/site-packages/airflow/example_dags/tutorial_objectstorage.py
[2026-05-19T17:40:13.714+0000] {logging_mixin.py:188} INFO - [2026-05-19T17:40:13.713+0000] {dag.py:3096} INFO - Sync 1 DAGs
[2026-05-19T17:40:13.723+0000] {logging_mixin.py:188} INFO - [2026-05-19T17:40:13.722+0000] {dag.py:3954} INFO - Setting next_dagrun for tutorial_objectstorage to None, run_after=None
[2026-05-19T17:40:13.738+0000] {processor.py:183} INFO - Processing /home/airflow/.local/lib/python3.12/site-packages/airflow/example_dags/tutorial_objectstorage.py took 0.055 seconds
[2026-05-19T17:40:43.905+0000] {processor.py:161} INFO - Started process (PID=6596) to work on /home/airflow/.local/lib/python3.12/site-packages/airflow/example_dags/tutorial_objectstorage.py
[2026-05-19T17:40:43.906+0000] {processor.py:830} INFO - Processing file /home/airflow/.local/lib/python3.12/site-packages/airflow/example_dags/tutorial_objectstorage.py for tasks to queue
[2026-05-19T17:40:43.908+0000] {logging_mixin.py:188} INFO - [2026-05-19T17:40:43.908+0000] {dagbag.py:545} INFO - Filling up the DagBag from /home/airflow/.local/lib/python3.12/site-packages/airflow/example_dags/tutorial_objectstorage.py
[2026-05-19T17:40:43.915+0000] {processor.py:840} INFO - DAG(s) 'tutorial_objectstorage' retrieved from /home/airflow/.local/lib/python3.12/site-packages/airflow/example_dags/tutorial_objectstorage.py
[2026-05-19T17:40:43.932+0000] {logging_mixin.py:188} INFO - [2026-05-19T17:40:43.932+0000] {dag.py:3096} INFO - Sync 1 DAGs
[2026-05-19T17:40:43.943+0000] {logging_mixin.py:188} INFO - [2026-05-19T17:40:43.942+0000] {dag.py:3954} INFO - Setting next_dagrun for tutorial_objectstorage to None, run_after=None
[2026-05-19T17:40:43.961+0000] {processor.py:183} INFO - Processing /home/airflow/.local/lib/python3.12/site-packages/airflow/example_dags/tutorial_objectstorage.py took 0.061 seconds
[2026-05-19T17:41:14.335+0000] {processor.py:161} INFO - Started process (PID=6655) to work on /home/airflow/.local/lib/python3.12/site-packages/airflow/example_dags/tutorial_objectstorage.py
[2026-05-19T17:41:14.336+0000] {processor.py:830} INFO - Processing file /home/airflow/.local/lib/python3.12/site-packages/airflow/example_dags/tutorial_objectstorage.py for tasks to queue
[2026-05-19T17:41:14.337+0000] {logging_mixin.py:188} INFO - [2026-05-19T17:41:14.337+0000] {dagbag.py:545} INFO - Filling up the DagBag from /home/airflow/.local/lib/python3.12/site-packages/airflow/example_dags/tutorial_objectstorage.py
[2026-05-19T17:41:14.343+0000] {processor.py:840} INFO - DAG(s) 'tutorial_objectstorage' retrieved from /home/airflow/.local/lib/python3.12/site-packages/airflow/example_dags/tutorial_objectstorage.py
[2026-05-19T17:41:14.359+0000] {logging_mixin.py:188} INFO - [2026-05-19T17:41:14.359+0000] {dag.py:3096} INFO - Sync 1 DAGs
[2026-05-19T17:41:14.369+0000] {logging_mixin.py:188} INFO - [2026-05-19T17:41:14.368+0000] {dag.py:3954} INFO - Setting next_dagrun for tutorial_objectstorage to None, run_after=None
[2026-05-19T17:41:14.386+0000] {processor.py:183} INFO - Processing /home/airflow/.local/lib/python3.12/site-packages/airflow/example_dags/tutorial_objectstorage.py took 0.055 seconds
[2026-05-19T17:41:44.623+0000] {processor.py:161} INFO - Started process (PID=6714) to work on /home/airflow/.local/lib/python3.12/site-packages/airflow/example_dags/tutorial_objectstorage.py
[2026-05-19T17:41:44.624+0000] {processor.py:830} INFO - Processing file /home/airflow/.local/lib/python3.12/site-packages/airflow/example_dags/tutorial_objectstorage.py for tasks to queue
[2026-05-19T17:41:44.625+0000] {logging_mixin.py:188} INFO - [2026-05-19T17:41:44.625+0000] {dagbag.py:545} INFO - Filling up the DagBag from /home/airflow/.local/lib/python3.12/site-packages/airflow/example_dags/tutorial_objectstorage.py
[2026-05-19T17:41:44.631+0000] {processor.py:840} INFO - DAG(s) 'tutorial_objectstorage' retrieved from /home/airflow/.local/lib/python3.12/site-packages/airflow/example_dags/tutorial_objectstorage.py
[2026-05-19T17:41:44.646+0000] {logging_mixin.py:188} INFO - [2026-05-19T17:41:44.646+0000] {dag.py:3096} INFO - Sync 1 DAGs
[2026-05-19T17:41:44.655+0000] {logging_mixin.py:188} INFO - [2026-05-19T17:41:44.655+0000] {dag.py:3954} INFO - Setting next_dagrun for tutorial_objectstorage to None, run_after=None
[2026-05-19T17:41:44.671+0000] {processor.py:183} INFO - Processing /home/airflow/.local/lib/python3.12/site-packages/airflow/example_dags/tutorial_objectstorage.py took 0.053 seconds
[2026-05-19T17:42:14.848+0000] {processor.py:161} INFO - Started process (PID=6773) to work on /home/airflow/.local/lib/python3.12/site-packages/airflow/example_dags/tutorial_objectstorage.py
[2026-05-19T17:42:14.849+0000] {processor.py:830} INFO - Processing file /home/airflow/.local/lib/python3.12/site-packages/airflow/example_dags/tutorial_objectstorage.py for tasks to queue
[2026-05-19T17:42:14.851+0000] {logging_mixin.py:188} INFO - [2026-05-19T17:42:14.850+0000] {dagbag.py:545} INFO - Filling up the DagBag from /home/airflow/.local/lib/python3.12/site-packages/airflow/example_dags/tutorial_objectstorage.py
[2026-05-19T17:42:14.857+0000] {processor.py:840} INFO - DAG(s) 'tutorial_objectstorage' retrieved from /home/airflow/.local/lib/python3.12/site-packages/airflow/example_dags/tutorial_objectstorage.py
[2026-05-19T17:42:14.874+0000] {logging_mixin.py:188} INFO - [2026-05-19T17:42:14.874+0000] {dag.py:3096} INFO - Sync 1 DAGs
[2026-05-19T17:42:14.884+0000] {logging_mixin.py:188} INFO - [2026-05-19T17:42:14.884+0000] {dag.py:3954} INFO - Setting next_dagrun for tutorial_objectstorage to None, run_after=None
[2026-05-19T17:42:14.900+0000] {processor.py:183} INFO - Processing /home/airflow/.local/lib/python3.12/site-packages/airflow/example_dags/tutorial_objectstorage.py took 0.057 seconds
[2026-05-19T17:42:45.842+0000] {processor.py:161} INFO - Started process (PID=6832) to work on /home/airflow/.local/lib/python3.12/site-packages/airflow/example_dags/tutorial_objectstorage.py
[2026-05-19T17:42:45.843+0000] {processor.py:830} INFO - Processing file /home/airflow/.local/lib/python3.12/site-packages/airflow/example_dags/tutorial_objectstorage.py for tasks to queue
[2026-05-19T17:42:45.845+0000] {logging_mixin.py:188} INFO - [2026-05-19T17:42:45.845+0000] {dagbag.py:545} INFO - Filling up the DagBag from /home/airflow/.local/lib/python3.12/site-packages/airflow/example_dags/tutorial_objectstorage.py
[2026-05-19T17:42:45.852+0000] {processor.py:840} INFO - DAG(s) 'tutorial_objectstorage' retrieved from /home/airflow/.local/lib/python3.12/site-packages/airflow/example_dags/tutorial_objectstorage.py
[2026-05-19T17:42:45.874+0000] {logging_mixin.py:188} INFO - [2026-05-19T17:42:45.874+0000] {dag.py:3096} INFO - Sync 1 DAGs
[2026-05-19T17:42:45.884+0000] {logging_mixin.py:188} INFO - [2026-05-19T17:42:45.884+0000] {dag.py:3954} INFO - Setting next_dagrun for tutorial_objectstorage to None, run_after=None
[2026-05-19T17:42:45.899+0000] {processor.py:183} INFO - Processing /home/airflow/.local/lib/python3.12/site-packages/airflow/example_dags/tutorial_objectstorage.py took 0.064 seconds
[2026-05-19T17:43:16.275+0000] {processor.py:161} INFO - Started process (PID=6891) to work on /home/airflow/.local/lib/python3.12/site-packages/airflow/example_dags/tutorial_objectstorage.py
[2026-05-19T17:43:16.276+0000] {processor.py:830} INFO - Processing file /home/airflow/.local/lib/python3.12/site-packages/airflow/example_dags/tutorial_objectstorage.py for tasks to queue
[2026-05-19T17:43:16.278+0000] {logging_mixin.py:188} INFO - [2026-05-19T17:43:16.278+0000] {dagbag.py:545} INFO - Filling up the DagBag from /home/airflow/.local/lib/python3.12/site-packages/airflow/example_dags/tutorial_objectstorage.py
[2026-05-19T17:43:16.284+0000] {processor.py:840} INFO - DAG(s) 'tutorial_objectstorage' retrieved from /home/airflow/.local/lib/python3.12/site-packages/airflow/example_dags/tutorial_objectstorage.py
[2026-05-19T17:43:16.301+0000] {logging_mixin.py:188} INFO - [2026-05-19T17:43:16.301+0000] {dag.py:3096} INFO - Sync 1 DAGs
[2026-05-19T17:43:16.314+0000] {logging_mixin.py:188} INFO - [2026-05-19T17:43:16.314+0000] {dag.py:3954} INFO - Setting next_dagrun for tutorial_objectstorage to None, run_after=None
[2026-05-19T17:43:16.335+0000] {processor.py:183} INFO - Processing /home/airflow/.local/lib/python3.12/site-packages/airflow/example_dags/tutorial_objectstorage.py took 0.067 seconds
[2026-05-19T17:43:46.673+0000] {processor.py:161} INFO - Started process (PID=6950) to work on /home/airflow/.local/lib/python3.12/site-packages/airflow/example_dags/tutorial_objectstorage.py
[2026-05-19T17:43:46.675+0000] {processor.py:830} INFO - Processing file /home/airflow/.local/lib/python3.12/site-packages/airflow/example_dags/tutorial_objectstorage.py for tasks to queue
[2026-05-19T17:43:46.678+0000] {logging_mixin.py:188} INFO - [2026-05-19T17:43:46.678+0000] {dagbag.py:545} INFO - Filling up the DagBag from /home/airflow/.local/lib/python3.12/site-packages/airflow/example_dags/tutorial_objectstorage.py
[2026-05-19T17:43:46.686+0000] {processor.py:840} INFO - DAG(s) 'tutorial_objectstorage' retrieved from /home/airflow/.local/lib/python3.12/site-packages/airflow/example_dags/tutorial_objectstorage.py
[2026-05-19T17:43:46.727+0000] {logging_mixin.py:188} INFO - [2026-05-19T17:43:46.726+0000] {dag.py:3096} INFO - Sync 1 DAGs
[2026-05-19T17:43:46.753+0000] {logging_mixin.py:188} INFO - [2026-05-19T17:43:46.753+0000] {dag.py:3954} INFO - Setting next_dagrun for tutorial_objectstorage to None, run_after=None
[2026-05-19T17:43:46.785+0000] {processor.py:183} INFO - Processing /home/airflow/.local/lib/python3.12/site-packages/airflow/example_dags/tutorial_objectstorage.py took 0.120 seconds
[2026-05-19T17:44:16.847+0000] {processor.py:161} INFO - Started process (PID=7009) to work on /home/airflow/.local/lib/python3.12/site-packages/airflow/example_dags/tutorial_objectstorage.py
[2026-05-19T17:44:16.849+0000] {processor.py:830} INFO - Processing file /home/airflow/.local/lib/python3.12/site-packages/airflow/example_dags/tutorial_objectstorage.py for tasks to queue
[2026-05-19T17:44:16.852+0000] {logging_mixin.py:188} INFO - [2026-05-19T17:44:16.851+0000] {dagbag.py:545} INFO - Filling up the DagBag from /home/airflow/.local/lib/python3.12/site-packages/airflow/example_dags/tutorial_objectstorage.py
[2026-05-19T17:44:16.860+0000] {processor.py:840} INFO - DAG(s) 'tutorial_objectstorage' retrieved from /home/airflow/.local/lib/python3.12/site-packages/airflow/example_dags/tutorial_objectstorage.py
[2026-05-19T17:44:16.890+0000] {logging_mixin.py:188} INFO - [2026-05-19T17:44:16.889+0000] {dag.py:3096} INFO - Sync 1 DAGs
[2026-05-19T17:44:16.913+0000] {logging_mixin.py:188} INFO - [2026-05-19T17:44:16.912+0000] {dag.py:3954} INFO - Setting next_dagrun for tutorial_objectstorage to None, run_after=None
[2026-05-19T17:44:16.940+0000] {processor.py:183} INFO - Processing /home/airflow/.local/lib/python3.12/site-packages/airflow/example_dags/tutorial_objectstorage.py took 0.103 seconds
[2026-05-19T17:44:47.104+0000] {processor.py:161} INFO - Started process (PID=7068) to work on /home/airflow/.local/lib/python3.12/site-packages/airflow/example_dags/tutorial_objectstorage.py
[2026-05-19T17:44:47.105+0000] {processor.py:830} INFO - Processing file /home/airflow/.local/lib/python3.12/site-packages/airflow/example_dags/tutorial_objectstorage.py for tasks to queue
[2026-05-19T17:44:47.108+0000] {logging_mixin.py:188} INFO - [2026-05-19T17:44:47.107+0000] {dagbag.py:545} INFO - Filling up the DagBag from /home/airflow/.local/lib/python3.12/site-packages/airflow/example_dags/tutorial_objectstorage.py
[2026-05-19T17:44:47.117+0000] {processor.py:840} INFO - DAG(s) 'tutorial_objectstorage' retrieved from /home/airflow/.local/lib/python3.12/site-packages/airflow/example_dags/tutorial_objectstorage.py
[2026-05-19T17:44:47.133+0000] {logging_mixin.py:188} INFO - [2026-05-19T17:44:47.133+0000] {dag.py:3096} INFO - Sync 1 DAGs
[2026-05-19T17:44:47.147+0000] {logging_mixin.py:188} INFO - [2026-05-19T17:44:47.147+0000] {dag.py:3954} INFO - Setting next_dagrun for tutorial_objectstorage to None, run_after=None
[2026-05-19T17:44:47.168+0000] {processor.py:183} INFO - Processing /home/airflow/.local/lib/python3.12/site-packages/airflow/example_dags/tutorial_objectstorage.py took 0.072 seconds
[2026-05-19T17:45:17.380+0000] {processor.py:161} INFO - Started process (PID=7127) to work on /home/airflow/.local/lib/python3.12/site-packages/airflow/example_dags/tutorial_objectstorage.py
[2026-05-19T17:45:17.381+0000] {processor.py:830} INFO - Processing file /home/airflow/.local/lib/python3.12/site-packages/airflow/example_dags/tutorial_objectstorage.py for tasks to queue
[2026-05-19T17:45:17.383+0000] {logging_mixin.py:188} INFO - [2026-05-19T17:45:17.382+0000] {dagbag.py:545} INFO - Filling up the DagBag from /home/airflow/.local/lib/python3.12/site-packages/airflow/example_dags/tutorial_objectstorage.py
[2026-05-19T17:45:17.389+0000] {processor.py:840} INFO - DAG(s) 'tutorial_objectstorage' retrieved from /home/airflow/.local/lib/python3.12/site-packages/airflow/example_dags/tutorial_objectstorage.py
[2026-05-19T17:45:17.409+0000] {logging_mixin.py:188} INFO - [2026-05-19T17:45:17.409+0000] {dag.py:3096} INFO - Sync 1 DAGs
[2026-05-19T17:45:17.420+0000] {logging_mixin.py:188} INFO - [2026-05-19T17:45:17.420+0000] {dag.py:3954} INFO - Setting next_dagrun for tutorial_objectstorage to None, run_after=None
[2026-05-19T17:45:17.443+0000] {processor.py:183} INFO - Processing /home/airflow/.local/lib/python3.12/site-packages/airflow/example_dags/tutorial_objectstorage.py took 0.068 seconds
[2026-05-19T17:45:48.246+0000] {processor.py:161} INFO - Started process (PID=7186) to work on /home/airflow/.local/lib/python3.12/site-packages/airflow/example_dags/tutorial_objectstorage.py
[2026-05-19T17:45:48.247+0000] {processor.py:830} INFO - Processing file /home/airflow/.local/lib/python3.12/site-packages/airflow/example_dags/tutorial_objectstorage.py for tasks to queue
[2026-05-19T17:45:48.250+0000] {logging_mixin.py:188} INFO - [2026-05-19T17:45:48.250+0000] {dagbag.py:545} INFO - Filling up the DagBag from /home/airflow/.local/lib/python3.12/site-packages/airflow/example_dags/tutorial_objectstorage.py
[2026-05-19T17:45:48.260+0000] {processor.py:840} INFO - DAG(s) 'tutorial_objectstorage' retrieved from /home/airflow/.local/lib/python3.12/site-packages/airflow/example_dags/tutorial_objectstorage.py
[2026-05-19T17:45:48.285+0000] {logging_mixin.py:188} INFO - [2026-05-19T17:45:48.285+0000] {dag.py:3096} INFO - Sync 1 DAGs
[2026-05-19T17:45:48.308+0000] {logging_mixin.py:188} INFO - [2026-05-19T17:45:48.308+0000] {dag.py:3954} INFO - Setting next_dagrun for tutorial_objectstorage to None, run_after=None
[2026-05-19T17:45:48.338+0000] {processor.py:183} INFO - Processing /home/airflow/.local/lib/python3.12/site-packages/airflow/example_dags/tutorial_objectstorage.py took 0.102 seconds
[2026-05-19T17:47:15.016+0000] {processor.py:161} INFO - Started process (PID=84) to work on /home/airflow/.local/lib/python3.12/site-packages/airflow/example_dags/tutorial_objectstorage.py
[2026-05-19T17:47:15.018+0000] {processor.py:830} INFO - Processing file /home/airflow/.local/lib/python3.12/site-packages/airflow/example_dags/tutorial_objectstorage.py for tasks to queue
[2026-05-19T17:47:15.023+0000] {logging_mixin.py:188} INFO - [2026-05-19T17:47:15.022+0000] {dagbag.py:545} INFO - Filling up the DagBag from /home/airflow/.local/lib/python3.12/site-packages/airflow/example_dags/tutorial_objectstorage.py
[2026-05-19T17:47:15.037+0000] {processor.py:840} INFO - DAG(s) 'tutorial_objectstorage' retrieved from /home/airflow/.local/lib/python3.12/site-packages/airflow/example_dags/tutorial_objectstorage.py
[2026-05-19T17:47:15.864+0000] {logging_mixin.py:188} INFO - [2026-05-19T17:47:15.863+0000] {dag.py:3096} INFO - Sync 1 DAGs
[2026-05-19T17:47:15.939+0000] {logging_mixin.py:188} INFO - [2026-05-19T17:47:15.939+0000] {dag.py:3954} INFO - Setting next_dagrun for tutorial_objectstorage to None, run_after=None
[2026-05-19T17:47:16.060+0000] {processor.py:183} INFO - Processing /home/airflow/.local/lib/python3.12/site-packages/airflow/example_dags/tutorial_objectstorage.py took 1.051 seconds
[2026-05-19T17:47:46.409+0000] {processor.py:161} INFO - Started process (PID=142) to work on /home/airflow/.local/lib/python3.12/site-packages/airflow/example_dags/tutorial_objectstorage.py
[2026-05-19T17:47:46.410+0000] {processor.py:830} INFO - Processing file /home/airflow/.local/lib/python3.12/site-packages/airflow/example_dags/tutorial_objectstorage.py for tasks to queue
[2026-05-19T17:47:46.412+0000] {logging_mixin.py:188} INFO - [2026-05-19T17:47:46.412+0000] {dagbag.py:545} INFO - Filling up the DagBag from /home/airflow/.local/lib/python3.12/site-packages/airflow/example_dags/tutorial_objectstorage.py
[2026-05-19T17:47:46.418+0000] {processor.py:840} INFO - DAG(s) 'tutorial_objectstorage' retrieved from /home/airflow/.local/lib/python3.12/site-packages/airflow/example_dags/tutorial_objectstorage.py
[2026-05-19T17:47:46.434+0000] {logging_mixin.py:188} INFO - [2026-05-19T17:47:46.434+0000] {dag.py:3096} INFO - Sync 1 DAGs
[2026-05-19T17:47:46.447+0000] {logging_mixin.py:188} INFO - [2026-05-19T17:47:46.446+0000] {dag.py:3954} INFO - Setting next_dagrun for tutorial_objectstorage to None, run_after=None
[2026-05-19T17:47:46.462+0000] {processor.py:183} INFO - Processing /home/airflow/.local/lib/python3.12/site-packages/airflow/example_dags/tutorial_objectstorage.py took 0.059 seconds
[2026-05-19T17:48:16.580+0000] {processor.py:161} INFO - Started process (PID=200) to work on /home/airflow/.local/lib/python3.12/site-packages/airflow/example_dags/tutorial_objectstorage.py
[2026-05-19T17:48:16.584+0000] {processor.py:830} INFO - Processing file /home/airflow/.local/lib/python3.12/site-packages/airflow/example_dags/tutorial_objectstorage.py for tasks to queue
[2026-05-19T17:48:16.586+0000] {logging_mixin.py:188} INFO - [2026-05-19T17:48:16.586+0000] {dagbag.py:545} INFO - Filling up the DagBag from /home/airflow/.local/lib/python3.12/site-packages/airflow/example_dags/tutorial_objectstorage.py
[2026-05-19T17:48:16.594+0000] {processor.py:840} INFO - DAG(s) 'tutorial_objectstorage' retrieved from /home/airflow/.local/lib/python3.12/site-packages/airflow/example_dags/tutorial_objectstorage.py
[2026-05-19T17:48:16.615+0000] {logging_mixin.py:188} INFO - [2026-05-19T17:48:16.615+0000] {dag.py:3096} INFO - Sync 1 DAGs
[2026-05-19T17:48:16.628+0000] {logging_mixin.py:188} INFO - [2026-05-19T17:48:16.628+0000] {dag.py:3954} INFO - Setting next_dagrun for tutorial_objectstorage to None, run_after=None
[2026-05-19T17:48:16.647+0000] {processor.py:183} INFO - Processing /home/airflow/.local/lib/python3.12/site-packages/airflow/example_dags/tutorial_objectstorage.py took 0.074 seconds
[2026-05-19T17:48:47.227+0000] {processor.py:161} INFO - Started process (PID=259) to work on /home/airflow/.local/lib/python3.12/site-packages/airflow/example_dags/tutorial_objectstorage.py
[2026-05-19T17:48:47.228+0000] {processor.py:830} INFO - Processing file /home/airflow/.local/lib/python3.12/site-packages/airflow/example_dags/tutorial_objectstorage.py for tasks to queue
[2026-05-19T17:48:47.230+0000] {logging_mixin.py:188} INFO - [2026-05-19T17:48:47.230+0000] {dagbag.py:545} INFO - Filling up the DagBag from /home/airflow/.local/lib/python3.12/site-packages/airflow/example_dags/tutorial_objectstorage.py
[2026-05-19T17:48:47.238+0000] {processor.py:840} INFO - DAG(s) 'tutorial_objectstorage' retrieved from /home/airflow/.local/lib/python3.12/site-packages/airflow/example_dags/tutorial_objectstorage.py
[2026-05-19T17:48:47.259+0000] {logging_mixin.py:188} INFO - [2026-05-19T17:48:47.259+0000] {dag.py:3096} INFO - Sync 1 DAGs
[2026-05-19T17:48:47.271+0000] {logging_mixin.py:188} INFO - [2026-05-19T17:48:47.270+0000] {dag.py:3954} INFO - Setting next_dagrun for tutorial_objectstorage to None, run_after=None
[2026-05-19T17:48:47.292+0000] {processor.py:183} INFO - Processing /home/airflow/.local/lib/python3.12/site-packages/airflow/example_dags/tutorial_objectstorage.py took 0.072 seconds
[2026-05-19T17:49:17.372+0000] {processor.py:161} INFO - Started process (PID=317) to work on /home/airflow/.local/lib/python3.12/site-packages/airflow/example_dags/tutorial_objectstorage.py
[2026-05-19T17:49:17.374+0000] {processor.py:830} INFO - Processing file /home/airflow/.local/lib/python3.12/site-packages/airflow/example_dags/tutorial_objectstorage.py for tasks to queue
[2026-05-19T17:49:17.377+0000] {logging_mixin.py:188} INFO - [2026-05-19T17:49:17.376+0000] {dagbag.py:545} INFO - Filling up the DagBag from /home/airflow/.local/lib/python3.12/site-packages/airflow/example_dags/tutorial_objectstorage.py
[2026-05-19T17:49:17.382+0000] {processor.py:840} INFO - DAG(s) 'tutorial_objectstorage' retrieved from /home/airflow/.local/lib/python3.12/site-packages/airflow/example_dags/tutorial_objectstorage.py
[2026-05-19T17:49:17.404+0000] {logging_mixin.py:188} INFO - [2026-05-19T17:49:17.404+0000] {dag.py:3096} INFO - Sync 1 DAGs
[2026-05-19T17:49:17.414+0000] {logging_mixin.py:188} INFO - [2026-05-19T17:49:17.413+0000] {dag.py:3954} INFO - Setting next_dagrun for tutorial_objectstorage to None, run_after=None
[2026-05-19T17:49:17.429+0000] {processor.py:183} INFO - Processing /home/airflow/.local/lib/python3.12/site-packages/airflow/example_dags/tutorial_objectstorage.py took 0.062 seconds
[2026-05-19T17:49:47.616+0000] {processor.py:161} INFO - Started process (PID=375) to work on /home/airflow/.local/lib/python3.12/site-packages/airflow/example_dags/tutorial_objectstorage.py
[2026-05-19T17:49:47.618+0000] {processor.py:830} INFO - Processing file /home/airflow/.local/lib/python3.12/site-packages/airflow/example_dags/tutorial_objectstorage.py for tasks to queue
[2026-05-19T17:49:47.623+0000] {logging_mixin.py:188} INFO - [2026-05-19T17:49:47.622+0000] {dagbag.py:545} INFO - Filling up the DagBag from /home/airflow/.local/lib/python3.12/site-packages/airflow/example_dags/tutorial_objectstorage.py
[2026-05-19T17:49:47.636+0000] {processor.py:840} INFO - DAG(s) 'tutorial_objectstorage' retrieved from /home/airflow/.local/lib/python3.12/site-packages/airflow/example_dags/tutorial_objectstorage.py
[2026-05-19T17:49:47.661+0000] {logging_mixin.py:188} INFO - [2026-05-19T17:49:47.660+0000] {dag.py:3096} INFO - Sync 1 DAGs
[2026-05-19T17:49:47.676+0000] {logging_mixin.py:188} INFO - [2026-05-19T17:49:47.675+0000] {dag.py:3954} INFO - Setting next_dagrun for tutorial_objectstorage to None, run_after=None
[2026-05-19T17:49:47.697+0000] {processor.py:183} INFO - Processing /home/airflow/.local/lib/python3.12/site-packages/airflow/example_dags/tutorial_objectstorage.py took 0.093 seconds
[2026-05-19T17:50:17.913+0000] {processor.py:161} INFO - Started process (PID=434) to work on /home/airflow/.local/lib/python3.12/site-packages/airflow/example_dags/tutorial_objectstorage.py
[2026-05-19T17:50:17.914+0000] {processor.py:830} INFO - Processing file /home/airflow/.local/lib/python3.12/site-packages/airflow/example_dags/tutorial_objectstorage.py for tasks to queue
[2026-05-19T17:50:17.916+0000] {logging_mixin.py:188} INFO - [2026-05-19T17:50:17.916+0000] {dagbag.py:545} INFO - Filling up the DagBag from /home/airflow/.local/lib/python3.12/site-packages/airflow/example_dags/tutorial_objectstorage.py
[2026-05-19T17:50:17.924+0000] {processor.py:840} INFO - DAG(s) 'tutorial_objectstorage' retrieved from /home/airflow/.local/lib/python3.12/site-packages/airflow/example_dags/tutorial_objectstorage.py
[2026-05-19T17:50:17.941+0000] {logging_mixin.py:188} INFO - [2026-05-19T17:50:17.940+0000] {dag.py:3096} INFO - Sync 1 DAGs
[2026-05-19T17:50:17.952+0000] {logging_mixin.py:188} INFO - [2026-05-19T17:50:17.952+0000] {dag.py:3954} INFO - Setting next_dagrun for tutorial_objectstorage to None, run_after=None
[2026-05-19T17:50:17.970+0000] {processor.py:183} INFO - Processing /home/airflow/.local/lib/python3.12/site-packages/airflow/example_dags/tutorial_objectstorage.py took 0.061 seconds
[2026-05-19T17:50:48.095+0000] {processor.py:161} INFO - Started process (PID=492) to work on /home/airflow/.local/lib/python3.12/site-packages/airflow/example_dags/tutorial_objectstorage.py
[2026-05-19T17:50:48.096+0000] {processor.py:830} INFO - Processing file /home/airflow/.local/lib/python3.12/site-packages/airflow/example_dags/tutorial_objectstorage.py for tasks to queue
[2026-05-19T17:50:48.098+0000] {logging_mixin.py:188} INFO - [2026-05-19T17:50:48.098+0000] {dagbag.py:545} INFO - Filling up the DagBag from /home/airflow/.local/lib/python3.12/site-packages/airflow/example_dags/tutorial_objectstorage.py
[2026-05-19T17:50:48.107+0000] {processor.py:840} INFO - DAG(s) 'tutorial_objectstorage' retrieved from /home/airflow/.local/lib/python3.12/site-packages/airflow/example_dags/tutorial_objectstorage.py
[2026-05-19T17:50:48.136+0000] {logging_mixin.py:188} INFO - [2026-05-19T17:50:48.135+0000] {dag.py:3096} INFO - Sync 1 DAGs
[2026-05-19T17:50:48.153+0000] {logging_mixin.py:188} INFO - [2026-05-19T17:50:48.152+0000] {dag.py:3954} INFO - Setting next_dagrun for tutorial_objectstorage to None, run_after=None
[2026-05-19T17:50:48.172+0000] {processor.py:183} INFO - Processing /home/airflow/.local/lib/python3.12/site-packages/airflow/example_dags/tutorial_objectstorage.py took 0.083 seconds
[2026-05-19T17:51:18.544+0000] {processor.py:161} INFO - Started process (PID=550) to work on /home/airflow/.local/lib/python3.12/site-packages/airflow/example_dags/tutorial_objectstorage.py
[2026-05-19T17:51:18.551+0000] {processor.py:830} INFO - Processing file /home/airflow/.local/lib/python3.12/site-packages/airflow/example_dags/tutorial_objectstorage.py for tasks to queue
[2026-05-19T17:51:18.564+0000] {logging_mixin.py:188} INFO - [2026-05-19T17:51:18.563+0000] {dagbag.py:545} INFO - Filling up the DagBag from /home/airflow/.local/lib/python3.12/site-packages/airflow/example_dags/tutorial_objectstorage.py
[2026-05-19T17:51:18.579+0000] {processor.py:840} INFO - DAG(s) 'tutorial_objectstorage' retrieved from /home/airflow/.local/lib/python3.12/site-packages/airflow/example_dags/tutorial_objectstorage.py
[2026-05-19T17:51:18.622+0000] {logging_mixin.py:188} INFO - [2026-05-19T17:51:18.622+0000] {dag.py:3096} INFO - Sync 1 DAGs
[2026-05-19T17:51:18.677+0000] {logging_mixin.py:188} INFO - [2026-05-19T17:51:18.677+0000] {dag.py:3954} INFO - Setting next_dagrun for tutorial_objectstorage to None, run_after=None
[2026-05-19T17:51:18.724+0000] {processor.py:183} INFO - Processing /home/airflow/.local/lib/python3.12/site-packages/airflow/example_dags/tutorial_objectstorage.py took 0.190 seconds
[2026-05-19T17:51:49.250+0000] {processor.py:161} INFO - Started process (PID=608) to work on /home/airflow/.local/lib/python3.12/site-packages/airflow/example_dags/tutorial_objectstorage.py
[2026-05-19T17:51:49.250+0000] {processor.py:830} INFO - Processing file /home/airflow/.local/lib/python3.12/site-packages/airflow/example_dags/tutorial_objectstorage.py for tasks to queue
[2026-05-19T17:51:49.253+0000] {logging_mixin.py:188} INFO - [2026-05-19T17:51:49.252+0000] {dagbag.py:545} INFO - Filling up the DagBag from /home/airflow/.local/lib/python3.12/site-packages/airflow/example_dags/tutorial_objectstorage.py
[2026-05-19T17:51:49.259+0000] {processor.py:840} INFO - DAG(s) 'tutorial_objectstorage' retrieved from /home/airflow/.local/lib/python3.12/site-packages/airflow/example_dags/tutorial_objectstorage.py
[2026-05-19T17:51:49.277+0000] {logging_mixin.py:188} INFO - [2026-05-19T17:51:49.276+0000] {dag.py:3096} INFO - Sync 1 DAGs
[2026-05-19T17:51:49.289+0000] {logging_mixin.py:188} INFO - [2026-05-19T17:51:49.289+0000] {dag.py:3954} INFO - Setting next_dagrun for tutorial_objectstorage to None, run_after=None
[2026-05-19T17:51:49.307+0000] {processor.py:183} INFO - Processing /home/airflow/.local/lib/python3.12/site-packages/airflow/example_dags/tutorial_objectstorage.py took 0.063 seconds
[2026-05-19T17:52:19.441+0000] {processor.py:161} INFO - Started process (PID=666) to work on /home/airflow/.local/lib/python3.12/site-packages/airflow/example_dags/tutorial_objectstorage.py
[2026-05-19T17:52:19.442+0000] {processor.py:830} INFO - Processing file /home/airflow/.local/lib/python3.12/site-packages/airflow/example_dags/tutorial_objectstorage.py for tasks to queue
[2026-05-19T17:52:19.444+0000] {logging_mixin.py:188} INFO - [2026-05-19T17:52:19.444+0000] {dagbag.py:545} INFO - Filling up the DagBag from /home/airflow/.local/lib/python3.12/site-packages/airflow/example_dags/tutorial_objectstorage.py
[2026-05-19T17:52:19.450+0000] {processor.py:840} INFO - DAG(s) 'tutorial_objectstorage' retrieved from /home/airflow/.local/lib/python3.12/site-packages/airflow/example_dags/tutorial_objectstorage.py
[2026-05-19T17:52:19.466+0000] {logging_mixin.py:188} INFO - [2026-05-19T17:52:19.466+0000] {dag.py:3096} INFO - Sync 1 DAGs
[2026-05-19T17:52:19.476+0000] {logging_mixin.py:188} INFO - [2026-05-19T17:52:19.476+0000] {dag.py:3954} INFO - Setting next_dagrun for tutorial_objectstorage to None, run_after=None
[2026-05-19T17:52:19.491+0000] {processor.py:183} INFO - Processing /home/airflow/.local/lib/python3.12/site-packages/airflow/example_dags/tutorial_objectstorage.py took 0.057 seconds
[2026-05-19T17:52:49.713+0000] {processor.py:161} INFO - Started process (PID=724) to work on /home/airflow/.local/lib/python3.12/site-packages/airflow/example_dags/tutorial_objectstorage.py
[2026-05-19T17:52:49.714+0000] {processor.py:830} INFO - Processing file /home/airflow/.local/lib/python3.12/site-packages/airflow/example_dags/tutorial_objectstorage.py for tasks to queue
[2026-05-19T17:52:49.716+0000] {logging_mixin.py:188} INFO - [2026-05-19T17:52:49.715+0000] {dagbag.py:545} INFO - Filling up the DagBag from /home/airflow/.local/lib/python3.12/site-packages/airflow/example_dags/tutorial_objectstorage.py
[2026-05-19T17:52:49.722+0000] {processor.py:840} INFO - DAG(s) 'tutorial_objectstorage' retrieved from /home/airflow/.local/lib/python3.12/site-packages/airflow/example_dags/tutorial_objectstorage.py
[2026-05-19T17:52:49.738+0000] {logging_mixin.py:188} INFO - [2026-05-19T17:52:49.737+0000] {dag.py:3096} INFO - Sync 1 DAGs
[2026-05-19T17:52:49.747+0000] {logging_mixin.py:188} INFO - [2026-05-19T17:52:49.747+0000] {dag.py:3954} INFO - Setting next_dagrun for tutorial_objectstorage to None, run_after=None
[2026-05-19T17:52:49.785+0000] {processor.py:183} INFO - Processing /home/airflow/.local/lib/python3.12/site-packages/airflow/example_dags/tutorial_objectstorage.py took 0.076 seconds
[2026-05-19T17:53:20.370+0000] {processor.py:161} INFO - Started process (PID=782) to work on /home/airflow/.local/lib/python3.12/site-packages/airflow/example_dags/tutorial_objectstorage.py
[2026-05-19T17:53:20.371+0000] {processor.py:830} INFO - Processing file /home/airflow/.local/lib/python3.12/site-packages/airflow/example_dags/tutorial_objectstorage.py for tasks to queue
[2026-05-19T17:53:20.375+0000] {logging_mixin.py:188} INFO - [2026-05-19T17:53:20.374+0000] {dagbag.py:545} INFO - Filling up the DagBag from /home/airflow/.local/lib/python3.12/site-packages/airflow/example_dags/tutorial_objectstorage.py
[2026-05-19T17:53:20.388+0000] {processor.py:840} INFO - DAG(s) 'tutorial_objectstorage' retrieved from /home/airflow/.local/lib/python3.12/site-packages/airflow/example_dags/tutorial_objectstorage.py
[2026-05-19T17:53:20.421+0000] {logging_mixin.py:188} INFO - [2026-05-19T17:53:20.420+0000] {dag.py:3096} INFO - Sync 1 DAGs
[2026-05-19T17:53:20.436+0000] {logging_mixin.py:188} INFO - [2026-05-19T17:53:20.436+0000] {dag.py:3954} INFO - Setting next_dagrun for tutorial_objectstorage to None, run_after=None
[2026-05-19T17:53:20.462+0000] {processor.py:183} INFO - Processing /home/airflow/.local/lib/python3.12/site-packages/airflow/example_dags/tutorial_objectstorage.py took 0.100 seconds
[2026-05-19T17:53:50.902+0000] {processor.py:161} INFO - Started process (PID=840) to work on /home/airflow/.local/lib/python3.12/site-packages/airflow/example_dags/tutorial_objectstorage.py
[2026-05-19T17:53:50.903+0000] {processor.py:830} INFO - Processing file /home/airflow/.local/lib/python3.12/site-packages/airflow/example_dags/tutorial_objectstorage.py for tasks to queue
[2026-05-19T17:53:50.906+0000] {logging_mixin.py:188} INFO - [2026-05-19T17:53:50.905+0000] {dagbag.py:545} INFO - Filling up the DagBag from /home/airflow/.local/lib/python3.12/site-packages/airflow/example_dags/tutorial_objectstorage.py
[2026-05-19T17:53:50.912+0000] {processor.py:840} INFO - DAG(s) 'tutorial_objectstorage' retrieved from /home/airflow/.local/lib/python3.12/site-packages/airflow/example_dags/tutorial_objectstorage.py
[2026-05-19T17:53:50.928+0000] {logging_mixin.py:188} INFO - [2026-05-19T17:53:50.928+0000] {dag.py:3096} INFO - Sync 1 DAGs
[2026-05-19T17:53:50.939+0000] {logging_mixin.py:188} INFO - [2026-05-19T17:53:50.939+0000] {dag.py:3954} INFO - Setting next_dagrun for tutorial_objectstorage to None, run_after=None
[2026-05-19T17:53:50.955+0000] {processor.py:183} INFO - Processing /home/airflow/.local/lib/python3.12/site-packages/airflow/example_dags/tutorial_objectstorage.py took 0.063 seconds
[2026-05-19T17:54:21.433+0000] {processor.py:161} INFO - Started process (PID=898) to work on /home/airflow/.local/lib/python3.12/site-packages/airflow/example_dags/tutorial_objectstorage.py
[2026-05-19T17:54:21.434+0000] {processor.py:830} INFO - Processing file /home/airflow/.local/lib/python3.12/site-packages/airflow/example_dags/tutorial_objectstorage.py for tasks to queue
[2026-05-19T17:54:21.436+0000] {logging_mixin.py:188} INFO - [2026-05-19T17:54:21.436+0000] {dagbag.py:545} INFO - Filling up the DagBag from /home/airflow/.local/lib/python3.12/site-packages/airflow/example_dags/tutorial_objectstorage.py
[2026-05-19T17:54:21.443+0000] {processor.py:840} INFO - DAG(s) 'tutorial_objectstorage' retrieved from /home/airflow/.local/lib/python3.12/site-packages/airflow/example_dags/tutorial_objectstorage.py
[2026-05-19T17:54:21.459+0000] {logging_mixin.py:188} INFO - [2026-05-19T17:54:21.458+0000] {dag.py:3096} INFO - Sync 1 DAGs
[2026-05-19T17:54:21.468+0000] {logging_mixin.py:188} INFO - [2026-05-19T17:54:21.468+0000] {dag.py:3954} INFO - Setting next_dagrun for tutorial_objectstorage to None, run_after=None
[2026-05-19T17:54:21.482+0000] {processor.py:183} INFO - Processing /home/airflow/.local/lib/python3.12/site-packages/airflow/example_dags/tutorial_objectstorage.py took 0.055 seconds
[2026-05-19T17:54:51.729+0000] {processor.py:161} INFO - Started process (PID=955) to work on /home/airflow/.local/lib/python3.12/site-packages/airflow/example_dags/tutorial_objectstorage.py
[2026-05-19T17:54:51.730+0000] {processor.py:830} INFO - Processing file /home/airflow/.local/lib/python3.12/site-packages/airflow/example_dags/tutorial_objectstorage.py for tasks to queue
[2026-05-19T17:54:51.732+0000] {logging_mixin.py:188} INFO - [2026-05-19T17:54:51.732+0000] {dagbag.py:545} INFO - Filling up the DagBag from /home/airflow/.local/lib/python3.12/site-packages/airflow/example_dags/tutorial_objectstorage.py
[2026-05-19T17:54:51.740+0000] {processor.py:840} INFO - DAG(s) 'tutorial_objectstorage' retrieved from /home/airflow/.local/lib/python3.12/site-packages/airflow/example_dags/tutorial_objectstorage.py
[2026-05-19T17:54:51.759+0000] {logging_mixin.py:188} INFO - [2026-05-19T17:54:51.759+0000] {dag.py:3096} INFO - Sync 1 DAGs
[2026-05-19T17:54:51.769+0000] {logging_mixin.py:188} INFO - [2026-05-19T17:54:51.768+0000] {dag.py:3954} INFO - Setting next_dagrun for tutorial_objectstorage to None, run_after=None
[2026-05-19T17:54:51.787+0000] {processor.py:183} INFO - Processing /home/airflow/.local/lib/python3.12/site-packages/airflow/example_dags/tutorial_objectstorage.py took 0.062 seconds
[2026-05-19T17:55:22.074+0000] {processor.py:161} INFO - Started process (PID=1013) to work on /home/airflow/.local/lib/python3.12/site-packages/airflow/example_dags/tutorial_objectstorage.py
[2026-05-19T17:55:22.076+0000] {processor.py:830} INFO - Processing file /home/airflow/.local/lib/python3.12/site-packages/airflow/example_dags/tutorial_objectstorage.py for tasks to queue
[2026-05-19T17:55:22.079+0000] {logging_mixin.py:188} INFO - [2026-05-19T17:55:22.078+0000] {dagbag.py:545} INFO - Filling up the DagBag from /home/airflow/.local/lib/python3.12/site-packages/airflow/example_dags/tutorial_objectstorage.py
[2026-05-19T17:55:22.088+0000] {processor.py:840} INFO - DAG(s) 'tutorial_objectstorage' retrieved from /home/airflow/.local/lib/python3.12/site-packages/airflow/example_dags/tutorial_objectstorage.py
[2026-05-19T17:55:22.107+0000] {logging_mixin.py:188} INFO - [2026-05-19T17:55:22.107+0000] {dag.py:3096} INFO - Sync 1 DAGs
[2026-05-19T17:55:22.120+0000] {logging_mixin.py:188} INFO - [2026-05-19T17:55:22.120+0000] {dag.py:3954} INFO - Setting next_dagrun for tutorial_objectstorage to None, run_after=None
[2026-05-19T17:55:22.139+0000] {processor.py:183} INFO - Processing /home/airflow/.local/lib/python3.12/site-packages/airflow/example_dags/tutorial_objectstorage.py took 0.076 seconds
[2026-05-19T17:55:52.281+0000] {processor.py:161} INFO - Started process (PID=1071) to work on /home/airflow/.local/lib/python3.12/site-packages/airflow/example_dags/tutorial_objectstorage.py
[2026-05-19T17:55:52.283+0000] {processor.py:830} INFO - Processing file /home/airflow/.local/lib/python3.12/site-packages/airflow/example_dags/tutorial_objectstorage.py for tasks to queue
[2026-05-19T17:55:52.285+0000] {logging_mixin.py:188} INFO - [2026-05-19T17:55:52.285+0000] {dagbag.py:545} INFO - Filling up the DagBag from /home/airflow/.local/lib/python3.12/site-packages/airflow/example_dags/tutorial_objectstorage.py
[2026-05-19T17:55:52.292+0000] {processor.py:840} INFO - DAG(s) 'tutorial_objectstorage' retrieved from /home/airflow/.local/lib/python3.12/site-packages/airflow/example_dags/tutorial_objectstorage.py
[2026-05-19T17:55:52.314+0000] {logging_mixin.py:188} INFO - [2026-05-19T17:55:52.313+0000] {dag.py:3096} INFO - Sync 1 DAGs
[2026-05-19T17:55:52.328+0000] {logging_mixin.py:188} INFO - [2026-05-19T17:55:52.328+0000] {dag.py:3954} INFO - Setting next_dagrun for tutorial_objectstorage to None, run_after=None
[2026-05-19T17:55:52.346+0000] {processor.py:183} INFO - Processing /home/airflow/.local/lib/python3.12/site-packages/airflow/example_dags/tutorial_objectstorage.py took 0.073 seconds
[2026-05-19T17:56:22.493+0000] {processor.py:161} INFO - Started process (PID=1129) to work on /home/airflow/.local/lib/python3.12/site-packages/airflow/example_dags/tutorial_objectstorage.py
[2026-05-19T17:56:22.494+0000] {processor.py:830} INFO - Processing file /home/airflow/.local/lib/python3.12/site-packages/airflow/example_dags/tutorial_objectstorage.py for tasks to queue
[2026-05-19T17:56:22.495+0000] {logging_mixin.py:188} INFO - [2026-05-19T17:56:22.495+0000] {dagbag.py:545} INFO - Filling up the DagBag from /home/airflow/.local/lib/python3.12/site-packages/airflow/example_dags/tutorial_objectstorage.py
[2026-05-19T17:56:22.502+0000] {processor.py:840} INFO - DAG(s) 'tutorial_objectstorage' retrieved from /home/airflow/.local/lib/python3.12/site-packages/airflow/example_dags/tutorial_objectstorage.py
[2026-05-19T17:56:22.517+0000] {logging_mixin.py:188} INFO - [2026-05-19T17:56:22.517+0000] {dag.py:3096} INFO - Sync 1 DAGs
[2026-05-19T17:56:22.527+0000] {logging_mixin.py:188} INFO - [2026-05-19T17:56:22.527+0000] {dag.py:3954} INFO - Setting next_dagrun for tutorial_objectstorage to None, run_after=None
[2026-05-19T17:56:22.541+0000] {processor.py:183} INFO - Processing /home/airflow/.local/lib/python3.12/site-packages/airflow/example_dags/tutorial_objectstorage.py took 0.053 seconds
[2026-05-19T17:56:52.868+0000] {processor.py:161} INFO - Started process (PID=1187) to work on /home/airflow/.local/lib/python3.12/site-packages/airflow/example_dags/tutorial_objectstorage.py
[2026-05-19T17:56:52.870+0000] {processor.py:830} INFO - Processing file /home/airflow/.local/lib/python3.12/site-packages/airflow/example_dags/tutorial_objectstorage.py for tasks to queue
[2026-05-19T17:56:52.871+0000] {logging_mixin.py:188} INFO - [2026-05-19T17:56:52.871+0000] {dagbag.py:545} INFO - Filling up the DagBag from /home/airflow/.local/lib/python3.12/site-packages/airflow/example_dags/tutorial_objectstorage.py
[2026-05-19T17:56:52.878+0000] {processor.py:840} INFO - DAG(s) 'tutorial_objectstorage' retrieved from /home/airflow/.local/lib/python3.12/site-packages/airflow/example_dags/tutorial_objectstorage.py
[2026-05-19T17:56:52.893+0000] {logging_mixin.py:188} INFO - [2026-05-19T17:56:52.893+0000] {dag.py:3096} INFO - Sync 1 DAGs
[2026-05-19T17:56:52.901+0000] {logging_mixin.py:188} INFO - [2026-05-19T17:56:52.901+0000] {dag.py:3954} INFO - Setting next_dagrun for tutorial_objectstorage to None, run_after=None
[2026-05-19T17:56:52.917+0000] {processor.py:183} INFO - Processing /home/airflow/.local/lib/python3.12/site-packages/airflow/example_dags/tutorial_objectstorage.py took 0.054 seconds
[2026-05-19T17:57:58.263+0000] {processor.py:161} INFO - Started process (PID=83) to work on /home/airflow/.local/lib/python3.12/site-packages/airflow/example_dags/tutorial_objectstorage.py
[2026-05-19T17:57:58.265+0000] {processor.py:830} INFO - Processing file /home/airflow/.local/lib/python3.12/site-packages/airflow/example_dags/tutorial_objectstorage.py for tasks to queue
[2026-05-19T17:57:58.270+0000] {logging_mixin.py:188} INFO - [2026-05-19T17:57:58.269+0000] {dagbag.py:545} INFO - Filling up the DagBag from /home/airflow/.local/lib/python3.12/site-packages/airflow/example_dags/tutorial_objectstorage.py
[2026-05-19T17:57:58.298+0000] {processor.py:840} INFO - DAG(s) 'tutorial_objectstorage' retrieved from /home/airflow/.local/lib/python3.12/site-packages/airflow/example_dags/tutorial_objectstorage.py
[2026-05-19T17:57:58.532+0000] {logging_mixin.py:188} INFO - [2026-05-19T17:57:58.531+0000] {dag.py:3096} INFO - Sync 1 DAGs
[2026-05-19T17:57:58.558+0000] {logging_mixin.py:188} INFO - [2026-05-19T17:57:58.557+0000] {dag.py:3954} INFO - Setting next_dagrun for tutorial_objectstorage to None, run_after=None
[2026-05-19T17:57:58.607+0000] {processor.py:183} INFO - Processing /home/airflow/.local/lib/python3.12/site-packages/airflow/example_dags/tutorial_objectstorage.py took 0.355 seconds
[2026-05-19T17:58:28.939+0000] {processor.py:161} INFO - Started process (PID=141) to work on /home/airflow/.local/lib/python3.12/site-packages/airflow/example_dags/tutorial_objectstorage.py
[2026-05-19T17:58:28.940+0000] {processor.py:830} INFO - Processing file /home/airflow/.local/lib/python3.12/site-packages/airflow/example_dags/tutorial_objectstorage.py for tasks to queue
[2026-05-19T17:58:28.942+0000] {logging_mixin.py:188} INFO - [2026-05-19T17:58:28.942+0000] {dagbag.py:545} INFO - Filling up the DagBag from /home/airflow/.local/lib/python3.12/site-packages/airflow/example_dags/tutorial_objectstorage.py
[2026-05-19T17:58:28.949+0000] {processor.py:840} INFO - DAG(s) 'tutorial_objectstorage' retrieved from /home/airflow/.local/lib/python3.12/site-packages/airflow/example_dags/tutorial_objectstorage.py
[2026-05-19T17:58:28.967+0000] {logging_mixin.py:188} INFO - [2026-05-19T17:58:28.967+0000] {dag.py:3096} INFO - Sync 1 DAGs
[2026-05-19T17:58:28.976+0000] {logging_mixin.py:188} INFO - [2026-05-19T17:58:28.976+0000] {dag.py:3954} INFO - Setting next_dagrun for tutorial_objectstorage to None, run_after=None
[2026-05-19T17:58:28.993+0000] {processor.py:183} INFO - Processing /home/airflow/.local/lib/python3.12/site-packages/airflow/example_dags/tutorial_objectstorage.py took 0.058 seconds
